date,close,z_score,max_dd_future,risk_eta
2015-01-05,544.45,0.11824253970059757,-0.045035631081266216,0.810130207426994
2015-01-06,549.66,0.10667162315994375,-0.045035631081266216,0.8067025015915896
2015-01-07,552.05,0.13448002233101355,-0.045035631081266216,0.81492439238617
2015-01-08,553.47,0.18066679484201678,-0.045035631081266216,0.8284397766769815
2015-01-09,569.73,0.03595960316951508,-0.045035631081266216,0.7856050780370423
2015-01-12,574.32,0.0056490010252937695,-0.045035631081266216,0.77651652687484
2015-01-13,580.6,0.013587827522996778,-0.045035631081266216,0.778897941998316
2015-01-14,577.01,0.06685126278094625,-0.045035631081266216,0.7948474002998065
2015-01-15,577.74,0.0817584021503781,-0.045035631081266216,0.7992948600853382
2015-01-16,574.81,0.18464631941071158,-0.045035631081266216,0.8295946709831294
2015-01-19,571.51,-0.2942420983435746,-0.045035631081266216,0.6890114798950762
2015-01-20,572.22,-0.24923963874775315,-0.045035631081266216,0.7015607110306261
2015-01-21,569.12,-0.17542798502713403,-0.045035631081266216,0.7227267641789854
2015-01-22,574.54,-0.2872988824046337,-0.045035631081266216,0.6909278003410508
2015-01-23,582.38,-0.37510542925906837,-0.045035631081266216,0.6672870591207185
2015-01-26,580.64,-0.2809246760227529,-0.045035631081266216,0.6926936426429928
2015-01-27,579.3,-0.25983179599224143,-0.045035631081266216,0.6985803848914423
2015-01-28,583.76,-0.35656046082484344,-0.045035631081266216,0.6721676032120147
2015-01-29,583.28,-0.37863730006174146,-0.044249759978055046,0.6702941634664138
2015-01-30,576.07,-0.19616607133024325,-0.03228774280903366,0.7804548926298626
2015-02-02,570.37,-0.10311301303787271,-0.023068338913039894,0.8538335700436303
2015-02-03,557.47,0.13110206851254344,-0.023068338913039894,0.9237651294973415
2015-02-04,561.45,0.058058000987084205,-0.023801195889338538,0.8983918774061384
2015-02-05,567.17,-0.06335461288916251,-0.03262879128566437,0.8178750482625077
2015-02-06,574.13,-0.1521070436484929,-0.03262879128566437,0.7915726270412853
2015-02-09,573.55,-0.16207229469953682,-0.03615982944419467,0.7710004606191958
2015-02-10,574.52,-0.21148803759300785,-0.04438781458718496,0.7155438198219559
2015-02-11,581.76,-0.2944691154156218,-0.04438781458718496,0.692188033377749
2015-02-12,584.67,-0.36997513421949463,-0.049134729092756374,0.6481353658044146
2015-02-13,587.24,-0.43341451966313643,-0.0548976498609238,0.6030604753314934
2015-02-24,596.95,-0.6062141911490502,-0.06572394610170063,0.5089432647382766
2015-02-25,592.66,-0.5789689585280536,-0.07366878195839374,0.475081397169487
2015-02-26,596.72,-0.674012905469648,-0.08156365029397562,0.4158977375118795
2015-02-27,592.57,-0.6649758650429254,-0.0919402388447508,0.36579921561720274
2015-03-02,590.73,-0.5863488762308309,-0.0919402388447508,0.3821194252084932
2015-03-03,596.72,-0.7709651209802459,-0.1024001065973784,0.3057529097461492
2015-03-04,600.39,-0.7482329377064757,-0.1024001065973784,0.30977193059387564
2015-03-05,596.91,-0.6883501486055716,-0.09716707711380275,0.3350882960392466
2015-03-06,593.97,-0.6914628273660858,-0.09269828442513942,0.3568323005393683
2015-03-09,588.44,-0.5625090226871123,-0.08606654682359326,0.416716270535459
2015-03-10,589.66,-0.5840069173058152,-0.08606654682359326,0.41199577425353795
2015-03-11,586.54,-0.5152169565127782,-0.08431175980833604,0.4362411947928678
2015-03-12,588.53,-0.5100665196409635,-0.08431175980833604,0.43744209310086624
2015-03-13,586.1,-0.42569331532959187,-0.08051527043166704,0.4769088844543952
2015-03-16,580.8,-0.35889984540104625,-0.07365580308030807,0.5284475985440444
2015-03-17,581.76,-0.31764266967332844,-0.07365580308030807,0.5395088272304218
2015-03-18,578.68,-0.24021534139707526,-0.06872537499135963,0.5856633835947296
2015-03-19,573.74,-0.17168459802616715,-0.06348185736132365,0.6315854883439727
2015-03-20,575.44,-0.22376847704220504,-0.06348185736132365,0.6165586351640606
2015-03-23,570.89,-0.1875887459184769,-0.05601779677345902,0.6642853472915942
2015-03-24,567.43,-0.1379284671935016,-0.050261706289762585,0.7075733456049718
2015-03-25,560.93,-0.06164157780926706,-0.03925623518086033,0.7852497370617283
2015-03-26,556.16,0.04480777646134864,-0.03101625431530495,0.8583520723585186
2015-03-27,551.42,0.07702349916391828,-0.02268688114323019,0.9096270570992206
2015-03-30,545.19,-0.0018492190908081802,-0.040892454954954964,0.7949829601303429
2015-03-31,551.13,-0.007796242039659901,-0.040892454954954964,0.793198899998818
2015-04-01,538.91,0.11498399576032363,-0.040892454954954964,0.8298816996449307
2015-04-02,546.85,0.04693297599085898,-0.040892454954954964,0.8096072891764452
2015-04-03,547.85,0.048931972175220065,-0.040892454954954964,0.8102056121201666
2015-04-06,542.97,0.08389504389576818,-0.040892454954954964,0.8206473556575922
2015-04-07,548.11,-0.04530048634846978,-0.04207136824324338,0.7760623015218132
2015-04-08,547.72,-0.038703010278196566,-0.044869087837837836,0.7640494516687697
2015-04-09,550.52,-0.05763586076250353,-0.044869087837837836,0.7583829231888696
2015-04-10,554.03,-0.15354450578968223,-0.05433558558558557,0.6826173340812098
2015-04-13,559.54,-0.2683649040076709,-0.06927435247747749,0.5749974213980389
2015-04-14,558.67,-0.16253485942689985,-0.06927435247747749,0.6052926683117034
2015-04-15,564.5,-0.08374749208941848,-0.06927435247747749,0.6285625631631477
2015-04-16,568.28,-0.12027731366969041,-0.06927435247747749,0.6177180432568417
2015-04-17,568.32,-0.027109006769660646,-0.06927435247747749,0.6454975272324103
2015-04-20,565.04,0.01709815248949337,-0.06507944924615999,0.6797316997154457
2015-04-21,562.24,0.08326214228828711,-0.06507944924615999,0.6995238338909908
2015-04-22,562.51,0.07519651616919096,-0.06507944924615999,0.6971192845816234
2015-04-23,561.25,0.14414491372488747,-0.06507944924615999,0.717549195522249
2015-04-24,565.77,0.07064817216762964,-0.06507944924615999,0.6957620140132665
2015-04-27,562.4,0.19672257491113318,-0.05947724039829291,0.7608808618978034
2015-05-04,545.08,0.34352107251463415,-0.04609475032010234,0.8687114170972171
2015-05-05,552.65,0.21823248277045876,-0.04609475032010234,0.8339760771160921
2015-05-06,549.3,0.28312875693078193,-0.04609475032010234,0.8522657493894877
2015-05-07,552.98,0.3145518213028013,-0.04609475032010234,0.8608979612619226
2015-05-08,554.51,0.29297065975715625,-0.04609475032010234,0.8549862614121672
2015-05-11,551.67,0.2655102196678645,-0.04118404118404103,0.8719124431466837
2015-05-12,544.41,0.32245563770443275,-0.028397714957476762,0.9515291146582648
2015-05-13,542.82,0.42164777604832526,-0.027111037539774518,0.9839401181418965
2015-05-14,543.69,0.449414895308891,-0.027111037539774518,0.9908701912332003
2015-05-15,537.44,0.5927387204248916,-0.015797112235784474,1.0805731783568395
2015-05-18,528.95,0.634696418266072,-0.012313471772931303,1.1068159174287726
2015-05-19,536.82,0.5065287916573402,-0.012975719547128655,1.0752922602998465
2015-05-20,550.1,0.35547985751164973,-0.012975719547128655,1.0374893144978983
2015-05-21,552.56,0.3713456175506552,-0.012975719547128655,1.0416718470912838
2015-05-22,561.82,0.33833307625211506,-0.012975719547128655,1.0329179291493986
2015-05-25,563.0,0.3531800197258878,-0.012975719547128655,1.036879220243254
2015-05-26,567.2,0.26583003449118076,-0.012975719547128655,1.0130435303074183
2015-05-27,566.48,0.27048952102574325,-0.012975719547128655,1.0143454853428382
2015-05-28,572.97,0.12944418455460097,-0.0207547805009427,0.934843902715272
2015-05-29,569.56,0.24617190039911346,-0.0207547805009427,0.968621147260815
2015-06-01,574.98,0.21199738283315464,-0.0207547805009427,0.9588893570532191
2015-06-02,570.31,0.26276877579259555,-0.0207547805009427,0.973291127527
2015-06-03,567.9,0.39745586712120723,-0.0207547805009427,1.0095570980703086
2015-06-04,568.99,0.4629377209905222,-0.0207547805009427,1.0259687495360437
2015-06-05,578.07,0.4049413156824143,-0.0207547805009427,1.011476793411187
2015-06-08,579.83,0.4271686659456295,-0.0207547805009427,1.0171118202431877
2015-06-09,574.47,0.42213553325332104,-0.0207547805009427,1.0158444907486828
2015-06-10,574.1,0.4242453790463597,-0.0207547805009427,1.0163763667371952
2015-06-11,581.05,0.37488808040783245,-0.0207547805009427,1.0037040517642928
2015-06-12,582.73,0.3948993642592563,-0.0207547805009427,1.0088989647307613
2015-06-15,586.48,0.38986298211349946,-0.0207547805009427,1.0075987274653233
2015-06-16,580.35,0.38741748691379724,-0.0207547805009427,1.0069656173410158
2015-06-17,578.87,0.3619348896102709,-0.0207547805009427,1.0003012568696226
2015-06-18,580.35,0.36362473173690685,-0.0207547805009427,1.0007469352791687
2015-06-19,584.7,0.24251610223102343,-0.028417542156601933,0.9292735594522048
2015-06-22,594.08,0.09877785934094135,-0.0345707620285272,0.8566835441230487
2015-06-23,593.07,0.19288334721485673,-0.0345707620285272,0.8843041117444077
2015-06-24,590.02,0.22866254208205067,-0.0345707620285272,0.8945738420018035
2015-06-25,587.99,0.23230091851148596,-0.0345707620285272,0.8956093641030025
2015-06-26,581.75,0.31364785605645373,-0.0345707620285272,0.9182718021755898
2015-06-29,591.75,0.18891366134310913,-0.0345707620285272,0.8831555735921821
2015-06-30,593.05,0.09257134187220041,-0.0345707620285272,0.8548385348206873
2015-07-01,591.5,0.15230569280871384,-0.0345707620285272,0.8724878415637163
2015-07-02,605.7,-0.04823055329894323,-0.0345707620285272,0.8126882327633
2015-07-03,616.43,-0.2636508543182848,-0.045749894314925904,0.6939383931619304
2015-07-06,625.22,-0.40340286452824187,-0.05938718314049079,0.5882070400074004
2015-07-07,630.27,-0.4055746683539764,-0.05938718314049079,0.5876514641604653
2015-07-08,623.17,-0.36736921926496274,-0.05938718314049079,0.5975575476254906
2015-07-09,622.1,-0.3256031728637867,-0.05938718314049079,0.6086947292498993
2015-07-10,627.28,-0.2795921141970809,-0.05938718314049079,0.6213058250155047
2015-07-13,634.06,-0.3589231110344841,-0.05938718314049079,0.5997845457260663
2015-07-14,638.69,-0.4551372519223103,-0.05938718314049079,0.5752302854305594
2015-07-15,630.89,-0.4382721134174631,-0.06483492273313826,0.5521620332323638
2015-07-16,626.9,-0.43725160193980767,-0.07306518112863132,0.5112649805623816
2015-07-17,628.63,-0.5879730374036674,-0.09805495231800594,0.35119436972125484
2015-07-20,620.54,-0.4547519035482051,-0.09805495231800594,0.3819860690462026
2015-07-21,616.61,-0.43214375534605054,-0.09805495231800594,0.38759184291671867
2015-07-22,629.85,-0.6340424784115354,-0.10822081641645419,0.3317511512861787
2015-07-23,632.01,-0.7235253391450196,-0.124571176785321,0.31427353072243325
2015-07-24,631.26,-0.9595922852084072,-0.17078966418027897,0.27677151494210406
2015-07-27,635.46,-1.1100139978605188,-0.17078966418027897,0.25877979819070396
2015-07-28,631.47,-0.9077645730066509,-0.16555022408032063,0.2839827231696427
2015-07-29,624.7,-0.7553381198468972,-0.15902453037968636,0.30850315765302105
2015-07-30,626.57,-0.6358865970761834,-0.15902453037968636,0.3313723169603544
2015-07-31,621.06,-0.6197319258925197,-0.15156345602679291,0.3347175943254843
2015-08-03,609.47,-0.5143438185066733,-0.14254796348428886,0.35800316732013593
2015-08-04,600.76,-0.5109347497538073,-0.14254796348428886,0.3587980428169606
2015-08-05,607.08,-0.5573544953660249,-0.14254796348428886,0.348196417891518
2015-08-06,601.04,-0.5038462320957332,-0.14254796348428886,0.3604590091905999
2015-08-07,603.76,-0.45992849475758973,-0.14254796348428886,0.3709922207402844
2015-08-10,614.53,-0.5531278592032641,-0.14254796348428886,0.34914175831028826
2015-08-11,613.05,-0.5219939053680805,-0.14047793817796267,0.356228765814501
2015-08-12,604.24,-0.44439090999480113,-0.1279458493313916,0.37481676858802293
2015-08-13,594.26,-0.3604685960101305,-0.11330057550567099,0.3963119841525431
2015-08-14,589.03,-0.2729954031626948,-0.10542756735650141,0.4200770430836007
2015-08-17,573.15,-0.0876125285932012,-0.09184447278618468,0.5145609226286008
2015-08-18,580.22,-0.1611533296844452,-0.09184447278618468,0.4928458562948985
2015-08-19,577.82,-0.10927893940355374,-0.08807241009310875,0.5269841470172656
2015-08-20,566.69,0.06575502841221809,-0.07016181686636451,0.6688890426185872
2015-08-21,556.3,0.16768903630992227,-0.05279525435915874,0.7858641480860258
2015-08-24,526.93,0.41239958881455496,-0.02902587279065295,0.9720231090127067
2015-08-25,529.98,0.3580414677978564,-0.02902587279065295,0.9579169582266034
2015-08-26,545.89,0.1975229783798282,-0.02902587279065295,0.9133687269778454
2015-08-27,555.81,0.08002150377711933,-0.02902587279065295,0.878825976790476
2015-08-28,570.87,-0.04728332432242964,-0.02902587279065295,0.8406962004980405
2015-08-31,564.75,0.013347074430097907,-0.02095254710397765,0.8992411490554318
2015-09-01,562.31,0.027415794027281677,-0.02095254710397765,0.9034599426659323
2015-09-03,554.3,0.09383172983625661,-0.02095254710397765,0.9233044601938564
2015-09-04,556.81,0.12268584239868427,-0.02095254710397765,0.9318594578097769
2015-09-07,554.93,0.20738022674501405,-0.02095254710397765,0.9565745415411199
2015-09-08,566.72,0.10743488484027554,-0.02095254710397765,0.9273442957064933
2015-09-09,572.34,0.09233068944294011,-0.02095254710397765,0.9228580272864338
2015-09-10,572.07,0.0984434755978104,-0.02095254710397765,0.9246752728053828
2015-09-11,566.74,0.16487547291601357,-0.02095254710397765,0.9442565306156775
2015-09-14,562.17,0.20211827440587296,-0.02095254710397765,0.95506033022626
2015-09-15,563.27,0.20937185923426033,-0.02095254710397765,0.9571468206888164
2015-09-16,564.13,0.21411317793155293,-0.02095254710397765,0.9585072999724354
2015-09-17,562.48,0.22480985930826586,-0.02095254710397765,0.9615665533839962
2015-09-18,566.25,0.1993983648430933,-0.02095254710397765,0.9542763807943969
2015-09-21,572.12,0.11779412037095258,-0.02095254710397765,0.9304129579737038
2015-09-22,573.2,0.12966374671768344,-0.02095254710397765,0.9339198450481715
2015-09-23,572.72,0.16345498885557816,-0.02013200167621171,0.9479443940732003
2015-09-24,570.25,0.21716968962607863,-0.016112065640450122,0.9835853085961416
2015-09-25,570.38,0.23283511176102392,-0.016112065640450122,0.9880547392403013
2015-09-28,564.88,0.3015336523231836,-0.007349355039437622,1.051067870757015
2015-09-29,561.19,0.3401812051101626,-0.009140160202080633,1.0525909462756882
2015-09-30,562.64,0.39198772114469044,-0.009140160202080633,1.0662209667826876
2015-10-01,563.54,0.38456933844410796,-0.009140160202080633,1.0642999246728402
2015-10-02,564.15,0.3503428510121534,-0.009140160202080633,1.0553030691479564
2015-10-05,570.0,0.36288902675041895,-0.009140160202080633,1.058626066549639
2015-10-06,581.29,0.2717776081237826,-0.009140160202080633,1.0338826370239926
2015-10-07,579.57,0.3217176453002005,-0.009140160202080633,1.0476169586080233
2015-10-08,586.78,0.23147054687408242,-0.009140160202080633,1.0225261907855208
2015-10-09,588.02,0.20436062044030864,-0.009140160202080633,1.0147679290699538
2015-10-12,592.1,0.14408092125395866,-0.01610910627783733,0.962382105875386
2015-10-13,590.84,0.12927003372306728,-0.018937546734289115,0.943878690871792
2015-10-14,589.98,0.1404655917354524,-0.018937546734289115,0.9471769670324965
2015-10-15,592.4,0.1843084758436021,-0.018937546734289115,0.959987112114022
2015-10-16,593.02,0.17161123772764617,-0.018937546734289115,0.956296118985996
2015-10-19,594.61,0.13261972466737268,-0.018937546734289115,0.9448665616419978
2015-10-20,590.45,0.1648287578963269,-0.019246399427809615,0.9527736285564404
2015-10-21,590.24,0.15031275403417738,-0.021587177736597376,0.9368213635169047
2015-10-22,595.08,0.11246945921083948,-0.021587177736597376,0.9256633983642064
2015-10-23,601.74,0.03521857250150696,-0.024691960076725417,0.887101405204971
2015-10-26,598.61,0.012683746207842624,-0.03470528950876152,0.8302784722788414
2015-10-27,598.44,0.001989403236509354,-0.03470528950876152,0.8270703726397952
2015-10-28,596.24,-0.030781140407746252,-0.04028089339705448,0.7893641062347158
2015-10-29,605.2,-0.1377750297348673,-0.05253746870834543,0.6962397009767856
2015-10-30,607.37,-0.22963327309984521,-0.06824018986312934,0.5910949510274632
2015-11-02,602.76,-0.20369739775544557,-0.07277544783640558,0.5758449395290137
2015-11-03,611.71,-0.22958547903748355,-0.07277544783640558,0.5684322692579628
2015-11-04,610.6,-0.22396480378924613,-0.07277544783640558,0.5700346406230634
2015-11-05,615.18,-0.2997491111279285,-0.07277544783640558,0.5487978614196486
2015-11-06,612.36,-0.3549251792202321,-0.07959370305049318,0.4998106285567526
2015-11-09,610.66,-0.28339300035993636,-0.0779524596332226,0.5274249630351959
2015-11-10,605.27,-0.34554803497841907,-0.0779524596332226,0.5105112766737651
2015-11-11,603.53,-0.3446019356746581,-0.0821731804276343,0.48966021751690986
2015-11-12,605.58,-0.35195163958117176,-0.0821731804276343,0.48770253152818427
2015-11-13,611.27,-0.44616185751821824,-0.0821731804276343,0.46351241411652105
2015-11-16,609.21,-0.4218017131774983,-0.0790696147469675,0.4851177686281458
2015-11-17,605.05,-0.5383191739557921,-0.07273779026526732,0.48879667172690505
2015-11-18,603.34,-0.4659290912125287,-0.07183271018760558,0.5103651780743897
2015-11-19,601.9,-0.5167265601626954,-0.07183271018760558,0.49828556466148144
2015-11-20,604.46,-0.5436673139709597,-0.07183271018760558,0.4921087595803202
2015-11-23,599.99,-0.47340920389072977,-0.06491774862914389,0.543126326321587
2015-11-24,593.83,-0.43327506796113363,-0.058183649487997445,0.5866653447487502
2015-11-25,595.7,-0.4500278262085428,-0.058183649487997445,0.5825051891122803
2015-11-26,590.4,-0.3965753254940195,-0.049728997289972925,0.6382505520864505
2015-11-27,582.86,-0.2419130883755462,-0.03743609099955401,0.74162896736574
2015-11-30,573.2,-0.03520938387496628,-0.023293060826572884,0.8729762434510875
2015-12-01,570.41,0.08850217616059568,-0.023293060826572884,0.9100162446880004
2015-12-02,574.42,0.04528067715008407,-0.023293060826572884,0.8971096225429466
2015-12-03,574.38,-0.0071112479307765195,-0.02322504265468859,0.8817414483080688
2015-12-04,571.62,-0.037147235051348405,-0.022833754245406276,0.8746921814401382
2015-12-07,563.62,0.11944525654220384,-0.022833754245406276,0.9214953581152874
2015-12-08,574.15,-0.13491605086704736,-0.024316161877642645,0.8381881791787524
2015-12-09,565.2,-0.05825926838621069,-0.03348002416084233,0.815141845895442
2015-12-10,561.04,-0.02834716389437721,-0.03724221244283379,0.8052870657551158
2015-12-11,563.43,0.019123881627422852,-0.03724221244283379,0.8195254029723117
2015-12-14,562.22,0.017199097238575028,-0.03724221244283379,0.8189481582529129
2015-12-15,568.0,-0.13859861027648526,-0.04559496073863158,0.7307098252856237
2015-12-16,572.55,-0.30845424090158435,-0.06283544740702404,0.596113700022225
2015-12-17,577.11,-0.5573088826558176,-0.09160410734317032,0.3901860615095761
2015-12-18,568.18,-0.32115782220846223,-0.09160410734317032,0.44881342681873676
2015-12-21,566.9,-0.39409844094421437,-0.09160410734317032,0.42951304222747105
2015-12-22,566.35,-0.48392932837289293,-0.09935283458451988,0.36842034089419223
2015-12-23,564.27,-0.4457834891409095,-0.09935283458451988,0.3777077654790881
2015-12-24,566.17,-0.2472199016098131,-0.09935283458451988,0.4305447606519162
2015-12-25,567.67,-0.31424272823748806,-0.09935283458451988,0.41194824820880555
2015-12-28,569.9,-0.2740285931121888,-0.09935283458451988,0.423024991470393
2015-12-29,576.29,-0.36862974834346823,-0.09935283458451988,0.39739805117472765
2015-12-30,579.45,-0.3539121058522526,-0.09935283458451988,0.4012836998731258
2015-12-31,579.03,-0.3815656508927528,-0.09869954924615301,0.39728234162979914
2016-01-04,574.41,-0.3550088098039079,-0.09170336077414423,0.4392401642774285
2016-01-05,569.94,-0.2468854785429289,-0.09170336077414423,0.46888657397826505
2016-01-06,574.57,-0.2805380512335162,-0.09170336077414423,0.45946230030002644
2016-01-07,565.36,-0.12079397270080493,-0.07690674968161883,0.5794032898333739
2016-01-08,560.05,-0.04848655527193852,-0.07510722007585155,0.6099293212575672
2016-01-11,557.87,0.029426520958248957,-0.07510722007585155,0.6332893086887867
2016-01-12,564.26,-0.06409791317009023,-0.07510722007585155,0.6052608173622138
2016-01-13,560.37,0.031505645749246206,-0.06868676053321913,0.6660147650314376
2016-01-14,553.03,0.1447231428751649,-0.0563260582608538,0.7614860501644989
2016-01-15,543.04,0.3566156893926052,-0.03896582203889211,0.9078397595052166
2016-01-18,526.37,0.5695053879201231,-0.02592530376840806,1.0248722631364477
2016-01-19,535.77,0.4809802011830736,-0.02592530376840806,1.0044819643196963
2016-01-20,529.44,0.5093765669679209,-0.01613938560293435,1.0601408643408088
2016-01-21,521.88,0.6177382749290534,-0.01613938560293435,1.0841684685619675
2016-01-22,522.24,0.596481624671996,-0.01613938560293435,1.0796654440199744
2016-01-25,542.35,0.32060220909923354,-0.01613938560293435,1.0123184741151425
2016-01-26,537.73,0.42536985911707337,-0.01613938560293435,1.0397364473229544
2016-01-27,542.69,0.3999082030693415,-0.01613938560293435,1.0332641963357876
2016-01-28,539.47,0.4568577080869565,-0.01613938560293435,1.0475589818314486
2016-01-29,545.25,0.42228054440267043,-0.01613938560293435,1.0389580501321618
2016-02-01,540.56,0.453466419289183,-0.015263009647207872,1.051108221869364
2016-02-02,536.45,0.47018271132620343,-0.015263009647207872,1.0551890308714686
2016-02-03,539.07,0.4600276900087502,-0.015263009647207872,1.052716985540097
2016-02-04,542.15,0.4306734758662193,-0.015263009647207872,1.045450148357822
2016-02-05,544.75,0.41273965657547557,-0.015263009647207872,1.0409238758120627
2016-02-15,543.79,0.4113851804112001,-0.015263009647207872,1.0405794082646596
2016-02-16,548.05,0.3807248953891423,-0.015263009647207872,1.0326860015232162
2016-02-17,547.05,0.39822287367797743,-0.015263009647207872,1.037213159234403
2016-02-18,552.49,0.3071305088642958,-0.015263009647207872,1.0130322621769705
2016-02-19,554.03,0.26055863217485487,-0.015263009647207872,1.0001303415343494
2016-02-22,560.71,0.1849712243766493,-0.015263009647207872,0.9785519949335999
2016-02-23,561.28,0.1968963515717374,-0.015263009647207872,0.9820021803558394
2016-02-24,568.04,0.08181094558472145,-0.015263009647207872,0.9481736253196043
2016-02-25,562.82,0.14907918748286117,-0.0148465283292477,0.9701627111518556
2016-02-26,566.11,0.1296629151230587,-0.0148465283292477,0.964449693591241
2016-02-29,559.37,0.12424735885205665,-0.01895521872734181,0.9423074853626732
2016-03-01,561.56,0.09091519889031922,-0.01895521872734181,0.9324235670290577
2016-03-02,570.18,-0.07027634815731285,-0.031143182681352008,0.8232358215549296
2016-03-03,570.39,-0.08331657205371683,-0.035959672685840625,0.7952643402732575
2016-03-04,573.65,-0.13586530622153925,-0.04046542139971678,0.75716226198224
2016-03-07,576.2,-0.13415952891374874,-0.04046542139971678,0.7576647792029054
2016-03-08,574.71,-0.0846133914962864,-0.04046542139971678,0.7723492809030467
2016-03-09,571.71,0.002859961114728832,-0.04046542139971678,0.7985308789965722
2016-03-10,575.91,-0.059997260296629266,-0.04046542139971678,0.7796952809020259
2016-03-11,577.26,-0.03168550733657641,-0.04046542139971678,0.7881704206576924
2016-03-14,577.98,-0.028164396487178965,-0.04046542139971678,0.7892258074401453
2016-03-15,574.04,-0.004289677958306914,-0.04046542139971678,0.7963859975074469
2016-03-16,577.07,-0.008744582183112885,-0.04046542139971678,0.795049585212261
2016-03-17,579.26,-0.01637012304218029,-0.04046542139971678,0.7927622947298202
2016-03-18,575.82,-0.057882085150467534,-0.034733076308568644,0.8089893594008324
2016-03-21,572.27,-0.04746017738904747,-0.034565413742791595,0.8129455587014784
2016-03-22,570.91,0.025990295377611057,-0.034565413742791595,0.8349682647409273
2016-03-23,574.71,0.11651070615145094,-0.034565413742791595,0.861968836924458
2016-03-24,570.66,0.14682224849786912,-0.034565413742791595,0.8709058099454403
2016-03-25,572.08,0.19022555429815036,-0.034565413742791595,0.8835620714259955
2016-03-28,575.72,0.12037789202217171,-0.034565413742791595,0.863112866456013
2016-03-29,568.28,0.18636717083037788,-0.02472320190907322,0.9316557061605685
2016-03-30,569.91,0.23978872338868965,-0.02472320190907322,0.9469728444640374
2016-03-31,561.22,0.3424396994818411,-0.020401476218397614,0.9968887332023032
2016-04-01,558.43,0.3890525150472492,-0.020401476218397614,1.0091555554523604
2016-04-04,555.82,0.4433356714159964,-0.020401476218397614,1.0229142852573287
2016-04-05,560.32,0.3618609994488192,-0.020401476218397614,1.0020482785725622
2016-04-06,567.79,0.3002923970463999,-0.020401476218397614,0.9854666708074508
2016-04-07,571.6,0.3061576324686222,-0.020401476218397614,0.9870738774511177
2016-04-08,572.34,0.27108927718400505,-0.020401476218397614,0.9773840544988438
2016-04-11,579.27,0.1793037866178963,-0.020401476218397614,0.9512146139457364
2016-04-12,579.84,0.2300762634747675,-0.020401476218397614,0.9658228343965843
2016-04-13,578.02,0.3056485424215002,-0.020401476218397614,0.9869345956244461
2016-04-14,579.49,0.25599846871431053,-0.020401476218397614,0.973157310759763
2016-04-15,579.86,0.20456672014543031,-0.020401476218397614,0.9585206644455323
2016-04-19,568.28,0.2611348432978333,-0.01591036414565835,0.9970551842352873
2016-04-20,568.03,0.2718013239251685,-0.021960784313725532,0.9697861304826122
2016-04-21,575.73,0.16130484996451278,-0.021960784313725532,0.93817215284657
2016-04-22,592.48,-0.0623321326982831,-0.021960784313725532,0.871520618914454
2016-04-25,591.58,-0.11180142308957251,-0.03266906762705077,0.8032532865850991
2016-04-26,598.48,-0.10484285697563349,-0.03266906762705077,0.8053165438395037
2016-04-27,593.96,-0.005528405811030838,-0.03266906762705077,0.8349961570178467
2016-04-28,591.67,0.07812129665812477,-0.03266906762705077,0.8600434900279998
2016-04-29,598.37,-0.006773375259831868,-0.03266906762705077,0.8346226803615321
2016-05-04,599.07,0.03754356414850081,-0.03266906762705077,0.8479124422536897
2016-05-05,601.51,-0.024509192855412074,-0.03266906762705077,0.8293033759229762
2016-05-06,606.52,-0.12190394285135474,-0.03266906762705077,0.8002635648369684
2016-05-09,603.85,-0.03477740365103749,-0.03266906762705077,0.8262256449505226
2016-05-10,605.05,-0.00908840965525743,-0.03266906762705077,0.8339282140352163
2016-05-11,614.06,-0.08248431928172618,-0.03266906762705077,0.8119653333227788
2016-05-12,612.12,-0.07447265404181956,-0.03266906762705077,0.8143540780722172
2016-05-13,610.82,-0.09911117336337724,-0.03266906762705077,0.8070182859842425
2016-05-16,615.78,-0.14748594457691508,-0.03266906762705077,0.7927269244686367
2016-05-17,624.75,-0.22190114206239228,-0.03266906762705077,0.7711558628278248
2016-05-18,622.45,-0.20497846577481085,-0.02909470640212067,0.7938799369112317
2016-05-19,619.2,-0.19569652055212094,-0.023998708010335938,0.822035659614667
2016-05-20,614.81,-0.07449891973174463,-0.01902544118112979,0.882564374151309
2016-05-23,611.03,0.008507809162684501,-0.01902544118112979,0.9074250752630202
2016-05-24,611.62,-0.03121546942809138,-0.01902544118112979,0.8955111937334781
2016-05-25,611.89,0.029889083607840133,-0.01902544118112979,0.9138368499673624
2016-05-26,604.34,-0.00236931464800729,-0.01902544118112979,0.9041620010299967
2016-05-27,608.11,-0.03760538894941643,-0.01902544118112979,0.8935964924265533
2016-05-30,614.5,-0.07996274784618408,-0.01902544118112979,0.8809349678201053
2016-05-31,618.44,-0.055760293721010545,-0.01902544118112979,0.8881620214916054
2016-06-01,619.86,-0.042758058221002426,-0.01902544118112979,0.8920531881641101
2016-06-02,623.37,-0.004878266202604705,-0.01902544118112979,0.903409325842504
2016-06-03,621.88,0.07667828357531503,-0.01902544118112979,0.9278313014929935
2016-06-06,620.05,0.1150056094444767,-0.01902544118112979,0.9392231676250484
2016-06-07,624.65,0.05987551943184337,-0.01902544118112979,0.9228140148222714
2016-06-08,627.87,0.12732278566075464,-0.01902544118112979,0.942864555346262
2016-06-09,631.26,0.06692345360910837,-0.01902544118112979,0.9249199104444219
2016-06-10,629.84,0.015123280413475824,-0.018188432157148056,0.9135944774799368
2016-06-13,623.58,0.15906408699903882,-0.018188432157148056,0.9563786429327642
2016-06-14,625.43,0.283473960248362,-0.018188432157148056,0.991893014748528
2016-06-15,627.02,0.18262447765097473,-0.018188432157148056,0.9632441161951016
2016-06-16,625.11,0.17636606738403876,-0.018188432157148056,0.961425813604439
2016-06-17,619.25,0.3172309439839605,-0.018188432157148056,1.0011581345161962
2016-06-20,626.46,0.1914750968113658,-0.018188432157148056,0.9658085129596662
2016-06-21,628.0,0.09688607594709585,-0.02201090176561206,0.9189207080406513
2016-06-22,626.41,0.11501295624338269,-0.02303294229174066,0.9191878372136966
2016-06-23,632.27,-0.026623368118531363,-0.03740075838369475,0.8050110841853569
2016-06-24,620.77,0.07936315299760353,-0.03824505273136635,0.8325338208978497
2016-06-27,621.27,0.07289622223759029,-0.03929671762057112,0.8253466247005891
2016-06-28,622.2,0.0994794776531794,-0.03929671762057112,0.8332621967885708
2016-06-29,630.12,0.0006939282395885067,-0.03929671762057112,0.8037245903356057
2016-06-30,632.26,-0.07699969671884133,-0.03929671762057112,0.7804620476320172
2016-07-01,640.3,-0.19010702331337534,-0.0396077734328712,0.7456062964314477
2016-07-04,647.96,-0.36285142262619574,-0.057871193269344784,0.6063270831706108
2016-07-05,650.88,-0.42406939104158503,-0.06444780187225974,0.5576550523284171
2016-07-06,649.46,-0.40103633594249233,-0.06444780187225974,0.5635103879938808
2016-07-07,661.12,-0.5448130173215963,-0.07069854248133668,0.49752051062263053
2016-07-08,658.68,-0.4951176755507857,-0.07069854248133668,0.5090266439380535
2016-07-11,652.26,-0.3548741656526388,-0.07069854248133668,0.5442999588877895
2016-07-12,658.9,-0.32858072797175325,-0.07069854248133668,0.5513338110260573
2016-07-13,675.12,-0.38749934346521764,-0.07069854248133668,0.5357465575118887
2016-07-14,666.69,-0.3828823396946679,-0.06846325167037864,0.5481213431293719
2016-07-15,664.56,-0.329662598134859,-0.06846325167037864,0.5622184695279018
2016-07-18,673.5,-0.4114745853707907,-0.06846325167037864,0.5407665366435275
2016-07-19,667.76,-0.2967848112915372,-0.060455852402060625,0.6112104801501274
2016-07-20,660.26,-0.20903247002252195,-0.04978341865325781,0.6892708380838103
2016-07-21,659.57,-0.16667954335905505,-0.04878936276665109,0.7065073046390885
2016-07-22,649.87,-0.10698084191109276,-0.04527193596493898,0.7416679481774382
2016-07-25,649.3,-0.0958060057408185,-0.04527193596493898,0.7449861351089293
2016-07-26,648.59,-0.053036971407873994,-0.04527193596493898,0.7577441308633317
2016-07-27,656.11,-0.15491648178430878,-0.04527193596493898,0.72753362682908
2016-07-28,657.14,-0.08170150503054607,-0.04527193596493898,0.7491842603072467
2016-07-29,652.23,0.0035830058458770743,-0.03808472471367467,0.8106512735855753
2016-08-01,648.38,0.06502909475760286,-0.032372991147166796,0.8576163197334399
2016-08-02,636.05,0.21549716624278445,-0.01361528181746713,0.9955902394137564
2016-08-03,631.61,0.2536129069048886,-0.008063679350162223,1.0341751526302576
2016-08-04,631.94,0.20747725632674366,-0.014941523501771402,0.986657551037708
2016-08-05,627.39,0.24863059582707697,-0.01590501460059591,0.9935642183179823
2016-08-08,629.46,0.2204081131258639,-0.01978862487585791,0.9661289779775701
2016-08-09,637.34,0.1973001152008943,-0.01978862487585791,0.9594906469498612
2016-08-10,648.33,0.07049992478868258,-0.01978862487585791,0.9221718824302709
2016-08-11,660.24,-0.12041765675278472,-0.02204171175310912,0.8538397479122031
2016-08-12,655.71,-0.08638343752492432,-0.02210100351303673,0.8636442195235128
2016-08-15,659.47,-0.1607438827590799,-0.026666469027466923,0.8188555813700819
2016-08-16,658.11,-0.148265855331064,-0.027348324266635114,0.8191017107403857
2016-08-17,660.51,-0.2101162796341194,-0.03456709603782822,0.7650411810615163
2016-08-18,660.65,-0.18558376295606152,-0.03456709603782822,0.7721198815900968
2016-08-19,662.28,-0.14874418380265994,-0.03456709603782822,0.78286747207127
2016-08-22,657.68,-0.04117980551397392,-0.03456709603782822,0.8148175565973164
2016-08-23,659.16,-0.02283320206186175,-0.03456709603782822,0.8203157493647719
2016-08-24,660.77,-0.014798882913650674,-0.03456709603782822,0.8227251790141732
2016-08-25,658.5,0.0424672025669514,-0.03456709603782822,0.8398970272977607
2016-08-26,667.75,-0.00026425442629496423,-0.03456709603782822,0.8270852434848157
2016-08-29,669.44,-0.009379443026258582,-0.03456709603782822,0.8243507694147444
2016-08-30,672.67,-0.015850144412990926,-0.03456709603782822,0.822409874645497
2016-08-31,674.63,-0.04795978278847075,-0.03456709603782822,0.8127876062593737
2016-09-01,669.19,-0.0022326847357339538,-0.026718869080530352,0.8657358502895927
2016-09-05,664.55,0.050042767032469425,-0.023347528790787022,0.8982626665939266
2016-09-06,663.9,0.06088519258684338,-0.023347528790787022,0.9015053770575618
2016-09-07,661.28,0.09559573851095447,-0.023347528790787022,0.9118540351640672
2016-09-08,666.07,0.02457275228032816,-0.023347528790787022,0.8906326983361355
2016-09-09,666.88,-0.06253829171727479,-0.023347528790787022,0.8645252892904911
2016-09-12,659.76,0.05665181715165366,-0.020855420811850846,0.9127002824024719
2016-09-13,659.72,0.0794823641812455,-0.020855420811850846,0.9195175192014591
2016-09-14,656.64,0.13725955988196406,-0.020855420811850846,0.9366440984077762
2016-09-15,656.18,0.15103267993190958,-0.020855420811850846,0.9406912959817688
2016-09-16,651.31,0.1743831132736656,-0.020855420811850846,0.9475139120190521
2016-09-19,657.89,0.08130828819616825,-0.020855420811850846,0.9200617709499632
2016-09-20,663.37,0.07615239372324578,-0.020855420811850846,0.9185245540620595
2016-09-21,668.48,0.004713857011416625,-0.020855420811850846,0.8971370425698624
2016-09-22,671.38,-0.014822660660138737,-0.020855420811850846,0.8912764233846437
2016-09-23,674.09,-0.0905581595031403,-0.020855420811850846,0.8686294700407973
2016-09-26,677.04,-0.11433040043992669,-0.020855420811850846,0.8615724448320756
2016-09-27,684.89,-0.1970092725839804,-0.022180609386113853,0.83074712899943
2016-09-28,686.72,-0.18176281085987922,-0.022180609386113853,0.8351607817052186
2016-09-29,688.55,-0.1627062257780646,-0.022180609386113853,0.8407113098058114
2016-09-30,685.73,-0.1545567921595527,-0.022180609386113853,0.843095623637382
2016-10-03,683.05,-0.12565581990007743,-0.022180609386113853,0.8515973648061134
2016-10-04,684.2,-0.2029264317664936,-0.02538866872795368,0.8130008217447742
2016-10-05,687.04,-0.2485401762870052,-0.030861240546386202,0.7726300222871346
2016-10-06,687.32,-0.22682859208619782,-0.03216769005211277,0.7722565039838547
2016-10-07,683.95,-0.14738616156740653,-0.03216769005211277,0.795263105854429
2016-10-10,674.19,-0.01132787179533286,-0.03216769005211277,0.835763333553396
2016-10-11,682.36,-0.13912629961536516,-0.03216769005211277,0.7976908856982372
2016-10-12,682.45,-0.08706569397586339,-0.03216769005211277,0.8131076416205807
2016-10-13,685.23,-0.13868627426359434,-0.03216769005211277,0.7978203786299968
2016-10-14,687.0,-0.22024711079952064,-0.03216769005211277,0.7741354772049266
2016-10-17,680.95,-0.17007171692024156,-0.03216769005211277,0.7886263311538335
2016-10-18,682.02,-0.18257536108933942,-0.03216769005211277,0.7849895271411282
2016-10-19,688.89,-0.26994581653348193,-0.03216769005211277,0.7600892246601283
2016-10-20,686.39,-0.2285180122179199,-0.02864260842960994,0.7894004756594015
2016-10-21,684.83,-0.19480300720430904,-0.02642991691368664,0.8101377044177037
2016-10-24,678.02,-0.05132676273046207,-0.022748259435690702,0.8708741814788384
2016-10-25,676.18,-0.029427416482232783,-0.022748259435690702,0.8774330253288155
2016-10-26,673.61,-0.0918548692587965,-0.022748259435690702,0.8587794822394242
2016-10-27,676.9,-0.1789317106117647,-0.022748259435690702,0.833144824599547
2016-10-28,682.25,-0.3573218109199691,-0.026157854675332288,0.7663548761953209
2016-10-31,675.8,-0.3568275808708822,-0.036448269805023685,0.7150336629893632
2016-11-01,676.6,-0.28945389712518277,-0.036448269805023685,0.7332690203126682
2016-11-02,671.4,-0.1752438761072105,-0.036448269805023685,0.7657171394391313
2016-11-03,667.63,-0.1000756469987666,-0.036448269805023685,0.787835784093796
2016-11-04,666.73,-0.10052845788172073,-0.036448269805023685,0.78770129836839
2016-11-07,674.14,-0.33151661768528085,-0.04635810059136946,0.672244637132128
2016-11-08,676.46,-0.3291227691968681,-0.04635810059136946,0.6728897992813325
2016-11-09,670.26,-0.17459249013542763,-0.04635810059136946,0.7163575421549548
2016-11-10,678.17,-0.23109082134830433,-0.04635810059136946,0.7000905402533055
2016-11-11,679.2,-0.28259300615619287,-0.04635810059136946,0.6856185176965572
2016-11-14,673.05,-0.2388050117543093,-0.04635810059136946,0.6978994822256901
2016-11-15,674.26,-0.16031163795911854,-0.04635810059136946,0.7205238119921176
2016-11-16,674.6,-0.15112784865018591,-0.04635810059136946,0.7232131882718238
2016-11-17,674.57,-0.04378922911180167,-0.04635810059136946,0.7550811184441826
2016-11-18,673.25,-0.04233978099154947,-0.04635810059136946,0.7555151473777844
2016-11-21,674.29,-0.15351365685620716,-0.04635810059136946,0.7225137989713195
2016-11-22,681.91,-0.20822518290057024,-0.04635810059136946,0.7066293716340657
2016-11-23,683.16,-0.24582108908284445,-0.04635810059136946,0.6959135703356194
2016-11-24,678.18,-0.16128347400090562,-0.03935533339231464,0.755253507429889
2016-11-25,675.87,-0.17135643502519654,-0.036072025685412866,0.768730255198497
2016-11-28,665.29,-0.01612278876975564,-0.022579290065112303,0.8822671321026717
2016-11-29,658.26,0.07771963466428959,-0.022579290065112303,0.910372607909045
2016-11-30,665.07,-0.01642049418863627,-0.022579290065112303,0.8821778441202033
2016-12-01,666.54,-0.01810397095211871,-0.022579290065112303,0.881672951675485
2016-12-02,665.14,0.07891115927134175,-0.020521995369395883,0.9210143552679685
2016-12-05,660.21,0.15170401384438797,-0.018825167367734943,0.9510394183951972
2016-12-06,651.49,0.27926247367190954,-0.018825167367734943,0.9875408669088005
2016-12-07,653.53,0.2800419520149967,-0.018825167367734943,0.9877573354610293
2016-12-08,658.89,0.2281554210466025,-0.018825167367734943,0.9731573479406036
2016-12-09,663.07,0.13876726373563364,-0.018825167367734943,0.9472391694513297
2016-12-12,659.7,0.2726005688310486,-0.018825167367734943,0.985687065124134
2016-12-13,654.66,0.36182988088747914,-0.018825167367734943,1.0099216102979072
2016-12-14,665.14,0.20627208791806542,-0.018825167367734943,0.9668928235435447
2016-12-15,665.92,0.1374309293518512,-0.018825167367734943,0.9468458187366068
2016-12-16,675.16,0.08625398315897473,-0.018825167367734943,0.9316863776978067
2016-12-19,674.33,0.09362984628936877,-0.01761748698708347,0.939919724705441
2016-12-20,662.66,0.256046256023043,-0.01341754467663996,1.0080904045488404
2016-12-21,666.94,0.24203975120086513,-0.01341754467663996,1.0041387122240484
2016-12-22,664.15,0.29145459861458456,-0.01341754467663996,1.0179541991170629
2016-12-23,664.37,0.31871791712578174,-0.01341754467663996,1.025416435210031
2016-12-26,662.45,0.3889619184107245,-0.01341754467663996,1.044051765118497
2016-12-27,663.86,0.4277754626433217,-0.01341754467663996,1.0539504432900229
2016-12-28,663.5,0.41753076635553227,-0.01341754467663996,1.0513667362661105
2016-12-29,664.72,0.39965240836192656,-0.01341754467663996,1.046807729645694
2016-12-30,664.87,0.4049130149437476,-0.01341754467663996,1.04815573526865
2017-01-03,672.01,0.28586727884178464,-0.01341754467663996,1.0164102679388267
2017-01-04,674.7,0.2712936276424974,-0.01341754467663996,1.0123607208582563
2017-01-05,675.81,0.2861552221415979,-0.01341754467663996,1.0164899528201632
2017-01-06,679.8,0.26226154821025305,-0.01341754467663996,1.0098351613119458
2017-01-09,682.57,0.23522233243402133,-0.01341754467663996,1.002205674937164
2017-01-10,681.07,0.28674061319495003,-0.01341754467663996,1.0166519134044156
2017-01-11,687.16,0.1879714327293357,-0.01341754467663996,0.9886487965791088
2017-01-12,686.96,0.2027648661596182,-0.01313031326423661,0.9943577395050699
2017-01-13,685.06,0.2450690858933113,-0.010393250226257396,1.0201171377955989
2017-01-16,677.94,0.38190403518866,-0.005255983248310087,1.0830280450607583
2017-01-17,684.71,0.27771939300549875,-0.005255983248310087,1.0549579885250058
2017-01-18,683.28,0.286683244274692,-0.005255983248310087,1.0574438505812556
2017-01-19,682.31,0.26926523085201126,-0.005255983248310087,1.0526023834619505
2017-01-20,686.26,0.2561629720741317,-0.005255983248310087,1.0489310267123864
2017-01-23,687.15,0.2042432405786748,-0.009269067796610296,1.0140896069917524
2017-01-24,691.36,0.11742609155854646,-0.011039250669045595,0.9798705447200595
2017-01-25,697.28,0.024257577867412623,-0.01384087867975031,0.9380714529085016
2017-02-02,703.18,-0.021086393292585187,-0.01384087867975031,0.9244706260236698
2017-02-03,700.35,0.03577355988174722,-0.01384087867975031,0.9415230987953985
2017-02-06,700.04,0.038929216143888216,-0.01384087867975031,0.9424684753586462
2017-02-07,701.91,0.042073332001325146,-0.01384087867975031,0.9434101637962246
2017-02-08,702.04,0.04103640388387796,-0.01384087867975031,0.9430996219433155
2017-02-09,700.65,0.0037329149590505438,-0.01384087867975031,0.9319154758873048
2017-02-10,703.78,-0.029406308630666258,-0.01384087867975031,0.9219762559874317
2017-02-13,705.9,-0.009477537424906412,-0.01384087867975031,0.9279524305014807
2017-02-14,706.26,-0.05256566915690436,-0.01384087867975031,0.9150404144991989
2017-02-15,711.57,-0.10154075430824568,-0.01384087867975031,0.9004376441702295
2017-02-16,709.35,-0.11343059218070062,-0.01384087867975031,0.8969116271784597
2017-02-17,707.83,-0.04848472841316166,-0.01384087867975031,0.9162615750093176
2017-02-20,710.59,-0.07924807417999374,-0.01384087867975031,0.9070708294666612
2017-02-21,716.55,-0.18454949450571562,-0.01384087867975031,0.8760508599103642
2017-02-22,717.24,-0.10380904059358538,-0.01384087867975031,0.8997642822196671
2017-02-23,716.87,-0.06899927878824284,-0.01384087867975031,0.9101286103970142
2017-02-24,714.47,-0.04196913660117555,-0.01384087867975031,0.9182122528952251
2017-02-27,717.44,-0.1327056768448092,-0.01384087867975031,0.89121597417449
2017-02-28,710.79,-0.07287960741172601,-0.008972927714206061,0.9333101066861736
2017-03-01,709.52,-0.04891941930105061,-0.008972927714206061,0.9404712313962112
2017-03-02,707.51,-0.008766068557453183,-0.008972927714206061,0.9525056082216037
2017-03-03,712.62,-0.0766095828721296,-0.008972927714206061,0.9321973436434291
2017-03-06,716.29,-0.11664913088780655,-0.008972927714206061,0.9202984876891622
2017-03-07,716.54,-0.1522973805046127,-0.008972927714206061,0.9097961464536481
2017-03-08,716.6,-0.14548649893035603,-0.008972927714206061,0.9117947681010817
2017-03-09,715.8,-0.10252976374480915,-0.007865325509918966,0.9300217749278441
2017-03-10,712.21,-0.007497598096687101,-0.006126559615061819,0.967117964641718
2017-03-13,710.17,-0.022056686323467353,-0.007862387704593002,0.9540721284233015
2017-03-14,714.71,-0.1216353870803778,-0.009544254987488572,0.9159670118448515
2017-03-15,713.14,-0.18951469875884022,-0.017611748458288317,0.8557578672459152
2017-03-16,714.92,-0.27545611858038116,-0.02803112138159244,0.7792360664348654
2017-03-17,710.54,-0.14491436029496582,-0.02803112138159244,0.8166718728645774
2017-03-20,715.07,-0.16162827265553037,-0.02803112138159244,0.8117737781733394
2017-03-21,716.18,-0.23717851486603128,-0.02803112138159244,0.7899957008408631
2017-03-22,712.94,-0.2667859187852007,-0.02803112138159244,0.7816549128666603
2017-03-23,719.56,-0.40812571369550465,-0.030000136737177545,0.7339352903164589
2017-03-24,722.14,-0.5014580843695838,-0.03247507964940587,0.6986456743156488
2017-03-27,723.52,-0.4914128406875911,-0.03247507964940587,0.7010234817478895
2017-03-28,719.26,-0.32480302172680797,-0.03247507964940587,0.7434715937676208
2017-03-29,720.47,-0.3233782293294381,-0.03247507964940587,0.7438571019976332
2017-03-30,723.86,-0.3625153985672042,-0.03247507964940587,0.7333962800983573
2017-03-31,722.31,-0.29175623572804715,-0.03247507964940587,0.752499466830987
2017-04-03,722.38,-0.3199187561011126,-0.03247507964940587,0.7447945642965401
2017-04-04,724.14,-0.3420571309966484,-0.03247507964940587,0.7388307986066971
2017-04-05,723.22,-0.26411537401943425,-0.03247507964940587,0.760182381199338
2017-04-07,727.95,-0.313951901117084,-0.03247507964940587,0.7464161994079657
2017-04-10,729.87,-0.32203948045734027,-0.03247507964940587,0.7442196423409204
2017-04-11,731.33,-0.3306851902552172,-0.03247507964940587,0.7418837068293933
2017-04-12,725.58,-0.224212290715198,-0.024807740014884644,0.8098025406179095
2017-04-13,724.35,-0.17838697533649453,-0.023151791261130643,0.8312854788275322
2017-04-14,718.45,-0.03594998984737252,-0.01512979330503167,0.9135706803030428
2017-04-17,710.83,0.08940060907575043,-0.012821407145946316,0.962641921532446
2017-04-18,714.93,0.07261669873120266,-0.012821407145946316,0.95763976235802
2017-04-19,716.77,0.21681524612991487,-0.012821407145946316,0.9999371217180784
2017-04-20,712.66,0.24152763709413091,-0.007128223837453943,1.0354403247712622
2017-04-21,712.41,0.26604463955765073,-0.006779803764685964,1.0440831438872284
2017-04-24,709.39,0.3327090234575109,-0.0043766100662031085,1.074402804828836
2017-04-25,707.58,0.3906909022365711,-0.0043766100662031085,1.089703658469554
2017-04-26,710.04,0.40686445379234926,-0.0043766100662031085,1.093859074970301
2017-04-27,716.53,0.20360579795063838,-0.01077386934673362,1.0063821035291436
2017-04-28,717.73,0.2103984396224933,-0.011296482412060235,1.0057219401410502
2017-05-03,719.54,0.21767836407920668,-0.011296482412060235,1.00780883447832
2017-05-04,722.02,0.1258948606253985,-0.011296482412060235,0.981087765831272
2017-05-05,720.0,0.2391914968185256,-0.011296482412060235,1.0139371697191029
2017-05-08,718.86,0.36942026839038383,-0.011296482412060235,1.0495629448647685
2017-05-09,722.11,0.32766296800173333,-0.011296482412060235,1.0384433746735038
2017-05-10,724.31,0.25733766465712116,-0.011296482412060235,1.0190586917278663
2017-05-11,724.99,0.25015622462253106,-0.011296482412060235,1.0170372410143098
2017-05-12,725.37,0.2635114478070841,-0.011296482412060235,1.020790677366919
2017-05-15,725.35,0.3780470621637518,-0.011296482412060235,1.0518206634664151
2017-05-16,725.03,0.4286810638243379,-0.011296482412060235,1.064783127586661
2017-05-17,727.2,0.3753588328907096,-0.011296482412060235,1.0511186208459826
2017-05-18,726.99,0.40511281995644893,-0.011296482412060235,1.058812138768762
2017-05-19,733.82,0.37692885119710307,-0.011296482412060235,1.051528802872614
2017-05-22,744.1,0.18398827413076346,-0.011296482412060235,0.9980995584325754
2017-05-23,740.93,0.22940153568447544,-0.011296482412060235,1.011155703750359
2017-05-24,742.74,0.1725686026640037,-0.011296482412060235,0.9947803095219283
2017-05-25,741.91,0.2369264369123105,-0.011296482412060235,1.013294752101399
2017-05-26,743.41,0.2313028364614376,-0.011296482412060235,1.011696867055649
2017-05-29,746.25,0.10643007005442999,-0.011296482412060235,0.9753265955309807
2017-05-30,738.21,0.25290588388912877,-0.006485268989799605,1.0418681408623878
2017-05-31,737.82,0.32345862044368795,-0.006485268989799605,1.0613629155060154
2017-06-01,741.8,0.3294615629690848,-0.006485268989799605,1.0629847203469085
2017-06-02,738.81,0.4117719330657393,-0.006485268989799605,1.08456650681625
2017-06-05,743.49,0.2831255385541069,-0.006485268989799605,1.0503122639686857
2017-06-06,751.31,0.1712503671096919,-0.006485268989799605,1.0184523668468382
2017-06-07,753.46,0.1724909168731043,-0.006485268989799605,1.0188137510886517
2017-06-08,750.13,0.13513153077551682,-0.008841755574011319,0.9960857131614635
2017-06-09,749.72,0.05227200107330226,-0.020558359419919545,0.9128755362118031
2017-06-12,751.09,0.05639654558958548,-0.020558359419919545,0.9141092520501988
2017-06-13,756.89,0.024556177470968086,-0.020558359419919545,0.9045735757468947
2017-06-14,760.77,-0.010635494413987364,-0.020558359419919545,0.8940176748728197
2017-06-15,760.57,0.005459360127243239,-0.020558359419919545,0.8988459946673577
2017-06-16,761.24,-0.10800229518938381,-0.020558359419919545,0.8649329085435195
2017-06-19,766.83,-0.23553453769188917,-0.020558359419919545,0.8278261463221878
2017-06-20,767.99,-0.1805533782554451,-0.020558359419919545,0.8436232095960204
2017-06-21,767.41,-0.19519821558945197,-0.020558359419919545,0.8393813258671444
2017-06-22,766.3,-0.2526398290526549,-0.026563598032326025,0.7929624502960197
2017-06-23,769.01,-0.3521516468799422,-0.029272343959624313,0.7521535744315275
2017-06-26,772.52,-0.3077258161878789,-0.029272343959624313,0.7641282474737445
2017-06-27,767.51,-0.11754368165601907,-0.029272343959624313,0.8185366875798599
2017-06-28,769.04,-0.18162965089942648,-0.029272343959624313,0.7997407664942224
2017-06-29,771.75,-0.15669170989707343,-0.029272343959624313,0.807011740226415
2017-06-30,776.47,-0.14662014499767123,-0.029272343959624313,0.8099647458867438
2017-07-03,778.88,-0.1513478574614766,-0.029272343959624313,0.8085774557329872
2017-07-04,775.54,-0.08020021425140453,-0.029272343959624313,0.8296296689249287
2017-07-05,778.32,-0.0901680783677347,-0.029272343959624313,0.8266609282574373
2017-07-06,782.65,-0.15270564348813573,-0.029272343959624313,0.8081793912005713
2017-07-07,775.73,-0.011970225677092125,-0.023846845689322816,0.8771748753573665
2017-07-10,766.56,0.111902424268878,-0.023846845689322816,0.914197071243033
2017-07-11,769.36,-0.1680676728816422,-0.02436379227723278,0.8282301699094764
2017-07-12,774.17,-0.29522042552503874,-0.024653837423390335,0.7906510382818988
2017-07-13,778.3,-0.36268515687904224,-0.02635627632474965,0.7639455191251977
2017-07-14,777.6,-0.2905075965541993,-0.02635627632474965,0.783438037104029
2017-07-17,768.91,-0.21965984631361019,-0.027642563494665782,0.796929033416072
2017-07-18,767.49,-0.16679028665548296,-0.027642563494665782,0.8122089847746733
2017-07-19,771.3,-0.3167756253171332,-0.03201846200408583,0.7479311334844824
2017-07-20,768.41,-0.2600203545565171,-0.03201846200408583,0.7636133187299183
2017-07-21,761.86,-0.13940405033371506,-0.03201846200408583,0.7983552961300624
2017-07-24,759.74,-0.16772080699853834,-0.04000100885268232,0.7501452677655516
2017-07-25,767.27,-0.2229789293081007,-0.04000100885268232,0.7341883057769091
2017-07-26,773.88,-0.2707583645058254,-0.04000100885268232,0.720695849555903
2017-07-27,771.5,-0.20123985385916188,-0.04000100885268232,0.7404249814532319
2017-07-28,777.09,-0.23040091495645462,-0.04000100885268232,0.7320723305945955
2017-07-31,783.55,-0.3658403182451741,-0.04000100885268232,0.6948905747637698
2017-08-01,786.81,-0.3492891459724924,-0.04000100885268232,0.699271464224148
2017-08-02,786.23,-0.28551743045472483,-0.04000100885268232,0.7165937979787468
2017-08-03,788.49,-0.2500820796273585,-0.04000100885268232,0.7264962106602845
2017-08-04,788.68,-0.21197999037936377,-0.04000100885268232,0.7373366862840154
2017-08-07,792.98,-0.26122310830364004,-0.04000100885268232,0.7233631984790396
2017-08-08,791.57,-0.20701070645690944,-0.03829099132104559,0.7473139963345854
2017-08-09,773.66,0.09880401165966372,-0.019209709213187792,0.9334965778195915
2017-08-10,773.43,0.06610979201493589,-0.019209709213187792,0.9237555486456787
2017-08-11,772.08,0.13354054076130467,-0.019209709213187792,0.9437771588621314
2017-08-14,776.17,0.14849387195895516,-0.019209709213187792,0.9481750426370689
2017-08-15,771.06,0.2399204829084006,-0.015913233450108016,0.9910600250252102
2017-08-16,773.57,0.20720056363680087,-0.015913233450108016,0.9817194621133774
2017-08-17,767.59,0.3010673749552417,-0.01002639894924384,1.0375547360712054
2017-08-18,768.97,0.26936162152203036,-0.01002639894924384,1.0287772221994393
2017-08-21,768.79,0.28205931895653663,-0.00979461231285523,1.0334699246405072
2017-08-22,761.26,0.3381438205819628,-0.004877022293190804,1.0733606691599735
2017-08-23,765.98,0.3006151488101138,-0.004877022293190804,1.0631775256135505
2017-08-24,769.77,0.24911995234670892,-0.004877022293190804,1.0488422564570274
2017-08-25,771.63,0.2117908686926144,-0.004877022293190804,1.0382188943473187
2017-08-28,777.26,0.13711591056229294,-0.005075073959919322,1.0155035388671805
2017-08-29,774.03,0.22272824400541263,-0.005075073959919322,1.0403596892890794
2017-08-30,778.65,0.16247942426143214,-0.005075073959919322,1.022944000522633
2017-08-31,782.76,0.07350802999397459,-0.006981321252181646,0.987106168845739
2017-09-01,788.73,-0.04926110764489871,-0.012217312191317916,0.9241470491378659
2017-09-05,792.31,-0.01738273305810943,-0.012217312191317916,0.9336991442981374
2017-09-06,793.55,-0.01712757140826054,-0.012217312191317916,0.9337756700056302
2017-09-07,796.72,-0.020342956660138495,-0.012217312191317916,0.9328113937705833
2017-09-08,801.2,-0.06884117499528336,-0.012217312191317916,0.9182936493906995
2017-09-11,797.47,-0.0012897257378275734,-0.012217312191317916,0.938526521536594
2017-09-12,799.94,0.01786658613979752,-0.012217312191317916,0.9442728446301119
2017-09-13,802.78,0.0030197925225541856,-0.012217312191317916,0.9398193740463936
2017-09-14,806.32,0.0030831432829200502,-0.012217312191317916,0.9398383790975318
2017-09-15,805.82,-0.008725105179728493,-0.012217312191317916,0.9362959739094792
2017-09-18,807.87,0.058249121776003,-0.012217312191317916,0.9563684386672817
2017-09-19,805.93,0.09060770039045989,-0.011311684610905301,0.9705497438267431
2017-09-20,805.86,0.0862536894892132,-0.011311684610905301,0.969253704033236
2017-09-21,803.93,0.09715763981194589,-0.011311684610905301,0.972497500871394
2017-09-22,807.13,-1.492785178888961e-05,-0.011311684610905301,0.9434370985899372
2017-09-25,805.58,0.08741851751861349,-0.010724669151798085,0.9725356078703088
2017-09-26,805.35,0.151372131710121,-0.010724669151798085,0.991444596664122
2017-09-27,803.77,0.15555515446738843,-0.010724669151798085,0.992670405313231
2017-09-28,804.82,0.25011736246428984,-0.010724669151798085,1.0198853487483939
2017-09-29,804.42,0.31848804656593194,-0.010724669151798085,1.0388184039332795
2017-10-02,802.23,0.25288754611259695,-0.010724669151798085,1.0206659760909398
2017-10-03,798.0,0.3403649824728351,-0.010724669151798085,1.0447176133645837
2017-10-04,805.66,0.14358858403858774,-0.014327969711310947,0.9711431015958799
2017-10-05,805.23,0.2750593427640099,-0.014327969711310947,1.0088580273566723
2017-10-06,807.8,0.3088228707635739,-0.014327969711310947,1.0181699034796003
2017-10-09,808.96,0.3023441910867269,-0.014327969711310947,1.0163970715805963
2017-10-10,810.65,0.3513632603272394,-0.014327969711310947,1.0296353511094238
2017-10-11,813.95,0.30495100932534913,-0.014327969711310947,1.0171112219752159
2017-10-12,815.87,0.3726131698655171,-0.014327969711310947,1.0352427438626914
2017-10-13,820.95,0.39916924604369225,-0.014327969711310947,1.0421315252454912
2017-10-16,819.43,0.420615485576084,-0.014327969711310947,1.047594797083346
2017-10-17,828.29,0.2926427381654538,-0.014327969711310947,1.013729762694022
2017-10-18,827.72,0.4407377709740488,-0.014327969711310947,1.0526368892220959
2017-10-19,828.93,0.4360885615067329,-0.014327969711310947,1.0514792574364917
2017-10-20,826.84,0.5886676931142952,-0.014327969711310947,1.0870411679962186
2017-10-23,820.04,0.8480656419853707,-0.014327969711310947,1.135377421037039
2017-10-24,825.24,0.9444919839873309,-0.014327969711310947,1.1495439353420671
2017-10-25,830.69,0.8815254884882355,-0.014327969711310947,1.1405149685724276
2017-10-26,830.11,0.9056010756630064,-0.014327969711310947,1.1440644128642214
2017-10-27,840.37,0.7661431217580278,-0.014327969711310947,1.1217644950644374
2017-10-30,845.2,0.7197114100335623,-0.014327969711310947,1.1133793049875786
2017-10-31,837.28,0.9219149569631924,-0.01141555220657166,1.160962860129744
2017-11-01,842.71,0.8191030081521059,-0.01141555220657166,1.1452966481196962
2017-11-02,833.09,1.0951588003371924,-0.002363351254480175,1.2278092351673813
2017-11-03,843.73,0.9866051326101417,-0.002363351254480175,1.214956549421483
2017-11-06,849.09,0.7458100988990539,-0.017236758004989618,1.1036090084999302
2017-11-07,850.33,0.6943958568613727,-0.023071689243520748,1.0648811200233477
2017-11-08,859.7,0.4515536437406956,-0.0323395393909404,0.965254882462637
2017-11-09,860.4,0.4664794718779519,-0.0323395393909404,0.9689074262001596
2017-11-10,868.21,0.11743251233352708,-0.05419475887095105,0.7640949036232649
2017-11-13,879.34,0.06091740415500459,-0.05419475887095105,0.7472788543741227
2017-11-14,880.9,0.012227440029917528,-0.05419475887095105,0.7326942548523423
2017-11-15,882.59,0.07133223184805103,-0.05419475887095105,0.7503896530324492
2017-11-16,892.8,-0.057833774999345215,-0.05419475887095105,0.7116953912262721
2017-11-17,890.69,0.2057863165498453,-0.05419475887095105,0.7899051496945642
2017-11-20,903.55,-0.022278891030391816,-0.05419475887095105,0.7223436439271204
2017-11-21,918.3,-0.16363809571070884,-0.05419475887095105,0.6803683146199226
2017-11-22,932.66,-0.40264515212893,-0.05419475887095105,0.6143632118358207
2017-11-23,933.7,-0.3453212247398436,-0.05419475887095105,0.6293603090878206
2017-11-24,935.57,-0.30203840130266324,-0.05419475887095105,0.6410731298861908
2017-11-27,938.61,-0.2533189493519116,-0.05419475887095105,0.6546154120503379
2017-11-28,941.21,-0.24970066856971168,-0.05419475887095105,0.6556350259072785
2017-11-29,952.14,-0.2977772375833589,-0.05419475887095105,0.6422430559145216
2017-11-30,949.93,-0.19942851104008713,-0.05419475887095105,0.6699783957837881
2017-12-01,960.33,-0.205410788696225,-0.05419475887095105,0.6682552888507667
2017-12-04,970.02,-0.2474808464168895,-0.05419475887095105,0.6562614565382681
2017-12-05,953.3,0.04767123665766212,-0.03760621000734282,0.8262594972877462
2017-12-06,947.64,0.06318166575579996,-0.031858089569878796,0.8596388704517444
2017-12-07,938.65,0.22977649642842768,-0.024155462899931843,0.9469675624589801
2017-12-08,940.16,0.28546428244993965,-0.024155462899931843,0.9626091309207135
2017-12-11,917.45,0.4888735417055705,-0.012525311567125233,1.0733700180403114
2017-12-12,927.25,0.45142228306997284,-0.012525311567125233,1.0642936686966868
2017-12-13,924.4,0.4863512731950257,-0.012525311567125233,1.072768149017531
2017-12-14,935.85,0.4521374375986873,-0.012525311567125233,1.064469760943213
2017-12-15,935.16,0.4631193038443898,-0.012525311567125233,1.067160376875073
2017-12-18,958.06,0.09388139510983186,-0.027062352487611283,0.8927702023734994
2017-12-19,951.42,0.229691478835901,-0.027062352487611283,0.9324089093683463
2017-12-20,953.51,0.2732268741225735,-0.027062352487611283,0.944675703246483
2017-12-21,946.06,0.4592400309006206,-0.027062352487611283,0.993527621532738
2017-12-22,952.32,0.4083172481106133,-0.027062352487611283,0.9808011198201314
2017-12-25,958.31,0.35657048960849186,-0.027062352487611283,0.9673451352954041
2017-12-26,965.93,0.381226185894254,-0.027062352487611283,0.9738197975336527
2017-12-27,968.46,0.43862501071023374,-0.027062352487611283,0.9884394579797486
2017-12-28,976.72,0.34248871196674857,-0.027062352487611283,0.9635974575108213
2017-12-29,984.24,0.29343182553058067,-0.027062352487611283,0.9502753566513322
2018-01-02,995.77,0.204829845721194,-0.027062352487611283,0.9252920034222025
2018-01-03,1005.67,0.08003250377965254,-0.027062352487611283,0.8886468572620863
2018-01-04,1019.75,0.010008190353562346,-0.027062352487611283,0.8676905944261166
2018-01-05,1012.65,-0.21085307434332892,-0.05999247068946977,0.637702780097789
2018-01-08,1022.9,-0.4629722665874228,-0.09325588899645053,0.40396947779517467
2018-01-09,1033.56,-0.3874718476481903,-0.09325588899645053,0.4229669493636995
2018-01-10,1038.11,-0.4912749987549917,-0.09325588899645053,0.3971522159430865
2018-01-11,1048.17,-0.6647754938865044,-0.10012190312287121,0.32554018807964313
2018-01-12,1050.11,-0.47164807721010854,-0.10012190312287121,0.36814100950559236
2018-01-15,1063.47,-0.47462126954649536,-0.10012190312287121,0.36742230739684434
2018-01-16,1062.96,-0.35227368752648236,-0.10012190312287121,0.3984828730889164
2018-01-17,1034.69,-0.18144754628325846,-0.10012190312287121,0.446155356061847
2018-01-18,1050.25,-0.14537214609995167,-0.10012190312287121,0.4566929970721453
2018-01-19,1062.07,-0.16879377698623313,-0.10012190312287121,0.4498373646856335
2018-01-22,1086.51,-0.2708241017511807,-0.10012190312287121,0.4206825508934383
2018-01-23,1086.51,-0.23836058181410932,-0.10012190312287121,0.42981600382034246
2018-01-24,1086.51,-0.2969606777878127,-0.10012190312287121,0.41344137196244846
2018-01-25,1104.57,-0.3666689815586792,-0.10012190312287121,0.3946775973337415
2018-01-26,1115.64,-0.5809462692130771,-0.10012190312287121,0.3429941426949652
2018-01-29,1109.8,-0.4032769685140822,-0.09600561878691821,0.40514709600662663
2018-01-30,1110.56,-0.4314314443194459,-0.09600561878691821,0.39801683811432514
2018-01-31,1110.36,-0.3752691459575999,-0.09584278972585454,0.4132084639861012
2018-02-01,1099.67,-0.292616019671866,-0.09148990081806986,0.4571882511845116
2018-02-02,1105.04,-0.3108860587326225,-0.09148990081806986,0.4521776069159364
2018-02-05,1048.71,0.05293874473895154,-0.04269054362025725,0.8024140857931026
2018-02-06,1011.6,0.2546383249555306,-0.03518331651530431,0.8988655508349838
2018-02-07,1040.55,0.1147749070624971,-0.03518331651530431,0.8583654858259703
2018-02-08,1023.25,0.22761384103370003,-0.027905446851636078,0.9276016302790007
2018-02-09,1003.94,0.3513427318045878,-0.027905446851636078,0.9617425086605267
2018-02-12,1041.79,0.16697254716585658,-0.027905446851636078,0.9101041467247226
2018-02-13,1059.73,0.13550611329609114,-0.027905446851636078,0.9008775986747786
2018-02-21,1087.15,0.04876136492657766,-0.027905446851636078,0.8750895923888173
2018-02-22,1076.03,0.059186252299518766,-0.027905446851636078,0.8782079374238163
2018-02-23,1102.85,0.0018633605030094244,-0.027905446851636078,0.8610317732457438
2018-02-26,1114.53,-0.03923730140328006,-0.027905446851636078,0.8487076124438601
2018-02-27,1119.61,-0.05353673195963788,-0.027905446851636078,0.8444270731821248
2018-02-28,1124.87,-0.0841820653331193,-0.027905446851636078,0.835277634151826
2018-03-01,1115.79,-0.017564881831867066,-0.024732208952827763,0.8710700325400773
2018-03-02,1121.21,0.018261938791465503,-0.024732208952827763,0.8818169279217822
2018-03-05,1093.48,0.11000555373642348,-0.01601044047903373,0.9528169847905388
2018-03-06,1120.29,0.02787629358443678,-0.01601044047903373,0.9283085201206824
2018-03-07,1112.26,0.04335388318451399,-0.01601044047903373,0.932945820062909
2018-03-08,1124.15,0.01056096538963068,-0.01601044047903373,0.9231159694363147
2018-03-09,1123.41,0.014302150153726807,-0.01601044047903373,0.924238150122259
2018-03-12,1126.29,-0.010250137865488824,-0.01601044047903373,0.9168728639340669
2018-03-13,1133.31,-0.14439072601126823,-0.030905150581651233,0.8024555754473115
2018-03-14,1138.09,-0.13490442357438223,-0.030905150581651233,0.8052466611212774
2018-03-15,1138.76,-0.18347710698435296,-0.0391836124650219,0.7496482548879666
2018-03-16,1150.19,-0.23621461819639047,-0.046366029244476116,0.6985947161764465
2018-03-19,1159.22,-0.2572551351935825,-0.046366029244476116,0.6926519394738757
2018-03-20,1159.39,-0.2755577977966695,-0.054636187755847616,0.6461824338429285
2018-03-21,1169.36,-0.44504063755462203,-0.09108799083307717,0.4192158790681265
2018-03-22,1172.36,-0.37979023050810945,-0.09108799083307717,0.43580246159138925
2018-03-23,1153.59,-0.43837063775080004,-0.10590950985195084,0.3763121129134389
2018-03-26,1171.22,-0.482513939187449,-0.10590950985195084,0.36552359601011863
2018-03-27,1171.73,-0.5822995561961477,-0.13241387327393658,0.3426995642802002
2018-03-28,1172.24,-0.5592759578389059,-0.13241387327393658,0.3477679922631167
2018-03-29,1167.03,-0.5998389299718084,-0.14551659428894076,0.33891951702995193
2018-03-30,1174.46,-0.6259942842547574,-0.14769207775277532,0.3334136587548906
2018-04-02,1196.61,-0.6910964527470174,-0.14769207775277532,0.32039422425543473
2018-04-03,1188.29,-0.5401280848434421,-0.14769207775277532,0.35207452519309546
2018-04-04,1191.54,-0.5470831509727512,-0.14769207775277532,0.35050072924036435
2018-04-05,1193.17,-0.5502741182356813,-0.14769207775277532,0.34978231129861437
2018-04-06,1199.96,-0.6679605681892199,-0.14769207775277532,0.32490897587434864
2018-04-09,1204.33,-0.6244649551826544,-0.14769207775277532,0.33373125885730115
2018-04-10,1198.12,-0.5238603703248911,-0.1432744633258771,0.3557978127860869
2018-04-11,1167.11,-0.3781095971046082,-0.12494245622410526,0.3916806093830445
2018-04-12,1173.02,-0.44352420067296383,-0.12494245622410526,0.3750315854732642
2018-04-13,1157.14,-0.45148792284063205,-0.11293361218175851,0.3730636065663193
2018-04-16,1148.49,-0.3783118643765749,-0.10996462264150939,0.3916278437896731
2018-04-17,1153.28,-0.47109208381002554,-0.11991884017758044,0.36827561726540514
2018-04-18,1138.53,-0.5456515585135645,-0.13405004699041748,0.35082378343576215
2018-04-19,1094.63,-0.3402169104295926,-0.11961316593145567,0.40169869109209055
2018-04-20,1119.86,-0.4247935099886404,-0.11961316593145567,0.3797116980114006
2018-04-23,1076.78,-0.3044073593230865,-0.10811110905490685,0.4113977744048145
2018-04-24,1080.74,-0.4133017781155444,-0.13785924459166868,0.382618225355871
2018-04-26,1044.86,-0.21640576845694945,-0.132044713553796,0.43607309764484814
2018-04-27,1050.26,-0.23199159442856915,-0.132044713553796,0.43162479630046924
2018-05-02,1029.08,-0.07949108076598005,-0.132044713553796,0.47620277821630164
2018-05-03,1026.46,-0.013702867688045368,-0.132044713553796,0.4958893969710677
2018-05-04,1026.8,0.043811872222752055,-0.132044713553796,0.5131351585167423
2018-05-07,1062.26,-0.05852581474817283,-0.132044713553796,0.48246227482500736
2018-05-08,1060.45,-0.030800196319375823,-0.132044713553796,0.49076286186294993
2018-05-09,1056.97,-0.008755377563311741,-0.132044713553796,0.497373453844728
2018-05-10,1028.87,0.047913057498072245,-0.132044713553796,0.514362928126106
2018-05-11,1044.85,-0.047487126514766935,-0.132044713553796,0.48576456087133746
2018-05-14,1066.98,-0.1543665872032557,-0.132044713553796,0.4540543920228136
2018-05-15,1073.5,-0.16909055316418647,-0.132044713553796,0.4497508253789234
2018-05-16,1054.62,-0.1611415897263129,-0.1165064193738028,0.45207165231292734
2018-05-17,1030.64,-0.029202113665452445,-0.10455148288388719,0.49124185530071773
2018-05-18,1040.54,-0.1392397168731769,-0.10455148288388719,0.45849596149422855
2018-05-21,1014.98,-0.08812737167404484,-0.08200161579538515,0.563621941100664
2018-05-22,985.91,0.07906625779659805,-0.07397355200092397,0.6538028125631243
2018-05-23,988.94,0.05867158697609605,-0.07397355200092397,0.6477135470156252
2018-05-24,985.92,0.12759705133448673,-0.07397355200092397,0.668204958575769
2018-05-25,963.9,0.2465006392753005,-0.07397355200092397,0.7026201609373892
2018-05-28,931.75,0.3557194652862626,-0.07397355200092397,0.732563659716803
2018-05-29,952.18,0.21218386463282432,-0.07397355200092397,0.6928490011582151
2018-05-30,948.5,0.1978568028476201,-0.07860291428461431,0.6655798527200418
2018-05-31,971.25,0.0875806192222068,-0.07860291428461431,0.6331926422856966
2018-06-01,992.87,-0.016368038207223483,-0.08841985717310544,0.5529907411458065
2018-06-04,1013.78,-0.23031840554391195,-0.1280148601566861,0.43210085926785
2018-06-05,1022.74,-0.2256506007217836,-0.1280148601566861,0.4334308629947602
2018-06-06,1034.5,-0.31858845288167703,-0.13437662412658083,0.407530989322764
2018-06-07,1036.69,-0.2664696677722788,-0.13437662412658083,0.4218989575965264
2018-06-08,1039.01,-0.2767284895226849,-0.13437662412658083,0.4190376415793101
2018-06-11,1039.02,-0.28533971073970077,-0.13437662412658083,0.41664804000531197
2018-06-12,1020.76,-0.271095454892661,-0.1333003406014381,0.4206068408930489
2018-06-13,1030.53,-0.28094135919949853,-0.1333003406014381,0.4178671682131807
2018-06-14,1015.72,-0.18176268062495024,-0.12134656815968364,0.4460638664433747
2018-06-15,1016.51,-0.18023728193912503,-0.12134656815968364,0.44650681535886483
2018-06-18,987.34,-0.029026085847106732,-0.09829180632395107,0.49983558728963207
2018-06-19,962.16,0.13226510073501255,-0.09829180632395107,0.5479907210441144
2018-06-20,980.95,0.048153891168625555,-0.09829180632395107,0.5229759801667464
2018-06-21,969.4,0.07614295492179751,-0.09829180632395107,0.5313398112170384
2018-06-22,983.17,0.03334677732878397,-0.09829180632395107,0.5185412950407073
2018-06-25,990.52,-0.0015864226942566774,-0.09829180632395107,0.5080650419712281
2018-06-26,983.02,0.003067936544732075,-0.09141217879595534,0.54385948409604
2018-06-27,968.91,0.06943684658901698,-0.07818063597238134,0.6298944597493361
2018-06-28,957.35,0.14864748568636,-0.07038031599325549,0.6923670904126464
2018-06-29,960.78,0.17027145401504123,-0.07038031599325549,0.6986918574873204
2018-07-02,947.15,0.24435971560378295,-0.05700258670749091,0.7868698964805267
2018-07-03,906.01,0.38027170117657866,-0.02653922028097789,0.9761869190108864
2018-07-04,914.99,0.35149060515204755,-0.02653922028097789,0.9686129464754166
2018-07-05,899.4,0.4309398431460009,-0.02653922028097789,0.9891358336074386
2018-07-06,917.51,0.3512589356601204,-0.02653922028097789,0.9685513666286362
2018-07-09,915.12,0.3316377875983499,-0.023996852871754563,0.9760132256461062
2018-07-10,911.12,0.3783511145610896,-0.019712002809728724,1.0098223804893873
2018-07-11,893.16,0.42641822128275025,-0.017362839920760178,1.0338828877935167
2018-07-12,898.51,0.41103772585015846,-0.017362839920760178,1.0299918343217467
2018-07-13,909.72,0.39471129535094196,-0.017362839920760178,1.0258102020954434
2018-07-16,911.11,0.37893023152747596,-0.017362839920760178,1.0217192226144447
2018-07-17,921.27,0.26730284561134243,-0.017362839920760178,0.9915198049146025
2018-07-18,942.39,0.2144592713888718,-0.017362839920760178,0.9765550385281224
2018-07-19,943.97,0.19193295715545808,-0.017362839920760178,0.9700689054224253
2018-07-20,933.39,0.23902428636008544,-0.017275394318541894,0.9839952091320241
2018-07-23,936.74,0.22706830008745146,-0.017275394318541894,0.9805964062377615
2018-07-24,934.08,0.25190914234280054,-0.017275394318541894,0.9876367614964796
2018-07-25,927.58,0.27619824048081437,-0.017275394318541894,0.994437876791421
2018-07-26,930.16,0.26185127866513486,-0.017275394318541894,0.9904309122086354
2018-07-27,935.52,0.25365896672828286,-0.017275394318541894,0.9881295435895203
2018-07-30,949.73,0.246852167460766,-0.017275394318541894,0.9862102423524268
2018-07-31,956.39,0.19584910671903946,-0.017275394318541894,0.9716378940142012
2018-08-01,952.77,0.2369965788668312,-0.017275394318541894,0.9834200964611273
2018-08-02,953.55,0.18500523467115973,-0.017275394318541894,0.9684999333228275
2018-08-03,959.6,0.135303844447979,-0.02217279349143847,0.9294812839127302
2018-08-06,960.23,0.13415501918899375,-0.029687296482210662,0.8915703025308557
2018-08-07,956.79,0.12328031076236204,-0.039957117236265986,0.8370122772482588
2018-08-08,966.27,0.0979038750688739,-0.039957117236265986,0.8294920922309456
2018-08-09,963.5,0.09136057519076272,-0.039957117236265986,0.8275465836851142
2018-08-10,968.47,0.1282364364798671,-0.039957117236265986,0.838475843240366
2018-08-13,978.04,0.06618587095191626,-0.039957117236265986,0.820041232636132
2018-08-14,978.27,0.03712490022985867,-0.039957117236265986,0.811346769937067
2018-08-15,961.37,0.12819707616489,-0.039957117236265986,0.8384642271576358
2018-08-16,964.28,0.09886238014520289,-0.039957117236265986,0.8297768783145348
2018-08-17,968.88,0.07297695567754009,-0.039957117236265986,0.8220687182652412
2018-08-20,969.62,0.039237821321557745,-0.039957117236265986,0.8119797228522215
2018-08-21,979.21,0.05270835448845829,-0.039957117236265986,0.8160122931392874
2018-08-22,982.15,0.02701316671365404,-0.039957117236265986,0.8083163932269889
2018-08-23,987.36,0.06284055868506994,-0.039957117236265986,0.8190418052260139
2018-08-24,987.05,0.09345007964112227,-0.039957117236265986,0.8281681125988799
2018-08-27,991.92,0.09406391246239999,-0.039957117236265986,0.8283506531328216
2018-08-28,995.19,0.11132609855175551,-0.039957117236265986,0.8334749519499444
2018-08-29,988.17,0.1716646717449987,-0.039957117236265986,0.8512138335603204
2018-08-30,998.07,0.10477402219856563,-0.039957117236265986,0.8315321066009417
2018-08-31,989.54,0.174741093792378,-0.03168138731127586,0.8934882665193024
2018-09-04,975.94,0.25038858886275933,-0.018187593499600384,0.9826472045795297
2018-09-05,968.44,0.2823236625610418,-0.010584032051546817,1.0295961346920204
2018-09-06,958.19,0.29335731602373616,-0.014878568218674917,1.0111737440197883
2018-09-07,968.9,0.16809081535086545,-0.026865438346261306,0.9156304272127185
2018-09-10,970.34,0.16158194762151976,-0.026865438346261306,0.9137298824005138
2018-09-11,985.06,0.03505481180897627,-0.028975596412731255,0.8656341559204592
2018-09-12,987.01,-0.2152658548456652,-0.07593638264199606,0.5567177096022256
2018-09-13,987.95,-0.08668726912239204,-0.07593638264199606,0.5943768535678353
2018-09-14,991.34,-0.20818845609936257,-0.07593638264199606,0.5587485152603942
2018-09-17,987.61,-0.11233929637737586,-0.07593638264199606,0.586757359346779
2018-09-18,993.49,-0.09873998195982638,-0.07593638264199606,0.5907919856262245
2018-09-19,995.54,-0.16025446524458672,-0.07593638264199606,0.5726491203504613
2018-09-20,1004.74,-0.26397117916227114,-0.07593638264199606,0.5429162435980055
2018-09-21,1002.97,-0.29811757323358784,-0.07593638264199606,0.533441389494435
2018-09-24,1011.29,-0.40729615667016933,-0.0820030870830973,0.4741322241007273
2018-09-25,1010.74,-0.5167986032707579,-0.09856196635470192,0.3646225513674827
2018-09-26,1009.61,-0.7768986693176377,-0.1108321447412126,0.3047230946020927
2018-09-27,1015.37,-0.8624953721758374,-0.11996639377894136,0.29073766433113934
2018-09-28,1017.13,-1.0273461231346241,-0.131689494148219,0.26814746830468184
2018-10-01,1012.88,-0.9923303599427894,-0.13181649440221951,0.27249372721400844
2018-10-02,1018.79,-0.8678796472053506,-0.13181649440221951,0.2899114306292485
2018-10-03,1020.4,-0.9403118039697415,-0.13181649440221951,0.27939035664129563
2018-10-04,1023.62,-0.9606360038246544,-0.13181649440221951,0.2766318728476078
2018-10-05,1008.39,-0.7770113123840247,-0.11870407282896492,0.3047036211964572
2018-10-08,996.12,-0.6623545466126465,-0.10791114144892038,0.3260215339947454
2018-10-09,996.19,-0.6586785050905114,-0.10791114144892038,0.32675501251583805
2018-10-10,993.96,-0.594977163068471,-0.10590969455511286,0.33996026276303537
2018-10-11,945.89,-0.1723629391437817,-0.08533347056401808,0.5221298252369478
2018-10-12,970.08,-0.3040730348570294,-0.08533347056401808,0.48482197940972793
2018-10-15,951.64,-0.24823558425319897,-0.08533347056401808,0.5003548361558219
2018-10-16,963.37,-0.3522697801146689,-0.08533347056401808,0.47181655826467706
2018-10-17,971.6,-0.42754090064941,-0.08533347056401808,0.4523534000497612
2018-10-18,963.47,-0.38088819274562524,-0.07761528641265424,0.5028799987378766
2018-10-19,958.36,-0.2519947580677374,-0.07269710755874614,0.5624766082616154
2018-10-22,953.51,-0.1967965399556211,-0.06798040922486386,0.6018095378301074
2018-10-23,939.68,-0.06561030053512974,-0.05426315341392804,0.7090293375643943
2018-10-24,922.73,0.06480801787508782,-0.036890531358035356,0.8349625743443372
2018-10-25,910.17,0.10865464257817653,-0.0314483741417282,0.8752268491064923
2018-10-26,900.82,0.18491178796659974,-0.0314483741417282,0.897607937773719
2018-10-29,888.82,0.2818441463164715,-0.0314483741417282,0.9251414351603591
2018-10-30,888.69,0.31727815690147426,-0.0314483741417282,0.9348712533429557
2018-10-31,914.76,0.11542516017285763,-0.0314483741417282,0.8772327119060237
2018-11-01,907.96,0.17060473535211634,-0.0314483741417282,0.8934487020199602
2018-11-02,924.86,0.17034681007691702,-0.0314483741417282,0.8933735303223438
2018-11-05,925.53,0.20482752910365312,-0.0314483741417282,0.903361228527747
2018-11-06,922.05,0.23367464364436552,-0.0314483741417282,0.9116118352900457
2018-11-07,922.16,0.2234937982656211,-0.0314483741417282,0.9087117911624238
2018-11-08,926.28,0.19338417172310904,-0.0314483741417282,0.9000608306781752
2018-11-09,914.29,0.25612419817666143,-0.02284015161416811,0.9609992837137621
2018-11-12,918.12,0.23426846587230574,-0.02284015161416811,0.95482168753924
2018-11-13,907.99,0.3231835631646499,-0.011938457471998625,1.0340225145798263
2018-11-14,900.93,0.37753284692752453,-0.006977347958719989,1.0732821513194737
2018-11-15,897.15,0.370283060883327,-0.009612183754993352,1.058210864670209
2018-11-16,898.19,0.2930616181180315,-0.028742926098535283,0.9417704550233745
2018-11-19,916.06,0.14995909028694357,-0.035400715712383464,0.8676499305887264
2018-11-20,919.02,0.10503208173299275,-0.04373335552596534,0.8127274872674487
2018-11-21,922.56,0.08447205812714582,-0.04477363515312913,0.8014133379367386
2018-11-22,924.42,0.037739306686068036,-0.050994507323568555,0.7563438834077452
2018-11-23,917.97,0.07366329954424547,-0.0548435419440746,0.7478413949305974
2018-11-26,921.03,-0.003571467448310412,-0.06589131158455384,0.6694720063982568
2018-11-27,923.12,-0.06374124172855561,-0.07233064247669771,0.6192502708002854
2018-11-28,930.2,-0.0753816201225904,-0.07233064247669771,0.6157750392079147
2018-11-29,926.79,-0.10826596470316528,-0.07233064247669771,0.6059933101688211
2018-11-30,926.54,-0.0952235175474336,-0.07233064247669771,0.6098657644255292
2018-12-03,951.59,-0.2925641223740279,-0.08640562583222365,0.48262393497869305
2018-12-04,958.84,-0.30327795055338036,-0.08640562583222365,0.4796790167402163
2018-12-05,957.14,-0.2515336392238319,-0.08640562583222365,0.49406394175436563
2018-12-06,954.82,-0.24699567241849749,-0.08640562583222365,0.49534412719328824
2018-12-07,958.59,-0.22052561558781436,-0.08640562583222365,0.5028661770994028
2018-12-10,955.89,-0.20487814752137254,-0.08640562583222365,0.5073542059196865
2018-12-11,954.58,-0.17007355979943595,-0.08640562583222365,0.5174361150775549
2018-12-12,961.28,-0.20842230157653632,-0.08640562583222365,0.5063351037731255
2018-12-13,960.25,-0.15589758892381067,-0.08542567039833374,0.526477618152637
2018-12-14,952.04,-0.11605018201445531,-0.07753875887567743,0.5776466058889597
2018-12-17,933.65,-0.02989283990049217,-0.05936914261232791,0.6941891051837941
2018-12-18,927.25,0.007520347821921481,-0.052876786195740065,0.7378721308370362
2018-12-19,919.24,0.0895571779739698,-0.04462381967712456,0.8036764554748161
2018-12-20,918.24,0.08404110161191714,-0.04358337689492941,0.8072362557788657
2018-12-21,912.26,0.12721137038475205,-0.037313923662113835,0.8513892539409749
2018-12-24,908.56,0.14628408731911166,-0.033393501805054064,0.8766073397916725
2018-12-25,897.94,0.21613040762382216,-0.025077430312718463,0.9384608889263744
2018-12-26,891.75,0.26879336905703227,-0.025077430312718463,0.9533633603298841
2018-12-27,900.81,0.23389873794603785,-0.025077430312718463,0.9435302381370494
2018-12-28,892.54,0.26313866659318985,-0.016044098863916393,0.9969481704722024
2019-01-02,891.75,0.23038616856643646,-0.015172413793103417,0.9920563590195234
2019-01-03,878.22,0.2995411202924411,-0.00856345088382724,1.0444505311476455
2019-01-04,880.9,0.3546572776725481,-0.00856345088382724,1.059332555926987
2019-01-07,889.64,0.3254214040627853,-0.00856345088382724,1.0515029630315653
2019-01-08,887.44,0.4405280910209976,-0.00856345088382724,1.0814073696662234
2019-01-09,896.99,0.38178006612317017,-0.00856345088382724,1.06645845207662
2019-01-10,898.3,0.3914636405186357,-0.00856345088382724,1.0689691456867088
2019-01-11,902.71,0.4290116674457363,-0.00856345088382724,1.078531249771774
2019-01-14,901.8,0.43886768231164247,-0.00856345088382724,1.0809943735596892
2019-01-15,909.68,0.40104317271231965,-0.00856345088382724,1.071435101779649
2019-01-16,908.7,0.4852951244724287,-0.007926369919098612,1.095510429178853
2019-01-17,901.89,0.5231401810186926,-0.007926369919098612,1.1044041426940874
2019-01-18,902.3,0.5315457215865279,-0.007926369919098612,1.1063366788436662
2019-01-21,911.05,0.40674819360713266,-0.007926369919098612,1.0760805878164166
2019-01-22,906.55,0.44265716437649416,-0.007926369919098612,1.0851215117464714
2019-01-23,908.02,0.28344883903084656,-0.029122210713675094,0.9372171601303889
2019-01-24,908.79,0.35418368910681164,-0.029122210713675094,0.9564131322914871
2019-01-25,908.88,0.5333676076156224,-0.029122210713675094,1.0007742754685238
2019-01-28,912.18,0.48359706711873957,-0.029122210713675094,0.9891248720948616
2019-01-29,915.93,0.5234327312377521,-0.029122210713675094,0.9984924631197984
2019-01-30,915.84,0.5230227355995075,-0.029122210713675094,0.9983978254526396
2019-01-31,910.65,0.506641731564452,-0.029122210713675094,0.994586288279762
2019-02-01,908.67,0.5204068738648376,-0.029122210713675094,0.9977931396739774
2019-02-11,926.1,0.4545659048774129,-0.029122210713675094,0.9820824292272541
2019-02-12,937.54,0.3567607364162205,-0.029122210713675094,0.9570962319121552
2019-02-13,945.25,0.32292841067950007,-0.029122210713675094,0.9480346666796988
2019-02-14,952.34,0.21355870451940662,-0.029122210713675094,0.9175000200313936
2019-02-15,950.89,0.2569232537467957,-0.029122210713675094,0.9298135975301813
2019-02-18,961.3,0.12943313493873743,-0.029122210713675094,0.8930034916911394
2019-02-19,964.35,0.0819030368015832,-0.029122210713675094,0.8789050630571027
2019-02-20,970.58,-0.04983792125640856,-0.029727432648785444,0.836423826927351
2019-02-21,987.57,-0.1388580695151172,-0.029727432648785444,0.809971106981815
2019-02-22,988.91,-0.2527200806893827,-0.04130017986677995,0.7192569396468238
2019-02-25,994.43,-0.29389347197862187,-0.04157689798984054,0.7064011858952459
2019-02-26,987.06,-0.21228093347985588,-0.04157689798984054,0.7293709014985057
2019-02-27,990.27,-0.18871620307607415,-0.04157689798984054,0.7361633011142079
2019-02-28,965.47,0.0008441388939664717,-0.04157689798984054,0.7923687516588365
2019-03-01,979.63,-0.0481419549543739,-0.04157689798984054,0.7776840708401433
2019-03-04,993.99,-0.17211163229824478,-0.04157689798984054,0.7409858871048167
2019-03-05,992.45,-0.16873059111454008,-0.04157689798984054,0.7419713007126691
2019-03-06,994.49,-0.13006061001707422,-0.04157689798984054,0.7533158559674529
2019-03-07,994.03,-0.09861050857341752,-0.04157689798984054,0.7626278751472526
2019-03-08,985.25,0.01297115119023167,-0.04157689798984054,0.7960066371819448
2019-03-11,984.6,-0.03794753480244832,-0.04157689798984054,0.7807367109677503
2019-03-12,1001.32,-0.19073897986608568,-0.04157689798984054,0.7355777984491789
2019-03-13,1005.41,-0.20382102294447596,-0.04157689798984054,0.7318020993616936
2019-03-14,1009.56,-0.25361993919323517,-0.04157689798984054,0.7176199810673469
2019-03-15,1004.12,-0.23229430114744795,-0.04157689798984054,0.7236542176273788
2019-03-18,1011.86,-0.3178994113527526,-0.04157689798984054,0.6998336126691929
2019-03-19,1006.59,-0.35275100332983234,-0.04400003973812583,0.678355897098495
2019-03-20,1002.3,-0.35160721145088697,-0.0399082111144368,0.6991189051832012
2019-03-21,981.78,-0.1998591220762893,-0.03534624483740326,0.7640967977966734
2019-03-22,988.71,-0.25795558473499314,-0.03534624483740326,0.7475540768180008
2019-03-25,970.07,-0.06682763036017136,-0.03534624483740326,0.8032502782537402
2019-03-26,969.79,-0.09232372315689501,-0.03534624483740326,0.795650085178387
2019-03-27,975.91,-0.11499150405637805,-0.03534624483740326,0.7889225784267047
2019-03-28,982.98,-0.1974049668897006,-0.03534624483740326,0.7648047429842704
2019-03-29,980.76,-0.21926882804528197,-0.03534624483740326,0.7585224587995456
2019-04-01,988.53,-0.3487951244534379,-0.039686835879546016,0.7009738508235424
2019-04-02,985.81,-0.3522038472424997,-0.04009783872649265,0.69801223279708
2019-04-03,984.46,-0.37994666806831695,-0.04645334616464165,0.6589349238996578
2019-04-04,986.91,-0.4671103612808875,-0.050673643690605036,0.6158733054479497
2019-04-05,989.26,-0.44617594530674975,-0.050673643690605036,0.621006612541261
2019-04-08,997.56,-0.4562590586077523,-0.050673643690605036,0.6185226789949597
2019-04-09,988.48,-0.34679986769134946,-0.04195330203949501,0.6901731537114191
2019-04-10,981.91,-0.21570275139762712,-0.03949490339266702,0.7387999393179594
2019-04-11,985.95,-0.24358510881205883,-0.03949490339266702,0.7308617339988009
2019-04-12,982.9,-0.20568072329560225,-0.0365143961745854,0.7565794491895772
2019-04-16,977.17,-0.10173215825639181,-0.033308154015760885,0.8030444354038772
2019-04-17,972.1,-0.050402487222907986,-0.033308154015760885,0.8183512750582909
2019-04-18,962.3,0.009221660277759676,-0.033308154015760885,0.8362256495870972
2019-04-19,966.21,-0.04179493385281079,-0.033308154015760885,0.8209280454756772
2019-04-22,965.86,-0.10985043389463364,-0.033308154015760885,0.8006360208393712
2019-04-23,968.0,-0.07901783811445322,-0.033308154015760885,0.8098030928820515
2019-04-24,976.92,-0.17584719646347308,-0.033308154015760885,0.7812421872839003
2019-04-25,974.13,-0.1534974467095407,-0.033308154015760885,0.7877682820772381
2019-04-26,979.64,-0.20655014191219376,-0.033308154015760885,0.7723606087716997
2019-05-02,978.5,-0.25174966993655434,-0.03218191108840062,0.7651216429745653
2019-05-03,974.14,-0.2880286201139502,-0.0411901168032579,0.7099536117861109
2019-05-06,957.97,-0.12426910429611666,-0.0411901168032579,0.7569594130489024
2019-05-07,957.56,-0.119938960457507,-0.0411901168032579,0.7582392772378126
2019-05-08,951.22,-0.10054827256121601,-0.0411901168032579,0.7639861786565942
2019-05-09,947.01,-0.015776525956989564,-0.0411901168032579,0.7893168508333155
2019-05-10,952.55,0.0037821140795834163,-0.0411901168032579,0.7951840447975342
2019-05-13,958.54,-0.02433197498224249,-0.0411901168032579,0.786751263710397
2019-05-14,965.34,-0.10805479676657284,-0.0411901168032579,0.7617585535436553
2019-05-15,975.64,-0.1969435603671314,-0.0411901168032579,0.7357185600527885
2019-05-16,975.69,-0.1796613137643362,-0.0411901168032579,0.7407235451434651
2019-05-17,976.48,-0.20603263451648207,-0.0411901168032579,0.7330996231370164
2019-05-20,987.13,-0.29688653437318696,-0.04368218978250079,0.6950508148044268
2019-05-21,986.29,-0.24527189552380924,-0.0428677163917306,0.7135207016926155
2019-05-22,983.78,-0.14057592631285015,-0.04042570493402995,0.7559743193466913
2019-05-23,982.71,-0.12917594460757592,-0.03938089568641821,0.7645568576108739
2019-05-24,970.03,0.005459405400588109,-0.03192362122361917,0.842019699230458
2019-05-27,975.14,-0.06639808881935526,-0.03192362122361917,0.8204916886722655
2019-05-28,972.0,-0.04092559241315729,-0.028796296296296306,0.8437476908496453
2019-05-29,971.54,-0.19931682203538295,-0.02926281985301681,0.7946703002168667
2019-05-30,969.34,-0.10638117142591269,-0.02705964883322675,0.8329072529854438
2019-05-31,959.88,0.12016917839624235,-0.020552497663308716,0.9331157298600327
2019-06-03,946.47,0.21001209255880315,-0.020552497663308716,0.9593309339653368
2019-06-04,951.16,0.16064526353781355,-0.020552497663308716,0.945020750433165
2019-06-05,951.41,0.24126219867091517,-0.020552497663308716,0.9682437898782891
2019-06-06,948.21,0.2679896162131352,-0.020552497663308716,0.9757634656877628
2019-06-07,958.28,0.11289770457195857,-0.020552497663308716,0.9309636547423515
2019-06-10,962.9,0.13256518662414,-0.020552497663308716,0.9367757298919214
2019-06-11,962.07,0.18159509187966158,-0.02050163576881135,0.9513793017352046
2019-06-12,954.17,0.2968152338939442,-0.02050163576881135,0.9840104467577957
2019-06-13,950.08,0.30118773634039925,-0.02050163576881135,0.9852115743796555
2019-06-14,953.61,0.26884633714805245,-0.02050163576881135,0.9762571283070038
2019-06-17,946.95,0.38373272945898357,-0.02050163576881135,1.0072752412082497
2019-06-18,944.01,0.40514494477718643,-0.02050163576881135,1.0127945858968428
2019-06-19,949.69,0.2757217479048116,-0.02050163576881135,0.9781740780644756
2019-06-20,959.18,0.24113597076755203,-0.02050163576881135,0.9684623513365902
2019-06-21,959.2,0.20606932092243588,-0.02050163576881135,0.9584521655607909
2019-06-24,962.85,0.22263447743320586,-0.02050163576881135,0.9632001003046429
2019-06-25,960.13,0.26140688011960383,-0.017726766167081524,0.9880494582592135
2019-06-26,959.13,0.3445732028971627,-0.01670263676456787,1.0159530243235797
2019-06-27,943.11,0.47171763971177666,-0.009217298583058225,1.0857893342520015
2019-06-28,949.94,0.45557233163986277,-0.009217298583058225,1.0818541105708606
2019-07-01,965.61,0.19190487910032325,-0.011944605888129619,0.9971519549651926
2019-07-02,961.98,0.2619587332384488,-0.011944605888129619,1.0171149768272316
2019-07-03,960.39,0.3229516064929145,-0.011944605888129619,1.03392897145207
2019-07-04,973.04,0.15924428129374554,-0.011944605888129619,0.9876504860621316
2019-07-05,975.34,0.03784027464041536,-0.02484117281600104,0.8871408031162706
2019-07-08,966.35,0.04106000522595334,-0.03339880153115422,0.8453170761721461
2019-07-09,969.05,0.009385010647482097,-0.03339880153115422,0.8358214128796903
2019-07-10,973.65,0.04083400526273584,-0.03339880153115422,0.8452493897338652
2019-07-11,978.63,-0.019128328486276748,-0.03339880153115422,0.827268193587982
2019-07-12,975.4,0.0037906795411692474,-0.03339880153115422,0.8341431907596882
2019-07-15,972.53,-0.040412129874104474,-0.03339880153115422,0.820888948940994
2019-07-16,982.11,-0.13995033324569175,-0.03339880153115422,0.791292869841441
2019-07-17,982.57,-0.061515379469657704,-0.03339880153115422,0.8145746216144372
2019-07-18,976.05,0.0027539081302029762,-0.03339880153115422,0.8338321626947295
2019-07-19,982.34,-0.043308548871364635,-0.03339880153115422,0.8200215446761895
2019-07-22,982.04,0.005998962613587243,-0.03339880153115422,0.8348056595398178
2019-07-23,989.46,-0.0030696624509830945,-0.03339880153115422,0.832085096501413
2019-07-24,988.41,0.03964099781728919,-0.03339880153115422,0.8448920663814715
2019-07-25,994.95,-0.05590892883346726,-0.03339880153115422,0.816250767930584
2019-07-26,993.35,-0.11705162727409836,-0.03339880153115422,0.7980500035047684
2019-07-29,997.94,-0.25237329743246645,-0.03339880153115422,0.7588615032332812
2019-07-30,986.02,-0.13183836125422632,-0.03286577968497777,0.7963471640500916
2019-07-31,991.66,-0.1925527167257368,-0.03286577968497777,0.7786087742562656
2019-08-01,997.39,-0.21869012905725488,-0.03286577968497777,0.7710903283963518
2019-08-02,991.1,-0.1778268506904907,-0.026727878115225517,0.8135678621887333
2019-08-05,973.15,-0.005870344175092544,-0.020526241902813738,0.895607707462883
2019-08-06,964.61,0.08187311092184558,-0.020526241902813738,0.9218759892811819
2019-08-07,965.93,0.07749755604703851,-0.02324368770430976,0.9069843958024542
2019-08-08,975.24,-0.008271066775627488,-0.02324368770430976,0.8813002980270338
2019-08-09,974.34,-0.024162745158479167,-0.02707418326213826,0.8573816705258849
2019-08-12,975.31,-0.014687522085682716,-0.028026793413954282,0.8554600931212666
2019-08-13,966.83,0.10668910279578364,-0.028026793413954282,0.8917518745896451
2019-08-14,968.91,0.15688416664581795,-0.028026793413954282,0.9065489135524945
2019-08-15,979.38,0.07454797642091834,-0.028026793413954282,0.8821890884471995
2019-08-16,980.0,0.08706701356079516,-0.028026793413954282,0.8859203339387107
2019-08-19,981.03,0.07963379447236196,-0.028026793413954282,0.8837057989443249
2019-08-20,984.67,0.05179830418686844,-0.028026793413954282,0.8753916412674418
2019-08-21,994.38,-0.08181070459659158,-0.028026793413954282,0.8353774311892941
2019-08-22,997.26,-0.13140296149410957,-0.028026793413954282,0.8206704783521336
2019-08-23,992.45,-0.10851463669205035,-0.023316036072346315,0.8509926102287216
2019-08-26,982.88,-0.06114963768273566,-0.014988923439627665,0.906733322899107
2019-08-27,976.79,0.03074960425438102,-0.014988923439627665,0.934277357684985
2019-08-28,977.26,0.07522743230088413,-0.014988923439627665,0.9475811361847293
2019-08-29,978.59,0.04637466937852905,-0.014988923439627665,0.9389578188049155
2019-08-30,984.06,0.04159218154745006,-0.014988923439627665,0.9375258471700696
2019-09-03,979.36,0.03970685344709439,-0.010261803626858426,0.9605967815270569
2019-09-04,977.63,0.06261238590211424,-0.00982850265770742,0.9696166949106048
2019-09-05,976.79,0.017649584448620276,-0.012004922018027392,0.9452697155145697
2019-09-06,974.08,0.0016531083768035106,-0.016506767774787663,0.9179620931873471
2019-09-09,974.12,0.046580255817449144,-0.016506767774787663,0.9314301400226626
2019-09-10,970.26,0.06444380961563238,-0.016506767774787663,0.9367725848520263
2019-09-11,969.31,0.0630241290649757,-0.016506767774787663,0.9363484061137699
2019-09-12,976.07,0.04336231321917558,-0.016506767774787663,0.930466707846141
2019-09-13,987.22,-0.027692795171896864,-0.016506767774787663,0.9091604456584991
2019-09-16,989.86,-0.05635596628170012,-0.016506767774787663,0.900577247158716
2019-09-17,996.74,-0.10190241798337338,-0.016506767774787663,0.8870008145651231
2019-09-18,995.15,-0.126266281429083,-0.016506767774787663,0.8797863096573334
2019-09-19,997.1,-0.15146983335575778,-0.016506767774787663,0.8723695701088728
2019-09-20,990.36,-0.17626453343058765,-0.016506767774787663,0.8651277192879262
2019-09-23,987.54,-0.10381312508232765,-0.016506767774787663,0.8864336245088039
2019-09-24,988.13,-0.06660284595166721,-0.016506767774787663,0.897514799628049
2019-09-25,987.3,-0.02281048571108309,-0.016506767774787663,0.9106242020369882
2019-09-26,990.75,-0.0405889007447069,-0.016506767774787663,0.9052961733534889
2019-09-27,997.84,-0.08242488207013045,-0.016506767774787663,0.8927945430651117
2019-09-30,996.56,-0.06701158530013494,-0.016506767774787663,0.8973927234869973
2019-10-01,999.59,-0.08696681709115561,-0.016506767774787663,0.8914416925978724
2019-10-02,991.19,-0.003892705405188191,-0.010960722402107768,0.944028582266546
2019-10-03,992.45,0.12975346030253665,-0.010960722402107768,0.9839054348527194
2019-10-04,987.59,0.25047313217614225,-0.010960722402107768,1.018805396622532
2019-10-07,983.09,0.30451667224939283,-0.010960722402107768,1.0338285460120311
2019-10-08,988.22,0.24379074840465464,-0.010960722402107768,1.0169183057075264
2019-10-09,987.83,0.27462123081489115,-0.010960722402107768,1.025572279069379
2019-10-10,987.38,0.26872762880960377,-0.010960722402107768,1.023928536483684
2019-10-11,991.84,0.15594809761195272,-0.010960722402107768,0.9916052079520474
2019-10-14,993.57,0.16936716173712194,-0.010960722402107768,0.9955262133404184
2019-10-15,993.05,0.12929255350830107,-0.01184494248275468,0.9793483563950222
2019-10-16,994.46,0.13327885340654408,-0.012303519333405007,0.9782309829065797
2019-10-17,989.82,0.1631755460000793,-0.014518347952503253,0.9759310266493446
2019-10-18,989.2,0.132365075661387,-0.021465299392141857,0.9321527291625753
2019-10-21,983.56,0.23613467968946347,-0.021465299392141857,0.9622259485287832
2019-10-22,987.19,0.14390984302439697,-0.023758183645393387,0.9240864452048235
2019-10-23,987.79,-0.003910033676934345,-0.03612024470441316,0.818225772352619
2019-10-24,993.6,-0.14430210517222578,-0.045984525470529225,0.7270847409112563
2019-10-25,996.57,-0.1756802654390267,-0.04737976993101839,0.710932671234221
2019-10-28,996.48,-0.1922006307104725,-0.04737976993101839,0.7061406342096341
2019-10-29,995.87,-0.2548928835485832,-0.04737976993101839,0.6882473991855123
2019-10-30,1000.89,-0.44151560741058465,-0.053194914675435,0.6095554450741096
2019-10-31,998.82,-0.4036847273595769,-0.053194914675435,0.6190962258521775
2019-11-01,1015.59,-0.6725988048512839,-0.06400562000565917,0.5039658677215435
2019-11-04,1022.43,-0.8107566572087802,-0.0697427091159225,0.45028421723914747
2019-11-05,1024.34,-0.7084617945503296,-0.0697427091159225,0.46837304692505977
2019-11-06,1024.91,-0.7936958118915627,-0.0697427091159225,0.4531371706566967
2019-11-07,1024.03,-0.7718341185548403,-0.06894329267697238,0.4608851287933277
2019-11-08,1022.49,-0.7145084579948385,-0.06754100284599367,0.47824612956487617
2019-11-11,1016.75,-0.6861544973528977,-0.06373179617609231,0.5026892489668144
2019-11-12,1018.33,-0.6878425522459167,-0.06373179617609231,0.5023627501142243
2019-11-13,1012.77,-0.5323130236191674,-0.058591782931958915,0.5608969277604601
2019-11-14,1012.3,-0.529567138826926,-0.05815469722414305,0.5637114719506329
2019-11-15,1010.03,-0.5380824843732896,-0.05603793946714456,0.5723497705858438
2019-11-18,1002.91,-0.531703480957055,-0.05446521545098435,0.5816692737647877
2019-11-19,1008.35,-0.6873456382783883,-0.05674616948480193,0.5373869270429319
2019-11-20,1000.56,-0.5854406707390349,-0.04940233469257211,0.5950057553009148
2019-11-21,987.89,-0.34439000365346956,-0.03721062061565558,0.7145296098974084
2019-11-22,977.78,-0.17169301731022094,-0.027643456658862944,0.810775039084721
2019-11-25,976.35,-0.14207798252303636,-0.027643456658862944,0.8194438257455019
2019-11-26,976.79,-0.1445255342882968,-0.027643456658862944,0.8187244349341547
2019-11-27,978.17,-0.19103470648520723,-0.027643456658862944,0.8051594428691865
2019-11-28,970.39,-0.04403244182179121,-0.02021117692505795,0.8857429134684671
2019-11-29,970.75,-0.043157397949332627,-0.02021117692505795,0.8860049283342895
2019-12-02,959.31,0.06242512089635829,-0.017600214838303152,0.930702173518045
2019-12-03,953.43,0.17459240982459265,-0.017600214838303152,0.9638508573231837
2019-12-04,965.9,0.002283486826239228,-0.017600214838303152,0.9126839706656771
2019-12-05,963.27,-0.027966033412534112,-0.017600214838303152,0.9036113023214374
2019-12-06,963.56,0.0310617531557522,-0.017600214838303152,0.9213144559724524
2019-12-09,966.06,-0.08250696556930481,-0.019820899222243966,0.8761994274875757
2019-12-10,960.3,0.11439306755516708,-0.019820899222243966,0.9350645113805202
2019-12-11,961.78,0.16836078872339955,-0.019820899222243966,0.9509318653367903
2019-12-12,968.17,0.0692763641723069,-0.019820899222243966,0.921645229626873
2019-12-13,966.18,0.08427312196755876,-0.018299936896769262,0.9337225712147621
2019-12-16,961.47,0.13823916062991717,-0.018299936896769262,0.9497098916312514
2019-12-17,954.03,0.2893330112458801,-0.018299936896769262,0.9929565557565176
2019-12-18,951.13,0.36324669254896974,-0.018299936896769262,1.012921494852409
2019-12-19,952.26,0.35840348514917425,-0.018299936896769262,1.0116424173293102
2019-12-20,956.41,0.4019391339185007,-0.018299936896769262,1.0229823965621745
2019-12-23,959.43,0.40423453806740944,-0.018299936896769262,1.0235702221934548
2019-12-24,958.88,0.13931290640781396,-0.03215460028644625,0.8807525734651251
2019-12-25,960.92,-0.12406669210149512,-0.05531236761947031,0.6864079559483458
2019-12-26,958.59,-0.17169764112858976,-0.06386541060658024,0.629663922302259
2019-12-27,963.51,-0.23888039229411243,-0.06386541060658024,0.6103415605105073
2019-12-30,965.03,-0.30373679443436313,-0.06611461884493582,0.5810083387518734
2019-12-31,960.99,-0.11562456690228247,-0.06611461884493582,0.6348932924761893
2020-01-02,966.67,-0.16539905594495802,-0.06611461884493582,0.6202547715286225
2020-01-03,965.14,-0.2422627233015903,-0.06611461884493582,0.5981373524909313
2020-01-06,955.79,-0.07340827753300508,-0.06611461884493582,0.6474438955037982
2020-01-07,958.88,-0.0778577389976511,-0.06611461884493582,0.6461166659369761
2020-01-08,948.98,0.045751501769892525,-0.06611461884493582,0.6831427876139252
2020-01-09,960.15,-0.08834933610130952,-0.06611461884493582,0.6429908523106224
2020-01-10,968.54,-0.21756312142778897,-0.06611461884493582,0.6051686450470604
2020-01-13,965.84,-0.24748088299955562,-0.06611461884493582,0.596662146339193
2020-01-14,967.0,-0.2710206895650307,-0.06611461884493582,0.5900546057915949
2020-01-15,967.56,-0.18626827577249264,-0.06611461884493582,0.6141838520398926
2020-01-16,974.31,-0.3004396158618776,-0.06611461884493582,0.5819124448849526
2020-01-17,978.96,-0.5919758069905852,-0.0888790268896375,0.39621032328488054
2020-01-20,978.63,-0.5251173908195792,-0.0888790268896375,0.41111287686032966
2020-01-21,986.37,-0.720762463344994,-0.09631250882536865,0.3332230454715263
2020-01-22,991.46,-0.7509477743504569,-0.09631250882536865,0.3277232436408642
2020-01-30,959.58,-0.44638308557972833,-0.08064986765043038,0.4710742518460905
2020-01-31,936.62,-0.2071621742691179,-0.062248206218442674,0.6274843758150025
2020-02-03,928.14,-0.057988904198603024,-0.062248206218442674,0.6713817714589497
2020-02-04,929.09,-0.06115353030668192,-0.062248206218442674,0.6704357455739434
2020-02-05,925.91,0.00016032588302433088,-0.062248206218442674,0.6888070666722819
2020-02-06,938.54,-0.1242153737530986,-0.062248206218442674,0.6516848388566245
2020-02-07,940.75,-0.5287670379708644,-0.1118894499069891,0.3546685867614915
2020-02-10,930.73,-0.4244410662585674,-0.10951355729877217,0.3798004449832578
2020-02-11,934.67,-0.6580687383099822,-0.1352425818553888,0.32687698070401594
2020-02-12,937.68,-0.9920798892045297,-0.1801138301500682,0.27252566069700856
2020-02-13,938.24,-1.0688608814855396,-0.18807554570259213,0.26329049874999844
2020-02-14,937.45,-1.1732202335337654,-0.20281837272019868,0.2524094715479832
2020-02-17,934.77,-1.1711976232113588,-0.20503554944410693,0.2526032839828065
2020-02-18,927.93,-1.1108518623745078,-0.20503554944410693,0.25869100860184513
2020-02-19,928.76,-1.288807414343881,-0.22618400434907734,0.2423558366193912
2020-02-20,938.13,-1.5056317740422147,-0.2434630594906889,0.22815176586453922
2020-02-21,933.09,-1.8826064148891137,-0.28561017693898766,0.2135829907069362
2020-02-24,903.34,-1.5359585215598837,-0.275330614398628,0.2265683766144131
2020-02-25,909.67,-1.3231216448711223,-0.275330614398628,0.23973255809773897
2020-02-26,895.97,-1.1572124633880887,-0.2662726503717555,0.253961192090017
2020-02-27,898.44,-1.159059869340527,-0.2662726503717555,0.2537800213204746
2020-02-28,882.19,-1.2710708149985102,-0.26205908363278135,0.2437737168577654
2020-03-02,884.43,-1.2843912719109993,-0.26205908363278135,0.24270484806113202
2020-03-03,890.61,-1.221061781819337,-0.26205908363278135,0.24800986943790604
2020-03-04,889.37,-1.0602098189838731,-0.26205908363278135,0.264276754912284
2020-03-05,893.31,-0.8224231734431853,-0.26205908363278135,0.2970840185628726
2020-03-06,891.44,-0.7410087514460731,-0.26051108319124117,0.3110737284683611
2020-03-09,835.49,-0.210744158043075,-0.2128835820895522,0.43769639844580766
2020-03-10,837.5,-0.15463952837848025,-0.2128835820895522,0.4539744336096748
2020-03-11,811.35,-0.0074921791210133554,-0.1875146361003266,0.49775238831841195
2020-03-12,769.25,0.26788763106929336,-0.14304842378940522,0.5784974539457395
2020-03-13,761.78,0.3284474579961629,-0.13464517314710275,0.5951375179151304
2020-03-16,747.86,0.44958098291793624,-0.11853822908030912,0.6264663535439123
2020-03-17,745.78,0.47157210020594237,-0.11830243693657536,0.6318406001006367
2020-03-18,747.66,0.48880376592124447,-0.11830243693657536,0.6359799443076661
2020-03-19,725.94,0.6241270014369413,-0.0919221974267846,0.7065874974976031
2020-03-20,709.73,0.6014912520549098,-0.07118199878827157,0.8055229637136924
2020-03-23,666.59,0.7934022996456844,-0.04855903226733321,0.9553044731695004
2020-03-24,659.21,0.8608601483010533,-0.04855903226733321,0.9662150118997488
2020-03-25,690.25,0.6310366348899888,-0.04855903226733321,0.9248345205545374
2020-03-26,694.21,0.5906096035389278,-0.04855903226733321,0.9163050084377378
2020-03-27,696.06,0.5653588541153898,-0.04855903226733321,0.910787633834323
2020-03-30,662.26,0.7202625311674979,-0.03538498308112255,1.0081966529025732
2020-03-31,662.53,0.6983444595701143,-0.04088204586336591,0.9765845372487225
2020-04-01,680.23,0.5921869677747322,-0.04088204586336591,0.9550297731449462
2020-04-03,701.8,0.5350266975015338,-0.04088204586336591,0.9423540126519729
2020-04-06,736.75,0.3884509005756219,-0.04088204586336591,0.906596969085111
2020-04-07,746.69,0.38629825035923276,-0.04088204586336591,0.906039151373565
2020-04-08,748.02,0.42445183570619577,-0.04088204586336591,0.9157920378683047
2020-04-09,760.33,0.3821117203368495,-0.04088204586336591,0.9049517618739287
2020-04-10,757.94,0.3998533001379639,-0.04088204586336591,0.9095368006334075
2020-04-13,765.79,0.3697600036938082,-0.04088204586336591,0.9017243023755672
2020-04-14,767.41,0.3461695515333476,-0.04088204586336591,0.8954820125104419
2020-04-15,777.22,0.3337720074822767,-0.04088204586336591,0.8921615737577102
2020-04-16,780.7,0.344329094999942,-0.04088204586336591,0.8949907914790007
2020-04-17,789.6,0.3330433013285299,-0.04088204586336591,0.8919655692886939
2020-04-20,794.97,0.3418285437631806,-0.04088204586336591,0.8943224299266537
2020-04-21,766.84,0.41525433477296964,-0.01827054309479044,1.0265247692744297
2020-04-22,768.92,0.4303642541926195,-0.01827054309479044,1.0303349874158774
2020-04-23,773.91,0.44076644168264323,-0.01827054309479044,1.0329311473969514
2020-04-24,776.66,0.380930754234824,-0.01827054309479044,1.0177019350756003
2020-04-27,770.77,0.39845860040834835,-0.01340420880650763,1.0465677487172207
2020-04-28,767.21,0.41376127927294615,-0.01340420880650763,1.050477455871287
2020-04-29,769.11,0.44408474172035717,-0.01340420880650763,1.058086320255174
2020-05-04,762.47,0.4575088443762311,-0.01340420880650763,1.0613944591930733
2020-05-05,764.16,0.48033954507117055,-0.01340420880650763,1.0669336057760994
2020-05-06,782.59,0.4096664761064243,-0.01340420880650763,1.0494357915880481
2020-05-07,796.54,0.35089284657704023,-0.01340420880650763,1.0341290945798884
2020-05-08,813.73,0.32061195551426097,-0.01340420880650763,1.0259970009315733
2020-05-11,828.33,0.2666531024613018,-0.01340420880650763,1.0111312966275583
2020-05-12,835.32,0.24309469538115266,-0.01340420880650763,1.004503960109235
2020-05-13,834.21,0.1670313410156073,-0.03625555555555555,0.8683707584419657
2020-05-14,832.4,0.16154094055677234,-0.04053333333333335,0.8453784209506416
2020-05-15,827.03,0.09631583423427492,-0.0750333333333333,0.653639064218426
2020-05-18,837.01,0.12315738808002155,-0.0750333333333333,0.6615948742356921
2020-05-19,845.92,0.09517657677406137,-0.0750333333333333,0.6533004011530745
2020-05-20,852.91,0.06876571011273701,-0.0750333333333333,0.6454305903572362
2020-05-21,862.73,0.04509636428118064,-0.0750333333333333,0.6383530789052942
2020-05-22,852.74,0.09189087270305116,-0.0750333333333333,0.6523232642918297
2020-05-25,859.04,0.050558967365454455,-0.0750333333333333,0.6399881128141622
2020-05-26,869.13,-0.004042483323173951,-0.0750333333333333,0.6236205949424316
2020-05-27,857.48,0.008809206299244936,-0.0750333333333333,0.6274760268639243
2020-05-28,861.39,-0.009610693824028476,-0.0750333333333333,0.6219502139524378
2020-05-29,864.47,-0.07369553105714961,-0.07848888888888887,0.5854868337534642
2020-06-01,878.67,-0.1345699927407259,-0.0832111111111111,0.5438153881535908
2020-06-02,874.8,-0.06895700337092356,-0.0832111111111111,0.5632900707125721
2020-06-03,881.17,-0.09505184456436833,-0.0832111111111111,0.5555144597938857
2020-06-04,883.9,-0.1503028215020604,-0.0832111111111111,0.5391901056852926
2020-06-05,886.22,-0.11866158380332219,-0.0832111111111111,0.5485121158818014
2020-06-08,899.92,-0.19174812361357074,-0.0832111111111111,0.5271147978083426
2020-06-09,899.43,-0.2475504346869757,-0.0832111111111111,0.5111600473535034
2020-06-10,900.0,-0.22349827763689242,-0.0832111111111111,0.5179895037124318
2020-06-11,867.37,-0.12464624329904672,-0.05299100174455968,0.6978435812352963
2020-06-12,863.52,-0.11909397183615107,-0.05299100174455968,0.6994847623160663
2020-06-15,832.47,0.0045444638736629045,-0.05299100174455968,0.7364083210540822
2020-06-16,856.13,-0.11034586143587816,-0.05299100174455968,0.702074941088981
2020-06-17,854.44,-0.10491022663567315,-0.05299100174455968,0.7036868830354472
2020-06-18,855.27,-0.19554466063867995,-0.05299100174455968,0.6771180490625703
2020-06-19,868.56,-0.3002435794693354,-0.05299100174455968,0.6475843397151795
2020-06-22,871.28,-0.2803740130659738,-0.05299100174455968,0.653069630423796
2020-06-23,868.2,-0.2825311350394653,-0.049631421331490476,0.6692690688245377
2020-06-24,859.71,-0.23340007263825377,-0.04024612950878787,0.72999368369082
2020-06-25,854.59,-0.3902223997780198,-0.054366296773605,0.6167029338271881
2020-06-26,851.98,-0.5476561982765468,-0.1045356568548066,0.3503715440395969
2020-06-29,829.36,-0.2805748385551895,-0.1045356568548066,0.41796889302373175
2020-06-30,825.11,-0.32069565309104936,-0.1045356568548066,0.4069592602894908
2020-07-01,843.49,-0.3462252886203907,-0.1045356568548066,0.4000928912235213
2020-07-02,842.38,-0.33710032860401323,-0.1045356568548066,0.4025341294646937
2020-07-03,847.61,-0.2917524429891686,-0.1045356568548066,0.4148759112898709
2020-07-06,861.16,-0.291800439603467,-0.1045356568548066,0.41486267178179836
2020-07-07,863.42,-0.2645449494613161,-0.1045356568548066,0.42243750779734834
2020-07-08,864.5,-0.24881557668986493,-0.1045356568548066,0.42685851069321323
2020-07-09,876.46,-0.30522264955771866,-0.1045356568548066,0.41117457551847036
2020-07-10,871.21,-0.2535500730571277,-0.1045356568548066,0.4255241387719674
2020-07-13,868.72,-0.23445635866499603,-0.1045356568548066,0.4309241726593258
2020-07-14,868.11,-0.20134362869496528,-0.1045356568548066,0.4404001213938826
2020-07-15,869.91,-0.16859031525436804,-0.1045356568548066,0.44989669866055926
2020-07-16,876.83,-0.2895287600250697,-0.1045356568548066,0.41548969226593646
2020-07-17,872.02,-0.2591158223162955,-0.09959633953349696,0.4259777986530352
2020-07-20,861.4,-0.2019727277419976,-0.0888022374635891,0.4962076758774186
2020-07-21,861.69,-0.1774753042155601,-0.0888022374635891,0.5032982697542638
2020-07-22,855.08,-0.1615576961909741,-0.0835482929676102,0.5342085497926584
2020-07-23,856.75,-0.14860041084938627,-0.0835482929676102,0.5380036798191644
2020-07-24,829.16,0.07792548283869867,-0.05305369289401323,0.7580619757149433
2020-07-27,785.17,0.3077514855467116,-0.027687616799449175,0.9510789639378652
2020-07-28,813.36,0.14663942351282416,-0.027687616799449175,0.9052411112851864
2020-07-29,790.84,0.28810797285086254,-0.010081281796386182,1.0337113299126763
2020-07-30,801.13,0.2699770163509347,-0.010081281796386182,1.0286746257218014
2020-07-31,798.39,0.32123825986614185,-0.010081281796386182,1.0427814309305583
2020-08-03,814.65,0.29008421956126923,-0.010081281796386182,1.0342572889702868
2020-08-04,827.57,0.273778177871453,-0.010081281796386182,1.0297346677707357
2020-08-05,837.8,0.2120348098590549,-0.010081281796386182,1.0122675887194612
2020-08-06,840.04,0.15392510071629922,-0.01738995763133735,0.9588664717286199
2020-08-07,841.46,0.14681546235693915,-0.01738995763133735,0.9567810979215727
2020-08-10,843.2,0.14906912104403244,-0.01738995763133735,0.9574426108400951
2020-08-11,843.08,0.15995311512140667,-0.01738995763133735,0.9606310515855518
2020-08-12,846.92,0.15071977053094673,-0.01738995763133735,0.9579268439359299
2020-08-13,855.05,0.14283229763152483,-0.01738995763133735,0.9556108664476965
2020-08-14,850.74,0.15774337228906013,-0.01738995763133735,0.9599845789413606
2020-08-17,850.15,0.17314713537341905,-0.01738995763133735,0.9644814088752325
2020-08-18,846.43,0.1932183226300748,-0.01738995763133735,0.97030497225733
2020-08-19,851.21,0.1798648898120465,-0.01738995763133735,0.9664352236945548
2020-08-20,848.21,0.2241025357840613,-0.01738995763133735,0.9791776452312002
2020-08-21,854.78,0.18892241142295646,-0.01738995763133735,0.969062129099789
2020-08-24,868.68,0.16007984416608118,-0.01738995763133735,0.9606681131988801
2020-08-25,874.12,0.11533172658047805,-0.01738995763133735,0.9474971342351244
2020-08-26,873.47,0.12559862068428784,-0.01738995763133735,0.9505329083365752
2020-08-27,874.71,0.13760628029024796,-0.01738995763133735,0.954073490271617
2020-08-28,878.98,0.0905742692041364,-0.01738995763133735,0.9401484312286326
2020-08-31,881.65,0.09978067653119789,-0.01738995763133735,0.9428854653758327
2020-09-01,891.73,0.08103212545476042,-0.01738995763133735,0.9373067814998715
2020-09-03,903.97,0.009136796441032428,-0.01738995763133735,0.9157911745032346
2020-09-04,901.54,-0.002914005641641063,-0.014741442420746683,0.9254185886781731
2020-09-07,888.25,0.060339901336302286,-0.009336986301369843,0.9713951016650602
2020-09-08,890.14,0.025858090622547954,-0.009336986301369843,0.9610707671646452
2020-09-09,889.32,0.06324963582799936,-0.009336986301369843,0.9722646965455657
2020-09-10,888.82,0.08353548814286683,-0.009336986301369843,0.9783175846393248
2020-09-11,888.97,0.09099684932132156,-0.009336986301369843,0.9805390227524962
2020-09-14,894.57,0.09646056762460438,-0.009336986301369843,0.9821638184790502
2020-09-15,896.26,0.13119615982794247,-0.009336986301369843,0.9924496399500331
2020-09-16,897.47,0.13016409427181874,-0.009336986301369843,0.9921452481557314
2020-09-17,894.04,0.13908745124435987,-0.009336986301369843,0.9947743006684926
2020-09-18,900.95,0.09528728236569298,-0.009336986301369843,0.9818150486014152
2020-09-21,907.94,0.056248929911868695,-0.009336986301369843,0.9701719731253333
2020-09-22,906.19,0.01191284069560248,-0.009336986301369843,0.956888751649428
2020-09-23,912.5,0.013359869721933895,-0.009336986301369843,0.9573227909716244
2020-09-24,908.58,0.11180732755419007,-0.009336986301369843,0.9867181931532765
2020-09-25,908.27,0.07002693222043634,-0.010881551297255723,0.9665660507982523
2020-09-28,912.5,0.0367497369018998,-0.015386055801760152,0.9340896815309271
2020-09-29,903.98,0.0034859799969775523,-0.04183051411688829,0.7918932191784898
2020-09-30,905.21,-0.008343266985645591,-0.04387990762124706,0.7780975398740222
2020-10-01,914.09,-0.03085551783618483,-0.04387990762124706,0.771346743064242
2020-10-02,909.91,0.046115912613323005,-0.04387990762124706,0.7944254366465326
2020-10-05,914.68,0.017718602068359377,-0.04387990762124706,0.7859154863106295
2020-10-06,915.67,0.02625086245977223,-0.04387990762124706,0.7884739121628319
2020-10-07,919.72,-0.006262010126301455,-0.04387990762124706,0.7787218834105658
2020-10-08,918.84,0.0038240032513096735,-0.04387990762124706,0.7817476572773501
2020-10-09,924.0,0.04201562239519457,-0.04387990762124706,0.7931977367755154
2020-10-12,925.83,0.02381102337393353,-0.04387990762124706,0.7877424192107441
2020-10-13,929.86,-0.014601094695367441,-0.04387990762124706,0.7762204447422203
2020-10-14,940.18,-0.04374108825346381,-0.04387990762124706,0.7674864979250351
2020-10-15,942.76,-0.04033819670689224,-0.04387990762124706,0.7685055623232109
2020-10-16,943.3,-0.10389572219180895,-0.04387990762124706,0.7495434114949315
2020-10-19,943.69,-0.08113268520755428,-0.04387990762124706,0.7563139217800365
2020-10-20,944.42,-0.18844256877431312,-0.04387990762124706,0.7247274917791957
2020-10-21,939.03,-0.02358267713177046,-0.04387990762124706,0.77352696999582
2020-10-22,949.9,-0.16303307565728864,-0.04387990762124706,0.7321193194084181
2020-10-23,961.26,-0.2179927178907269,-0.04387990762124706,0.7162192464051111
2020-10-26,950.8,-0.10361787160343186,-0.03336137989061834,0.8022185143674326
2020-10-27,946.47,0.02268403108647126,-0.02893911058987605,0.8621084893753101
2020-10-28,921.05,0.33926267982442687,-0.016040733113247576,1.017842030550726
2020-10-29,919.08,0.4226234632180081,-0.016040733113247576,1.039537810803554
2020-10-30,925.47,0.3158389648754326,-0.016040733113247576,1.0115182325877803
2020-11-02,933.68,0.27553167499284975,-0.016040733113247576,1.0004256911107685
2020-11-03,935.41,0.29980204483986017,-0.016040733113247576,1.0071357682106108
2020-11-04,939.76,0.29339214485580545,-0.016040733113247576,1.0053725180872337
2020-11-05,937.75,0.3340345835311861,-0.016040733113247576,1.0164387416404101
2020-11-06,938.29,0.41110300768014535,-0.016040733113247576,1.0366189835445923
2020-11-09,951.99,0.25621405118629353,-0.016040733113247576,0.995021637809121
2020-11-10,951.9,0.3190645140252119,-0.016040733113247576,1.0123945759169524
2020-11-11,952.22,0.25510781056658755,-0.016040733113247576,0.9947105462748072
2020-11-12,959.28,0.29806449623070513,-0.016040733113247576,1.0066584437439114
2020-11-13,966.29,0.3397580246043886,-0.016040733113247576,1.0179747400603516
2020-11-16,950.79,0.4265268195894838,-0.008288772566230241,1.0792805294084489
2020-11-17,968.9,0.36508719053729133,-0.008288772566230241,1.0634622600542132
2020-11-18,973.53,0.2493915878872715,-0.014264426095839723,1.001981867766599
2020-11-19,983.26,0.2545305081767851,-0.014264426095839723,1.0034296669203164
2020-11-20,990.0,0.27852803359190015,-0.014264426095839723,1.0101405281918898
2020-11-23,994.19,0.26740458177563525,-0.014264426095839723,1.0070403132158972
2020-11-24,995.76,0.2347284323084027,-0.014264426095839723,0.9978309868066861
2020-11-25,999.94,0.16087682490746327,-0.014703031981171316,0.974335782390805
2020-11-26,1005.97,0.24386677049733496,-0.014703031981171316,0.9982282605151964
2020-11-27,1010.22,0.2426900301798868,-0.014703031981171316,0.9978953342901429
2020-11-30,1003.08,0.3289588331171899,-0.014703031981171316,1.0217603197218115
2020-12-01,1008.87,0.2699490136617509,-0.014703031981171316,1.0055580576784164
2020-12-02,1014.32,0.25770245898948196,-0.014703031981171316,1.00212843381754
2020-12-03,1019.8,0.3074695761694243,-0.014703031981171316,1.015924838819943
2020-12-04,1021.49,0.3645325950303204,-0.014703031981171316,1.0312449009723685
2020-12-07,1029.98,0.3659684185665078,-0.014703031981171316,1.0316229325988882
2020-12-08,1029.26,0.45238776522490926,-0.014703031981171316,1.0536427717558232
2020-12-09,1039.13,0.4305427965072765,-0.014703031981171316,1.0482172896499082
2020-12-10,1030.91,0.5813411985522917,-0.014703031981171316,1.083576707287153
2020-12-11,1045.96,0.5025755510211151,-0.014703031981171316,1.0657269244281866
2020-12-14,1064.09,0.3290832569646844,-0.014703031981171316,1.021793880725883
2020-12-15,1055.27,0.3954290704910645,-0.014703031981171316,1.039294176325506
2020-12-16,1066.99,0.3513331089348858,-0.014703031981171316,1.027752025103383
2020-12-17,1051.77,0.4333534932119769,-0.014703031981171316,1.0489208573087074
2020-12-18,1067.46,0.015445000171009988,-0.05292245854965671,0.7400208389007352
2020-12-21,1081.08,-0.05482564904211947,-0.05292245854965671,0.7189564725263979
2020-12-22,1083.45,0.05868849762812746,-0.05292245854965671,0.752974070038819
2020-12-23,1078.9,0.10636187179852076,-0.05292245854965671,0.7671764852329068
2020-12-24,1067.52,0.20120960095267443,-0.05292245854965671,0.794948963460473
2020-12-25,1084.42,-0.07312598531170192,-0.05292245854965671,0.7134889316584803
2020-12-28,1091.33,-0.30212617501431105,-0.08125104672584155,0.5057676224340659
2020-12-29,1099.49,-0.7274100265248428,-0.14257243342823647,0.31355651802175155
2020-12-30,1097.54,-0.5264579630349772,-0.14257243342823647,0.3551993337313082
2020-12-31,1103.87,-0.6831993613923656,-0.14257243342823647,0.32192138606170007
2021-01-04,1120.47,-0.5615600960474557,-0.14257243342823647,0.3472597872367278
2021-01-05,1132.55,-0.4526643146106361,-0.14257243342823647,0.37277401671995525
2021-01-06,1143.21,-0.5071861786843012,-0.14257243342823647,0.35967502739728063
2021-01-07,1156.49,-0.49894398165808374,-0.14257243342823647,0.361614125344664
2021-01-08,1167.69,-0.7717156651988785,-0.14257243342823647,0.3056222083003449
2021-01-11,1184.89,-0.7112187742241343,-0.14257243342823647,0.3165678423707189
2021-01-12,1192.28,-0.5603663006694493,-0.14257243342823647,0.34752525128711764
2021-01-13,1186.05,-0.43204185735521544,-0.14257243342823647,0.3778921084014578
2021-01-14,1187.4,-0.4588119923455182,-0.14257243342823647,0.37126536263405074
2021-01-15,1194.2,-0.47427449556919987,-0.14257243342823647,0.3675060351101346
2021-01-18,1191.94,-0.42780694024974747,-0.14094669194758125,0.3789539273266559
2021-01-19,1131.0,-0.11664324711123802,-0.12242239325322676,0.46516486759236286
2021-01-20,1134.68,-0.1301297857401311,-0.12242239325322676,0.4611799405091431
2021-01-21,1164.21,-0.3188707308006753,-0.12242239325322676,0.4074543580245542
2021-01-22,1166.78,-0.26919823476344223,-0.12242239325322676,0.42113640986058243
2021-01-25,1166.05,-0.2528406901534568,-0.12187299000900467,0.42572387311253823
2021-01-26,1136.12,-0.08012138818440351,-0.09873956976375721,0.4823170364178651
2021-01-27,1097.17,0.046801222837919355,-0.06674444252030225,0.680307912096636
2021-01-28,1023.94,0.3237896318571737,-0.03880522845657596,0.8998527065979125
2021-01-29,1056.61,0.18061667324447064,-0.03880522845657596,0.8595772335031542
2021-02-01,1035.51,0.24235418044174226,-0.03880522845657596,0.8772892982358229
2021-02-02,1075.53,0.11883729645141783,-0.03880522845657596,0.8414581636668765
2021-02-03,1111.29,0.018378660257681624,-0.03880522845657596,0.8114868350928099
2021-02-04,1112.19,0.015267737189579494,-0.03880522845657596,0.8105538230104214
2021-02-05,1126.91,-0.020077468998851628,-0.03880522845657596,0.7999514262193228
2021-02-08,1083.18,0.11590161976125077,-0.021045536880239284,0.9293879407878208
2021-02-09,1114.93,0.010044134628572154,-0.021045536880239284,0.897785454661573
2021-02-17,1155.78,-0.0678310108223302,-0.021045536880239284,0.874454164380893
2021-02-18,1174.38,-0.1334463279010852,-0.021045536880239284,0.8549743767767487
2021-02-19,1173.5,-0.12120185744928608,-0.021045536880239284,0.858588762566196
2021-02-22,1175.04,-0.14313831800063215,-0.021045536880239284,0.8521217065523425
2021-02-23,1177.64,-0.19375436451608355,-0.03258281013206331,0.7796762495687415
2021-02-24,1162.01,-0.14277877088180035,-0.03258281013206331,0.7945410296835125
2021-02-25,1165.43,-0.15109450380058528,-0.03258281013206331,0.7920994190313251
2021-02-26,1168.47,-0.12525839532684224,-0.03258281013206331,0.7997037313860452
2021-03-01,1186.17,-0.149846024114723,-0.03258281013206331,0.7924656091097838
2021-03-02,1186.61,-0.14686288777634898,-0.03258281013206331,0.7933411380516012
2021-03-03,1186.95,-0.09017653541316269,-0.03258281013206331,0.8101060807996864
2021-03-04,1168.52,-0.014618195970611045,-0.03258281013206331,0.8327008029004481
2021-03-05,1168.69,0.013514696405130477,-0.03258281013206331,0.8411401114373543
2021-03-08,1168.27,0.02416259750319863,-0.03258281013206331,0.844333318232375
2021-03-09,1161.97,0.0547110932126178,-0.03258281013206331,0.8534829201960193
2021-03-10,1170.08,0.015195126000456196,-0.03258281013206331,0.8416441363291384
2021-03-11,1181.73,-0.016763974950576212,-0.03258281013206331,0.8320572279209802
2021-03-12,1181.56,0.019275836361443734,-0.03258281013206331,0.8428679841456806
2021-03-15,1184.56,0.015275661423105569,-0.03258281013206331,0.8416682913486903
2021-03-16,1179.9,0.059643933224151055,-0.03258281013206331,0.8549579417300105
2021-03-17,1186.09,0.016837598566970587,-0.03258281013206331,0.8421367516100252
2021-03-18,1200.94,-0.0337697029685547,-0.03258281013206331,0.8269588877659759
2021-03-19,1194.05,0.018310097370162034,-0.02731009770350721,0.8689419269121105
2021-03-22,1194.43,0.04639878048712504,-0.02731009770350721,0.8773591652762295
2021-03-23,1183.45,0.007776438680999653,-0.031901472860882484,0.8428255202745686
2021-03-24,1161.81,0.1154358902429147,-0.031901472860882484,0.8749703948185042
2021-03-25,1163.1,0.04111335021659569,-0.041402529409909475,0.8053144132901885
2021-03-26,1162.21,0.04282584281070699,-0.041402529409909475,0.8058272570658617
2021-03-29,1175.68,0.03762614901253348,-0.041402529409909475,0.8042698738331803
2021-03-30,1186.36,0.03239605223363781,-0.041402529409909475,0.8027027700679655
2021-03-31,1191.44,0.030120969946004838,-0.041402529409909475,0.8020209121318799
2021-04-01,1216.1,-0.013598419562041388,-0.041402529409909475,0.788908078521157
2021-04-02,1224.45,-0.04386061174554519,-0.041402529409909475,0.779837600638515
2021-04-05,1236.05,-0.08099769529104275,-0.041402529409909475,0.7687410448447056
2021-04-06,1239.96,-0.04590165808135648,-0.041402529409909475,0.779226518688077
2021-04-07,1242.38,-0.051467104678596304,-0.041402529409909475,0.7775608400478692
2021-04-08,1234.89,0.006290942497425156,-0.041402529409909475,0.794874610803067
2021-04-09,1231.66,0.009698285746542334,-0.041402529409909475,0.7958967474589268
2021-04-12,1252.45,-0.026571764233081555,-0.041402529409909475,0.7850176992732286
2021-04-13,1248.33,-0.025105932902065944,-0.041402529409909475,0.7854571551276646
2021-04-14,1255.87,-0.06291662270160653,-0.041402529409909475,0.7741372323215682
2021-04-15,1247.25,-0.018097563812309158,-0.041402529409909475,0.7875586764638132
2021-04-16,1238.71,0.04246572425442768,-0.041402529409909475,0.8057194177424337
2021-04-19,1260.58,-0.008632968543915596,-0.041402529409909475,0.7903975267252739
2021-04-20,1268.28,-0.05067494907798028,-0.041402529409909475,0.777797867950064
2021-04-22,1227.82,0.08925146249460662,-0.02623885689570935,0.8955102839372511
2021-04-23,1248.53,0.07022090472703137,-0.02623885689570935,0.8898374293432227
2021-04-26,1215.77,0.13749492221517387,-0.012930525021865948,0.9763378700825389
2021-04-27,1219.75,0.15925022279379106,-0.012930525021865948,0.9827226283944619
2021-04-28,1229.55,0.12457026348566919,-0.012930525021865948,0.9725263412833978
2021-04-29,1239.39,0.08629928252555716,-0.012930525021865948,0.9611730785791155
2021-05-04,1242.2,0.023046190099267422,-0.012930525021865948,0.9422600081353438
2021-05-05,1256.43,0.067918021059997,-0.012930525021865948,0.9556915092927016
2021-05-06,1250.57,0.09132224039842504,-0.012930525021865948,0.9626681397392896
2021-05-07,1241.81,0.13906694348588705,-0.012930525021865948,0.9768005722217954
2021-05-10,1259.58,0.00890162925593406,-0.03942360176121673,0.8055524094373091
2021-05-11,1256.04,0.06103680461647151,-0.03942360176121673,0.8211703272039431
2021-05-12,1269.09,-0.00025096526235349046,-0.03942360176121673,0.802806701616791
2021-05-13,1261.99,0.06255193323407644,-0.03942360176121673,0.8216231344369508
2021-05-14,1266.36,0.12170806437113739,-0.03942360176121673,0.8392151879833171
2021-05-17,1258.7,0.25146253091033854,-0.03942360176121673,0.8767698821692872
2021-05-18,1252.68,0.27530468599222063,-0.03942360176121673,0.8834481662394532
2021-05-19,1262.49,0.2345805304144926,-0.03942360176121673,0.8719930941114716
2021-05-20,1278.22,0.21686181260255133,-0.03942360176121673,0.8669394817857504
2021-05-21,1283.93,0.17425788064906794,-0.03942360176121673,0.8546365564057733
2021-05-24,1297.98,0.10905675618354908,-0.03942360176121673,0.8354699268448943
2021-05-25,1308.58,0.05039142746936629,-0.03942360176121673,0.8179866365435556
2021-05-26,1316.7,0.02465838559940301,-0.03942360176121673,0.8102780079197373
2021-05-27,1303.57,0.15025656128932127,-0.03942360176121673,0.847622760652052
2021-05-28,1320.46,0.12000286609096356,-0.03942360176121673,0.8387110283176179
2021-05-31,1328.05,0.09793861741223349,-0.03942360176121673,0.8321699930057694
2021-06-01,1337.78,0.0211588918133118,-0.03942360176121673,0.809228711626676
2021-06-02,1340.78,0.036057396654767274,-0.03942360176121673,0.8136945246756361
2021-06-03,1364.28,-0.06681585485804561,-0.03942360176121673,0.7828670105583485
2021-06-04,1374.05,-0.15279536548381484,-0.03942360176121673,0.7573968039896948
2021-06-07,1358.78,-0.2561812015664229,-0.046103909819963824,0.6942643828503559
2021-06-08,1319.88,0.05482400178414444,-0.046103909819963824,0.7859111929305149
2021-06-09,1332.9,-0.04739592522469034,-0.046103909819963824,0.7552723106708248
2021-06-10,1323.58,-0.08926906643002978,-0.051490209608032196,0.7158391442181731
2021-06-11,1351.74,-0.3751974329543234,-0.08728622022573175,0.456010059436146
2021-06-14,1361.72,-0.40518673376304226,-0.08728622022573175,0.4482554495169058
2021-06-15,1367.36,-0.47112996841525884,-0.0988262795102339,0.3741350456440872
2021-06-16,1356.52,-0.3862501514131014,-0.0988262795102339,0.39543169578914766
2021-06-17,1359.92,-0.38253718073185583,-0.0988262795102339,0.3963959520609253
2021-06-18,1377.77,-0.6554523893406917,-0.12445520922078196,0.3274012887768565
2021-06-21,1372.63,-0.5749818909468976,-0.12445520922078196,0.3442974190988476
2021-06-22,1379.97,-0.6134087423588679,-0.12445520922078196,0.3360433554148877
2021-06-23,1376.87,-0.5218710578811483,-0.12445520922078196,0.3562571574713894
2021-06-24,1379.72,-0.6037623357607945,-0.12445520922078196,0.3380835948939176
2021-06-25,1390.12,-0.6218882009166116,-0.12445520922078196,0.3342675994714488
2021-06-28,1405.81,-0.6644575915019146,-0.12445520922078196,0.32560331796770425
2021-06-29,1410.04,-0.6657567382208577,-0.12445520922078196,0.3253454771965155
2021-06-30,1408.55,-0.5907034508584263,-0.12445520922078196,0.34087959551835334
2021-07-01,1417.08,-0.5569366564368123,-0.12445520922078196,0.3482896932290497
2021-07-02,1420.27,-0.5513246205050006,-0.12445520922078196,0.3495463013676361
2021-07-05,1411.13,-0.4440355232094596,-0.11878423674643733,0.37490483364632166
2021-07-06,1354.79,-0.18233557427372538,-0.1044542868459904,0.4458975708573275
2021-07-07,1388.55,-0.2798138295808326,-0.1044542868459904,0.41818016994811547
2021-07-08,1374.68,-0.21733579760325628,-0.0954185701399599,0.458713960059017
2021-07-09,1347.14,-0.06108401145578033,-0.07692593197440512,0.5970678947366097
2021-07-12,1296.3,0.1377375150830296,-0.042945871270135653,0.8263325556343928
2021-07-13,1297.54,0.11291673654237264,-0.042945871270135653,0.8190024241273899
2021-07-14,1279.91,0.15603305382167176,-0.042945871270135653,0.831704340224946
2021-07-15,1293.92,0.13733214343112293,-0.042945871270135653,0.8262132158214688
2021-07-16,1299.31,0.16151196408622553,-0.042945871270135653,0.8333072612437264
2021-07-19,1243.51,0.29613406292237215,-0.019201187319795733,0.9903252972166656
2021-07-20,1273.29,0.19778806942534838,-0.019201187319795733,0.9625686538609182
2021-07-21,1270.79,0.21700430707375248,-0.019201187319795733,0.9680923520712363
2021-07-22,1293.67,0.020546924809727467,-0.03303633123613474,0.8409815539666071
2021-07-23,1268.83,0.03971365462471807,-0.05527148416190858,0.7355504159910307
2021-07-26,1272.71,0.03496902987985228,-0.05535876641088112,0.733692602871563
2021-07-27,1276.93,0.05074378296194093,-0.05535876641088112,0.7384162501014041
2021-07-28,1277.07,0.04220453937778935,-0.05535876641088112,0.7358600175410278
2021-07-29,1293.6,0.008578832118428728,-0.05535876641088112,0.7257797544458996
2021-07-30,1310.05,-0.019375122295267107,-0.05535876641088112,0.7173943584809245
2021-08-02,1314.22,-0.00853490279037527,-0.05535876641088112,0.720645759278799
2021-08-03,1332.44,-0.06718499884552545,-0.05535876641088112,0.7030809397635648
2021-08-04,1334.74,-0.03305008446964322,-0.05535876641088112,0.71329475111551
2021-08-05,1345.55,-0.08826462908289535,-0.05535876641088112,0.6967953294453614
2021-08-06,1341.45,-0.09111867027743668,-0.05535876641088112,0.6959459687563833
2021-08-09,1359.86,-0.13429167895344502,-0.05535876641088112,0.6831591149078213
2021-08-10,1362.43,-0.14548967059406262,-0.05535876641088112,0.6798646429779394
2021-08-11,1357.79,-0.13048196413596702,-0.05535876641088112,0.6842822287802568
2021-08-12,1353.05,-0.1045340863187872,-0.05535876641088112,0.6919596732805472
2021-08-13,1357.05,-0.0972427000953848,-0.05535876641088112,0.6941249655158394
2021-08-16,1370.96,-0.13135703193097634,-0.05535876641088112,0.6840241571137117
2021-08-17,1363.09,-0.07800903163692335,-0.05535876641088112,0.6998508148710438
2021-08-18,1360.94,-0.0688496344153107,-0.05535876641088112,0.7025838524574775
2021-08-19,1374.85,-0.15506899029105028,-0.05535876641088112,0.6770548037838184
2021-08-20,1329.43,0.03914143673647151,-0.0230850815763147,0.8963110301400592
2021-08-23,1298.86,0.14981684103992016,-0.009492049109099295,0.9971515334006891
2021-08-24,1298.74,0.15504433138475268,-0.009492049109099295,0.9986838959909874
2021-08-25,1309.55,0.05859243385999609,-0.02052840119459474,0.9149156365574337
2021-08-26,1301.12,0.1427327845219763,-0.02052840119459474,0.9398893951488935
2021-08-27,1313.2,0.10967123918277921,-0.02052840119459474,0.9301280871803553
2021-08-30,1328.14,0.05394533861475581,-0.02052840119459474,0.9135259152331775
2021-08-31,1331.47,-0.00718488551090652,-0.02052840119459474,0.8952025654632211
2021-09-01,1334.65,0.0052976270021701894,-0.02052840119459474,0.8989472672601325
2021-09-06,1346.39,-0.0050017381078612646,-0.02052840119459474,0.8958574851075831
2021-09-07,1341.9,0.0566395608810696,-0.02052840119459474,0.9143317153805189
2021-09-08,1333.61,0.10218892010984498,-0.02052840119459474,0.927908402370999
2021-09-09,1343.98,0.0878894022417067,-0.02052840119459474,0.9236571332332425
2021-09-10,1345.31,0.12746294120465826,-0.02052840119459474,0.9353911268846676
2021-09-13,1341.43,0.14559878998497372,-0.02052840119459474,0.9407315710417273
2021-09-14,1339.7,0.1615193750227723,-0.02052840119459474,0.9453967778969598
2021-09-15,1345.83,0.13538201683806622,-0.02052840119459474,0.9377262727242693
2021-09-16,1345.87,0.1440389043499329,-0.02052840119459474,0.9402732842394849
2021-09-17,1352.64,0.12468376286999182,-0.02052840119459474,0.934570486805249
2021-09-20,1350.48,0.13418114441450255,-0.02052840119459474,0.9373724771279571
2021-09-21,1339.84,0.176407799872582,-0.02052840119459474,0.949738106584089
2021-09-22,1350.68,0.1301963000515682,-0.02052840119459474,0.9361976735195198
2021-09-23,1352.76,0.1378995552056995,-0.02052840119459474,0.9384676062815075
2021-09-24,1351.17,0.13252133406282882,-0.019375800232391233,0.9426462897148239
2021-09-27,1324.99,0.2431862381033463,-0.007710332275192931,1.032999243961565
2021-09-28,1339.31,0.27168582193204366,-0.007710332275192931,1.0410061779443898
2021-09-29,1339.21,0.30067957066926987,-0.007710332275192931,1.0490286554745887
2021-09-30,1342.06,0.2774897559457921,-0.007710332275192931,1.0426224000107231
2021-10-01,1334.89,0.3329806001762061,-0.007710332275192931,1.0578072678333243
2021-10-04,1339.54,0.3388102109457794,-0.007710332275192931,1.0593727747028518
2021-10-05,1354.63,0.23628335405871817,-0.007710332275192931,1.0310429875739344
2021-10-06,1362.82,0.17950721230408387,-0.007710332275192931,1.0147294385014822
2021-10-07,1365.99,0.19143733484409903,-0.007710332275192931,1.018188089093449
2021-10-08,1372.73,0.17769737467221647,-0.007710332275192931,1.0142034450604867
2021-10-11,1394.09,0.08598929160292583,-0.007710332275192931,0.9871817317542912
2021-10-12,1394.8,0.09952313946497532,-0.007710332275192931,0.9912070932279016
2021-10-13,1391.91,0.04651769611011572,-0.007710332275192931,0.9753935902162165
2021-10-14,1391.85,0.1316478120478303,-0.007710332275192931,1.0007160921843983
2021-10-15,1392.7,0.13522928786852204,-0.007710332275192931,1.001771627328866
2021-10-18,1395.53,0.12151921613811494,-0.007710332275192931,0.9977257106633186
2021-10-19,1395.33,0.12677336122121416,-0.007568102169379248,0.9999890552205095
2021-10-20,1393.8,0.11813828260375184,-0.00685372180120136,1.0010089095708627
2021-10-21,1384.77,0.10627440061901654,-0.016402879646748903,0.9497484327929555
2021-10-22,1389.24,0.0627084083116531,-0.019856830356840473,0.9195037503286124
2021-10-25,1385.4,0.173993169258,-0.019856830356840473,0.9523933599557904
2021-10-26,1391.63,0.2660218817782689,-0.019856830356840473,0.9786916448716857
2021-10-27,1423.02,0.13665481407393595,-0.019856830356840473,0.941458987853618
2021-10-28,1438.01,0.058092197562208785,-0.019856830356840473,0.9181239295182025
2021-10-29,1444.27,-0.00080159512638133,-0.019856830356840473,0.9004753697293901
2021-11-01,1438.97,0.018267949836684415,-0.019856830356840473,0.9061956236138181
2021-11-02,1452.46,-0.03176810721054092,-0.019856830356840473,0.8911886208364393
2021-11-03,1444.3,0.02456532737048948,-0.019856830356840473,0.9080839643769624
2021-11-04,1448.34,-0.13690146612201598,-0.03830598143669086,0.7676543248094916
2021-11-05,1456.51,-0.29928159897145373,-0.058121947481693234,0.6221937507074213
2021-11-08,1467.57,-0.23255789086939677,-0.058121947481693234,0.6408540158668337
2021-11-09,1461.5,-0.1723240299170546,-0.058121947481693234,0.6581987734603538
2021-11-10,1465.02,-0.11438842137673318,-0.058121947481693234,0.6752226308723479
2021-11-11,1462.35,-0.12923214715541664,-0.058121947481693234,0.6708350162353292
2021-11-12,1473.37,-0.14024847243230423,-0.058121947481693234,0.6675894311632478
2021-11-15,1476.57,-0.13864730711840145,-0.058121947481693234,0.6680605596923861
2021-11-16,1466.45,-0.1788118016879401,-0.058121947481693234,0.6563112302090932
2021-11-17,1475.85,-0.3143650641712825,-0.058121947481693234,0.6180693824391978
2021-11-18,1469.83,-0.25738726208529,-0.058121947481693234,0.633835223167829
2021-11-19,1452.35,-0.12907714505651624,-0.058121947481693234,0.6708807497366385
2021-11-22,1447.25,-0.10574840716025335,-0.058121947481693234,0.6777834694014031
2021-11-23,1463.63,-0.19444163193647304,-0.058121947481693234,0.65178195923452
2021-11-24,1488.87,-0.41686397134479347,-0.058121947481693234,0.5911046988649344
2021-11-25,1500.81,-0.38829769782786255,-0.058121947481693234,0.5984227344095037
2021-11-26,1493.03,-0.27829971607922466,-0.053213934080360105,0.6525311196047212
2021-11-29,1484.84,-0.18279175959606309,-0.048216053164915014,0.7046849112960392
2021-11-30,1478.44,-0.1897307697788231,-0.048216053164915014,0.7026737984187648
2021-12-01,1485.19,-0.2471932646059298,-0.048216053164915014,0.6862361897340109
2021-12-02,1482.05,-0.15390633345984542,-0.04619952093384166,0.7231916343218316
2021-12-03,1443.32,0.18878120074611232,-0.020605271180334235,0.9529446738246298
2021-12-06,1413.58,0.3195040412337303,-0.015427864764594927,1.0155781973090916
2021-12-07,1446.77,0.15003732535087802,-0.015427864764594927,0.967537135593879
2021-12-08,1452.87,0.12769845103091387,-0.015427864764594927,0.9609633243407744
2021-12-09,1467.98,-0.03504121494917548,-0.01626356660146405,0.90817410306004
2021-12-10,1463.54,-0.04429915996856991,-0.02372151749674532,0.8681113510432866
2021-12-13,1476.21,-0.04436442859824244,-0.02372151749674532,0.8680918088859164
2021-12-14,1476.02,-0.11003238485513823,-0.02372151749674532,0.8485152726446555
2021-12-15,1475.5,-0.09277338202525148,-0.02372151749674532,0.8536399730876669
2021-12-16,1476.61,-0.25090953336987243,-0.049543036956109315,0.6785527812310584
2021-12-17,1479.79,-0.32060678893995415,-0.058636503398601235,0.6138008390072729
2021-12-20,1477.33,-0.3474098534357581,-0.058636503398601235,0.6065945416966225
2021-12-21,1478.74,-0.24726925876642744,-0.058636503398601235,0.6341124789438162
2021-12-22,1477.67,-0.21211139767817866,-0.058636503398601235,0.644121512108984
2021-12-23,1456.96,-0.22201506373426094,-0.058636503398601235,0.6412861373932657
2021-12-24,1477.03,-0.1797460716913172,-0.058636503398601235,0.6534669885655313
2021-12-27,1488.88,-0.22422405648091254,-0.058636503398601235,0.640655365640119
2021-12-28,1494.39,-0.27262607382832754,-0.058636503398601235,0.6269974711577992
2021-12-29,1485.82,-0.1866094366689718,-0.058636503398601235,0.6514755577281994
2021-12-30,1485.97,-0.11324138644625757,-0.058636503398601235,0.6729895423959058
2021-12-31,1498.28,-0.15247075179288672,-0.058636503398601235,0.6614274459430605
2022-01-04,1525.58,-0.2392758464325668,-0.058636503398601235,0.6363739910927675
2022-01-05,1522.5,-0.2181283072056465,-0.058636503398601235,0.6423974652188325
2022-01-06,1528.57,-0.2697892102536378,-0.058636503398601235,0.6277888777152265
2022-01-07,1528.48,-0.37704761208843607,-0.05858107400816495,0.5990524064673507
2022-01-10,1503.71,-0.17444037072343824,-0.04738134802152911,0.7112855786845073
2022-01-11,1492.31,-0.11827517238322577,-0.04738134802152911,0.7277752428997517
2022-01-12,1510.51,-0.14710468211807826,-0.04738134802152911,0.7192774551385589
2022-01-13,1496.05,-0.09223979694394711,-0.038173857825607366,0.7815369848999139
2022-01-14,1496.02,-0.08381661643202556,-0.03815457012606779,0.7841408825030364
2022-01-17,1452.84,0.08917479704077164,-0.02311536445025513,0.9111049286151662
2022-01-18,1438.94,0.17208809359624808,-0.02311536445025513,0.9355459441758582
2022-01-19,1442.79,0.10849146502568155,-0.02311536445025513,0.9168435168596916
2022-01-20,1465.3,0.06065387931599997,-0.02311536445025513,0.9025970604172373
2022-01-21,1472.89,0.016865662757231774,-0.02311536445025513,0.8894823968857173
2022-01-24,1439.71,0.19102062189099114,-0.02311536445025513,0.941042376722651
2022-01-25,1479.58,-0.027539215638229236,-0.02311536445025513,0.8761635010210875
2022-01-26,1481.58,0.03649833577408241,-0.02311536445025513,0.8953678190229208
2022-01-27,1470.76,0.07211997225580279,-0.02311536445025513,0.9060217356132667
2022-01-28,1478.96,0.024929676242976415,-0.02311536445025513,0.8919005316553308
2022-02-07,1497.66,-0.11461106380773117,-0.02551742379157569,0.8381793246623848
2022-02-08,1500.99,-0.11641311093740137,-0.02551742379157569,0.8376458604151383
2022-02-09,1505.38,-0.12429476731255276,-0.02551742379157569,0.8353152969057667
2022-02-10,1506.79,-0.16325778995777296,-0.03025854658467235,0.8001604732638607
2022-02-11,1501.71,-0.20651987082602283,-0.04367519672022744,0.7205340999514769
2022-02-14,1471.96,-0.05704304484710562,-0.04367519672022744,0.7645296401053161
2022-02-15,1492.75,-0.11431393780770066,-0.04367519672022744,0.7474784400903312
2022-02-16,1492.1,-0.11653182500110813,-0.04367519672022744,0.746821860353374
2022-02-17,1507.99,-0.14469976245579655,-0.04367519672022744,0.7385145441968484
2022-02-18,1504.84,-0.06488575079387462,-0.04367519672022744,0.7621855631773058
2022-02-21,1510.84,-0.08098272475225894,-0.04367519672022744,0.7573821701237088
2022-02-22,1503.47,-0.062226106187814205,-0.04367519672022744,0.7629802417802244
2022-02-23,1512.3,-0.09114517564504637,-0.04367519672022744,0.7543559312737901
2022-02-24,1494.85,0.001896939310273349,-0.03924720825333975,0.8043330398437936
2022-02-25,1498.89,-0.0460268325189286,-0.03924720825333975,0.7899656513653468
2022-02-28,1490.13,0.02285999428520327,-0.03924720825333975,0.8106207626524524
2022-03-01,1498.78,-0.04033492958265053,-0.03924720825333975,0.7916700377070272
2022-03-02,1485.52,0.009563267805188748,-0.03924720825333975,0.8066328516161481
2022-03-03,1505.0,0.010207577092377238,-0.03924720825333975,0.806826125507975
2022-03-04,1505.33,0.029041806438380773,-0.03924720825333975,0.8124740520279328
2022-03-07,1499.05,0.0010120651439845445,-0.03522230746139218,0.8241920821325711
2022-03-08,1473.71,0.08034428770864993,-0.02219623008897418,0.9130704055542235
2022-03-09,1473.74,0.058719289837836044,-0.02219623008897418,0.9066144182437924
2022-03-10,1479.08,-0.021486453248884353,-0.028005509280514228,0.8535275093997031
2022-03-11,1466.54,-0.03559395479709972,-0.04554994425132816,0.7615765995236669
2022-03-14,1446.25,0.1176873757224305,-0.04554994425132816,0.8073943887081909
2022-03-15,1452.74,0.08788453593182105,-0.04554994425132816,0.7985479692751836
2022-03-16,1459.33,0.01568311563529498,-0.04554994425132816,0.7769548277298006
2022-03-17,1461.34,-0.0769580587054257,-0.06040532563783048,0.6749314252202764
2022-03-18,1469.1,-0.19433196077000922,-0.07755624057191579,0.5546421825755072
2022-03-21,1494.95,-0.3650988676030857,-0.09180822456876764,0.436049679528779
2022-03-22,1503.78,-0.4509470267377778,-0.10132485079031942,0.3731968546243629
2022-03-23,1502.34,-0.4135395879547184,-0.10132485079031942,0.3825578102213105
2022-03-24,1498.26,-0.623020225498666,-0.1402111890863776,0.33403178493045715
2022-03-25,1498.5,-0.5496767134739118,-0.1402111890863776,0.3499166373931528
2022-03-28,1483.18,-0.42310585017595553,-0.1402111890863776,0.38013688588698535
2022-03-29,1497.76,-0.48006469018935166,-0.1402111890863776,0.36611137490966605
2022-03-30,1490.51,-0.38914144052952965,-0.1402111890863776,0.38881404946879816
2022-03-31,1492.15,-0.4679689000024408,-0.1402111890863776,0.36903297072847685
2022-04-01,1516.44,-0.517945543184932,-0.1402111890863776,0.35716615358099424
2022-04-04,1524.7,-0.645175415775109,-0.1402111890863776,0.32947606091748316
2022-04-05,1520.03,-0.822469055771401,-0.16631426882920755,0.2970765514297182
2022-04-06,1522.9,-0.7494779761399258,-0.16631426882920755,0.3095487748713397
2022-04-07,1502.35,-0.6205790235585789,-0.15491063999733753,0.3345406851178061
2022-04-08,1482.0,-0.7484101047189252,-0.1640755735492578,0.3097401543695206
2022-04-12,1455.25,-0.8653644576396078,-0.19931627403195237,0.29029662034214965
2022-04-13,1477.2,-0.9972674697264489,-0.20664094232331437,0.27186674809702105
2022-04-14,1472.12,-0.7502086519808294,-0.2039032144118685,0.3094179755894796
2022-04-15,1458.56,-0.6638403687190662,-0.19650202939885908,0.3257259543267974
2022-04-18,1432.6,-0.5397591166381349,-0.18194192377495455,0.35215831842100975
2022-04-19,1406.45,-0.49679189345750757,-0.16673184258238827,0.36212287644271623
2022-04-20,1384.72,-0.4920130290925911,-0.15365561268704142,0.3632561939356239
2022-04-21,1370.21,-0.3668474377086303,-0.15028675420343232,0.3946306620294775
2022-04-22,1379.23,-0.2583604311283591,-0.15028675420343232,0.42417159494210077
2022-04-25,1310.92,0.04913513711498053,-0.14255926251097448,0.5147286900710273
2022-04-26,1341.34,-0.052376642831969085,-0.14255926251097448,0.48430135995194734
2022-04-27,1353.77,-0.03932769122827973,-0.14255926251097448,0.4882077715561045
2022-04-28,1350.99,-0.030027312703805636,-0.14255926251097448,0.4909945125939277
2022-04-29,1366.8,-0.08257200686612567,-0.14255926251097448,0.47528454354167193
2022-05-04,1348.68,-0.03604731605405157,-0.13870270746979452,0.4891904867711524
2022-05-05,1360.68,-0.06890671395749674,-0.13870270746979452,0.47936064163205616
2022-05-06,1329.26,0.0648371765728233,-0.11834404104539364,0.5194239420893736
2022-05-09,1269.62,0.28350941538783725,-0.09955974891089713,0.5850462564876453
2022-05-10,1293.56,0.23442685007125785,-0.09955974891089713,0.5712686994823348
2022-05-11,1301.53,0.20014151698250987,-0.09955974891089713,0.561454651543992
2022-05-12,1238.84,0.3151491894958234,-0.053994058958380324,0.8215639745947909
2022-05-13,1182.77,0.36487631757914607,-0.061831471584436325,0.7956932347118917
2022-05-16,1171.95,0.4102811681778173,-0.061831471584436325,0.8074560593588305
2022-05-17,1228.37,0.16736579780538957,-0.0718550970632536,0.6904706344409479
2022-05-18,1240.76,0.17875968309049464,-0.0718550970632536,0.6937884008075699
2022-05-19,1241.64,0.1360882977964554,-0.0718550970632536,0.6813008213500953
2022-05-20,1240.71,0.048605889818527856,-0.09749141760518688,0.5271132064615636
2022-05-23,1218.81,0.10229576243793023,-0.10355452592303756,0.5305821283008976
2022-05-24,1233.38,0.03773687126258244,-0.10600117745104792,0.5113156904380873
2022-05-25,1268.43,-0.019483830499791552,-0.10600117745104792,0.49415559038225965
2022-05-26,1268.57,-0.03324902932241316,-0.10600117745104792,0.4900289652520018
2022-05-27,1285.45,-0.03661964836576995,-0.10600117745104792,0.4890190135474958
2022-05-30,1293.92,-0.034657841532321,-0.10600117745104792,0.48960680852312055
2022-05-31,1292.68,-0.018875853718947698,-0.10600117745104792,0.4943379163310958
2022-06-01,1299.52,-0.08383864400892475,-0.10600117745104792,0.4749071710804337
2022-06-02,1288.62,-0.05400161908409047,-0.10600117745104792,0.4838152437434923
2022-06-03,1287.98,-0.07634995673945885,-0.10600117745104792,0.47713941624639833
2022-06-06,1290.01,-0.11468641444956543,-0.10600117745104792,0.4657441329734531
2022-06-07,1291.35,-0.18848066736494887,-0.1210327927762615,0.44411599683904224
2022-06-08,1307.91,-0.20282233377567063,-0.1210327927762615,0.4399741439045226
2022-06-09,1307.8,-0.2052565366346563,-0.12095886221134734,0.43927346131379363
2022-06-10,1284.08,-0.17032766356675774,-0.1047208896641954,0.44939017943407344
2022-06-13,1227.04,0.04084027587880225,-0.07036866322182075,0.6604019593316377
2022-06-14,1230.31,0.03075817791279641,-0.07036866322182075,0.6573812284403828
2022-06-15,1213.93,0.10032795349415982,-0.07036866322182075,0.6781544878009085
2022-06-16,1236.63,0.04441720140375249,-0.07036866322182075,0.661473088206493
2022-06-17,1217.3,0.09814968226155964,-0.056226910762663174,0.7482161626644848
2022-06-20,1180.4,0.20349329881639133,-0.056226910762663174,0.7790845073060502
2022-06-21,1172.47,0.2581355637145261,-0.056226910762663174,0.7946306973510189
2022-06-22,1169.27,0.2769397120382368,-0.056226910762663174,0.7998865528682968
2022-06-23,1188.88,0.20066830214846626,-0.056226910762663174,0.7782706969401825
2022-06-24,1185.48,0.20674060064842636,-0.056226910762663174,0.7800188328641835
2022-06-27,1202.82,0.1441236782690877,-0.056226910762663174,0.7618056478393844
2022-06-28,1218.1,0.11407911216756673,-0.056226910762663174,0.7529414855725705
2022-06-29,1218.09,0.16552966183846524,-0.05621916278764297,0.7681144486206594
2022-06-30,1197.6,0.2232599875518089,-0.04111268662941045,0.8603234722457763
2022-07-01,1198.9,0.26881659573614025,-0.04111268662941045,0.8731935665653495
2022-07-04,1195.53,0.301150152847729,-0.03840974295918971,0.8956607272525611
2022-07-05,1181.29,0.34636386742709635,-0.026818139491572825,0.9658533725389222
2022-07-06,1149.61,0.42990258037868906,-0.013676994134772164,1.0531869964675553
2022-07-07,1166.48,0.36096997543754084,-0.013676994134772164,1.035435467933761
2022-07-08,1171.31,0.3706066249620927,-0.013676994134772164,1.0379716914864807
2022-07-11,1155.29,0.41691781215287205,-0.011180922342653625,1.0623945929251706
2022-07-12,1174.82,0.34428705800610987,-0.011180922342653625,1.0434851823252589
2022-07-13,1173.92,0.3242739533327834,-0.011180922342653625,1.0381052856032509
2022-07-14,1182.17,0.3061815797983933,-0.011180922342653625,1.0331831975377468
2022-07-15,1179.25,0.32566544029681604,-0.011180922342653625,1.0384815748102334
2022-07-18,1176.49,0.3258504370558904,-0.011180922342653625,1.0385315772927657
2022-07-19,1178.33,0.327988788045988,-0.011180922342653625,1.0391091255185063
2022-07-20,1194.14,0.24812319033235017,-0.011180922342653625,1.0170414755445072
2022-07-21,1198.47,0.25120452238016344,-0.011180922342653625,1.0179105673409394
2022-07-22,1194.76,0.2534409598873261,-0.011644501599648634,1.0162226358235396
2022-07-25,1188.5,0.2925080719210284,-0.011644501599648634,1.0271099734350992
2022-07-26,1185.07,0.32903798170177073,-0.011644501599648634,1.0370743207857513
2022-07-27,1191.04,0.323589930440172,-0.011644501599648634,1.0356022938011993
2022-07-28,1208.12,0.2654049336303979,-0.011644501599648634,1.0195806805011964
2022-07-29,1206.33,0.2271861930600191,-0.014027682949537702,0.996868567419734
2022-08-01,1231.35,0.1319705837868965,-0.014027682949537702,0.9692245073104682
2022-08-02,1241.62,0.12230738480146038,-0.014027682949537702,0.9663719280795737
2022-08-03,1249.76,0.09600575503051349,-0.014027682949537702,0.9585751472832438
2022-08-04,1254.15,0.03685852513840938,-0.014027682949537702,0.9409141380953125
2022-08-05,1252.74,-0.09813774354238677,-0.03546489975792939,0.793328332069836
2022-08-08,1256.75,-0.14720526517519006,-0.04211408354540391,0.7455842467087781
2022-08-09,1258.85,-0.06579470231001719,-0.04211408354540391,0.7697196044978263
2022-08-10,1256.5,-0.040780910033362226,-0.04211408354540391,0.777202086956545
2022-08-11,1252.07,-0.02557634825148546,-0.04211408354540391,0.7817583504356459
2022-08-12,1262.33,-0.09090918818024585,-0.04211408354540391,0.7622317099983678
2022-08-15,1274.2,-0.14893910923203119,-0.04211408354540391,0.7450753335124047
2022-08-16,1274.69,-0.17168211661382704,-0.04255632797467579,0.7362138581829656
2022-08-17,1275.28,-0.23508052561260664,-0.06474613618024955,0.6070161944900261
2022-08-18,1273.66,-0.18317555218707599,-0.06474613618024955,0.6219231291534297
2022-08-19,1269.18,-0.1747746522662359,-0.06474613618024955,0.6243643497933842
2022-08-22,1260.43,-0.11394799561631158,-0.06474613618024955,0.6422321077581141
2022-08-23,1270.81,-0.19745203696301863,-0.06641425113276653,0.6094511269018836
2022-08-24,1277.16,-0.3140710598252962,-0.08886009558686626,0.46445867754377407
2022-08-25,1288.88,-0.402203315070612,-0.09491962013531138,0.4108521120823287
2022-08-26,1282.57,-0.4547204095233725,-0.10833716678231992,0.37226856595639
2022-08-29,1270.8,-0.462167586764911,-0.1206081951722361,0.370445238138021
2022-08-30,1279.39,-0.47445233960983335,-0.1206081951722361,0.36746309190473103
2022-08-31,1280.51,-0.6284878064755164,-0.15155680158686768,0.33289697776033944
2022-09-05,1277.35,-0.6457835525801352,-0.15598872710192577,0.32935260807771316
2022-09-06,1277.4,-0.5855512059131701,-0.15598872710192577,0.34199346557766463
2022-09-07,1243.17,-0.6667545885847278,-0.14012259726956988,0.3251476991462532
2022-09-08,1234.6,-0.7793099015625059,-0.17101999007698326,0.30430687130032164
2022-09-09,1248.78,-0.8449137738848245,-0.17101999007698326,0.29347911236955215
2022-09-12,1249.62,-1.0013840018057352,-0.19479521774619474,0.27134756335475907
2022-09-13,1248.4,-0.908015939769456,-0.194008330663249,0.2839464185255173
2022-09-14,1240.77,-0.9176981144961694,-0.19223544145272387,0.28255800967853606
2022-09-15,1245.66,-0.9085639301431634,-0.19223544145272387,0.28386731838790025
2022-09-16,1234.03,-0.8903453154189003,-0.18462274012787366,0.2865307256731844
2022-09-19,1205.43,-0.625152637448225,-0.1745219167630627,0.3335883792517095
2022-09-20,1218.93,-0.7145167642994084,-0.1745219167630627,0.31594958980341614
2022-09-21,1210.55,-0.6606360010484967,-0.1716473203260064,0.32636404599288804
2022-09-22,1214.7,-0.8541843219764427,-0.1716473203260064,0.2920252579275363
2022-09-23,1203.28,-0.9486055236883097,-0.18044844092812978,0.2782546727044549
2022-09-26,1174.35,-0.7379888828751517,-0.16025886660705918,0.31162143372076034
2022-09-27,1166.54,-0.7113092499279227,-0.1546367891371063,0.3165508481606093
2022-09-28,1143.62,-0.4062831370582294,-0.1376943390286983,0.3844063448063746
2022-09-29,1126.07,-0.3291744742067028,-0.12892740104760134,0.40466635690998654
2022-09-30,1132.11,-0.42757521254592024,-0.12892740104760134,0.37901213338073625
2022-10-03,1086.44,-0.09486712837724445,-0.10695850614891422,0.47162493350146095
2022-10-04,1078.14,-0.08794314629941502,-0.10695850614891422,0.4736848615578454
2022-10-05,1104.26,-0.2593599276916273,-0.10695850614891422,0.4238909738019663
2022-10-06,1074.52,-0.16969419180419082,-0.08224137289208205,0.5383679677262465
2022-10-07,1035.91,-0.05610356031047352,-0.08317507474192883,0.5673111952016124
2022-10-10,1042.48,-0.054109750497278425,-0.08317507474192883,0.5679075252141293
2022-10-11,1006.2,0.13325004208920016,-0.08317507474192883,0.6238647141711062
2022-10-12,1034.81,-0.1471935763563717,-0.10945226858206576,0.4561580961848305
2022-10-13,1050.99,-0.18982307757158884,-0.10945226858206576,0.4437273457860593
2022-10-14,1061.85,-0.2719377214321588,-0.11528119887934124,0.42037191014143527
2022-10-17,1051.58,-0.3294313551169762,-0.1426771712765358,0.4045970805037299
2022-10-18,1063.66,-0.266785310077776,-0.1426771712765358,0.4218106899822418
2022-10-19,1060.07,-0.1610713835437423,-0.13977378852339936,0.452092176822928
2022-10-20,1058.45,-0.15719790099312717,-0.1384571779488876,0.4532252826218558
2022-10-21,1019.82,-0.011480112449701404,-0.11787182587666266,0.49655611755693907
2022-10-24,986.15,0.11947133965018918,-0.11787182587666266,0.5356718436644898
2022-10-25,997.7,0.046035678078953965,-0.11787182587666266,0.5138009554211005
2022-10-26,993.36,0.09569723155246589,-0.11787182587666266,0.5286218501753479
2022-10-27,1028.01,0.03187091608769515,-0.11787182587666266,0.5095580388359233
2022-10-28,1027.36,0.15122120292327182,-0.11787182587666266,0.5450236846318885
2022-10-31,1027.94,0.23470459741663457,-0.11787182587666266,0.5691463467215376
2022-11-01,1033.75,0.2580634144705808,-0.11787182587666266,0.5757449865672459
2022-11-02,1023.19,0.2683166037750168,-0.10876767755744297,0.5786173214103902
2022-11-03,1019.81,0.41519889174933594,-0.10581382806601228,0.6178634194896817
2022-11-04,997.15,0.538874658465159,-0.08549365692222835,0.720172411119768
2022-11-07,975.19,0.4944654791640551,-0.07476739820817993,0.7634890378973014
2022-11-08,981.65,0.4544438150944347,-0.07476739820817993,0.7538264990956418
2022-11-09,985.59,0.4776328542118305,-0.07476739820817993,0.7594667612712083
2022-11-10,947.24,0.6174091288300757,-0.04814066400285286,0.9240931415597728
2022-11-11,954.53,0.5302469313233191,-0.05632411970704155,0.8640503485350767
2022-11-14,941.04,0.6266587147217481,-0.05632411970704155,0.8851035589293098
2022-11-15,911.9,0.7377170333097549,-0.05632411970704155,0.9067085610595261
2022-11-16,942.9,0.5866897869801388,-0.05632411970704155,0.8766326092134001
2022-11-17,969.26,0.4726024076870087,-0.05632411970704155,0.8504692850264556
2022-11-18,969.33,0.4421604393911017,-0.05632411970704155,0.8430094889585086
2022-11-21,960.65,0.4457725660353364,-0.06449843188530367,0.803033198956396
2022-11-22,952.12,0.4619712266800481,-0.06838443040405248,0.7875846837306393
2022-11-23,946.0,0.4866479175857586,-0.06838443040405248,0.7935434119820575
2022-11-24,947.71,0.48166115338707133,-0.06838443040405248,0.7923497437556695
2022-11-25,971.46,0.29237278142813067,-0.0991706821984694,0.5894417656432309
2022-11-28,1005.69,0.20857319414948952,-0.0991706821984694,0.5658267116521198
2022-11-29,1032.16,0.14367018788063707,-0.0991706821984694,0.5469535221465216
2022-11-30,1048.42,0.052468655422195844,-0.0991706821984694,0.5198727571126365
2022-12-01,1036.28,0.07983973434223185,-0.0991706821984694,0.5280477458347654
2022-12-02,1080.01,0.03754232312208086,-0.0991706821984694,0.5154039976129359
2022-12-05,1093.67,0.002911053163558392,-0.0991706821984694,0.5050199024898354
2022-12-06,1048.69,0.15094105355553653,-0.06643482545578583,0.7127674020899357
2022-12-07,1041.02,0.15918034239385742,-0.06643482545578583,0.7151806846813129
2022-12-08,1050.53,0.13973556896461053,-0.06643482545578583,0.7094758096754801
2022-12-09,1051.81,0.1266338644558271,-0.06643482545578583,0.7056142544696236
2022-12-12,1032.07,0.1721242256952123,-0.06643482545578583,0.7189591639377977
2022-12-13,1047.45,0.13577393082729236,-0.06643482545578583,0.7083095906472536
2022-12-14,1050.43,0.12961175213417772,-0.06643482545578583,0.7064931141501918
2022-12-15,1055.32,0.1320054066645056,-0.06643482545578583,0.7071990617424395
2022-12-16,1052.48,0.17966282124404126,-0.06391570386135602,0.7337477894881183
2022-12-19,1038.4,0.22468684944334927,-0.051223035439137185,0.8101790117645246
2022-12-20,1023.13,0.2853150469000689,-0.03706273885039043,0.8980314377215254
2022-12-21,1018.88,0.30313233714552273,-0.036573082602360606,0.9053875391813473
2022-12-22,1022.61,0.24959722137404938,-0.036573082602360606,0.8904965891426257
2022-12-23,1020.34,0.27952441142881373,-0.03442969990395358,0.9095909570957689
2022-12-26,985.21,0.2835783523744794,-0.03681854802613901,0.8987713645276557
2022-12-27,1004.57,0.2164006158231186,-0.03681854802613901,0.8798326866227045
2022-12-28,1015.66,0.20245573757588187,-0.03681854802613901,0.8758275323116395
2022-12-29,1009.29,0.22997901687155542,-0.03681854802613901,0.8837097921870002
2022-12-30,1007.09,0.15955977783893566,-0.045886670844150025,0.8180324454678296
2023-01-03,1043.9,0.056458360058415175,-0.045886670844150025,0.7874861803485558
2023-01-04,1046.35,0.0014043297127409808,-0.04750693760630198,0.7628866106053589
2023-01-05,1055.82,-0.024786437555597195,-0.05532181541491358,0.7159565140827575
2023-01-06,1051.44,-0.024708136672054407,-0.06570584549279372,0.664059839578178
2023-01-09,1054.21,-0.036840753389389025,-0.07023543102676556,0.6377756163147703
2023-01-10,1053.35,-0.01943187412707616,-0.07023543102676556,0.6429940162604024
2023-01-11,1055.76,0.007276295011802116,-0.07023543102676556,0.651005694846571
2023-01-12,1056.39,0.004683976960976126,-0.07023543102676556,0.6502280276780783
2023-01-13,1060.17,0.05661073687603555,-0.07023543102676556,0.6657879466854462
2023-01-16,1066.68,-0.007442125647534834,-0.07023543102676556,0.6465902483893857
2023-01-17,1088.29,-0.18099010657967157,-0.07023543102676556,0.5951110229678709
2023-01-18,1098.28,-0.20502009615810843,-0.07023543102676556,0.588164335162574
2023-01-19,1108.08,-0.27721012526321814,-0.07023543102676556,0.567726536730601
2023-01-27,1117.1,-0.3306823502232446,-0.08580252439351886,0.47524724834365073
2023-01-30,1102.57,-0.2719753897711112,-0.08093198221710259,0.5157014947962703
2023-01-31,1111.18,-0.25756617466427484,-0.08093198221710259,0.5197347824289625
2023-02-01,1075.97,-0.13856733105530827,-0.06246270506476693,0.6463803094863675
2023-02-02,1077.59,-0.18707665059103673,-0.06246270506476693,0.6322091667306339
2023-02-03,1077.15,-0.18249069473228502,-0.06246270506476693,0.6335390241520135
2023-02-06,1089.29,-0.21890142269657448,-0.06246270506476693,0.6230452536138708
2023-02-07,1065.84,-0.1316121953848306,-0.06021956583754341,0.6596449192352953
2023-02-08,1072.22,-0.12976405536337318,-0.06021956583754341,0.6601899983535016
2023-02-09,1064.03,-0.1053693000480369,-0.06021956583754341,0.6674078518295257
2023-02-10,1055.3,-0.11785421866127135,-0.06021956583754341,0.663708695828191
2023-02-13,1043.7,-0.10193019704993043,-0.06021956583754341,0.6684285764972762
2023-02-14,1038.64,-0.03797287694543943,-0.06021956583754341,0.6875157800310587
2023-02-15,1048.2,-0.14799705991635717,-0.06021956583754341,0.6548243976285808
2023-02-16,1058.29,-0.16254970469741906,-0.06021956583754341,0.6505622635519615
2023-02-17,1059.31,-0.20542532996023452,-0.06021956583754341,0.6381270706589417
2023-02-20,1086.69,-0.27934493379491915,-0.06021956583754341,0.6172125627544633
2023-02-21,1082.23,-0.24896884229767569,-0.05634661763211149,0.645082177538474
2023-02-22,1054.28,-0.13612206139263047,-0.03680132556322318,0.7754071217828238
2023-02-23,1053.66,-0.1359251771705862,-0.03680132556322318,0.7754651075388661
2023-02-24,1039.56,-0.06421732025462659,-0.03680132556322318,0.7967546148473776
2023-02-27,1021.25,0.03797122680556819,-0.03680132556322318,0.8273792686362509
2023-02-28,1024.68,0.0697268449034606,-0.03680132556322318,0.8368775914250901
2023-03-01,1040.55,0.04329487032109474,-0.03680132556322318,0.8289737239715753
2023-03-02,1037.61,0.08893278523259518,-0.03680132556322318,0.8426030922656556
2023-03-03,1024.77,0.17273944726121546,-0.03680132556322318,0.8673058491695573
2023-03-06,1027.18,0.2228751250203971,-0.03680132556322318,0.8817703786025193
2023-03-07,1037.84,0.19824060543966127,-0.03680132556322318,0.874698536424674
2023-03-08,1049.18,0.07185797749731877,-0.03680132556322318,0.8375137375476174
2023-03-09,1055.95,0.026236747609906973,-0.03680132556322318,0.8238625909130801
2023-03-10,1053.0,0.03703521527557595,-0.03680132556322318,0.8270988597753104
2023-03-13,1052.8,0.05383942500507914,-0.03680132556322318,0.8321296114130601
2023-03-14,1040.13,0.09059239684094736,-0.03680132556322318,0.8430969854801862
2023-03-15,1062.19,-0.014838180335102738,-0.03680132556322318,0.8115422447491685
2023-03-16,1047.4,0.01852665863454789,-0.02587754195733009,0.8761696519873865
2023-03-17,1045.14,0.03839226676683162,-0.02587754195733009,0.8821243146876607
2023-03-20,1023.1,0.14049224494009363,-0.02587754195733009,0.9124848311367761
2023-03-21,1032.43,0.05921565787936865,-0.029495031733989496,0.870268803840311
2023-03-22,1040.54,0.003408283845052916,-0.029495031733989496,0.8535473225243884
2023-03-23,1045.1,-0.04532300445198278,-0.03511093018522271,0.8108577502318424
2023-03-24,1046.79,-0.054022731761162186,-0.03654497344706993,0.8010840611468433
2023-03-27,1052.25,-0.10509167524433002,-0.04256795514682752,0.7557482772100014
2023-03-28,1054.29,-0.14681004660988425,-0.04256795514682752,0.7434309283895658
2023-03-29,1056.33,-0.13731511103724797,-0.04256795514682752,0.7462226666525226
2023-03-30,1059.44,-0.10223719055769369,-0.04256795514682752,0.7565954850317712
2023-03-31,1064.64,-0.16996969772282267,-0.04256795514682752,0.7366547434921831
2023-04-03,1079.28,-0.24601220722314526,-0.04256795514682752,0.7148102943287117
2023-04-04,1078.45,-0.1532464858165303,-0.04256795514682752,0.7415428210936346
2023-04-05,1080.86,-0.1613103169904772,-0.04256795514682752,0.7391825516891861
2023-04-06,1070.91,-0.07617975856276464,-0.033672297391937854,0.8088286929088105
2023-04-07,1069.71,-0.08062557323049752,-0.03258827158762667,0.8129232446901583
2023-04-10,1065.35,-0.013489691153502018,-0.03236212668075489,0.8341427047066027
2023-04-11,1069.46,-0.04172946341050527,-0.03236212668075489,0.8256777890674515
2023-04-12,1069.45,-0.03746029509731893,-0.03235307868530566,0.8270017718000361
2023-04-13,1064.3,-0.030659897135868378,-0.02767076951987226,0.8524510642967204
2023-04-14,1052.89,0.06765897084703956,-0.019118120983488533,0.9246761704524114
2023-04-17,1053.81,0.06701986635522524,-0.019118120983488533,0.9244853059141374
2023-04-18,1055.02,0.1078855714838007,-0.019118120983488533,0.936650077194797
2023-04-19,1048.98,0.13685858141677876,-0.013724088634739185,0.9721826974907357
2023-04-20,1049.25,0.13321279185056004,-0.013724088634739185,0.9711086656758094
2023-04-21,1042.91,0.19459329053323918,-0.008397514107061105,1.015664551417939
2023-04-24,1041.36,0.1815855329177481,-0.008397514107061105,1.0118971348769255
2023-04-25,1034.85,0.28025306872043615,-0.008397514107061105,1.0399542150421288
2023-04-26,1040.8,0.22418236281419465,-0.008397514107061105,1.0241626469919114
2023-04-27,1039.63,0.22120966817195928,-0.008397514107061105,1.0233136448272024
2023-04-28,1049.12,0.17376221124991567,-0.008397514107061105,1.0096227070899972
2023-05-04,1040.61,0.3034424107001432,-0.008266083837704677,1.0470074972055212
2023-05-05,1040.31,0.3121851336915895,-0.008266083837704677,1.049396687202732
2023-05-08,1053.44,0.2815240133914708,-0.008266083837704677,1.040964081482534
2023-05-09,1053.77,0.2730109094537852,-0.008266083837704677,1.0385968594333144
2023-05-10,1058.26,0.19337644473874424,-0.008266083837704677,1.0159700486740957
2023-05-11,1057.12,0.21225571265900203,-0.008266083837704677,1.0214069540509951
2023-05-12,1066.9,0.17806685362596764,-0.008266083837704677,1.0115320962926775
2023-05-15,1065.71,0.23309927566698177,-0.008266083837704677,1.0273597472502534
2023-05-16,1065.91,0.22804032031291266,-0.008266083837704677,1.0259199714046408
2023-05-17,1060.44,0.26277010781119103,-0.008266083837704677,1.0357349840790293
2023-05-18,1068.31,0.2665035419864228,-0.008266083837704677,1.0367800966456102
2023-05-19,1067.07,0.21918062983473421,-0.01519875986672126,0.9887272901846783
2023-05-22,1070.64,0.1908370251343035,-0.01519875986672126,0.9805722806476823
2023-05-23,1065.85,0.2610766359299342,-0.01519875986672126,1.0005968818359645
2023-05-24,1061.79,0.30719939279178227,-0.01519875986672126,1.0133723428833146
2023-05-25,1064.63,0.282808422887137,-0.01519875986672126,1.0066569034372679
2023-05-26,1063.76,0.3125664176045649,-0.01519875986672126,1.014837218566583
2023-05-29,1074.98,0.2743898818949626,-0.01519875986672126,1.0043176650104422
2023-05-30,1078.05,0.26621091527990365,-0.01519875986672126,1.002034873553494
2023-05-31,1075.17,0.19223795385002415,-0.01519875986672126,0.9809775100172383
2023-06-01,1078.39,0.13966076534127,-0.015961698950234856,0.9618194334314935
2023-06-02,1090.84,0.09111654519484058,-0.015961698950234856,0.9474510721770965
2023-06-05,1097.82,0.09869019826274247,-0.015961698950234856,0.9497028159009105
2023-06-06,1108.31,0.042230861435356745,-0.015961698950234856,0.9328532374038244
2023-06-07,1109.54,-0.02393103634368373,-0.015961698950234856,0.9130135645491289
2023-06-08,1101.32,0.11201054707535299,-0.015961698950234856,0.9536548385821547
2023-06-09,1107.53,0.09982113762356527,-0.015961698950234856,0.9500387770069157
2023-06-12,1116.02,0.10290926575112046,-0.015961698950234856,0.9509557604999995
2023-06-13,1122.46,0.027275281618333713,-0.015961698950234856,0.9283720612179686
2023-06-14,1117.42,0.14051068675565667,-0.015961698950234856,0.9620694709222445
2023-06-15,1116.97,0.12192170935311113,-0.015961698950234856,0.956587853787844
2023-06-16,1115.22,0.20425229891053617,-0.015961698950234856,0.9806290584367819
2023-06-19,1105.4,0.3324375925399274,-0.015961698950234856,1.0164043128608213
2023-06-20,1111.72,0.2711228320364136,-0.015961698950234856,0.9995923022247944
2023-06-21,1118.46,0.204065791879117,-0.015961698950234856,0.9805753751570135
2023-06-22,1125.3,0.24332903669219227,-0.015961698950234856,0.991782811913574
2023-06-23,1129.38,0.2417054219636239,-0.015961698950234856,0.9913232883112036
2023-06-26,1132.03,0.25723730310797965,-0.015961698950234856,0.9957044088896924
2023-06-27,1134.33,0.27767559247238993,-0.015961698950234856,1.0014172332639446
2023-06-28,1138.35,0.2279666748163022,-0.015961698950234856,0.9874209120807255
2023-06-29,1125.39,0.471739341455042,-0.007403359715146802,1.0948642809974614
2023-06-30,1120.18,0.6241815285705608,-0.007403359715146802,1.1291930233700216
2023-07-03,1125.5,0.5384800919713576,-0.007403359715146802,1.1105341786957013
2023-07-04,1132.0,0.47569873354942915,-0.007403359715146802,1.0958208812747134
2023-07-05,1134.62,0.37990583903527336,-0.009771853790170941,1.059928438447282
2023-07-06,1126.22,0.5519697928371744,-0.009771853790170941,1.1017392534202288
2023-07-07,1138.07,0.5381456937992353,-0.009771853790170941,1.098615643961129
2023-07-10,1149.02,0.42885314197317814,-0.009771853790170941,1.0724494562492861
2023-07-11,1151.77,0.338343228503998,-0.009771853790170941,1.0489399799415162
2023-07-12,1154.2,0.20351158821830448,-0.017404184410294486,0.9732034047907878
2023-07-13,1165.42,0.17240221734165811,-0.017404184410294486,0.9641933400181888
2023-07-14,1168.4,0.17828259065847935,-0.017404184410294486,0.9659043026033438
2023-07-17,1173.13,0.09851882973307073,-0.017404184410294486,0.9424394746767311
2023-07-18,1174.09,0.1530904414765366,-0.017404184410294486,0.9585507491342591
2023-07-19,1172.98,0.08067978660455075,-0.017404184410294486,0.9371306339945127
2023-07-20,1172.81,-0.30892354868492594,-0.05249907501246721,0.6476673771776656
2023-07-21,1185.9,-0.443106092574216,-0.05249907501246721,0.6126398954333429
2023-07-24,1190.72,-0.4687436398441334,-0.05249907501246721,0.6063495327535277
2023-07-25,1195.9,-0.5815919266947416,-0.056866624841143486,0.5585204221020014
2023-07-26,1200.84,-0.4842864503374397,-0.056866624841143486,0.5807659026400722
2023-07-27,1197.33,-0.5311816750533375,-0.056866624841143486,0.5697817205100941
2023-07-28,1207.67,-0.4931672819072953,-0.056866624841143486,0.5786488823355587
2023-07-31,1222.9,-0.5847949770213632,-0.056866624841143486,0.5578243417970826
2023-08-01,1217.56,-0.4618872559610197,-0.056866624841143486,0.58618053747332
2023-08-02,1220.43,-0.39859203947152927,-0.056866624841143486,0.6020437920116757
2023-08-03,1210.95,-0.2262266550296208,-0.056866624841143486,0.6489334527009104
2023-08-04,1225.98,-0.2650246079330376,-0.056866624841143486,0.6379701213660987
2023-08-07,1241.42,-0.41738064345197856,-0.056866624841143486,0.597250433791385
2023-08-08,1242.23,-0.4352676940658241,-0.056866624841143486,0.5927526224431211
2023-08-09,1233.99,-0.49147321025492174,-0.056866624841143486,0.5790514002737516
2023-08-10,1220.61,-0.19785395020679805,-0.056866624841143486,0.6570732747972398
2023-08-11,1232.21,-0.3436156791034784,-0.056866624841143486,0.6164564282807294
2023-08-14,1236.84,-0.4659033412891518,-0.056866624841143486,0.5852018687386138
2023-08-15,1234.05,-0.4342679076059083,-0.056866624841143486,0.5930023116188126
2023-08-16,1243.26,-0.625714284345585,-0.056866624841143486,0.5491386426216656
2023-08-17,1233.48,-0.5235842684753811,-0.049388721341245966,0.6089179072984422
2023-08-18,1177.99,0.024192779900390874,-0.02729827378562826,0.8707650493927368
2023-08-21,1179.76,-0.0265923286217902,-0.02729827378562826,0.8555328124352408
2023-08-22,1180.49,-0.11530041909724263,-0.042111601766358926,0.7550043372241435
2023-08-23,1172.56,-0.25331870812403356,-0.0741067844239261,0.5550553522015949
2023-08-24,1189.39,-0.4189010279421154,-0.08634283420313124,0.4494845679423363
2023-08-25,1183.37,-0.2867724981469953,-0.08634283420313124,0.4845373720819603
2023-08-28,1201.72,-0.38756569831136795,-0.08634283420313124,0.4575079063277085
2023-08-29,1204.43,-0.3806320983217407,-0.08634283420313124,0.4593089440160129
2023-08-30,1213.16,-0.42439075910748086,-0.08634283420313124,0.4480989435871245
2023-08-31,1224.05,-0.6768616606823246,-0.10228823765556008,0.3231573925563691
2023-09-05,1234.98,-0.677618957734988,-0.10228823765556008,0.3230092135632764
2023-09-06,1245.5,-0.7936915946216178,-0.10566840626254508,0.30185142947509735
2023-09-07,1243.14,-0.6993022922038362,-0.10562532117163408,0.31882258171790934
2023-09-08,1241.48,-0.6584586435751913,-0.10562532117163408,0.3267989802681627
2023-09-11,1223.63,-0.5118901531286453,-0.10562532117163408,0.3585750182477533
2023-09-12,1245.44,-0.5929308959222346,-0.10562532117163408,0.34039992068867764
2023-09-13,1238.39,-0.5693856933102067,-0.10053375754003181,0.3455276043801644
2023-09-14,1223.81,-0.4565826706182656,-0.09245046278190572,0.4095592145782325
2023-09-15,1227.36,-0.5244894319570633,-0.09245046278190572,0.39340042719830526
2023-09-18,1211.81,-0.506354877306881,-0.0915252301995741,0.4022437784308781
2023-09-19,1211.5,-0.5791782003424387,-0.10008074316333757,0.3433796383912602
2023-09-20,1226.11,-0.7181659068988218,-0.11276312891991747,0.31526841860915233
2023-09-21,1212.74,-0.5442473544644102,-0.1029816778534559,0.3511411042899628
2023-09-22,1193.05,-0.48331577664939473,-0.08817736054649851,0.4244446456469048
2023-09-25,1153.2,-0.2179693964344656,-0.058342350140662275,0.6439137080581225
2023-09-26,1137.96,-0.16201916930457738,-0.058342350140662275,0.6601033834710204
2023-09-27,1153.85,-0.4127327162785401,-0.0863882276563514,0.4508217017835377
2023-09-28,1152.43,-0.3767529573120255,-0.0863882276563514,0.4600935776844816
2023-09-29,1154.15,-0.45548241589810945,-0.09768448387794841,0.38365904665080425
2023-10-02,1155.25,-0.5326304789338167,-0.10998485176368747,0.35378321788300826
2023-10-03,1118.1,-0.2657126843499504,-0.10958405861110386,0.4221107028885347
2023-10-04,1128.67,-0.16444376648001635,-0.10958405861110386,0.4511067968718251
2023-10-05,1113.89,-0.08383179884600236,-0.10958405861110386,0.4749092102636203
2023-10-06,1128.54,-0.10299967705038211,-0.10958405861110386,0.46920890683733385
2023-10-09,1137.36,-0.1657799682695368,-0.10958405861110386,0.4507166690286133
2023-10-10,1143.69,-0.07007883962433575,-0.10958405861110386,0.47901069666420726
2023-10-11,1150.81,-0.09602771344939896,-0.10958405861110386,0.47127991080388076
2023-10-12,1151.61,-0.1420396849581654,-0.10958405861110386,0.45767236953175616
2023-10-13,1154.73,-0.1635532466712596,-0.10958405861110386,0.45136689440165556
2023-10-16,1141.42,-0.06686868381145913,-0.09920099525152881,0.48396426502055523
2023-10-17,1121.65,0.08495053385091315,-0.08332367494316412,0.6088056565458291
2023-10-18,1103.4,0.18452215662420668,-0.07205581076324641,0.6944577645749278
2023-10-19,1087.85,0.17908092522411923,-0.07205581076324641,0.6928781844871222
2023-10-20,1108.03,0.09546257446903862,-0.07205581076324641,0.6682730384519847
2023-10-23,1093.53,0.17975707639187674,-0.07026855954426262,0.7020108937160374
2023-10-24,1105.9,0.1449367146735658,-0.07026855954426262,0.6918362899133408
2023-10-25,1101.66,0.0970667317634139,-0.06669026741462886,0.6955775700298199
2023-10-26,1055.45,0.3038663264537301,-0.03290894067683666,0.923909346353626
2023-10-27,1060.62,0.2594909596806452,-0.03329098291471576,0.9096908899523974
2023-10-30,1042.4,0.35096953366398087,-0.03329098291471576,0.9347156142627779
2023-10-31,1028.19,0.4544159499970857,-0.03329098291471576,0.961201729767347
2023-11-01,1039.66,0.39120409284294383,-0.03329098291471576,0.9452644259437637
2023-11-02,1075.47,0.24215130269663196,-0.03329098291471576,0.9048030992338603
2023-11-03,1076.78,0.2836200297961595,-0.03329098291471576,0.9164207392571757
2023-11-06,1089.66,0.20430946221009927,-0.03329098291471576,0.8939990914138889
2023-11-07,1080.29,0.2843708234592708,-0.03329098291471576,0.9166287450692976
2023-11-08,1113.43,0.13377446228679474,-0.03329098291471576,0.8734397279373274
2023-11-09,1113.89,0.137783423085418,-0.03329098291471576,0.8746205117119714
2023-11-10,1101.68,0.19538191505946664,-0.03329098291471576,0.8914250228165219
2023-11-13,1100.07,0.1991371009861902,-0.03329098291471576,0.8925088542639799
2023-11-14,1109.73,0.08052035513779143,-0.03329098291471576,0.8576491214095296
2023-11-15,1122.5,0.01742667206617583,-0.03329098291471576,0.8387725578818686
2023-11-16,1125.53,-0.01772106915501003,-0.03329098291471576,0.8282293211159066
2023-11-17,1101.19,0.03992338270081368,-0.031703661662070004,0.8534523472601063
2023-11-20,1103.66,0.060414389444894155,-0.031703661662070004,0.8595839900300137
2023-11-21,1110.46,0.040310887296720915,-0.031703661662070004,0.8535684117448175
2023-11-22,1113.82,0.05035516572948992,-0.031703661662070004,0.8565754860746109
2023-11-23,1088.49,0.15520397743063366,-0.031703661662070004,0.8876725927865519
2023-11-24,1095.61,0.17819179709182453,-0.031703661662070004,0.8943805255851252
2023-11-27,1088.06,0.2336561654174071,-0.031703661662070004,0.9103301462052615
2023-11-28,1095.43,0.21331952232252027,-0.031703661662070004,0.9045241827291735
2023-11-29,1102.8,0.21389928122198762,-0.031703661662070004,0.9046904095684833
2023-11-30,1094.13,0.2495470787166444,-0.031703661662070004,0.9148295504299366
2023-12-01,1102.16,0.2196040217893071,-0.031703661662070004,0.9063238760179633
2023-12-04,1120.49,0.16396926038590307,-0.031703661662070004,0.8902363133773663
2023-12-05,1115.97,0.2244932183792334,-0.031703661662070004,0.9077206256101491
2023-12-06,1126.43,0.186378088128204,-0.031703661662070004,0.896756571405448
2023-12-07,1121.49,0.20903933380337808,-0.031703661662070004,0.9032957320554658
2023-12-08,1124.44,0.19601058585968187,-0.031703661662070004,0.8995431879344618
2023-12-11,1125.5,0.18645195834753694,-0.031703661662070004,0.8967779798578555
2023-12-12,1127.63,0.17949095598861234,-0.031703661662070004,0.8947580684910108
2023-12-13,1114.2,0.2264321202641012,-0.02003231017770592,0.9666304590681623
2023-12-14,1110.13,0.22931012272826498,-0.016439516092709862,0.9854145049454273
2023-12-15,1102.3,0.27072893595897046,-0.009452961988569215,1.0320260844664098
2023-12-18,1091.88,0.28492767242170236,-0.006969420591626488,1.0483907746757235
2023-12-19,1096.3,0.2707687419675052,-0.006969420591626488,1.0444548989294704
2023-12-20,1100.76,0.3094677620396194,-0.006969420591626488,1.0551387439111282
2023-12-21,1102.43,0.3046117497037507,-0.006969420591626488,1.053811087915739
2023-12-22,1103.06,0.28741571200123583,-0.006969420591626488,1.0490792482134446
2023-12-25,1117.66,0.20839733891572418,-0.008361090915239228,1.0198241397726024
2023-12-26,1122.25,0.14769988162387548,-0.010559153238760301,0.9911947742721051
2023-12-27,1121.99,0.1791739572905448,-0.010559153238760301,1.0003885050172328
2023-12-28,1128.93,0.13136382662921764,-0.010559153238760301,0.9863882482743608
2023-12-29,1129.93,0.15858838214774273,-0.010559153238760301,0.9943858663907127
2024-01-02,1131.72,0.11130107623428073,-0.015682329269736027,0.9548414773376972
2024-01-03,1144.17,0.08996527522796993,-0.015682329269736027,0.9485053555392755
2024-01-04,1150.72,0.06717825166635125,-0.015682329269736027,0.941711566787935
2024-01-05,1154.68,0.09442230178254342,-0.015682329269736027,0.9498311604477097
2024-01-08,1160.19,0.08112142736664424,-0.015682329269736027,0.9458715385439846
2024-01-09,1158.59,0.10597460168592111,-0.015682329269736027,0.9532622503791057
2024-01-10,1161.54,0.0835721839209417,-0.015682329269736027,0.9466018020325504
2024-01-11,1162.22,0.08302368824002637,-0.015682329269736027,0.9464383898004656
2024-01-12,1154.7,0.15018562399212812,-0.015682329269736027,0.9663083150261094
2024-01-15,1154.12,0.19969772489373439,-0.015682329269736027,0.9807137947106936
2024-01-16,1163.12,0.13878360148969318,-0.015682329269736027,0.9629581680735815
2024-01-17,1162.53,0.14986486456293718,-0.015682329269736027,0.9662142209640052
2024-01-18,1169.06,0.06037944334966209,-0.015682329269736027,0.9396802063130849
2024-01-19,1181.5,-0.021857526494833416,-0.015682329269736027,0.9150321397498815
2024-01-22,1182.86,0.030871863691860492,-0.015682329269736027,0.9308469715693513
2024-01-23,1177.5,0.10032327507551334,-0.014682210623871962,0.9565853612976097
2024-01-24,1172.97,0.09715573742217415,-0.014682210623871962,0.9556443054431459
2024-01-25,1170.37,0.15498990759382492,-0.014682210623871962,0.9727171474250421
2024-01-26,1175.67,0.2212584143079453,-0.014682210623871962,0.9919040930506239
2024-01-29,1175.69,0.2619278092130346,-0.014682210623871962,1.0034182844652233
2024-01-30,1179.65,0.2305607457700698,-0.014682210623871962,0.9945570616977161
2024-01-31,1164.31,0.33558319286147,-0.014682210623871962,1.023647516837003
2024-02-01,1173.02,0.2738939833437508,-0.01781917825477575,0.9910774468845599
2024-02-02,1172.55,0.21803796110234824,-0.027157907998551164,0.9286046232321987
2024-02-05,1186.06,0.1448552131646165,-0.027157907998551164,0.9073656034222293
2024-02-06,1188.48,0.25463765438635405,-0.027157907998551164,0.9389924047481959
2024-02-07,1198.53,0.17035061037347085,-0.027157907998551164,0.9148269686729806
2024-02-15,1202.5,0.16769303931761984,-0.027157907998551164,0.9140520476447924
2024-02-16,1209.7,0.01794567585862113,-0.027157907998551164,0.8695935849036565
2024-02-19,1224.97,-0.1568474066003054,-0.027157907998551164,0.8175383404240195
2024-02-20,1230.06,-0.09214006476896609,-0.027157907998551164,0.8366464008349136
2024-02-21,1230.04,0.012394804989743151,-0.027157907998551164,0.8679287110930034
2024-02-22,1227.31,0.06945111347190987,-0.027157907998551164,0.8850123591090637
2024-02-23,1212.0,0.06009516536452531,-0.027157907998551164,0.8822173379805966
2024-02-26,1224.17,0.059924097826645026,-0.027157907998551164,0.882166202088829
2024-02-27,1237.46,-0.06099820060766896,-0.027157907998551164,0.845933662188267
2024-02-28,1254.55,-0.1372073018694728,-0.027157907998551164,0.8233046433590081
2024-02-29,1252.73,-0.1403338339533448,-0.027157907998551164,0.8223845175980332
2024-03-01,1258.28,-0.22218136856682189,-0.027157907998551164,0.7986316052446123
2024-03-04,1261.41,-0.19727097744520683,-0.027157907998551164,0.8057850984157566
2024-03-05,1269.98,-0.3244073579408414,-0.027157907998551164,0.7701644728550905
2024-03-06,1262.73,-0.2938839820625197,-0.02599214795894236,0.7843275506253395
2024-03-07,1268.46,-0.3993613717574338,-0.027182253639027237,0.750268013421031
2024-03-08,1247.35,-0.24998773077781372,-0.03087166131857582,0.7721695546717167
2024-03-11,1235.49,-0.07563164613496347,-0.03087166131857582,0.8229953632134114
2024-03-12,1245.0,-0.16983498188410012,-0.03087166131857582,0.7951754828299715
2024-03-13,1270.51,-0.3408796129323999,-0.03087166131857582,0.747162958275241
2024-03-14,1264.26,-0.23313841727411885,-0.03087166131857582,0.7769404001971623
2024-03-15,1263.78,-0.5605996228052891,-0.05702305104714083,0.5623580869043125
2024-03-18,1243.56,-0.41766935696763857,-0.05774388069881722,0.5927910436885506
2024-03-19,1242.46,-0.5653209505348311,-0.07531507231549091,0.46985023429741524
2024-03-20,1260.08,-0.7682718107614636,-0.08939062766435703,0.359269837103204
2024-03-21,1276.42,-0.7745684766870345,-0.08939062766435703,0.35817343399725426
2024-03-22,1281.8,-0.8768134375884346,-0.08939062766435703,0.3416010577388266
2024-03-25,1267.86,-0.6107589388466509,-0.08939062766435703,0.38964852724320703
2024-03-26,1282.21,-0.6846408261546691,-0.08939062766435703,0.3746884203387287
2024-03-27,1283.09,-0.6576980724966907,-0.08939062766435703,0.3799980265243163
2024-03-28,1290.18,-0.6691971614578912,-0.08939062766435703,0.37771140302693945
2024-03-29,1284.09,-0.5883310140102591,-0.08716900795624072,0.40554670212792987
2024-04-01,1281.52,-0.46291200906019364,-0.08716900795624072,0.4344185791171077
2024-04-02,1287.04,-0.4600092291641768,-0.08716900795624072,0.4351274402001811
2024-04-03,1271.47,-0.31933103946601915,-0.07970390098699671,0.5088099195848833
2024-04-04,1268.25,-0.2948676651774027,-0.07970390098699671,0.515497845534702
2024-04-05,1255.11,-0.21675037065670633,-0.07970390098699671,0.5374549135272432
2024-04-08,1250.35,-0.19731821725278476,-0.07970390098699671,0.5430414991705809
2024-04-09,1262.82,-0.2638155384521935,-0.07970390098699671,0.5241222376674187
2024-04-10,1258.56,-0.17756491459191476,-0.07970390098699671,0.5487638987167327
2024-04-11,1258.2,-0.10582492414935583,-0.07970390098699671,0.5698510017600606
2024-04-12,1276.6,-0.21332981783161503,-0.07970390098699671,0.5384350517725353
2024-04-15,1216.61,0.1408013602183213,-0.0343248863645704,0.8703390331755433
2024-04-16,1215.68,0.15721634276704305,-0.03358614108976059,0.8788494099517238
2024-04-17,1193.01,0.2294712555555909,-0.015222001492024444,0.9915479607915654
2024-04-19,1174.85,0.3755269601185294,-0.01077111794458162,1.0537893901209936
2024-04-22,1190.22,0.2461975585974707,-0.014909877208183969,0.9978529128868066
2024-04-23,1177.4,0.32975149883958055,-0.014909877208183969,1.0209398549223025
2024-04-24,1205.61,0.22096433243873306,-0.014909877208183969,0.9906817121005596
2024-04-25,1204.97,0.1885287544218739,-0.014909877208183969,0.9813485425226072
2024-04-26,1209.52,0.14260408842938013,-0.014909877208183969,0.9679441815662435
2024-05-02,1216.36,0.10154436337233187,-0.015611712295101145,0.952300472587232
2024-05-03,1221.03,0.1408470528592507,-0.015611712295101145,0.9639183430237562
2024-05-06,1241.58,0.06039176847867674,-0.015611712295101145,0.9400369752748877
2024-05-07,1248.63,0.012411417528786169,-0.015611712295101145,0.9256646726053571
2024-05-08,1250.46,0.012547965226404107,-0.015611712295101145,0.9257056305353492
2024-05-09,1248.64,0.0334485056441648,-0.015611712295101145,0.9319722496644377
2024-05-10,1244.7,0.0790373578953874,-0.015611712295101145,0.9456033950772283
2024-05-13,1240.18,0.0821883211226159,-0.015611712295101145,0.9465425669044473
2024-05-14,1243.28,0.13301362230019093,-0.015611712295101145,0.9616118428600512
2024-05-15,1254.39,0.09056389021409642,-0.015611712295101145,0.9490365696146811
2024-05-16,1268.78,-0.03629949882496583,-0.016596107598097525,0.9061343928590074
2024-05-17,1273.11,-0.05449997620466133,-0.020545366535793048,0.8809393430912702
2024-05-20,1277.58,-0.05270845788333618,-0.020545366535793048,0.8814752570679696
2024-05-21,1277.14,-0.049790050806124676,-0.020545366535793048,0.8823484830500676
2024-05-22,1266.91,0.0012187845468291346,-0.020545366535793048,0.8976388025040409
2024-05-23,1281.03,-0.08225325529524473,-0.020545366535793048,0.8726526897895813
2024-05-24,1261.93,-0.07346599838665534,-0.03641155273490031,0.7959420028499493
2024-05-27,1267.68,-0.07562854754800842,-0.03641155273490031,0.7952968304109924
2024-05-28,1281.73,-0.10318819587752316,-0.03641155273490031,0.7870951843750402
2024-05-29,1272.64,-0.0716385847556528,-0.03641155273490031,0.7964873511253758
2024-05-30,1266.32,-0.08294509407069504,-0.04317292990449559,0.7593087309522112
2024-05-31,1261.72,-0.027071007831795814,-0.04317292990449559,0.7760160314169021
2024-06-03,1280.0,-0.04788645001865907,-0.04317292990449559,0.7697803863088649
2024-06-04,1283.52,-0.048610895114387126,-0.04317292990449559,0.7695635579436028
2024-06-05,1284.35,-0.03566706538517428,-0.04317292990449559,0.7734397659027641
2024-06-06,1283.56,-0.04721414210555931,-0.04317292990449559,0.7699816233291487
2024-06-07,1287.58,-0.07835215593235413,-0.04317292990449559,0.760677686734255
2024-06-10,1290.67,-0.046769496129103555,-0.04317292990449559,0.7701147229886918
2024-06-11,1284.41,-0.01378073144619977,-0.04317292990449559,0.7800013927316688
2024-06-12,1300.19,-0.10164014408562888,-0.04317292990449559,0.7537478767375425
2024-06-13,1301.51,-0.1187329374656639,-0.04317292990449559,0.748681914597255
2024-06-14,1279.91,-0.047834946600938365,-0.02883880527177729,0.8414664251589113
2024-06-17,1274.77,-0.020647434396945174,-0.02883880527177729,0.8496126234062465
2024-06-18,1279.5,-0.06461475706978016,-0.02883880527177729,0.8364484786366239
2024-06-19,1279.79,-0.02581306790860505,-0.02883880527177729,0.8480637727723201
2024-06-20,1282.3,-0.06531168579234697,-0.02883880527177729,0.8362402799093912
2024-06-21,1282.02,-0.11840358884309046,-0.030199967535228092,0.8136441549073602
2024-06-24,1254.12,-0.048200303120917914,-0.04784688995215318,0.7463166471342042
2024-06-25,1256.56,-0.03479226606613536,-0.04784688995215318,0.7503320799911211
2024-06-26,1261.24,-0.06750627386383568,-0.04784688995215318,0.7405443753707416
2024-06-27,1259.09,-0.0325481898733766,-0.04784688995215318,0.7510045399220188
2024-06-28,1245.32,0.045683334114475956,-0.04784688995215318,0.7744610244645376
2024-07-01,1254.56,0.0026975372931482096,-0.04784688995215318,0.7615748094642654
2024-07-02,1269.79,-0.06517615558817566,-0.04784688995215318,0.7412403429824443
2024-07-03,1276.85,-0.18797037410930523,-0.0515957981309567,0.6862847960067565
2024-07-04,1279.89,-0.18496348684781905,-0.0515957981309567,0.6871562097940741
2024-07-05,1283.04,-0.3794795813712978,-0.081656630929652,0.4830402168844176
2024-07-08,1283.56,-0.2856062299880669,-0.081656630929652,0.5082911072328686
2024-07-09,1293.71,-0.3168495289116816,-0.081656630929652,0.4997202022376926
2024-07-10,1285.94,-0.30795645344063294,-0.07610774997278265,0.5298881901579956
2024-07-11,1283.8,-0.22248110895773068,-0.07456768967128838,0.5614970772408179
2024-07-12,1280.75,-0.3171002328307418,-0.0726751900591643,0.5445592733309811
2024-07-15,1279.82,-0.31252959088942966,-0.0726751900591643,0.5458030671621413
2024-07-16,1281.18,-0.3738819408287893,-0.0726751900591643,0.5294092906510438
2024-07-17,1268.66,-0.3673164839801853,-0.06777094253162182,0.5556526147469173
2024-07-18,1274.44,-0.2422069758533118,-0.06777094253162182,0.589871514101998
2024-07-19,1264.78,-0.15967512752548155,-0.06065086418191309,0.6492461413887467
2024-07-22,1254.64,0.01012294996711208,-0.05305904482560747,0.7377415571323132
2024-07-23,1231.81,0.21521197792881014,-0.05069076555520935,0.8101311126022486
2024-07-24,1238.47,0.1720173807222118,-0.05069076555520935,0.7976483405764685
2024-07-25,1233.19,0.2319057653464554,-0.05069076555520935,0.8148969642727688
2024-07-26,1242.11,0.15402034296260553,-0.05069076555520935,0.7923903379577468
2024-07-29,1246.6,0.16916355981517486,-0.05069076555520935,0.79681663411231
2024-07-30,1245.06,0.19766738618898916,-0.05069076555520935,0.8050859370994741
2024-07-31,1251.51,0.15585228772192744,-0.05069076555520935,0.7929269366480882
2024-08-01,1226.96,0.3154156088781529,-0.039244703218502326,0.8953832325461735
2024-08-02,1236.6,0.2054301995101833,-0.039244703218502326,0.8645529849703255
2024-08-05,1188.07,0.4047621859574961,-0.013311860081536038,1.048645584540373
2024-08-06,1210.28,0.2946082814434458,-0.013311860081536038,1.0193519207876158
2024-08-07,1215.88,0.25689544889522237,-0.013685307938878972,1.0069902971554268
2024-08-08,1208.32,0.2722609585219263,-0.02341051255718414,0.9626656587046514
2024-08-09,1223.64,0.1827228685651467,-0.02493542464133442,0.9295377075717541
2024-08-12,1230.28,0.16462674277954326,-0.02493542464133442,0.9242695131735483
2024-08-13,1230.42,0.1452384441665388,-0.026149130177698862,0.9125220765598854
2024-08-14,1230.36,0.08369212522978492,-0.03583543397753085,0.8458720103820866
2024-08-15,1223.56,0.21974008200694187,-0.03583543397753085,0.8857039244734656
2024-08-16,1252.23,0.05848522795724347,-0.03583543397753085,0.8383484208324504
2024-08-19,1261.62,0.04157502585082635,-0.03583543397753085,0.8332881566609863
2024-08-20,1272.55,0.00706041539820706,-0.03583543397753085,0.8229409195367162
2024-08-21,1284.05,-0.076834045958133,-0.03583543397753085,0.7978178682238866
2024-08-22,1282.78,-0.04667940034928802,-0.03583543397753085,0.8068291724347888
2024-08-23,1285.32,-0.026174109796612114,-0.03583543397753085,0.8129723898285615
2024-08-26,1280.02,0.04068896926308523,-0.034746508602895854,0.83846741578848
2024-08-27,1280.56,0.040478553750161426,-0.034746508602895854,0.838404394989717
2024-08-28,1281.44,0.025740861831311225,-0.034746508602895854,0.8339880104180019
2024-08-29,1281.47,0.04072903069920212,-0.034746508602895854,0.8384794143240816
2024-08-30,1283.87,0.01720412327119275,-0.034746508602895854,0.831428184816322
2024-09-04,1275.8,0.025764714866510975,-0.02864085279824421,0.8645234406080737
2024-09-05,1268.21,0.028011344762815943,-0.027237903858833908,0.8722116869548973
2024-09-06,1273.96,0.01675305562152676,-0.027237903858833908,0.8688359272456476
2024-09-09,1267.73,0.05898979921238212,-0.022457463339985665,0.9053891243466994
2024-09-10,1255.23,0.13641687352179124,-0.01723417427642778,0.9545022004342386
2024-09-11,1253.27,0.15774963603370015,-0.01723417427642778,0.9607653288441881
2024-09-12,1256.35,0.15565988554577642,-0.01723417427642778,0.9601535503499193
2024-09-13,1251.71,0.1729174046197548,-0.01723417427642778,0.9651934293783356
2024-09-16,1239.26,0.22143204012942092,-0.01723417427642778,0.9791938916594846
2024-09-17,1258.95,0.10555822243299116,-0.01723417427642778,0.945379498568342
2024-09-18,1264.9,0.06700139418669704,-0.01723417427642778,0.9338995226089414
2024-09-19,1271.27,0.03179667023601142,-0.01723417427642778,0.9233649162550585
2024-09-20,1272.04,0.011899168171101843,-0.01723417427642778,0.9173987105981692
2024-09-23,1268.48,-0.011055067781145098,-0.01726512923696018,0.9103579685832353
2024-09-24,1276.99,-0.07278003078147345,-0.01726512923696018,0.8918788141682927
2024-09-25,1287.48,-0.16999957413497732,-0.026923076923076893,0.8148704257606267
2024-09-26,1291.49,-0.19120152907296883,-0.030552546045503805,0.7905657335656295
2024-09-27,1290.92,-0.17011449737721096,-0.030552546045503805,0.7966895813166142
2024-09-30,1287.94,-0.12077419654333221,-0.030552546045503805,0.8111801551429949
2024-10-01,1292.2,-0.15225125070797663,-0.030552546045503805,0.8019115777422217
2024-10-02,1287.84,-0.10382145933802793,-0.027685716281560763,0.8305364084538308
2024-10-03,1278.1,-0.0760230790900786,-0.027685716281560763,0.8388083311307251
2024-10-04,1270.6,-0.08787977786723629,-0.03390277788557817,0.8041898364918253
2024-10-07,1269.93,-0.0828703608092888,-0.03390277788557817,0.8056817576206532
2024-10-08,1271.98,-0.03405397707993143,-0.03390277788557817,0.8202738647660851
2024-10-09,1281.85,-0.09521978771448125,-0.03390277788557817,0.8020061962463264
2024-10-10,1286.36,-0.1468866520319507,-0.03390277788557817,0.7867343216164664
2024-10-11,1288.39,-0.18635881059411813,-0.03390277788557817,0.7752168178067552
2024-10-14,1286.34,-0.19005006564778537,-0.03249852314771628,0.7811690323665772
2024-10-15,1281.08,-0.170807207173429,-0.03249852314771628,0.7867578062000904
2024-10-16,1279.48,-0.23746756570346733,-0.042463389609178157,0.7177523507489172
2024-10-17,1286.52,-0.37967710290095463,-0.05281690140845074,0.6271873878810796
2024-10-18,1285.46,-0.3706199116446486,-0.053163847961041295,0.627820613031078
2024-10-21,1279.77,-0.39969826892755494,-0.0583073521023308,0.5945560115322763
2024-10-22,1269.89,-0.2769581750339108,-0.05173499095129436,0.6602988036849948
2024-10-23,1270.9,-0.2235217297935607,-0.05173499095129436,0.6753634089595473
2024-10-24,1257.41,-0.14707527628861397,-0.046920473238010824,0.7215904626619365
2024-10-25,1252.72,-0.08153175688856304,-0.046920473238010824,0.7409921606634409
2024-10-28,1254.77,-0.10240014378763536,-0.046920473238010824,0.7347845168486131
2024-10-29,1261.78,-0.1304967000253307,-0.046920473238010824,0.7264693483059382
2024-10-30,1258.63,-0.2384531366845469,-0.046920473238010824,0.6951873914247468
2024-10-31,1264.48,-0.20048894004901116,-0.046920473238010824,0.7060440836354825
2024-11-01,1254.89,-0.1047342890129652,-0.04450241024990476,0.7461820460720345
2024-11-04,1244.71,-0.046833679168966524,-0.04450241024990476,0.7634481084639222
2024-11-05,1245.76,-0.08104077112841354,-0.04450241024990476,0.7532288023501288
2024-11-06,1261.28,-0.02680340000851939,-0.04450241024990476,0.7694488538106188
2024-11-07,1259.75,0.0012578753430040038,-0.043341932923198975,0.783667697787879
2024-11-08,1252.56,0.0802120775173907,-0.03785048221242883,0.8347597363974251
2024-11-11,1250.32,0.07389700691939324,-0.036126751551602665,0.8414950788293625
2024-11-12,1244.82,0.18213414375281864,-0.03281596096433491,0.8899641583810229
2024-11-13,1246.04,0.18595367747177938,-0.03281596096433491,0.8910720644425081
2024-11-14,1231.89,0.3082849845386091,-0.021706483533432373,0.9811304064505539
2024-11-15,1218.57,0.46687134177161393,-0.0110129085731635,1.0756358436723397
2024-11-18,1217.12,0.4636478802357046,-0.009834691731299954,1.0807423405466676
2024-11-19,1205.15,0.6000121017547458,-0.00951453871757826,1.1135447598965988
2024-11-20,1216.54,0.39678611345120246,-0.015048985743892362,1.037913776386259
2024-11-21,1228.33,0.3018838627561385,-0.015048985743892362,1.0126657684577942
2024-11-22,1228.1,0.3391081688342069,-0.015048985743892362,1.0227593630357676
2024-11-25,1234.7,0.264300172400797,-0.015048985743892362,1.0022490345767385
2024-11-26,1242.13,0.2884576169848642,-0.015048985743892362,1.0089694472377964
2024-11-27,1241.97,0.26753540151470423,-0.015048985743892362,1.0031540819103277
2024-11-28,1242.11,0.2658868839676446,-0.015048985743892362,1.0026931033251791
2024-11-29,1250.46,0.18607893675307743,-0.015048985743892362,0.9799432474770292
2024-12-02,1251.21,0.13445851453933239,-0.015048985743892362,0.9648512820144465
2024-12-03,1249.83,0.14034503668430334,-0.015048985743892362,0.9665843091766778
2024-12-04,1240.41,0.12035107316886734,-0.016115877472277697,0.9553526175982741
2024-12-05,1267.53,-0.14541946831508598,-0.02257791301347318,0.8437895312773724
2024-12-06,1270.14,-0.17172934970650086,-0.02257791301347318,0.8360921727549006
2024-12-09,1273.84,-0.20580747210109687,-0.02257791301347318,0.8262254056029769
2024-12-10,1272.07,-0.19144450617761052,-0.02303276502972232,0.8280943499426882
2024-12-11,1268.86,-0.2482417704178086,-0.03502360525118817,0.751902416693328
2024-12-12,1267.35,-0.1902915898015483,-0.03502360525118817,0.7684737231083514
2024-12-13,1262.57,-0.18988348548152728,-0.03612936618724231,0.7630630303029693
2024-12-16,1263.79,-0.1627819741290203,-0.03612936618724231,0.770945392698003
2024-12-17,1261.72,-0.08893848659436475,-0.03612936618724231,0.7927417520310254
2024-12-18,1266.0,-0.060303213032385825,-0.03612936618724231,0.8012841024307917
2024-12-19,1254.67,0.04732331802404871,-0.03612936618724231,0.8335395759159432
2024-12-20,1257.5,0.00020964982217557888,-0.03612936618724231,0.8194160640095198
2024-12-23,1262.76,-0.07288502269618949,-0.03612936618724231,0.7975262983347102
2024-12-24,1260.36,0.06453461946491525,-0.03612936618724231,0.8386867227583101
2024-12-25,1274.04,-0.02554242373250661,-0.03612936618724231,0.8116921079363557
2024-12-26,1272.87,-0.11054856564385665,-0.03612936618724231,0.7863230434335828
2024-12-27,1275.14,-0.07352642294486908,-0.03612936618724231,0.7973349057877135
2024-12-30,1272.02,-0.018635362920370463,-0.03376519237118917,0.825584076340887
2024-12-31,1266.78,0.040570520461425924,-0.03200730875554268,0.8521279389800314
2025-01-02,1269.71,0.06095334014122048,-0.03200730875554268,0.8582268458155276
2025-01-03,1254.59,0.12024627795757556,-0.020341306721717838,0.9341944834056435
2025-01-06,1246.35,0.2224003575876931,-0.01754568272289815,0.97791299558838
2025-01-07,1246.95,0.20397108014209708,-0.01754568272289815,0.9726281933831048
2025-01-08,1251.02,0.1801778783403973,-0.01754568272289815,0.9657475163797252
2025-01-09,1245.77,0.2535899924002156,-0.013405363750933194,1.0074602801023205
2025-01-10,1230.48,0.3662212183496066,-0.009501600727243969,1.0576966080637569
2025-01-13,1235.65,0.3518422617580848,-0.009501600727243969,1.0538944993381814
2025-01-14,1229.07,0.4531724395399384,-0.009501600727243969,1.0798429743796054
2025-01-15,1236.18,0.4018115686592087,-0.009501600727243969,1.066941379203866
2025-01-16,1242.36,0.37338097473649823,-0.009501600727243969,1.059575637483679
2025-01-17,1249.11,0.3416672403330231,-0.009501600727243969,1.051181503648133
2025-01-20,1249.55,0.3212189343721071,-0.009501600727243969,1.0456745980035416
2025-01-21,1246.09,0.3520659688679959,-0.009501600727243969,1.0539539394385689
2025-01-22,1242.53,0.42575854614601527,-0.009501600727243969,1.0730231705663666
2025-01-23,1259.63,0.25526031978499186,-0.009501600727243969,1.027449106326451
2025-01-24,1265.05,0.24735895159713983,-0.009501600727243969,1.0252223273326273
2025-02-03,1253.03,0.33310691234113404,-0.009363237139272314,1.049576726403795
2025-02-04,1264.68,0.18201814387177018,-0.009363237139272314,1.0071941061940364
2025-02-05,1269.61,0.22020870245949084,-0.009363237139272314,1.0181989055962075
2025-02-06,1271.48,0.2881013412012438,-0.009363237139272314,1.0372997201139067
2025-02-07,1275.2,0.2790432895273802,-0.009363237139272314,1.034789631968526
2025-02-10,1263.26,0.36588148831092904,-0.0054881813539038845,1.0776743090571674
2025-02-11,1268.45,0.33037547860886657,-0.0054881813539038845,1.0682165294661994
2025-02-12,1266.91,0.2878428518945477,-0.006100074190091576,1.0535440793484208
2025-02-13,1270.35,0.26263829711068054,-0.006190001573729206,1.0460784603844027
2025-02-14,1276.08,0.25109053449455004,-0.006190001573729206,1.0428330441975837
2025-02-17,1272.72,0.22553477037411213,-0.006190001573729206,1.0355860901712401
2025-02-18,1278.14,0.14135035534980167,-0.008703396045679644,0.9986079484163238
2025-02-19,1288.56,0.026932419744389292,-0.009227246194602792,0.961941541959785
2025-02-20,1292.98,0.004665194507463635,-0.010761378773591877,0.9475926543310204
2025-02-21,1296.75,0.05165275994349848,-0.010761378773591877,0.961675167810686
2025-02-24,1304.56,-0.00448782055441325,-0.010761378773591877,0.9448467690043538
2025-02-25,1303.16,-0.012898175042509267,-0.010761378773591877,0.9423238681828152
2025-02-26,1302.96,-0.008187930642652034,-0.010761378773591877,0.9437367818314681
2025-02-27,1307.8,-0.0875116796348284,-0.014069118285363592,0.9034677190343561
2025-02-28,1305.36,-0.1314640081678047,-0.022001706254770846,0.850777912907826
2025-03-03,1309.37,-0.08209521309149377,-0.022001706254770846,0.8654180851325357
2025-03-04,1311.91,-0.09849068610933576,-0.022001706254770846,0.8605394336872619
2025-03-05,1304.71,-0.5769296151687304,-0.07964018978342544,0.4456699820863526
2025-03-06,1318.22,-0.831520092216829,-0.09398620029036259,0.32568158477448755
2025-03-07,1326.05,-1.5048627038995603,-0.1522682711448371,0.2281930643193617
2025-03-10,1330.28,-1.8374338134964494,-0.1810725457620523,0.214835535014807
2025-03-11,1332.54,-1.2477657456525177,-0.1810725457620523,0.24570322004385248
2025-03-12,1334.41,-0.857229683985562,-0.1810725457620523,0.2915517256587138
2025-03-13,1326.27,-0.6460844008791974,-0.1810725457620523,0.32929156691124384
2025-03-14,1326.15,-0.7464348398460804,-0.1810725457620523,0.31009483689987705
2025-03-17,1336.26,-0.968133435449595,-0.1810725457620523,0.27563513199002787
2025-03-18,1330.97,-0.8619901235578856,-0.17840410835485623,0.2908155156693427
2025-03-19,1324.63,-0.7918711799703174,-0.17840410835485623,0.30215967522931864
2025-03-20,1323.93,-0.862169502852676,-0.17840410835485623,0.29078786969182424
2025-03-21,1321.88,-0.96727868819561,-0.17840410835485623,0.27574820298696534
2025-03-24,1330.32,-0.9262158562974231,-0.17840410835485623,0.28135258329410395
2025-03-25,1331.92,-0.8402448017651517,-0.17840410835485623,0.2942183889151966
2025-03-26,1326.09,-0.7469826784223939,-0.17479205785429344,0.3099963769302674
2025-03-27,1323.81,-0.7310820677022474,-0.17337080094575505,0.3128819296905955
2025-03-28,1317.46,-0.6735305491979473,-0.16961975368598375,0.3238107569540477
2025-03-31,1306.86,-0.4599653991637948,-0.16961975368598375,0.3709831968959503
2025-04-01,1317.33,-0.5417108911571128,-0.16961975368598375,0.3517154134785916
2025-04-02,1317.83,-0.5030644011571137,-0.16961975368598375,0.36064288007355716
2025-04-03,1229.84,0.2264694268048773,-0.11020945814089636,0.5668026470608443
2025-04-04,1210.67,0.2932990120477939,-0.09612033006517062,0.6049488662631689
2025-04-08,1132.79,0.5799149815444358,-0.03569242170382777,0.9783189816070529
2025-04-09,1094.3,0.7383478649380137,-0.03569242170382777,1.0099816743043188
2025-04-10,1168.34,0.39573490446883247,-0.03569242170382777,0.9344259954219335
2025-04-11,1222.46,0.20533032012833882,-0.03569242170382777,0.8822856579237156
2025-04-14,1241.44,0.11241137039166599,-0.03569242170382777,0.8551199703609361
2025-04-15,1227.79,0.14543574685077307,-0.02497169711432725,0.9184671997999602
2025-04-16,1210.3,0.23023854842481195,-0.018037600892446833,0.9776884059392109
2025-04-17,1217.25,0.23098999565279962,-0.018037600892446833,0.9779022634643059
2025-04-18,1219.12,0.21161041211467985,-0.018037600892446833,0.972364219950007
2025-04-21,1207.07,0.2533299526065955,-0.012876941821504784,1.0100291823731689
2025-04-22,1197.13,0.3196436335964069,-0.012876941821504784,1.0283706880618726
2025-04-23,1211.0,0.28883400949574584,-0.012876941821504784,1.0199336756130006
2025-04-24,1223.35,0.2529421659731804,-0.012876941821504784,1.00991999368676
2025-04-25,1229.23,0.2496001893978202,-0.012876941821504784,1.0089781302072467
2025-04-28,1226.8,0.24244939269669102,-0.012876941821504784,1.0069576803467912
2025-04-29,1226.3,0.2430029744863338,-0.012876941821504784,1.0071143422922084
2025-05-05,1240.05,0.23289125590068321,-0.012876941821504784,1.0042463202780985
2025-05-06,1241.95,0.22810052045094148,-0.012876941821504784,1.002882833755395
2025-05-07,1250.37,0.19753501349633024,-0.012876941821504784,0.9941168550687546
2025-05-08,1269.8,0.11928310868198111,-0.012885507515308888,0.9711886339528417
2025-05-09,1267.3,0.07928800924958422,-0.02722583039524963,0.8876075307147604
2025-05-12,1283.26,0.04921735642273007,-0.02722583039524963,0.8786241443337599
2025-05-13,1293.43,0.01765476962521201,-0.02722583039524963,0.8691667286968274
2025-05-14,1309.73,-0.009132024722054821,-0.02722583039524963,0.8611313167600885
2025-05-15,1313.2,-0.029346569940100927,-0.02722583039524963,0.8550694035600905
2025-05-16,1301.39,0.04546479090133685,-0.02722583039524963,0.8775008952709986
2025-05-19,1296.29,0.08212716340694994,-0.02722583039524963,0.888453752376293
2025-05-20,1315.15,0.036159949223510124,-0.02722583039524963,0.8747141071973823
2025-05-21,1323.05,0.028175592326815404,-0.02722583039524963,0.8723212896729902
2025-05-22,1313.84,0.05019063906991464,-0.02722583039524963,0.8789154089467279
2025-05-23,1314.46,0.07121760877215767,-0.02722583039524963,0.8852000825877921
2025-05-26,1332.51,0.03808481307389044,-0.02722583039524963,0.875290771125885
2025-05-27,1339.81,0.018617171354525525,-0.02722583039524963,0.8694553542501304
2025-05-28,1341.87,0.014541454274136058,-0.02722583039524963,0.8682329768472872
2025-05-29,1341.86,0.023878767173596792,-0.02722583039524963,0.8710331169296899
2025-05-30,1332.6,0.05968338877648427,-0.02722583039524963,0.8817546350439711
2025-06-02,1336.3,0.05503788499013586,-0.02722583039524963,0.8803655617925437
2025-06-03,1347.25,0.033979785168525845,-0.02722583039524963,0.87406086199182
2025-06-04,1345.74,0.042501137856421616,-0.026134320150995045,0.882071068965865
2025-06-05,1342.09,0.06695544184994104,-0.023485757289004452,0.9026278835046933
2025-06-06,1329.89,0.13000271791411644,-0.014527517313462138,0.9661449902624143
2025-06-09,1310.57,0.20640252807329593,-0.005668977089773921,1.0327112871017436
2025-06-10,1316.23,0.22149810855368712,-0.005668977089773921,1.0370387569122532
2025-06-11,1315.2,0.24482838403671361,-0.005668977089773921,1.0436704579550728
2025-06-12,1322.99,0.24554066833286875,-0.005668977089773921,1.0438717952652263
2025-06-13,1315.49,0.2949321649478761,-0.001989586106919954,1.0760524791057269
2025-06-16,1338.11,0.2125283837568836,-0.00664436011479712,1.0295937921079026
2025-06-17,1347.69,0.20937307751998788,-0.00664436011479712,1.0286881055555588
2025-06-18,1346.83,0.23645139648893704,-0.00664436011479712,1.0364205462476168
2025-06-19,1352.04,0.23413427426516287,-0.00664436011479712,1.03576251738358
2025-06-20,1349.35,0.2259460560405638,-0.008168144902757012,1.025812679241808
2025-06-23,1358.18,0.24650548746125586,-0.008168144902757012,1.0316485659664505
2025-06-24,1366.77,0.22529071874784617,-0.008168144902757012,1.0256257557024455
2025-06-25,1366.75,0.2386274951868962,-0.008168144902757012,1.029418958416071
2025-06-26,1365.67,0.25431607654103233,-0.008168144902757012,1.0338507341979615
2025-06-27,1371.44,0.2770337547731416,-0.008168144902757012,1.040206536537335
2025-06-30,1376.07,0.16680757858361078,-0.041100024399327084,0.8440831216409825
2025-07-01,1377.84,0.18723117730380515,-0.041100024399327084,0.8500219573771199
2025-07-02,1384.59,0.1153706948489016,-0.041100024399327084,0.8289583366928261
2025-07-03,1381.96,0.09346524947216582,-0.041100024399327084,0.8224580882136878
2025-07-04,1386.97,0.09258383097578254,-0.041100024399327084,0.8221959377685846
2025-07-07,1402.06,0.04537415133810544,-0.041100024399327084,0.8081027893994814
2025-07-08,1415.46,0.2021566991111733,-0.041100024399327084,0.8543340126952694
2025-07-09,1431.32,0.2895148645047689,-0.041100024399327084,0.8790063478719699
2025-07-10,1445.64,0.2555545495896767,-0.041100024399327084,0.8695397403206033
2025-07-11,1457.76,0.21181028079814435,-0.041100024399327084,0.857109453822003
2025-07-14,1470.42,0.15588810227986197,-0.041100024399327084,0.8408911299254969
2025-07-15,1460.65,0.24163827215389624,-0.041100024399327084,0.8656126483532878
2025-07-16,1475.47,0.27244911307190733,-0.041100024399327084,0.8742705574982133
2025-07-17,1490.01,0.11952646538815878,-0.041100024399327084,0.8301880254609515
2025-07-18,1497.28,0.08355545564475465,-0.041100024399327084,0.8195083427828687
2025-07-21,1485.05,0.262187782793364,-0.041100024399327084,0.8714020876143465
2025-07-22,1509.54,0.17156907333126226,-0.041100024399327084,0.8454714465877411
2025-07-23,1512.31,0.26230402587889734,-0.041100024399327084,0.8714346680497751
2025-07-24,1521.02,0.03458288758506702,-0.041100024399327084,0.8048706102258154
2025-07-25,1531.13,-0.15752446490670716,-0.04382109004739338,0.7340242496834661
2025-07-28,1557.42,-0.06122256864804243,-0.04382109004739338,0.7625506922770493
2025-07-29,1493.41,0.2584275697626104,-0.04382109004739338,0.8567418092792531
2025-07-30,1507.63,0.22854755514456251,-0.04382109004739338,0.8482894476024003
2025-07-31,1502.52,0.2877354683878293,-0.04382109004739338,0.8649093124507028
2025-08-01,1495.21,0.3144571036108182,-0.04382109004739338,0.872240482501272
2025-08-04,1528.19,0.22275888456130752,-0.04382109004739338,0.8466383596235747
2025-08-05,1547.15,0.06402120139459788,-0.04382109004739338,0.8000747126701142
2025-08-06,1573.71,-0.15702642051426513,-0.04382109004739338,0.7341700272777144
2025-08-07,1581.81,-0.14774495152400813,-0.04382109004739338,0.736890779140574
2025-08-08,1584.95,-0.16093046891808954,-0.04382109004739338,0.7330279238286316
2025-08-11,1596.86,-0.17518663381403482,-0.04382109004739338,0.7288696943126581
2025-08-12,1608.22,-0.17078275582669628,-0.04382109004739338,0.7301520972187814
2025-08-13,1611.6,-0.1203961857553079,-0.04382109004739338,0.7449492052504098
2025-08-14,1640.69,-0.2673769881335671,-0.04382109004739338,0.7025398194044133
2025-08-15,1630.0,-0.24962569070663745,-0.04382109004739338,0.7075245176029817
2025-08-18,1636.37,-0.2721016452661223,-0.04382109004739338,0.701220749346283
2025-08-19,1654.2,-0.35540060077991037,-0.04382109004739338,0.6785476466294582
2025-08-20,1664.36,-0.46821150089897795,-0.04382109004739338,0.6498686170573864
2025-08-21,1688.0,-0.5576377435637196,-0.04382109004739338,0.6290277598037997
2025-08-22,1645.47,-0.3108355474523398,-0.04230408715490865,0.6981204536964317
2025-08-25,1614.03,-0.1541866311814021,-0.04230408715490865,0.7425866782174319
2025-08-26,1667.63,-0.33682655400803513,-0.04230408715490865,0.6910871634418034
2025-08-27,1672.78,-0.3419349681302204,-0.04230408715490865,0.6897184368004616
2025-08-28,1680.86,-0.3869614671165739,-0.04230408715490865,0.6778582292689584
2025-08-29,1682.21,-0.4009152327971582,-0.04230408715490865,0.6742600246780541
2025-09-03,1681.3,-0.4622025656642399,-0.04230408715490865,0.6589162658263267
2025-09-04,1696.29,-0.5261953634398591,-0.04230408715490865,0.6437393322042577
2025-09-05,1666.97,-0.2828693619244411,-0.029942429817793367,0.7676202543226636
2025-09-08,1624.53,-0.14473558933701275,-0.029942429817793367,0.807167852637612
2025-09-09,1637.32,-0.16636777628932825,-0.029942429817793367,0.8008329531058658
2025-09-10,1643.26,-0.11858845908133601,-0.029942429817793367,0.8148771539370191
2025-09-11,1657.75,-0.08273543556929992,-0.029942429817793367,0.8255236992679621
2025-09-12,1667.26,-0.07423448077887099,-0.029942429817793367,0.8280583255295001
2025-09-15,1684.9,-0.13638347952277594,-0.029942429817793367,0.8096246131933751
2025-09-16,1680.9,-0.13330423162328858,-0.027634005592242276,0.8220739126796556
2025-09-17,1670.97,-0.07018551144169333,-0.02185556892104585,0.8697010073994229
2025-09-18,1665.18,-0.12402050518651779,-0.020182811217703742,0.8620693829988944
2025-09-19,1658.62,-0.3240093853726664,-0.07381498146418759,0.5369867776342172
2025-09-22,1634.45,-0.1753361160627676,-0.07381498146418759,0.5788567423035599
2025-09-23,1635.26,-0.13601227798037305,-0.07381498146418759,0.5903711749816429
2025-09-24,1657.46,-0.18276092066401492,-0.07381498146418759,0.5766992191620868
2025-09-25,1666.09,-0.21785980373719904,-0.07381498146418759,0.5665819161168881
2025-09-26,1660.7,-0.26519216115213373,-0.07381498146418759,0.5531814459300171
2025-09-29,1666.48,-0.2199327518318391,-0.07381498146418759,0.5659889031818863
2025-09-30,1661.7,-0.18670244206844855,-0.07381498146418759,0.5755562157439305
2025-10-01,1665.05,-0.22122693029312493,-0.07381498146418759,0.5656189440653355
2025-10-02,1652.71,-0.23849352999874612,-0.07381498146418759,0.560703396134421
2025-10-03,1645.82,-0.2557581905012649,-0.08481195347652597,0.5008431032714438
2025-10-06,1695.5,-0.30510508042434975,-0.08481195347652597,0.48714698794491823
2025-10-07,1685.3,-0.25587768427464463,-0.08481195347652597,0.5008095024598462
2025-10-08,1697.83,-0.3106546780355293,-0.08481195347652597,0.4856304630775447
2025-10-09,1716.47,-0.38373843760143395,-0.08481195347652597,0.4661553294481338
2025-10-10,1747.55,-0.4742513427709422,-0.08481195347652597,0.4434518588265291
2025-10-13,1765.12,-0.5321299244105883,-0.08481195347652597,0.42983797302382204
2025-10-14,1761.06,-0.5291974859809299,-0.08481195347652597,0.4305100108759557
2025-10-15,1757.95,-0.5511608047679701,-0.08481195347652597,0.4255233211124015
2025-10-16,1766.85,-0.5900192086480672,-0.08481195347652597,0.41696740588204634
2025-10-17,1731.19,-0.45935198184136666,-0.06596040873618728,0.5413311828475693
2025-10-20,1636.43,-0.06452924302605274,-0.04152786504332979,0.7730287273222475
2025-10-21,1663.43,-0.1651731727198718,-0.04152786504332979,0.7432544874020789
2025-10-22,1678.5,-0.21884611664284448,-0.04152786504332979,0.7277352754068638
2025-10-23,1687.06,-0.3431648975853382,-0.04152786504332979,0.6932706899647447
2025-10-24,1683.18,-0.3316306086050832,-0.04082855329422298,0.699861676699286
2025-10-27,1652.54,-0.16846331529830638,-0.04082855329422298,0.7457909702510823
2025-10-28,1680.5,-0.3719828571848478,-0.04082855329422298,0.6891397699013482
2025-10-29,1685.83,-0.43251818837472367,-0.04082855329422298,0.6736301399313513
2025-10-30,1669.57,-0.32722008098168454,-0.03148714938576995,0.7477580464837381
2025-10-31,1639.65,-0.016969562370809693,-0.013813923703229402,0.9258400013821086
2025-11-03,1617.0,0.34842856385032156,-0.007402304684903528,1.0634828299564123
2025-11-04,1651.98,-0.2537417121365746,-0.007402304684903528,0.8884586693762481
2025-11-05,1654.89,-0.5700041679851389,-0.007402304684903528,0.808379774878726
2025-11-06,1642.64,0.0,0.0,1.0
