batch_idx,timestep,trigger,rebalanced,selected_stocks,risk_eta,dir_logit_bear,dir_logit_side,dir_logit_bull,c_mkt_norm,c_mkt_diff,raw_return,turnover_penalty,symdiff_penalty,net_reward,baseline,advantage,advantage_norm,pg_loss,risk_loss,dir_loss,grad_norm,skipped_update
0,0,Schedule | Regime Shift (Initial),True,"30,108,58,66,115,37,97,18,10,50",1.097214698791504,-1.872305154800415,-1.294331431388855,-0.6066930294036865,7.999809265136719,0.0,0.017299849539995193,0.0,0.0,0.017299849539995193,0.014465689659118652,0.002834159880876541,0.21840408444404602,1.0336443185806274,0.5373024344444275,0.3415454030036926,2.7323875427246094,0.0
0,1,None,False,"30,108,58,66,115,37,97,18,10,50",1.0555037260055542,-2.3261375427246094,-1.3491909503936768,-0.7201536893844604,7.999699592590332,5.836601734161377,0.022216135635972023,0.0,0.0,0.022216135635972023,0.02477264404296875,-0.002556508406996727,0.2730790078639984,0.0,0.7775317430496216,0.33278363943099976,2.7323875427246094,0.0
0,2,None,False,"30,108,58,66,115,37,97,18,10,50",1.1470296382904053,-1.7635295391082764,-1.032224416732788,-0.9866312742233276,7.999752998352051,5.477145671844482,0.023660147562623024,0.0,0.0,0.023660147562623024,0.024372220039367676,-0.0007120724767446518,0.10856713354587555,0.0,0.782505214214325,0.4259617328643799,2.7323875427246094,0.0
0,3,None,False,"30,108,58,66,115,37,97,18,10,50",1.1106913089752197,-2.1712398529052734,-1.356170892715454,-0.5764526128768921,7.999764919281006,4.7769880294799805,0.023348737508058548,0.0,0.0,0.023348737508058548,0.015082478523254395,0.008266258984804153,0.3478798568248749,0.0,0.9469917416572571,0.4146231412887573,2.7323875427246094,0.0
0,4,None,False,"30,108,58,66,115,37,97,18,10,50",1.10103178024292,-1.9917937517166138,-0.9453569650650024,-0.7399579286575317,7.999765396118164,6.085535526275635,0.039367884397506714,0.0,0.0,0.039367884397506714,0.02168118953704834,0.017686694860458374,0.47072339057922363,0.0,0.9215143322944641,0.4501801133155823,2.7323875427246094,0.0
0,5,None,False,"30,108,58,66,115,37,97,18,10,50",1.089285969734192,-1.95693039894104,-1.1551626920700073,-0.7204703688621521,7.999819755554199,4.428886413574219,0.036213796585798264,0.0,0.0,0.036213796585798264,0.021342158317565918,0.014871638268232346,0.4809936583042145,0.0,0.9653037190437317,0.4663454592227936,2.7323875427246094,0.0
0,6,None,False,"30,108,58,66,115,37,97,18,10,50",1.0912024974822998,-1.9722075462341309,-1.2640182971954346,-0.6844443082809448,7.999764919281006,2.9181463718414307,0.04929779842495918,0.0,0.0,0.04929779842495918,0.016625165939331055,0.03267263248562813,0.6859790682792664,0.0,0.9765889644622803,0.46007248759269714,2.7323875427246094,0.0
0,7,None,False,"30,108,58,66,115,37,97,18,10,50",1.139158844947815,-1.7945685386657715,-0.8595848083496094,-0.8378785848617554,7.999819755554199,4.030028820037842,0.022729117423295975,0.0,0.0,0.022729117423295975,0.004214882850646973,0.018514234572649002,0.5670080780982971,0.0,0.8842052221298218,0.44171279668807983,2.7323875427246094,0.0
0,8,None,False,"30,108,58,66,115,37,97,18,10,50",1.103594183921814,-1.9049893617630005,-0.9598434567451477,-0.8357726335525513,7.999817371368408,3.9236133098602295,0.021245384588837624,0.0,0.0,0.021245384588837624,0.010186076164245605,0.011059308424592018,0.3590484857559204,0.0,0.9789190292358398,0.4691121578216553,2.7323875427246094,0.0
0,9,None,False,"30,108,58,66,115,37,97,18,10,50",1.0948517322540283,-2.0178160667419434,-1.3430966138839722,-0.5214440822601318,7.999823093414307,4.490980625152588,0.010912900790572166,0.0,0.0,0.010912900790572166,0.008364081382751465,0.0025488194078207016,0.22178034484386444,0.0,1.0160138607025146,0.5292247533798218,2.7323875427246094,0.0
0,10,None,False,"30,108,58,66,115,37,97,18,10,50",1.1444635391235352,-2.195831060409546,-1.298495888710022,-0.7490862011909485,7.9997382164001465,4.28594446182251,0.00538784870877862,0.0,0.0,0.00538784870877862,0.007823944091796875,-0.0024360953830182552,0.29853373765945435,0.0,1.082064151763916,0.5119435787200928,2.7323875427246094,0.0
0,11,None,False,"30,108,58,66,115,37,97,18,10,50",1.102568507194519,-2.1244213581085205,-1.116698980331421,-0.6728459596633911,7.999795913696289,4.440526008605957,-0.0007440865156240761,0.0,0.0,-0.0007440865156240761,0.008397698402404785,-0.009141785092651844,0.16389623284339905,0.0,1.0292203426361084,0.45100730657577515,2.7323875427246094,0.0
0,12,None,False,"30,108,58,66,115,37,97,18,10,50",0.9827062487602234,-1.8309881687164307,-1.225964069366455,-0.7242769002914429,7.9996514320373535,6.619480133056641,0.016153043136000633,0.0,0.0,0.016153043136000633,0.016896486282348633,-0.0007434431463479996,0.2834991216659546,0.0,0.99868243932724,0.4357810616493225,2.7323875427246094,0.0
0,13,None,False,"30,108,58,66,115,37,97,18,10,50",1.117532730102539,-1.914339303970337,-1.1793962717056274,-0.5427526235580444,7.999800205230713,7.529566764831543,0.013594090938568115,0.0,0.0,0.013594090938568115,0.023203611373901367,-0.009609520435333252,0.26989319920539856,0.0,1.1743961572647095,0.5085219740867615,2.7323875427246094,0.0
0,14,Schedule,True,"68,76,133,131,100,92,55,6,118,19",1.047956109046936,-1.8469995260238647,-0.6718965172767639,-0.8386703729629517,7.999707221984863,7.033875942230225,0.029770631343126297,0.10333333333333332,0.20666666666666664,-0.2802293598651886,0.02707076072692871,-0.3073001205921173,-0.9002612233161926,-4.520923614501953,1.131675362586975,0.4416210651397705,2.7323875427246094,0.0
0,15,None,False,"68,76,133,131,100,92,55,6,118,19",1.0703728199005127,-1.9297208786010742,-1.1288938522338867,-0.7058850526809692,7.999813556671143,4.996613502502441,0.010034906677901745,0.0,0.0,0.010034906677901745,0.01188671588897705,-0.001851809211075306,0.16580438613891602,0.0,0.9077885746955872,0.38359886407852173,2.7323875427246094,0.0
0,16,None,False,"68,76,133,131,100,92,55,6,118,19",1.0612986087799072,-2.032231092453003,-1.2928566932678223,-0.6639869213104248,7.999768257141113,2.9832935333251953,-0.006671100854873657,0.0,0.0,-0.006671100854873657,-0.0051239728927612305,-0.0015471279621124268,0.19458457827568054,0.0,0.8221360445022583,0.38141220808029175,2.7323875427246094,0.0
0,17,None,False,"68,76,133,131,100,92,55,6,118,19",1.0690959692001343,-1.8190172910690308,-1.1419532299041748,-0.6092207431793213,7.999793529510498,4.40626859664917,-0.007975715212523937,0.0,0.0,-0.007975715212523937,-0.0038726329803466797,-0.0041030822321772575,0.19412818551063538,0.0,0.7501517534255981,0.3148091733455658,2.7323875427246094,0.0
0,18,None,False,"68,76,133,131,100,92,55,6,118,19",1.0728803873062134,-1.9984583854675293,-1.1935771703720093,-0.5803364515304565,7.999768257141113,3.343320369720459,-0.022889811545610428,0.0,0.0,-0.022889811545610428,-0.007268011569976807,-0.015621799975633621,0.2664299011230469,0.0,0.7256238460540771,0.3807080388069153,2.7323875427246094,0.0
0,19,None,False,"68,76,133,131,100,92,55,6,118,19",1.0685572624206543,-1.9361761808395386,-1.2167587280273438,-0.8362340927124023,7.999818325042725,5.064361572265625,-0.03542066365480423,0.0,0.0,-0.03542066365480423,-0.012857675552368164,-0.022562988102436066,0.16368159651756287,0.0,0.810803234577179,0.4043163061141968,2.7323875427246094,0.0
0,20,None,False,"68,76,133,131,100,92,55,6,118,19",1.0897201299667358,-1.9577915668487549,-1.2336277961730957,-0.7345253229141235,7.999815940856934,3.2036452293395996,-0.025387877598404884,0.0,0.0,-0.025387877598404884,-0.0015456080436706543,-0.02384226955473423,-0.09594029933214188,0.0,0.6979683041572571,0.3090686798095703,2.7323875427246094,0.0
0,21,None,False,"68,76,133,131,100,92,55,6,118,19",1.0175113677978516,-2.015591621398926,-1.3823211193084717,-0.7287914752960205,7.999765872955322,4.482232570648193,-0.022889334708452225,0.0,0.0,-0.022889334708452225,-0.003858029842376709,-0.019031304866075516,-0.19464507699012756,0.0,0.700206458568573,0.3966909945011139,2.7323875427246094,0.0
0,22,None,False,"68,76,133,131,100,92,55,6,118,19",0.9465142488479614,-2.112285852432251,-1.1602636575698853,-0.6820327043533325,7.999636650085449,7.127082347869873,-0.01649222895503044,0.0,0.0,-0.01649222895503044,-0.014763593673706055,-0.0017286352813243866,0.23852597177028656,0.0,0.7870939373970032,0.380375474691391,2.7323875427246094,0.0
0,23,None,False,"68,76,133,131,100,92,55,6,118,19",1.1484582424163818,-1.71867835521698,-1.0134087800979614,-0.9670654535293579,7.999782085418701,7.452873706817627,-0.011940574273467064,0.0,0.0,-0.011940574273467064,-0.022024154663085938,0.010083580389618874,0.41128355264663696,0.0,0.9815151691436768,0.3904472887516022,2.7323875427246094,0.0
0,24,None,False,"68,76,133,131,100,92,55,6,118,19",1.1205235719680786,-1.874153971672058,-1.0909850597381592,-0.8100372552871704,7.999802589416504,3.0178613662719727,-0.006328475661575794,0.0,0.0,-0.006328475661575794,-0.02499157190322876,0.01866309717297554,0.49805164337158203,0.0,0.8266482353210449,0.3906901478767395,2.7323875427246094,0.0
0,25,None,False,"68,76,133,131,100,92,55,6,118,19",1.1463676691055298,-2.1140196323394775,-0.9870450496673584,-1.1332952976226807,7.999619007110596,4.408962726593018,-0.00022052526765037328,0.0,0.0,-0.00022052526765037328,-0.03321337699890137,0.03299285098910332,1.9160417318344116,0.0,0.9351550936698914,0.36585330963134766,2.7323875427246094,0.0
0,26,None,False,"68,76,133,131,100,92,55,6,118,19",1.086422085762024,-2.0492985248565674,-1.1403307914733887,-0.8995108604431152,7.999806880950928,4.8565168380737305,0.0066082836128771305,0.0,0.0,0.0066082836128771305,-0.02327960729598999,0.029887890443205833,0.7193813920021057,0.0,0.9464517831802368,0.3823493719100952,2.7323875427246094,0.0
0,27,Struct Break (DC),True,"43,14,65,138,93,124,73,91,23,84",1.0774726867675781,-2.1248390674591064,-1.1672556400299072,-0.8260108232498169,7.99979829788208,4.886358737945557,0.006848835851997137,0.10333333333333332,0.20666666666666664,-0.3031511604785919,-0.005807220935821533,-0.2973439395427704,-3.5938174724578857,-17.881664276123047,0.9143790006637573,0.47256535291671753,2.7323875427246094,0.0
0,28,None,False,"43,14,65,138,93,124,73,91,23,84",1.1085059642791748,-2.165118455886841,-1.1442489624023438,-0.8950854539871216,7.999807834625244,3.5165724754333496,0.013779896311461926,0.0,0.0,0.013779896311461926,0.01138150691986084,0.0023983893916010857,0.798606812953949,0.0,0.9760472774505615,0.44462722539901733,2.7323875427246094,0.0
0,29,None,False,"43,14,65,138,93,124,73,91,23,84",1.0127224922180176,-1.8995616436004639,-1.2535755634307861,-0.8389606475830078,7.999764919281006,3.53601336479187,0.012362843379378319,0.0,0.0,0.012362843379378319,0.01322793960571289,-0.0008650962263345718,0.24494817852973938,0.0,0.9180697202682495,0.4104447364807129,2.7323875427246094,0.0
0,30,None,False,"43,14,65,138,93,124,73,91,23,84",1.1653270721435547,-2.254081964492798,-1.1622769832611084,-0.7253851890563965,7.999782085418701,5.330060005187988,0.029603630304336548,0.0,0.0,0.029603630304336548,0.028043270111083984,0.0015603601932525635,0.17530116438865662,0.0,0.8921438455581665,0.39588236808776855,2.7323875427246094,0.0
0,31,None,False,"43,14,65,138,93,124,73,91,23,84",1.0958328247070312,-1.8092139959335327,-0.9953123331069946,-0.8661624789237976,7.999820709228516,5.056159973144531,0.026149099692702293,0.0,0.0,0.026149099692702293,0.03877890110015869,-0.012629801407456398,0.039322465658187866,0.0,0.9050995111465454,0.37094753980636597,2.7323875427246094,0.0
0,32,None,False,"43,14,65,138,93,124,73,91,23,84",1.0430057048797607,-2.0604987144470215,-0.8418872952461243,-0.8048433065414429,7.999729156494141,5.396121501922607,0.018943315371870995,0.0,0.0,0.018943315371870995,0.030022740364074707,-0.011079424992203712,0.09242323786020279,0.0,0.645463228225708,0.3631126880645752,2.7323875427246094,0.0
0,33,None,False,"43,14,65,138,93,124,73,91,23,84",1.0913197994232178,-2.00152850151062,-1.121451735496521,-0.7986664772033691,7.999804496765137,4.474212169647217,0.011879568919539452,0.0,0.0,0.011879568919539452,0.011586308479309082,0.00029326044023036957,0.43092915415763855,0.0,0.7612038254737854,0.4084032475948334,2.7323875427246094,0.0
0,34,None,False,"43,14,65,138,93,124,73,91,23,84",1.1292685270309448,-1.8383235931396484,-1.082327961921692,-0.6942561864852905,7.999817371368408,3.0160939693450928,0.020521897822618484,0.0,0.0,0.020521897822618484,0.013164043426513672,0.007357854396104813,0.3172242045402527,0.0,0.6987829208374023,0.38691332936286926,2.7323875427246094,0.0
0,35,None,False,"43,14,65,138,93,124,73,91,23,84",1.0808067321777344,-2.225992202758789,-1.0831533670425415,-0.7386906743049622,7.999763488769531,5.171253681182861,0.02105150744318962,0.0,0.0,0.02105150744318962,0.013614773750305176,0.007436733692884445,0.3944994807243347,0.0,0.5936235189437866,0.3112896978855133,2.7323875427246094,0.0
0,36,None,False,"43,14,65,138,93,124,73,91,23,84",1.0485671758651733,-2.271430253982544,-1.2157585620880127,-0.9875894784927368,7.999800682067871,5.969277858734131,0.024406999349594116,0.0,0.0,0.024406999349594116,0.016050100326538086,0.00835689902305603,0.4925270676612854,0.0,0.5804210305213928,0.3304566740989685,2.7323875427246094,0.0
0,37,None,False,"43,14,65,138,93,124,73,91,23,84",1.1513392925262451,-2.032545328140259,-1.0810909271240234,-0.8490298390388489,7.999817848205566,4.902163028717041,0.0169520266354084,0.0,0.0,0.0169520266354084,0.013165116310119629,0.0037869103252887726,0.36655643582344055,0.0,0.557864248752594,0.3155915439128876,2.7323875427246094,0.0
0,38,None,False,"43,14,65,138,93,124,73,91,23,84",1.1047769784927368,-2.027517557144165,-1.1664950847625732,-0.7021799087524414,7.999833106994629,3.6437337398529053,0.0033951043151319027,0.0,0.0,0.0033951043151319027,-0.000662684440612793,0.004057788755744696,0.2882777154445648,0.0,0.47295767068862915,0.31836891174316406,2.7323875427246094,0.0
0,39,None,False,"43,14,65,138,93,124,73,91,23,84",1.0921564102172852,-1.9395183324813843,-1.2822006940841675,-0.6522732973098755,7.999814510345459,3.301342248916626,-0.018499935045838356,0.0,0.0,-0.018499935045838356,-0.006643772125244141,-0.011856162920594215,-0.8050272464752197,0.0,0.5862499475479126,0.34449294209480286,2.7323875427246094,0.0
0,40,None,False,"43,14,65,138,93,124,73,91,23,84",1.0973801612854004,-1.991685152053833,-1.1505128145217896,-0.738006591796875,7.999730587005615,4.752010345458984,-0.02279980108141899,0.0,0.0,-0.02279980108141899,-0.01507711410522461,-0.007722686976194382,0.14629070460796356,0.0,0.5848149657249451,0.30356651544570923,2.7323875427246094,0.0
0,41,Schedule,True,"83,73,108,139,19,30,39,32,75,134",1.080143928527832,-1.8662227392196655,-1.0156745910644531,-0.8868973255157471,7.999785423278809,4.270280361175537,-0.01723431423306465,0.09299999753634133,0.18599999507268267,-0.2962343096733093,-0.013956248760223389,-0.28227806091308594,-3.865715742111206,-19.228374481201172,0.5287229418754578,0.3235008716583252,2.7323875427246094,0.0
0,42,None,False,"83,73,108,139,19,30,39,32,75,134",1.0049113035202026,-2.1696979999542236,-1.2481625080108643,-0.6955174207687378,7.999749183654785,6.479964733123779,0.001093786908313632,0.0,0.0,0.001093786908313632,-0.014081120491027832,0.015174907632172108,0.6533321738243103,0.0,0.413662850856781,0.3232857286930084,2.7323875427246094,0.0
0,43,None,False,"83,73,108,139,19,30,39,32,75,134",1.0933829545974731,-1.7620337009429932,-0.9479080438613892,-0.8139393329620361,7.9997782707214355,5.307186603546143,0.028086716309189796,0.0,0.0,0.028086716309189796,0.004176616668701172,0.023910099640488625,0.5305917263031006,0.0,0.4867899417877197,0.35425713658332825,2.7323875427246094,0.0
0,44,None,False,"83,73,108,139,19,30,39,32,75,134",1.1259162425994873,-2.0246593952178955,-1.2984224557876587,-0.8542059063911438,7.999711990356445,6.265501499176025,0.007908863015472889,0.0,0.0,0.007908863015472889,-0.005769193172454834,0.013678056187927723,0.40437746047973633,0.0,0.6067559123039246,0.338779091835022,2.7323875427246094,0.0
0,45,None,False,"83,73,108,139,19,30,39,32,75,134",1.039802074432373,-2.1057703495025635,-1.0754547119140625,-0.6738036870956421,7.999790668487549,5.155754566192627,-0.002197265625,0.0,0.0,-0.002197265625,-0.000847935676574707,-0.001349329948425293,0.27987101674079895,0.0,0.815343976020813,0.3151823878288269,2.7323875427246094,0.0
0,46,None,False,"83,73,108,139,19,30,39,32,75,134",1.085369348526001,-1.7975465059280396,-1.039855718612671,-0.8214356899261475,7.999786376953125,3.865600347518921,-0.017209535464644432,0.0,0.0,-0.017209535464644432,-0.011947154998779297,-0.005262380465865135,0.24246731400489807,0.0,0.796231746673584,0.3192509412765503,2.7323875427246094,0.0
0,47,None,False,"83,73,108,139,19,30,39,32,75,134",1.059850811958313,-2.17571759223938,-1.3853425979614258,-0.6465827822685242,7.9997382164001465,6.63611364364624,-0.03584156557917595,0.0,0.0,-0.03584156557917595,-0.015515267848968506,-0.020326297730207443,0.3003336787223816,0.0,0.7160192728042603,0.3484172821044922,2.7323875427246094,0.0
0,48,None,False,"83,73,108,139,19,30,39,32,75,134",1.0650150775909424,-2.0546681880950928,-1.039426326751709,-0.7009543180465698,7.999806880950928,5.134783744812012,-0.04929756373167038,0.0,0.0,-0.04929756373167038,-0.016587018966674805,-0.032710544764995575,-0.05726324021816254,0.0,0.7313954830169678,0.33276838064193726,2.7323875427246094,0.0
0,49,None,False,"83,73,108,139,19,30,39,32,75,134",1.1044461727142334,-1.9406592845916748,-0.9989204406738281,-0.7881244421005249,7.999773979187012,4.900691986083984,-0.026129741221666336,0.0,0.0,-0.026129741221666336,-0.003695547580718994,-0.022434193640947342,0.1712651252746582,0.0,0.5472484827041626,0.31797704100608826,2.7323875427246094,0.0
0,50,None,False,"83,73,108,139,19,30,39,32,75,134",1.0612740516662598,-1.9512602090835571,-1.114296793937683,-0.8508363962173462,7.999744415283203,5.492432117462158,-0.016273653134703636,0.0,0.0,-0.016273653134703636,-0.004838109016418457,-0.01143554411828518,0.322983056306839,0.0,0.6807994842529297,0.3394366204738617,2.7323875427246094,0.0
0,51,Struct Break (DC),True,"66,123,52,13,93,127,40,41,30,57",1.1020065546035767,-2.155785322189331,-1.1056302785873413,-0.7255516052246094,7.999723434448242,5.259857177734375,0.009356403723359108,0.09299999753634133,0.18599999507268267,-0.2696435749530792,0.003512740135192871,-0.2731563150882721,-2.436680316925049,-12.150741577148438,0.4429354667663574,0.3425709903240204,2.7323875427246094,0.0
0,52,None,False,"66,123,52,13,93,127,40,41,30,57",1.0565292835235596,-2.3936948776245117,-1.3933823108673096,-0.6924059987068176,7.999770164489746,5.584798336029053,0.008997445926070213,0.0,0.0,0.008997445926070213,0.00756072998046875,0.0014367159456014633,0.3346402645111084,0.0,0.645074725151062,0.3970903754234314,2.7323875427246094,0.0
0,53,None,False,"66,123,52,13,93,127,40,41,30,57",1.1265052556991577,-1.81361722946167,-1.0196294784545898,-0.7838951945304871,7.999837875366211,4.5763397216796875,0.007926160469651222,0.0,0.0,0.007926160469651222,0.007462024688720703,0.0004641357809305191,0.1166609525680542,0.0,0.6087559461593628,0.38909757137298584,2.7323875427246094,0.0
0,54,None,False,"66,123,52,13,93,127,40,41,30,57",1.1335772275924683,-2.2542059421539307,-1.1998447179794312,-0.7063009738922119,7.9997334480285645,4.041595935821533,0.009404647164046764,0.0,0.0,0.009404647164046764,0.009378194808959961,2.6452355086803436e-05,0.3069334626197815,0.0,0.541610598564148,0.3922756016254425,2.7323875427246094,0.0
0,55,None,False,"66,123,52,13,93,127,40,41,30,57",1.1118746995925903,-1.9625194072723389,-1.1173540353775024,-0.7124639749526978,7.999780654907227,3.2674975395202637,0.00894477404654026,0.0,0.0,0.00894477404654026,0.01023101806640625,-0.0012862440198659897,0.1257326751947403,0.0,0.7105099558830261,0.3996134400367737,2.7323875427246094,0.0
0,56,None,False,"66,123,52,13,93,127,40,41,30,57",1.0514609813690186,-1.9390171766281128,-0.8708940744400024,-0.7542775869369507,7.9996843338012695,4.525060176849365,0.002451431704685092,0.0,0.0,0.002451431704685092,0.006562709808349609,-0.004111277870833874,0.3811170160770416,0.0,0.8525850772857666,0.39498651027679443,2.7323875427246094,0.0
0,57,None,False,"66,123,52,13,93,127,40,41,30,57",1.1099568605422974,-1.7379705905914307,-1.1142137050628662,-0.799441397190094,7.9997758865356445,5.4943037033081055,0.008379632607102394,0.0,0.0,0.008379632607102394,0.008807897567749023,-0.00042826496064662933,0.17120395600795746,0.0,0.7786397933959961,0.3869403004646301,2.7323875427246094,0.0
0,58,None,False,"66,123,52,13,93,127,40,41,30,57",1.1359437704086304,-2.11582088470459,-1.2044649124145508,-0.8750298023223877,7.999749660491943,4.522723197937012,0.0061528743244707584,0.0,0.0,0.0061528743244707584,0.01199960708618164,-0.005846732761710882,0.10363847762346268,0.0,0.8537011742591858,0.3765496611595154,2.7323875427246094,0.0
0,59,None,False,"66,123,52,13,93,127,40,41,30,57",1.1397883892059326,-1.988663911819458,-1.1697152853012085,-0.6770834922790527,7.999787330627441,5.249928951263428,0.0038133442867547274,0.0,0.0,0.0038133442867547274,0.007746696472167969,-0.003933352418243885,0.27224406599998474,0.0,0.8237683773040771,0.41555747389793396,2.7323875427246094,0.0
0,60,None,False,"66,123,52,13,93,127,40,41,30,57",1.1504884958267212,-2.123702049255371,-1.3751816749572754,-0.5969645977020264,7.999730587005615,5.661676406860352,-0.010387646965682507,0.0,0.0,-0.010387646965682507,-0.003118455410003662,-0.0072691915556788445,0.13744008541107178,0.0,0.7496353387832642,0.3647826015949249,2.7323875427246094,0.0
0,61,None,False,"66,123,52,13,93,127,40,41,30,57",1.0204378366470337,-2.223177909851074,-0.9551486968994141,-0.7202475070953369,7.999763488769531,6.949802875518799,-0.011357259936630726,0.0,0.0,-0.011357259936630726,0.001526474952697754,-0.01288373488932848,0.3313092887401581,0.0,0.8323835134506226,0.34196433424949646,2.7323875427246094,0.0
0,62,None,False,"66,123,52,13,93,127,40,41,30,57",1.1404942274093628,-2.045081615447998,-1.2715201377868652,-0.5831903219223022,7.999802112579346,5.145383358001709,-0.006741833873093128,0.0,0.0,-0.006741833873093128,0.008223414421081543,-0.014965248294174671,0.038014546036720276,0.0,0.7716402411460876,0.423211932182312,2.7323875427246094,0.0
0,63,None,False,"66,123,52,13,93,127,40,41,30,57",1.0910648107528687,-1.826263427734375,-1.1047565937042236,-0.7535942792892456,7.999786376953125,3.942237138748169,0.004767715930938721,0.0,0.0,0.004767715930938721,0.008160829544067383,-0.003393113613128662,0.1794845461845398,0.0,0.9159897565841675,0.3288688063621521,2.7323875427246094,0.0
0,64,None,False,"66,123,52,13,93,127,40,41,30,57",1.0316317081451416,-2.4696784019470215,-1.1160482168197632,-0.8635300993919373,7.9997053146362305,6.438503265380859,0.0031550168059766293,0.0,0.0,0.0031550168059766293,0.012775182723999023,-0.009620165452361107,0.18527603149414062,0.0,0.868269145488739,0.38175493478775024,2.7323875427246094,0.0
0,65,Schedule,True,"86,5,49,128,99,85,32,102,14,97",1.1514248847961426,-2.080092191696167,-1.130918025970459,-0.794743001461029,7.999771595001221,7.489452362060547,0.02074161171913147,0.10333333333333332,0.20666666666666664,-0.2892583906650543,0.023265361785888672,-0.312523752450943,-2.7082085609436035,-13.505026817321777,0.8155524730682373,0.39017969369888306,2.7323875427246094,0.0
0,66,None,False,"86,5,49,128,99,85,32,102,14,97",1.0887196063995361,-1.9701908826828003,-1.1928813457489014,-0.8450803160667419,7.999843597412109,5.303354263305664,0.010204458609223366,0.0,0.0,0.010204458609223366,0.015317559242248535,-0.005113100633025169,0.4686673879623413,0.0,0.771725058555603,0.31656140089035034,2.7323875427246094,0.0
0,67,None,False,"86,5,49,128,99,85,32,102,14,97",1.0829811096191406,-1.9700413942337036,-1.3008880615234375,-0.7200174331665039,7.999771595001221,3.937513589859009,-3.069639205932617e-06,0.0,0.0,-3.069639205932617e-06,0.008082151412963867,-0.0080852210521698,0.30421727895736694,0.0,0.6125394105911255,0.3450266122817993,2.7323875427246094,0.0
0,68,None,False,"86,5,49,128,99,85,32,102,14,97",1.120488166809082,-1.672865867614746,-1.147018313407898,-0.8949338793754578,7.9997453689575195,4.915483474731445,-0.0017512202030047774,0.0,0.0,-0.0017512202030047774,0.006798148155212402,-0.008549368008971214,0.3543304204940796,0.0,0.5475776195526123,0.32154378294944763,2.7323875427246094,0.0
0,69,None,False,"86,5,49,128,99,85,32,102,14,97",1.1231682300567627,-2.1581151485443115,-1.1054610013961792,-0.7122212648391724,7.999811172485352,4.27363920211792,-0.01640680432319641,0.0,0.0,-0.01640680432319641,0.00499880313873291,-0.02140560746192932,0.1496935784816742,0.0,0.731992244720459,0.34498274326324463,2.7323875427246094,0.0
0,70,None,False,"86,5,49,128,99,85,32,102,14,97",1.1087734699249268,-2.2372231483459473,-1.264051914215088,-0.5451983213424683,7.999807834625244,3.3299312591552734,-0.022959941998124123,0.0,0.0,-0.022959941998124123,0.0001621246337890625,-0.023122066631913185,0.21182316541671753,0.0,0.6924127340316772,0.4632259011268616,2.7323875427246094,0.0
0,71,None,False,"86,5,49,128,99,85,32,102,14,97",1.129957914352417,-2.006155252456665,-0.970131516456604,-0.762843132019043,7.999756336212158,4.039201259613037,-0.017581671476364136,0.0,0.0,-0.017581671476364136,0.003574967384338379,-0.021156638860702515,-0.008466414175927639,0.0,0.8301904797554016,0.5174882411956787,2.7323875427246094,0.0
0,72,None,False,"86,5,49,128,99,85,32,102,14,97",1.106845498085022,-1.9932751655578613,-1.0508193969726562,-0.8920479416847229,7.999812126159668,5.167300701141357,-0.02242112159729004,0.0,0.0,-0.02242112159729004,-0.00044661760330200195,-0.021974503993988037,0.07634840905666351,0.0,0.8700305819511414,0.4853154420852661,2.7323875427246094,0.0
0,73,None,False,"86,5,49,128,99,85,32,102,14,97",1.1105709075927734,-2.0622808933258057,-1.103054165840149,-0.7935548424720764,7.999812126159668,3.0367724895477295,-0.029776811599731445,0.0,0.0,-0.029776811599731445,-0.004588067531585693,-0.025188744068145752,0.23752541840076447,0.0,1.0193158388137817,0.5485926866531372,2.7323875427246094,0.0
0,74,None,False,"86,5,49,128,99,85,32,102,14,97",1.1523137092590332,-2.117434024810791,-0.8865700364112854,-0.7082260251045227,7.999728202819824,4.5382843017578125,-0.02124943770468235,0.0,0.0,-0.02124943770468235,-0.004917502403259277,-0.016331935301423073,0.1525382250547409,0.0,0.9955525398254395,0.5002561211585999,2.7323875427246094,0.0
0,75,None,False,"86,5,49,128,99,85,32,102,14,97",1.0659024715423584,-2.0574564933776855,-1.142638087272644,-0.821918249130249,7.999802589416504,6.162429332733154,-0.01598304510116577,0.0,0.0,-0.01598304510116577,-0.006541609764099121,-0.00944143533706665,0.3064473569393158,0.0,1.2312830686569214,0.48418810963630676,2.7323875427246094,0.0
0,76,None,False,"86,5,49,128,99,85,32,102,14,97",1.0265370607376099,-2.249668598175049,-1.4741508960723877,-0.717902660369873,7.99968147277832,5.6838202476501465,-0.014941370114684105,0.0,0.0,-0.014941370114684105,-0.015154004096984863,0.00021263398230075836,0.3649398684501648,0.0,1.1262602806091309,0.4947139322757721,2.7323875427246094,0.0
0,77,None,False,"86,5,49,128,99,85,32,102,14,97",1.0606404542922974,-1.9358059167861938,-1.3816534280776978,-0.673987865447998,7.999797821044922,4.955811977386475,-0.0002666890504769981,0.0,0.0,-0.0002666890504769981,-0.003763914108276367,0.003497224999591708,0.3020022213459015,0.0,1.0377098321914673,0.5014837384223938,2.7323875427246094,0.0
0,78,None,False,"86,5,49,128,99,85,32,102,14,97",1.1141455173492432,-1.8203314542770386,-1.0789462327957153,-0.847402811050415,7.999807357788086,4.3542561531066895,0.0075629414059221745,0.0,0.0,0.0075629414059221745,-0.004295706748962402,0.01185864768922329,0.4141610264778137,0.0,1.019623041152954,0.520499050617218,2.7323875427246094,0.0
0,79,Schedule,True,"25,104,64,112,43,87,108,8,92,53",1.142195701599121,-2.005627393722534,-1.1063638925552368,-0.8928908109664917,7.999791145324707,4.280089855194092,-0.008894747123122215,0.10333333333333332,0.20666666666666664,-0.31889474391937256,-0.0021712183952331543,-0.3167235255241394,-5.302838325500488,-26.374914169311523,1.1938928365707397,0.45210960507392883,2.7323875427246094,0.0
0,80,None,False,"25,104,64,112,43,87,108,8,92,53",1.1090205907821655,-1.7731170654296875,-1.0701054334640503,-1.0120587348937988,7.9997358322143555,5.2626423835754395,-0.007067829370498657,0.0,0.0,-0.007067829370498657,0.004878640174865723,-0.01194646954536438,0.18101510405540466,0.0,1.058011770248413,0.5264061689376831,2.7323875427246094,0.0
0,81,None,False,"25,104,64,112,43,87,108,8,92,53",1.0978283882141113,-2.297786235809326,-0.9484195709228516,-0.8681908845901489,7.999797821044922,6.707610607147217,-0.0030299187637865543,0.0,0.0,-0.0030299187637865543,0.014352202415466309,-0.017382120713591576,0.014221110381186008,0.0,1.2137811183929443,0.559007465839386,2.7323875427246094,0.0
0,82,None,False,"25,104,64,112,43,87,108,8,92,53",1.1474592685699463,-2.0022106170654297,-1.0821261405944824,-0.891272246837616,7.999701976776123,5.83173942565918,-0.0025702952407300472,0.0,0.0,-0.0025702952407300472,0.007866621017456055,-0.01043691672384739,0.2815021872520447,0.0,1.0684672594070435,0.5360578894615173,2.7323875427246094,0.0
0,83,None,False,"25,104,64,112,43,87,108,8,92,53",1.0648269653320312,-1.937157392501831,-0.9411735534667969,-0.8794741630554199,7.999776840209961,6.544524192810059,0.0007823586347512901,0.0,0.0,0.0007823586347512901,0.012246489524841309,-0.011464131064713001,0.11639905720949173,0.0,0.9555342197418213,0.4702970087528229,2.7323875427246094,0.0
0,84,None,False,"25,104,64,112,43,87,108,8,92,53",1.0070394277572632,-2.190408945083618,-1.425408124923706,-0.7065792679786682,7.999746322631836,6.5811686515808105,-0.0024768649600446224,0.0,0.0,-0.0024768649600446224,0.012325286865234375,-0.014802152290940285,0.02159864455461502,0.0,0.8333867788314819,0.4698840379714966,2.7323875427246094,0.0
0,85,None,False,"25,104,64,112,43,87,108,8,92,53",1.1561777591705322,-1.682968258857727,-1.0051205158233643,-0.717345118522644,7.999748229980469,6.466522216796875,-0.00959119200706482,0.0,0.0,-0.00959119200706482,0.00862133502960205,-0.01821252703666687,0.17605648934841156,0.0,0.8074700832366943,0.3643719553947449,2.7323875427246094,0.0
0,86,None,False,"25,104,64,112,43,87,108,8,92,53",1.1265347003936768,-1.900331974029541,-1.108399748802185,-0.5914796590805054,7.999760627746582,4.211127281188965,-0.0041224719025194645,0.0,0.0,-0.0041224719025194645,0.009335637092590332,-0.01345810852944851,0.4261694848537445,0.0,0.6943682432174683,0.3907172381877899,2.7323875427246094,0.0
0,87,None,False,"25,104,64,112,43,87,108,8,92,53",1.064557433128357,-1.8728935718536377,-1.1164531707763672,-0.7190251350402832,7.999810218811035,5.464051723480225,-0.012560415081679821,0.0,0.0,-0.012560415081679821,0.0036056041717529297,-0.016166020184755325,0.15224100649356842,0.0,0.7825261950492859,0.46311789751052856,2.7323875427246094,0.0
0,88,None,False,"25,104,64,112,43,87,108,8,92,53",1.0747967958450317,-2.308124542236328,-1.2209773063659668,-0.878868043422699,7.999786376953125,4.956069469451904,-0.0157854612916708,0.0,0.0,-0.0157854612916708,0.000997304916381836,-0.016782766208052635,0.0738270953297615,0.0,0.9371685981750488,0.4458054304122925,2.7323875427246094,0.0
0,89,None,False,"25,104,64,112,43,87,108,8,92,53",1.107582926750183,-1.7672529220581055,-1.1187025308609009,-1.131983757019043,7.999726295471191,6.33740758895874,-0.016099387779831886,0.0,0.0,-0.016099387779831886,-0.008032739162445068,-0.008066648617386818,0.34313979744911194,0.0,1.0748443603515625,0.4410788118839264,2.7323875427246094,0.0
0,90,None,False,"25,104,64,112,43,87,108,8,92,53",1.0959863662719727,-2.1820132732391357,-0.902665376663208,-0.9849464297294617,7.999769687652588,5.338835716247559,-0.019896049052476883,0.0,0.0,-0.019896049052476883,-0.02416980266571045,0.004273753613233566,0.4641267955303192,0.0,1.0650951862335205,0.4480430483818054,2.7323875427246094,0.0
0,91,None,False,"25,104,64,112,43,87,108,8,92,53",1.076594352722168,-2.2334516048431396,-1.3369114398956299,-0.7704437971115112,7.999810218811035,4.68412971496582,-0.02263237163424492,0.0,0.0,-0.02263237163424492,-0.025134384632110596,0.002502012997865677,0.24925026297569275,0.0,0.8119919896125793,0.42452770471572876,2.7323875427246094,0.0
0,92,None,False,"25,104,64,112,43,87,108,8,92,53",1.0357089042663574,-2.22575044631958,-1.4480664730072021,-0.7798407077789307,7.999621391296387,4.860054969787598,-0.023462438955903053,0.0,0.0,-0.023462438955903053,-0.020337939262390137,-0.0031244996935129166,-0.13010136783123016,0.0,0.8557308316230774,0.45331478118896484,2.7323875427246094,0.0
0,93,Schedule,True,"35,83,113,133,106,85,138,31,107,102",1.059217929840088,-1.8124934434890747,-1.0339843034744263,-0.7876050472259521,7.9997100830078125,6.315454006195068,-0.015038358978927135,0.10333333333333332,0.20666666666666664,-0.325038343667984,-0.029116034507751465,-0.29592230916023254,-3.58734130859375,-17.862558364868164,0.9204554557800293,0.4343191981315613,2.7323875427246094,0.0
0,94,None,False,"35,83,113,133,106,85,138,31,107,102",1.078885555267334,-2.301913022994995,-1.4461283683776855,-0.6489624977111816,7.999743938446045,6.357403755187988,0.004843664355576038,0.0,0.0,0.004843664355576038,-0.022608458995819092,0.027452122420072556,0.7015866637229919,0.0,1.0920829772949219,0.43427640199661255,2.7323875427246094,0.0
0,95,Struct Break (DC),True,"103,5,0,73,88,126,111,100,32,33",1.085793137550354,-2.0692641735076904,-1.113454818725586,-0.7066746950149536,7.999815464019775,5.526921272277832,-0.03057393990457058,0.10333333333333332,0.20666666666666664,-0.3405739367008209,-0.014813482761383057,-0.32576045393943787,-3.311553955078125,-16.4672794342041,0.9243413805961609,0.4419217109680176,2.7323875427246094,0.0
0,96,Vol Shock,True,"140,12,26,123,106,78,134,59,2,87",1.1151409149169922,-1.8151812553405762,-0.9690661430358887,-0.8312525749206543,7.999748706817627,4.128161907196045,-0.006292796228080988,0.10333333333333332,0.20666666666666664,-0.31629279255867004,-0.02446889877319336,-0.2918238937854767,-2.559213161468506,-12.749417304992676,0.8270472288131714,0.33217304944992065,2.7323875427246094,0.0
0,97,Vol Shock,True,"86,56,87,97,60,132,4,29,34,102",1.0632193088531494,-2.0152015686035156,-1.0427744388580322,-0.8223253488540649,7.999792575836182,4.636531352996826,-0.015959108248353004,0.09299999753634133,0.18599999507268267,-0.29495909810066223,-0.026588857173919678,-0.26837024092674255,-2.4111921787261963,-12.017728805541992,0.6367107629776001,0.47712481021881104,2.7323875427246094,0.0
0,98,None,False,"86,56,87,97,60,132,4,29,34,102",1.0226792097091675,-1.9329898357391357,-1.237647294998169,-0.7379447221755981,7.9997878074646,4.374847412109375,-0.021735936403274536,0.0,0.0,-0.021735936403274536,-0.025606870651245117,0.003870934247970581,0.27657610177993774,0.0,0.605852484703064,0.3773496747016907,2.7323875427246094,0.0
0,99,None,False,"86,56,87,97,60,132,4,29,34,102",1.054175615310669,-2.1314210891723633,-1.2940657138824463,-0.6279031038284302,7.999820709228516,2.87520694732666,-0.024307042360305786,0.0,0.0,-0.024307042360305786,-0.017727375030517578,-0.006579667329788208,0.14828559756278992,0.0,0.600496768951416,0.29603463411331177,2.7323875427246094,0.0
0,100,None,False,"86,56,87,97,60,132,4,29,34,102",0.99151211977005,-2.2403006553649902,-1.535085678100586,-0.9300033450126648,7.9996418952941895,5.376308441162109,0.004392468836158514,0.0,0.0,0.004392468836158514,0.004525661468505859,-0.00013319263234734535,0.4679670035839081,0.0,0.5849126577377319,0.30136826634407043,2.7323875427246094,0.0
0,101,None,False,"86,56,87,97,60,132,4,29,34,102",1.0487456321716309,-2.295962333679199,-1.0901628732681274,-0.9243113994598389,7.9997639656066895,6.325394153594971,0.03528422862291336,0.0,0.0,0.03528422862291336,0.0164564847946167,0.01882774382829666,0.5423620343208313,0.0,0.5856707096099854,0.39162012934684753,2.7323875427246094,0.0
0,102,None,False,"86,56,87,97,60,132,4,29,34,102",1.1196916103363037,-1.9472817182540894,-1.2200405597686768,-0.6830582022666931,7.999820232391357,4.725234031677246,0.031249631196260452,0.0,0.0,0.031249631196260452,0.02228415012359619,0.00896548107266426,0.4770672917366028,0.0,0.6482976078987122,0.3503355383872986,2.7323875427246094,0.0
0,103,None,False,"86,56,87,97,60,132,4,29,34,102",1.068833827972412,-1.9882862567901611,-1.1111263036727905,-0.7155055999755859,7.999842166900635,2.9461655616760254,0.035065870732069016,0.0,0.0,0.035065870732069016,0.03137040138244629,0.0036954693496227264,0.5137284398078918,0.0,0.6567440032958984,0.37987086176872253,2.7323875427246094,0.0
0,104,None,False,"86,56,87,97,60,132,4,29,34,102",1.0882642269134521,-1.8604044914245605,-1.1384495496749878,-0.6962512731552124,7.999798774719238,4.312283515930176,0.03494664281606674,0.0,0.0,0.03494664281606674,0.02662646770477295,0.008320175111293793,0.46048763394355774,0.0,0.5717379450798035,0.37428194284439087,2.7323875427246094,0.0
0,105,None,False,"86,56,87,97,60,132,4,29,34,102",1.139495849609375,-2.23110294342041,-1.1857242584228516,-0.7247645258903503,7.999744892120361,4.464849948883057,0.022343475371599197,0.0,0.0,0.022343475371599197,0.01760697364807129,0.004736501723527908,0.28674423694610596,0.0,0.6135612726211548,0.4003913700580597,2.7323875427246094,0.0
0,106,None,False,"86,56,87,97,60,132,4,29,34,102",1.128661036491394,-1.8077095746994019,-1.2490781545639038,-0.6109619140625,7.999772548675537,4.0716047286987305,-0.010274464264512062,0.0,0.0,-0.010274464264512062,0.013752222061157227,-0.02402668632566929,-0.16989083588123322,0.0,0.7984839677810669,0.3960496187210083,2.7323875427246094,0.0
0,107,None,False,"86,56,87,97,60,132,4,29,34,102",1.0615284442901611,-2.20940899848938,-1.2506046295166016,-0.8130302429199219,7.999767303466797,4.762479305267334,-0.015409177169203758,0.0,0.0,-0.015409177169203758,0.014296650886535645,-0.029705828055739403,0.18108119070529938,0.0,0.7632473111152649,0.37526828050613403,2.7323875427246094,0.0
0,108,None,False,"86,56,87,97,60,132,4,29,34,102",1.0870786905288696,-2.127980947494507,-1.3733961582183838,-0.6093382835388184,7.9997663497924805,6.004746913909912,0.006885075476020575,0.0,0.0,0.006885075476020575,0.02634584903717041,-0.01946077309548855,0.2439468502998352,0.0,0.6509527564048767,0.3900289833545685,2.7323875427246094,0.0
0,109,None,False,"86,56,87,97,60,132,4,29,34,102",1.1058100461959839,-2.0646588802337646,-1.2165827751159668,-0.626014232635498,7.999820709228516,4.697439670562744,0.013154983520507812,0.0,0.0,0.013154983520507812,0.018804311752319336,-0.0056493282318115234,0.06321363151073456,0.0,0.8421540856361389,0.37881553173065186,2.7323875427246094,0.0
0,110,None,False,"86,56,87,97,60,132,4,29,34,102",1.0789802074432373,-2.025803327560425,-1.1095932722091675,-0.7615092992782593,7.99981689453125,4.0763139724731445,0.010618060827255249,0.0,0.0,0.010618060827255249,0.01586735248565674,-0.005249291658401489,0.30697089433670044,0.0,0.818591833114624,0.37985044717788696,2.7323875427246094,0.0
0,111,Schedule,True,"114,131,107,43,55,89,27,16,134,35",1.1040207147598267,-1.8815295696258545,-1.10433030128479,-0.6899341344833374,7.999723434448242,4.670430660247803,0.0035013495944440365,0.10333333333333332,0.20666666666666664,-0.306498646736145,0.016521453857421875,-0.3230201005935669,-2.2567293643951416,-11.258713722229004,0.6990946531295776,0.38354313373565674,2.7323875427246094,0.0
0,112,None,False,"114,131,107,43,55,89,27,16,134,35",1.0678282976150513,-1.9740068912506104,-1.159650206565857,-0.6337437629699707,7.999761581420898,4.642104625701904,0.011191713623702526,0.0,0.0,0.011191713623702526,0.02142965793609619,-0.010237944312393665,-0.49890220165252686,0.0,0.7839193940162659,0.3944399058818817,2.7323875427246094,0.0
0,113,None,False,"114,131,107,43,55,89,27,16,134,35",1.1138628721237183,-1.8798942565917969,-0.9838451147079468,-0.9264668822288513,7.999756813049316,5.92812967300415,0.003249740693718195,0.0,0.0,0.003249740693718195,0.011718273162841797,-0.00846853293478489,-0.5698847770690918,0.0,0.871494472026825,0.3683032691478729,2.7323875427246094,0.0
0,114,None,False,"114,131,107,43,55,89,27,16,134,35",1.13885498046875,-1.863786220550537,-1.0113598108291626,-0.8581816554069519,7.9997687339782715,3.3477213382720947,0.017523080110549927,0.0,0.0,0.017523080110549927,0.029552221298217773,-0.012029141187667847,-0.07100056856870651,0.0,0.9316271543502808,0.37371036410331726,2.7323875427246094,0.0
0,115,None,False,"114,131,107,43,55,89,27,16,134,35",1.0394282341003418,-2.209791898727417,-1.2422337532043457,-0.6022219657897949,7.999798774719238,5.570250988006592,0.0355052724480629,0.0,0.0,0.0355052724480629,0.04352104663848877,-0.008015774190425873,0.03203035891056061,0.0,0.8239393830299377,0.34854426980018616,2.7323875427246094,0.0
0,116,None,False,"114,131,107,43,55,89,27,16,134,35",1.1272140741348267,-1.8449662923812866,-1.0780599117279053,-0.7901757955551147,7.999747276306152,5.554381370544434,0.04205668717622757,0.0,0.0,0.04205668717622757,0.038637518882751465,0.0034191682934761047,0.38862600922584534,0.0,0.8599892854690552,0.39004769921302795,2.7323875427246094,0.0
0,117,None,False,"114,131,107,43,55,89,27,16,134,35",1.1151286363601685,-1.8795510530471802,-0.8898834586143494,-0.7642443776130676,7.999819278717041,4.110166072845459,0.035959791392087936,0.0,0.0,0.035959791392087936,0.03984260559082031,-0.003882814198732376,0.4855087101459503,0.0,0.7784438729286194,0.36100900173187256,2.7323875427246094,0.0
0,118,None,False,"114,131,107,43,55,89,27,16,134,35",1.1108386516571045,-2.1013712882995605,-0.8976693153381348,-0.9294531941413879,7.999772548675537,3.5067386627197266,0.03571360185742378,0.0,0.0,0.03571360185742378,0.04086744785308838,-0.0051538459956645966,0.4590971767902374,0.0,0.8684308528900146,0.35628870129585266,2.7323875427246094,0.0
0,119,None,False,"114,131,107,43,55,89,27,16,134,35",1.0739915370941162,-2.086642265319824,-1.0968796014785767,-0.8065789937973022,7.999782562255859,4.643062591552734,0.03515380620956421,0.0,0.0,0.03515380620956421,0.0345151424407959,0.0006386637687683105,0.287230908870697,0.0,0.926242470741272,0.3201027512550354,2.7323875427246094,0.0
0,120,None,False,"114,131,107,43,55,89,27,16,134,35",1.0859746932983398,-2.1471269130706787,-1.2372715473175049,-0.6389884948730469,7.999791145324707,3.954460859298706,0.042138077318668365,0.0,0.0,0.042138077318668365,0.03333759307861328,0.008800484240055084,0.39627620577812195,0.0,0.6509743928909302,0.29437121748924255,2.7323875427246094,0.0
0,121,None,False,"114,131,107,43,55,89,27,16,134,35",0.9954065680503845,-2.145564079284668,-1.1897220611572266,-0.7919126749038696,7.999725818634033,5.619855880737305,0.021650439128279686,0.0,0.0,0.021650439128279686,0.0230405330657959,-0.0013900939375162125,0.4222460091114044,0.0,0.654439389705658,0.3980426788330078,2.7323875427246094,0.0
0,122,None,False,"114,131,107,43,55,89,27,16,134,35",1.032439112663269,-2.0091552734375,-1.3619658946990967,-0.6556230783462524,7.999800205230713,4.2195916175842285,0.020648736506700516,0.0,0.0,0.020648736506700516,0.012151479721069336,0.00849725678563118,0.45846161246299744,0.0,0.6900607347488403,0.5231600999832153,2.7323875427246094,0.0
0,123,None,False,"114,131,107,43,55,89,27,16,134,35",1.0799968242645264,-1.9589266777038574,-1.2966060638427734,-0.736290693283081,7.99976921081543,2.8102126121520996,0.013011431321501732,0.0,0.0,0.013011431321501732,0.012189269065856934,0.0008221622556447983,0.3110470473766327,0.0,0.6907579898834229,0.4111140966415405,2.7323875427246094,0.0
0,124,None,False,"114,131,107,43,55,89,27,16,134,35",1.0687483549118042,-2.2390589714050293,-1.184680700302124,-0.7725317478179932,7.999746799468994,4.577682018280029,-0.0031446933280676603,0.0,0.0,-0.0031446933280676603,0.0011641979217529297,-0.004308891482651234,0.5362036228179932,0.0,0.743982195854187,0.4049423933029175,2.7323875427246094,0.0
0,125,Schedule,True,"50,125,55,86,113,124,51,74,21,59",0.9430004358291626,-2.1938114166259766,-1.1148017644882202,-1.1395862102508545,7.999582290649414,7.55725622177124,-0.03355173394083977,0.09299999753634133,0.18599999507268267,-0.31255173683166504,-0.031174778938293457,-0.2813769578933716,-2.114882707595825,-10.553200721740723,0.7685520648956299,0.3603946566581726,2.7323875427246094,0.0
0,126,None,False,"50,125,55,86,113,124,51,74,21,59",1.1098883152008057,-1.7763675451278687,-0.9405450820922852,-0.8896026611328125,7.999814987182617,7.962337017059326,-0.020338088274002075,0.0,0.0,-0.020338088274002075,-0.021789491176605225,0.0014514029026031494,0.32369840145111084,0.0,0.6599947214126587,0.3706129193305969,2.7323875427246094,0.0
0,127,None,False,"50,125,55,86,113,124,51,74,21,59",1.0861965417861938,-2.164064645767212,-0.9930647611618042,-0.9390790462493896,7.999792575836182,4.061081886291504,-0.018109440803527832,0.0,0.0,-0.018109440803527832,-0.02218306064605713,0.004073619842529297,0.5358526110649109,0.0,0.6596958637237549,0.3884408175945282,2.7323875427246094,0.0
0,0,Schedule | Regime Shift (Initial),True,"137,101,127,125,86,68,48,142,76,118",1.0181320905685425,-2.0387744903564453,-1.045520544052124,-0.781391978263855,7.999581336975098,4.262059688568115,0.016532665118575096,0.0,0.0,0.016532665118575096,0.002696514129638672,0.013836150988936424,1.3626725673675537,6.715983867645264,1.2386579513549805,0.36388713121414185,2.5930497646331787,0.0
0,1,None,False,"137,101,127,125,86,68,48,142,76,118",1.0118448734283447,-2.2041594982147217,-1.0831148624420166,-0.8717455863952637,7.999670028686523,4.806966781616211,0.015131151303648949,0.0,0.0,0.015131151303648949,0.0011333227157592773,0.013997828587889671,1.5594124794006348,0.0,1.10239577293396,0.35875973105430603,2.5930497646331787,0.0
0,2,None,False,"137,101,127,125,86,68,48,142,76,118",1.1140673160552979,-2.2196762561798096,-1.1201441287994385,-0.6501319408416748,7.999269485473633,6.08981990814209,0.00018408894538879395,0.0,0.0,0.00018408894538879395,-0.010152339935302734,0.010336428880691528,0.3975291848182678,0.0,1.0310392379760742,0.35976114869117737,2.5930497646331787,0.0
0,3,None,False,"137,101,127,125,86,68,48,142,76,118",1.0996164083480835,-1.90889573097229,-1.0336062908172607,-0.7765238285064697,7.999505043029785,5.61945104598999,-0.004995596595108509,0.0,0.0,-0.004995596595108509,-0.020277202129364014,0.015281605534255505,0.5598378777503967,0.0,0.9615678787231445,0.2569473385810852,2.5930497646331787,0.0
0,4,None,False,"137,101,127,125,86,68,48,142,76,118",1.024463415145874,-2.058497428894043,-1.0514483451843262,-0.8806792497634888,7.999587535858154,4.775102138519287,-0.00465088477358222,0.0,0.0,-0.00465088477358222,-0.01594620943069458,0.011295324191451073,0.514360785484314,0.0,1.081941843032837,0.33646249771118164,2.5930497646331787,0.0
0,5,None,False,"137,101,127,125,86,68,48,142,76,118",1.0683742761611938,-2.146664619445801,-1.295431137084961,-0.9406817555427551,7.9993977546691895,4.895524024963379,-0.0014627277851104736,0.0,0.0,-0.0014627277851104736,-0.013296365737915039,0.011833637952804565,0.37352854013442993,0.0,0.8908661603927612,0.32421159744262695,2.5930497646331787,0.0
0,6,None,False,"137,101,127,125,86,68,48,142,76,118",1.0732312202453613,-2.2479395866394043,-0.9727378487586975,-0.7476202845573425,7.999382019042969,5.801125526428223,-0.008197903633117676,0.0,0.0,-0.008197903633117676,-0.01162731647491455,0.003429412841796875,0.31750643253326416,0.0,0.883428692817688,0.3004385530948639,2.5930497646331787,0.0
0,7,None,False,"137,101,127,125,86,68,48,142,76,118",1.0518769025802612,-2.0001871585845947,-1.082818865776062,-0.843888521194458,7.9994659423828125,5.751242637634277,-0.010237932205200195,0.0,0.0,-0.010237932205200195,-0.0048719048500061035,-0.005366027355194092,0.20152108371257782,0.0,0.8217597603797913,0.28251099586486816,2.5930497646331787,0.0
0,8,Struct Break (DC),True,"43,16,98,103,129,114,64,63,130,39",1.0991415977478027,-2.1200366020202637,-1.066207766532898,-0.7401770949363708,7.999451637268066,4.799048900604248,-0.02130793407559395,0.10333333333333332,0.20666666666666664,-0.33130794763565063,-0.01139986515045166,-0.319908082485199,-2.693981885910034,-13.421077728271484,0.9015505909919739,0.42791783809661865,2.5930497646331787,0.0
0,9,None,False,"43,16,98,103,129,114,64,63,130,39",1.032357096672058,-2.1550536155700684,-1.1366033554077148,-0.8366407155990601,7.999454498291016,5.110827922821045,-0.03305292874574661,0.0,0.0,-0.03305292874574661,-0.015968799591064453,-0.01708412915468216,0.11319711059331894,0.0,0.9762898683547974,0.4016229510307312,2.5930497646331787,0.0
0,10,None,False,"43,16,98,103,129,114,64,63,130,39",0.9999115467071533,-1.957200527191162,-1.1334164142608643,-0.9476245641708374,7.999622344970703,4.806728363037109,-0.03477887436747551,0.0,0.0,-0.03477887436747551,-0.012903332710266113,-0.021875541657209396,-0.04292714595794678,0.0,0.6624026298522949,0.3557381331920624,2.5930497646331787,0.0
0,11,None,False,"43,16,98,103,129,114,64,63,130,39",1.0777809619903564,-2.077986001968384,-1.1501939296722412,-0.8840099573135376,7.999459266662598,4.315701961517334,-0.03451269865036011,0.0,0.0,-0.03451269865036011,-0.012334883213043213,-0.022177815437316895,-0.18244843184947968,0.0,0.7473719120025635,0.3796772062778473,2.5930497646331787,0.0
0,12,None,False,"43,16,98,103,129,114,64,63,130,39",1.110647201538086,-1.9909929037094116,-1.039962887763977,-0.5924953818321228,7.999483585357666,4.703701019287109,-0.057455677539110184,0.0,0.0,-0.057455677539110184,-0.021807849407196045,-0.03564782813191414,-1.9588427543640137,0.0,0.8094097375869751,0.3975863754749298,2.5930497646331787,0.0
0,13,None,False,"43,16,98,103,129,114,64,63,130,39",1.0250060558319092,-1.981972336769104,-1.161100149154663,-0.7880948781967163,7.999416828155518,4.326669216156006,-0.05125588923692703,0.0,0.0,-0.05125588923692703,-0.022218942642211914,-0.02903694659471512,-1.7170265913009644,0.0,0.9755762815475464,0.4179912805557251,2.5930497646331787,0.0
0,14,None,False,"43,16,98,103,129,114,64,63,130,39",0.9482591152191162,-2.222137451171875,-1.382432222366333,-0.8371099233627319,7.999241828918457,5.944843769073486,-0.01964361034333706,0.0,0.0,-0.01964361034333706,-0.00790029764175415,-0.011743312701582909,0.8947510123252869,0.0,1.075282335281372,0.4059286117553711,2.5930497646331787,0.0
0,15,None,False,"43,16,98,103,129,114,64,63,130,39",1.1016499996185303,-1.9689695835113525,-1.043117880821228,-0.911291241645813,7.99954080581665,5.781895160675049,-0.02705984190106392,0.0,0.0,-0.02705984190106392,-0.010489284992218018,-0.0165705569088459,-0.8626390099525452,0.0,1.0137604475021362,0.39413565397262573,2.5930497646331787,0.0
0,16,None,False,"43,16,98,103,129,114,64,63,130,39",1.0575993061065674,-1.7384392023086548,-1.0442824363708496,-0.9405442476272583,7.9994916915893555,4.410191535949707,-0.009499942883849144,0.0,0.0,-0.009499942883849144,-0.0015211701393127441,-0.0079787727445364,-0.03440491855144501,0.0,1.1672106981277466,0.4109075665473938,2.5930497646331787,0.0
0,17,None,False,"43,16,98,103,129,114,64,63,130,39",1.0229582786560059,-1.9905534982681274,-0.7513044476509094,-1.034684181213379,7.999567031860352,5.63237190246582,0.04485061764717102,0.0,0.0,0.04485061764717102,0.01766979694366455,0.02718082070350647,0.6892936825752258,0.0,0.994991660118103,0.41446125507354736,2.5930497646331787,0.0
0,18,None,False,"43,16,98,103,129,114,64,63,130,39",1.107115626335144,-1.9106656312942505,-1.0157521963119507,-0.9956530332565308,7.999664306640625,4.888998985290527,0.05243905633687973,0.0,0.0,0.05243905633687973,0.025389671325683594,0.027049385011196136,0.6270802021026611,0.0,1.062351107597351,0.39278727769851685,2.5930497646331787,0.0
0,19,None,False,"43,16,98,103,129,114,64,63,130,39",1.0785408020019531,-2.0081565380096436,-0.8157688975334167,-0.9185184240341187,7.999577045440674,4.0652689933776855,0.02558518573641777,0.0,0.0,0.02558518573641777,0.012202262878417969,0.013382922857999802,0.3930772840976715,0.0,1.1015121936798096,0.39136770367622375,2.5930497646331787,0.0
0,20,None,False,"43,16,98,103,129,114,64,63,130,39",1.0643788576126099,-1.7683080434799194,-1.173377275466919,-0.771878719329834,7.99949836730957,4.1290764808654785,0.01063681859523058,0.0,0.0,0.01063681859523058,0.004654645919799805,0.005982172675430775,0.366985023021698,0.0,1.0987672805786133,0.3357967138290405,2.5930497646331787,0.0
0,21,None,False,"43,16,98,103,129,114,64,63,130,39",1.11619234085083,-2.025813579559326,-0.9747709035873413,-0.8327516913414001,7.99929666519165,5.48364782333374,0.00536192674189806,0.0,0.0,0.00536192674189806,-0.0013818740844726562,0.006743800826370716,0.324090838432312,0.0,0.9574758410453796,0.42007899284362793,2.5930497646331787,0.0
0,22,Schedule,True,"68,60,115,46,117,18,100,81,137,112",1.1191418170928955,-1.9501984119415283,-1.0975290536880493,-0.767959713935852,7.999582290649414,5.065262794494629,-0.0018039882415905595,0.10333333333333332,0.20666666666666664,-0.31180399656295776,-0.008931636810302734,-0.30287235975265503,-2.8937880992889404,-14.42830753326416,0.9794044494628906,0.41760602593421936,2.5930497646331787,0.0
0,23,None,False,"68,60,115,46,117,18,100,81,137,112",1.0580613613128662,-1.9459105730056763,-1.012744665145874,-0.8111088275909424,7.999636650085449,3.6444058418273926,0.008336258120834827,0.0,0.0,0.008336258120834827,-0.004313468933105469,0.012649727053940296,0.4064313471317291,0.0,0.9180634021759033,0.3533935546875,2.5930497646331787,0.0
0,24,None,False,"68,60,115,46,117,18,100,81,137,112",1.024949073791504,-2.0671088695526123,-1.2658300399780273,-0.8342714309692383,7.9994988441467285,4.201665878295898,-0.004627794027328491,0.0,0.0,-0.004627794027328491,-0.005433440208435059,0.0008056461811065674,0.2856041193008423,0.0,1.0007613897323608,0.25564342737197876,2.5930497646331787,0.0
0,25,None,False,"68,60,115,46,117,18,100,81,137,112",1.04392671585083,-2.4280519485473633,-1.4189541339874268,-0.5990772843360901,7.999282360076904,5.610727787017822,-0.0041138590313494205,0.0,0.0,-0.0041138590313494205,0.0027464628219604492,-0.00686032185330987,0.2898048460483551,0.0,1.1766637563705444,0.34129682183265686,2.5930497646331787,0.0
0,26,None,False,"68,60,115,46,117,18,100,81,137,112",1.0845459699630737,-1.9156628847122192,-1.1278232336044312,-0.7702008485794067,7.999556541442871,5.512991428375244,0.005393463186919689,0.0,0.0,0.005393463186919689,0.007449626922607422,-0.0020561637356877327,0.0927748829126358,0.0,1.0195387601852417,0.3339693546295166,2.5930497646331787,0.0
0,27,None,False,"68,60,115,46,117,18,100,81,137,112",1.0265051126480103,-2.1281685829162598,-0.9894315600395203,-0.860048234462738,7.9996018409729,4.610901355743408,0.10941173881292343,0.0,0.0,0.10941173881292343,0.031407952308654785,0.07800378650426865,1.2119717597961426,0.0,1.008347988128662,0.33186063170433044,2.5930497646331787,0.0
0,28,None,False,"68,60,115,46,117,18,100,81,137,112",1.0552282333374023,-1.9027656316757202,-1.4003403186798096,-0.6474675536155701,7.999324321746826,5.5677289962768555,0.10921549797058105,0.0,0.0,0.10921549797058105,0.03394210338592529,0.07527339458465576,1.2034441232681274,0.0,0.9941205978393555,0.36259740591049194,2.5930497646331787,0.0
0,29,None,False,"68,60,115,46,117,18,100,81,137,112",1.068333625793457,-1.8153049945831299,-1.1175764799118042,-0.9379284977912903,7.999518871307373,5.182454586029053,0.12202372401952744,0.0,0.0,0.12202372401952744,0.03475141525268555,0.08727230876684189,1.955093502998352,0.0,0.8729055523872375,0.3348301649093628,2.5930497646331787,0.0
0,30,None,False,"68,60,115,46,117,18,100,81,137,112",1.0742261409759521,-2.037655830383301,-1.0488932132720947,-0.9720473289489746,7.999605178833008,2.8364675045013428,0.1282489001750946,0.0,0.0,0.1282489001750946,0.030156850814819336,0.09809204936027527,1.3237026929855347,0.0,0.7956501245498657,0.3751528859138489,2.5930497646331787,0.0
0,31,None,False,"68,60,115,46,117,18,100,81,137,112",1.0390660762786865,-2.067143440246582,-1.205458641052246,-0.7763012647628784,7.9994683265686035,3.330066204071045,0.13573475182056427,0.0,0.0,0.13573475182056427,0.02871537208557129,0.10701937973499298,1.3593883514404297,0.0,0.8768242597579956,0.4066051244735718,2.5930497646331787,0.0
0,32,None,False,"68,60,115,46,117,18,100,81,137,112",1.0761111974716187,-1.946454405784607,-1.1951158046722412,-0.755779504776001,7.999311447143555,3.273404359817505,0.016544699668884277,0.0,0.0,0.016544699668884277,0.005548715591430664,0.010995984077453613,0.4021049439907074,0.0,0.8973617553710938,0.474199116230011,2.5930497646331787,0.0
0,33,None,False,"68,60,115,46,117,18,100,81,137,112",1.0679579973220825,-2.0682730674743652,-1.1674611568450928,-0.6126447319984436,7.999480247497559,4.4271745681762695,0.016726762056350708,0.0,0.0,0.016726762056350708,0.010553240776062012,0.006173521280288696,0.2335372120141983,0.0,0.9194601774215698,0.47463998198509216,2.5930497646331787,0.0
0,34,None,False,"68,60,115,46,117,18,100,81,137,112",1.0220997333526611,-1.9561634063720703,-1.1637824773788452,-0.796818196773529,7.999493598937988,4.600554466247559,0.026010315865278244,0.0,0.0,0.026010315865278244,0.009955525398254395,0.01605479046702385,0.49379974603652954,0.0,1.0088169574737549,0.40966856479644775,2.5930497646331787,0.0
0,35,None,False,"68,60,115,46,117,18,100,81,137,112",0.9505069255828857,-2.1156821250915527,-1.2120678424835205,-0.7608596086502075,7.999572277069092,3.421600580215454,0.019981568679213524,0.0,0.0,0.019981568679213524,0.010578632354736328,0.009402936324477196,0.4889214038848877,0.0,0.9357349872589111,0.4653130769729614,2.5930497646331787,0.0
0,36,Schedule,True,"93,133,64,50,57,89,47,35,28,41",1.1113873720169067,-1.793125867843628,-0.8216894865036011,-0.7398616075515747,7.999422073364258,5.511101722717285,-0.002233272884041071,0.10333333333333332,0.20666666666666664,-0.3122332692146301,-0.0022149085998535156,-0.3100183606147766,-2.709127187728882,-13.477097511291504,0.8906232118606567,0.4929901659488678,2.5930497646331787,0.0
0,37,None,False,"93,133,64,50,57,89,47,35,28,41",1.0019614696502686,-1.9360114336013794,-1.1467044353485107,-0.768254280090332,7.999650001525879,4.6960930824279785,-0.0021469772327691317,0.0,0.0,-0.0021469772327691317,-0.0009557604789733887,-0.001191216753795743,0.3583674728870392,0.0,0.9263557195663452,0.4262242317199707,2.5930497646331787,0.0
0,38,None,False,"93,133,64,50,57,89,47,35,28,41",1.0640463829040527,-1.7949565649032593,-0.9249838590621948,-0.7881259918212891,7.9994940757751465,3.483900547027588,-0.009831368923187256,0.0,0.0,-0.009831368923187256,-0.014088034629821777,0.0042566657066345215,0.37319159507751465,0.0,0.7857221364974976,0.39744919538497925,2.5930497646331787,0.0
0,39,None,False,"93,133,64,50,57,89,47,35,28,41",1.0968599319458008,-1.9854692220687866,-1.205613136291504,-0.7679636478424072,7.999541759490967,3.5801775455474854,-0.018556511029601097,0.0,0.0,-0.018556511029601097,-0.017726778984069824,-0.0008297320455312729,0.3643505871295929,0.0,0.7617477178573608,0.42311960458755493,2.5930497646331787,0.0
0,40,None,False,"93,133,64,50,57,89,47,35,28,41",1.0878294706344604,-1.99207603931427,-1.040252685546875,-0.848107635974884,7.999552249908447,2.884098768234253,-0.014803528785705566,0.0,0.0,-0.014803528785705566,-0.011887013912200928,-0.0029165148735046387,0.3439117670059204,0.0,0.8250156044960022,0.47924482822418213,2.5930497646331787,0.0
0,41,None,False,"93,133,64,50,57,89,47,35,28,41",1.0605026483535767,-2.1924514770507812,-1.2134947776794434,-1.0066965818405151,7.999538898468018,4.768741130828857,-0.011196816340088844,0.0,0.0,-0.011196816340088844,-0.003258049488067627,-0.007938766852021217,0.20734576880931854,0.0,0.9259855151176453,0.5093646049499512,2.5930497646331787,0.0
0,42,None,False,"93,133,64,50,57,89,47,35,28,41",1.0428729057312012,-2.182741641998291,-1.4865026473999023,-0.8292742967605591,7.999289512634277,4.555281162261963,-0.0029606937896460295,0.0,0.0,-0.0029606937896460295,0.0035430192947387695,-0.006503713317215443,0.2824877202510834,0.0,0.9298032522201538,0.4029310941696167,2.5930497646331787,0.0
0,43,None,False,"93,133,64,50,57,89,47,35,28,41",1.1253753900527954,-2.1583380699157715,-1.079730749130249,-0.8653478622436523,7.999320030212402,5.29873514175415,0.01549307070672512,0.0,0.0,0.01549307070672512,0.020305156707763672,-0.004812086001038551,0.019165342673659325,0.0,0.9620518088340759,0.4362170398235321,2.5930497646331787,0.0
0,44,None,False,"93,133,64,50,57,89,47,35,28,41",1.1811617612838745,-1.9947210550308228,-0.9888355731964111,-0.6666787266731262,7.999269008636475,5.610570907592773,0.026536673307418823,0.0,0.0,0.026536673307418823,0.03184378147125244,-0.005307108163833618,0.06364703178405762,0.0,0.8885416388511658,0.48791608214378357,2.5930497646331787,0.0
0,45,None,False,"93,133,64,50,57,89,47,35,28,41",1.1211135387420654,-2.0936267375946045,-1.1381791830062866,-0.618371844291687,7.999443054199219,5.096949577331543,0.007040911819785833,0.0,0.0,0.007040911819785833,0.027257204055786133,-0.020216291770339012,0.42169299721717834,0.0,0.82293301820755,0.44617971777915955,2.5930497646331787,0.0
0,46,None,False,"93,133,64,50,57,89,47,35,28,41",1.066972255706787,-2.2056052684783936,-1.1832659244537354,-0.8784130811691284,7.999465465545654,4.287757396697998,0.013405447825789452,0.0,0.0,0.013405447825789452,0.02784121036529541,-0.014435762539505959,0.16978906095027924,0.0,0.7460684776306152,0.3412015438079834,2.5930497646331787,0.0
0,47,None,False,"93,133,64,50,57,89,47,35,28,41",1.047209620475769,-1.7905398607254028,-0.8036144971847534,-1.0758836269378662,7.999666213989258,4.967013359069824,0.015687668696045876,0.0,0.0,0.015687668696045876,0.02398681640625,-0.008299147710204124,0.24968120455741882,0.0,0.8885658979415894,0.3354417383670807,2.5930497646331787,0.0
0,48,None,False,"93,133,64,50,57,89,47,35,28,41",1.0035364627838135,-1.7558963298797607,-1.2032382488250732,-0.703407347202301,7.999370098114014,5.238742351531982,0.0002573728561401367,0.0,0.0,0.0002573728561401367,0.018419742584228516,-0.01816236972808838,0.2762090563774109,0.0,0.7254466414451599,0.3304373621940613,2.5930497646331787,0.0
0,49,None,False,"93,133,64,50,57,89,47,35,28,41",1.031978726387024,-2.269554853439331,-0.9829452633857727,-1.0379290580749512,7.999527454376221,7.013527870178223,-0.0007840752368792892,0.0,0.0,-0.0007840752368792892,0.016434311866760254,-0.017218386754393578,0.2012806534767151,0.0,0.7066177129745483,0.3523363471031189,2.5930497646331787,0.0
0,50,Schedule,True,"55,119,114,74,138,23,131,50,53,44",0.9749710559844971,-2.053332567214966,-1.45484459400177,-0.818401575088501,7.999308109283447,6.865106105804443,0.021826034411787987,0.09299999753634133,0.18599999507268267,-0.25717395544052124,0.021541595458984375,-0.2787155508995056,-2.596104145050049,-12.928644180297852,0.7249235510826111,0.27397918701171875,2.5930497646331787,0.0
0,51,None,False,"55,119,114,74,138,23,131,50,53,44",1.105820655822754,-2.2006595134735107,-0.8632726669311523,-0.755496621131897,7.999388217926025,7.448047161102295,0.021178048104047775,0.0,0.0,0.021178048104047775,0.033011794090270996,-0.01183374598622322,0.27098843455314636,0.0,0.7377128601074219,0.34915071725845337,2.5930497646331787,0.0
0,52,None,False,"55,119,114,74,138,23,131,50,53,44",1.064882516860962,-1.790113925933838,-1.0265440940856934,-0.7593380212783813,7.999532699584961,4.852956771850586,0.01870139315724373,0.0,0.0,0.01870139315724373,0.02772533893585205,-0.009023945778608322,0.27633237838745117,0.0,0.7671394944190979,0.36446520686149597,2.5930497646331787,0.0
0,53,None,False,"55,119,114,74,138,23,131,50,53,44",0.9755306243896484,-2.1865086555480957,-1.3502299785614014,-0.9281858205795288,7.9992780685424805,5.213370323181152,0.02531035616993904,0.0,0.0,0.02531035616993904,0.03064417839050293,-0.0053338222205638885,0.3120570480823517,0.0,0.72818922996521,0.2607031762599945,2.5930497646331787,0.0
0,54,None,False,"55,119,114,74,138,23,131,50,53,44",1.104726791381836,-1.9691826105117798,-1.0598490238189697,-0.8553576469421387,7.999505043029785,4.713004112243652,0.028542036190629005,0.0,0.0,0.028542036190629005,0.019495368003845215,0.00904666818678379,0.4529113471508026,0.0,0.6360116004943848,0.33486512303352356,2.5930497646331787,0.0
0,55,None,False,"55,119,114,74,138,23,131,50,53,44",1.091770887374878,-1.884658932685852,-1.0654449462890625,-0.7673897743225098,7.9994025230407715,4.290780067443848,0.028530681505799294,0.0,0.0,0.028530681505799294,0.020432472229003906,0.008098209276795387,0.26814526319503784,0.0,0.5080301761627197,0.3579970598220825,2.5930497646331787,0.0
0,56,None,False,"55,119,114,74,138,23,131,50,53,44",1.0638396739959717,-2.211982011795044,-0.9805035591125488,-0.9308578968048096,7.9995646476745605,3.782144546508789,0.02787368930876255,0.0,0.0,0.02787368930876255,0.02043449878692627,0.007439190521836281,0.37504902482032776,0.0,0.5230081677436829,0.27309802174568176,2.5930497646331787,0.0
0,57,None,False,"55,119,114,74,138,23,131,50,53,44",1.0906004905700684,-1.9017080068588257,-1.1153502464294434,-0.8247896432876587,7.999532222747803,3.930161952972412,0.041928481310606,0.0,0.0,0.041928481310606,0.030266284942626953,0.01166219636797905,0.4289855360984802,0.0,0.5462021827697754,0.2646142244338989,2.5930497646331787,0.0
0,58,None,False,"55,119,114,74,138,23,131,50,53,44",1.062922477722168,-1.98710298538208,-1.1286417245864868,-0.5382046103477478,7.999306678771973,4.393897533416748,0.03611517697572708,0.0,0.0,0.03611517697572708,0.02102077007293701,0.01509440690279007,0.486260324716568,0.0,0.3897789716720581,0.28650444746017456,2.5930497646331787,0.0
0,59,None,False,"55,119,114,74,138,23,131,50,53,44",1.0117071866989136,-1.9070287942886353,-1.4116268157958984,-0.7415057420730591,7.999237060546875,5.065898895263672,0.03451625257730484,0.0,0.0,0.03451625257730484,0.023798108100891113,0.010718144476413727,0.5969136953353882,0.0,0.5721234083175659,0.3322076201438904,2.5930497646331787,0.0
0,60,None,False,"55,119,114,74,138,23,131,50,53,44",1.0922565460205078,-1.7010244131088257,-0.9139220714569092,-1.0442566871643066,7.9994306564331055,5.232470512390137,0.019114499911665916,0.0,0.0,0.019114499911665916,0.010439157485961914,0.008675342425704002,0.29148203134536743,0.0,0.5958300232887268,0.3463744521141052,2.5930497646331787,0.0
0,61,None,False,"55,119,114,74,138,23,131,50,53,44",0.9935880899429321,-2.3475160598754883,-1.3794201612472534,-0.68235182762146,7.999238967895508,5.984524250030518,0.024095792323350906,0.0,0.0,0.024095792323350906,0.004201531410217285,0.01989426091313362,0.5305970311164856,0.0,0.6853134632110596,0.36264604330062866,2.5930497646331787,0.0
0,62,None,False,"55,119,114,74,138,23,131,50,53,44",1.0599596500396729,-2.2673397064208984,-0.8395142555236816,-0.8548048734664917,7.9994707107543945,5.385561943054199,0.0059111774899065495,0.0,0.0,0.0059111774899065495,-0.01209867000579834,0.018009847030043602,0.4847972095012665,0.0,0.8644172549247742,0.33479392528533936,2.5930497646331787,0.0
0,63,None,False,"55,119,114,74,138,23,131,50,53,44",1.1312251091003418,-1.9497449398040771,-1.0782561302185059,-0.9862663149833679,7.999455451965332,5.788248538970947,-0.0007425606017932296,0.0,0.0,-0.0007425606017932296,-0.011439383029937744,0.01069682277739048,0.31915879249572754,0.0,0.7603715658187866,0.32944515347480774,2.5930497646331787,0.0
0,64,Schedule,True,"35,115,77,23,64,113,5,126,8,106",1.0280420780181885,-2.1317620277404785,-1.2428507804870605,-0.6728419065475464,7.999448299407959,5.037291526794434,-0.014321262016892433,0.09299999753634133,0.18599999507268267,-0.29332125186920166,-0.008724629878997803,-0.28459662199020386,-2.4429945945739746,-12.178112030029297,0.6248209476470947,0.32321789860725403,2.5930497646331787,0.0
0,65,None,False,"35,115,77,23,64,113,5,126,8,106",1.045708417892456,-1.8797780275344849,-0.9980155229568481,-0.9159385561943054,7.9994635581970215,3.9124345779418945,-0.010205984115600586,0.0,0.0,-0.010205984115600586,-0.00025773048400878906,-0.009948253631591797,0.24244491755962372,0.0,0.6415615081787109,0.370961993932724,2.5930497646331787,0.0
0,66,None,False,"35,115,77,23,64,113,5,126,8,106",1.1124370098114014,-1.792601466178894,-0.948462188243866,-1.152254581451416,7.99947452545166,3.6702606678009033,-0.0013608813751488924,0.0,0.0,-0.0013608813751488924,0.0006014108657836914,-0.001962292240932584,0.21167652308940887,0.0,0.5596662163734436,0.32246801257133484,2.5930497646331787,0.0
0,67,None,False,"35,115,77,23,64,113,5,126,8,106",1.0941656827926636,-2.1984975337982178,-1.0732227563858032,-0.840056836605072,7.999426364898682,5.054709434509277,0.01869046688079834,0.0,0.0,0.01869046688079834,0.014977693557739258,0.003712773323059082,0.4007158875465393,0.0,0.4987334609031677,0.33782899379730225,2.5930497646331787,0.0
0,68,None,False,"35,115,77,23,64,113,5,126,8,106",1.0165126323699951,-1.8429876565933228,-1.2500882148742676,-0.7673839330673218,7.999350547790527,5.173577785491943,0.02271917462348938,0.0,0.0,0.02271917462348938,0.02140629291534424,0.0013128817081451416,0.3079609274864197,0.0,0.5700839757919312,0.3480989933013916,2.5930497646331787,0.0
0,69,None,False,"35,115,77,23,64,113,5,126,8,106",1.014758586883545,-2.0705759525299072,-1.0263326168060303,-0.7630285024642944,7.9995293617248535,5.246227741241455,0.016126442700624466,0.0,0.0,0.016126442700624466,0.020980000495910645,-0.004853557795286179,0.0319678895175457,0.0,0.5236142873764038,0.3268686532974243,2.5930497646331787,0.0
0,70,None,False,"35,115,77,23,64,113,5,126,8,106",1.0480409860610962,-2.070573091506958,-0.9558032751083374,-0.8568856120109558,7.999472141265869,4.563497543334961,0.0245260838419199,0.0,0.0,0.0245260838419199,0.01896536350250244,0.005560720339417458,0.18857400119304657,0.0,0.7210283279418945,0.3250519335269928,2.5930497646331787,0.0
0,71,None,False,"35,115,77,23,64,113,5,126,8,106",1.078220009803772,-2.1332592964172363,-1.1341513395309448,-0.8193661570549011,7.999536991119385,3.7000346183776855,0.020068293437361717,0.0,0.0,0.020068293437361717,0.010058999061584473,0.010009294375777245,0.26780417561531067,0.0,0.7626956105232239,0.333126038312912,2.5930497646331787,0.0
0,72,None,False,"35,115,77,23,64,113,5,126,8,106",1.0718499422073364,-1.9302752017974854,-0.9824610948562622,-0.9093180298805237,7.999667644500732,3.2789671421051025,0.018093138933181763,0.0,0.0,0.018093138933181763,0.007376670837402344,0.010716468095779419,0.35960012674331665,0.0,0.6741700172424316,0.34484291076660156,2.5930497646331787,0.0
0,73,None,False,"35,115,77,23,64,113,5,126,8,106",1.0039727687835693,-2.3078415393829346,-1.0252453088760376,-0.993928074836731,7.9995341300964355,4.074578762054443,0.01837105117738247,0.0,0.0,0.01837105117738247,0.002553701400756836,0.015817349776625633,0.5447930097579956,0.0,0.5414862036705017,0.2801586091518402,2.5930497646331787,0.0
0,74,None,False,"35,115,77,23,64,113,5,126,8,106",1.085938572883606,-1.9867029190063477,-1.2447481155395508,-0.7037562131881714,7.999349117279053,4.805451393127441,0.03346056491136551,0.0,0.0,0.03346056491136551,0.012272834777832031,0.021187730133533478,0.5999391078948975,0.0,0.6051110625267029,0.2742958068847656,2.5930497646331787,0.0
0,75,None,False,"35,115,77,23,64,113,5,126,8,106",1.0545645952224731,-2.2086915969848633,-1.073769450187683,-0.856397271156311,7.999464988708496,4.101866245269775,0.03567435219883919,0.0,0.0,0.03567435219883919,0.017008423805236816,0.01866592839360237,0.599189043045044,0.0,0.725849986076355,0.2624836266040802,2.5930497646331787,0.0
0,76,None,False,"35,115,77,23,64,113,5,126,8,106",1.0660552978515625,-1.897993564605713,-1.2152327299118042,-0.7895070314407349,7.999471664428711,4.070910930633545,0.04046745225787163,0.0,0.0,0.04046745225787163,0.027800917625427246,0.012666534632444382,0.5849860310554504,0.0,0.6685776114463806,0.28996503353118896,2.5930497646331787,0.0
0,77,None,False,"35,115,77,23,64,113,5,126,8,106",1.0747442245483398,-1.9405699968338013,-1.1095302104949951,-0.8185974359512329,7.999584674835205,3.416370391845703,0.023570334538817406,0.0,0.0,0.023570334538817406,0.023672103881835938,-0.0001017693430185318,0.3066704273223877,0.0,0.6314278244972229,0.25558701157569885,2.5930497646331787,0.0
0,78,Schedule,True,"66,43,20,81,54,94,21,46,59,18",1.0621280670166016,-1.9153962135314941,-0.9568542242050171,-0.8684671521186829,7.999582290649414,3.943929672241211,0.014522617682814598,0.10333333333333332,0.20666666666666664,-0.29547739028930664,0.015566110610961914,-0.31104350090026855,-3.153796911239624,-15.693333625793457,0.7459166049957275,0.29541200399398804,2.5930497646331787,0.0
0,79,None,False,"66,43,20,81,54,94,21,46,59,18",1.116147518157959,-2.2040855884552,-1.0526070594787598,-0.681167483329773,7.999353408813477,4.288400650024414,0.0070899007841944695,0.0,0.0,0.0070899007841944695,0.00912320613861084,-0.0020333053544163704,0.20865702629089355,0.0,0.692284345626831,0.3426874577999115,2.5930497646331787,0.0
0,80,None,False,"66,43,20,81,54,94,21,46,59,18",1.116205096244812,-1.9332268238067627,-1.1156247854232788,-0.7446575164794922,7.999356269836426,5.59312629699707,0.015339684672653675,0.0,0.0,0.015339684672653675,0.009502172470092773,0.005837512202560902,0.2653473913669586,0.0,0.6339985728263855,0.3464580178260803,2.5930497646331787,0.0
0,81,None,False,"66,43,20,81,54,94,21,46,59,18",1.0842483043670654,-2.0597074031829834,-0.8917392492294312,-0.7740310430526733,7.999338150024414,5.6302385330200195,0.02117910422384739,0.0,0.0,0.02117910422384739,0.005473136901855469,0.01570596732199192,0.5340560078620911,0.0,0.6431763768196106,0.2627749443054199,2.5930497646331787,0.0
0,82,None,False,"66,43,20,81,54,94,21,46,59,18",1.0664957761764526,-1.93063485622406,-1.0128822326660156,-0.8138500452041626,7.999557971954346,6.067556381225586,0.016765177249908447,0.0,0.0,0.016765177249908447,0.004057049751281738,0.012708127498626709,0.5360748767852783,0.0,0.660442054271698,0.2808637022972107,2.5930497646331787,0.0
0,83,None,False,"66,43,20,81,54,94,21,46,59,18",0.9526128172874451,-1.888083577156067,-1.3125251531600952,-0.6283470392227173,7.99944543838501,3.4411845207214355,0.010800844058394432,0.0,0.0,0.010800844058394432,0.011199235916137695,-0.00039839185774326324,0.23026134073734283,0.0,0.8755218982696533,0.34290197491645813,2.5930497646331787,0.0
0,84,None,False,"66,43,20,81,54,94,21,46,59,18",1.041062593460083,-2.0985498428344727,-1.4313950538635254,-0.8196169137954712,7.999233245849609,4.295666694641113,0.009473430924117565,0.0,0.0,0.009473430924117565,0.011242985725402832,-0.0017695548012852669,0.23944304883480072,0.0,0.9951642751693726,0.34679877758026123,2.5930497646331787,0.0
0,85,None,False,"66,43,20,81,54,94,21,46,59,18",1.1124743223190308,-2.2125751972198486,-0.999809741973877,-0.839224100112915,7.999517917633057,5.074617862701416,0.0013350307708606124,0.0,0.0,0.0013350307708606124,0.0028564929962158203,-0.001521462225355208,0.38404014706611633,0.0,0.8413094282150269,0.36278724670410156,2.5930497646331787,0.0
0,86,None,False,"66,43,20,81,54,94,21,46,59,18",1.0484763383865356,-1.9372516870498657,-0.9606610536575317,-0.7553235292434692,7.999497890472412,3.330103874206543,0.0006821214919909835,0.0,0.0,0.0006821214919909835,0.0018062591552734375,-0.001124137663282454,0.26567280292510986,0.0,0.904193639755249,0.33859094977378845,2.5930497646331787,0.0
0,87,None,False,"66,43,20,81,54,94,21,46,59,18",1.018896460533142,-2.2566235065460205,-1.2522222995758057,-0.7843388319015503,7.999399662017822,4.9034037590026855,0.01638009026646614,0.0,0.0,0.01638009026646614,0.005572676658630371,0.01080741360783577,0.47541865706443787,0.0,0.8619123697280884,0.32407820224761963,2.5930497646331787,0.0
0,88,None,False,"66,43,20,81,54,94,21,46,59,18",1.0158761739730835,-1.890256404876709,-1.069665551185608,-0.92909175157547,7.999404430389404,5.915431022644043,0.011166912503540516,0.0,0.0,0.011166912503540516,0.004398941993713379,0.006767970509827137,0.46256864070892334,0.0,1.091228723526001,0.33819064497947693,2.5930497646331787,0.0
0,89,None,False,"66,43,20,81,54,94,21,46,59,18",1.017721176147461,-2.088108777999878,-1.1416022777557373,-0.8494762182235718,7.99961519241333,4.89678430557251,0.00739062437787652,0.0,0.0,0.00739062437787652,-0.0015183687210083008,0.008908992633223534,0.5068479776382446,0.0,1.012895941734314,0.33916226029396057,2.5930497646331787,0.0
0,90,None,False,"66,43,20,81,54,94,21,46,59,18",1.0805304050445557,-1.9526349306106567,-1.0915861129760742,-0.9971993565559387,7.999471187591553,3.837468147277832,0.013085240498185158,0.0,0.0,0.013085240498185158,0.006647944450378418,0.00643729604780674,0.5305039882659912,0.0,1.098799705505371,0.4059043526649475,2.5930497646331787,0.0
0,91,None,False,"66,43,20,81,54,94,21,46,59,18",1.0227890014648438,-2.3516855239868164,-1.5111939907073975,-0.7735006809234619,7.999296188354492,6.365373611450195,0.008929205127060413,0.0,0.0,0.008929205127060413,0.0070334672927856445,0.0018957378342747688,0.4331240653991699,0.0,1.1732572317123413,0.4142228364944458,2.5930497646331787,0.0
0,92,Schedule,True,"29,77,48,63,9,128,54,102,7,98",1.0655323266983032,-1.9987602233886719,-0.9558831453323364,-0.8803824186325073,7.999605178833008,6.510238170623779,-0.013471156358718872,0.09299999753634133,0.18599999507268267,-0.29247114062309265,-0.0009615421295166016,-0.29150959849357605,-2.5942108631134033,-12.924025535583496,1.003577470779419,0.4086485803127289,2.5930497646331787,0.0
0,93,None,False,"29,77,48,63,9,128,54,102,7,98",1.15622878074646,-1.9768871068954468,-1.0076600313186646,-0.683748722076416,7.999373435974121,4.996513366699219,-0.013902431353926659,0.0,0.0,-0.013902431353926659,-0.0026592016220092773,-0.011243229731917381,0.11903627216815948,0.0,1.1500166654586792,0.46527427434921265,2.5930497646331787,0.0
0,94,None,False,"29,77,48,63,9,128,54,102,7,98",1.0411964654922485,-2.029390811920166,-1.1331497430801392,-0.9460880756378174,7.999486923217773,6.005363941192627,-0.02107422426342964,0.0,0.0,-0.02107422426342964,-0.009316205978393555,-0.011758018285036087,0.1898583173751831,0.0,1.0632071495056152,0.4548785388469696,2.5930497646331787,0.0
0,95,None,False,"29,77,48,63,9,128,54,102,7,98",1.1350351572036743,-2.222846269607544,-1.061741590499878,-0.7978338599205017,7.999309062957764,7.323574066162109,-0.025654714554548264,0.0,0.0,-0.025654714554548264,-0.024122655391693115,-0.0015320591628551483,0.5497152209281921,0.0,1.1408302783966064,0.47167110443115234,2.5930497646331787,0.0
0,96,None,False,"29,77,48,63,9,128,54,102,7,98",1.0462483167648315,-1.9512310028076172,-0.9996695518493652,-0.881294310092926,7.9995341300964355,6.477072238922119,-0.0218255165964365,0.0,0.0,-0.0218255165964365,-0.022385001182556152,0.0005594845861196518,0.42403197288513184,0.0,1.0263608694076538,0.5669301748275757,2.5930497646331787,0.0
0,97,None,False,"29,77,48,63,9,128,54,102,7,98",1.0811491012573242,-2.519853353500366,-1.226538896560669,-0.7226823568344116,7.9993815422058105,4.530288219451904,-0.006154126022011042,0.0,0.0,-0.006154126022011042,-0.009826838970184326,0.0036727129481732845,0.33440691232681274,0.0,1.0559334754943848,0.4507743716239929,2.5930497646331787,0.0
0,98,None,False,"29,77,48,63,9,128,54,102,7,98",1.1167125701904297,-2.022345781326294,-0.8825828433036804,-0.8913275599479675,7.99951696395874,5.495589733123779,-0.004582029767334461,0.0,0.0,-0.004582029767334461,-0.012758016586303711,0.00817598681896925,0.46121248602867126,0.0,0.9905067682266235,0.4765332341194153,2.5930497646331787,0.0
0,99,None,False,"29,77,48,63,9,128,54,102,7,98",1.0892373323440552,-1.8858360052108765,-1.2249362468719482,-0.7836157083511353,7.999545574188232,3.924222469329834,-0.0006530165555886924,0.0,0.0,-0.0006530165555886924,-0.0033302903175354004,0.002677273703739047,0.3850611746311188,0.0,0.9573071002960205,0.4186244308948517,2.5930497646331787,0.0
0,100,Struct Break (DC),True,"77,31,73,43,83,105,84,114,76,36",1.097449779510498,-1.5528905391693115,-0.9729570150375366,-0.9680845141410828,7.999608039855957,2.652143716812134,0.01188632845878601,0.09299999753634133,0.18599999507268267,-0.26711365580558777,0.003488302230834961,-0.27060195803642273,-2.275428533554077,-11.342240333557129,1.0024938583374023,0.43242311477661133,2.5930497646331787,0.0
0,101,None,False,"77,31,73,43,83,105,84,114,76,36",1.0619091987609863,-1.8571252822875977,-1.099346399307251,-0.8609146475791931,7.999560832977295,3.7549712657928467,0.00755839329212904,0.0,0.0,0.00755839329212904,-0.0020132064819335938,0.009571599774062634,0.3697720766067505,0.0,1.0694857835769653,0.4824184775352478,2.5930497646331787,0.0
0,102,None,False,"77,31,73,43,83,105,84,114,76,36",1.038490653038025,-2.0915796756744385,-0.972030520439148,-0.9727816581726074,7.9995808601379395,4.7894062995910645,-0.0010384678607806563,0.0,0.0,-0.0010384678607806563,-0.00047528743743896484,-0.0005631804233416915,0.3432098925113678,0.0,1.0796679258346558,0.4963616132736206,2.5930497646331787,0.0
0,103,None,False,"77,31,73,43,83,105,84,114,76,36",1.1011296510696411,-1.795642375946045,-0.9807428121566772,-0.9293813109397888,7.999526023864746,4.015904426574707,0.009215259924530983,0.0,0.0,0.009215259924530983,0.014002442359924316,-0.0047871824353933334,0.3093993365764618,0.0,0.7929518818855286,0.4614582657814026,2.5930497646331787,0.0
0,104,None,False,"77,31,73,43,83,105,84,114,76,36",1.0166298151016235,-1.872069001197815,-1.2897906303405762,-0.7738054990768433,7.999337196350098,4.5819830894470215,-0.008179688826203346,0.0,0.0,-0.008179688826203346,0.012392759323120117,-0.020572448149323463,0.32391542196273804,0.0,0.8185151219367981,0.4096653461456299,2.5930497646331787,0.0
0,105,None,False,"77,31,73,43,83,105,84,114,76,36",1.1026633977890015,-2.0522305965423584,-1.132908582687378,-0.8368228077888489,7.999502182006836,5.3778839111328125,-0.009201914072036743,0.0,0.0,-0.009201914072036743,0.020910978317260742,-0.030112892389297485,0.3743992745876312,0.0,0.8200180530548096,0.4093802571296692,2.5930497646331787,0.0
0,106,None,False,"77,31,73,43,83,105,84,114,76,36",1.079646348953247,-1.972261905670166,-1.1385023593902588,-0.7977792024612427,7.999622344970703,3.9247167110443115,0.003933030180633068,0.0,0.0,0.003933030180633068,0.024500489234924316,-0.020567458122968674,0.27758321166038513,0.0,0.8301748037338257,0.3970903158187866,2.5930497646331787,0.0
0,107,None,False,"77,31,73,43,83,105,84,114,76,36",1.0525835752487183,-2.1340255737304688,-0.9318481087684631,-0.9065346717834473,7.999626636505127,4.0803422927856445,0.0030894458759576082,0.0,0.0,0.0030894458759576082,0.020259499549865723,-0.017170052975416183,0.15058186650276184,0.0,0.8101370930671692,0.32210883498191833,2.5930497646331787,0.0
0,108,None,False,"77,31,73,43,83,105,84,114,76,36",1.0918471813201904,-1.9756842851638794,-1.1984000205993652,-0.8922427892684937,7.999467372894287,5.534273624420166,0.006154912523925304,0.0,0.0,0.006154912523925304,0.016449689865112305,-0.010294777341187,0.02848455309867859,0.0,0.8148452043533325,0.3389625549316406,2.5930497646331787,0.0
0,109,None,False,"77,31,73,43,83,105,84,114,76,36",1.1382721662521362,-1.9805777072906494,-0.9808328151702881,-0.9931076169013977,7.999402046203613,5.93279504776001,0.031982798129320145,0.0,0.0,0.031982798129320145,0.03040170669555664,0.001581091433763504,0.3658386170864105,0.0,0.7309861183166504,0.4000706374645233,2.5930497646331787,0.0
0,110,None,False,"77,31,73,43,83,105,84,114,76,36",1.1097806692123413,-2.169142723083496,-1.1623854637145996,-0.8908798694610596,7.999575614929199,4.823051452636719,0.03345993161201477,0.0,0.0,0.03345993161201477,0.03037583827972412,0.0030840933322906494,0.4009992480278015,0.0,0.7589852213859558,0.34273993968963623,2.5930497646331787,0.0
0,111,None,False,"77,31,73,43,83,105,84,114,76,36",1.0823899507522583,-1.9280062913894653,-1.1255898475646973,-0.9488444924354553,7.9995880126953125,4.323200225830078,0.03128911182284355,0.0,0.0,0.03128911182284355,0.029688239097595215,0.0016008727252483368,0.3302591145038605,0.0,0.9197664260864258,0.3712273836135864,2.5930497646331787,0.0
0,112,None,False,"77,31,73,43,83,105,84,114,76,36",1.1219513416290283,-2.2018516063690186,-1.1536654233932495,-0.8682621717453003,7.999545097351074,4.237730026245117,0.026950985193252563,0.0,0.0,0.026950985193252563,0.033661723136901855,-0.006710737943649292,0.2627624273300171,0.0,0.9325131773948669,0.3427548110485077,2.5930497646331787,0.0
0,113,None,False,"77,31,73,43,83,105,84,114,76,36",1.1062718629837036,-1.9340128898620605,-1.2346800565719604,-0.9006691575050354,7.99945068359375,3.744396686553955,0.032471317797899246,0.0,0.0,0.032471317797899246,0.04076051712036133,-0.008289199322462082,0.3898090422153473,0.0,0.9314838647842407,0.3400872051715851,2.5930497646331787,0.0
0,114,Schedule,True,"24,54,25,60,103,124,78,76,77,51",1.0427050590515137,-1.749245047569275,-1.1868212223052979,-0.6375066637992859,7.999389171600342,5.15573787689209,0.022926753386855125,0.08266666789849599,0.16533333579699197,-0.22507324814796448,0.023769617080688477,-0.24884286522865295,-2.5274436473846436,-12.610274314880371,0.9681877493858337,0.3276491165161133,2.5930497646331787,0.0
0,115,None,False,"24,54,25,60,103,124,78,76,77,51",1.0263903141021729,-2.047133684158325,-1.1443208456039429,-0.8022225499153137,7.99953556060791,5.065356731414795,0.01788095198571682,0.0,0.0,0.01788095198571682,0.021952509880065918,-0.004071557894349098,0.3732716143131256,0.0,0.8024662733078003,0.3298162817955017,2.5930497646331787,0.0
0,116,None,False,"24,54,25,60,103,124,78,76,77,51",1.151563048362732,-1.935086965560913,-1.0761686563491821,-1.116178035736084,7.999459743499756,6.037505149841309,0.013027560897171497,0.0,0.0,0.013027560897171497,0.011499404907226562,0.0015281559899449348,0.46930837631225586,0.0,0.9384355545043945,0.32671546936035156,2.5930497646331787,0.0
0,117,None,False,"24,54,25,60,103,124,78,76,77,51",0.9878829717636108,-2.027268648147583,-1.1614530086517334,-0.797447144985199,7.9994306564331055,6.555305004119873,0.013973891735076904,0.0,0.0,0.013973891735076904,0.011912226676940918,0.0020616650581359863,0.26609012484550476,0.0,1.1517207622528076,0.3444858193397522,2.5930497646331787,0.0
0,118,None,False,"24,54,25,60,103,124,78,76,77,51",1.1127746105194092,-2.0274674892425537,-1.1176761388778687,-0.6871418952941895,7.999467849731445,4.1719136238098145,-0.0007580936071462929,0.0,0.0,-0.0007580936071462929,0.004590034484863281,-0.005348128266632557,0.387477844953537,0.0,0.9610026478767395,0.34696459770202637,2.5930497646331787,0.0
0,119,None,False,"24,54,25,60,103,124,78,76,77,51",1.100948691368103,-2.188689947128296,-1.2042384147644043,-0.6853070259094238,7.999442100524902,3.643385887145996,0.009793984703719616,0.0,0.0,0.009793984703719616,0.004304409027099609,0.0054895756766200066,0.5253146290779114,0.0,0.8944433927536011,0.3406681716442108,2.5930497646331787,0.0
0,120,None,False,"24,54,25,60,103,124,78,76,77,51",1.071487545967102,-2.052734136581421,-0.9351040124893188,-0.9989131093025208,7.999485492706299,4.85575532913208,0.031475793570280075,0.0,0.0,0.031475793570280075,0.011382818222045898,0.020092975348234177,0.5712417960166931,0.0,0.7303902506828308,0.3281206786632538,2.5930497646331787,0.0
0,121,None,False,"24,54,25,60,103,124,78,76,77,51",1.1266725063323975,-1.972416877746582,-0.8964280486106873,-0.6292805671691895,7.9994120597839355,5.186826229095459,0.03942849114537239,0.0,0.0,0.03942849114537239,0.028179168701171875,0.011249322444200516,0.4505802094936371,0.0,0.8006589412689209,0.38975948095321655,2.5930497646331787,0.0
0,122,None,False,"24,54,25,60,103,124,78,76,77,51",1.0966616868972778,-1.6722843647003174,-0.8500915765762329,-0.8903711438179016,7.999466419219971,5.244901657104492,0.020142395049333572,0.0,0.0,0.020142395049333572,0.022061705589294434,-0.0019193105399608612,0.354399710893631,0.0,0.6336795687675476,0.32926705479621887,2.5930497646331787,0.0
0,123,None,False,"24,54,25,60,103,124,78,76,77,51",1.093587875366211,-2.0197982788085938,-1.093151330947876,-0.8133734464645386,7.99953031539917,3.042668581008911,0.02999408170580864,0.0,0.0,0.02999408170580864,0.02290356159210205,0.007090520113706589,0.33107703924179077,0.0,0.6167024970054626,0.2765013873577118,2.5930497646331787,0.0
0,124,None,False,"24,54,25,60,103,124,78,76,77,51",0.9442742466926575,-2.2794578075408936,-1.078835129737854,-0.9543548822402954,7.999473571777344,4.3553853034973145,0.010509401559829712,0.0,0.0,0.010509401559829712,0.014943480491638184,-0.004434078931808472,0.12109912931919098,0.0,0.814763605594635,0.3545079529285431,2.5930497646331787,0.0
0,125,None,False,"24,54,25,60,103,124,78,76,77,51",1.0783932209014893,-2.2744388580322266,-1.4801890850067139,-0.6131876707077026,7.999290943145752,5.282606601715088,0.005538314580917358,0.0,0.0,0.005538314580917358,0.005183577537536621,0.0003547370433807373,0.2602332830429077,0.0,0.7276284098625183,0.3319361209869385,2.5930497646331787,0.0
0,126,None,False,"24,54,25,60,103,124,78,76,77,51",1.1173080205917358,-2.210439682006836,-1.15367591381073,-0.9738034009933472,7.999457836151123,6.520252227783203,7.106065459083766e-05,0.0,0.0,7.106065459083766e-05,0.0015915632247924805,-0.0015205026138573885,0.21681217849254608,0.0,0.7831071615219116,0.2790200114250183,2.5930497646331787,0.0
0,127,None,False,"24,54,25,60,103,124,78,76,77,51",1.0516605377197266,-2.008587598800659,-1.0892415046691895,-0.7112699151039124,7.999293804168701,4.846269130706787,0.0015956342685967684,0.0,0.0,0.0015956342685967684,0.0036797523498535156,-0.0020841180812567472,0.4831213057041168,0.0,0.8693734407424927,0.27089884877204895,2.5930497646331787,0.0
0,0,Schedule | Regime Shift (Initial),True,"29,120,47,137,112,12,52,21,77,94",1.0736585855484009,-1.8863005638122559,-0.8947619199752808,-0.9485190510749817,7.999296188354492,4.9265875816345215,-0.015561675652861595,0.0,0.0,-0.015561675652861595,-0.00790029764175415,-0.007661378011107445,-0.28065794706344604,-1.4435654878616333,0.9941030740737915,0.3756082057952881,2.2770304679870605,0.0
0,1,None,False,"29,120,47,137,112,12,52,21,77,94",1.0090833902359009,-2.250439167022705,-1.0387647151947021,-0.7661659717559814,7.998961925506592,5.396043300628662,-0.020729178562760353,0.0,0.0,-0.020729178562760353,-0.010489284992218018,-0.010239893570542336,0.037673067301511765,0.0,1.0439330339431763,0.4569261968135834,2.2770304679870605,0.0
0,2,None,False,"29,120,47,137,112,12,52,21,77,94",1.0591850280761719,-1.9499446153640747,-1.0523412227630615,-0.802539587020874,7.999138832092285,6.314250469207764,-0.0014552951324731112,0.0,0.0,-0.0014552951324731112,-0.0015211701393127441,6.587500683963299e-05,0.18795056641101837,0.0,1.1855738162994385,0.28419211506843567,2.2770304679870605,0.0
0,3,None,False,"29,120,47,137,112,12,52,21,77,94",1.0778323411941528,-1.9011071920394897,-0.9357898831367493,-1.0694513320922852,7.999322414398193,4.341552734375,0.0344284251332283,0.0,0.0,0.0344284251332283,0.01766979694366455,0.01675862818956375,0.5562604665756226,0.0,1.2044579982757568,0.3063194751739502,2.2770304679870605,0.0
0,4,None,False,"29,120,47,137,112,12,52,21,77,94",1.0114877223968506,-1.990675449371338,-1.1400818824768066,-0.7294952273368835,7.999237060546875,3.771261692047119,0.04669738933444023,0.0,0.0,0.04669738933444023,0.025389671325683594,0.021307718008756638,0.622406542301178,0.0,1.093766212463379,0.2902914881706238,2.2770304679870605,0.0
0,5,None,False,"29,120,47,137,112,12,52,21,77,94",1.0984532833099365,-2.061124563217163,-1.111957311630249,-0.8063201904296875,7.999115943908691,4.842684268951416,0.025581438094377518,0.0,0.0,0.025581438094377518,0.012202262878417969,0.013379175215959549,0.41697701811790466,0.0,1.0640459060668945,0.30620816349983215,2.2770304679870605,0.0
0,6,None,False,"29,120,47,137,112,12,52,21,77,94",1.0688362121582031,-2.272737503051758,-1.256712555885315,-0.7751713991165161,7.998927593231201,5.393435478210449,0.016825944185256958,0.0,0.0,0.016825944185256958,0.004654645919799805,0.012171298265457153,0.4616129696369171,0.0,0.937667191028595,0.2958226501941681,2.2770304679870605,0.0
0,7,None,False,"29,120,47,137,112,12,52,21,77,94",1.061466097831726,-1.781522512435913,-0.6775272488594055,-1.042130708694458,7.999294281005859,5.344139099121094,-0.00904536247253418,0.0,0.0,-0.00904536247253418,-0.0013818740844726562,-0.0076634883880615234,0.18651501834392548,0.0,0.9317023158073425,0.31790995597839355,2.2770304679870605,0.0
0,8,None,False,"29,120,47,137,112,12,52,21,77,94",1.0690150260925293,-1.8771393299102783,-0.8560401797294617,-0.8134927749633789,7.999352931976318,5.484803676605225,-0.01855219528079033,0.0,0.0,-0.01855219528079033,-0.008931636810302734,-0.009620558470487595,0.0667807087302208,0.0,0.9331175684928894,0.30875375866889954,2.2770304679870605,0.0
0,9,None,False,"29,120,47,137,112,12,52,21,77,94",1.0152702331542969,-1.8963078260421753,-0.8456912040710449,-0.8424550294876099,7.999317169189453,5.159816741943359,-0.020957523956894875,0.0,0.0,-0.020957523956894875,-0.004313468933105469,-0.016644055023789406,-0.26623281836509705,0.0,0.8142244815826416,0.31455183029174805,2.2770304679870605,0.0
0,10,None,False,"29,120,47,137,112,12,52,21,77,94",0.9381054639816284,-2.0160679817199707,-1.0523090362548828,-0.806005597114563,7.999350547790527,4.093708038330078,-0.021701615303754807,0.0,0.0,-0.021701615303754807,-0.005433440208435059,-0.016268175095319748,-0.0237288698554039,0.0,0.7111560702323914,0.32525426149368286,2.2770304679870605,0.0
0,11,None,False,"29,120,47,137,112,12,52,21,77,94",1.063271164894104,-2.1742477416992188,-1.049275517463684,-0.8340781331062317,7.999022006988525,5.018455982208252,0.005674439482390881,0.0,0.0,0.005674439482390881,0.0027464628219604492,0.0029279766604304314,0.10089348256587982,0.0,0.8068300485610962,0.2889793813228607,2.2770304679870605,0.0
0,12,None,False,"29,120,47,137,112,12,52,21,77,94",1.0591193437576294,-1.8749147653579712,-0.9193260669708252,-0.9161032438278198,7.999269485473633,5.017804145812988,0.016142606735229492,0.0,0.0,0.016142606735229492,0.007449626922607422,0.00869297981262207,0.16207355260849,0.0,0.72413569688797,0.31710076332092285,2.2770304679870605,0.0
0,13,None,False,"29,120,47,137,112,12,52,21,77,94",1.0537362098693848,-1.9134114980697632,-0.9245278835296631,-0.9271237850189209,7.999369144439697,3.767101287841797,0.1231963038444519,0.0,0.0,0.1231963038444519,0.031407952308654785,0.09178835153579712,1.3370671272277832,0.0,0.7851554155349731,0.36769330501556396,2.2770304679870605,0.0
0,14,Schedule,True,"26,137,75,25,2,71,40,21,100,58",1.0832682847976685,-1.9230684041976929,-0.9302358627319336,-1.0352097749710083,7.999589920043945,3.542107582092285,0.1309410035610199,0.08266666789849599,0.16533333579699197,-0.11705899238586426,0.03394210338592529,-0.15100109577178955,-0.033617082983255386,-0.2164289802312851,0.7730276584625244,0.37588226795196533,2.2770304679870605,0.0
0,15,None,False,"26,137,75,25,2,71,40,21,100,58",1.0990068912506104,-1.8642518520355225,-1.0873212814331055,-0.8385148048400879,7.99934196472168,3.2548813819885254,0.13835647702217102,0.0,0.0,0.13835647702217102,0.03475141525268555,0.10360506176948547,3.767237901687622,0.0,0.7902666926383972,0.3153218626976013,2.2770304679870605,0.0
0,16,None,False,"26,137,75,25,2,71,40,21,100,58",1.0757242441177368,-2.059976100921631,-0.9525821208953857,-0.789149284362793,7.9991960525512695,4.141698837280273,0.12778586149215698,0.0,0.0,0.12778586149215698,0.030156850814819336,0.09762901067733765,1.6740529537200928,0.0,0.7405048608779907,0.300672322511673,2.2770304679870605,0.0
0,17,None,False,"26,137,75,25,2,71,40,21,100,58",1.1046030521392822,-1.9919581413269043,-1.0003103017807007,-1.0865460634231567,7.9992451667785645,6.325538635253906,0.11910855770111084,0.0,0.0,0.11910855770111084,0.02871537208557129,0.09039318561553955,1.1761581897735596,0.0,0.8023548722267151,0.2856043875217438,2.2770304679870605,0.0
0,18,None,False,"26,137,75,25,2,71,40,21,100,58",1.0738317966461182,-2.0375404357910156,-1.1132551431655884,-0.7409967184066772,7.999209403991699,5.579772472381592,0.015128254890441895,0.0,0.0,0.015128254890441895,0.005548715591430664,0.00957953929901123,0.4368395507335663,0.0,0.8696419596672058,0.34922534227371216,2.2770304679870605,0.0
0,19,None,False,"26,137,75,25,2,71,40,21,100,58",0.9699822664260864,-2.198793649673462,-1.244753122329712,-0.9015060663223267,7.9991865158081055,5.178886890411377,0.0009470403310842812,0.0,0.0,0.0009470403310842812,0.010553240776062012,-0.009606200270354748,0.0973062664270401,0.0,1.055724859237671,0.46161502599716187,2.2770304679870605,0.0
0,20,None,False,"26,137,75,25,2,71,40,21,100,58",1.0600860118865967,-2.0347635746002197,-1.0314178466796875,-0.8341449499130249,7.999293804168701,5.020664691925049,-0.003541195299476385,0.0,0.0,-0.003541195299476385,0.009955525398254395,-0.013496721163392067,0.06839552521705627,0.0,0.9171152114868164,0.42820388078689575,2.2770304679870605,0.0
0,21,None,False,"26,137,75,25,2,71,40,21,100,58",1.156363606452942,-2.0199410915374756,-1.0023436546325684,-0.7896778583526611,7.9991984367370605,4.642933368682861,-0.000376152980607003,0.0,0.0,-0.000376152980607003,0.010578632354736328,-0.010954785160720348,0.009373285807669163,0.0,0.9207906723022461,0.32819998264312744,2.2770304679870605,0.0
0,22,None,False,"26,137,75,25,2,71,40,21,100,58",1.0102005004882812,-2.3899481296539307,-0.8333131670951843,-1.2808283567428589,7.999442100524902,6.714369297027588,-0.012428170070052147,0.0,0.0,-0.012428170070052147,-0.0022149085998535156,-0.010213261470198631,0.0031705349683761597,0.0,0.8652809858322144,0.4500025808811188,2.2770304679870605,0.0
0,23,None,False,"26,137,75,25,2,71,40,21,100,58",1.0750120878219604,-1.9690136909484863,-1.0481443405151367,-0.8495947122573853,7.999211311340332,5.735696792602539,-0.012719154357910156,0.0,0.0,-0.012719154357910156,-0.0009557604789733887,-0.011763393878936768,0.1853356957435608,0.0,0.803549587726593,0.3716496229171753,2.2770304679870605,0.0
0,24,None,False,"26,137,75,25,2,71,40,21,100,58",1.1175155639648438,-1.8506519794464111,-0.7553154230117798,-1.2643284797668457,7.999338626861572,4.5274481773376465,-0.025317197665572166,0.0,0.0,-0.025317197665572166,-0.014088034629821777,-0.011229163035750389,0.11166121065616608,0.0,0.8078759908676147,0.2934408187866211,2.2770304679870605,0.0
0,25,None,False,"26,137,75,25,2,71,40,21,100,58",1.0731652975082397,-1.9515677690505981,-0.8198298215866089,-1.222629427909851,7.999439239501953,4.863462924957275,-0.027486782521009445,0.0,0.0,-0.027486782521009445,-0.017726778984069824,-0.009760003536939621,0.006528547033667564,0.0,0.6724213361740112,0.31371742486953735,2.2770304679870605,0.0
0,26,None,False,"26,137,75,25,2,71,40,21,100,58",1.0404844284057617,-2.1604490280151367,-0.9308654069900513,-1.0002624988555908,7.99922513961792,3.847374200820923,-0.02271801233291626,0.0,0.0,-0.02271801233291626,-0.011887013912200928,-0.010830998420715332,-0.033331770449876785,0.0,0.6918856501579285,0.3552071154117584,2.2770304679870605,0.0
0,27,None,False,"26,137,75,25,2,71,40,21,100,58",0.917728841304779,-2.1906838417053223,-1.101265788078308,-0.9538213014602661,7.999209880828857,5.672242641448975,-0.00983249582350254,0.0,0.0,-0.00983249582350254,-0.003258049488067627,-0.006574446335434914,0.23401273787021637,0.0,0.8751782178878784,0.31514865159988403,2.2770304679870605,0.0
0,28,Schedule,True,"81,75,43,89,24,119,32,70,129,48",1.051543116569519,-1.9580968618392944,-1.040103793144226,-1.0133179426193237,7.999377727508545,5.370348930358887,0.01584681309759617,0.09299999753634133,0.18599999507268267,-0.26315316557884216,0.0035430192947387695,-0.26669618487358093,-0.9175177812576294,-4.600859642028809,0.9150863885879517,0.37860536575317383,2.2770304679870605,0.0
0,29,None,False,"81,75,43,89,24,119,32,70,129,48",1.0689934492111206,-1.9219748973846436,-1.0792040824890137,-0.9550127983093262,7.99924898147583,4.289056777954102,0.0524919256567955,0.0,0.0,0.0524919256567955,0.020305156707763672,0.03218676894903183,0.8996584415435791,0.0,0.9270303249359131,0.3505702316761017,2.2770304679870605,0.0
0,30,None,False,"81,75,43,89,24,119,32,70,129,48",0.991603672504425,-2.1094141006469727,-1.2005653381347656,-0.6436424255371094,7.998863220214844,6.685873985290527,0.05410658195614815,0.0,0.0,0.05410658195614815,0.03184378147125244,0.022262800484895706,0.6946356892585754,0.0,0.8206521272659302,0.29624682664871216,2.2770304679870605,0.0
0,31,None,False,"81,75,43,89,24,119,32,70,129,48",0.9545037150382996,-2.0298678874969482,-0.8718842267990112,-1.0013030767440796,7.999580383300781,5.73715353012085,0.044465504586696625,0.0,0.0,0.044465504586696625,0.027257204055786133,0.017208300530910492,0.5507898330688477,0.0,0.7240930199623108,0.2999642789363861,2.2770304679870605,0.0
0,32,None,False,"81,75,43,89,24,119,32,70,129,48",1.015048861503601,-2.3215553760528564,-1.1517963409423828,-0.9053711891174316,7.99910831451416,5.7500176429748535,0.04303831607103348,0.0,0.0,0.04303831607103348,0.02784121036529541,0.015197105705738068,0.6277459859848022,0.0,0.5902400612831116,0.3176151216030121,2.2770304679870605,0.0
0,33,None,False,"81,75,43,89,24,119,32,70,129,48",1.070986270904541,-2.075835943222046,-1.021586537361145,-0.8641654253005981,7.999316692352295,4.862128257751465,0.0372421070933342,0.0,0.0,0.0372421070933342,0.02398681640625,0.013255290687084198,0.5310723185539246,0.0,0.522821843624115,0.32497498393058777,2.2770304679870605,0.0
0,34,None,False,"81,75,43,89,24,119,32,70,129,48",1.0605663061141968,-2.0672528743743896,-0.8458690047264099,-0.8801526427268982,7.999485492706299,4.168221950531006,0.013867855072021484,0.0,0.0,0.013867855072021484,0.018419742584228516,-0.004551887512207031,0.14576058089733124,0.0,0.5910683870315552,0.31034085154533386,2.2770304679870605,0.0
0,35,None,False,"81,75,43,89,24,119,32,70,129,48",1.0264490842819214,-1.9001845121383667,-0.910407304763794,-0.9687262177467346,7.999312400817871,3.9039669036865234,0.019972896203398705,0.0,0.0,0.019972896203398705,0.016434311866760254,0.0035385843366384506,-0.09000948071479797,0.0,0.6331450343132019,0.2973988652229309,2.2770304679870605,0.0
0,36,None,False,"81,75,43,89,24,119,32,70,129,48",0.9110548496246338,-2.4896488189697266,-1.0194694995880127,-0.861762523651123,7.99896764755249,7.171470642089844,0.0284956693649292,0.0,0.0,0.0284956693649292,0.021541595458984375,0.006954073905944824,0.2238347828388214,0.0,0.6194592118263245,0.3151623010635376,2.2770304679870605,0.0
0,37,None,False,"81,75,43,89,24,119,32,70,129,48",1.096097707748413,-1.8565399646759033,-1.0224244594573975,-1.085146188735962,7.999147891998291,6.731930255889893,0.033541690558195114,0.0,0.0,0.033541690558195114,0.033011794090270996,0.000529896467924118,0.29776445031166077,0.0,0.653071939945221,0.3188972473144531,2.2770304679870605,0.0
0,38,None,False,"81,75,43,89,24,119,32,70,129,48",0.9928202629089355,-1.7373499870300293,-0.8482402563095093,-0.8561166524887085,7.999227523803711,5.474411964416504,0.03396139666438103,0.0,0.0,0.03396139666438103,0.02772533893585205,0.0062360577285289764,0.3643234968185425,0.0,0.5895816683769226,0.2828039228916168,2.2770304679870605,0.0
0,39,None,False,"81,75,43,89,24,119,32,70,129,48",1.085147738456726,-2.1166069507598877,-1.0980348587036133,-0.9327065944671631,7.999143123626709,5.29019832611084,0.034129656851291656,0.0,0.0,0.034129656851291656,0.03064417839050293,0.003485478460788727,0.2967239022254944,0.0,0.5458673238754272,0.32569119334220886,2.2770304679870605,0.0
0,40,None,False,"81,75,43,89,24,119,32,70,129,48",1.0836797952651978,-1.863138198852539,-0.835635781288147,-1.038615345954895,7.999388694763184,4.769632339477539,0.023215526714920998,0.0,0.0,0.023215526714920998,0.019495368003845215,0.0037201587110757828,0.6020151376724243,0.0,0.6272773742675781,0.2467758059501648,2.2770304679870605,0.0
0,41,None,False,"81,75,43,89,24,119,32,70,129,48",1.040651559829712,-1.6904081106185913,-0.9201127290725708,-1.076225757598877,7.9993391036987305,3.44502854347229,0.024458546191453934,0.0,0.0,0.024458546191453934,0.020432472229003906,0.0040260739624500275,0.366428017616272,0.0,0.576824963092804,0.2664310038089752,2.2770304679870605,0.0
0,42,Schedule,True,"72,33,122,34,51,70,30,36,54,80",0.9742363095283508,-2.1375205516815186,-0.8649909496307373,-1.054944396018982,7.999678134918213,4.803115367889404,0.015017693862318993,0.09299999753634133,0.18599999507268267,-0.26398229598999023,0.02043449878692627,-0.2844167947769165,-1.3381315469741821,-6.687178134918213,0.5552146434783936,0.23385348916053772,2.2770304679870605,0.0
0,43,None,False,"72,33,122,34,51,70,30,36,54,80",1.089066505432129,-1.9597437381744385,-1.081413984298706,-1.0307177305221558,7.999192714691162,5.464145660400391,0.032199304550886154,0.0,0.0,0.032199304550886154,0.030266284942626953,0.001933019608259201,0.21145376563072205,0.0,0.4926885962486267,0.2345954030752182,2.2770304679870605,0.0
0,44,None,False,"72,33,122,34,51,70,30,36,54,80",0.9972352385520935,-2.012552499771118,-1.2239985466003418,-0.8256735801696777,7.999497413635254,5.074432373046875,0.0235078576952219,0.0,0.0,0.0235078576952219,0.02102077007293701,0.0024870876222848892,0.21118706464767456,0.0,0.6550326347351074,0.2419055849313736,2.2770304679870605,0.0
0,45,None,False,"72,33,122,34,51,70,30,36,54,80",1.058070182800293,-1.9298220872879028,-0.9479117393493652,-0.7818558216094971,7.999224662780762,4.5093584060668945,0.02387126162648201,0.0,0.0,0.02387126162648201,0.023798108100891113,7.31535255908966e-05,0.3043837249279022,0.0,0.6372697353363037,0.24974501132965088,2.2770304679870605,0.0
0,46,None,False,"72,33,122,34,51,70,30,36,54,80",1.0517197847366333,-2.2491097450256348,-0.962108850479126,-0.9225508570671082,7.999222755432129,5.304947853088379,0.00867551565170288,0.0,0.0,0.00867551565170288,0.010439157485961914,-0.0017636418342590332,0.4345875382423401,0.0,0.6371963024139404,0.23278124630451202,2.2770304679870605,0.0
0,47,None,False,"72,33,122,34,51,70,30,36,54,80",0.9950776696205139,-1.9730408191680908,-1.0696598291397095,-0.7061396837234497,7.999221324920654,4.8763604164123535,0.0009587287786416709,0.0,0.0,0.0009587287786416709,0.004201531410217285,-0.0032428025733679533,0.16399194300174713,0.0,0.8104168176651001,0.32780832052230835,2.2770304679870605,0.0
0,48,None,False,"72,33,122,34,51,70,30,36,54,80",1.0806061029434204,-2.0062131881713867,-0.9267906546592712,-0.8644702434539795,7.999302387237549,4.088758945465088,-0.021157223731279373,0.0,0.0,-0.021157223731279373,-0.01209867000579834,-0.009058553725481033,-0.029779883101582527,0.0,0.6807326674461365,0.3122931122779846,2.2770304679870605,0.0
0,49,None,False,"72,33,122,34,51,70,30,36,54,80",1.108404278755188,-2.2197022438049316,-1.0892317295074463,-0.9770808815956116,7.9993205070495605,3.421867847442627,-0.021906476467847824,0.0,0.0,-0.021906476467847824,-0.011439383029937744,-0.01046709343791008,0.06687188148498535,0.0,0.7967543005943298,0.2954247295856476,2.2770304679870605,0.0
0,50,None,False,"72,33,122,34,51,70,30,36,54,80",1.0736027956008911,-2.092163562774658,-1.108435869216919,-0.7475656867027283,7.999068260192871,4.68902063369751,-0.021527672186493874,0.0,0.0,-0.021527672186493874,-0.008724629878997803,-0.01280304230749607,-0.09311579912900925,0.0,0.8155744671821594,0.32762980461120605,2.2770304679870605,0.0
0,51,None,False,"72,33,122,34,51,70,30,36,54,80",1.0290939807891846,-1.8938472270965576,-1.0322988033294678,-0.8469668030738831,7.999455451965332,3.414954662322998,-0.0010056734317913651,0.0,0.0,-0.0010056734317913651,-0.00025773048400878906,-0.0007479429477825761,0.4348779022693634,0.0,0.7637884616851807,0.30777156352996826,2.2770304679870605,0.0
0,52,None,False,"72,33,122,34,51,70,30,36,54,80",1.0067695379257202,-1.8352916240692139,-1.2080655097961426,-0.9868992567062378,7.999042987823486,4.653594493865967,0.019181877374649048,0.0,0.0,0.019181877374649048,0.0006014108657836914,0.018580466508865356,0.5418226718902588,0.0,0.7595992684364319,0.387234628200531,2.2770304679870605,0.0
0,53,None,False,"72,33,122,34,51,70,30,36,54,80",1.144036054611206,-2.1251919269561768,-1.0162696838378906,-0.9899855852127075,7.999001979827881,4.92426872253418,0.02946833334863186,0.0,0.0,0.02946833334863186,0.014977693557739258,0.014490639790892601,0.416767954826355,0.0,0.7720908522605896,0.3757586181163788,2.2770304679870605,0.0
0,54,None,False,"72,33,122,34,51,70,30,36,54,80",1.0458014011383057,-2.0257248878479004,-0.9085904955863953,-1.2037705183029175,7.999513626098633,5.463700771331787,0.0449204221367836,0.0,0.0,0.0449204221367836,0.02140629291534424,0.02351412922143936,0.547357976436615,0.0,0.8759450912475586,0.3668909966945648,2.2770304679870605,0.0
0,55,None,False,"72,33,122,34,51,70,30,36,54,80",1.0613594055175781,-2.256150245666504,-1.2580516338348389,-0.7967809438705444,7.998899459838867,5.799209117889404,0.05593867972493172,0.0,0.0,0.05593867972493172,0.020980000495910645,0.03495867922902107,0.6706669926643372,0.0,0.9858414530754089,0.3789359927177429,2.2770304679870605,0.0
0,56,Schedule,True,"75,51,32,45,69,59,72,70,33,130",1.002036213874817,-2.061810255050659,-1.3973193168640137,-0.8113827109336853,7.999002933502197,5.054479598999023,0.04999065399169922,0.062000002463658645,0.12400000492731729,-0.1360093504190445,0.01896536350250244,-0.15497471392154694,-0.792233943939209,-3.9869332313537598,1.0658183097839355,0.46016794443130493,2.2770304679870605,0.0
0,57,None,False,"75,51,32,45,69,59,72,70,33,130",1.0085680484771729,-1.739109754562378,-1.0475308895111084,-0.8782395124435425,7.999021530151367,3.735621452331543,0.02423453889787197,0.0,0.0,0.02423453889787197,0.010058999061584473,0.014175539836287498,0.5369687080383301,0.0,1.2258117198944092,0.47470933198928833,2.2770304679870605,0.0
0,58,None,False,"75,51,32,45,69,59,72,70,33,130",1.0792222023010254,-1.9161171913146973,-0.935567319393158,-0.8189248442649841,7.99932336807251,4.756144046783447,0.030318867415189743,0.0,0.0,0.030318867415189743,0.007376670837402344,0.0229421965777874,0.5808664560317993,0.0,1.2250829935073853,0.41126978397369385,2.2770304679870605,0.0
0,59,None,False,"75,51,32,45,69,59,72,70,33,130",0.9914169907569885,-2.0549399852752686,-0.8333598375320435,-1.1269434690475464,7.99938440322876,4.655405044555664,0.014961856417357922,0.0,0.0,0.014961856417357922,0.002553701400756836,0.012408155016601086,0.5401955842971802,0.0,1.1792749166488647,0.41432154178619385,2.2770304679870605,0.0
0,60,None,False,"75,51,32,45,69,59,72,70,33,130",1.0204463005065918,-2.1503617763519287,-0.89689701795578,-0.9251124858856201,7.999314785003662,3.6826257705688477,0.018386494368314743,0.0,0.0,0.018386494368314743,0.012272834777832031,0.006113659590482712,0.39512521028518677,0.0,1.143371343612671,0.4135838747024536,2.2770304679870605,0.0
0,61,None,False,"75,51,32,45,69,59,72,70,33,130",1.0779539346694946,-1.9203757047653198,-1.0912959575653076,-0.8922773003578186,7.999424457550049,3.961488723754883,0.033188603818416595,0.0,0.0,0.033188603818416595,0.017008423805236816,0.01618018001317978,0.5542599558830261,0.0,0.9803600311279297,0.3899000585079193,2.2770304679870605,0.0
0,62,None,False,"75,51,32,45,69,59,72,70,33,130",0.9980156421661377,-2.2071025371551514,-1.2518396377563477,-0.9363298416137695,7.999032497406006,4.397714138031006,0.0587959885597229,0.0,0.0,0.0587959885597229,0.027800917625427246,0.030995070934295654,0.6579030752182007,0.0,1.254173994064331,0.34707343578338623,2.2770304679870605,0.0
0,63,None,False,"75,51,32,45,69,59,72,70,33,130",1.102495551109314,-2.1635758876800537,-0.9825512170791626,-0.6811538934707642,7.9990363121032715,4.760197162628174,0.054040879011154175,0.0,0.0,0.054040879011154175,0.023672103881835938,0.030368775129318237,0.6054878830909729,0.0,1.2761133909225464,0.3749116063117981,2.2770304679870605,0.0
0,64,None,False,"75,51,32,45,69,59,72,70,33,130",1.0945459604263306,-1.8599098920822144,-0.9360033273696899,-0.7826879024505615,7.9993462562561035,4.360093593597412,0.0404268316924572,0.0,0.0,0.0404268316924572,0.015566110610961914,0.024860721081495285,0.5509194135665894,0.0,1.3081473112106323,0.3566233217716217,2.2770304679870605,0.0
0,65,None,False,"75,51,32,45,69,59,72,70,33,130",1.0979243516921997,-1.9924554824829102,-1.0151195526123047,-1.0707073211669922,7.999223709106445,3.887542724609375,0.021861404180526733,0.0,0.0,0.021861404180526733,0.00912320613861084,0.012738198041915894,0.42178618907928467,0.0,1.1412971019744873,0.38158243894577026,2.2770304679870605,0.0
0,66,None,False,"75,51,32,45,69,59,72,70,33,130",1.0714247226715088,-2.0496182441711426,-0.9117698669433594,-0.9364292025566101,7.999541282653809,4.178640842437744,0.015135550871491432,0.0,0.0,0.015135550871491432,0.009502172470092773,0.005633378401398659,0.34936001896858215,0.0,1.0955207347869873,0.36240318417549133,2.2770304679870605,0.0
0,67,None,False,"75,51,32,45,69,59,72,70,33,130",1.1057759523391724,-2.1059741973876953,-1.1084954738616943,-0.9023908376693726,7.999223232269287,3.4135782718658447,0.009007096290588379,0.0,0.0,0.009007096290588379,0.005473136901855469,0.00353395938873291,0.38760435581207275,0.0,1.174135446548462,0.3800060749053955,2.2770304679870605,0.0
0,68,None,False,"75,51,32,45,69,59,72,70,33,130",0.9109942317008972,-1.9205560684204102,-1.173352599143982,-0.5325936079025269,7.998610496520996,6.63042688369751,-0.006336235906928778,0.0,0.0,-0.006336235906928778,0.004057049751281738,-0.010393286123871803,0.17065812647342682,0.0,0.9636682271957397,0.30969375371932983,2.2770304679870605,0.0
0,69,None,False,"75,51,32,45,69,59,72,70,33,130",1.0872238874435425,-1.8885728120803833,-0.8703975677490234,-0.8644652366638184,7.999241828918457,6.640777587890625,-0.008027022704482079,0.0,0.0,-0.008027022704482079,0.011199235916137695,-0.019226258620619774,0.0282046627253294,0.0,0.903310239315033,0.2742759883403778,2.2770304679870605,0.0
0,70,Schedule,True,"130,31,121,45,133,43,74,64,30,24",0.9757730960845947,-2.1398563385009766,-1.2134095430374146,-0.6073378324508667,7.999121189117432,4.453975677490234,-0.005092525389045477,0.08266666789849599,0.16533333579699197,-0.25309252738952637,0.011242985725402832,-0.2643355131149292,-1.5426578521728516,-7.705563068389893,0.8189964890480042,0.24233658611774445,2.2770304679870605,0.0
0,71,None,False,"130,31,121,45,133,43,74,64,30,24",1.0141171216964722,-1.9826698303222656,-0.933546781539917,-0.8158019781112671,7.9993743896484375,4.0236921310424805,0.0007524609682150185,0.0,0.0,0.0007524609682150185,0.0028564929962158203,-0.0021040320862084627,0.37902647256851196,0.0,0.9815228581428528,0.2779373228549957,2.2770304679870605,0.0
0,72,None,False,"130,31,121,45,133,43,74,64,30,24",1.0813446044921875,-2.041318655014038,-1.0294331312179565,-0.9084588289260864,7.999521255493164,3.642561435699463,-0.012457567267119884,0.0,0.0,-0.012457567267119884,0.0018062591552734375,-0.014263826422393322,0.10417557507753372,0.0,1.1936793327331543,0.41305673122406006,2.2770304679870605,0.0
0,73,None,False,"130,31,121,45,133,43,74,64,30,24",1.0373594760894775,-2.057176351547241,-0.8722106218338013,-0.9126681685447693,7.999392986297607,3.237981081008911,0.009528189897537231,0.0,0.0,0.009528189897537231,0.005572676658630371,0.00395551323890686,0.5100290179252625,0.0,1.4664490222930908,0.423823744058609,2.2770304679870605,0.0
0,74,None,False,"130,31,121,45,133,43,74,64,30,24",1.03898286819458,-2.2145400047302246,-0.9487048387527466,-0.7457559704780579,7.999285697937012,4.3743977546691895,0.009880530647933483,0.0,0.0,0.009880530647933483,0.004398941993713379,0.005481588654220104,0.3418378531932831,0.0,1.277624487876892,0.4385547637939453,2.2770304679870605,0.0
0,75,None,False,"130,31,121,45,133,43,74,64,30,24",1.0372874736785889,-2.337876558303833,-1.0175955295562744,-0.8700231313705444,7.99907112121582,5.026270389556885,0.0005308091640472412,0.0,0.0,0.0005308091640472412,-0.0015183687210083008,0.002049177885055542,0.4434218108654022,0.0,1.2761914730072021,0.43132728338241577,2.2770304679870605,0.0
0,76,None,False,"130,31,121,45,133,43,74,64,30,24",1.1380352973937988,-1.7900227308273315,-1.0635950565338135,-1.0846307277679443,7.999250888824463,6.6224164962768555,-0.008931743912398815,0.0,0.0,-0.008931743912398815,0.006647944450378418,-0.015579688362777233,0.09768623113632202,0.0,1.2537215948104858,0.47837841510772705,2.2770304679870605,0.0
0,77,None,False,"130,31,121,45,133,43,74,64,30,24",1.002563238143921,-2.0459043979644775,-1.0401582717895508,-0.885843813419342,7.999238967895508,4.762864112854004,-0.0023492216132581234,0.0,0.0,-0.0023492216132581234,0.0070334672927856445,-0.009382689371705055,0.2156716138124466,0.0,1.3977597951889038,0.5258421897888184,2.2770304679870605,0.0
0,78,None,False,"130,31,121,45,133,43,74,64,30,24",1.0383243560791016,-1.7629050016403198,-0.737845242023468,-0.9261468052864075,7.999525547027588,3.8291728496551514,-0.02217341586947441,0.0,0.0,-0.02217341586947441,-0.0009615421295166016,-0.02121187373995781,0.17899717390537262,0.0,1.2314479351043701,0.4747021794319153,2.2770304679870605,0.0
0,79,None,False,"130,31,121,45,133,43,74,64,30,24",1.0561401844024658,-1.8525078296661377,-0.964468240737915,-0.9682046175003052,7.999085903167725,3.93930721282959,-0.01707681454718113,0.0,0.0,-0.01707681454718113,-0.0026592016220092773,-0.014417612925171852,0.1640770584344864,0.0,1.1439223289489746,0.5460333228111267,2.2770304679870605,0.0
0,80,None,False,"130,31,121,45,133,43,74,64,30,24",1.085098147392273,-1.9339388608932495,-0.9865447878837585,-0.8443073034286499,7.999251842498779,4.945695877075195,-0.0278046615421772,0.0,0.0,-0.0278046615421772,-0.009316205978393555,-0.018488455563783646,0.2226635366678238,0.0,1.163263201713562,0.5195637941360474,2.2770304679870605,0.0
0,81,None,False,"130,31,121,45,133,43,74,64,30,24",1.046212077140808,-1.8517651557922363,-1.1500234603881836,-0.7199090123176575,7.999327182769775,3.7678041458129883,-0.035563480108976364,0.0,0.0,-0.035563480108976364,-0.024122655391693115,-0.011440824717283249,0.3240976929664612,0.0,1.2317783832550049,0.4181975722312927,2.2770304679870605,0.0
0,82,None,False,"130,31,121,45,133,43,74,64,30,24",0.9947790503501892,-1.9407060146331787,-0.8867486119270325,-0.9802624583244324,7.999514579772949,3.6601815223693848,-0.028617877513170242,0.0,0.0,-0.028617877513170242,-0.022385001182556152,-0.00623287633061409,0.12340874969959259,0.0,1.3554264307022095,0.5077918767929077,2.2770304679870605,0.0
0,83,None,False,"130,31,121,45,133,43,74,64,30,24",1.0414942502975464,-1.9662764072418213,-0.9860345721244812,-0.8892441391944885,7.999383449554443,4.599081993103027,-0.016746139153838158,0.0,0.0,-0.016746139153838158,-0.009826838970184326,-0.0069193001836538315,0.4353727698326111,0.0,1.1947681903839111,0.5391638278961182,2.2770304679870605,0.0
0,84,Schedule,True,"67,42,101,55,27,118,48,3,97,94",1.101958155632019,-1.955896258354187,-0.9462667107582092,-0.6910187602043152,7.999155521392822,5.5399346351623535,0.010222053155303001,0.10333333333333332,0.20666666666666664,-0.29977792501449585,-0.012758016586303711,-0.28701990842819214,-2.1789605617523193,-10.865633010864258,1.0741173028945923,0.48940718173980713,2.2770304679870605,0.0
0,85,None,False,"67,42,101,55,27,118,48,3,97,94",1.1091488599777222,-2.006696939468384,-0.9638011455535889,-0.7945073843002319,7.999224662780762,4.249151706695557,0.008142220787703991,0.0,0.0,0.008142220787703991,-0.0033302903175354004,0.011472511105239391,0.40930721163749695,0.0,0.9045451879501343,0.40553730726242065,2.2770304679870605,0.0
0,86,Struct Break (DC),True,"15,51,10,73,89,78,126,124,61,131",1.090645432472229,-2.0618772506713867,-1.060346245765686,-0.7964177131652832,7.999296188354492,2.858736515045166,-0.003555548144504428,0.10333333333333332,0.20666666666666664,-0.3135555386543274,0.003488302230834961,-0.31704384088516235,-3.5503993034362793,-17.673057556152344,1.1516667604446411,0.35357874631881714,2.2770304679870605,0.0
0,87,None,False,"15,51,10,73,89,78,126,124,61,131",1.0609115362167358,-2.187671422958374,-1.0482137203216553,-0.8186336755752563,7.999238014221191,4.314155578613281,-0.007361930795013905,0.0,0.0,-0.007361930795013905,-0.0020132064819335938,-0.005348724313080311,0.3218209743499756,0.0,0.9429442286491394,0.4174695909023285,2.2770304679870605,0.0
0,88,None,False,"15,51,10,73,89,78,126,124,61,131",1.0014712810516357,-1.9770164489746094,-1.0278103351593018,-1.0795210599899292,7.999114990234375,5.66223669052124,-0.0014674663543701172,0.0,0.0,-0.0014674663543701172,-0.00047528743743896484,-0.0009921789169311523,0.3069159984588623,0.0,0.9041643738746643,0.42553767561912537,2.2770304679870605,0.0
0,89,None,False,"15,51,10,73,89,78,126,124,61,131",1.0093660354614258,-1.53916335105896,-1.0385531187057495,-0.8025566339492798,7.998907089233398,6.94449520111084,0.010334456339478493,0.0,0.0,0.010334456339478493,0.014002442359924316,-0.0036679860204458237,0.2696354389190674,0.0,1.0736078023910522,0.44196248054504395,2.2770304679870605,0.0
0,90,None,False,"15,51,10,73,89,78,126,124,61,131",1.0609585046768188,-2.127615213394165,-0.9608712196350098,-0.8207437992095947,7.999365329742432,5.980030536651611,0.00047830940457060933,0.0,0.0,0.00047830940457060933,0.012392759323120117,-0.011914449743926525,0.06919898837804794,0.0,1.036454677581787,0.35530441999435425,2.2770304679870605,0.0
0,91,None,False,"15,51,10,73,89,78,126,124,61,131",1.0444360971450806,-1.765281319618225,-0.8558884859085083,-0.9854342937469482,7.999435901641846,3.4245896339416504,0.006997573189437389,0.0,0.0,0.006997573189437389,0.020910978317260742,-0.013913405127823353,0.20910552144050598,0.0,1.0427782535552979,0.3833538293838501,2.2770304679870605,0.0
0,92,None,False,"15,51,10,73,89,78,126,124,61,131",0.9834322333335876,-2.19171142578125,-1.2548563480377197,-0.7093209028244019,7.99912691116333,4.355599880218506,0.01968710497021675,0.0,0.0,0.01968710497021675,0.024500489234924316,-0.004813384264707565,0.3569651246070862,0.0,1.024834394454956,0.2640608549118042,2.2770304679870605,0.0
0,93,None,False,"15,51,10,73,89,78,126,124,61,131",1.1225178241729736,-1.7759027481079102,-0.8198642134666443,-1.2096384763717651,7.999448299407959,5.126012325286865,0.01627069152891636,0.0,0.0,0.01627069152891636,0.020259499549865723,-0.003988808020949364,0.2986080050468445,0.0,0.883216917514801,0.3363434672355652,2.2770304679870605,0.0
0,94,None,False,"15,51,10,73,89,78,126,124,61,131",0.9851194024085999,-2.1667263507843018,-0.8655081987380981,-1.0424364805221558,7.999487400054932,5.682396411895752,0.010269147343933582,0.0,0.0,0.010269147343933582,0.016449689865112305,-0.006180542521178722,0.29668542742729187,0.0,1.0084294080734253,0.3293094038963318,2.2770304679870605,0.0
0,95,None,False,"15,51,10,73,89,78,126,124,61,131",1.032019019126892,-2.063082218170166,-1.0906221866607666,-0.8166882991790771,7.999326229095459,4.2318267822265625,0.034607887268066406,0.0,0.0,0.034607887268066406,0.03040170669555664,0.004206180572509766,0.44739118218421936,0.0,0.7788973450660706,0.33080190420150757,2.2770304679870605,0.0
0,96,None,False,"15,51,10,73,89,78,126,124,61,131",1.063568353652954,-2.1717729568481445,-1.0464973449707031,-1.067595362663269,7.999375820159912,3.823709726333618,0.03828420117497444,0.0,0.0,0.03828420117497444,0.03037583827972412,0.00790836289525032,0.2966270446777344,0.0,0.7446348667144775,0.2926020622253418,2.2770304679870605,0.0
0,97,None,False,"15,51,10,73,89,78,126,124,61,131",1.0222307443618774,-2.232438087463379,-1.1238317489624023,-1.1046544313430786,7.999029636383057,4.942312717437744,0.018755584955215454,0.0,0.0,0.018755584955215454,0.029688239097595215,-0.01093265414237976,0.3323218822479248,0.0,0.565197229385376,0.2308346927165985,2.2770304679870605,0.0
0,98,None,False,"15,51,10,73,89,78,126,124,61,131",1.0839805603027344,-1.6999123096466064,-1.0869483947753906,-0.8124443888664246,7.9992265701293945,5.88977575302124,0.03086606226861477,0.0,0.0,0.03086606226861477,0.033661723136901855,-0.0027956608682870865,0.339284747838974,0.0,0.5952971577644348,0.33705323934555054,2.2770304679870605,0.0
0,99,None,False,"15,51,10,73,89,78,126,124,61,131",1.067871332168579,-2.0893423557281494,-1.027014970779419,-0.8693444132804871,7.999345779418945,3.753967761993408,0.035851407796144485,0.0,0.0,0.035851407796144485,0.04076051712036133,-0.004909109324216843,0.3629748821258545,0.0,0.7237142324447632,0.37170931696891785,2.2770304679870605,0.0
0,100,Schedule,True,"22,126,30,108,37,77,60,53,33,117",1.0462489128112793,-1.8556574583053589,-1.0170660018920898,-1.0641933679580688,7.998931407928467,4.871825695037842,0.011359232477843761,0.09299999753634133,0.18599999507268267,-0.26764076948165894,0.023769617080688477,-0.2914103865623474,-2.989077568054199,-14.873663902282715,0.7130067348480225,0.29368752241134644,2.2770304679870605,0.0
0,101,None,False,"22,126,30,108,37,77,60,53,33,117",1.0800219774246216,-2.334050178527832,-1.008226752281189,-0.9574730396270752,7.998961448669434,6.093925476074219,0.0038115798961371183,0.0,0.0,0.0038115798961371183,0.021952509880065918,-0.01814093068242073,-0.0827111080288887,0.0,0.6917110085487366,0.3115515112876892,2.2770304679870605,0.0
0,102,None,False,"22,126,30,108,37,77,60,53,33,117",0.9911420345306396,-2.181793212890625,-1.0764267444610596,-0.8993488550186157,7.999296188354492,4.651673316955566,0.004785758443176746,0.0,0.0,0.004785758443176746,0.011499404907226562,-0.006713646464049816,0.17618930339813232,0.0,0.6942834854125977,0.29390275478363037,2.2770304679870605,0.0
0,103,None,False,"22,126,30,108,37,77,60,53,33,117",1.0414988994598389,-1.8390411138534546,-0.9799149036407471,-1.0914018154144287,7.999172210693359,5.250241279602051,0.017116164788603783,0.0,0.0,0.017116164788603783,0.011912226676940918,0.005203938111662865,0.5189678072929382,0.0,0.7964271306991577,0.28671541810035706,2.2770304679870605,0.0
0,104,None,False,"22,126,30,108,37,77,60,53,33,117",1.0368870496749878,-1.9298677444458008,-0.9790365695953369,-0.932498574256897,7.999368190765381,3.578368902206421,0.014233541674911976,0.0,0.0,0.014233541674911976,0.004590034484863281,0.009643507190048695,0.4386559724807739,0.0,0.7475947141647339,0.3534048795700073,2.2770304679870605,0.0
0,105,None,False,"22,126,30,108,37,77,60,53,33,117",1.029505968093872,-2.1413686275482178,-1.1011592149734497,-0.7346251010894775,7.999151229858398,4.881209373474121,0.006716495845466852,0.0,0.0,0.006716495845466852,0.004304409027099609,0.002412086818367243,0.30966097116470337,0.0,0.7089107036590576,0.37680479884147644,2.2770304679870605,0.0
0,106,None,False,"22,126,30,108,37,77,60,53,33,117",1.0337342023849487,-1.88630211353302,-0.9874871969223022,-1.1123030185699463,7.999585151672363,5.450737476348877,0.03190113231539726,0.0,0.0,0.03190113231539726,0.011382818222045898,0.020518314093351364,0.5432747602462769,0.0,0.6929075717926025,0.38504758477211,2.2770304679870605,0.0
0,107,None,False,"22,126,30,108,37,77,60,53,33,117",1.107231616973877,-1.9897104501724243,-1.0170179605484009,-1.0821037292480469,7.999252796173096,3.8082571029663086,0.035924218595027924,0.0,0.0,0.035924218595027924,0.028179168701171875,0.007745049893856049,0.4437275528907776,0.0,0.8068355917930603,0.3823901116847992,2.2770304679870605,0.0
0,108,None,False,"22,126,30,108,37,77,60,53,33,117",1.0818506479263306,-1.9506306648254395,-1.0997155904769897,-0.8600450158119202,7.99932861328125,3.7504220008850098,0.027225876227021217,0.0,0.0,0.027225876227021217,0.022061705589294434,0.005164170637726784,0.4107946455478668,0.0,0.7393917441368103,0.3547744154930115,2.2770304679870605,0.0
0,109,None,False,"22,126,30,108,37,77,60,53,33,117",0.97828209400177,-2.0034701824188232,-1.1512781381607056,-0.9413619041442871,7.999258995056152,4.026820659637451,0.0238206684589386,0.0,0.0,0.0238206684589386,0.02290356159210205,0.0009171068668365479,0.24526304006576538,0.0,0.8119690418243408,0.4120054244995117,2.2770304679870605,0.0
0,110,None,False,"22,126,30,108,37,77,60,53,33,117",1.0205023288726807,-1.9461822509765625,-0.8753198385238647,-0.9252980351448059,7.999351978302002,4.001039505004883,0.014735233969986439,0.0,0.0,0.014735233969986439,0.014943480491638184,-0.00020824652165174484,-0.11040688306093216,0.0,0.7036470174789429,0.3448932468891144,2.2770304679870605,0.0
0,111,None,False,"22,126,30,108,37,77,60,53,33,117",1.038678765296936,-2.127531051635742,-0.9999109506607056,-0.9799625873565674,7.999363422393799,2.673123598098755,0.0014200567966327071,0.0,0.0,0.0014200567966327071,0.005183577537536621,-0.003763520624488592,0.24982695281505585,0.0,0.7063817381858826,0.3656792640686035,2.2770304679870605,0.0
0,112,None,False,"22,126,30,108,37,77,60,53,33,117",1.0643965005874634,-1.9261860847473145,-1.116966962814331,-0.926882803440094,7.998931884765625,3.9137120246887207,-0.0035178721882402897,0.0,0.0,-0.0035178721882402897,0.0015915632247924805,-0.00510943541303277,0.261508047580719,0.0,0.6108439564704895,0.31895771622657776,2.2770304679870605,0.0
0,113,None,False,"22,126,30,108,37,77,60,53,33,117",1.0026023387908936,-2.0109646320343018,-1.0687596797943115,-0.828745424747467,7.999522686004639,4.263898849487305,-0.0013891219859942794,0.0,0.0,-0.0013891219859942794,0.0036797523498535156,-0.005068874452263117,0.27485790848731995,0.0,0.5619007349014282,0.23880527913570404,2.2770304679870605,0.0
0,114,Schedule,True,"137,130,93,78,121,120,21,109,54,81",0.9746049642562866,-2.050647020339966,-1.1243360042572021,-1.1126447916030884,7.999226093292236,5.881376266479492,0.006443798542022705,0.10333333333333332,0.20666666666666664,-0.3035562038421631,0.005321025848388672,-0.30887722969055176,-2.8622236251831055,-14.244275093078613,0.5188814997673035,0.27789056301116943,2.2770304679870605,0.0
0,115,None,False,"137,130,93,78,121,120,21,109,54,81",1.074512243270874,-1.8617801666259766,-0.944760799407959,-0.9801038503646851,7.999496936798096,5.124345779418945,0.023853396996855736,0.0,0.0,0.023853396996855736,0.024676084518432617,-0.0008226875215768814,0.3170347809791565,0.0,0.5154187083244324,0.2925420105457306,2.2770304679870605,0.0
0,116,None,False,"137,130,93,78,121,120,21,109,54,81",1.03156316280365,-2.1008994579315186,-1.0957190990447998,-0.9333556890487671,7.999366283416748,4.294822692871094,0.03532906621694565,0.0,0.0,0.03532906621694565,0.031354427337646484,0.003974638879299164,0.3013538122177124,0.0,0.5527870059013367,0.22806312143802643,2.2770304679870605,0.0
0,117,None,False,"137,130,93,78,121,120,21,109,54,81",1.0289504528045654,-1.8654314279556274,-0.8548105955123901,-0.8257464170455933,7.99928617477417,4.727531433105469,0.03210676461458206,0.0,0.0,0.03210676461458206,0.026105642318725586,0.006001122295856476,0.44841307401657104,0.0,0.49845993518829346,0.23007801175117493,2.2770304679870605,0.0
0,118,None,False,"137,130,93,78,121,120,21,109,54,81",1.0719441175460815,-2.1637160778045654,-1.082863211631775,-0.754828929901123,7.999096870422363,5.577439785003662,0.019687796011567116,0.0,0.0,0.019687796011567116,0.02117002010345459,-0.001482224091887474,0.300670862197876,0.0,0.4172590970993042,0.23442783951759338,2.2770304679870605,0.0
0,119,None,False,"137,130,93,78,121,120,21,109,54,81",1.0569071769714355,-2.1135671138763428,-0.832000732421875,-0.9575265049934387,7.999345779418945,3.5292069911956787,0.016944164410233498,0.0,0.0,0.016944164410233498,0.011930704116821289,0.0050134602934122086,0.37884607911109924,0.0,0.4296655058860779,0.24041444063186646,2.2770304679870605,0.0
0,120,None,False,"137,130,93,78,121,120,21,109,54,81",1.0720692873001099,-2.088773488998413,-1.12686026096344,-0.8925530910491943,7.999068737030029,4.6883416175842285,0.018028074875473976,0.0,0.0,0.018028074875473976,0.009580612182617188,0.008447462692856789,0.48275718092918396,0.0,0.3840602934360504,0.24878628551959991,2.2770304679870605,0.0
0,121,None,False,"137,130,93,78,121,120,21,109,54,81",1.1156800985336304,-1.9321259260177612,-0.6482547521591187,-1.2633482217788696,7.9994940757751465,5.241613864898682,0.012301182374358177,0.0,0.0,0.012301182374358177,0.008851408958435059,0.0034497734159231186,0.4313303530216217,0.0,0.37905794382095337,0.23582607507705688,2.2770304679870605,0.0
0,122,None,False,"137,130,93,78,121,120,21,109,54,81",1.0678006410598755,-2.10951566696167,-1.1591691970825195,-0.8522586226463318,7.999438285827637,4.944437503814697,0.012812095694243908,0.0,0.0,0.012812095694243908,0.009927153587341309,0.0028849421069025993,0.360397070646286,0.0,0.5018632411956787,0.23848165571689606,2.2770304679870605,0.0
0,123,None,False,"137,130,93,78,121,120,21,109,54,81",1.0767011642456055,-2.0601212978363037,-1.1333967447280884,-0.6734771132469177,7.999163627624512,3.8660759925842285,0.014848476275801659,0.0,0.0,0.014848476275801659,0.014465689659118652,0.0003827866166830063,0.2815154194831848,0.0,0.5068364143371582,0.22933244705200195,2.2770304679870605,0.0
0,124,None,False,"137,130,93,78,121,120,21,109,54,81",0.9798825979232788,-1.9984369277954102,-1.1378382444381714,-0.8951345682144165,7.999320030212402,5.407379150390625,0.026531273499131203,0.0,0.0,0.026531273499131203,0.02477264404296875,0.0017586294561624527,0.23898473381996155,0.0,0.5878016352653503,0.22722718119621277,2.2770304679870605,0.0
0,125,None,False,"137,130,93,78,121,120,21,109,54,81",1.063949704170227,-1.9571218490600586,-1.048626184463501,-0.8868330717086792,7.999345302581787,4.066468238830566,0.030651962384581566,0.0,0.0,0.030651962384581566,0.024372220039367676,0.00627974234521389,0.4017845690250397,0.0,0.48097896575927734,0.20785805583000183,2.2770304679870605,0.0
0,126,None,False,"137,130,93,78,121,120,21,109,54,81",0.9100480079650879,-2.160598039627075,-1.1587287187576294,-0.9514309763908386,7.999409198760986,4.990723133087158,0.03624711558222771,0.0,0.0,0.03624711558222771,0.015082478523254395,0.021164637058973312,0.6449732780456543,0.0,0.5894336104393005,0.2508556842803955,2.2770304679870605,0.0
0,127,None,False,"137,130,93,78,121,120,21,109,54,81",1.0335835218429565,-2.2996740341186523,-1.017997145652771,-1.0107189416885376,7.999046325683594,6.050797462463379,0.07181322574615479,0.0,0.0,0.07181322574615479,0.02168118953704834,0.050132036209106445,0.8964002728462219,0.0,0.6510206460952759,0.2543601989746094,2.2770304679870605,0.0
