batch_idx,timestep,trigger,rebalanced,selected_stocks,risk_eta,dir_logit_bear,dir_logit_side,dir_logit_bull,c_mkt_norm,c_mkt_diff,raw_return,turnover_penalty,symdiff_penalty,net_reward,baseline,advantage,advantage_norm,pg_loss,risk_loss,dir_loss,grad_norm,skipped_update
0,0,Schedule | Regime Shift (Initial),True,"30,108,58,66,115,37,97,18,10,50",1.097214698791504,-1.872305154800415,-1.294331431388855,-0.6066930294036865,7.999809265136719,0.0,0.017299849539995193,0.0,0.0,0.017299849539995193,0.014465689659118652,0.002834159880876541,0.21840408444404602,1.0336443185806274,0.5373024344444275,0.3415454030036926,2.7323875427246094,0.0
0,1,None,False,"30,108,58,66,115,37,97,18,10,50",1.0555037260055542,-2.3261375427246094,-1.3491909503936768,-0.7201536893844604,7.999699592590332,5.836601734161377,0.022216135635972023,0.0,0.0,0.022216135635972023,0.02477264404296875,-0.002556508406996727,0.28371450304985046,0.0,0.7775317430496216,0.33278363943099976,2.7323875427246094,0.0
0,2,None,False,"30,108,58,66,115,37,97,18,10,50",1.1470296382904053,-1.7635295391082764,-1.032224416732788,-0.9866312742233276,7.999752998352051,5.477145671844482,0.023660147562623024,0.0,0.0,0.023660147562623024,0.024372220039367676,-0.0007120724767446518,0.12528061866760254,0.0,0.782505214214325,0.4259617328643799,2.7323875427246094,0.0
0,3,None,False,"30,108,58,66,115,37,97,18,10,50",1.1106913089752197,-2.1712398529052734,-1.356170892715454,-0.5764526128768921,7.999764919281006,4.7769880294799805,0.023348737508058548,0.0,0.0,0.023348737508058548,0.015082478523254395,0.008266258984804153,0.3478798568248749,0.0,0.9469917416572571,0.4146231412887573,2.7323875427246094,0.0
0,4,None,False,"30,108,58,66,115,37,97,18,10,50",1.10103178024292,-1.9917937517166138,-0.9453569650650024,-0.7399579286575317,7.999765396118164,6.085535526275635,0.039367884397506714,0.0,0.0,0.039367884397506714,0.02168118953704834,0.017686694860458374,0.4367590844631195,0.0,0.9215143322944641,0.4501801133155823,2.7323875427246094,0.0
0,5,None,False,"30,108,58,66,115,37,97,18,10,50",1.089285969734192,-1.95693039894104,-1.1551626920700073,-0.7204703688621521,7.999819755554199,4.428886413574219,0.036213796585798264,0.0,0.0,0.036213796585798264,0.021342158317565918,0.014871638268232346,0.443582147359848,0.0,0.9653037190437317,0.4663454592227936,2.7323875427246094,0.0
0,6,None,False,"30,108,58,66,115,37,97,18,10,50",1.0912024974822998,-1.9722075462341309,-1.2640182971954346,-0.6844443082809448,7.999764919281006,2.9181463718414307,0.04929779842495918,0.0,0.0,0.04929779842495918,0.016625165939331055,0.03267263248562813,0.587001383304596,0.0,0.9765889644622803,0.46007248759269714,2.7323875427246094,0.0
0,7,None,False,"30,108,58,66,115,37,97,18,10,50",1.139158844947815,-1.7945685386657715,-0.8595848083496094,-0.8378785848617554,7.999819755554199,4.030028820037842,0.022729117423295975,0.0,0.0,0.022729117423295975,0.004214882850646973,0.018514234572649002,0.4942905604839325,0.0,0.8842052221298218,0.44171279668807983,2.7323875427246094,0.0
0,8,None,False,"30,108,58,66,115,37,97,18,10,50",1.103594183921814,-1.9049893617630005,-0.9598434567451477,-0.8357726335525513,7.999817371368408,3.9236133098602295,0.021245384588837624,0.0,0.0,0.021245384588837624,0.010186076164245605,0.011059308424592018,0.320313036441803,0.0,0.9789190292358398,0.4691121578216553,2.7323875427246094,0.0
0,9,None,False,"30,108,58,66,115,37,97,18,10,50",1.0948517322540283,-2.0178160667419434,-1.3430966138839722,-0.5214440822601318,7.999823093414307,4.490980625152588,0.010912900790572166,0.0,0.0,0.010912900790572166,0.008364081382751465,0.0025488194078207016,0.21374477446079254,0.0,1.0160138607025146,0.5292247533798218,2.7323875427246094,0.0
0,10,None,False,"30,108,58,66,115,37,97,18,10,50",1.1444635391235352,-2.195831060409546,-1.298495888710022,-0.7490862011909485,7.9997382164001465,4.28594446182251,0.00538784870877862,0.0,0.0,0.00538784870877862,0.007823944091796875,-0.0024360953830182552,0.3031194508075714,0.0,1.082064151763916,0.5119435787200928,2.7323875427246094,0.0
0,11,None,False,"30,108,58,66,115,37,97,18,10,50",1.102568507194519,-2.1244213581085205,-1.116698980331421,-0.6728459596633911,7.999795913696289,4.440526008605957,-0.0007440865156240761,0.0,0.0,-0.0007440865156240761,0.008397698402404785,-0.009141785092651844,0.1840529441833496,0.0,1.0292203426361084,0.45100730657577515,2.7323875427246094,0.0
0,12,None,False,"30,108,58,66,115,37,97,18,10,50",0.9827062487602234,-1.8309881687164307,-1.225964069366455,-0.7242769002914429,7.9996514320373535,6.619480133056641,0.016153043136000633,0.0,0.0,0.016153043136000633,0.016896486282348633,-0.0007434431463479996,0.2773607075214386,0.0,0.99868243932724,0.4357810616493225,2.7323875427246094,0.0
0,13,None,False,"30,108,58,66,115,37,97,18,10,50",1.117532730102539,-1.914339303970337,-1.1793962717056274,-0.5427526235580444,7.999800205230713,7.529566764831543,0.013594090938568115,0.0,0.0,0.013594090938568115,0.023203611373901367,-0.009609520435333252,0.28057795763015747,0.0,1.1743961572647095,0.5085219740867615,2.7323875427246094,0.0
0,14,Schedule,True,"68,76,133,131,100,92,55,6,118,19",1.047956109046936,-1.8469995260238647,-0.6718965172767639,-0.8386703729629517,7.999707221984863,7.033875942230225,0.029770631343126297,0.10333333333333332,0.3,-0.37356269359588623,0.02707076072692871,-0.40063345432281494,-0.9048202633857727,-4.543567180633545,1.131675362586975,0.4416210651397705,2.7323875427246094,0.0
0,15,None,False,"68,76,133,131,100,92,55,6,118,19",1.0703728199005127,-1.9297208786010742,-1.1288938522338867,-0.7058850526809692,7.999813556671143,4.996613502502441,0.010034906677901745,0.0,0.0,0.010034906677901745,0.01188671588897705,-0.001851809211075306,0.1686440408229828,0.0,0.9077885746955872,0.38359886407852173,2.7323875427246094,0.0
0,16,None,False,"68,76,133,131,100,92,55,6,118,19",1.0612986087799072,-2.032231092453003,-1.2928566932678223,-0.6639869213104248,7.999768257141113,2.9832935333251953,-0.006671100854873657,0.0,0.0,-0.006671100854873657,-0.0051239728927612305,-0.0015471279621124268,0.20959216356277466,0.0,0.8221360445022583,0.38141220808029175,2.7323875427246094,0.0
0,17,None,False,"68,76,133,131,100,92,55,6,118,19",1.0690959692001343,-1.8190172910690308,-1.1419532299041748,-0.6092207431793213,7.999793529510498,4.40626859664917,-0.007975715212523937,0.0,0.0,-0.007975715212523937,-0.0038726329803466797,-0.0041030822321772575,0.2094597965478897,0.0,0.7501517534255981,0.3148091733455658,2.7323875427246094,0.0
0,18,None,False,"68,76,133,131,100,92,55,6,118,19",1.0728803873062134,-1.9984583854675293,-1.1935771703720093,-0.5803364515304565,7.999768257141113,3.343320369720459,-0.022889811545610428,0.0,0.0,-0.022889811545610428,-0.007268011569976807,-0.015621799975633621,0.3027433753013611,0.0,0.7256238460540771,0.3807080388069153,2.7323875427246094,0.0
0,19,None,False,"68,76,133,131,100,92,55,6,118,19",1.0685572624206543,-1.9361761808395386,-1.2167587280273438,-0.8362340927124023,7.999818325042725,5.064361572265625,-0.03542066365480423,0.0,0.0,-0.03542066365480423,-0.012857675552368164,-0.022562988102436066,0.2242816984653473,0.0,0.810803234577179,0.4043163061141968,2.7323875427246094,0.0
0,20,None,False,"68,76,133,131,100,92,55,6,118,19",1.0897201299667358,-1.9577915668487549,-1.2336277961730957,-0.7345253229141235,7.999815940856934,3.2036452293395996,-0.025387877598404884,0.0,0.0,-0.025387877598404884,-0.0015456080436706543,-0.02384226955473423,-0.017833704128861427,0.0,0.6979683041572571,0.3090686798095703,2.7323875427246094,0.0
0,21,None,False,"68,76,133,131,100,92,55,6,118,19",1.0175113677978516,-2.015591621398926,-1.3823211193084717,-0.7287914752960205,7.999765872955322,4.482232570648193,-0.022889334708452225,0.0,0.0,-0.022889334708452225,-0.003858029842376709,-0.019031304866075516,-0.11721229553222656,0.0,0.700206458568573,0.3966909945011139,2.7323875427246094,0.0
0,22,None,False,"68,76,133,131,100,92,55,6,118,19",0.9465142488479614,-2.112285852432251,-1.1602636575698853,-0.6820327043533325,7.999636650085449,7.127082347869873,-0.01649222895503044,0.0,0.0,-0.01649222895503044,-0.014763593673706055,-0.0017286352813243866,0.25672221183776855,0.0,0.7870939373970032,0.380375474691391,2.7323875427246094,0.0
0,23,None,False,"68,76,133,131,100,92,55,6,118,19",1.1484582424163818,-1.71867835521698,-1.0134087800979614,-0.9670654535293579,7.999782085418701,7.452873706817627,-0.011940574273467064,0.0,0.0,-0.011940574273467064,-0.022024154663085938,0.010083580389618874,0.39059290289878845,0.0,0.9815151691436768,0.3904472887516022,2.7323875427246094,0.0
0,24,None,False,"68,76,133,131,100,92,55,6,118,19",1.1205235719680786,-1.874153971672058,-1.0909850597381592,-0.8100372552871704,7.999802589416504,3.0178613662719727,-0.006328475661575794,0.0,0.0,-0.006328475661575794,-0.02499157190322876,0.01866309717297554,0.44607022404670715,0.0,0.8266482353210449,0.3906901478767395,2.7323875427246094,0.0
0,25,None,False,"68,76,133,131,100,92,55,6,118,19",1.1463676691055298,-2.1140196323394775,-0.9870450496673584,-1.1332952976226807,7.999619007110596,4.408962726593018,-0.00022052526765037328,0.0,0.0,-0.00022052526765037328,-0.03321337699890137,0.03299285098910332,1.9160417318344116,0.0,0.9351550936698914,0.36585330963134766,2.7323875427246094,0.0
0,26,None,False,"68,76,133,131,100,92,55,6,118,19",1.086422085762024,-2.0492985248565674,-1.1403307914733887,-0.8995108604431152,7.999806880950928,4.8565168380737305,0.0066082836128771305,0.0,0.0,0.0066082836128771305,-0.02327960729598999,0.029887890443205833,0.6009827256202698,0.0,0.9464517831802368,0.3823493719100952,2.7323875427246094,0.0
0,27,Struct Break (DC),True,"43,14,65,138,93,124,73,91,23,84",1.0774726867675781,-2.1248390674591064,-1.1672556400299072,-0.8260108232498169,7.99979829788208,4.886358737945557,0.006848835851997137,0.10333333333333332,0.3,-0.39648449420928955,-0.005807220935821533,-0.390677273273468,-3.661895990371704,-18.21946144104004,0.9143790006637573,0.47256535291671753,2.7323875427246094,0.0
0,28,None,False,"43,14,65,138,93,124,73,91,23,84",1.1085059642791748,-2.165118455886841,-1.1442489624023438,-0.8950854539871216,7.999807834625244,3.5165724754333496,0.013779896311461926,0.0,0.0,0.013779896311461926,0.01138150691986084,0.0023983893916010857,0.8013087511062622,0.0,0.9760472774505615,0.44462722539901733,2.7323875427246094,0.0
0,29,None,False,"43,14,65,138,93,124,73,91,23,84",1.0127224922180176,-1.8995616436004639,-1.2535755634307861,-0.8389606475830078,7.999764919281006,3.53601336479187,0.012362843379378319,0.0,0.0,0.012362843379378319,0.01322793960571289,-0.0008650962263345718,0.24764417111873627,0.0,0.9180697202682495,0.4104447364807129,2.7323875427246094,0.0
0,30,None,False,"43,14,65,138,93,124,73,91,23,84",1.1653270721435547,-2.254081964492798,-1.1622769832611084,-0.7253851890563965,7.999782085418701,5.330060005187988,0.029603630304336548,0.0,0.0,0.029603630304336548,0.028043270111083984,0.0015603601932525635,0.17656417191028595,0.0,0.8921438455581665,0.39588236808776855,2.7323875427246094,0.0
0,31,None,False,"43,14,65,138,93,124,73,91,23,84",1.0958328247070312,-1.8092139959335327,-0.9953123331069946,-0.8661624789237976,7.999820709228516,5.056159973144531,0.026149099692702293,0.0,0.0,0.026149099692702293,0.03877890110015869,-0.012629801407456398,0.08723033219575882,0.0,0.9050995111465454,0.37094753980636597,2.7323875427246094,0.0
0,32,None,False,"43,14,65,138,93,124,73,91,23,84",1.0430057048797607,-2.0604987144470215,-0.8418872952461243,-0.8048433065414429,7.999729156494141,5.396121501922607,0.018943315371870995,0.0,0.0,0.018943315371870995,0.030022740364074707,-0.011079424992203712,0.13043244183063507,0.0,0.645463228225708,0.3631126880645752,2.7323875427246094,0.0
0,33,None,False,"43,14,65,138,93,124,73,91,23,84",1.0913197994232178,-2.00152850151062,-1.121451735496521,-0.7986664772033691,7.999804496765137,4.474212169647217,0.011879568919539452,0.0,0.0,0.011879568919539452,0.011586308479309082,0.00029326044023036957,0.4294833838939667,0.0,0.7612038254737854,0.4084032475948334,2.7323875427246094,0.0
0,34,None,False,"43,14,65,138,93,124,73,91,23,84",1.1292685270309448,-1.8383235931396484,-1.082327961921692,-0.6942561864852905,7.999817371368408,3.0160939693450928,0.020521897822618484,0.0,0.0,0.020521897822618484,0.013164043426513672,0.007357854396104813,0.2865246832370758,0.0,0.6987829208374023,0.38691332936286926,2.7323875427246094,0.0
0,35,None,False,"43,14,65,138,93,124,73,91,23,84",1.0808067321777344,-2.225992202758789,-1.0831533670425415,-0.7386906743049622,7.999763488769531,5.171253681182861,0.02105150744318962,0.0,0.0,0.02105150744318962,0.013614773750305176,0.007436733692884445,0.3628026247024536,0.0,0.5936235189437866,0.3112896978855133,2.7323875427246094,0.0
0,36,None,False,"43,14,65,138,93,124,73,91,23,84",1.0485671758651733,-2.271430253982544,-1.2157585620880127,-0.9875894784927368,7.999800682067871,5.969277858734131,0.024406999349594116,0.0,0.0,0.024406999349594116,0.016050100326538086,0.00835689902305603,0.47610244154930115,0.0,0.5804210305213928,0.3304566740989685,2.7323875427246094,0.0
0,37,None,False,"43,14,65,138,93,124,73,91,23,84",1.1513392925262451,-2.032545328140259,-1.0810909271240234,-0.8490298390388489,7.999817848205566,4.902163028717041,0.0169520266354084,0.0,0.0,0.0169520266354084,0.013165116310119629,0.0037869103252887726,0.35578814148902893,0.0,0.557864248752594,0.3155915439128876,2.7323875427246094,0.0
0,38,None,False,"43,14,65,138,93,124,73,91,23,84",1.1047769784927368,-2.027517557144165,-1.1664950847625732,-0.7021799087524414,7.999833106994629,3.6437337398529053,0.0033951043151319027,0.0,0.0,0.0033951043151319027,-0.000662684440612793,0.004057788755744696,0.2819720208644867,0.0,0.47295767068862915,0.31836891174316406,2.7323875427246094,0.0
0,39,None,False,"43,14,65,138,93,124,73,91,23,84",1.0921564102172852,-1.9395183324813843,-1.2822006940841675,-0.6522732973098755,7.999814510345459,3.301342248916626,-0.018499935045838356,0.0,0.0,-0.018499935045838356,-0.006643772125244141,-0.011856162920594215,-0.8050272464752197,0.0,0.5862499475479126,0.34449294209480286,2.7323875427246094,0.0
0,40,None,False,"43,14,65,138,93,124,73,91,23,84",1.0973801612854004,-1.991685152053833,-1.1505128145217896,-0.738006591796875,7.999730587005615,4.752010345458984,-0.02279980108141899,0.0,0.0,-0.02279980108141899,-0.01507711410522461,-0.007722686976194382,0.17165672779083252,0.0,0.5848149657249451,0.30356651544570923,2.7323875427246094,0.0
0,41,Schedule,True,"83,73,108,139,19,30,39,32,75,134",1.080143928527832,-1.8662227392196655,-1.0156745910644531,-0.8868973255157471,7.999785423278809,4.270280361175537,-0.01723431423306465,0.09299999753634133,0.26999999284744264,-0.3802343010902405,-0.013956248760223389,-0.3662780523300171,-3.9216320514678955,-19.50578498840332,0.5287229418754578,0.3235008716583252,2.7323875427246094,0.0
0,42,None,False,"83,73,108,139,19,30,39,32,75,134",1.0049113035202026,-2.1696979999542236,-1.2481625080108643,-0.6955174207687378,7.999749183654785,6.479964733123779,0.001093786908313632,0.0,0.0,0.001093786908313632,-0.014081120491027832,0.015174907632172108,0.6345815062522888,0.0,0.413662850856781,0.3232857286930084,2.7323875427246094,0.0
0,43,None,False,"83,73,108,139,19,30,39,32,75,134",1.0933829545974731,-1.7620337009429932,-0.9479080438613892,-0.8139393329620361,7.9997782707214355,5.307186603546143,0.028086716309189796,0.0,0.0,0.028086716309189796,0.004176616668701172,0.023910099640488625,0.484230101108551,0.0,0.4867899417877197,0.35425713658332825,2.7323875427246094,0.0
0,44,None,False,"83,73,108,139,19,30,39,32,75,134",1.1259162425994873,-2.0246593952178955,-1.2984224557876587,-0.8542059063911438,7.999711990356445,6.265501499176025,0.007908863015472889,0.0,0.0,0.007908863015472889,-0.005769193172454834,0.013678056187927723,0.37212368845939636,0.0,0.6067559123039246,0.338779091835022,2.7323875427246094,0.0
0,45,None,False,"83,73,108,139,19,30,39,32,75,134",1.039802074432373,-2.1057703495025635,-1.0754547119140625,-0.6738036870956421,7.999790668487549,5.155754566192627,-0.002197265625,0.0,0.0,-0.002197265625,-0.000847935676574707,-0.001349329948425293,0.28885212540626526,0.0,0.815343976020813,0.3151823878288269,2.7323875427246094,0.0
0,46,None,False,"83,73,108,139,19,30,39,32,75,134",1.085369348526001,-1.7975465059280396,-1.039855718612671,-0.8214356899261475,7.999786376953125,3.865600347518921,-0.017209535464644432,0.0,0.0,-0.017209535464644432,-0.011947154998779297,-0.005262380465865135,0.2604250907897949,0.0,0.796231746673584,0.3192509412765503,2.7323875427246094,0.0
0,47,None,False,"83,73,108,139,19,30,39,32,75,134",1.059850811958313,-2.17571759223938,-1.3853425979614258,-0.6465827822685242,7.9997382164001465,6.63611364364624,-0.03584156557917595,0.0,0.0,-0.03584156557917595,-0.015515267848968506,-0.020326297730207443,0.339167058467865,0.0,0.7160192728042603,0.3484172821044922,2.7323875427246094,0.0
0,48,None,False,"83,73,108,139,19,30,39,32,75,134",1.0650150775909424,-2.0546681880950928,-1.039426326751709,-0.7009543180465698,7.999806880950928,5.134783744812012,-0.04929756373167038,0.0,0.0,-0.04929756373167038,-0.016587018966674805,-0.032710544764995575,0.028544213622808456,0.0,0.7313954830169678,0.33276838064193726,2.7323875427246094,0.0
0,49,None,False,"83,73,108,139,19,30,39,32,75,134",1.1044461727142334,-1.9406592845916748,-0.9989204406738281,-0.7881244421005249,7.999773979187012,4.900691986083984,-0.026129741221666336,0.0,0.0,-0.026129741221666336,-0.003695547580718994,-0.022434193640947342,0.2183687537908554,0.0,0.5472484827041626,0.31797704100608826,2.7323875427246094,0.0
0,50,None,False,"83,73,108,139,19,30,39,32,75,134",1.0612740516662598,-1.9512602090835571,-1.114296793937683,-0.8508363962173462,7.999744415283203,5.492432117462158,-0.016273653134703636,0.0,0.0,-0.016273653134703636,-0.004838109016418457,-0.01143554411828518,0.34630095958709717,0.0,0.6807994842529297,0.3394366204738617,2.7323875427246094,0.0
0,51,Struct Break (DC),True,"66,123,52,13,93,127,40,41,30,57",1.1020065546035767,-2.155785322189331,-1.1056302785873413,-0.7255516052246094,7.999723434448242,5.259857177734375,0.009356403723359108,0.09299999753634133,0.26999999284744264,-0.35364359617233276,0.003512740135192871,-0.35715633630752563,-2.458914041519165,-12.261157989501953,0.4429354667663574,0.3425709903240204,2.7323875427246094,0.0
0,52,None,False,"66,123,52,13,93,127,40,41,30,57",1.0565292835235596,-2.3936948776245117,-1.3933823108673096,-0.6924059987068176,7.999770164489746,5.584798336029053,0.008997445926070213,0.0,0.0,0.008997445926070213,0.00756072998046875,0.0014367159456014633,0.33125361800193787,0.0,0.645074725151062,0.3970903754234314,2.7323875427246094,0.0
0,53,None,False,"66,123,52,13,93,127,40,41,30,57",1.1265052556991577,-1.81361722946167,-1.0196294784545898,-0.7838951945304871,7.999837875366211,4.5763397216796875,0.007926160469651222,0.0,0.0,0.007926160469651222,0.007462024688720703,0.0004641357809305191,0.13096696138381958,0.0,0.6087559461593628,0.38909757137298584,2.7323875427246094,0.0
0,54,None,False,"66,123,52,13,93,127,40,41,30,57",1.1335772275924683,-2.2542059421539307,-1.1998447179794312,-0.7063009738922119,7.9997334480285645,4.041595935821533,0.009404647164046764,0.0,0.0,0.009404647164046764,0.009378194808959961,2.6452355086803436e-05,0.30987751483917236,0.0,0.541610598564148,0.3922756016254425,2.7323875427246094,0.0
0,55,None,False,"66,123,52,13,93,127,40,41,30,57",1.1118746995925903,-1.9625194072723389,-1.1173540353775024,-0.7124639749526978,7.999780654907227,3.2674975395202637,0.00894477404654026,0.0,0.0,0.00894477404654026,0.01023101806640625,-0.0012862440198659897,0.13761082291603088,0.0,0.7105099558830261,0.3996134400367737,2.7323875427246094,0.0
0,56,None,False,"66,123,52,13,93,127,40,41,30,57",1.0514609813690186,-1.9390171766281128,-0.8708940744400024,-0.7542775869369507,7.9996843338012695,4.525060176849365,0.002451431704685092,0.0,0.0,0.002451431704685092,0.006562709808349609,-0.004111277870833874,0.39101147651672363,0.0,0.8525850772857666,0.39498651027679443,2.7323875427246094,0.0
0,57,None,False,"66,123,52,13,93,127,40,41,30,57",1.1099568605422974,-1.7379705905914307,-1.1142137050628662,-0.799441397190094,7.9997758865356445,5.4943037033081055,0.008379632607102394,0.0,0.0,0.008379632607102394,0.008807897567749023,-0.00042826496064662933,0.17341290414333344,0.0,0.7786397933959961,0.3869403004646301,2.7323875427246094,0.0
0,58,None,False,"66,123,52,13,93,127,40,41,30,57",1.1359437704086304,-2.11582088470459,-1.2044649124145508,-0.8750298023223877,7.999749660491943,4.522723197937012,0.0061528743244707584,0.0,0.0,0.0061528743244707584,0.01199960708618164,-0.005846732761710882,0.12181491404771805,0.0,0.8537011742591858,0.3765496611595154,2.7323875427246094,0.0
0,59,None,False,"66,123,52,13,93,127,40,41,30,57",1.1397883892059326,-1.988663911819458,-1.1697152853012085,-0.6770834922790527,7.999787330627441,5.249928951263428,0.0038133442867547274,0.0,0.0,0.0038133442867547274,0.007746696472167969,-0.003933352418243885,0.2828689515590668,0.0,0.8237683773040771,0.41555747389793396,2.7323875427246094,0.0
0,60,None,False,"66,123,52,13,93,127,40,41,30,57",1.1504884958267212,-2.123702049255371,-1.3751816749572754,-0.5969645977020264,7.999730587005615,5.661676406860352,-0.010387646965682507,0.0,0.0,-0.010387646965682507,-0.003118455410003662,-0.0072691915556788445,0.16341376304626465,0.0,0.7496353387832642,0.3647826015949249,2.7323875427246094,0.0
0,61,None,False,"66,123,52,13,93,127,40,41,30,57",1.0204378366470337,-2.223177909851074,-0.9551486968994141,-0.7202475070953369,7.999763488769531,6.949802875518799,-0.011357259936630726,0.0,0.0,-0.011357259936630726,0.001526474952697754,-0.01288373488932848,0.363374263048172,0.0,0.8323835134506226,0.34196433424949646,2.7323875427246094,0.0
0,62,None,False,"66,123,52,13,93,127,40,41,30,57",1.1404942274093628,-2.045081615447998,-1.2715201377868652,-0.5831903219223022,7.999802112579346,5.145383358001709,-0.006741833873093128,0.0,0.0,-0.006741833873093128,0.008223414421081543,-0.014965248294174671,0.08699384331703186,0.0,0.7716402411460876,0.423211932182312,2.7323875427246094,0.0
0,63,None,False,"66,123,52,13,93,127,40,41,30,57",1.0910648107528687,-1.826263427734375,-1.1047565937042236,-0.7535942792892456,7.999786376953125,3.942237138748169,0.004767715930938721,0.0,0.0,0.004767715930938721,0.008160829544067383,-0.003393113613128662,0.19785238802433014,0.0,0.9159897565841675,0.3288688063621521,2.7323875427246094,0.0
0,64,None,False,"66,123,52,13,93,127,40,41,30,57",1.0316317081451416,-2.4696784019470215,-1.1160482168197632,-0.8635300993919373,7.9997053146362305,6.438503265380859,0.0031550168059766293,0.0,0.0,0.0031550168059766293,0.012775182723999023,-0.009620165452361107,0.21645596623420715,0.0,0.868269145488739,0.38175493478775024,2.7323875427246094,0.0
0,65,Schedule,True,"86,5,49,128,99,85,32,102,14,97",1.1514248847961426,-2.080092191696167,-1.130918025970459,-0.794743001461029,7.999771595001221,7.489452362060547,0.02074161171913147,0.10333333333333332,0.3,-0.38259172439575195,0.023265361785888672,-0.4058570861816406,-2.7078559398651123,-13.503276824951172,0.8155524730682373,0.39017969369888306,2.7323875427246094,0.0
0,66,None,False,"86,5,49,128,99,85,32,102,14,97",1.0887196063995361,-1.9701908826828003,-1.1928813457489014,-0.8450803160667419,7.999843597412109,5.303354263305664,0.010204458609223366,0.0,0.0,0.010204458609223366,0.015317559242248535,-0.005113100633025169,0.48066914081573486,0.0,0.771725058555603,0.31656140089035034,2.7323875427246094,0.0
0,67,None,False,"86,5,49,128,99,85,32,102,14,97",1.0829811096191406,-1.9700413942337036,-1.3008880615234375,-0.7200174331665039,7.999771595001221,3.937513589859009,-3.069639205932617e-06,0.0,0.0,-3.069639205932617e-06,0.008082151412963867,-0.0080852210521698,0.32023680210113525,0.0,0.6125394105911255,0.3450266122817993,2.7323875427246094,0.0
0,68,None,False,"86,5,49,128,99,85,32,102,14,97",1.120488166809082,-1.672865867614746,-1.147018313407898,-0.8949338793754578,7.9997453689575195,4.915483474731445,-0.0017512202030047774,0.0,0.0,-0.0017512202030047774,0.006798148155212402,-0.008549368008971214,0.37089699506759644,0.0,0.5475776195526123,0.32154378294944763,2.7323875427246094,0.0
0,69,None,False,"86,5,49,128,99,85,32,102,14,97",1.1231682300567627,-2.1581151485443115,-1.1054610013961792,-0.7122212648391724,7.999811172485352,4.27363920211792,-0.01640680432319641,0.0,0.0,-0.01640680432319641,0.00499880313873291,-0.02140560746192932,0.20225736498832703,0.0,0.731992244720459,0.34498274326324463,2.7323875427246094,0.0
0,70,None,False,"86,5,49,128,99,85,32,102,14,97",1.1087734699249268,-2.2372231483459473,-1.264051914215088,-0.5451983213424683,7.999807834625244,3.3299312591552734,-0.022959941998124123,0.0,0.0,-0.022959941998124123,0.0001621246337890625,-0.023122066631913185,0.26053372025489807,0.0,0.6924127340316772,0.4632259011268616,2.7323875427246094,0.0
0,71,None,False,"86,5,49,128,99,85,32,102,14,97",1.129957914352417,-2.006155252456665,-0.970131516456604,-0.762843132019043,7.999756336212158,4.039201259613037,-0.017581671476364136,0.0,0.0,-0.017581671476364136,0.003574967384338379,-0.021156638860702515,0.051531367003917694,0.0,0.8301904797554016,0.5174882411956787,2.7323875427246094,0.0
0,72,None,False,"86,5,49,128,99,85,32,102,14,97",1.106845498085022,-1.9932751655578613,-1.0508193969726562,-0.8920479416847229,7.999812126159668,5.167300701141357,-0.02242112159729004,0.0,0.0,-0.02242112159729004,-0.00044661760330200195,-0.021974503993988037,0.1312737762928009,0.0,0.8700305819511414,0.4853154420852661,2.7323875427246094,0.0
0,73,None,False,"86,5,49,128,99,85,32,102,14,97",1.1105709075927734,-2.0622808933258057,-1.103054165840149,-0.7935548424720764,7.999812126159668,3.0367724895477295,-0.029776811599731445,0.0,0.0,-0.029776811599731445,-0.004588067531585693,-0.025188744068145752,0.2801244258880615,0.0,1.0193158388137817,0.5485926866531372,2.7323875427246094,0.0
0,74,None,False,"86,5,49,128,99,85,32,102,14,97",1.1523137092590332,-2.117434024810791,-0.8865700364112854,-0.7082260251045227,7.999728202819824,4.5382843017578125,-0.02124943770468235,0.0,0.0,-0.02124943770468235,-0.004917502403259277,-0.016331935301423073,0.19053365290164948,0.0,0.9955525398254395,0.5002561211585999,2.7323875427246094,0.0
0,75,None,False,"86,5,49,128,99,85,32,102,14,97",1.0659024715423584,-2.0574564933776855,-1.142638087272644,-0.821918249130249,7.999802589416504,6.162429332733154,-0.01598304510116577,0.0,0.0,-0.01598304510116577,-0.006541609764099121,-0.00944143533706665,0.3221166431903839,0.0,1.2312830686569214,0.48418810963630676,2.7323875427246094,0.0
0,76,None,False,"86,5,49,128,99,85,32,102,14,97",1.0265370607376099,-2.249668598175049,-1.4741508960723877,-0.717902660369873,7.99968147277832,5.6838202476501465,-0.014941370114684105,0.0,0.0,-0.014941370114684105,-0.015154004096984863,0.00021263398230075836,0.3667670786380768,0.0,1.1262602806091309,0.4947139322757721,2.7323875427246094,0.0
0,77,None,False,"86,5,49,128,99,85,32,102,14,97",1.0606404542922974,-1.9358059167861938,-1.3816534280776978,-0.673987865447998,7.999797821044922,4.955811977386475,-0.0002666890504769981,0.0,0.0,-0.0002666890504769981,-0.003763914108276367,0.003497224999591708,0.29189106822013855,0.0,1.0377098321914673,0.5014837384223938,2.7323875427246094,0.0
0,78,None,False,"86,5,49,128,99,85,32,102,14,97",1.1141455173492432,-1.8203314542770386,-1.0789462327957153,-0.847402811050415,7.999807357788086,4.3542561531066895,0.0075629414059221745,0.0,0.0,0.0075629414059221745,-0.004295706748962402,0.01185864768922329,0.3928271234035492,0.0,1.019623041152954,0.520499050617218,2.7323875427246094,0.0
0,79,Schedule,True,"25,104,64,112,43,87,108,8,92,53",1.142195701599121,-2.005627393722534,-1.1063638925552368,-0.8928908109664917,7.999791145324707,4.280089855194092,-0.008894747123122215,0.10333333333333332,0.3,-0.4122281074523926,-0.0021712183952331543,-0.4100568890571594,-5.372436046600342,-26.720422744750977,1.1938928365707397,0.45210960507392883,2.7323875427246094,0.0
0,80,None,False,"25,104,64,112,43,87,108,8,92,53",1.1090205907821655,-1.7731170654296875,-1.0701054334640503,-1.0120587348937988,7.9997358322143555,5.2626423835754395,-0.007067829370498657,0.0,0.0,-0.007067829370498657,0.004878640174865723,-0.01194646954536438,0.2131536453962326,0.0,1.058011770248413,0.5264061689376831,2.7323875427246094,0.0
0,81,None,False,"25,104,64,112,43,87,108,8,92,53",1.0978283882141113,-2.297786235809326,-0.9484195709228516,-0.8681908845901489,7.999797821044922,6.707610607147217,-0.0030299187637865543,0.0,0.0,-0.0030299187637865543,0.014352202415466309,-0.017382120713591576,0.06818772107362747,0.0,1.2137811183929443,0.559007465839386,2.7323875427246094,0.0
0,82,None,False,"25,104,64,112,43,87,108,8,92,53",1.1474592685699463,-2.0022106170654297,-1.0821261405944824,-0.891272246837616,7.999701976776123,5.83173942565918,-0.0025702952407300472,0.0,0.0,-0.0025702952407300472,0.007866621017456055,-0.01043691672384739,0.3024761974811554,0.0,1.0684672594070435,0.5360578894615173,2.7323875427246094,0.0
0,83,None,False,"25,104,64,112,43,87,108,8,92,53",1.0648269653320312,-1.937157392501831,-0.9411735534667969,-0.8794741630554199,7.999776840209961,6.544524192810059,0.0007823586347512901,0.0,0.0,0.0007823586347512901,0.012246489524841309,-0.011464131064713001,0.14908833801746368,0.0,0.9555342197418213,0.4702970087528229,2.7323875427246094,0.0
0,84,None,False,"25,104,64,112,43,87,108,8,92,53",1.0070394277572632,-2.190408945083618,-1.425408124923706,-0.7065792679786682,7.999746322631836,6.5811686515808105,-0.0024768649600446224,0.0,0.0,-0.0024768649600446224,0.012325286865234375,-0.014802152290940285,0.0740758627653122,0.0,0.8333867788314819,0.4698840379714966,2.7323875427246094,0.0
0,85,None,False,"25,104,64,112,43,87,108,8,92,53",1.1561777591705322,-1.682968258857727,-1.0051205158233643,-0.717345118522644,7.999748229980469,6.466522216796875,-0.00959119200706482,0.0,0.0,-0.00959119200706482,0.00862133502960205,-0.01821252703666687,0.2200273871421814,0.0,0.8074700832366943,0.3643719553947449,2.7323875427246094,0.0
0,86,None,False,"25,104,64,112,43,87,108,8,92,53",1.1265347003936768,-1.900331974029541,-1.108399748802185,-0.5914796590805054,7.999760627746582,4.211127281188965,-0.0041224719025194645,0.0,0.0,-0.0041224719025194645,0.009335637092590332,-0.01345810852944851,0.460055947303772,0.0,0.6943682432174683,0.3907172381877899,2.7323875427246094,0.0
0,87,None,False,"25,104,64,112,43,87,108,8,92,53",1.064557433128357,-1.8728935718536377,-1.1164531707763672,-0.7190251350402832,7.999810218811035,5.464051723480225,-0.012560415081679821,0.0,0.0,-0.012560415081679821,0.0036056041717529297,-0.016166020184755325,0.20140813291072845,0.0,0.7825261950492859,0.46311789751052856,2.7323875427246094,0.0
0,88,None,False,"25,104,64,112,43,87,108,8,92,53",1.0747967958450317,-2.308124542236328,-1.2209773063659668,-0.878868043422699,7.999786376953125,4.956069469451904,-0.0157854612916708,0.0,0.0,-0.0157854612916708,0.000997304916381836,-0.016782766208052635,0.12722502648830414,0.0,0.9371685981750488,0.4458054304122925,2.7323875427246094,0.0
0,89,None,False,"25,104,64,112,43,87,108,8,92,53",1.107582926750183,-1.7672529220581055,-1.1187025308609009,-1.131983757019043,7.999726295471191,6.33740758895874,-0.016099387779831886,0.0,0.0,-0.016099387779831886,-0.008032739162445068,-0.008066648617386818,0.36156904697418213,0.0,1.0748443603515625,0.4410788118839264,2.7323875427246094,0.0
0,90,None,False,"25,104,64,112,43,87,108,8,92,53",1.0959863662719727,-2.1820132732391357,-0.902665376663208,-0.9849464297294617,7.999769687652588,5.338835716247559,-0.019896049052476883,0.0,0.0,-0.019896049052476883,-0.02416980266571045,0.004273753613233566,0.45554229617118835,0.0,1.0650951862335205,0.4480430483818054,2.7323875427246094,0.0
0,91,None,False,"25,104,64,112,43,87,108,8,92,53",1.076594352722168,-2.2334516048431396,-1.3369114398956299,-0.7704437971115112,7.999810218811035,4.68412971496582,-0.02263237163424492,0.0,0.0,-0.02263237163424492,-0.025134384632110596,0.002502012997865677,0.2342565506696701,0.0,0.8119919896125793,0.42452770471572876,2.7323875427246094,0.0
0,92,None,False,"25,104,64,112,43,87,108,8,92,53",1.0357089042663574,-2.22575044631958,-1.4480664730072021,-0.7798407077789307,7.999621391296387,4.860054969787598,-0.023462438955903053,0.0,0.0,-0.023462438955903053,-0.020337939262390137,-0.0031244996935129166,-0.13010136783123016,0.0,0.8557308316230774,0.45331478118896484,2.7323875427246094,0.0
0,93,Schedule,True,"35,83,113,133,106,85,138,31,107,102",1.059217929840088,-1.8124934434890747,-1.0339843034744263,-0.7876050472259521,7.9997100830078125,6.315454006195068,-0.015038358978927135,0.10333333333333332,0.3,-0.41837170720100403,-0.029116034507751465,-0.38925567269325256,-3.647073268890381,-18.159154891967773,0.9204554557800293,0.4343191981315613,2.7323875427246094,0.0
0,94,None,False,"35,83,113,133,106,85,138,31,107,102",1.078885555267334,-2.301913022994995,-1.4461283683776855,-0.6489624977111816,7.999743938446045,6.357403755187988,0.004843664355576038,0.0,0.0,0.004843664355576038,-0.022608458995819092,0.027452122420072556,0.6241734027862549,0.0,1.0920829772949219,0.43427640199661255,2.7323875427246094,0.0
0,95,Struct Break (DC),True,"103,5,0,73,88,126,111,100,32,33",1.085793137550354,-2.0692641735076904,-1.113454818725586,-0.7066746950149536,7.999815464019775,5.526921272277832,-0.03057393990457058,0.10333333333333332,0.3,-0.43390727043151855,-0.014813482761383057,-0.4190937876701355,-3.3140206336975098,-16.479509353637695,0.9243413805961609,0.4419217109680176,2.7323875427246094,0.0
0,96,Vol Shock,True,"140,12,26,123,106,78,134,59,2,87",1.1151409149169922,-1.8151812553405762,-0.9690661430358887,-0.8312525749206543,7.999748706817627,4.128161907196045,-0.006292796228080988,0.10333333333333332,0.3,-0.4096261262893677,-0.02446889877319336,-0.3851572275161743,-2.6090266704559326,-12.996613502502441,0.8270472288131714,0.33217304944992065,2.7323875427246094,0.0
0,97,Vol Shock,True,"86,56,87,97,60,132,4,29,34,102",1.0632193088531494,-2.0152015686035156,-1.0427744388580322,-0.8223253488540649,7.999792575836182,4.636531352996826,-0.015959108248353004,0.09299999753634133,0.26999999284744264,-0.37895911931991577,-0.026588857173919678,-0.3523702621459961,-2.441554307937622,-12.168431282043457,0.6367107629776001,0.47712481021881104,2.7323875427246094,0.0
0,98,None,False,"86,56,87,97,60,132,4,29,34,102",1.0226792097091675,-1.9329898357391357,-1.237647294998169,-0.7379447221755981,7.9997878074646,4.374847412109375,-0.021735936403274536,0.0,0.0,-0.021735936403274536,-0.025606870651245117,0.003870934247970581,0.2570038139820099,0.0,0.605852484703064,0.3773496747016907,2.7323875427246094,0.0
0,99,None,False,"86,56,87,97,60,132,4,29,34,102",1.054175615310669,-2.1314210891723633,-1.2940657138824463,-0.6279031038284302,7.999820709228516,2.87520694732666,-0.024307042360305786,0.0,0.0,-0.024307042360305786,-0.017727375030517578,-0.006579667329788208,0.17292936146259308,0.0,0.600496768951416,0.29603463411331177,2.7323875427246094,0.0
0,100,None,False,"86,56,87,97,60,132,4,29,34,102",0.99151211977005,-2.2403006553649902,-1.535085678100586,-0.9300033450126648,7.9996418952941895,5.376308441162109,0.004392468836158514,0.0,0.0,0.004392468836158514,0.004525661468505859,-0.00013319263234734535,0.46951794624328613,0.0,0.5849126577377319,0.30136826634407043,2.7323875427246094,0.0
0,101,None,False,"86,56,87,97,60,132,4,29,34,102",1.0487456321716309,-2.295962333679199,-1.0901628732681274,-0.9243113994598389,7.9997639656066895,6.325394153594971,0.03528422862291336,0.0,0.0,0.03528422862291336,0.0164564847946167,0.01882774382829666,0.5036008954048157,0.0,0.5856707096099854,0.39162012934684753,2.7323875427246094,0.0
0,102,None,False,"86,56,87,97,60,132,4,29,34,102",1.1196916103363037,-1.9472817182540894,-1.2200405597686768,-0.6830582022666931,7.999820232391357,4.725234031677246,0.031249631196260452,0.0,0.0,0.031249631196260452,0.02228415012359619,0.00896548107266426,0.45307788252830505,0.0,0.6482976078987122,0.3503355383872986,2.7323875427246094,0.0
0,103,None,False,"86,56,87,97,60,132,4,29,34,102",1.068833827972412,-1.9882862567901611,-1.1111263036727905,-0.7155055999755859,7.999842166900635,2.9461655616760254,0.035065870732069016,0.0,0.0,0.035065870732069016,0.03137040138244629,0.0036954693496227264,0.5044952034950256,0.0,0.6567440032958984,0.37987086176872253,2.7323875427246094,0.0
0,104,None,False,"86,56,87,97,60,132,4,29,34,102",1.0882642269134521,-1.8604044914245605,-1.1384495496749878,-0.6962512731552124,7.999798774719238,4.312283515930176,0.03494664281606674,0.0,0.0,0.03494664281606674,0.02662646770477295,0.008320175111293793,0.43995118141174316,0.0,0.5717379450798035,0.37428194284439087,2.7323875427246094,0.0
0,105,None,False,"86,56,87,97,60,132,4,29,34,102",1.139495849609375,-2.23110294342041,-1.1857242584228516,-0.7247645258903503,7.999744892120361,4.464849948883057,0.022343475371599197,0.0,0.0,0.022343475371599197,0.01760697364807129,0.004736501723527908,0.2639433741569519,0.0,0.6135612726211548,0.4003913700580597,2.7323875427246094,0.0
0,106,None,False,"86,56,87,97,60,132,4,29,34,102",1.128661036491394,-1.8077095746994019,-1.2490781545639038,-0.6109619140625,7.999772548675537,4.0716047286987305,-0.010274464264512062,0.0,0.0,-0.010274464264512062,0.013752222061157227,-0.02402668632566929,-0.09803420305252075,0.0,0.7984839677810669,0.3960496187210083,2.7323875427246094,0.0
0,107,None,False,"86,56,87,97,60,132,4,29,34,102",1.0615284442901611,-2.20940899848938,-1.2506046295166016,-0.8130302429199219,7.999767303466797,4.762479305267334,-0.015409177169203758,0.0,0.0,-0.015409177169203758,0.014296650886535645,-0.029705828055739403,0.23795917630195618,0.0,0.7632473111152649,0.37526828050613403,2.7323875427246094,0.0
0,108,None,False,"86,56,87,97,60,132,4,29,34,102",1.0870786905288696,-2.127980947494507,-1.3733961582183838,-0.6093382835388184,7.9997663497924805,6.004746913909912,0.006885075476020575,0.0,0.0,0.006885075476020575,0.02634584903717041,-0.01946077309548855,0.2853529453277588,0.0,0.6509527564048767,0.3900289833545685,2.7323875427246094,0.0
0,109,None,False,"86,56,87,97,60,132,4,29,34,102",1.1058100461959839,-2.0646588802337646,-1.2165827751159668,-0.626014232635498,7.999820709228516,4.697439670562744,0.013154983520507812,0.0,0.0,0.013154983520507812,0.018804311752319336,-0.0056493282318115234,0.08898620307445526,0.0,0.8421540856361389,0.37881553173065186,2.7323875427246094,0.0
0,110,None,False,"86,56,87,97,60,132,4,29,34,102",1.0789802074432373,-2.025803327560425,-1.1095932722091675,-0.7615092992782593,7.99981689453125,4.0763139724731445,0.010618060827255249,0.0,0.0,0.010618060827255249,0.01586735248565674,-0.005249291658401489,0.32256951928138733,0.0,0.818591833114624,0.37985044717788696,2.7323875427246094,0.0
0,111,Schedule,True,"114,131,107,43,55,89,27,16,134,35",1.1040207147598267,-1.8815295696258545,-1.10433030128479,-0.6899341344833374,7.999723434448242,4.670430660247803,0.0035013495944440365,0.10333333333333332,0.3,-0.39983201026916504,0.016521453857421875,-0.4163534641265869,-2.2422311305999756,-11.186702728271484,0.6990946531295776,0.38354313373565674,2.7323875427246094,0.0
0,112,None,False,"114,131,107,43,55,89,27,16,134,35",1.0678282976150513,-1.9740068912506104,-1.159650206565857,-0.6337437629699707,7.999761581420898,4.642104625701904,0.011191713623702526,0.0,0.0,0.011191713623702526,0.02142965793609619,-0.010237944312393665,-0.49890220165252686,0.0,0.7839193940162659,0.3944399058818817,2.7323875427246094,0.0
0,113,None,False,"114,131,107,43,55,89,27,16,134,35",1.1138628721237183,-1.8798942565917969,-0.9838451147079468,-0.9264668822288513,7.999756813049316,5.92812967300415,0.003249740693718195,0.0,0.0,0.003249740693718195,0.011718273162841797,-0.00846853293478489,-0.5698847770690918,0.0,0.871494472026825,0.3683032691478729,2.7323875427246094,0.0
0,114,None,False,"114,131,107,43,55,89,27,16,134,35",1.13885498046875,-1.863786220550537,-1.0113598108291626,-0.8581816554069519,7.9997687339782715,3.3477213382720947,0.017523080110549927,0.0,0.0,0.017523080110549927,0.029552221298217773,-0.012029141187667847,-0.0121777867898345,0.0,0.9316271543502808,0.37371036410331726,2.7323875427246094,0.0
0,115,None,False,"114,131,107,43,55,89,27,16,134,35",1.0394282341003418,-2.209791898727417,-1.2422337532043457,-0.6022219657897949,7.999798774719238,5.570250988006592,0.0355052724480629,0.0,0.0,0.0355052724480629,0.04352104663848877,-0.008015774190425873,0.06444286555051804,0.0,0.8239393830299377,0.34854426980018616,2.7323875427246094,0.0
0,116,None,False,"114,131,107,43,55,89,27,16,134,35",1.1272140741348267,-1.8449662923812866,-1.0780599117279053,-0.7901757955551147,7.999747276306152,5.554381370544434,0.04205668717622757,0.0,0.0,0.04205668717622757,0.038637518882751465,0.0034191682934761047,0.3857954442501068,0.0,0.8599892854690552,0.39004769921302795,2.7323875427246094,0.0
0,117,None,False,"114,131,107,43,55,89,27,16,134,35",1.1151286363601685,-1.8795510530471802,-0.8898834586143494,-0.7642443776130676,7.999819278717041,4.110166072845459,0.035959791392087936,0.0,0.0,0.035959791392087936,0.03984260559082031,-0.003882814198732376,0.49405157566070557,0.0,0.7784438729286194,0.36100900173187256,2.7323875427246094,0.0
0,118,None,False,"114,131,107,43,55,89,27,16,134,35",1.1108386516571045,-2.1013712882995605,-0.8976693153381348,-0.9294531941413879,7.999772548675537,3.5067386627197266,0.03571360185742378,0.0,0.0,0.03571360185742378,0.04086744785308838,-0.0051538459956645966,0.4737027585506439,0.0,0.8684308528900146,0.35628870129585266,2.7323875427246094,0.0
0,119,None,False,"114,131,107,43,55,89,27,16,134,35",1.0739915370941162,-2.086642265319824,-1.0968796014785767,-0.8065789937973022,7.999782562255859,4.643062591552734,0.03515380620956421,0.0,0.0,0.03515380620956421,0.0345151424407959,0.0006386637687683105,0.2811764180660248,0.0,0.926242470741272,0.3201027512550354,2.7323875427246094,0.0
0,120,None,False,"114,131,107,43,55,89,27,16,134,35",1.0859746932983398,-2.1471269130706787,-1.2372715473175049,-0.6389884948730469,7.999791145324707,3.954460859298706,0.042138077318668365,0.0,0.0,0.042138077318668365,0.03333759307861328,0.008800484240055084,0.363605797290802,0.0,0.6509743928909302,0.29437121748924255,2.7323875427246094,0.0
0,121,None,False,"114,131,107,43,55,89,27,16,134,35",0.9954065680503845,-2.145564079284668,-1.1897220611572266,-0.7919126749038696,7.999725818634033,5.619855880737305,0.021650439128279686,0.0,0.0,0.021650439128279686,0.0230405330657959,-0.0013900939375162125,0.42310160398483276,0.0,0.654439389705658,0.3980426788330078,2.7323875427246094,0.0
0,122,None,False,"114,131,107,43,55,89,27,16,134,35",1.032439112663269,-2.0091552734375,-1.3619658946990967,-0.6556230783462524,7.999800205230713,4.2195916175842285,0.020648736506700516,0.0,0.0,0.020648736506700516,0.012151479721069336,0.00849725678563118,0.42507404088974,0.0,0.6900607347488403,0.5231600999832153,2.7323875427246094,0.0
0,123,None,False,"114,131,107,43,55,89,27,16,134,35",1.0799968242645264,-1.9589266777038574,-1.2966060638427734,-0.736290693283081,7.99976921081543,2.8102126121520996,0.013011431321501732,0.0,0.0,0.013011431321501732,0.012189269065856934,0.0008221622556447983,0.299448162317276,0.0,0.6907579898834229,0.4111140966415405,2.7323875427246094,0.0
0,124,None,False,"114,131,107,43,55,89,27,16,134,35",1.0687483549118042,-2.2390589714050293,-1.184680700302124,-0.7725317478179932,7.999746799468994,4.577682018280029,-0.0031446933280676603,0.0,0.0,-0.0031446933280676603,0.0011641979217529297,-0.004308891482651234,0.5330678820610046,0.0,0.743982195854187,0.4049423933029175,2.7323875427246094,0.0
0,125,Schedule,True,"50,125,55,86,113,124,51,74,21,59",0.9430004358291626,-2.1938114166259766,-1.1148017644882202,-1.1395862102508545,7.999582290649414,7.55725622177124,-0.03355173394083977,0.09299999753634133,0.26999999284744264,-0.3965517282485962,-0.031174778938293457,-0.36537694931030273,-2.1717190742492676,-10.835478782653809,0.7685520648956299,0.3603946566581726,2.7323875427246094,0.0
0,126,None,False,"50,125,55,86,113,124,51,74,21,59",1.1098883152008057,-1.7763675451278687,-0.9405450820922852,-0.8896026611328125,7.999814987182617,7.962337017059326,-0.020338088274002075,0.0,0.0,-0.020338088274002075,-0.021789491176605225,0.0014514029026031494,0.32369840145111084,0.0,0.6599947214126587,0.3706129193305969,2.7323875427246094,0.0
0,127,None,False,"50,125,55,86,113,124,51,74,21,59",1.0861965417861938,-2.164064645767212,-0.9930647611618042,-0.9390790462493896,7.999792575836182,4.061081886291504,-0.018109440803527832,0.0,0.0,-0.018109440803527832,-0.02218306064605713,0.004073619842529297,0.5358526110649109,0.0,0.6596958637237549,0.3884408175945282,2.7323875427246094,0.0
0,0,Schedule | Regime Shift (Initial),True,"137,101,127,125,86,68,48,142,76,118",1.0181331634521484,-2.0387747287750244,-1.0455206632614136,-0.7813921570777893,7.9995808601379395,4.262059211730957,0.016532665118575096,0.0,0.0,0.016532665118575096,0.002696514129638672,0.013836150988936424,1.3626725673675537,6.715985298156738,1.2386890649795532,0.3638871908187866,2.5930397510528564,0.0
0,1,None,False,"137,101,127,125,86,68,48,142,76,118",1.0118489265441895,-2.2041594982147217,-1.0831152200698853,-0.8717455863952637,7.999669551849365,4.806966781616211,0.015131151303648949,0.0,0.0,0.015131151303648949,0.0011333227157592773,0.013997828587889671,1.5594124794006348,0.0,1.1023820638656616,0.35875970125198364,2.5930397510528564,0.0
0,2,None,False,"137,101,127,125,86,68,48,142,76,118",1.114068865776062,-2.2196764945983887,-1.120144248008728,-0.6501318216323853,7.999269485473633,6.089818954467773,0.00018408894538879395,0.0,0.0,0.00018408894538879395,-0.010152339935302734,0.010336428880691528,0.34813353419303894,0.0,1.0310624837875366,0.35976114869117737,2.5930397510528564,0.0
0,3,None,False,"137,101,127,125,86,68,48,142,76,118",1.099617600440979,-1.90889573097229,-1.0336061716079712,-0.7765240669250488,7.999505043029785,5.619451522827148,-0.004995596595108509,0.0,0.0,-0.004995596595108509,-0.020277202129364014,0.015281605534255505,0.5294792056083679,0.0,0.9615923166275024,0.2569473385810852,2.5930397510528564,0.0
0,4,None,False,"137,101,127,125,86,68,48,142,76,118",1.0244688987731934,-2.058497190475464,-1.0514484643936157,-0.8806792497634888,7.999587535858154,4.775102615356445,-0.00465088477358222,0.0,0.0,-0.00465088477358222,-0.01594620943069458,0.011295324191451073,0.49432745575904846,0.0,1.0819631814956665,0.33646249771118164,2.5930397510528564,0.0
0,5,None,False,"137,101,127,125,86,68,48,142,76,118",1.0683788061141968,-2.146664619445801,-1.2954310178756714,-0.9406813979148865,7.999396800994873,4.8955230712890625,-0.0014627277851104736,0.0,0.0,-0.0014627277851104736,-0.013296365737915039,0.011833637952804565,0.348939448595047,0.0,0.8908772468566895,0.32421162724494934,2.5930397510528564,0.0
0,6,None,False,"137,101,127,125,86,68,48,142,76,118",1.0732290744781494,-2.2479395866394043,-0.9727376699447632,-0.7476204633712769,7.999382972717285,5.801126480102539,-0.008197903633117676,0.0,0.0,-0.008197903633117676,-0.01162731647491455,0.003429412841796875,0.3181251585483551,0.0,0.8834439516067505,0.3004385828971863,2.5930397510528564,0.0
0,7,None,False,"137,101,127,125,86,68,48,142,76,118",1.051878571510315,-2.0001869201660156,-1.082818627357483,-0.8438885807991028,7.999465465545654,5.751243591308594,-0.010237932205200195,0.0,0.0,-0.010237932205200195,-0.0048719048500061035,-0.005366027355194092,0.22958388924598694,0.0,0.8217569589614868,0.28251102566719055,2.5930397510528564,0.0
0,8,Struct Break (DC),True,"43,16,98,103,129,114,64,63,130,39",1.099136233329773,-2.1200366020202637,-1.066208004951477,-0.7401771545410156,7.999451160430908,4.79904842376709,-0.02130793407559395,0.10333333333333332,0.3,-0.42464128136634827,-0.01139986515045166,-0.4132414162158966,-2.678069591522217,-13.342097282409668,0.9015706777572632,0.42791783809661865,2.5930397510528564,0.0
0,9,None,False,"43,16,98,103,129,114,64,63,130,39",1.0323492288589478,-2.1550536155700684,-1.1366034746170044,-0.8366407752037048,7.999454021453857,5.1108269691467285,-0.03305292874574661,0.0,0.0,-0.03305292874574661,-0.015968799591064453,-0.01708412915468216,0.1593734622001648,0.0,0.9762985110282898,0.4016229510307312,2.5930397510528564,0.0
0,10,None,False,"43,16,98,103,129,114,64,63,130,39",0.999904990196228,-1.957200527191162,-1.1334166526794434,-0.9476244449615479,7.999622344970703,4.806726932525635,-0.03477887436747551,0.0,0.0,-0.03477887436747551,-0.012903332710266113,-0.021875541657209396,0.023425575345754623,0.0,0.6624324321746826,0.3557380735874176,2.5930397510528564,0.0
0,11,None,False,"43,16,98,103,129,114,64,63,130,39",1.077782392501831,-2.077986478805542,-1.1501942873001099,-0.884009838104248,7.999459266662598,4.315701484680176,-0.03451269865036011,0.0,0.0,-0.03451269865036011,-0.012334883213043213,-0.022177815437316895,-0.10252698510885239,0.0,0.747374415397644,0.3796771764755249,2.5930397510528564,0.0
0,12,None,False,"43,16,98,103,129,114,64,63,130,39",1.1106475591659546,-1.9909931421279907,-1.0399627685546875,-0.5924957394599915,7.99948263168335,4.703701972961426,-0.057455677539110184,0.0,0.0,-0.057455677539110184,-0.021807849407196045,-0.03564782813191414,-1.9588427543640137,0.0,0.8094263076782227,0.3975863754749298,2.5930397510528564,0.0
0,13,None,False,"43,16,98,103,129,114,64,63,130,39",1.0250037908554077,-1.981972098350525,-1.1611002683639526,-0.7880952954292297,7.999417304992676,4.326667785644531,-0.05125588923692703,0.0,0.0,-0.05125588923692703,-0.022218942642211914,-0.02903694659471512,-1.7170265913009644,0.0,0.9755779504776001,0.4179912507534027,2.5930397510528564,0.0
0,14,None,False,"43,16,98,103,129,114,64,63,130,39",0.9482560157775879,-2.222137451171875,-1.382432222366333,-0.8371100425720215,7.999242305755615,5.944843292236328,-0.01964361034333706,0.0,0.0,-0.01964361034333706,-0.00790029764175415,-0.011743312701582909,0.9151595234870911,0.0,1.0752949714660645,0.4059286415576935,2.5930397510528564,0.0
0,15,None,False,"43,16,98,103,129,114,64,63,130,39",1.1016463041305542,-1.968969464302063,-1.0431177616119385,-0.9112913608551025,7.999541282653809,5.781895160675049,-0.02705984190106392,0.0,0.0,-0.02705984190106392,-0.010489284992218018,-0.0165705569088459,-0.8626390099525452,0.0,1.0137686729431152,0.39413565397262573,2.5930397510528564,0.0
0,16,None,False,"43,16,98,103,129,114,64,63,130,39",1.0575990676879883,-1.7384388446807861,-1.0442819595336914,-0.9405443668365479,7.999491214752197,4.410191535949707,-0.009499942883849144,0.0,0.0,-0.009499942883849144,-0.0015211701393127441,-0.0079787727445364,0.014554162509739399,0.0,1.1672208309173584,0.4109075665473938,2.5930397510528564,0.0
0,17,None,False,"43,16,98,103,129,114,64,63,130,39",1.0229549407958984,-1.9905534982681274,-0.7513047456741333,-1.0346838235855103,7.999566555023193,5.632370471954346,0.04485061764717102,0.0,0.0,0.04485061764717102,0.01766979694366455,0.02718082070350647,0.6279502511024475,0.0,0.9950157999992371,0.41446125507354736,2.5930397510528564,0.0
0,18,None,False,"43,16,98,103,129,114,64,63,130,39",1.1071127653121948,-1.9106656312942505,-1.0157521963119507,-0.9956531524658203,7.999663352966309,4.888998985290527,0.05243905633687973,0.0,0.0,0.05243905633687973,0.025389671325683594,0.027049385011196136,0.5811415910720825,0.0,1.0623631477355957,0.39278724789619446,2.5930397510528564,0.0
0,19,None,False,"43,16,98,103,129,114,64,63,130,39",1.07854163646698,-2.0081565380096436,-0.8157690167427063,-0.9185183644294739,7.999577045440674,4.0652689933776855,0.02558518573641777,0.0,0.0,0.02558518573641777,0.012202262878417969,0.013382922857999802,0.36282625794410706,0.0,1.1015088558197021,0.39136767387390137,2.5930397510528564,0.0
0,20,None,False,"43,16,98,103,129,114,64,63,130,39",1.0643839836120605,-1.7683078050613403,-1.1733770370483398,-0.7718787789344788,7.99949836730957,4.1290764808654785,0.01063681859523058,0.0,0.0,0.01063681859523058,0.004654645919799805,0.005982172675430775,0.3557392656803131,0.0,1.0987759828567505,0.3357967138290405,2.5930397510528564,0.0
0,21,None,False,"43,16,98,103,129,114,64,63,130,39",1.1161844730377197,-2.025813341140747,-0.9747711420059204,-0.8327515125274658,7.99929666519165,5.48364782333374,0.00536192674189806,0.0,0.0,0.00536192674189806,-0.0013818740844726562,0.006743800826370716,0.324090838432312,0.0,0.95748370885849,0.4200790226459503,2.5930397510528564,0.0
0,22,Schedule,True,"68,60,115,46,117,18,100,81,137,112",1.1191409826278687,-1.9501981735229492,-1.0975291728973389,-0.7679593563079834,7.999581813812256,5.065263271331787,-0.0018039882415905595,0.10333333333333332,0.3,-0.4051373302936554,-0.008931636810302734,-0.39620569348335266,-2.9364817142486572,-14.640445709228516,0.9794125556945801,0.41760605573654175,2.5930397510528564,0.0
0,23,None,False,"68,60,115,46,117,18,100,81,137,112",1.0580605268478394,-1.9459105730056763,-1.0127447843551636,-0.8111091256141663,7.999636650085449,3.644407033920288,0.008336258120834827,0.0,0.0,0.008336258120834827,-0.004313468933105469,0.012649727053940296,0.37145188450813293,0.0,0.9180808067321777,0.3533935546875,2.5930397510528564,0.0
0,24,None,False,"68,60,115,46,117,18,100,81,137,112",1.0249470472335815,-2.0671088695526123,-1.2658300399780273,-0.8342714309692383,7.99949836730957,4.201666355133057,-0.004627794027328491,0.0,0.0,-0.004627794027328491,-0.005433440208435059,0.0008056461811065674,0.293069064617157,0.0,1.0007545948028564,0.25564342737197876,2.5930397510528564,0.0
0,25,None,False,"68,60,115,46,117,18,100,81,137,112",1.0439292192459106,-2.4280519485473633,-1.4189540147781372,-0.5990773439407349,7.999282360076904,5.610729217529297,-0.0041138590313494205,0.0,0.0,-0.0041138590313494205,0.0027464628219604492,-0.00686032185330987,0.3089841306209564,0.0,1.1766619682312012,0.34129685163497925,2.5930397510528564,0.0
0,26,None,False,"68,60,115,46,117,18,100,81,137,112",1.0845451354980469,-1.9156628847122192,-1.1278234720230103,-0.7702008485794067,7.999556541442871,5.512990951538086,0.005393463186919689,0.0,0.0,0.005393463186919689,0.007449626922607422,-0.0020561637356877327,0.11159911006689072,0.0,1.0195468664169312,0.3339693248271942,2.5930397510528564,0.0
0,27,None,False,"68,60,115,46,117,18,100,81,137,112",1.0265049934387207,-2.1281685829162598,-0.989431619644165,-0.8600484132766724,7.999602794647217,4.610901832580566,0.10941173881292343,0.0,0.0,0.10941173881292343,0.031407952308654785,0.07800378650426865,1.0090895891189575,0.0,1.0083495378494263,0.33186066150665283,2.5930397510528564,0.0
0,28,None,False,"68,60,115,46,117,18,100,81,137,112",1.055228590965271,-1.9027655124664307,-1.4003405570983887,-0.6474674940109253,7.999324321746826,5.567729949951172,0.10921549797058105,0.0,0.0,0.10921549797058105,0.03394210338592529,0.07527339458465576,1.0934503078460693,0.0,0.9941240549087524,0.3625974655151367,2.5930397510528564,0.0
0,29,None,False,"68,60,115,46,117,18,100,81,137,112",1.0683329105377197,-1.8153048753738403,-1.1175764799118042,-0.937928318977356,7.999519348144531,5.182454586029053,0.12202372401952744,0.0,0.0,0.12202372401952744,0.03475141525268555,0.08727230876684189,1.5938044786453247,0.0,0.8729013800621033,0.3348301947116852,2.5930397510528564,0.0
0,30,None,False,"68,60,115,46,117,18,100,81,137,112",1.0742250680923462,-2.037655830383301,-1.0488934516906738,-0.9720472693443298,7.999605178833008,2.8364670276641846,0.1282489001750946,0.0,0.0,0.1282489001750946,0.030156850814819336,0.09809204936027527,1.108393669128418,0.0,0.7956547141075134,0.3751528859138489,2.5930397510528564,0.0
0,31,None,False,"68,60,115,46,117,18,100,81,137,112",1.0390522480010986,-2.067143440246582,-1.205458641052246,-0.7763014435768127,7.999467849731445,3.330066204071045,0.13573475182056427,0.0,0.0,0.13573475182056427,0.02871537208557129,0.10701937973499298,1.1814132928848267,0.0,0.8768283724784851,0.40660515427589417,2.5930397510528564,0.0
0,32,None,False,"68,60,115,46,117,18,100,81,137,112",1.0760966539382935,-1.9464542865753174,-1.1951160430908203,-0.7557792663574219,7.999311447143555,3.273404121398926,0.016544699668884277,0.0,0.0,0.016544699668884277,0.005548715591430664,0.010995984077453613,0.3833768665790558,0.0,0.8973615169525146,0.4741991460323334,2.5930397510528564,0.0
0,33,None,False,"68,60,115,46,117,18,100,81,137,112",1.0679596662521362,-2.068272829055786,-1.1674611568450928,-0.6126446723937988,7.999480247497559,4.4271745681762695,0.016726762056350708,0.0,0.0,0.016726762056350708,0.010553240776062012,0.006173521280288696,0.222116157412529,0.0,0.9194603562355042,0.47464001178741455,2.5930397510528564,0.0
0,34,None,False,"68,60,115,46,117,18,100,81,137,112",1.0221023559570312,-1.9561634063720703,-1.1637823581695557,-0.7968181371688843,7.9994940757751465,4.600555419921875,0.026010315865278244,0.0,0.0,0.026010315865278244,0.009955525398254395,0.01605479046702385,0.4668788015842438,0.0,1.008815884590149,0.40966856479644775,2.5930397510528564,0.0
0,35,None,False,"68,60,115,46,117,18,100,81,137,112",0.9505118727684021,-2.1156818866729736,-1.2120674848556519,-0.7608597874641418,7.999572277069092,3.4216015338897705,0.019981568679213524,0.0,0.0,0.019981568679213524,0.010578632354736328,0.009402936324477196,0.4889214038848877,0.0,0.9357337951660156,0.4653131067752838,2.5930397510528564,0.0
0,36,Schedule,True,"93,133,64,50,57,89,47,35,28,41",1.111387014389038,-1.7931255102157593,-0.8216896057128906,-0.7398614883422852,7.999423027038574,5.511102676391602,-0.002233272884041071,0.10333333333333332,0.3,-0.40556663274765015,-0.0022149085998535156,-0.40335172414779663,-2.706681728363037,-13.464975357055664,0.8906348943710327,0.4929902255535126,2.5930397510528564,0.0
0,37,None,False,"93,133,64,50,57,89,47,35,28,41",1.0019594430923462,-1.9360111951828003,-1.1467043161392212,-0.768254280090332,7.999650478363037,4.696094036102295,-0.0021469772327691317,0.0,0.0,-0.0021469772327691317,-0.0009557604789733887,-0.001191216753795743,0.3618956208229065,0.0,0.9263681173324585,0.4262242019176483,2.5930397510528564,0.0
0,38,None,False,"93,133,64,50,57,89,47,35,28,41",1.06404709815979,-1.7949562072753906,-0.9249838590621948,-0.7881260514259338,7.9994940757751465,3.4838998317718506,-0.009831368923187256,0.0,0.0,-0.009831368923187256,-0.014088034629821777,0.0042566657066345215,0.3612547516822815,0.0,0.7857264280319214,0.39744919538497925,2.5930397510528564,0.0
0,39,None,False,"93,133,64,50,57,89,47,35,28,41",1.0968616008758545,-1.9854689836502075,-1.205613136291504,-0.7679636478424072,7.999542236328125,3.5801775455474854,-0.018556511029601097,0.0,0.0,-0.018556511029601097,-0.017726778984069824,-0.0008297320455312729,0.36636120080947876,0.0,0.761760413646698,0.42311960458755493,2.5930397510528564,0.0
0,40,None,False,"93,133,64,50,57,89,47,35,28,41",1.087835669517517,-1.9920762777328491,-1.0402528047561646,-0.8481078743934631,7.999551773071289,2.884098529815674,-0.014803528785705566,0.0,0.0,-0.014803528785705566,-0.011887013912200928,-0.0029165148735046387,0.3509342670440674,0.0,0.8250320553779602,0.47924482822418213,2.5930397510528564,0.0
0,41,None,False,"93,133,64,50,57,89,47,35,28,41",1.0605082511901855,-2.1924514770507812,-1.2134945392608643,-1.0066965818405151,7.999537944793701,4.768740177154541,-0.011196816340088844,0.0,0.0,-0.011196816340088844,-0.003258049488067627,-0.007938766852021217,0.23328979313373566,0.0,0.9259960651397705,0.5093646049499512,2.5930397510528564,0.0
0,42,None,False,"93,133,64,50,57,89,47,35,28,41",1.0428789854049683,-2.182741641998291,-1.4865025281906128,-0.8292744755744934,7.999289035797119,4.555281639099121,-0.0029606937896460295,0.0,0.0,-0.0029606937896460295,0.0035430192947387695,-0.006503713317215443,0.30264928936958313,0.0,0.9298146367073059,0.4029310941696167,2.5930397510528564,0.0
0,43,None,False,"93,133,64,50,57,89,47,35,28,41",1.1253770589828491,-2.1583378314971924,-1.0797309875488281,-0.8653475642204285,7.999319076538086,5.298734188079834,0.01549307070672512,0.0,0.0,0.01549307070672512,0.020305156707763672,-0.004812086001038551,0.05398257449269295,0.0,0.9620248079299927,0.4362170398235321,2.5930397510528564,0.0
0,44,None,False,"93,133,64,50,57,89,47,35,28,41",1.1811637878417969,-1.9947210550308228,-0.988835334777832,-0.6666790246963501,7.999268054962158,5.610570430755615,0.026536673307418823,0.0,0.0,0.026536673307418823,0.03184378147125244,-0.005307108163833618,0.09076900035142899,0.0,0.8885501623153687,0.48791611194610596,2.5930397510528564,0.0
0,45,None,False,"93,133,64,50,57,89,47,35,28,41",1.121118426322937,-2.0936267375946045,-1.1381795406341553,-0.618371844291687,7.999443054199219,5.096950531005859,0.007040911819785833,0.0,0.0,0.007040911819785833,0.027257204055786133,-0.020216291770339012,0.45581090450286865,0.0,0.8229404091835022,0.44617974758148193,2.5930397510528564,0.0
0,46,None,False,"93,133,64,50,57,89,47,35,28,41",1.0669761896133423,-2.2056052684783936,-1.1832659244537354,-0.8784128427505493,7.999464988708496,4.28775691986084,0.013405447825789452,0.0,0.0,0.013405447825789452,0.02784121036529541,-0.014435762539505959,0.20287154614925385,0.0,0.7460744380950928,0.3412015438079834,2.5930397510528564,0.0
0,47,None,False,"93,133,64,50,57,89,47,35,28,41",1.0472124814987183,-1.7905396223068237,-0.8036145567893982,-1.0758837461471558,7.999666690826416,4.967014312744141,0.015687668696045876,0.0,0.0,0.015687668696045876,0.02398681640625,-0.008299147710204124,0.26595842838287354,0.0,0.8885866403579712,0.3354417383670807,2.5930397510528564,0.0
0,48,None,False,"93,133,64,50,57,89,47,35,28,41",1.0035406351089478,-1.7558960914611816,-1.2032380104064941,-0.7034077644348145,7.999370574951172,5.238742351531982,0.0002573728561401367,0.0,0.0,0.0002573728561401367,0.018419742584228516,-0.01816236972808838,0.3118884265422821,0.0,0.7254669666290283,0.3304373621940613,2.5930397510528564,0.0
0,49,None,False,"93,133,64,50,57,89,47,35,28,41",1.0319809913635254,-2.269554615020752,-0.9829453825950623,-1.037928819656372,7.9995269775390625,7.013527870178223,-0.0007840752368792892,0.0,0.0,-0.0007840752368792892,0.016434311866760254,-0.017218386754393578,0.24039797484874725,0.0,0.7066200971603394,0.3523363769054413,2.5930397510528564,0.0
0,50,Schedule,True,"55,119,114,74,138,23,131,50,53,44",0.9749743342399597,-2.0533323287963867,-1.4548449516296387,-0.8184017539024353,7.999308109283447,6.865105628967285,0.021826034411787987,0.09299999753634133,0.26999999284744264,-0.3411739766597748,0.021541595458984375,-0.36271557211875916,-2.611725091934204,-13.006134986877441,0.7249330282211304,0.27397918701171875,2.5930397510528564,0.0
0,51,None,False,"55,119,114,74,138,23,131,50,53,44",1.105821132659912,-2.2006595134735107,-0.8632727861404419,-0.7554967999458313,7.999388217926025,7.448047161102295,0.021178048104047775,0.0,0.0,0.021178048104047775,0.033011794090270996,-0.01183374598622322,0.2950107753276825,0.0,0.7377201318740845,0.34915077686309814,2.5930397510528564,0.0
0,52,None,False,"55,119,114,74,138,23,131,50,53,44",1.0648818016052246,-1.7901140451431274,-1.0265440940856934,-0.7593380212783813,7.999532222747803,4.852957248687744,0.01870139315724373,0.0,0.0,0.01870139315724373,0.02772533893585205,-0.009023945778608322,0.29892221093177795,0.0,0.7671573758125305,0.36446523666381836,2.5930397510528564,0.0
0,53,None,False,"55,119,114,74,138,23,131,50,53,44",0.9755328893661499,-2.1865084171295166,-1.350230097770691,-0.9281855821609497,7.999277591705322,5.213367938995361,0.02531035616993904,0.0,0.0,0.02531035616993904,0.03064417839050293,-0.0053338222205638885,0.32603755593299866,0.0,0.7282029986381531,0.2607032358646393,2.5930397510528564,0.0
0,54,None,False,"55,119,114,74,138,23,131,50,53,44",1.1047308444976807,-1.9691824913024902,-1.0598490238189697,-0.8553574681282043,7.999505519866943,4.7130022048950195,0.028542036190629005,0.0,0.0,0.028542036190629005,0.019495368003845215,0.00904666818678379,0.42127230763435364,0.0,0.6359913945198059,0.33486509323120117,2.5930397510528564,0.0
0,55,None,False,"55,119,114,74,138,23,131,50,53,44",1.0917720794677734,-1.8846588134765625,-1.0654451847076416,-0.7673898935317993,7.999403476715088,4.290781021118164,0.028530681505799294,0.0,0.0,0.028530681505799294,0.020432472229003906,0.008098209276795387,0.2487722784280777,0.0,0.5080428123474121,0.3579970896244049,2.5930397510528564,0.0
0,56,None,False,"55,119,114,74,138,23,131,50,53,44",1.063842535018921,-2.211982250213623,-0.9805037975311279,-0.9308577179908752,7.9995646476745605,3.7821431159973145,0.02787368930876255,0.0,0.0,0.02787368930876255,0.02043449878692627,0.007439190521836281,0.36251917481422424,0.0,0.5230257511138916,0.27309802174568176,2.5930397510528564,0.0
0,57,None,False,"55,119,114,74,138,23,131,50,53,44",1.0905983448028564,-1.9017077684402466,-1.1153500080108643,-0.8247898817062378,7.999533176422119,3.930161237716675,0.041928481310606,0.0,0.0,0.041928481310606,0.030266284942626953,0.01166219636797905,0.40279945731163025,0.0,0.5461920499801636,0.2646142244338989,2.5930397510528564,0.0
0,58,None,False,"55,119,114,74,138,23,131,50,53,44",1.062922477722168,-1.9871028661727905,-1.1286417245864868,-0.5382043123245239,7.999307632446289,4.3938984870910645,0.03611517697572708,0.0,0.0,0.03611517697572708,0.02102077007293701,0.01509440690279007,0.46120062470436096,0.0,0.38979512453079224,0.28650444746017456,2.5930397510528564,0.0
0,59,None,False,"55,119,114,74,138,23,131,50,53,44",1.011710286140442,-1.9070285558700562,-1.4116268157958984,-0.7415058016777039,7.999236583709717,5.065898895263672,0.03451625257730484,0.0,0.0,0.03451625257730484,0.023798108100891113,0.010718144476413727,0.5907038450241089,0.0,0.5721352100372314,0.33220767974853516,2.5930397510528564,0.0
0,60,None,False,"55,119,114,74,138,23,131,50,53,44",1.0922566652297974,-1.701024055480957,-0.9139221906661987,-1.044256567955017,7.999430179595947,5.2324700355529785,0.019114499911665916,0.0,0.0,0.019114499911665916,0.010439157485961914,0.008675342425704002,0.2853632867336273,0.0,0.5958074927330017,0.3463744521141052,2.5930397510528564,0.0
0,61,None,False,"55,119,114,74,138,23,131,50,53,44",0.9935921430587769,-2.3475160598754883,-1.3794203996658325,-0.6823515892028809,7.999239444732666,5.984523296356201,0.024095792323350906,0.0,0.0,0.024095792323350906,0.004201531410217285,0.01989426091313362,0.4961165487766266,0.0,0.6853207945823669,0.36264604330062866,2.5930397510528564,0.0
0,62,None,False,"55,119,114,74,138,23,131,50,53,44",1.0599555969238281,-2.2673397064208984,-0.8395142555236816,-0.8548049926757812,7.999471187591553,5.385561943054199,0.0059111774899065495,0.0,0.0,0.0059111774899065495,-0.01209867000579834,0.018009847030043602,0.4496583342552185,0.0,0.8644168376922607,0.33479392528533936,2.5930397510528564,0.0
0,63,None,False,"55,119,114,74,138,23,131,50,53,44",1.1312254667282104,-1.9497449398040771,-1.0782561302185059,-0.9862663745880127,7.999455451965332,5.788249969482422,-0.0007425606017932296,0.0,0.0,-0.0007425606017932296,-0.011439383029937744,0.01069682277739048,0.2920636236667633,0.0,0.7603731751441956,0.32944515347480774,2.5930397510528564,0.0
0,64,Schedule,True,"35,115,77,23,64,113,5,126,8,106",1.0280461311340332,-2.1317622661590576,-1.24285089969635,-0.6728416681289673,7.999448776245117,5.03729248046875,-0.014321262016892433,0.09299999753634133,0.26999999284744264,-0.3773212730884552,-0.008724629878997803,-0.3685966432094574,-2.4648890495300293,-12.286795616149902,0.6248201131820679,0.3232179582118988,2.5930397510528564,0.0
0,65,None,False,"35,115,77,23,64,113,5,126,8,106",1.0457088947296143,-1.8797781467437744,-0.998015820980072,-0.9159384965896606,7.9994635581970215,3.9124348163604736,-0.010205984115600586,0.0,0.0,-0.010205984115600586,-0.00025773048400878906,-0.009948253631591797,0.2598245441913605,0.0,0.6415605545043945,0.3709620237350464,2.5930397510528564,0.0
0,66,None,False,"35,115,77,23,64,113,5,126,8,106",1.1124378442764282,-1.7926013469696045,-0.9484620094299316,-1.152254343032837,7.999473571777344,3.670259952545166,-0.0013608813751488924,0.0,0.0,-0.0013608813751488924,0.0006014108657836914,-0.001962292240932584,0.2050926387310028,0.0,0.5596693158149719,0.32246798276901245,2.5930397510528564,0.0
0,67,None,False,"35,115,77,23,64,113,5,126,8,106",1.0941680669784546,-2.198497772216797,-1.0732229948043823,-0.8400567173957825,7.99942684173584,5.054708480834961,0.01869046688079834,0.0,0.0,0.01869046688079834,0.014977693557739258,0.003712773323059082,0.39476892352104187,0.0,0.49873587489128113,0.33782899379730225,2.5930397510528564,0.0
0,68,None,False,"35,115,77,23,64,113,5,126,8,106",1.0165129899978638,-1.8429874181747437,-1.2500882148742676,-0.7673839330673218,7.999350070953369,5.173577785491943,0.02271917462348938,0.0,0.0,0.02271917462348938,0.02140629291534424,0.0013128817081451416,0.31057947874069214,0.0,0.5700874328613281,0.3480989933013916,2.5930397510528564,0.0
0,69,None,False,"35,115,77,23,64,113,5,126,8,106",1.014752984046936,-2.0705759525299072,-1.0263328552246094,-0.7630285024642944,7.9995293617248535,5.246228218078613,0.016126442700624466,0.0,0.0,0.016126442700624466,0.020980000495910645,-0.004853557795286179,0.06540115922689438,0.0,0.5236135125160217,0.3268686830997467,2.5930397510528564,0.0
0,70,None,False,"35,115,77,23,64,113,5,126,8,106",1.0480129718780518,-2.070572853088379,-0.9558035135269165,-0.8568853139877319,7.999472618103027,4.563497543334961,0.0245260838419199,0.0,0.0,0.0245260838419199,0.01896536350250244,0.005560720339417458,0.18857400119304657,0.0,0.7210357189178467,0.3250519633293152,2.5930397510528564,0.0
0,71,None,False,"35,115,77,23,64,113,5,126,8,106",1.078224778175354,-2.1332590579986572,-1.1341512203216553,-0.8193660974502563,7.999536514282227,3.7000346183776855,0.020068293437361717,0.0,0.0,0.020068293437361717,0.010058999061584473,0.010009294375777245,0.24907484650611877,0.0,0.7626911997795105,0.3331260085105896,2.5930397510528564,0.0
0,72,None,False,"35,115,77,23,64,113,5,126,8,106",1.0718343257904053,-1.9302749633789062,-0.9824613332748413,-0.9093180894851685,7.999667167663574,3.2789666652679443,0.018093138933181763,0.0,0.0,0.018093138933181763,0.007376670837402344,0.010716468095779419,0.33698979020118713,0.0,0.6741733551025391,0.34484291076660156,2.5930397510528564,0.0
0,73,None,False,"35,115,77,23,64,113,5,126,8,106",1.0039781332015991,-2.3078413009643555,-1.0252453088760376,-0.993928074836731,7.9995341300964355,4.074577808380127,0.01837105117738247,0.0,0.0,0.01837105117738247,0.002553701400756836,0.015817349776625633,0.5180603861808777,0.0,0.541488766670227,0.2801585793495178,2.5930397510528564,0.0
0,74,None,False,"35,115,77,23,64,113,5,126,8,106",1.0859419107437134,-1.986702561378479,-1.2447479963302612,-0.7037560343742371,7.999348163604736,4.8054518699646,0.03346056491136551,0.0,0.0,0.03346056491136551,0.012272834777832031,0.021187730133533478,0.547655463218689,0.0,0.6051113605499268,0.274295836687088,2.5930397510528564,0.0
0,75,None,False,"35,115,77,23,64,113,5,126,8,106",1.0545673370361328,-2.2086915969848633,-1.0737693309783936,-0.856397271156311,7.99946403503418,4.101865291595459,0.03567435219883919,0.0,0.0,0.03567435219883919,0.017008423805236816,0.01866592839360237,0.5598902702331543,0.0,0.7258541584014893,0.2624836564064026,2.5930397510528564,0.0
0,76,None,False,"35,115,77,23,64,113,5,126,8,106",1.0660614967346191,-1.8979934453964233,-1.2152326107025146,-0.7895071506500244,7.999472618103027,4.070910453796387,0.04046745225787163,0.0,0.0,0.04046745225787163,0.027800917625427246,0.012666534632444382,0.5480119585990906,0.0,0.6685855984687805,0.28996503353118896,2.5930397510528564,0.0
0,77,None,False,"35,115,77,23,64,113,5,126,8,106",1.0747498273849487,-1.9405696392059326,-1.1095303297042847,-0.8185974955558777,7.999585151672363,3.4163708686828613,0.023570334538817406,0.0,0.0,0.023570334538817406,0.023672103881835938,-0.0001017693430185318,0.30972546339035034,0.0,0.6314367651939392,0.25558701157569885,2.5930397510528564,0.0
0,78,Schedule,True,"66,43,20,81,54,94,21,46,59,18",1.062137484550476,-1.915395975112915,-0.9568541049957275,-0.8684671521186829,7.999581813812256,3.943929433822632,0.014522617682814598,0.10333333333333332,0.3,-0.3888107240200043,0.015566110610961914,-0.4043768346309662,-3.1930298805236816,-15.88793659210205,0.7459172010421753,0.29541200399398804,2.5930397510528564,0.0
0,79,None,False,"66,43,20,81,54,94,21,46,59,18",1.1161562204360962,-2.2040858268737793,-1.0526071786880493,-0.6811676025390625,7.999353885650635,4.288400173187256,0.0070899007841944695,0.0,0.0,0.0070899007841944695,0.00912320613861084,-0.0020333053544163704,0.21978040039539337,0.0,0.6922876834869385,0.3426874279975891,2.5930397510528564,0.0
0,80,None,False,"66,43,20,81,54,94,21,46,59,18",1.1162118911743164,-1.9332268238067627,-1.1156247854232788,-0.744657576084137,7.999355792999268,5.593127250671387,0.015339684672653675,0.0,0.0,0.015339684672653675,0.009502172470092773,0.005837512202560902,0.24683213233947754,0.0,0.6339978575706482,0.3464580178260803,2.5930397510528564,0.0
0,81,None,False,"66,43,20,81,54,94,21,46,59,18",1.084252119064331,-2.0597071647644043,-0.8917391300201416,-0.7740310430526733,7.999338150024414,5.630239963531494,0.02117910422384739,0.0,0.0,0.02117910422384739,0.005473136901855469,0.01570596732199192,0.49631467461586,0.0,0.6431847810745239,0.2627750039100647,2.5930397510528564,0.0
0,82,None,False,"66,43,20,81,54,94,21,46,59,18",1.0665020942687988,-1.93063485622406,-1.0128822326660156,-0.8138499855995178,7.999557971954346,6.067556381225586,0.016765177249908447,0.0,0.0,0.016765177249908447,0.004057049751281738,0.012708127498626709,0.5110302567481995,0.0,0.6604453325271606,0.2808637022972107,2.5930397510528564,0.0
0,83,None,False,"66,43,20,81,54,94,21,46,59,18",0.952620267868042,-1.888083577156067,-1.3125252723693848,-0.6283471584320068,7.999444961547852,3.4411840438842773,0.010800844058394432,0.0,0.0,0.010800844058394432,0.011199235916137695,-0.00039839185774326324,0.2183491587638855,0.0,0.8755327463150024,0.34290197491645813,2.5930397510528564,0.0
0,84,None,False,"66,43,20,81,54,94,21,46,59,18",1.0410776138305664,-2.0985496044158936,-1.4313948154449463,-0.8196170330047607,7.999233245849609,4.295665740966797,0.009473430924117565,0.0,0.0,0.009473430924117565,0.011242985725402832,-0.0017695548012852669,0.22807736694812775,0.0,0.9951585531234741,0.34679877758026123,2.5930397510528564,0.0
0,85,None,False,"66,43,20,81,54,94,21,46,59,18",1.112489104270935,-2.2125751972198486,-0.9998098611831665,-0.8392241597175598,7.999517917633057,5.074618339538574,0.0013350307708606124,0.0,0.0,0.0013350307708606124,0.0028564929962158203,-0.001521462225355208,0.3819589614868164,0.0,0.8413099050521851,0.3627871870994568,2.5930397510528564,0.0
0,86,None,False,"66,43,20,81,54,94,21,46,59,18",1.0484821796417236,-1.9372518062591553,-0.9606611728668213,-0.7553235292434692,7.999497890472412,3.330103874206543,0.0006821214919909835,0.0,0.0,0.0006821214919909835,0.0018062591552734375,-0.001124137663282454,0.2639274597167969,0.0,0.9041896462440491,0.33859094977378845,2.5930397510528564,0.0
0,87,None,False,"66,43,20,81,54,94,21,46,59,18",1.0189106464385986,-2.2566232681274414,-1.2522220611572266,-0.7843391299247742,7.999399185180664,4.903403282165527,0.01638009026646614,0.0,0.0,0.01638009026646614,0.005572676658630371,0.01080741360783577,0.43987756967544556,0.0,0.8619210124015808,0.32407820224761963,2.5930397510528564,0.0
0,88,None,False,"66,43,20,81,54,94,21,46,59,18",1.0158873796463013,-1.8902559280395508,-1.0696654319763184,-0.9290916919708252,7.999404430389404,5.915430545806885,0.011166912503540516,0.0,0.0,0.011166912503540516,0.004398941993713379,0.006767970509827137,0.442050039768219,0.0,1.0912351608276367,0.3381906747817993,2.5930397510528564,0.0
0,89,None,False,"66,43,20,81,54,94,21,46,59,18",1.0177302360534668,-2.088108777999878,-1.1416020393371582,-0.8494763374328613,7.999614238739014,4.896783351898193,0.00739062437787652,0.0,0.0,0.00739062437787652,-0.0015183687210083008,0.008908992633223534,0.4881679117679596,0.0,1.0128999948501587,0.33916229009628296,2.5930397510528564,0.0
0,90,None,False,"66,43,20,81,54,94,21,46,59,18",1.0805487632751465,-1.952634572982788,-1.0915861129760742,-0.9971993565559387,7.9994707107543945,3.8374667167663574,0.013085240498185158,0.0,0.0,0.013085240498185158,0.006647944450378418,0.00643729604780674,0.505774736404419,0.0,1.0988085269927979,0.4059044122695923,2.5930397510528564,0.0
0,91,None,False,"66,43,20,81,54,94,21,46,59,18",1.022801160812378,-2.3516852855682373,-1.511193871498108,-0.7735007405281067,7.999297142028809,6.365374565124512,0.008929205127060413,0.0,0.0,0.008929205127060413,0.0070334672927856445,0.0018957378342747688,0.4190811514854431,0.0,1.1732600927352905,0.4142228066921234,2.5930397510528564,0.0
0,92,Schedule,True,"29,77,48,63,9,128,54,102,7,98",1.0655393600463867,-1.9987602233886719,-0.9558829665184021,-0.880382776260376,7.999604225158691,6.510239601135254,-0.013471156358718872,0.09299999753634133,0.26999999284744264,-0.3764711618423462,-0.0009615421295166016,-0.3755096197128296,-2.5811822414398193,-12.85936450958252,1.003584623336792,0.4086485505104065,2.5930397510528564,0.0
0,93,None,False,"29,77,48,63,9,128,54,102,7,98",1.1562377214431763,-1.9768869876861572,-1.007660150527954,-0.683748722076416,7.999373435974121,4.996513843536377,-0.013902431353926659,0.0,0.0,-0.013902431353926659,-0.0026592016220092773,-0.011243229731917381,0.1489880383014679,0.0,1.1500166654586792,0.46527427434921265,2.5930397510528564,0.0
0,94,None,False,"29,77,48,63,9,128,54,102,7,98",1.04120934009552,-2.029390811920166,-1.1331497430801392,-0.9460880756378174,7.999487400054932,6.005364894866943,-0.02107422426342964,0.0,0.0,-0.02107422426342964,-0.009316205978393555,-0.011758018285036087,0.2190820276737213,0.0,1.063211441040039,0.4548785984516144,2.5930397510528564,0.0
0,95,None,False,"29,77,48,63,9,128,54,102,7,98",1.1350409984588623,-2.222846508026123,-1.0617417097091675,-0.797834038734436,7.999309539794922,7.323574542999268,-0.025654714554548264,0.0,0.0,-0.025654714554548264,-0.024122655391693115,-0.0015320591628551483,0.5536317825317383,0.0,1.1408334970474243,0.47167110443115234,2.5930397510528564,0.0
0,96,None,False,"29,77,48,63,9,128,54,102,7,98",1.046259880065918,-1.9512308835983276,-0.9996694326400757,-0.881294310092926,7.999533176422119,6.477071285247803,-0.0218255165964365,0.0,0.0,-0.0218255165964365,-0.022385001182556152,0.0005594845861196518,0.4248107671737671,0.0,1.0263596773147583,0.5669301748275757,2.5930397510528564,0.0
0,97,None,False,"29,77,48,63,9,128,54,102,7,98",1.0811620950698853,-2.519853353500366,-1.2265386581420898,-0.7226824760437012,7.9993815422058105,4.530288219451904,-0.006154126022011042,0.0,0.0,-0.006154126022011042,-0.009826838970184326,0.0036727129481732845,0.33170944452285767,0.0,1.0559368133544922,0.4507744014263153,2.5930397510528564,0.0
0,98,None,False,"29,77,48,63,9,128,54,102,7,98",1.1167182922363281,-2.022345781326294,-0.8825827836990356,-0.8913277387619019,7.99951696395874,5.495589256286621,-0.004582029767334461,0.0,0.0,-0.004582029767334461,-0.012758016586303711,0.00817598681896925,0.441770076751709,0.0,0.9905061721801758,0.4765332341194153,2.5930397510528564,0.0
0,99,None,False,"29,77,48,63,9,128,54,102,7,98",1.0892460346221924,-1.885835886001587,-1.2249360084533691,-0.7836159467697144,7.999545097351074,3.924221992492676,-0.0006530165555886924,0.0,0.0,-0.0006530165555886924,-0.0033302903175354004,0.002677273703739047,0.3703097701072693,0.0,0.957301139831543,0.4186244010925293,2.5930397510528564,0.0
0,100,Struct Break (DC),True,"77,31,73,43,83,105,84,114,76,36",1.0974736213684082,-1.5528903007507324,-0.9729571342468262,-0.9680842757225037,7.999608039855957,2.6521427631378174,0.01188632845878601,0.09299999753634133,0.26999999284744264,-0.3511136770248413,0.003488302230834961,-0.35460197925567627,-2.3163769245147705,-11.54548168182373,1.0024828910827637,0.43242311477661133,2.5930397510528564,0.0
0,101,None,False,"77,31,73,43,83,105,84,114,76,36",1.061920166015625,-1.8571248054504395,-1.099346399307251,-0.8609145283699036,7.999561309814453,3.7549703121185303,0.00755839329212904,0.0,0.0,0.00755839329212904,-0.0020132064819335938,0.009571599774062634,0.3306187391281128,0.0,1.0694760084152222,0.4824184775352478,2.5930397510528564,0.0
0,102,None,False,"77,31,73,43,83,105,84,114,76,36",1.038493275642395,-2.0915796756744385,-0.9720304012298584,-0.9727816581726074,7.999580383300781,4.789405822753906,-0.0010384678607806563,0.0,0.0,-0.0010384678607806563,-0.00047528743743896484,-0.0005631804233416915,0.3383179008960724,0.0,1.0796648263931274,0.4963616132736206,2.5930397510528564,0.0
0,103,None,False,"77,31,73,43,83,105,84,114,76,36",1.101130723953247,-1.7956421375274658,-0.9807428121566772,-0.9293813705444336,7.999526500701904,4.015904426574707,0.009215259924530983,0.0,0.0,0.009215259924530983,0.014002442359924316,-0.0047871824353933334,0.3117527961730957,0.0,0.7929486036300659,0.4614582657814026,2.5930397510528564,0.0
0,104,None,False,"77,31,73,43,83,105,84,114,76,36",1.0166319608688354,-1.872069001197815,-1.2897906303405762,-0.7738056182861328,7.9993367195129395,4.581981658935547,-0.008179688826203346,0.0,0.0,-0.008179688826203346,0.012392759323120117,-0.020572448149323463,0.35862046480178833,0.0,0.8185163736343384,0.40966537594795227,2.5930397510528564,0.0
0,105,None,False,"77,31,73,43,83,105,84,114,76,36",1.1026655435562134,-2.0522305965423584,-1.1329089403152466,-0.836822509765625,7.999502658843994,5.377882480621338,-0.009201914072036743,0.0,0.0,-0.009201914072036743,0.020910978317260742,-0.030112892389297485,0.4191296398639679,0.0,0.8200219869613647,0.4093802571296692,2.5930397510528564,0.0
0,106,None,False,"77,31,73,43,83,105,84,114,76,36",1.0796455144882202,-1.972261667251587,-1.1385023593902588,-0.7977793216705322,7.999622344970703,3.924715995788574,0.003933030180633068,0.0,0.0,0.003933030180633068,0.024500489234924316,-0.020567458122968674,0.31162938475608826,0.0,0.8301717042922974,0.397090345621109,2.5930397510528564,0.0
0,107,None,False,"77,31,73,43,83,105,84,114,76,36",1.0525834560394287,-2.1340253353118896,-0.9318481683731079,-0.9065344929695129,7.999626636505127,4.080342769622803,0.0030894458759576082,0.0,0.0,0.0030894458759576082,0.020259499549865723,-0.017170052975416183,0.19020043313503265,0.0,0.8101325035095215,0.32210883498191833,2.5930397510528564,0.0
0,108,None,False,"77,31,73,43,83,105,84,114,76,36",1.0918470621109009,-1.9756841659545898,-1.1983999013900757,-0.892242968082428,7.999467372894287,5.534273624420166,0.006154912523925304,0.0,0.0,0.006154912523925304,0.016449689865112305,-0.010294777341187,0.063872791826725,0.0,0.8148467540740967,0.3389625549316406,2.5930397510528564,0.0
0,109,None,False,"77,31,73,43,83,105,84,114,76,36",1.1382701396942139,-1.9805777072906494,-0.9808326959609985,-0.993107795715332,7.9994025230407715,5.93279504776001,0.031982798129320145,0.0,0.0,0.031982798129320145,0.03040170669555664,0.001581091433763504,0.35479021072387695,0.0,0.7309932708740234,0.4000706374645233,2.5930397510528564,0.0
0,110,None,False,"77,31,73,43,83,105,84,114,76,36",1.1097794771194458,-2.169142246246338,-1.16238534450531,-0.89087975025177,7.999576568603516,4.823051452636719,0.03345993161201477,0.0,0.0,0.03345993161201477,0.03037583827972412,0.0030840933322906494,0.3951120376586914,0.0,0.7589936256408691,0.34273990988731384,2.5930397510528564,0.0
0,111,None,False,"77,31,73,43,83,105,84,114,76,36",1.0823923349380493,-1.928006649017334,-1.1255897283554077,-0.9488446712493896,7.999587535858154,4.32319974899292,0.03128911182284355,0.0,0.0,0.03128911182284355,0.029688239097595215,0.0016008727252483368,0.32719317078590393,0.0,0.9197778105735779,0.37122735381126404,2.5930397510528564,0.0
0,112,None,False,"77,31,73,43,83,105,84,114,76,36",1.1219511032104492,-2.2018513679504395,-1.153665542602539,-0.8682623505592346,7.999544143676758,4.237729549407959,0.026950985193252563,0.0,0.0,0.026950985193252563,0.033661723136901855,-0.006710737943649292,0.27556684613227844,0.0,0.9325241446495056,0.3427548110485077,2.5930397510528564,0.0
0,113,None,False,"77,31,73,43,83,105,84,114,76,36",1.1062684059143066,-1.934012770652771,-1.234679937362671,-0.9006692171096802,7.999451160430908,3.744396209716797,0.032471317797899246,0.0,0.0,0.032471317797899246,0.04076051712036133,-0.008289199322462082,0.39804989099502563,0.0,0.931502640247345,0.3400871753692627,2.5930397510528564,0.0
0,114,Schedule,True,"24,54,25,60,103,124,78,76,77,51",1.042705774307251,-1.749245047569275,-1.1868211030960083,-0.637506902217865,7.9993896484375,5.155737400054932,0.022926753386855125,0.08266666789849599,0.24000000357627868,-0.29973992705345154,0.023769617080688477,-0.32350954413414,-2.564662218093872,-12.79523754119873,0.9682027101516724,0.3276490867137909,2.5930397510528564,0.0
0,115,None,False,"24,54,25,60,103,124,78,76,77,51",1.0263912677764893,-2.047133684158325,-1.1443208456039429,-0.8022227883338928,7.999535083770752,5.065356254577637,0.01788095198571682,0.0,0.0,0.01788095198571682,0.021952509880065918,-0.004071557894349098,0.3731188178062439,0.0,0.8024810552597046,0.3298162817955017,2.5930397510528564,0.0
0,116,None,False,"24,54,25,60,103,124,78,76,77,51",1.1515591144561768,-1.9350868463516235,-1.0761686563491821,-1.116178035736084,7.999460220336914,6.037505626678467,0.013027560897171497,0.0,0.0,0.013027560897171497,0.011499404907226562,0.0015281559899449348,0.45873022079467773,0.0,0.9384554028511047,0.32671546936035156,2.5930397510528564,0.0
0,117,None,False,"24,54,25,60,103,124,78,76,77,51",0.9878829717636108,-2.027268648147583,-1.1614530086517334,-0.7974469661712646,7.999430179595947,6.555305004119873,0.013973891735076904,0.0,0.0,0.013973891735076904,0.011912226676940918,0.0020616650581359863,0.2463984340429306,0.0,1.1517349481582642,0.3444858491420746,2.5930397510528564,0.0
0,118,None,False,"24,54,25,60,103,124,78,76,77,51",1.112772822380066,-2.0274672508239746,-1.1176762580871582,-0.6871418356895447,7.999467372894287,4.171913146972656,-0.0007580936071462929,0.0,0.0,-0.0007580936071462929,0.004590034484863281,-0.005348128266632557,0.39552822709083557,0.0,0.9610262513160706,0.34696462750434875,2.5930397510528564,0.0
0,119,None,False,"24,54,25,60,103,124,78,76,77,51",1.1009467840194702,-2.1886894702911377,-1.2042382955551147,-0.6853071451187134,7.999441146850586,3.643386125564575,0.009793984703719616,0.0,0.0,0.009793984703719616,0.004304409027099609,0.0054895756766200066,0.513428270816803,0.0,0.8944587707519531,0.3406682014465332,2.5930397510528564,0.0
0,120,None,False,"24,54,25,60,103,124,78,76,77,51",1.0714855194091797,-2.052734375,-0.9351043701171875,-0.9989132881164551,7.999485492706299,4.8557562828063965,0.031475793570280075,0.0,0.0,0.031475793570280075,0.011382818222045898,0.020092975348234177,0.49816426634788513,0.0,0.7304069995880127,0.3281206488609314,2.5930397510528564,0.0
0,121,None,False,"24,54,25,60,103,124,78,76,77,51",1.1266729831695557,-1.972416877746582,-0.8964282870292664,-0.6292803287506104,7.999412536621094,5.18682861328125,0.03942849114537239,0.0,0.0,0.03942849114537239,0.028179168701171875,0.011249322444200516,0.42066940665245056,0.0,0.8006650805473328,0.38975951075553894,2.5930397510528564,0.0
0,122,None,False,"24,54,25,60,103,124,78,76,77,51",1.0966585874557495,-1.6722840070724487,-0.8500915765762329,-0.8903710842132568,7.999465465545654,5.244901657104492,0.020142395049333572,0.0,0.0,0.020142395049333572,0.022061705589294434,-0.0019193105399608612,0.3596275746822357,0.0,0.6336967945098877,0.32926708459854126,2.5930397510528564,0.0
0,123,None,False,"24,54,25,60,103,124,78,76,77,51",1.093587040901184,-2.0197980403900146,-1.093151569366455,-0.813373327255249,7.9995293617248535,3.0426676273345947,0.02999408170580864,0.0,0.0,0.02999408170580864,0.02290356159210205,0.007090520113706589,0.3159363269805908,0.0,0.6167211532592773,0.2765013575553894,2.5930397510528564,0.0
0,124,None,False,"24,54,25,60,103,124,78,76,77,51",0.9442793130874634,-2.2794578075408936,-1.0788352489471436,-0.9543546438217163,7.999472618103027,4.355384826660156,0.010509401559829712,0.0,0.0,0.010509401559829712,0.014943480491638184,-0.004434078931808472,0.13525165617465973,0.0,0.8147811889648438,0.3545079827308655,2.5930397510528564,0.0
0,125,None,False,"24,54,25,60,103,124,78,76,77,51",1.0783929824829102,-2.2744386196136475,-1.480189323425293,-0.6131874322891235,7.99929141998291,5.282606601715088,0.005538314580917358,0.0,0.0,0.005538314580917358,0.005183577537536621,0.0003547370433807373,0.2604908347129822,0.0,0.7276476621627808,0.3319361209869385,2.5930397510528564,0.0
0,126,None,False,"24,54,25,60,103,124,78,76,77,51",1.1173077821731567,-2.210439682006836,-1.153676152229309,-0.9738032817840576,7.999457359313965,6.520252704620361,7.106065459083766e-05,0.0,0.0,7.106065459083766e-05,0.0015915632247924805,-0.0015205026138573885,0.22633206844329834,0.0,0.7831251621246338,0.2790200710296631,2.5930397510528564,0.0
0,127,None,False,"24,54,25,60,103,124,78,76,77,51",1.0516623258590698,-2.008587598800659,-1.0892415046691895,-0.711269736289978,7.999293804168701,4.8462677001953125,0.0015956342685967684,0.0,0.0,0.0015956342685967684,0.0036797523498535156,-0.0020841180812567472,0.4812338948249817,0.0,0.8693903684616089,0.27089887857437134,2.5930397510528564,0.0
0,0,Schedule | Regime Shift (Initial),True,"29,120,47,137,112,12,52,21,77,94",1.0736569166183472,-1.886300802230835,-0.8947614431381226,-0.9485193490982056,7.999295711517334,4.9265899658203125,-0.015561675652861595,0.0,0.0,-0.015561675652861595,-0.00790029764175415,-0.007661378011107445,-0.28065794706344604,-1.4435625076293945,0.9940934777259827,0.37560799717903137,2.2769696712493896,0.0
0,1,None,False,"29,120,47,137,112,12,52,21,77,94",1.0090746879577637,-2.2504398822784424,-1.038764476776123,-0.7661662101745605,7.998961925506592,5.3960442543029785,-0.020729178562760353,0.0,0.0,-0.020729178562760353,-0.010489284992218018,-0.010239893570542336,0.0691007450222969,0.0,1.0438933372497559,0.45692601799964905,2.2769696712493896,0.0
0,2,None,False,"29,120,47,137,112,12,52,21,77,94",1.059183955192566,-1.9499452114105225,-1.0523407459259033,-0.8025401830673218,7.999139308929443,6.314250946044922,-0.0014552951324731112,0.0,0.0,-0.0014552951324731112,-0.0015211701393127441,6.587500683963299e-05,0.18654310703277588,0.0,1.185534954071045,0.2841917872428894,2.2769696712493896,0.0
0,3,None,False,"29,120,47,137,112,12,52,21,77,94",1.0778284072875977,-1.901107668876648,-0.9357895851135254,-1.069451928138733,7.999321937561035,4.341553211212158,0.0344284251332283,0.0,0.0,0.0344284251332283,0.01766979694366455,0.01675862818956375,0.4900551438331604,0.0,1.2044357061386108,0.3063192665576935,2.2769696712493896,0.0
0,4,None,False,"29,120,47,137,112,12,52,21,77,94",1.0114896297454834,-1.990675687789917,-1.1400816440582275,-0.7294955253601074,7.999238014221191,3.771261692047119,0.04669738933444023,0.0,0.0,0.04669738933444023,0.025389671325683594,0.021307718008756638,0.5663618445396423,0.0,1.0937259197235107,0.29029133915901184,2.2769696712493896,0.0
0,5,None,False,"29,120,47,137,112,12,52,21,77,94",1.098449468612671,-2.061124801635742,-1.1119565963745117,-0.8063206076622009,7.999115467071533,4.842684745788574,0.025581438094377518,0.0,0.0,0.025581438094377518,0.012202262878417969,0.013379175215959549,0.382352352142334,0.0,1.0640333890914917,0.30620795488357544,2.2769696712493896,0.0
0,6,None,False,"29,120,47,137,112,12,52,21,77,94",1.068845510482788,-2.272737741470337,-1.2567119598388672,-0.7751718163490295,7.998927593231201,5.393435001373291,0.016825944185256958,0.0,0.0,0.016825944185256958,0.004654645919799805,0.012171298265457153,0.44247007369995117,0.0,0.9376484155654907,0.295822411775589,2.2769696712493896,0.0
0,7,None,False,"29,120,47,137,112,12,52,21,77,94",1.0614510774612427,-1.7815227508544922,-0.6775267124176025,-1.0421313047409058,7.999295234680176,5.344139099121094,-0.00904536247253418,0.0,0.0,-0.00904536247253418,-0.0013818740844726562,-0.0076634883880615234,0.2176292985677719,0.0,0.9317095279693604,0.31790968775749207,2.2769696712493896,0.0
0,8,None,False,"29,120,47,137,112,12,52,21,77,94",1.0690110921859741,-1.8771393299102783,-0.8560395836830139,-0.8134931325912476,7.999351978302002,5.484804630279541,-0.01855219528079033,0.0,0.0,-0.01855219528079033,-0.008931636810302734,-0.009620558470487595,0.10983628034591675,0.0,0.933123767375946,0.30875352025032043,2.2769696712493896,0.0
0,9,None,False,"29,120,47,137,112,12,52,21,77,94",1.0152894258499146,-1.8963085412979126,-0.8456907272338867,-0.8424557447433472,7.999317169189453,5.159818172454834,-0.020957523956894875,0.0,0.0,-0.020957523956894875,-0.004313468933105469,-0.016644055023789406,-0.16413511335849762,0.0,0.814211368560791,0.3145517110824585,2.2769696712493896,0.0
0,10,None,False,"29,120,47,137,112,12,52,21,77,94",0.9380984306335449,-2.016068696975708,-1.0523085594177246,-0.8060059547424316,7.9993510246276855,4.093708038330078,-0.021701615303754807,0.0,0.0,-0.021701615303754807,-0.005433440208435059,-0.016268175095319748,0.04036073014140129,0.0,0.7111750841140747,0.32525408267974854,2.2769696712493896,0.0
0,11,None,False,"29,120,47,137,112,12,52,21,77,94",1.0632699728012085,-2.174247980117798,-1.0492749214172363,-0.8340789079666138,7.999022006988525,5.018458843231201,0.005674439482390881,0.0,0.0,0.005674439482390881,0.0027464628219604492,0.0029279766604304314,0.11845932900905609,0.0,0.8068302273750305,0.2889791429042816,2.2769696712493896,0.0
0,12,None,False,"29,120,47,137,112,12,52,21,77,94",1.0591202974319458,-1.874915361404419,-0.91932612657547,-0.9161033630371094,7.999269962310791,5.017806053161621,0.016142606735229492,0.0,0.0,0.016142606735229492,0.007449626922607422,0.00869297981262207,0.16207355260849,0.0,0.7241212725639343,0.3171005845069885,2.2769696712493896,0.0
0,13,None,False,"29,120,47,137,112,12,52,21,77,94",1.053720235824585,-1.9134116172790527,-0.9245273470878601,-0.9271245002746582,7.9993696212768555,3.767103672027588,0.1231963038444519,0.0,0.0,0.1231963038444519,0.031407952308654785,0.09178835153579712,1.1077262163162231,0.0,0.7851422429084778,0.36769312620162964,2.2769696712493896,0.0
0,14,Schedule,True,"26,137,75,25,2,71,40,21,100,58",1.0832575559616089,-1.9230690002441406,-0.9302354454994202,-1.0352106094360352,7.999590873718262,3.5421085357666016,0.1309410035610199,0.08266666789849599,0.24000000357627868,-0.19172567129135132,0.03394210338592529,-0.2256677746772766,-0.1810247302055359,-0.9478357434272766,0.7730168104171753,0.375882089138031,2.2769696712493896,0.0
0,15,None,False,"26,137,75,25,2,71,40,21,100,58",1.0990056991577148,-1.8642524480819702,-1.0873212814331055,-0.8385152816772461,7.9993414878845215,3.254882574081421,0.13835647702217102,0.0,0.0,0.13835647702217102,0.03475141525268555,0.10360506176948547,3.767237901687622,0.0,0.7902741432189941,0.315321683883667,2.2769696712493896,0.0
0,16,None,False,"26,137,75,25,2,71,40,21,100,58",1.0757274627685547,-2.05997633934021,-0.9525817632675171,-0.7891495227813721,7.999195575714111,4.141700267791748,0.12778586149215698,0.0,0.0,0.12778586149215698,0.030156850814819336,0.09762901067733765,1.3618820905685425,0.0,0.7405071258544922,0.30067211389541626,2.2769696712493896,0.0
0,17,None,False,"26,137,75,25,2,71,40,21,100,58",1.1045598983764648,-1.991958737373352,-1.0003106594085693,-1.0865459442138672,7.999244689941406,6.325537204742432,0.11910855770111084,0.0,0.0,0.11910855770111084,0.02871537208557129,0.09039318561553955,0.9901830554008484,0.0,0.8023642897605896,0.28560423851013184,2.2769696712493896,0.0
0,18,None,False,"26,137,75,25,2,71,40,21,100,58",1.0737743377685547,-2.0375401973724365,-1.1132545471191406,-0.7409968972206116,7.999209403991699,5.579771518707275,0.015128254890441895,0.0,0.0,0.015128254890441895,0.005548715591430664,0.00957953929901123,0.42193612456321716,0.0,0.8696454167366028,0.34922510385513306,2.2769696712493896,0.0
0,19,None,False,"26,137,75,25,2,71,40,21,100,58",0.9699679017066956,-2.198793649673462,-1.2447526454925537,-0.901506245136261,7.999186992645264,5.178887844085693,0.0009470403310842812,0.0,0.0,0.0009470403310842812,0.010553240776062012,-0.009606200270354748,0.13440272212028503,0.0,1.0557242631912231,0.4616149067878723,2.2769696712493896,0.0
0,20,None,False,"26,137,75,25,2,71,40,21,100,58",1.0600781440734863,-2.0347633361816406,-1.0314170122146606,-0.8341453075408936,7.999294281005859,5.02066707611084,-0.003541195299476385,0.0,0.0,-0.003541195299476385,0.009955525398254395,-0.013496721163392067,0.11055562645196915,0.0,0.9171007871627808,0.4282037317752838,2.2769696712493896,0.0
0,21,None,False,"26,137,75,25,2,71,40,21,100,58",1.1563563346862793,-2.019941568374634,-1.0023430585861206,-0.7896782159805298,7.9991984367370605,4.642935276031494,-0.000376152980607003,0.0,0.0,-0.000376152980607003,0.010578632354736328,-0.010954785160720348,0.05047096684575081,0.0,0.92078697681427,0.3281998038291931,2.2769696712493896,0.0
0,22,None,False,"26,137,75,25,2,71,40,21,100,58",1.0101913213729858,-2.3899483680725098,-0.8333126306533813,-1.2808289527893066,7.999441623687744,6.714366912841797,-0.012428170070052147,0.0,0.0,-0.012428170070052147,-0.0022149085998535156,-0.010213261470198631,0.04346394166350365,0.0,0.865271806716919,0.4500024616718292,2.2769696712493896,0.0
0,23,None,False,"26,137,75,25,2,71,40,21,100,58",1.0749995708465576,-1.9690136909484863,-1.0481436252593994,-0.8495954275131226,7.999210834503174,5.735696792602539,-0.012719154357910156,0.0,0.0,-0.012719154357910156,-0.0009557604789733887,-0.011763393878936768,0.21564026176929474,0.0,0.8035489320755005,0.37164950370788574,2.2769696712493896,0.0
0,24,None,False,"26,137,75,25,2,71,40,21,100,58",1.1174908876419067,-1.8506523370742798,-0.755315363407135,-1.264328956604004,7.999338626861572,4.527445316314697,-0.025317197665572166,0.0,0.0,-0.025317197665572166,-0.014088034629821777,-0.011229163035750389,0.14343328773975372,0.0,0.8079001307487488,0.29344063997268677,2.2769696712493896,0.0
0,25,None,False,"26,137,75,25,2,71,40,21,100,58",1.0731700658798218,-1.9515678882598877,-0.8198294043540955,-1.2226301431655884,7.999439239501953,4.863463401794434,-0.027486782521009445,0.0,0.0,-0.027486782521009445,-0.017726778984069824,-0.009760003536939621,0.04709509387612343,0.0,0.6723986864089966,0.313717246055603,2.2769696712493896,0.0
0,26,None,False,"26,137,75,25,2,71,40,21,100,58",1.040482759475708,-2.1604490280151367,-0.9308648109436035,-1.0002628564834595,7.99922513961792,3.8473763465881348,-0.02271801233291626,0.0,0.0,-0.02271801233291626,-0.011887013912200928,-0.010830998420715332,0.011704149655997753,0.0,0.6919160485267639,0.3552069664001465,2.2769696712493896,0.0
0,27,None,False,"26,137,75,25,2,71,40,21,100,58",0.9177303314208984,-2.190683603286743,-1.1012654304504395,-0.9538221955299377,7.999209880828857,5.672245025634766,-0.00983249582350254,0.0,0.0,-0.00983249582350254,-0.003258049488067627,-0.006574446335434914,0.2523748576641083,0.0,0.8751883506774902,0.31514838337898254,2.2769696712493896,0.0
0,28,Schedule,True,"81,75,43,89,24,119,32,70,129,48",1.051540493965149,-1.9580974578857422,-1.040103554725647,-1.0133183002471924,7.999378204345703,5.370349407196045,0.01584681309759617,0.09299999753634133,0.26999999284744264,-0.3471531867980957,0.0035430192947387695,-0.3506962060928345,-0.9452617764472961,-4.738481044769287,0.9151004552841187,0.3786051869392395,2.2769696712493896,0.0
0,29,None,False,"81,75,43,89,24,119,32,70,129,48",1.0689893960952759,-1.9219752550125122,-1.0792036056518555,-0.955013632774353,7.99924898147583,4.28905725479126,0.0524919256567955,0.0,0.0,0.0524919256567955,0.020305156707763672,0.03218676894903183,0.7423611879348755,0.0,0.9270593523979187,0.35057008266448975,2.2769696712493896,0.0
0,30,None,False,"81,75,43,89,24,119,32,70,129,48",0.9915940165519714,-2.1094138622283936,-1.2005648612976074,-0.6436429023742676,7.998863220214844,6.685874938964844,0.05410658195614815,0.0,0.0,0.05410658195614815,0.03184378147125244,0.022262800484895706,0.5791586637496948,0.0,0.8206607103347778,0.29624664783477783,2.2769696712493896,0.0
0,31,None,False,"81,75,43,89,24,119,32,70,129,48",0.9545024037361145,-2.02986741065979,-0.8718835711479187,-1.0013035535812378,7.9995808601379395,5.737154960632324,0.044465504586696625,0.0,0.0,0.044465504586696625,0.027257204055786133,0.017208300530910492,0.4837382137775421,0.0,0.7240848541259766,0.2999641001224518,2.2769696712493896,0.0
0,32,None,False,"81,75,43,89,24,119,32,70,129,48",1.0150485038757324,-2.3215553760528564,-1.1517958641052246,-0.9053720235824585,7.99910831451416,5.75001859664917,0.04303831607103348,0.0,0.0,0.04303831607103348,0.02784121036529541,0.015197105705738068,0.5924956202507019,0.0,0.5902814269065857,0.31761491298675537,2.2769696712493896,0.0
0,33,None,False,"81,75,43,89,24,119,32,70,129,48",1.0709916353225708,-2.075835943222046,-1.0215859413146973,-0.8641659021377563,7.999316692352295,4.862126350402832,0.0372421070933342,0.0,0.0,0.0372421070933342,0.02398681640625,0.013255290687084198,0.4939897656440735,0.0,0.5228313207626343,0.3249746859073639,2.2769696712493896,0.0
0,34,None,False,"81,75,43,89,24,119,32,70,129,48",1.060560941696167,-2.0672526359558105,-0.8458681106567383,-0.8801528215408325,7.999485969543457,4.168221950531006,0.013867855072021484,0.0,0.0,0.013867855072021484,0.018419742584228516,-0.004551887512207031,0.1719215363264084,0.0,0.5910733938217163,0.3103407025337219,2.2769696712493896,0.0
0,35,None,False,"81,75,43,89,24,119,32,70,129,48",1.026440978050232,-1.9001848697662354,-0.9104071259498596,-0.9687268137931824,7.9993133544921875,3.9039671421051025,0.019972896203398705,0.0,0.0,0.019972896203398705,0.016434311866760254,0.0035385843366384506,-0.09000948071479797,0.0,0.6331848502159119,0.29739871621131897,2.2769696712493896,0.0
0,36,None,False,"81,75,43,89,24,119,32,70,129,48",0.9110512137413025,-2.4896488189697266,-1.019468903541565,-0.8617631793022156,7.998967170715332,7.17147159576416,0.0284956693649292,0.0,0.0,0.0284956693649292,0.021541595458984375,0.006954073905944824,0.21496668457984924,0.0,0.6194804310798645,0.31516215205192566,2.2769696712493896,0.0
0,37,None,False,"81,75,43,89,24,119,32,70,129,48",1.0960932970046997,-1.856540322303772,-1.0224242210388184,-1.0851463079452515,7.999147891998291,6.731930255889893,0.033541690558195114,0.0,0.0,0.033541690558195114,0.033011794090270996,0.000529896467924118,0.30305907130241394,0.0,0.6531017422676086,0.31889697909355164,2.2769696712493896,0.0
0,38,None,False,"81,75,43,89,24,119,32,70,129,48",0.9928170442581177,-1.7373498678207397,-0.8482397794723511,-0.856116533279419,7.999227046966553,5.474412441253662,0.03396139666438103,0.0,0.0,0.03396139666438103,0.02772533893585205,0.0062360577285289764,0.35354816913604736,0.0,0.5896154046058655,0.2828037142753601,2.2769696712493896,0.0
0,39,None,False,"81,75,43,89,24,119,32,70,129,48",1.085137963294983,-2.1166069507598877,-1.098034381866455,-0.9327073097229004,7.999143600463867,5.290198802947998,0.034129656851291656,0.0,0.0,0.034129656851291656,0.03064417839050293,0.003485478460788727,0.27229931950569153,0.0,0.5458695888519287,0.3256909251213074,2.2769696712493896,0.0
0,40,None,False,"81,75,43,89,24,119,32,70,129,48",1.0836808681488037,-1.8631385564804077,-0.835635244846344,-1.0386162996292114,7.999388217926025,4.769634246826172,0.023215526714920998,0.0,0.0,0.023215526714920998,0.019495368003845215,0.0037201587110757828,0.6020151376724243,0.0,0.6272944211959839,0.2467755377292633,2.2769696712493896,0.0
0,41,None,False,"81,75,43,89,24,119,32,70,129,48",1.0406508445739746,-1.6904082298278809,-0.9201123714447021,-1.076225996017456,7.9993391036987305,3.4450302124023438,0.024458546191453934,0.0,0.0,0.024458546191453934,0.020432472229003906,0.0040260739624500275,0.3418685793876648,0.0,0.5768427848815918,0.2664307951927185,2.2769696712493896,0.0
0,42,Schedule,True,"72,33,122,34,51,70,30,36,54,80",0.9742353558540344,-2.1375205516815186,-0.8649901747703552,-1.0549452304840088,7.999678134918213,4.803116321563721,0.015017693862318993,0.09299999753634133,0.26999999284744264,-0.3479823172092438,0.02043449878692627,-0.36841681599617004,-1.3187953233718872,-6.591285705566406,0.5552139282226562,0.23385322093963623,2.2769696712493896,0.0
0,43,None,False,"72,33,122,34,51,70,30,36,54,80",1.089066982269287,-1.9597439765930176,-1.0814132690429688,-1.030718207359314,7.999192237854004,5.464145660400391,0.032199304550886154,0.0,0.0,0.032199304550886154,0.030266284942626953,0.001933019608259201,0.20477493107318878,0.0,0.49265873432159424,0.2345951795578003,2.2769696712493896,0.0
0,44,None,False,"72,33,122,34,51,70,30,36,54,80",0.9972332119941711,-2.0125527381896973,-1.2239981889724731,-0.8256740570068359,7.999496936798096,5.074433326721191,0.0235078576952219,0.0,0.0,0.0235078576952219,0.02102077007293701,0.0024870876222848892,0.20436711609363556,0.0,0.6550137996673584,0.2419053018093109,2.2769696712493896,0.0
0,45,None,False,"72,33,122,34,51,70,30,36,54,80",1.0580699443817139,-1.9298224449157715,-0.9479115009307861,-0.7818560600280762,7.99922513961792,4.5093607902526855,0.02387126162648201,0.0,0.0,0.02387126162648201,0.023798108100891113,7.31535255908966e-05,0.30840858817100525,0.0,0.6372403502464294,0.2497447431087494,2.2769696712493896,0.0
0,46,None,False,"72,33,122,34,51,70,30,36,54,80",1.0517147779464722,-2.249110221862793,-0.9621084928512573,-0.9225513935089111,7.999222755432129,5.3049492835998535,0.00867551565170288,0.0,0.0,0.00867551565170288,0.010439157485961914,-0.0017636418342590332,0.44409433007240295,0.0,0.6371805667877197,0.23278099298477173,2.2769696712493896,0.0
0,47,None,False,"72,33,122,34,51,70,30,36,54,80",0.9950754046440125,-1.9730409383773804,-1.0696594715118408,-0.7061401605606079,7.999221324920654,4.876361846923828,0.0009587287786416709,0.0,0.0,0.0009587287786416709,0.004201531410217285,-0.0032428025733679533,0.1842239797115326,0.0,0.8104386329650879,0.32780808210372925,2.2769696712493896,0.0
0,48,None,False,"72,33,122,34,51,70,30,36,54,80",1.080605149269104,-2.0062131881713867,-0.9267899394035339,-0.8644706010818481,7.999303817749023,4.0887603759765625,-0.021157223731279373,0.0,0.0,-0.021157223731279373,-0.01209867000579834,-0.009058553725481033,0.018254276365041733,0.0,0.6807292699813843,0.3122929632663727,2.2769696712493896,0.0
0,49,None,False,"72,33,122,34,51,70,30,36,54,80",1.1084026098251343,-2.2197022438049316,-1.0892314910888672,-0.9770808219909668,7.999320983886719,3.421870231628418,-0.021906476467847824,0.0,0.0,-0.021906476467847824,-0.011439383029937744,-0.01046709343791008,0.10898585617542267,0.0,0.796761155128479,0.2954244613647461,2.2769696712493896,0.0
0,50,None,False,"72,33,122,34,51,70,30,36,54,80",1.0735998153686523,-2.0921640396118164,-1.108435869216919,-0.7475661039352417,7.999068737030029,4.689021110534668,-0.021527672186493874,0.0,0.0,-0.021527672186493874,-0.008724629878997803,-0.01280304230749607,-0.031109999865293503,0.0,0.8155879378318787,0.32762959599494934,2.2769696712493896,0.0
0,51,None,False,"72,33,122,34,51,70,30,36,54,80",1.0290896892547607,-1.8938473463058472,-1.0322985649108887,-0.8469670414924622,7.999454498291016,3.4149553775787354,-0.0010056734317913651,0.0,0.0,-0.0010056734317913651,-0.00025773048400878906,-0.0007479429477825761,0.4432789087295532,0.0,0.7638170719146729,0.30777132511138916,2.2769696712493896,0.0
0,52,None,False,"72,33,122,34,51,70,30,36,54,80",1.0067718029022217,-1.8352916240692139,-1.2080652713775635,-0.9868993759155273,7.999042987823486,4.653595924377441,0.019181877374649048,0.0,0.0,0.019181877374649048,0.0006014108657836914,0.018580466508865356,0.5037374496459961,0.0,0.7595890164375305,0.3872344493865967,2.2769696712493896,0.0
0,53,None,False,"72,33,122,34,51,70,30,36,54,80",1.1440317630767822,-2.125192403793335,-1.0162692070007324,-0.9899865388870239,7.999002456665039,4.924269199371338,0.02946833334863186,0.0,0.0,0.02946833334863186,0.014977693557739258,0.014490639790892601,0.36589160561561584,0.0,0.7720902562141418,0.3757583796977997,2.2769696712493896,0.0
0,54,None,False,"72,33,122,34,51,70,30,36,54,80",1.0458052158355713,-2.0257248878479004,-0.9085900187492371,-1.2037709951400757,7.999515056610107,5.463702201843262,0.0449204221367836,0.0,0.0,0.0449204221367836,0.02140629291534424,0.02351412922143936,0.4799516201019287,0.0,0.8759391903877258,0.36689072847366333,2.2769696712493896,0.0
0,55,None,False,"72,33,122,34,51,70,30,36,54,80",1.0613657236099243,-2.256150484085083,-1.2580509185791016,-0.7967814207077026,7.998899459838867,5.799211502075195,0.05593867972493172,0.0,0.0,0.05593867972493172,0.020980000495910645,0.03495867922902107,0.5776273012161255,0.0,0.9858524203300476,0.3789357841014862,2.2769696712493896,0.0
0,56,Schedule,True,"75,51,32,45,69,59,72,70,33,130",1.0020254850387573,-2.0618104934692383,-1.3973190784454346,-0.8113831877708435,7.999002456665039,5.054482936859131,0.04999065399169922,0.062000002463658645,0.18000000715255737,-0.1920093595981598,0.01896536350250244,-0.21097472310066223,-0.8478555679321289,-4.263363838195801,1.0658155679702759,0.460167795419693,2.2769696712493896,0.0
0,57,None,False,"75,51,32,45,69,59,72,70,33,130",1.0085505247116089,-1.7391103506088257,-1.0475307703018188,-0.8782399296760559,7.999021530151367,3.7356228828430176,0.02423453889787197,0.0,0.0,0.02423453889787197,0.010058999061584473,0.014175539836287498,0.46814125776290894,0.0,1.2258250713348389,0.474709153175354,2.2769696712493896,0.0
0,58,None,False,"75,51,32,45,69,59,72,70,33,130",1.079207420349121,-1.9161173105239868,-0.9355671405792236,-0.8189247846603394,7.999322414398193,4.756144046783447,0.030318867415189743,0.0,0.0,0.030318867415189743,0.007376670837402344,0.0229421965777874,0.5079866051673889,0.0,1.225066900253296,0.4112696051597595,2.2769696712493896,0.0
0,59,None,False,"75,51,32,45,69,59,72,70,33,130",0.9914138317108154,-2.0549404621124268,-0.8333593606948853,-1.1269441843032837,7.999383926391602,4.655406475067139,0.014961856417357922,0.0,0.0,0.014961856417357922,0.002553701400756836,0.012408155016601086,0.5018654465675354,0.0,1.17924964427948,0.4143213629722595,2.2769696712493896,0.0
0,60,None,False,"75,51,32,45,69,59,72,70,33,130",1.0204356908798218,-2.150362491607666,-0.8968966007232666,-0.9251127243041992,7.99931526184082,3.6826260089874268,0.018386494368314743,0.0,0.0,0.018386494368314743,0.012272834777832031,0.006113659590482712,0.3637329936027527,0.0,1.1433384418487549,0.41358375549316406,2.2769696712493896,0.0
0,61,None,False,"75,51,32,45,69,59,72,70,33,130",1.077953815460205,-1.9203758239746094,-1.091295599937439,-0.8922779560089111,7.999424457550049,3.961488723754883,0.033188603818416595,0.0,0.0,0.033188603818416595,0.017008423805236816,0.01618018001317978,0.4975087344646454,0.0,0.9803599715232849,0.3898999094963074,2.2769696712493896,0.0
0,62,None,False,"75,51,32,45,69,59,72,70,33,130",0.9980189800262451,-2.2071030139923096,-1.2518393993377686,-0.9363303780555725,7.999032974243164,4.397715091705322,0.0587959885597229,0.0,0.0,0.0587959885597229,0.027800917625427246,0.030995070934295654,0.5665410161018372,0.0,1.2541377544403076,0.3470732569694519,2.2769696712493896,0.0
0,63,None,False,"75,51,32,45,69,59,72,70,33,130",1.102496862411499,-2.163576126098633,-0.982550859451294,-0.6811542510986328,7.99903678894043,4.76019811630249,0.054040879011154175,0.0,0.0,0.054040879011154175,0.023672103881835938,0.030368775129318237,0.5273488163948059,0.0,1.2760745286941528,0.37491142749786377,2.2769696712493896,0.0
0,64,None,False,"75,51,32,45,69,59,72,70,33,130",1.0945501327514648,-1.859910488128662,-0.9360030889511108,-0.7826883792877197,7.999346733093262,4.36009407043457,0.0404268316924572,0.0,0.0,0.0404268316924572,0.015566110610961914,0.024860721081495285,0.48532024025917053,0.0,1.3081328868865967,0.356623113155365,2.2769696712493896,0.0
0,65,None,False,"75,51,32,45,69,59,72,70,33,130",1.0979235172271729,-1.992456078529358,-1.0151194334030151,-1.0707076787948608,7.9992241859436035,3.887542247772217,0.021861404180526733,0.0,0.0,0.021861404180526733,0.00912320613861084,0.012738198041915894,0.3982633650302887,0.0,1.141261100769043,0.38158220052719116,2.2769696712493896,0.0
0,66,None,False,"75,51,32,45,69,59,72,70,33,130",1.0714274644851685,-2.0496184825897217,-0.9117693901062012,-0.9364296197891235,7.999542236328125,4.178640365600586,0.015135550871491432,0.0,0.0,0.015135550871491432,0.009502172470092773,0.005633378401398659,0.3426112234592438,0.0,1.0954835414886475,0.3624029755592346,2.2769696712493896,0.0
0,67,None,False,"75,51,32,45,69,59,72,70,33,130",1.105774998664856,-2.1059744358062744,-1.1084949970245361,-0.9023909568786621,7.999223232269287,3.4135773181915283,0.009007096290588379,0.0,0.0,0.009007096290588379,0.005473136901855469,0.00353395938873291,0.37252548336982727,0.0,1.1740846633911133,0.3800058364868164,2.2769696712493896,0.0
0,68,None,False,"75,51,32,45,69,59,72,70,33,130",0.9109957814216614,-1.9205557107925415,-1.1733521223068237,-0.5325941443443298,7.998610973358154,6.630429267883301,-0.006336235906928778,0.0,0.0,-0.006336235906928778,0.004057049751281738,-0.010393286123871803,0.18985824286937714,0.0,0.9636275768280029,0.3096935749053955,2.2769696712493896,0.0
0,69,None,False,"75,51,32,45,69,59,72,70,33,130",1.087215781211853,-1.8885726928710938,-0.8703973293304443,-0.8644656538963318,7.999242305755615,6.640778541564941,-0.008027022704482079,0.0,0.0,-0.008027022704482079,0.011199235916137695,-0.019226258620619774,0.0806577205657959,0.0,0.9032903909683228,0.2742758095264435,2.2769696712493896,0.0
0,70,Schedule,True,"130,31,121,45,133,43,74,64,30,24",0.9757627844810486,-2.1398563385009766,-1.2134089469909668,-0.6073384284973145,7.999120235443115,4.453976154327393,-0.005092525389045477,0.08266666789849599,0.24000000357627868,-0.3277592062950134,0.011242985725402832,-0.33900219202041626,-1.5223093032836914,-7.604570388793945,0.8189840316772461,0.24233631789684296,2.2769696712493896,0.0
0,71,None,False,"130,31,121,45,133,43,74,64,30,24",1.01411771774292,-1.9826699495315552,-0.9335463047027588,-0.815802276134491,7.999373912811279,4.023693561553955,0.0007524609682150185,0.0,0.0,0.0007524609682150185,0.0028564929962158203,-0.0021040320862084627,0.3778540790081024,0.0,0.9814974665641785,0.277937114238739,2.2769696712493896,0.0
0,72,None,False,"130,31,121,45,133,43,74,64,30,24",1.0813449621200562,-2.041318655014038,-1.0294326543807983,-0.9084595441818237,7.999520778656006,3.642563819885254,-0.012457567267119884,0.0,0.0,-0.012457567267119884,0.0018062591552734375,-0.014263826422393322,0.1386883705854416,0.0,1.1936770677566528,0.41305655241012573,2.2769696712493896,0.0
0,73,None,False,"130,31,121,45,133,43,74,64,30,24",1.0373585224151611,-2.0571765899658203,-0.8722098469734192,-0.9126686453819275,7.999392509460449,3.237982749938965,0.009528189897537231,0.0,0.0,0.009528189897537231,0.005572676658630371,0.00395551323890686,0.5020880103111267,0.0,1.4664344787597656,0.42382368445396423,2.2769696712493896,0.0
0,74,None,False,"130,31,121,45,133,43,74,64,30,24",1.038974642753601,-2.214540481567383,-0.9487042427062988,-0.7457563877105713,7.999285697937012,4.374400615692139,0.009880530647933483,0.0,0.0,0.009880530647933483,0.004398941993713379,0.005481588654220104,0.3230230510234833,0.0,1.277591586112976,0.43855464458465576,2.2769696712493896,0.0
0,75,None,False,"130,31,121,45,133,43,74,64,30,24",1.0372501611709595,-2.337876081466675,-1.0175946950912476,-0.8700233101844788,7.99907112121582,5.026268482208252,0.0005308091640472412,0.0,0.0,0.0005308091640472412,-0.0015183687210083008,0.002049177885055542,0.4393637180328369,0.0,1.2761497497558594,0.4313271641731262,2.2769696712493896,0.0
0,76,None,False,"130,31,121,45,133,43,74,64,30,24",1.1380336284637451,-1.7900232076644897,-1.0635945796966553,-1.0846312046051025,7.999250888824463,6.622416019439697,-0.008931743912398815,0.0,0.0,-0.008931743912398815,0.006647944450378418,-0.015579688362777233,0.15178081393241882,0.0,1.2537038326263428,0.4783782362937927,2.2769696712493896,0.0
0,77,None,False,"130,31,121,45,133,43,74,64,30,24",1.002559781074524,-2.0459046363830566,-1.0401580333709717,-0.8858437538146973,7.999239444732666,4.7628631591796875,-0.0023492216132581234,0.0,0.0,-0.0023492216132581234,0.0070334672927856445,-0.009382689371705055,0.23965483903884888,0.0,1.397742509841919,0.5258420705795288,2.2769696712493896,0.0
0,78,None,False,"130,31,121,45,133,43,74,64,30,24",1.0383192300796509,-1.7629047632217407,-0.7378448247909546,-0.926146924495697,7.9995245933532715,3.829174757003784,-0.02217341586947441,0.0,0.0,-0.02217341586947441,-0.0009615421295166016,-0.02121187373995781,0.22226883471012115,0.0,1.2314352989196777,0.47470203042030334,2.2769696712493896,0.0
0,79,None,False,"130,31,121,45,133,43,74,64,30,24",1.0561366081237793,-1.8525079488754272,-0.9644678831100464,-0.96820467710495,7.999085426330566,3.9393081665039062,-0.01707681454718113,0.0,0.0,-0.01707681454718113,-0.0026592016220092773,-0.014417612925171852,0.20050016045570374,0.0,1.1439073085784912,0.5460330843925476,2.2769696712493896,0.0
0,80,None,False,"130,31,121,45,133,43,74,64,30,24",1.0850858688354492,-1.9339390993118286,-0.9865448474884033,-0.8443073630332947,7.999251842498779,4.94569730758667,-0.0278046615421772,0.0,0.0,-0.0278046615421772,-0.009316205978393555,-0.018488455563783646,0.2671167850494385,0.0,1.163253903388977,0.519563615322113,2.2769696712493896,0.0
0,81,None,False,"130,31,121,45,133,43,74,64,30,24",1.0462017059326172,-1.851765513420105,-1.150023341178894,-0.7199090719223022,7.999327659606934,3.7678046226501465,-0.035563480108976364,0.0,0.0,-0.035563480108976364,-0.024122655391693115,-0.011440824717283249,0.34753361344337463,0.0,1.2317602634429932,0.4181974232196808,2.2769696712493896,0.0
0,82,None,False,"130,31,121,45,133,43,74,64,30,24",0.9947766065597534,-1.940706491470337,-0.8867482542991638,-0.9802627563476562,7.999515056610107,3.6601827144622803,-0.028617877513170242,0.0,0.0,-0.028617877513170242,-0.022385001182556152,-0.00623287633061409,0.13603104650974274,0.0,1.35540771484375,0.5077917575836182,2.2769696712493896,0.0
0,83,None,False,"130,31,121,45,133,43,74,64,30,24",1.0414899587631226,-1.9662761688232422,-0.9860339164733887,-0.8892444968223572,7.999383926391602,4.599081516265869,-0.016746139153838158,0.0,0.0,-0.016746139153838158,-0.009826838970184326,-0.0069193001836538315,0.4444504380226135,0.0,1.194751501083374,0.5391638278961182,2.2769696712493896,0.0
0,84,Schedule,True,"67,42,101,55,27,118,48,3,97,94",1.1019468307495117,-1.9558966159820557,-0.9462659358978271,-0.6910194754600525,7.9991559982299805,5.53993558883667,0.010222053155303001,0.10333333333333332,0.3,-0.39311128854751587,-0.012758016586303711,-0.38035327196121216,-2.221858501434326,-11.078572273254395,1.074089527130127,0.489406943321228,2.2769696712493896,0.0
0,85,None,False,"67,42,101,55,27,118,48,3,97,94",1.1091399192810059,-2.006697177886963,-0.9638004899024963,-0.7945075035095215,7.9992241859436035,4.2491536140441895,0.008142220787703991,0.0,0.0,0.008142220787703991,-0.0033302903175354004,0.011472511105239391,0.36273258924484253,0.0,0.904508113861084,0.40553712844848633,2.2769696712493896,0.0
0,86,Struct Break (DC),True,"15,51,10,73,89,78,126,124,61,131",1.0906355381011963,-2.061877489089966,-1.0603457689285278,-0.7964180707931519,7.99929666519165,2.8587355613708496,-0.003555548144504428,0.10333333333333332,0.3,-0.4068889021873474,0.003488302230834961,-0.4103772044181824,-3.501084327697754,-17.42828369140625,1.1516530513763428,0.35357847809791565,2.2769696712493896,0.0
0,87,None,False,"15,51,10,73,89,78,126,124,61,131",1.0608971118927002,-2.187671422958374,-1.0482133626937866,-0.8186339139938354,7.999237537384033,4.314154624938965,-0.007361930795013905,0.0,0.0,-0.007361930795013905,-0.0020132064819335938,-0.005348724313080311,0.3336169719696045,0.0,0.942934513092041,0.4174693822860718,2.2769696712493896,0.0
0,88,None,False,"15,51,10,73,89,78,126,124,61,131",1.001462459564209,-1.977016568183899,-1.0278105735778809,-1.0795215368270874,7.999114990234375,5.662237167358398,-0.0014674663543701172,0.0,0.0,-0.0014674663543701172,-0.00047528743743896484,-0.0009921789169311523,0.30984601378440857,0.0,0.9041570425033569,0.4255375266075134,2.2769696712493896,0.0
0,89,None,False,"15,51,10,73,89,78,126,124,61,131",1.0093624591827393,-1.539163589477539,-1.03855299949646,-0.8025567531585693,7.998907089233398,6.944495677947998,0.010334456339478493,0.0,0.0,0.010334456339478493,0.014002442359924316,-0.0036679860204458237,0.2808777987957001,0.0,1.0736011266708374,0.4419623017311096,2.2769696712493896,0.0
0,90,None,False,"15,51,10,73,89,78,126,124,61,131",1.060958981513977,-2.127615451812744,-0.960870623588562,-0.8207445740699768,7.999365329742432,5.980031967163086,0.00047830940457060933,0.0,0.0,0.00047830940457060933,0.012392759323120117,-0.011914449743926525,0.11310280114412308,0.0,1.0364582538604736,0.3553042411804199,2.2769696712493896,0.0
0,91,None,False,"15,51,10,73,89,78,126,124,61,131",1.0444331169128418,-1.7652814388275146,-0.8558880090713501,-0.9854348301887512,7.999435901641846,3.4245903491973877,0.006997573189437389,0.0,0.0,0.006997573189437389,0.020910978317260742,-0.013913405127823353,0.24653086066246033,0.0,1.042778730392456,0.38335365056991577,2.2769696712493896,0.0
0,92,None,False,"15,51,10,73,89,78,126,124,61,131",0.9834300875663757,-2.19171142578125,-1.2548558712005615,-0.7093213796615601,7.999127388000488,4.355602741241455,0.01968710497021675,0.0,0.0,0.01968710497021675,0.024500489234924316,-0.004813384264707565,0.3721911907196045,0.0,1.024826169013977,0.2640606164932251,2.2769696712493896,0.0
0,93,None,False,"15,51,10,73,89,78,126,124,61,131",1.122511863708496,-1.7759031057357788,-0.8198636174201965,-1.2096388339996338,7.999447822570801,5.126012325286865,0.01627069152891636,0.0,0.0,0.01627069152891636,0.020259499549865723,-0.003988808020949364,0.3151940703392029,0.0,0.8832091689109802,0.3363432288169861,2.2769696712493896,0.0
0,94,None,False,"15,51,10,73,89,78,126,124,61,131",0.9851181507110596,-2.1667263507843018,-0.8655074834823608,-1.0424370765686035,7.999486446380615,5.682393550872803,0.010269147343933582,0.0,0.0,0.010269147343933582,0.016449689865112305,-0.006180542521178722,0.313912034034729,0.0,1.008429765701294,0.32930922508239746,2.2769696712493896,0.0
0,95,None,False,"15,51,10,73,89,78,126,124,61,131",1.0320055484771729,-2.063082456588745,-1.0906212329864502,-0.8166890740394592,7.999326229095459,4.231826305389404,0.034607887268066406,0.0,0.0,0.034607887268066406,0.03040170669555664,0.004206180572509766,0.4423089325428009,0.0,0.7789014577865601,0.3308016359806061,2.2769696712493896,0.0
0,96,None,False,"15,51,10,73,89,78,126,124,61,131",1.0635621547698975,-2.1717731952667236,-1.0464967489242554,-1.0675958395004272,7.99937629699707,3.8237104415893555,0.03828420117497444,0.0,0.0,0.03828420117497444,0.03037583827972412,0.00790836289525032,0.2733861804008484,0.0,0.7446336150169373,0.2926018238067627,2.2769696712493896,0.0
0,97,None,False,"15,51,10,73,89,78,126,124,61,131",1.0222208499908447,-2.232438087463379,-1.1238315105438232,-1.1046541929244995,7.999030113220215,4.9423112869262695,0.018755584955215454,0.0,0.0,0.018755584955215454,0.029688239097595215,-0.01093265414237976,0.35301920771598816,0.0,0.5652140974998474,0.2308344691991806,2.2769696712493896,0.0
0,98,None,False,"15,51,10,73,89,78,126,124,61,131",1.0839662551879883,-1.6999125480651855,-1.0869483947753906,-0.812444806098938,7.9992265701293945,5.88977575302124,0.03086606226861477,0.0,0.0,0.03086606226861477,0.033661723136901855,-0.0027956608682870865,0.33462440967559814,0.0,0.595318615436554,0.3370530307292938,2.2769696712493896,0.0
0,99,None,False,"15,51,10,73,89,78,126,124,61,131",1.0678688287734985,-2.0893428325653076,-1.0270147323608398,-0.8693448901176453,7.9993462562561035,3.7539689540863037,0.035851407796144485,0.0,0.0,0.035851407796144485,0.04076051712036133,-0.004909109324216843,0.3653773069381714,0.0,0.7237070798873901,0.37170910835266113,2.2769696712493896,0.0
0,100,Schedule,True,"22,126,30,108,37,77,60,53,33,117",1.0462465286254883,-1.8556578159332275,-1.017066240310669,-1.064193844795227,7.998931407928467,4.871827125549316,0.011359232477843761,0.09299999753634133,0.26999999284744264,-0.3516407608985901,0.023769617080688477,-0.37541037797927856,-2.9843757152557373,-14.850348472595215,0.7130273580551147,0.29368725419044495,2.2769696712493896,0.0
0,101,None,False,"22,126,30,108,37,77,60,53,33,117",1.080025315284729,-2.334050178527832,-1.0082260370254517,-0.9574736952781677,7.998960971832275,6.093926429748535,0.0038115798961371183,0.0,0.0,0.0038115798961371183,0.021952509880065918,-0.01814093068242073,-0.022467967122793198,0.0,0.6916853785514832,0.3115512728691101,2.2769696712493896,0.0
0,102,None,False,"22,126,30,108,37,77,60,53,33,117",0.9911370873451233,-2.181792974472046,-1.0764262676239014,-0.8993497490882874,7.99929666519165,4.651675224304199,0.004785758443176746,0.0,0.0,0.004785758443176746,0.011499404907226562,-0.006713646464049816,0.17700709402561188,0.0,0.6943121552467346,0.29390254616737366,2.2769696712493896,0.0
0,103,None,False,"22,126,30,108,37,77,60,53,33,117",1.0414884090423584,-1.839041829109192,-0.979914665222168,-1.0914024114608765,7.999172210693359,5.250243186950684,0.017116164788603783,0.0,0.0,0.017116164788603783,0.011912226676940918,0.005203938111662865,0.4969436526298523,0.0,0.7964370250701904,0.28671523928642273,2.2769696712493896,0.0
0,104,None,False,"22,126,30,108,37,77,60,53,33,117",1.0368852615356445,-1.9298678636550903,-0.9790360927581787,-0.9324991106987,7.999367713928223,3.578369617462158,0.014233541674911976,0.0,0.0,0.014233541674911976,0.004590034484863281,0.009643507190048695,0.4117307960987091,0.0,0.747592568397522,0.35340458154678345,2.2769696712493896,0.0
0,105,None,False,"22,126,30,108,37,77,60,53,33,117",1.0294996500015259,-2.1413683891296387,-1.101158618927002,-0.7346255779266357,7.99915075302124,4.881211280822754,0.006716495845466852,0.0,0.0,0.006716495845466852,0.004304409027099609,0.002412086818367243,0.29735931754112244,0.0,0.7089238166809082,0.3768046200275421,2.2769696712493896,0.0
0,106,None,False,"22,126,30,108,37,77,60,53,33,117",1.0337328910827637,-1.8863024711608887,-0.9874868988990784,-1.1123037338256836,7.9995856285095215,5.45073938369751,0.03190113231539726,0.0,0.0,0.03190113231539726,0.011382818222045898,0.020518314093351364,0.4928208589553833,0.0,0.6929178237915039,0.38504737615585327,2.2769696712493896,0.0
0,107,None,False,"22,126,30,108,37,77,60,53,33,117",1.1072261333465576,-1.9897105693817139,-1.0170172452926636,-1.0821043252944946,7.999253273010254,3.8082592487335205,0.035924218595027924,0.0,0.0,0.035924218595027924,0.028179168701171875,0.007745049893856049,0.42748719453811646,0.0,0.8068282008171082,0.3823899030685425,2.2769696712493896,0.0
0,108,None,False,"22,126,30,108,37,77,60,53,33,117",1.0818452835083008,-1.9506311416625977,-1.099714994430542,-0.8600452542304993,7.99932861328125,3.7504220008850098,0.027225876227021217,0.0,0.0,0.027225876227021217,0.022061705589294434,0.005164170637726784,0.402254581451416,0.0,0.7394117712974548,0.35477420687675476,2.2769696712493896,0.0
0,109,None,False,"22,126,30,108,37,77,60,53,33,117",0.978282630443573,-2.0034701824188232,-1.1512775421142578,-0.9413622617721558,7.999258995056152,4.026819229125977,0.0238206684589386,0.0,0.0,0.0238206684589386,0.02290356159210205,0.0009171068668365479,0.24783100187778473,0.0,0.8119744062423706,0.41200530529022217,2.2769696712493896,0.0
0,110,None,False,"22,126,30,108,37,77,60,53,33,117",1.0205013751983643,-1.946182370185852,-0.8753196001052856,-0.9252985119819641,7.999351978302002,4.001040458679199,0.014735233969986439,0.0,0.0,0.014735233969986439,0.014943480491638184,-0.00020824652165174484,-0.11040688306093216,0.0,0.7036861777305603,0.34489303827285767,2.2769696712493896,0.0
0,111,None,False,"22,126,30,108,37,77,60,53,33,117",1.0386773347854614,-2.1275312900543213,-0.9999105930328369,-0.979962944984436,7.999363899230957,2.6731247901916504,0.0014200567966327071,0.0,0.0,0.0014200567966327071,0.005183577537536621,-0.003763520624488592,0.2650924026966095,0.0,0.706378698348999,0.3656790256500244,2.2769696712493896,0.0
0,112,None,False,"22,126,30,108,37,77,60,53,33,117",1.064394474029541,-1.926186442375183,-1.116966724395752,-0.9268832206726074,7.998930931091309,3.9137136936187744,-0.0035178721882402897,0.0,0.0,-0.0035178721882402897,0.0015915632247924805,-0.00510943541303277,0.27433493733406067,0.0,0.6108923554420471,0.31895750761032104,2.2769696712493896,0.0
0,113,None,False,"22,126,30,108,37,77,60,53,33,117",1.0025975704193115,-2.0109646320343018,-1.0687593221664429,-0.82874596118927,7.999523162841797,4.263899803161621,-0.0013891219859942794,0.0,0.0,-0.0013891219859942794,0.0036797523498535156,-0.005068874452263117,0.28481581807136536,0.0,0.5618896484375,0.23880502581596375,2.2769696712493896,0.0
0,114,Schedule,True,"137,130,93,78,121,120,21,109,54,81",0.9746091961860657,-2.050647258758545,-1.124335527420044,-1.1126457452774048,7.999225616455078,5.881375789642334,0.006443798542022705,0.10333333333333332,0.3,-0.3968895375728607,0.005321025848388672,-0.4022105634212494,-2.8595845699310303,-14.23118782043457,0.5189078450202942,0.27789032459259033,2.2769696712493896,0.0
0,115,None,False,"137,130,93,78,121,120,21,109,54,81",1.0745073556900024,-1.8617807626724243,-0.9447605609893799,-0.9801040291786194,7.999496936798096,5.1243462562561035,0.023853396996855736,0.0,0.0,0.023853396996855736,0.024676084518432617,-0.0008226875215768814,0.3177829384803772,0.0,0.5154494047164917,0.2925417125225067,2.2769696712493896,0.0
0,116,None,False,"137,130,93,78,121,120,21,109,54,81",1.0315560102462769,-2.1008996963500977,-1.0957188606262207,-0.9333566427230835,7.999366760253906,4.294824600219727,0.03532906621694565,0.0,0.0,0.03532906621694565,0.031354427337646484,0.003974638879299164,0.2762533724308014,0.0,0.5528113842010498,0.22806286811828613,2.2769696712493896,0.0
0,117,None,False,"137,130,93,78,121,120,21,109,54,81",1.0289452075958252,-1.8654314279556274,-0.8548098802566528,-0.8257466554641724,7.999285697937012,4.727532863616943,0.03210676461458206,0.0,0.0,0.03210676461458206,0.026105642318725586,0.006001122295856476,0.43091824650764465,0.0,0.4984762668609619,0.23007778823375702,2.2769696712493896,0.0
0,118,None,False,"137,130,93,78,121,120,21,109,54,81",1.0719419717788696,-2.1637160778045654,-1.0828633308410645,-0.7548290491104126,7.999096870422363,5.577442169189453,0.019687796011567116,0.0,0.0,0.019687796011567116,0.02117002010345459,-0.001482224091887474,0.29069027304649353,0.0,0.41730496287345886,0.2344275861978531,2.2769696712493896,0.0
0,119,None,False,"137,130,93,78,121,120,21,109,54,81",1.0568969249725342,-2.1135671138763428,-0.8320000171661377,-0.9575271606445312,7.9993462562561035,3.529208183288574,0.016944164410233498,0.0,0.0,0.016944164410233498,0.011930704116821289,0.0050134602934122086,0.3512036204338074,0.0,0.4296891689300537,0.24041418731212616,2.2769696712493896,0.0
0,120,None,False,"137,130,93,78,121,120,21,109,54,81",1.0720576047897339,-2.0887742042541504,-1.1268601417541504,-0.892553448677063,7.999068737030029,4.688342571258545,0.018028074875473976,0.0,0.0,0.018028074875473976,0.009580612182617188,0.008447462692856789,0.4579226076602936,0.0,0.3840739130973816,0.2487860769033432,2.2769696712493896,0.0
0,121,None,False,"137,130,93,78,121,120,21,109,54,81",1.1156799793243408,-1.9321266412734985,-0.6482542753219604,-1.2633488178253174,7.9994940757751465,5.241616249084473,0.012301182374358177,0.0,0.0,0.012301182374358177,0.008851408958435059,0.0034497734159231186,0.42996689677238464,0.0,0.37906914949417114,0.23582588136196136,2.2769696712493896,0.0
0,122,None,False,"137,130,93,78,121,120,21,109,54,81",1.0677988529205322,-2.10951566696167,-1.1591689586639404,-0.8522586822509766,7.999438762664795,4.9444379806518555,0.012812095694243908,0.0,0.0,0.012812095694243908,0.009927153587341309,0.0028849421069025993,0.3514442443847656,0.0,0.501883327960968,0.23848143219947815,2.2769696712493896,0.0
0,123,None,False,"137,130,93,78,121,120,21,109,54,81",1.0766971111297607,-2.060121536254883,-1.1333966255187988,-0.673477053642273,7.999163627624512,3.866075038909912,0.014848476275801659,0.0,0.0,0.014848476275801659,0.014465689659118652,0.0003827866166830063,0.2764468193054199,0.0,0.5068395137786865,0.22933223843574524,2.2769696712493896,0.0
0,124,None,False,"137,130,93,78,121,120,21,109,54,81",0.9798825979232788,-1.998436689376831,-1.1378376483917236,-0.8951351046562195,7.9993205070495605,5.407380104064941,0.026531273499131203,0.0,0.0,0.026531273499131203,0.02477264404296875,0.0017586294561624527,0.22673961520195007,0.0,0.5878185033798218,0.22722695767879486,2.2769696712493896,0.0
0,125,None,False,"137,130,93,78,121,120,21,109,54,81",1.0639463663101196,-1.9571224451065063,-1.0486260652542114,-0.8868331909179688,7.999345779418945,4.066469669342041,0.030651962384581566,0.0,0.0,0.030651962384581566,0.024372220039367676,0.00627974234521389,0.38347679376602173,0.0,0.4809722304344177,0.20785784721374512,2.2769696712493896,0.0
0,126,None,False,"137,130,93,78,121,120,21,109,54,81",0.9100503921508789,-2.1605982780456543,-1.1587284803390503,-0.951431393623352,7.999408721923828,4.99072265625,0.03624711558222771,0.0,0.0,0.03624711558222771,0.015082478523254395,0.021164637058973312,0.5562983155250549,0.0,0.5894132852554321,0.2508554756641388,2.2769696712493896,0.0
0,127,None,False,"137,130,93,78,121,120,21,109,54,81",1.0335818529129028,-2.2996742725372314,-1.0179967880249023,-1.0107194185256958,7.999046802520752,6.050797939300537,0.07181322574615479,0.0,0.0,0.07181322574615479,0.02168118953704834,0.050132036209106445,0.7667742967605591,0.0,0.6510177254676819,0.2543600797653198,2.2769696712493896,0.0
