date,close,atr,atr_price_ratio,dynamic_threshold,future_return,intra_drawdown,direction_label
2015-01-05,544.45,5.440000000000055,0.009991734778216648,0.02,0.069666636054734,0.009569290109284534,2
2015-01-06,549.66,8.365000000000009,0.015218498708292416,0.030436997416584833,0.05636211476185271,0.004348142488083573,2
2015-01-07,552.05,8.040000000000001,0.01456389819762703,0.02912779639525406,0.04936147088126086,0.002572230776197948,2
2015-01-08,553.47,7.217500000000001,0.013040453863804724,0.02608090772760945,0.05472744683542019,0.028276148662077505,2
2015-01-09,569.73,9.448000000000002,0.016583293840942204,0.03316658768188441,0.02378319554876862,-0.0010706826040405293,1
2015-01-12,574.32,9.540000000000001,0.016610948600083577,0.033221897200167154,0.0030470817662626715,-0.009054185819752147,1
2015-01-13,580.6,9.232857142857142,0.015902268589144234,0.03180453717828847,-0.017619703754736538,-0.019772648983809926,1
2015-01-14,577.01,9.396250000000009,0.01628437982010712,0.03256875964021424,-0.0338642311225108,-0.0338642311225108,0
2015-01-15,577.74,9.005555555555564,0.015587557648000076,0.03117511529600015,-0.028196074358707968,-0.035084986326028966,1
2015-01-16,574.81,8.548000000000002,0.014871000852455598,0.029742001704911196,-0.013291348445573337,-0.030166489796628282,1
2015-01-19,571.51,8.58545454545454,0.01502240476186688,0.03004480952373376,0.004584346730590827,-0.02456649927385346,1
2015-01-20,572.22,8.271666666666667,0.014455395943285215,0.02891079188657043,0.002324280870993567,-0.025776799133200523,1
2015-01-21,569.12,8.04230769230769,0.01413112821954542,0.02826225643909084,0.009488332864773685,-0.020470199606409833,1
2015-01-22,574.54,8.086428571428566,0.014074613728249672,0.028149227456499344,0.01256657499912972,-0.02971072510182049,1
2015-01-23,582.38,8.34285714285714,0.014325452699023215,0.02865090539804643,0.003932140526803796,-0.04277276005357322,1
2015-01-26,580.64,7.973571428571428,0.013732383970397196,0.02746476794079439,0.011366767704601877,-0.03990424359327627,1
2015-01-27,579.3,8.072857142857142,0.013935537964538482,0.027871075929076963,0.030467805972725914,-0.03768341101329176,2
2015-01-28,583.76,8.144999999999998,0.01395265177470193,0.02790530354940386,0.015245991503357592,-0.04503563108126618,1
2015-01-29,583.28,7.210714285714281,0.012362354762231315,0.02472470952446263,0.0230421067068991,-0.044249759978055025,1
2015-01-30,576.07,7.183571428571424,0.012469962727743892,0.024939925455487785,0.028642352491884626,-0.03228774280903368,2
2015-02-02,570.37,7.324285714285712,0.01284128848692202,0.02568257697384404,0.03569612707540726,-0.022616897803180325,2
2015-02-03,557.47,7.811428571428564,0.014012285094137019,0.028024570188274037,0.07040737618167792,0.007139397635747224,2
2015-02-04,561.45,7.997142857142852,0.014243731155299406,0.028487462310598812,0.06935613144536457,0.010187906314008233,2
2015-02-05,567.17,8.164285714285711,0.014394777076160077,0.028789554152320155,0.0524357776328086,0.011248831919882907,2
2015-02-06,574.13,8.037857142857149,0.014000064694158378,0.028000129388316756,0.034556633515057555,-0.0010102241652587551,2
2015-02-09,573.55,7.807142857142862,0.013611965577792456,0.027223931155584913,0.025961119344434014,0.0016912213407724863,1
2015-02-10,574.52,7.777142857142865,0.013536766095423772,0.027073532190847543,0.02635243333565418,0.012601824131448947,1
2015-02-11,581.76,7.675714285714297,0.013193953323903839,0.026387906647807678,0.008216446644664366,0.005002062706270571,1
2015-02-12,584.67,7.261428571428577,0.012419704399795744,0.024839408799591487,0.006602014811774248,0.003198385413994309,1
2015-02-13,587.24,7.135000000000007,0.012150057897963366,0.02430011579592673,-0.0019412846536339678,-0.0019412846536339678,1
2015-02-24,596.95,7.2014285714285835,0.01206370478503825,0.0241274095700765,-0.027054192143395772,-0.027054192143395772,0
2015-02-25,592.66,7.425000000000011,0.012528262410150865,0.02505652482030173,-0.01839165794890829,-0.02001147369486722,1
2015-02-26,596.72,7.425000000000019,0.012443021852795312,0.024886043705590624,-0.03023193457568052,-0.03023193457568052,0
2015-02-27,592.57,7.296428571428586,0.0123131926547557,0.0246263853095114,-0.031776836491891336,-0.031776836491891336,0
2015-03-02,590.73,6.994285714285728,0.011840071969064933,0.023680143938129866,-0.025883229224857307,-0.028761024495116194,0
2015-03-03,596.72,6.25642857142859,0.010484697297607906,0.020969394595215813,-0.043286633596997026,-0.043286633596997026,0
2015-03-04,600.39,6.032857142857162,0.01004823055490125,0.0200964611098025,-0.054897649860923825,-0.054897649860923825,0
2015-03-05,596.91,5.9528571428571615,0.009972788431852644,0.02,-0.06027709369921763,-0.06027709369921763,0
2015-03-06,593.97,5.8407142857143,0.009833348966638551,0.02,-0.06365641362358376,-0.06365641362358376,0
2015-03-09,588.44,6.373571428571446,0.010831302135428328,0.021662604270856655,-0.06291210658690793,-0.06291210658690793,0
2015-03-10,589.66,6.367857142857157,0.010799201476880163,0.021598402953760327,-0.07541634162059474,-0.07541634162059474,0
2015-03-11,586.54,6.141428571428581,0.010470604854619602,0.020941209709239204,-0.060370989190847935,-0.07049817574248973,0
2015-03-12,588.53,6.2100000000000035,0.01055171359149067,0.02110342718298134,-0.08431175980833605,-0.08431175980833605,0
2015-03-13,586.1,6.302857142857143,0.010753893777268628,0.021507787554537257,-0.06696809418188021,-0.08051527043166706,0
2015-03-16,580.8,6.409285714285716,0.011035271546635186,0.022070543093270372,-0.05673209366391174,-0.07212465564738291,0
2015-03-17,581.76,5.987857142857146,0.010292658730158735,0.02058531746031747,-0.06667698019801971,-0.07365580308030806,0
2015-03-18,578.68,5.846428571428565,0.01010304239204494,0.02020608478408988,-0.05282712379899068,-0.06872537499135967,0
2015-03-19,573.74,5.773571428571431,0.010063044983043593,0.020126089966087186,-0.04535155296824345,-0.06070694042597702,0
2015-03-20,575.44,5.810000000000002,0.010096621715556794,0.02019324343111359,-0.043305991936605115,-0.06348185736132361,0
2015-03-23,570.89,5.947142857142849,0.01041731832251896,0.02083463664503792,-0.02953283469670165,-0.05601779677345897,0
2015-03-24,567.43,6.194999999999985,0.010917646229490837,0.021835292458981675,-0.013904798829811549,-0.050261706289762564,1
2015-03-25,560.93,6.400714285714271,0.011410896699613626,0.022821793399227252,-0.004029023229279893,-0.0392562351808603,1
2015-03-26,556.16,6.552142857142834,0.011781039372020343,0.023562078744040687,0.014995684695051859,-0.03101625431530497,1
2015-03-27,551.42,6.725714285714259,0.012197080783639076,0.024394161567278153,0.03057560480214727,-0.022686881143230142,2
2015-03-30,545.19,7.039999999999972,0.012912929437443774,0.025825858874887548,0.04242557640455624,-0.011518920009538136,2
2015-03-31,551.13,7.309999999999978,0.013263658302033963,0.026527316604067926,0.025239054306606334,-0.022172627147859947,1
2015-04-01,538.91,8.038571428571418,0.014916352319629286,0.02983270463925857,0.04329108756564182,0.007533725482919307,2
2015-04-02,546.85,8.347857142857135,0.015265350905837314,0.030530701811674627,0.028636737679436752,-0.007095181494011116,1
2015-04-03,547.85,7.982142857142841,0.014569942241750188,0.029139884483500376,0.02445924979465186,-0.008907547686410555,1
2015-04-06,542.97,8.219285714285693,0.015137642437493219,0.030275284874986437,0.04199127023592464,0.008748181299151003,2
2015-04-07,548.11,8.5242857142857,0.015552144121226942,0.031104288242453884,0.026071409023735947,-0.0007115360055462983,1
2015-04-08,547.72,8.391428571428557,0.015320653931623013,0.030641307863246026,-0.00481998101219594,-0.00481998101219594,1
2015-04-09,550.52,8.40071428571427,0.015259598717057093,0.030519197434114187,0.00386906924362429,-0.009881566518927465,1
2015-04-10,554.03,8.270714285714275,0.014928278767782025,0.02985655753556405,-0.008537443820731738,-0.016154359872208923,1
2015-04-13,559.54,8.044285714285706,0.014376605272698479,0.028753210545396958,-0.011723916073917762,-0.025842656467812697,1
2015-04-14,558.67,7.7535714285714255,0.013878624999680358,0.027757249999360717,-0.007446256287253594,-0.024325630515330876,1
2015-04-15,564.5,7.680714285714292,0.013606225483993432,0.027212450967986863,-0.022728077945084246,-0.03440212577502211,1
2015-04-16,568.28,7.302142857142859,0.012849551026154113,0.025699102052308225,-0.04200394171887101,-0.04200394171887101,0
2015-04-17,568.32,6.965714285714292,0.01225667631917633,0.02451335263835266,-0.04486908783783783,-0.04486908783783783,0
2015-04-20,565.04,6.845714285714296,0.012115450739265001,0.024230901478530003,-0.0377849355797818,-0.039324649582330284,0
2015-04-21,562.24,6.195000000000001,0.01101842629482072,0.02203685258964144,-0.04410927717700619,-0.04410927717700619,0
2015-04-22,562.51,5.732857142857142,0.010191564848370948,0.020383129696741897,-0.05966116157934964,-0.05966116157934964,0
2015-04-23,561.25,5.7900000000000045,0.010316258351893103,0.020632516703786206,-0.04352783964365248,-0.057550111358574574,0
2015-04-24,565.77,5.775714285714295,0.010208590568100633,0.020417181136201265,-0.027696767237569975,-0.06507944924615994,0
2015-04-27,562.4,5.6678571428571525,0.010077982117455819,0.020155964234911637,-0.017496443812233364,-0.05947724039829294,1
2015-05-04,545.08,6.62071428571429,0.012146316661250257,0.024292633322500513,0.030711088280619414,-0.029591986497394918,2
2015-05-05,552.65,7.180714285714292,0.012993240361375722,0.025986480722751445,0.018727947163666103,-0.04288428480955386,1
2015-05-06,549.3,7.195714285714295,0.013099789342279802,0.026199578684559605,0.03258692881849634,-0.037047150919351735,2
2015-05-07,552.98,7.270000000000015,0.01314694925675434,0.02629389851350868,0.02441317950016275,-0.04345545951028962,1
2015-05-08,554.51,7.341428571428586,0.013239488145260835,0.02647897629052167,0.033290653008962945,-0.04609475032010235,2
2015-05-11,551.67,7.064285714285729,0.012805274374690902,0.025610548749381803,0.03242880707669449,-0.041184041184041065,2
2015-05-12,544.41,7.141428571428589,0.013117739518797578,0.026235479037595155,0.05615253209896953,-0.028397714957476783,2
2015-05-13,542.82,7.254285714285735,0.013364072278629627,0.026728144557259255,0.050642938727386344,-0.02555174827751372,2
2015-05-14,543.69,7.119285714285728,0.013094384142223928,0.026188768284447855,0.044529051481542625,-0.027111037539774507,2
2015-05-15,537.44,7.316428571428584,0.013613479777144579,0.027226959554289158,0.05870422744864534,-0.015797112235784505,2
2015-05-18,528.95,7.675714285714305,0.014511228444492492,0.029022456888984985,0.09286321958597221,0.014878532942622202,2
2015-05-19,536.82,7.772857142857163,0.014479447753170824,0.028958895506341648,0.08011996572407876,0.024738273536753397,2
2015-05-20,550.1,8.355000000000018,0.015188147609525573,0.030376295219051146,0.04430103617524095,0.004471914197418547,2
2015-05-21,552.56,8.35357142857144,0.015117944528325324,0.030235889056650648,0.03898219197915176,0.016758361082959583,2
2015-05-22,561.82,7.834285714285735,0.013944476370164348,0.027888952740328696,0.03422804456943496,0.0021003168274535966,2
2015-05-25,563.0,7.2435714285714505,0.012866023851814299,0.025732047703628597,0.035044404973357146,0.006181172291296555,2
2015-05-26,567.2,7.240000000000017,0.012764456981664346,0.02552891396332869,0.03399153737658667,-0.0012693935119887367,2
2015-05-27,566.48,7.2157142857143,0.01273780942966089,0.02547561885932178,0.02448453608247414,0.0025067080920773144,1
2015-05-28,572.97,7.696428571428579,0.013432515788660102,0.026865031577320203,0.010297223240309128,-0.008848630818367509,1
2015-05-29,569.56,8.088571428571429,0.014201438704563927,0.028402877409127853,0.01894444834609188,-0.002914530514783298,1
2015-06-01,574.98,8.285714285714294,0.014410439120863844,0.028820878241727688,0.016904935823854883,-0.012313471772931295,1
2015-06-02,570.31,8.633571428571438,0.01513838338547709,0.03027676677095418,0.041679086812435484,-0.0042257719485893075,2
2015-06-03,567.9,8.76357142857144,0.015431539758005706,0.030863079516011412,0.044321183306920364,0.0019193519985913898,2
2015-06-04,568.99,8.590000000000016,0.015096926132269487,0.030193852264538974,0.03696022777201713,0.008980825673561954,2
2015-06-05,578.07,8.740000000000009,0.015119276212223448,0.030238552424446896,0.017160551490303932,-0.006867680384728514,1
2015-06-08,579.83,8.682857142857147,0.014974832524804074,0.029949665049608148,0.003311315385543967,-0.009882206853732978,1
2015-06-09,574.47,8.264285714285718,0.014385930882875899,0.028771861765751798,0.030079899733667537,-0.0006440719271676443,2
2015-06-10,574.1,8.334285714285718,0.014517132406001948,0.029034264812003895,0.03300818672705086,0.008308657028392341,2
2015-06-11,581.05,8.160714285714278,0.014044771165500866,0.02808954233100173,0.017984682901643678,-0.0037518285861800615,1
2015-06-12,582.73,8.222857142857135,0.014110921254881566,0.02822184250976313,0.03941791224066038,-0.0066239939594666675,2
2015-06-15,586.48,8.082142857142847,0.013780764658884951,0.027561529317769902,0.05106738507706976,-0.012975719547128617,2
2015-06-16,580.35,8.26999999999999,0.014250021538726614,0.028500043077453227,0.07731541311277668,-0.0025501852330490626,2
2015-06-17,578.87,7.957857142857132,0.01374722673978118,0.02749445347956236,0.08879368424689482,0.002556705305163609,2
2015-06-18,580.35,7.687857142857134,0.013246932269935615,0.02649386453987123,0.07378306194537765,0.002412337382613927,2
2015-06-19,584.7,7.552857142857127,0.01291749126536194,0.02583498253072388,0.06396442620147069,-0.005045322387549289,2
2015-06-22,594.08,7.442142857142836,0.012527172867531033,0.025054345735062065,0.055884729329383154,-0.020754780500942704,2
2015-06-23,593.07,7.317142857142836,0.0123377389804624,0.0246754779609248,0.0691149442730199,-0.019087122936584322,2
2015-06-24,590.02,7.272857142857122,0.01232645866726064,0.02465291733452128,0.08248872919562067,-0.014016474017829905,2
2015-06-25,587.99,6.872142857142835,0.011687516551544814,0.023375033103089627,0.07296042449701523,-0.010612425381384072,2
2015-06-26,581.75,7.114999999999985,0.0122303394929093,0.0244606789858186,0.0776106574989257,0.016759776536312776,2
2015-06-29,591.75,7.382142857142843,0.012475104110085075,0.02495020822017015,0.062323616392057524,-0.00042247570764686326,2
2015-06-30,593.05,7.609285714285704,0.012830765895431591,0.025661531790863182,0.04635359581822773,-0.002613607621616998,2
2015-07-01,591.5,7.509999999999991,0.012696534234995758,0.025393068469991516,0.04245139475908699,0.024006762468300913,2
2015-07-02,605.7,8.150714285714278,0.01345668529918157,0.02691337059836314,0.039871223377909715,0.017715040449067132,2
2015-07-03,616.43,8.646428571428569,0.014026618710037748,0.028053237420075497,0.025274564832989954,0.0002920039582758882,1
2015-07-06,625.22,8.641428571428573,0.013821420574243582,0.027642841148487165,0.009660599468986897,-0.013771152554300947,1
2015-07-07,630.27,9.021428571428576,0.014313593493944779,0.028627186987889557,0.008234566138321853,-0.021673251146334116,1
2015-07-08,623.17,9.549285714285718,0.01532372500968551,0.03064745001937102,0.01331899802622094,-0.010526822536386482,1
2015-07-09,622.1,9.900000000000002,0.015913840218614375,0.03182768043722875,0.00417939238064613,-0.008824947757595236,1
2015-07-10,627.28,9.850714285714284,0.015703855193397342,0.031407710386794685,-0.001131870934829582,-0.01700994771075115,1
2015-07-13,634.06,10.103571428571424,0.015934724519085616,0.03186944903817123,-0.020502791533924203,-0.027521054789767407,1
2015-07-14,638.69,10.604285714285709,0.016603181064813458,0.033206362129626917,-0.04574989431492593,-0.04574989431492593,0
2015-07-15,630.89,10.971428571428564,0.017390398597899103,0.034780797195798206,-0.04775792927451694,-0.04775792927451694,0
2015-07-16,626.9,10.885714285714275,0.017364355217282305,0.03472871043456461,-0.03161588770138768,-0.04169724038921674,1
2015-07-17,628.63,10.408571428571415,0.01655754804665927,0.03311509609331854,-0.0438890921527767,-0.044334505193834195,0
2015-07-20,620.54,10.57357142857141,0.017039306778888406,0.03407861355777681,-0.027040964321397465,-0.03187546330615265,1
2015-07-21,616.61,10.819999999999984,0.01754755842428761,0.03509511684857522,-0.0033732829503252404,-0.025705064789737442,1
2015-07-22,629.85,10.904285714285695,0.017312512049354124,0.03462502409870825,-0.026673017385091757,-0.04618559974597136,1
2015-07-23,632.01,10.604285714285693,0.01677866760697725,0.0335573352139545,-0.043939178177560434,-0.04944542016740239,0
2015-07-24,631.26,10.402857142857117,0.01647951263006862,0.03295902526013724,-0.05861293286442992,-0.05861293286442992,0
2015-07-27,635.46,9.994285714285695,0.015727639370354853,0.031455278740709705,-0.07306518112863136,-0.07306518112863136,0
2015-07-28,631.47,9.717857142857124,0.015389261790515977,0.030778523581031954,-0.09235593139816622,-0.09235593139816622,0
2015-07-29,624.7,9.49642857142855,0.015201582473873139,0.030403164947746277,-0.07120217704498166,-0.08251960941251812,0
2015-07-30,626.57,9.209999999999988,0.01469907592128571,0.02939815184257142,-0.07780455495794558,-0.08525783232519923,0
2015-07-31,621.06,9.282857142857138,0.014946796030749264,0.02989359206149853,-0.08754387659807406,-0.08754387659807406,0
2015-08-03,609.47,9.527857142857133,0.015633020727611094,0.03126604145522219,-0.08723973288266862,-0.08723973288266862,0
2015-08-04,600.76,9.454999999999993,0.015738398029163048,0.031476796058326095,-0.12289433384379789,-0.12289433384379789,0
2015-08-05,607.08,9.304285714285713,0.015326292604410808,0.030652585208821616,-0.12700138367266256,-0.13202543322132188,0
2015-08-06,601.04,9.518571428571429,0.015836835199939153,0.031673670399878305,-0.09175762012511646,-0.12330294156794896,0
2015-08-07,603.76,9.073571428571427,0.015028440818489842,0.030056881636979685,-0.0794189744269247,-0.1272525506823904,0
2015-08-10,614.53,9.08285714285714,0.014780168816586888,0.029560337633173776,-0.07104616536214658,-0.1425479634842889,0
2015-08-11,613.05,8.522857142857147,0.01390238503035176,0.02780477006070352,-0.07878639588940539,-0.1404779381779626,0
2015-08-12,604.24,8.735714285714291,0.014457358476291359,0.028914716952582718,-0.06939295644114929,-0.12794584933139164,0
2015-08-13,594.26,9.286428571428571,0.015626878086071033,0.031253756172142065,-0.06724329418099828,-0.11330057550567096,0
2015-08-14,589.03,9.654999999999989,0.016391355279018027,0.032782710558036054,-0.05470010016467752,-0.10542756735650138,0
2015-08-17,573.15,10.50285714285714,0.01832479655039194,0.03664959310078388,-0.031789234929774146,-0.0806420657768473,0
2015-08-18,580.22,10.435714285714287,0.017985788641746728,0.035971577283493456,-0.023267036641274053,-0.09184447278618468,0
2015-08-19,577.82,10.942857142857138,0.01893817649589342,0.03787635299178684,-0.009483922328752947,-0.08807241009310873,0
2015-08-20,566.69,11.215714285714276,0.019791622025647663,0.039583244051295326,0.009493726728899476,-0.07016181686636447,0
2015-08-21,556.3,11.855000000000002,0.02131044400503326,0.04262088801006652,0.018766852417760216,-0.05279525435915877,1
2015-08-24,526.93,13.540714285714289,0.02569736831403467,0.05139473662806934,0.06687795342834923,0.005788245117947399,2
2015-08-25,529.98,14.742142857142856,0.02781641355738491,0.05563282711476982,0.0628136910826822,0.030020000754745313,2
2015-08-26,545.89,15.274285714285716,0.027980519361566827,0.055961038723133655,0.03341332502885197,0.015406034182710693,1
2015-08-27,555.81,15.756428571428573,0.028348587775370315,0.05669717555074063,0.012000503769273863,-0.0027167557258774844,1
2015-08-28,570.87,16.06285714285715,0.02813750441056134,0.05627500882112268,-0.008092910820326926,-0.02902587279065294,1
2015-08-31,564.75,16.105,0.0285170429393537,0.0570340858787074,0.013050022133687555,-0.018503762726870376,1
2015-09-01,562.31,15.880714285714289,0.02824192044550922,0.05648384089101844,0.019366541587380715,-0.014244811580800598,1
2015-09-03,554.3,15.669285714285715,0.02826860132470813,0.05653720264941626,0.033231102291178205,0.001136568645138114,1
2015-09-04,556.81,15.099285714285722,0.0271174830090798,0.0542349660181596,0.024137497530576146,-0.0033763761426698347,1
2015-09-07,554.93,14.078571428571431,0.025369995186008024,0.05073999037201605,0.027841349359378764,0.013046690573585984,1
2015-09-08,566.72,14.320000000000002,0.025268210050818748,0.050536420101637496,-0.0032467532467532756,-0.008028656126482292,1
2015-09-09,572.34,14.050714285714289,0.02454959339852935,0.0490991867970587,-0.01948142712373757,-0.01948142712373757,1
2015-09-10,572.07,13.787142857142856,0.024100447247964157,0.04820089449592831,-0.016483996713688942,-0.019018651563619815,1
2015-09-11,566.74,12.603571428571424,0.022238718686825393,0.044477437373650786,-0.005646328122243083,-0.009792850337015158,1
2015-09-14,562.17,11.034999999999993,0.019629293630040724,0.03925858726008145,0.00352206627888374,-0.0017432449259119354,1
2015-09-15,563.27,9.577857142857129,0.01700402496645859,0.03400804993291718,0.011948088838390047,-0.0036927228504978205,1
2015-09-16,564.13,8.664999999999988,0.015359934766809049,0.030719869533618098,0.030418520553773032,-0.00521156471026174,1
2015-09-17,562.48,7.974285714285705,0.014177012008045983,0.028354024016091967,0.03038330251742294,-0.002293414876973321,2
2015-09-18,566.25,7.399999999999985,0.013068432671081652,0.026136865342163303,0.03625607064017666,-0.00893598233995574,2
2015-09-21,572.12,7.2564285714285575,0.012683403082270428,0.025366806164540855,0.027791372439348372,-0.01910438369572809,2
2015-09-22,573.2,7.0428571428571285,0.012286910577210621,0.024573821154421242,0.03297278436845774,-0.020952547103977648,2
2015-09-23,572.72,6.578571428571422,0.01148654041865383,0.02297308083730766,0.031638496996787335,-0.020132001676211764,2
2015-09-24,570.25,6.624285714285707,0.011616458946577302,0.023232917893154605,0.03459886014905744,-0.015887768522577672,2
2015-09-25,570.38,6.533571428571422,0.011454769502036225,0.02290953900407245,0.03860584171955539,-0.01611206564045009,2
2015-09-28,564.88,6.168571428571421,0.010920144860096695,0.02184028972019339,0.04981589010055232,-0.0065323608554027635,2
2015-09-29,561.19,6.112857142857138,0.010892669404047001,0.021785338808094003,0.05955202337889132,0.002583795149592616,2
2015-09-30,562.64,5.785714285714278,0.010283154922711285,0.02056630984542257,0.049427697995165776,0.0015996018768662523,2
2015-10-01,563.54,5.44142857142856,0.009655798295468929,0.02,0.047379068034212324,0.0010824431273734891,2
2015-10-02,564.15,4.904999999999989,0.008694496144642364,0.02,0.05482584419037506,0.010369582557830492,2
2015-10-05,570.0,5.054999999999991,0.008868421052631564,0.02,0.05568421052631578,0.016789473684210687,2
2015-10-06,581.29,5.644285714285705,0.009709930868044704,0.02,0.02979579899877871,-0.0029589361592319285,2
2015-10-07,579.57,5.9557142857142695,0.01027609138795015,0.0205521827759003,0.03255862104663798,0.012440257432234203,2
2015-10-08,586.78,6.081428571428554,0.010364069278824354,0.02072813855764871,0.016121885544837955,0.002113228126384703,1
2015-10-09,588.02,6.019999999999982,0.01023774701540761,0.02047549403081522,0.029216693309751518,0.003333219958504774,2
2015-10-12,592.1,6.149285714285701,0.010385552633483702,0.020771105266967405,0.025789562573889535,-0.0035804762709001903,2
2015-10-13,590.84,6.093571428571416,0.010313403677089257,0.020626807354178513,0.020174666576399547,-0.0014555548033309273,1
2015-10-14,589.98,6.012857142857131,0.01019162877191961,0.02038325754383922,0.03683175700871222,0.00044069290484416435,2
2015-10-15,592.4,6.07071428571427,0.01024766084691808,0.02049532169383616,0.030722484807562456,-0.0036461850101282556,2
2015-10-16,593.02,6.075714285714274,0.010245378377987713,0.020490756755975427,0.037368048295167045,-0.004687868874574175,2
2015-10-19,594.61,6.024285714285701,0.010131490749038363,0.020262981498076725,0.029851499302063544,-0.007349355039437677,2
2015-10-20,590.45,6.284999999999992,0.010644423744601561,0.021288847489203122,0.03422813108645939,-0.0003556609365739094,2
2015-10-21,590.24,6.404285714285704,0.0108503078650815,0.021700615730163,0.025464217945242673,0.008200054215234509,2
2015-10-22,595.08,6.603571428571415,0.011096947349215928,0.022193894698431856,0.014199771459299404,0.0019493177387914784,1
2015-10-23,601.74,6.704999999999984,0.011142686209991,0.022285372419982,0.006381493668361715,-0.009140160202080638,1
2015-10-26,598.61,6.476428571428552,0.010819111894937524,0.02163822378987505,0.021148995172148854,-0.003959172081989926,1
2015-10-27,598.44,6.273571428571415,0.010483208723633806,0.020966417447267613,0.017996791658311473,-0.003676224851280052,1
2015-10-28,596.24,5.992857142857133,0.01005108201874603,0.02010216403749206,0.014775929156044532,0.010935193881658423,1
2015-10-29,605.2,6.18714285714285,0.010223302804267762,0.020446605608535524,-0.0030733641771315545,-0.0040317250495705,1
2015-10-30,607.37,5.998571428571422,0.009876305099974352,0.02,-0.009006042445297013,-0.009006042445297013,1
2015-11-02,602.76,6.328571428571414,0.010499322165657002,0.020998644331314004,0.00282035967881078,-0.0014267701904572272,1
2015-11-03,611.71,6.838571428571413,0.01117943376529959,0.02235886753059918,-0.01915940560069318,-0.01915940560069318,1
2015-11-04,610.6,6.979999999999985,0.011431378971503415,0.02286275794300683,-0.02746478873239433,-0.02746478873239433,0
2015-11-05,615.18,7.022142857142845,0.011414777556394626,0.02282955511278925,-0.03166552878832196,-0.034705289508761505,0
2015-11-06,612.36,7.19285714285713,0.01174612506182169,0.02349225012364338,-0.035861258083480396,-0.035861258083480396,0
2015-11-09,610.66,6.859285714285696,0.01123257739869272,0.02246515479738544,-0.0455245144597648,-0.0455245144597648,0
2015-11-10,605.27,6.9249999999999785,0.011441175012804167,0.022882350025608334,-0.052984618434748,-0.052984618434748,0
2015-11-11,603.53,6.912857142857125,0.011454040632374738,0.022908081264749476,-0.0548771394959654,-0.0548771394959654,0
2015-11-12,605.58,7.073571428571419,0.011680655617047158,0.023361311234094316,-0.051454803659301995,-0.05807655470788342,0
2015-11-13,611.27,7.028571428571419,0.011498309140922047,0.022996618281844093,-0.060349763606916684,-0.066844438627775,0
2015-11-16,609.21,7.145714285714275,0.011729476347588311,0.023458952695176623,-0.06170286108238543,-0.06368903990413821,0
2015-11-17,605.05,7.237142857142844,0.011961231067090067,0.023922462134180134,-0.06847367986116837,-0.06847367986116837,0
2015-11-18,603.34,6.9178571428571285,0.011465934867333723,0.022931869734667445,-0.04838068087645453,-0.06583352670136244,0
2015-11-19,601.9,6.963571428571405,0.011569316212944684,0.023138632425889368,-0.0609735836517693,-0.06359860441933873,0
2015-11-20,604.46,6.713571428571413,0.01110672571976874,0.02221345143953748,-0.07183271018760562,-0.07183271018760562,0
2015-11-23,599.99,6.4599999999999875,0.01076684611410188,0.02153369222820376,-0.06093434890581517,-0.0649177486291439,0
2015-11-24,593.83,6.632142857142851,0.01116842001438602,0.02233684002877204,-0.05323072259737638,-0.055217823282757816,0
2015-11-25,595.7,6.69571428571427,0.011240077699705002,0.022480155399410003,-0.046499916065133484,-0.05818364948799748,0
2015-11-26,590.4,6.439285714285704,0.010906649245063862,0.021813298490127725,-0.03023373983739841,-0.04972899728997293,0
2015-11-27,582.86,6.8349999999999955,0.011726658202655862,0.023453316405311724,-0.009865147719864131,-0.03743609099955403,1
2015-11-30,573.2,7.275000000000001,0.012691905094207957,0.025383810188415915,-0.008757850662944988,-0.021214235868806885,1
2015-12-01,570.41,7.3657142857142945,0.012913017453611078,0.025826034907222156,-0.006153468557704045,-0.01642678073666315,1
2015-12-02,574.42,7.144285714285721,0.012437390261978555,0.02487478052395711,-0.0140489537272378,-0.023293060826572898,1
2015-12-03,574.38,6.865000000000009,0.011952017827918816,0.02390403565583763,-0.017601587799018104,-0.02322504265468861,1
2015-12-04,571.62,6.880000000000011,0.012035967950736522,0.024071935901473045,-0.009534306007487614,-0.018508799552150124,1
2015-12-07,563.62,7.028571428571444,0.01247040812705625,0.0249408162541125,0.007185692487846396,-0.004577552251517014,1
2015-12-08,574.15,7.938571428571444,0.013826650576628833,0.027653301153257665,-0.007402246799616874,-0.022833754245406235,1
2015-12-09,565.2,8.41785714285716,0.014893590132443665,0.02978718026488733,0.01962137296532185,-0.00736022646850687,1
2015-12-10,561.04,8.553571428571445,0.015245920840887361,0.030491841681774722,0.032814059603593515,0.002103236845857781,2
2015-12-11,563.43,8.532142857142869,0.015143217182512237,0.030286434365024473,0.027687556573132488,-0.0021475604777877466,1
2015-12-14,562.22,8.225714285714291,0.01463077493812794,0.02926154987625588,0.021681903881042963,0.003646259471381308,1
2015-12-15,568.0,8.06142857142858,0.014192655935613698,0.028385311871227396,0.0034154929577465687,-0.0065669014084507316,1
2015-12-16,572.55,8.220714285714289,0.014358072283144336,0.02871614456628867,0.0035280761505547265,-0.014461619072570042,1
2015-12-17,577.11,8.052857142857144,0.01395376469452469,0.02790752938904938,-0.02036007000398532,-0.022248791391589195,1
2015-12-18,568.18,7.915714285714289,0.013931701724302668,0.027863403448605335,-0.01430884578830649,-0.01430884578830649,1
2015-12-21,566.9,7.827142857142852,0.01380691983972985,0.0276138396794597,-0.015928735226671376,-0.015928735226671376,1
2015-12-22,566.35,7.738571428571423,0.013663938251207597,0.027327876502415194,-0.0036902975192019127,-0.014973073187958041,1
2015-12-23,564.27,7.897142857142853,0.01399532645212904,0.02799065290425808,-0.00691158487957888,-0.011342088007514128,1
2015-12-24,566.17,7.6678571428571365,0.01354338298189084,0.02708676596378168,-0.02320857692919087,-0.02320857692919087,1
2015-12-25,567.67,7.389999999999994,0.013018126728557075,0.02603625345711415,-0.04338788380573222,-0.04338788380573222,0
2015-12-28,569.9,6.534285714285708,0.01146567066903967,0.02293134133807934,-0.07638182137217053,-0.07638182137217053,0
2015-12-29,576.29,6.4178571428571365,0.011136506173727008,0.022273012347454015,-0.07031182217286436,-0.08662305436498974,0
2015-12-30,579.45,6.214999999999991,0.010725688152558444,0.021451376305116888,-0.08630597980843902,-0.09160410734317026,0
2015-12-31,579.03,6.049999999999995,0.01044850871284734,0.02089701742569468,-0.09869954924615298,-0.09869954924615298,0
2016-01-04,574.41,6.159285714285716,0.010722803771323125,0.02144560754264625,-0.09082362772235852,-0.0914503577583955,0
2016-01-05,569.94,6.132142857142859,0.010759277918978943,0.021518555837957885,-0.04840860441449979,-0.08432466575428998,0
2016-01-06,574.57,5.9557142857142935,0.010365515578109356,0.020731031156218712,-0.06411751396696663,-0.0917033607741442,0
2016-01-07,565.36,6.445000000000009,0.01139981604641292,0.02279963209282584,-0.04009834441771609,-0.07690674968161881,0
2016-01-08,560.05,6.386428571428577,0.011403318581249133,0.022806637162498266,-0.036746719042942466,-0.06815462905097758,0
2016-01-11,557.87,6.35785714285715,0.011396664353446412,0.022793328706892824,-0.022621757757183558,-0.06451323785111229,1
2016-01-12,564.26,6.466428571428578,0.011460015899458722,0.022920031798917443,-0.04200191401127151,-0.07510722007585158,0
2016-01-13,560.37,6.451428571428575,0.011512801490851713,0.023025602981703426,-0.04268608240983629,-0.0686867605332191,0
2016-01-14,553.03,6.897142857142861,0.012471552821985898,0.024943105643971796,-0.025242753557673026,-0.056326058260853795,0
2016-01-15,543.04,7.553571428571429,0.013909788281841907,0.027819576563683814,-0.0016389216263995587,-0.038965822038892095,1
2016-01-18,526.37,8.955714285714285,0.017014104690074063,0.034028209380148125,0.034918403404449405,-0.008530121397496093,2
2016-01-19,535.77,8.978571428571431,0.016758257141257313,0.03351651428251463,0.014969109879239273,-0.02592530376840807,1
2016-01-20,529.44,9.222142857142867,0.017418674178646995,0.03483734835729399,0.035150347537020066,-0.014279238440616626,2
2016-01-21,521.88,9.60642857142858,0.018407351443681653,0.036814702887363306,0.04822947804092892,0.0006898137502875379,2
2016-01-22,522.24,9.977142857142862,0.019104516806722698,0.038209033613445395,0.05792356004901955,0.027209712009804043,2
2016-01-25,542.35,10.975714285714291,0.020237326976517547,0.040474653953035095,0.021535908546141735,-0.010878583940259978,1
2016-01-26,537.73,11.450000000000005,0.021293214066538977,0.042586428133077954,0.04273520168114109,-0.0023803767690103728,2
2016-01-27,542.69,10.926428571428573,0.020133830679446043,0.040267661358892086,0.03425528386371579,-0.011498277101107512,1
2016-01-28,539.47,10.722142857142858,0.019875327371573687,0.03975065474314737,0.05295938606409978,-0.005598087011325914,2
2016-01-29,545.25,10.912857142857149,0.020014410165716916,0.04002882033143383,0.03222375057313176,-0.016139385602934375,1
2016-02-01,540.56,10.992857142857158,0.020336053616355557,0.04067210723271111,0.047265798431256556,-0.00760322628385357,2
2016-02-02,536.45,11.080714285714302,0.0206556329307751,0.0413112658615502,0.042725323888526345,0.004883959362475432,2
2016-02-03,539.07,11.014285714285734,0.020432013865148743,0.040864027730297486,0.04171999925798109,0.005713543695623713,2
2016-02-04,542.15,10.485000000000014,0.0193396661440561,0.0386793322881122,0.05170155860924086,0.0030249930830950067,2
2016-02-05,544.75,9.057857142857156,0.016627548678948428,0.033255097357896855,0.047067462138595584,-0.0017622762735199915,2
2016-02-15,543.79,8.830714285714302,0.01623919948089208,0.03247839896178416,0.05491090310597846,0.005994961290203937,2
2016-02-16,548.05,8.684285714285725,0.015845790921057798,0.031691581842115596,0.051363926649028446,-0.0018246510354894552,2
2016-02-17,547.05,8.31714285714287,0.015203624636034859,0.030407249272069718,0.05056210584041687,0.00994424641257674,2
2016-02-18,552.49,8.030714285714298,0.0145354925622442,0.0290709851244884,0.034787959963076265,0.0027873807670726336,2
2016-02-19,554.03,6.863571428571439,0.01238844724757042,0.02477689449514084,0.039492446257422875,0.009638467231016357,2
2016-02-22,560.71,6.556428571428585,0.011693083004456107,0.023386166008912215,0.029516149168019146,-0.0023898271833925344,2
2016-02-23,561.28,6.607857142857158,0.011772835559537412,0.023545671119074824,0.029753420752565596,-0.003402936145952107,2
2016-02-24,568.04,7.021428571428593,0.012360799541279827,0.024721599082559654,0.010562636434053863,-0.015263009647207837,1
2016-02-25,562.82,7.207857142857157,0.012806682674491233,0.025613365348982467,0.025318929675562263,-0.0061298461319783115,1
2016-02-26,566.11,6.950000000000005,0.012276765999540733,0.024553531999081467,0.02322870113582165,-0.011905813357828032,1
2016-02-29,559.37,6.9542857142857155,0.012432353744901791,0.024864707489803583,0.02940808409460649,0.003915118794357797,2
2016-03-01,561.56,6.771428571428568,0.012058245906810615,0.02411649181362123,0.019071871215898595,0.01535009616069516,1
2016-03-02,570.18,6.951428571428575,0.012191638730626425,0.02438327746125285,0.0012802974499281916,0.00036830474586979634,1
2016-03-03,570.39,6.922142857142863,0.012135806828911558,0.024271613657823116,0.00757376531846643,0.000911656936481986,1
2016-03-04,573.65,6.939999999999998,0.012097969144949008,0.024195938289898015,-0.005212237427002497,-0.005212237427002497,1
2016-03-07,576.2,7.097142857142858,0.012317151782615164,0.024634303565230328,-0.0071502950364457085,-0.009614717112114035,1
2016-03-08,574.71,7.097857142857143,0.012350328240081332,0.024700656480162664,0.0017574080840772055,-0.007047032416349186,1
2016-03-09,571.71,6.87214285714286,0.01202032998748117,0.02404065997496234,-0.005999545223977276,-0.005999545223977276,1
2016-03-10,575.91,6.915714285714289,0.012008324713434894,0.024016649426869787,-0.010418294525186278,-0.013248597871195145,1
2016-03-11,577.26,6.823571428571427,0.011820620567112613,0.023641241134225225,-0.027786439386065176,-0.027786439386065176,0
2016-03-14,577.98,6.588571428571429,0.011399306945865651,0.022798613891731302,-0.033824699816602743,-0.033824699816602743,0
2016-03-15,574.04,6.191428571428568,0.010785709308460331,0.021571418616920662,-0.03173994843564898,-0.03173994843564898,0
2016-03-16,577.07,5.74714285714286,0.009959178015046458,0.02,-0.029025941393591714,-0.03682395549933282,0
2016-03-17,579.26,5.893571428571428,0.010174311066829107,0.020348622133658213,-0.01980112557400826,-0.04046542139971676,1
2016-03-18,575.82,5.781428571428568,0.010040339987198372,0.020080679974396744,-0.0073286791011080155,-0.0347330763085687,1
2016-03-21,572.27,5.944285714285717,0.01038720484087182,0.02077440968174364,0.00012231988397104487,-0.02874517273315036,1
2016-03-22,570.91,5.757142857142859,0.010084151367365889,0.020168302734731778,0.014643288784571995,-0.0264314865740658,1
2016-03-23,574.71,5.781428571428576,0.01005973198905287,0.02011946397810574,0.00892624106070894,-0.03286875119625543,1
2016-03-24,570.66,5.735714285714299,0.010051018620043983,0.020102037240087967,0.012897346931623144,-0.02600497669365287,1
2016-03-25,572.08,5.757142857142867,0.010063527578560457,0.020127055157120915,0.012952733883372813,-0.028422598238008634,1
2016-03-28,575.72,5.691428571428576,0.0098857579577374,0.02,0.007190995622872176,-0.03456541374279154,1
2016-03-29,568.28,5.902142857142865,0.01038597673179219,0.02077195346358438,0.0,-0.021925811219821068,1
2016-03-30,569.91,6.0414285714285825,0.010600671283937083,0.021201342567874166,-0.003298766471899084,-0.024723201909073178,1
2016-03-31,561.22,6.298571428571441,0.011222998874900112,0.022445997749800224,0.025854388653290927,-0.009621895156979421,2
2016-04-01,558.43,6.383571428571437,0.011431283112603975,0.02286256622520795,0.060974517844671894,-0.004673817667388724,2
2016-04-04,555.82,6.40142857142858,0.011517089294067468,0.023034178588134935,0.06433737540930506,0.008096146234392476,2
2016-04-05,560.32,6.442857142857155,0.011498531451415538,0.022997062902831076,0.06810394060536828,0.013331667618503573,2
2016-04-06,567.79,6.51500000000001,0.011474312686028304,0.022948625372056608,0.04609098434280301,0.0004226914880500754,2
2016-04-07,571.6,6.527857142857158,0.011420323902829177,0.022840647805658355,0.03511196641007697,-0.006245626312106456,2
2016-04-08,572.34,6.300000000000011,0.011007443128210524,0.02201488625642105,0.045479959464653774,-0.0075304888702520945,2
2016-04-11,579.27,6.552857142857151,0.011312267410459978,0.022624534820919955,0.03418095188772097,-0.019403732283736486,2
2016-04-12,579.84,6.622142857142868,0.01142063820561339,0.02284127641122678,0.03737237858719644,-0.020367687637969145,2
2016-04-13,578.02,6.665714285714289,0.011531978626542835,0.02306395725308567,0.04930625237881037,-0.017283138991730396,2
2016-04-14,579.49,6.774285714285709,0.011690082165845326,0.023380164331690653,0.042036963536903116,-0.019776009939774686,2
2016-04-15,579.86,6.949285714285712,0.011984419884602682,0.023968839769205365,0.04344152036698512,-0.020401476218397607,2
2016-04-19,568.28,7.219999999999994,0.012705004575209395,0.02541000915041879,0.08055887942563511,-0.0004399239811360145,2
2016-04-20,568.03,7.224999999999999,0.012719398623312148,0.025438797246624296,0.07761913983416369,0.013555622062215056,2
2016-04-21,575.73,7.200714285714282,0.012507102783794976,0.025014205567589952,0.0609487085960434,0.027530265923262576,2
2016-04-22,592.48,8.139285714285709,0.013737654797268614,0.02747530959453723,0.03932622198217661,-0.001519038617337265,2
2016-04-25,591.58,8.382857142857135,0.014170284902899245,0.02834056980579849,0.05607018492849658,0.00015213496061372567,2
2016-04-26,598.48,8.60571428571427,0.014379284664005933,0.028758569328011865,0.04005146370806045,-0.011378826360112337,2
2016-04-27,593.96,8.81785714285713,0.014845877067238753,0.029691754134477506,0.04249444407030767,-0.0038554784833997324,2
2016-04-28,591.67,8.943571428571415,0.015115810212739222,0.030231620425478445,0.039109638818936254,0.01132387986546557,2
2016-04-29,598.37,9.167857142857128,0.015321385000680397,0.030642770001360793,0.021157477814729875,0.001169844744890458,1
2016-05-04,599.07,9.247142857142851,0.015435830298867996,0.03087166059773599,0.0209491378303035,0.00407297978533383,1
2016-05-05,601.51,9.27142857142856,0.01541359008400286,0.03082718016800572,0.017256570963076312,0.0038902096390749374,1
2016-05-06,606.52,9.290714285714282,0.015318067476281545,0.03063613495256309,-0.0035942755391412673,-0.004402163160324379,1
2016-05-09,603.85,9.290714285714289,0.015385798270620666,0.03077159654124133,0.007054732135464148,0.000811459799619163,1
2016-05-10,605.05,9.351428571428576,0.015455629404889806,0.030911258809779612,0.015618543921990025,-0.0011734567391122885,1
2016-05-11,614.06,9.167857142857144,0.014929904476528588,0.029859808953057176,0.0071328534670880295,-0.015829072077646944,1
2016-05-12,612.12,9.09857142857142,0.014864032262581553,0.029728064525163106,0.012644579494216934,-0.012709926158269602,1
2016-05-13,610.82,8.947142857142849,0.0146477568795109,0.0292955137590218,0.020546151075603314,-0.010608689957761763,1
2016-05-16,615.78,8.216428571428562,0.01334312347174082,0.02668624694348164,0.009906135308064501,-0.018578063594140715,1
2016-05-17,624.75,8.238571428571422,0.013186989081346814,0.02637397816269363,-0.007523009203681541,-0.032669067627050796,1
2016-05-18,622.45,8.076428571428567,0.012975224630779285,0.02595044926155857,0.0035344204353762176,-0.02909470640212064,1
2016-05-19,619.2,7.727142857142853,0.012479235880398664,0.024958471760797327,0.014001937984496005,-0.02399870801033599,1
2016-05-20,614.81,7.781428571428576,0.01265663956576597,0.02531327913153194,0.026756233633155047,-0.01702965143702917,2
2016-05-23,611.03,7.629285714285719,0.012485942939439502,0.024971885878879004,0.03078408588776349,-0.01094872592180407,2
2016-05-24,611.62,7.224999999999999,0.011812890356757462,0.023625780713514923,0.01955462542101305,-0.011902815473660122,1
2016-05-25,611.89,7.12642857142857,0.011646584470131184,0.023293168940262367,0.02212816029024811,-0.012338819068786755,1
2016-05-26,604.34,7.240714285714278,0.01198119317886335,0.0239623863577267,0.03752854353509605,0.0062382102789819704,2
2016-05-27,608.11,7.068571428571423,0.011623836852825021,0.023247673705650042,0.027955468582986587,0.010507967308546196,2
2016-05-30,614.5,7.046428571428562,0.011466930140648595,0.02293386028129719,0.007729861676159411,0.006411716842961823,1
2016-05-31,618.44,6.8771428571428475,0.011120145619854548,0.022240291239709095,0.012968113317379126,0.0013097471056204846,1
2016-06-01,619.86,6.767142857142858,0.010917211720618943,0.021834423441237885,0.013131997547833452,-0.0009840931823315024,1
2016-06-02,623.37,6.687142857142858,0.01072740564535165,0.0214548112907033,0.0048767184818003795,-0.006609236889808634,1
2016-06-03,621.88,6.393571428571436,0.01028103722353418,0.02056207444706836,0.016707403357560935,-0.004229111725734813,1
2016-06-06,620.05,6.195714285714287,0.00999228172843204,0.02,0.0011611966776874372,-0.0012902185307636094,1
2016-06-07,624.65,6.097142857142866,0.009760894672445154,0.02,-0.005411030176899034,-0.00864484111102215,1
2016-06-08,627.87,6.274285714285725,0.00999296942724724,0.02,-0.009030531797983632,-0.013728956631149813,1
2016-06-09,631.26,6.054285714285721,0.009590795732797456,0.02,-0.0018059119855526884,-0.01902544118112981,1
2016-06-10,629.84,5.949285714285728,0.00944570956796286,0.02,0.0038422456496887136,-0.016813793979423397,1
2016-06-13,623.58,6.195714285714303,0.009935716805725492,0.02,0.026812918951858444,-0.006943776259662027,2
2016-06-14,625.43,6.375000000000016,0.010192987224789372,0.020385974449578743,0.03602321602737324,-0.0098812017332075,2
2016-06-15,627.02,6.229285714285733,0.009934748037200939,0.02,0.03805301266307293,-0.012391949220120546,2
2016-06-16,625.11,6.1142857142857325,0.009781135662980488,0.02,0.03895314424661267,-0.009374350114379926,2
2016-06-17,619.25,6.081428571428595,0.009820635561451102,0.02,0.06761404925312875,0.0024545821558337177,2
2016-06-20,626.46,6.122142857142884,0.009772599778346396,0.02,0.05143185518628468,-0.009082782619800223,2
2016-06-21,628.0,6.236428571428592,0.009930618744313044,0.02,0.038630573248407574,-0.011512738853503235,2
2016-06-22,626.41,6.093571428571457,0.009727768440113436,0.02,0.051866988074902975,-0.009003687680592565,2
2016-06-23,632.27,6.280714285714315,0.00993359527688221,0.02,0.06777167982033006,-0.01818843215714805,2
2016-06-24,620.77,8.210714285714321,0.013226660898101263,0.026453321796202526,0.07397264687404359,0.000805451294360271,2
2016-06-27,621.27,8.808571428571456,0.014178330562511398,0.028356661125022796,0.06967984934086613,0.001496933700323666,2
2016-06-28,622.2,8.749285714285747,0.014061854249896732,0.028123708499793464,0.0824493731918996,0.012729026036644164,2
2016-06-29,630.12,9.039285714285743,0.014345340116621823,0.028690680233243646,0.05973465371675224,0.003396178505681524,2
2016-06-30,632.26,9.21285714285717,0.014571311079076913,0.029142622158153827,0.04428557871761618,0.012716287603201204,2
2016-07-01,640.3,9.416428571428591,0.014706276075946574,0.02941255215189315,0.030095267843198714,0.011963142277057859,2
2016-07-04,647.96,9.44428571428574,0.01457541470813899,0.02915082941627798,0.0029477128217789694,0.0023149577134391475,1
2016-07-05,650.88,9.725714285714316,0.014942407641522732,0.029884815283045464,-0.002427482792527136,-0.002427482792527136,1
2016-07-06,649.46,9.953571428571454,0.015325919115221034,0.03065183823044207,-0.0013395744156684541,-0.0013395744156684541,1
2016-07-07,661.12,10.29000000000002,0.015564496611810292,0.031128993223620584,-0.007578049370764783,-0.018952686350435566,1
2016-07-08,658.68,10.462142857142876,0.01588349859892949,0.03176699719785898,-0.002338009352037318,-0.015318515819517708,1
2016-07-11,652.26,11.220714285714305,0.017202824465265852,0.034405648930531704,-4.599392880133557e-05,-0.005626590623371008,1
2016-07-12,658.9,11.570714285714294,0.017560653036446036,0.03512130607289207,-0.015966003945970475,-0.015966003945970475,1
2016-07-13,675.12,12.354285714285718,0.018299392277351757,0.036598784554703515,-0.057871193269344756,-0.057871193269344756,0
2016-07-14,666.69,10.959285714285711,0.016438353229065547,0.032876706458131094,-0.05261815836445727,-0.05261815836445727,0
2016-07-15,664.56,10.652142857142849,0.016028865500696474,0.03205773100139295,-0.04908510894426377,-0.04958167810280478,0
2016-07-18,673.5,10.94142857142856,0.016245625198854582,0.032491250397709164,-0.06846325167037859,-0.06846325167037859,0
2016-07-19,667.76,11.527857142857133,0.017263473617552913,0.034526947235105826,-0.057355936264526064,-0.06045585240206064,0
2016-07-20,660.26,11.546428571428562,0.017487699650786906,0.03497539930157381,-0.03471359767364368,-0.04978341865325786,1
2016-07-21,659.57,11.444999999999993,0.017352214321451842,0.034704428642903684,-0.01704140576436164,-0.048789362766651134,1
2016-07-22,649.87,12.277142857142849,0.018891690425997275,0.03778338085199455,0.015957037561358467,-0.034591533691353704,1
2016-07-25,649.3,12.077142857142844,0.01860025081956391,0.03720050163912782,0.009872170029262328,-0.033744032034498606,1
2016-07-26,648.59,12.129285714285702,0.018701006358848735,0.03740201271769747,0.016774850059359636,-0.03268628871860502,1
2016-07-27,656.11,11.894285714285704,0.018128493262236065,0.03625698652447213,0.003048269345079291,-0.04377314779533925,1
2016-07-28,657.14,11.731428571428564,0.017852251531528387,0.035704503063056774,0.005128283166448533,-0.04527193596493895,1
2016-07-29,652.23,11.072857142857133,0.01697692093718034,0.03395384187436068,0.012909556444812287,-0.038084724713674634,1
2016-08-01,648.38,11.09571428571428,0.017112980483226316,0.03422596096645263,0.021438045590548738,-0.03237299114716685,1
2016-08-02,636.05,10.944999999999993,0.01720776668500903,0.03441553337001806,0.03400676047480533,-0.013615281817467184,1
2016-08-03,631.61,10.468571428571424,0.016574423186098104,0.03314884637219621,0.04361868874780317,-0.0066813381675401295,2
2016-08-04,631.94,10.518571428571429,0.016644889433445307,0.033289778866890614,0.04562141975503997,-0.007200050637718891,2
2016-08-05,627.39,10.390000000000002,0.016560671990309063,0.033121343980618126,0.04958638167646923,0.0032993831588008504,2
2016-08-08,629.46,9.71214285714286,0.015429324908878815,0.03085864981775763,0.06082991770724111,0.012518666793759792,2
2016-08-09,637.34,9.732142857142858,0.01526993889782982,0.03053987779565964,0.05036558194997953,0.017243543477578616,2
2016-08-10,648.33,9.832142857142856,0.015165336876502483,0.030330673753004966,0.037542609473570465,0.011383091943917512,2
2016-08-11,660.24,9.304999999999998,0.014093359990306552,0.028186719980613104,0.021795104810371946,-0.006861141403126103,1
2016-08-12,655.71,9.856428571428571,0.015031688660274467,0.030063377320548933,0.020557868569947013,0.003004376934925279,1
2016-08-15,659.47,9.628571428571433,0.014600469207957045,0.02920093841591409,0.007703155564316777,-0.00271430087797786,1
2016-08-16,658.11,9.409285714285716,0.01429743616460123,0.02859487232920246,0.008797921320143898,-0.0006533862120314815,1
2016-08-17,660.51,9.149285714285716,0.013851850409964598,0.027703700819929195,0.001165765847602529,-0.004284567985344712,1
2016-08-18,660.65,9.341428571428578,0.014139754138240488,0.028279508276480975,0.008204041474305646,-0.004495572542193349,1
2016-08-19,662.28,9.193571428571431,0.013881698720437628,0.027763397440875255,0.006945702723923475,-0.006945702723923475,1
2016-08-22,657.68,8.637857142857156,0.013133829739169742,0.026267659478339485,0.003162632283177258,0.0012468069577911134,1
2016-08-23,659.16,8.487142857142869,0.012875694606989,0.025751389213978,0.0008495661144487521,-0.0010012743491716325,1
2016-08-24,660.77,8.262857142857156,0.012504891479421215,0.02500978295884243,-0.0062502837598559235,-0.0062502837598559235,1
2016-08-25,658.5,7.893571428571436,0.011987200347109242,0.023974400694218485,-0.003523158694001549,-0.003523158694001549,1
2016-08-26,667.75,8.077142857142869,0.01209605819115368,0.02419211638230736,-0.024619992512167843,-0.024619992512167843,0
2016-08-29,669.44,8.362142857142869,0.012491250682873548,0.024982501365747097,-0.017253226577437997,-0.02708233747609956,1
2016-08-30,672.67,8.010000000000007,0.011907770526409692,0.023815541052819383,-0.013825501360250847,-0.031754054737092474,1
2016-08-31,674.63,7.505714285714289,0.011125675237855253,0.022251350475710505,-0.009116108088878305,-0.03456709603782826,1
2016-09-01,669.19,7.084285714285719,0.010586359201849577,0.021172718403699154,0.0032726131591924723,-0.02671886908053034,1
2016-09-05,664.55,7.35785714285715,0.011071939120994885,0.02214387824198977,0.014355578963208382,-0.019923256338875928,1
2016-09-06,663.9,7.300714285714297,0.010996707765799514,0.021993415531599027,0.019792137370085783,-0.018963699352312124,1
2016-09-07,661.28,7.5850000000000035,0.01147017904669732,0.02294035809339464,0.035703484151947684,-0.01507682071134775,2
2016-09-08,666.07,7.447142857142865,0.011180721031037075,0.02236144206207415,0.0310027474589758,-0.022159833050580446,2
2016-09-09,666.88,7.377857142857148,0.011063245475733487,0.022126490951466973,0.032494601727447225,-0.023347528790787053,2
2016-09-12,659.76,7.6678571428571445,0.011622191619463358,0.023244383238926716,0.03936279859342795,-0.012807687643991872,2
2016-09-13,659.72,7.7042857142857155,0.011678114524776746,0.023356229049553492,0.03536348754016849,-0.012747832413751436,2
2016-09-14,656.64,7.626428571428578,0.011614322263993327,0.023228644527986654,0.04197124756335291,-0.008117080896686169,2
2016-09-15,656.18,7.712142857142867,0.011753090397669645,0.02350618079533929,0.047029778414459544,-0.007421744033649258,2
2016-09-16,651.31,7.4178571428571525,0.011389134425783657,0.022778268851567314,0.055288572262056634,0.010102716064546824,2
2016-09-19,657.89,7.072857142857158,0.010750820263048775,0.02150164052609755,0.03961148520269364,0.00832965997355184,2
2016-09-20,663.37,7.340714285714308,0.011065791768868518,0.022131583537737035,0.01631065619488381,0.007703091788896055,1
2016-09-21,668.48,7.424285714285743,0.011106219653969816,0.022212439307939633,0.020763523216850155,0.004338200095739486,1
2016-09-22,671.38,7.205000000000025,0.01073162739432218,0.02146325478864436,0.016488426822365954,0.00403646221216003,1
2016-09-23,674.09,6.7857142857143105,0.010066481160845452,0.020132962321690904,0.01652598317732057,0.00014834814342301605,1
2016-09-26,677.04,6.859285714285737,0.010131285764926352,0.020262571529852703,0.01471109535625681,-0.004209500177241976,1
2016-09-27,684.89,6.928571428571453,0.010116327335150832,0.020232654670301664,-0.00575274861656605,-0.015622946750572964,1
2016-09-28,686.72,6.735714285714307,0.009808530821461887,0.02,-0.0068441286113700706,-0.018246155638396933,1
2016-09-29,688.55,6.731428571428596,0.009776237849725651,0.02,0.0004937913005591543,-0.020855420811850878,1
2016-09-30,685.73,6.2435714285714505,0.009104999677090764,0.02,0.000962477943213802,-0.016828781007101834,1
2016-10-03,683.05,6.186428571428597,0.009057065473140469,0.02,0.0026059585681870168,-0.01297123197423311,1
2016-10-04,684.2,6.4542857142857315,0.00943333194137055,0.02,-0.009032446653025494,-0.014630225080385806,1
2016-10-05,687.04,6.441428571428584,0.009375623793998289,0.02,-0.01580693991616211,-0.01870342338146236,1
2016-10-06,687.32,6.27500000000001,0.009129663039050238,0.02,-0.019947040679741623,-0.019947040679741623,1
2016-10-07,683.95,6.477857142857147,0.009471243720823374,0.02,-0.01030777103589453,-0.015118064185978608,1
2016-10-10,674.19,6.490714285714286,0.009627425926985397,0.02,0.011955086844954499,-0.0008602916091903223,1
2016-10-11,682.36,6.999285714285707,0.01025746777988995,0.0205149355597799,-0.009613693651445043,-0.012823143208863352,1
2016-10-12,682.45,6.869285714285703,0.010065624901876624,0.02013124980375325,-0.008572056560920194,-0.012953329914279443,1
2016-10-13,685.23,7.058571428571416,0.010301025098976133,0.020602050197952266,-0.020183004246749348,-0.020183004246749348,1
2016-10-14,687.0,7.0807142857142775,0.010306716573092107,0.020613433146184214,-0.028195050946142608,-0.028195050946142608,0
2016-10-17,680.95,6.962142857142851,0.010224161622942728,0.020448323245885455,-0.02088259049856822,-0.02088259049856822,0
2016-10-18,682.02,6.954999999999992,0.010197648162810463,0.020395296325620926,-0.011553913374974356,-0.02241869739890323,1
2016-10-19,688.89,7.069285714285708,0.010261849808076337,0.020523699616152673,-0.018043519284646203,-0.03216769005211273,1
2016-10-20,686.39,7.121428571428567,0.010375192778782568,0.020750385557565136,-0.023499759611882443,-0.028642608429609973,0
2016-10-21,684.83,6.963571428571421,0.010168321230920697,0.020336642461841394,-0.009725041251113509,-0.02642991691368668,1
2016-10-24,678.02,6.766428571428572,0.009979688757600915,0.02,0.001740361641249688,-0.016651426211616083,1
2016-10-25,676.18,6.9178571428571445,0.010230792308049847,0.020461584616099694,-0.00462894495548527,-0.013975568635570257,1
2016-10-26,673.61,7.024285714285717,0.010427822796997843,0.020855645593995685,0.0009649500452784121,-0.0102136250946393,1
2016-10-27,676.9,6.696428571428571,0.00989278855285651,0.02,-0.0033978431082877236,-0.015024375830994141,1
2016-10-28,682.25,6.42,0.009410040307805057,0.02,-0.011256870648589157,-0.0227482594356907,1
2016-10-31,675.8,6.018571428571436,0.008905847038430654,0.02,-0.003773305711748942,-0.01342113051198568,1
2016-11-01,676.6,5.962142857142867,0.008811916726489606,0.02,-0.003414129470883931,-0.014587644102867281,1
2016-11-02,671.4,5.983571428571436,0.008912081365164486,0.02,0.015653857610962163,-0.006955615132558823,1
2016-11-03,667.63,6.2478571428571446,0.009358263024215725,0.02,0.023261387295358205,-0.001348052064766403,2
2016-11-04,666.73,6.027857142857142,0.00904092682623722,0.02,0.01717336852998952,0.00529449702278284,1
2016-11-07,674.14,6.234285714285712,0.009247761168727137,0.02,0.0025662325333017932,-0.005755481057347134,1
2016-11-08,676.46,5.942142857142853,0.008784174758511742,0.02,-0.016512432368506746,-0.016512432368506746,1
2016-11-09,670.26,6.981428571428572,0.010416000613834292,0.020832001227668585,-0.017903500134276218,-0.017903500134276218,1
2016-11-10,678.17,7.302857142857143,0.01076847566665754,0.02153695133331508,-0.01931669050533036,-0.029358420455048106,1
2016-11-11,679.2,7.064285714285704,0.010400891805485429,0.020801783610970858,-0.018639575971731603,-0.03083038869257959,1
2016-11-14,673.05,7.070714285714279,0.010505481443747536,0.02101096288749507,-0.011752470098803869,-0.021974593269445064,1
2016-11-15,674.26,6.984999999999998,0.010359505235369142,0.020719010470738285,-0.020837659063269287,-0.023729718506214192,0
2016-11-16,674.6,6.817857142857138,0.010106518148320691,0.020213036296641382,-0.03425733768158912,-0.03425733768158912,0
2016-11-17,674.57,6.599999999999999,0.00978401055487199,0.02,-0.031190239708258738,-0.03421438842521907,0
2016-11-18,673.25,6.487857142857138,0.009636624051774434,0.02,-0.021329372447085104,-0.032320831786112114,0
2016-11-21,674.29,6.424999999999995,0.009528541132153815,0.02,-0.016639724747512075,-0.033813344406709245,1
2016-11-22,681.91,6.487857142857138,0.009514242558192632,0.02,-0.03257028053555444,-0.04460999252100706,0
2016-11-23,683.16,6.114285714285716,0.008950005436919192,0.02,-0.0417178991744247,-0.04635810059136947,0
2016-11-24,678.18,6.350714285714291,0.009364349119281447,0.02,-0.019227933586953294,-0.03935533339231467,1
2016-11-25,675.87,6.325000000000005,0.009358308550460895,0.02,-0.014721766020092675,-0.0360720256854129,1
2016-11-28,665.29,7.12071428571429,0.010703173481811375,0.02140634696362275,0.014835635587488127,-0.020742833952111073,1
2016-11-29,658.26,6.388571428571424,0.00970524022205728,0.02,0.024412845987907605,-0.010284689940145197,2
2016-11-30,665.07,6.567857142857138,0.009875437386827156,0.02,-0.003623678710511835,-0.020418903273339728,1
2016-12-01,666.54,6.772142857142853,0.010160144713209791,0.020320289426419582,0.0006001140216642664,-0.02257929006511228,1
2016-12-02,665.14,6.614285714285708,0.009944200791240502,0.02,-0.0014884084553627996,-0.020521995369395918,1
2016-12-05,660.21,6.81785714285713,0.010326800779838429,0.020653601559676858,0.006301025431302065,-0.013207918692537235,1
2016-12-06,651.49,7.492857142857133,0.011501108448106851,0.023002216896213703,0.016822975026477893,0.003131283672811458,1
2016-12-07,653.53,7.7392857142857,0.011842280712875767,0.023684561425751535,0.015806466420822396,0.001729071350970779,1
2016-12-08,658.89,7.826428571428559,0.01187820208445804,0.02375640416891608,0.006996615520041383,-0.006419887993443507,1
2016-12-09,663.07,7.982142857142849,0.012038160159776266,0.024076320319552532,0.0024884250531618246,-0.012683427089146049,1
2016-12-12,659.7,7.854285714285701,0.011905844648000152,0.023811689296000305,0.007836895558587242,-0.00763983628922249,1
2016-12-13,654.66,8.203571428571406,0.012531041194775008,0.025062082389550017,0.02650230654079988,0.01189930651024973,2
2016-12-14,665.14,8.436428571428548,0.012683688503816563,0.025367377007633127,0.014372913972998225,-0.004044261358510881,1
2016-12-15,665.92,8.193571428571406,0.012304137777167538,0.024608275554335077,0.01485163382988941,-0.005210836136472774,1
2016-12-16,675.16,7.790714285714273,0.011539063756315944,0.02307812751263189,0.006872445050062126,-0.018825167367734985,1
2016-12-19,674.33,7.539999999999988,0.01118146901368764,0.02236293802737528,0.01221953642875162,-0.01761748698708343,1
2016-12-20,662.66,7.602857142857139,0.011473239886000573,0.022946479772001146,0.027781969637521664,-0.000316904596625589,2
2016-12-21,666.94,7.886428571428569,0.011824794691319411,0.023649589382638822,0.030317569796383337,-0.006732239781689575,2
2016-12-22,664.15,7.9542857142857155,0.011976640388896658,0.023953280777793316,0.03434465105774298,-0.0025596627267935324,2
2016-12-23,664.37,7.82285714285715,0.011774850072786475,0.02354970014557295,0.031142285172418793,-0.00288995589806873,2
2016-12-26,662.45,7.197142857142865,0.010864431816956547,0.021728863633913093,0.02338289682240169,0.0015850252849269886,2
2016-12-27,663.86,7.003571428571441,0.010549771681636852,0.021099543363273705,0.03140722441478627,-0.000542283011478295,2
2016-12-28,663.5,6.835714285714297,0.010302508343201653,0.020605016686403306,0.029811605124340668,0.0018387339864356367,2
2016-12-29,664.72,6.647142857142861,0.009999914034695603,0.02,0.026462269827897344,0.00022565892405812527,2
2016-12-30,664.87,6.380000000000011,0.00959586084497723,0.02,0.03217170273888126,0.010738941447200112,2
2017-01-03,672.01,6.25642857142859,0.009310023022616614,0.02,0.02252942664543678,0.004002916623264685,2
2017-01-04,674.7,5.787857142857157,0.00857841580384935,0.02,0.024692455906328625,0.0016451756336148815,2
2017-01-05,675.81,5.689285714285729,0.008418469265452908,0.02,0.031769284266288,0.0031517734274428832,2
2017-01-06,679.8,5.637142857142862,0.00829235489429665,0.02,0.03439246837305099,-0.002736098852603508,2
2017-01-09,682.57,5.570000000000009,0.008160335203715383,0.02,0.02604861039893347,-0.006783187072388119,2
2017-01-10,681.07,4.897857142857147,0.007191415189124681,0.02,0.027853230945424023,-0.004595709692102101,2
2017-01-11,687.16,4.65857142857143,0.006779456645572254,0.02,0.021465160952325535,-0.013417544676639914,2
2017-01-12,686.96,4.455,0.006485093746360778,0.02,0.02195178758588545,-0.013130313264236637,2
2017-01-13,685.06,4.338571428571429,0.00633312619124081,0.02,0.02275713076226915,-0.010393250226257367,2
2017-01-16,677.94,4.593571428571424,0.006775778724623749,0.02,0.03811546744549643,0.006445998170929501,2
2017-01-17,684.71,4.786428571428563,0.006990446424659437,0.02,0.030947408391873932,-0.003505133560193552,2
2017-01-18,683.28,4.760714285714276,0.006967442755113975,0.02,0.033631893220934295,-0.0014196229949654526,2
2017-01-19,682.31,4.79357142857143,0.007025503698570195,0.02,0.04288373320045147,0.005789157421113744,2
2017-01-20,686.26,5.0807142857142855,0.0074034830613969715,0.02,0.033646139946958975,0.0012968845627021608,2
2017-01-23,687.15,4.776428571428572,0.006951071194686127,0.02,0.030095321254456797,0.006126755439132658,2
2017-01-24,691.36,4.8800000000000034,0.0070585512612821154,0.02,0.02781474195788025,0.008562832677620813,2
2017-01-25,697.28,5.1285714285714255,0.007355110470071457,0.02,0.027635956860945443,0.003958237723726388,2
2017-02-02,703.18,4.941428571428576,0.007027259835929031,0.02,0.019994880400466597,-0.00446542848203868,1
2017-02-03,700.35,5.150714285714287,0.007354486022294976,0.02,0.02358820589705135,-0.0004426358249447482,2
2017-02-06,700.04,5.353571428571432,0.007647522182405909,0.02,0.020613107822410326,0.0008713787783556359,2
2017-02-07,701.91,5.210714285714289,0.007423621669037753,0.02,0.022125343705033496,-0.0017951019361456266,2
2017-02-08,702.04,5.132142857142859,0.00731032826782357,0.02,0.012463677283345742,-0.001979944162725733,1
2017-02-09,700.65,5.04785714285714,0.007204534564842846,0.02,0.012659673160636542,0.004467280382501881,1
2017-02-10,703.78,4.77785714285715,0.006788850411857612,0.02,0.005299951689448523,0.0030123049816703773,1
2017-02-13,705.9,4.499285714285723,0.006373828749519371,0.02,0.00951976200594995,0.0005099872503186997,1
2017-02-14,706.26,4.427142857142867,0.0062684321031105635,0.02,0.014201568827344024,0.001769886444085822,1
2017-02-15,711.57,4.57571428571429,0.006430448565445831,0.02,0.00698455527917119,-0.00570569304495705,1
2017-02-16,709.35,4.726428571428577,0.006663041617577467,0.02,0.01022062451540151,-0.002593924014943294,1
2017-02-17,707.83,4.809285714285717,0.006794407858222619,0.02,0.011259765762965612,-0.00045208595284185193,1
2017-02-20,710.59,4.925000000000003,0.006930860271042377,0.02,0.0022797956627591542,-0.004334426321789042,1
2017-02-21,716.55,5.023571428571431,0.007010775840585348,0.02,-0.008903775033144878,-0.012616007256995299,1
2017-02-22,717.24,4.8671428571428565,0.006785933379542213,0.02,-0.0035274106296357965,-0.013565891472868241,1
2017-02-23,716.87,4.810714285714288,0.00671072061282281,0.02,-0.0052031749131642435,-0.013056760640004494,1
2017-02-24,714.47,4.7492857142857146,0.006647285000469879,0.02,0.0006298375019244684,-0.009741486696432378,1
2017-02-27,717.44,4.9178571428571445,0.006854729514464128,0.02,-0.009617528991971547,-0.013840878679750257,1
2017-02-28,710.79,5.350000000000007,0.007526836337033452,0.02,0.006021469069626972,-0.004614583772984959,1
2017-03-01,709.52,5.658571428571439,0.007975210605157627,0.02,0.009386627579208495,-0.002832901116247566,1
2017-03-02,707.51,5.843571428571432,0.00825934817680518,0.02,0.007674803182994072,0.003759664174358024,1
2017-03-03,712.62,6.12214285714286,0.008591034291968875,0.02,0.009738710673290019,-0.0034380174567091304,1
2017-03-06,716.29,6.261428571428569,0.00874147143116415,0.02,0.008167083164640099,-0.008544025464546467,1
2017-03-07,716.54,6.062142857142858,0.008460299295423645,0.02,0.009741256594188785,-0.008889943338822648,1
2017-03-08,716.6,5.824285714285712,0.008127666360990387,0.02,0.0037119732068098266,-0.008972927714206103,1
2017-03-09,715.8,5.745714285714281,0.008026982796471474,0.02,0.0065241687622241695,-0.007865325509918919,1
2017-03-10,712.21,5.574999999999989,0.007827747434043313,0.02,0.01635753499670045,-0.002864323724744211,1
2017-03-13,710.17,5.398571428571423,0.007601801580708033,0.02,0.017094498500359157,0.0005210020136023896,1
2017-03-14,714.71,5.646428571428568,0.007900307217512791,0.02,0.010731625414503787,-0.00583453428663383,1
2017-03-15,713.14,5.3699999999999966,0.007530078245505787,0.02,0.015424741285021248,-0.0036458479400959254,1
2017-03-16,714.92,5.37928571428571,0.007524318405256127,0.02,0.011609690594752031,-0.006126559615061811,1
2017-03-17,710.54,5.3714285714285745,0.007559642766668414,0.02,0.02450249106313529,0.0033777127255327777,2
2017-03-20,715.07,5.275000000000001,0.007376900163620346,0.02,0.020697274392716736,-0.002978729355167964,2
2017-03-21,716.18,5.0835714285714255,0.00709817563820747,0.02,0.021153899857577763,-0.004524002345778877,2
2017-03-22,712.94,5.206428571428562,0.007302758396819595,0.02,0.01772940219373287,0.008864701096866323,1
2017-03-23,719.56,5.217857142857132,0.007251455254401485,0.02,0.006656845850241844,-0.0004169214519983422,1
2017-03-24,722.14,5.173571428571425,0.007164222212550787,0.02,-0.005109812501730926,-0.005109812501730926,1
2017-03-27,723.52,5.279285714285712,0.007296668667466984,0.02,-0.017539252543122386,-0.017539252543122386,1
2017-03-28,719.26,5.3828571428571435,0.00748388224405242,0.02,-0.006020076189416912,-0.011720379278703064,1
2017-03-29,720.47,5.402857142857142,0.0074990730257431144,0.02,-0.0051355365247686136,-0.013380154621288831,1
2017-03-30,723.86,5.462857142857144,0.007546842128114752,0.02,-0.015472605199900569,-0.018000718370955626,1
2017-03-31,722.31,5.417142857142859,0.007499747832845813,0.02,-0.01370602649831787,-0.015893452949564457,1
2017-04-03,722.38,5.102142857142853,0.00706296250884971,0.02,-0.01798222542152328,-0.01798222542152328,1
2017-04-04,724.14,5.026428571428563,0.00694123867129086,0.02,-0.022868506089982477,-0.022868506089982477,0
2017-04-05,723.22,4.967142857142846,0.006868093881727339,0.02,-0.018224053538342555,-0.02162550814413311,1
2017-04-07,727.95,5.046428571428562,0.006932383503576566,0.02,-0.015687890651830627,-0.02798269111889551,1
2017-04-10,729.87,4.76999999999999,0.006535410415553441,0.02,-0.016633099045035404,-0.03053968514941008,1
2017-04-11,731.33,4.652142857142849,0.006361208834784363,0.02,-0.016121313223852574,-0.03247507964940588,1
2017-04-12,725.58,4.698571428571427,0.006475607691186949,0.02,-0.0049064196918328085,-0.024807740014884616,1
2017-04-13,724.35,4.44928571428572,0.006142452839491571,0.02,-0.006005384137502623,-0.02315179126113065,1
2017-04-14,718.45,4.836428571428574,0.006731753874909282,0.02,0.0005706729765466712,-0.015129793305031725,1
2017-04-17,710.83,5.321428571428563,0.007486218324252723,0.02,0.015868773124375624,-0.00457211991615436,1
2017-04-18,714.93,5.538571428571418,0.007747012195000095,0.02,0.013120165610619239,-0.010280726784440253,1
2017-04-19,716.77,5.481428571428564,0.007647402334679973,0.02,0.011468113899856247,-0.012821407145946262,1
2017-04-20,712.66,5.386428571428569,0.007558202468819029,0.02,0.017834591530323074,-0.007128223837453929,1
2017-04-21,712.41,5.360714285714282,0.007524760019812022,0.02,0.018163697870608342,-0.00677980376468601,1
2017-04-24,709.39,5.402857142857142,0.007616201444701987,0.02,0.022047110898095523,-0.002551487898053151,2
2017-04-25,707.58,5.508571428571429,0.0077850863910390745,0.02,0.02772831340625803,0.003476638683964861,2
2017-04-26,710.04,5.521428571428568,0.007776221862752194,0.02,0.023871894541152683,0.009140330122246576,2
2017-04-27,716.53,5.43714285714285,0.0075881580075402985,0.02,0.024130182965123703,0.0016747379732879875,2
2017-04-28,717.73,5.492142857142848,0.007652101566247541,0.02,0.0367408356903014,0.0015744082036419638,2
2017-05-03,719.54,5.528571428571419,0.007683480318775077,0.02,0.029727325791477854,-0.0009450482252549852,2
2017-05-04,722.02,5.303571428571421,0.007345463323137061,0.02,0.02869726600371192,-0.004376610066203157,2
2017-05-05,720.0,5.210714285714273,0.0072371031746031565,0.02,0.030430555555555516,-0.00158333333333327,2
2017-05-08,718.86,4.668571428571413,0.006494409799643064,0.02,0.034151295106140234,0.004521047213643881,2
2017-05-09,722.11,4.2549999999999875,0.005892454058245956,0.02,0.03342980986276323,0.0030466272451563636,2
2017-05-10,724.31,3.992857142857133,0.005512635670993267,0.02,0.019190678024602947,0.0009388245364554404,1
2017-05-11,724.99,4.0414285714285665,0.005574461125572168,0.02,0.017696795817873312,5.517317480241424e-05,1
2017-05-12,725.37,3.8899999999999944,0.005362780374153872,0.02,0.022650509395205187,-0.00046872630519601,2
2017-05-15,725.35,3.819285714285716,0.0052654383598065985,0.02,0.018556558902598663,-0.00044116633349422507,1
2017-05-16,725.03,3.780000000000005,0.005213577369212316,0.02,0.025461015406259113,0.0027033364136657134,2
2017-05-17,727.2,3.85500000000001,0.005301155115511565,0.02,0.03315456545654549,-0.00028877887788780754,2
2017-05-18,726.99,3.9607142857143054,0.005448100091767844,0.02,0.03641040454476685,0.0093949022682569,2
2017-05-19,733.82,3.9992857142857394,0.0054499546404918634,0.02,0.02222615900357039,0.005450928020495516,2
2017-05-22,744.1,4.652857142857166,0.006252999788814898,0.02,0.0075527482865205275,-0.00843972584330055,1
2017-05-23,740.93,4.8685714285714505,0.006570892565520968,0.02,0.013712496457155332,-0.004197427557258937,1
2017-05-24,742.74,4.9921428571428805,0.006721252197461939,0.02,0.019051081132024583,-0.006624121496082047,1
2017-05-25,741.91,5.237142857142885,0.0070590002252872795,0.02,0.025420873151730028,-0.005512798048280643,2
2017-05-26,743.41,5.253571428571457,0.007066856012928878,0.02,0.023082821054330793,-0.007519403828304627,2
2017-05-29,746.25,5.217142857142887,0.006991146207226649,0.02,0.020087102177554383,-0.011296482412060271,2
2017-05-30,738.21,5.467857142857164,0.007406912860645566,0.02,0.03876945584589753,-0.000528304953874903,2
2017-05-31,737.82,5.516428571428581,0.007476659038015479,0.02,0.04089073215689454,0.001341790680653654,2
2017-06-01,741.8,5.689285714285721,0.007669568231714372,0.02,0.034524130493394534,-0.004030736047452188,2
2017-06-02,738.81,5.904285714285712,0.00799161586102748,0.02,0.03720848391331999,0.006334510902667789,2
2017-06-05,743.49,6.18714285714285,0.008321756657309243,0.02,0.03432460423139516,0.008379399857429082,2
2017-06-06,751.31,6.401428571428555,0.008520355873645441,0.02,0.028230690394111635,-0.0021163035231793748,2
2017-06-07,753.46,6.287857142857125,0.008345309827803897,0.02,0.01864730708995821,-0.004963767154195331,1
2017-06-08,750.13,6.110714285714266,0.008146207038399033,0.02,0.02520896377961157,-0.000546571927532491,2
2017-06-09,749.72,5.390714285714272,0.00719030342756532,0.02,0.02938430347329657,0.0018273488769140478,2
2017-06-12,751.09,5.2842857142857,0.007035489374490007,0.02,0.03379089057236806,0.007722110532692339,2
2017-06-13,756.89,5.271428571428552,0.006964590061209095,0.02,0.029053098865092775,0.0048620010833808625,2
2017-06-14,760.77,5.220714285714264,0.006862408199211673,0.02,0.01941454053130376,-0.0002628915440934243,1
2017-06-15,760.57,5.359999999999981,0.007047346069395296,0.02,0.023337759838016225,0.0008809182586744235,2
2017-06-16,761.24,5.202857142857121,0.006834713287343178,0.02,0.028125164205769382,0.00664704955073292,2
2017-06-19,766.83,4.943571428571415,0.006446763205105975,0.02,0.01160622302205172,-0.0006911571013132889,1
2017-06-20,767.99,4.926428571428565,0.006414704060506733,0.02,-0.0018620034115028883,-0.0022005494863215347,1
2017-06-21,767.41,5.260714285714284,0.0068551547226570995,0.02,0.002541014581514567,-0.0014464236848621415,1
2017-06-22,766.3,5.094285714285718,0.006647899927294426,0.02,0.010270129192222477,0.0003392927052068284,1
2017-06-23,769.01,4.992857142857149,0.0064925776555014225,0.02,0.012080467094055969,-0.0031859143574206605,1
2017-06-26,772.52,4.729285714285725,0.00612189420893404,0.02,0.006575881530575423,-0.0077150106146119946,1
2017-06-27,767.51,4.9150000000000045,0.00640382535732434,0.02,0.0018240804680069722,-0.0012377688890047311,1
2017-06-28,769.04,5.037142857142856,0.006549910091988526,0.02,-0.0020154998439612104,-0.00322479975033807,1
2017-06-29,771.75,5.113571428571431,0.006625942894164472,0.02,-0.0005830903790088326,-0.006724975704567648,1
2017-06-30,776.47,5.137857142857148,0.006616942242272268,0.02,-0.010380310894175016,-0.01276288845673379,1
2017-07-03,778.88,4.972857142857151,0.006384625542904108,0.02,-0.021851889893179877,-0.021851889893179877,0
2017-07-04,775.54,5.070714285714295,0.006538301423155859,0.02,-0.020372901462206938,-0.020372901462206938,0
2017-07-05,778.32,5.049285714285726,0.006487416119701056,0.02,-0.014197245348956833,-0.02387192928358517,1
2017-07-06,782.65,5.192142857142869,0.006634054631243684,0.02,-0.011205519708681999,-0.029272343959624303,1
2017-07-07,775.73,5.3700000000000045,0.006922511698658044,0.02,-0.0054529282095574505,-0.020612842097121442,1
2017-07-10,766.56,5.909285714285724,0.007708836508930447,0.02,0.01373669380087672,-0.008896890002087154,1
2017-07-11,769.36,5.816428571428576,0.007560087048233045,0.02,0.018443901424560538,-0.01250389934491003,1
2017-07-12,774.17,5.961428571428574,0.007700412792317675,0.02,0.01632716328454986,-0.018639316945890383,1
2017-07-13,778.3,5.895714285714283,0.007575117931021821,0.02,0.010188873185147163,-0.023846845689322826,1
2017-07-14,777.6,5.8699999999999966,0.007548868312757197,0.02,0.014004629629629672,-0.022968106995884807,1
2017-07-17,768.91,6.271428571428568,0.00815625830256931,0.02,0.025711721787985642,-0.011925973130795464,2
2017-07-18,767.49,6.37357142857143,0.008304435795347731,0.02,0.033212159116079665,-0.010097851437803729,2
2017-07-19,771.3,6.558571428571424,0.008503269063362406,0.02,0.026280305976922103,-0.014987683132373864,2
2017-07-20,768.41,6.772857142857139,0.008814118950634608,0.02,0.006832290053487178,-0.011283039002615736,1
2017-07-21,761.86,7.06499999999999,0.009273357309741933,0.02,0.015186517207885775,-0.002782663481479597,1
2017-07-24,759.74,7.19285714285713,0.009467524604281899,0.02,0.016242398715349937,0.009911285439755613,1
2017-07-25,767.27,7.579285714285691,0.009878251090601342,0.02,0.011599567297040148,0.005513052771514593,1
2017-07-26,773.88,7.901428571428555,0.010210147014302676,0.020420294028605353,-0.0036439758102031483,-0.0036439758102031483,1
2017-07-27,771.5,7.657857142857138,0.009925932784001475,0.02,0.002683084899546495,-0.0005703175631887047,1
2017-07-28,777.09,7.289999999999988,0.009381152762228296,0.02,-0.012225096192204243,-0.012225096192204243,1
2017-07-31,783.55,7.22357142857142,0.009219030602477724,0.02,-0.018607619169165868,-0.020368834152255655,1
2017-08-01,786.81,7.10999999999999,0.00903648911427154,0.02,-0.022902606728435027,-0.02442775257050611,0
2017-08-02,786.23,7.3828571428571355,0.009390200250381104,0.02,-0.03175915444590005,-0.03175915444590005,0
2017-08-03,788.49,7.444285714285708,0.009441192297030663,0.02,-0.028548237770929186,-0.03453436314981806,0
2017-08-04,788.68,6.887142857142854,0.008732493352364527,0.02,-0.02397677131409437,-0.03476695237612204,0
2017-08-07,792.98,6.8685714285714266,0.008661720886493262,0.02,-0.026923755958536133,-0.04000100885268232,0
2017-08-08,791.57,6.87928571428571,0.008690685238558447,0.02,-0.0180779968922522,-0.03829099132104563,1
2017-08-09,773.66,7.605000000000002,0.009829899439030069,0.02,0.0004782462580461555,-0.016027712431817553,1
2017-08-10,773.43,7.5064285714285734,0.00970537549801349,0.02,0.006749156355455588,-0.015735102077757523,1
2017-08-11,772.08,7.301428571428573,0.00945682904806312,0.02,0.01383276344420259,-0.014014091803958184,1
2017-08-14,776.17,6.907857142857146,0.008899928034911355,0.02,0.016182021979721073,-0.019209709213187764,1
2017-08-15,771.06,6.7492857142857146,0.008753256185362638,0.02,0.027559463595569822,-0.012709776152309726,2
2017-08-16,773.57,6.899285714285717,0.008918760699465745,0.02,0.02582830254534163,-0.015913233450107978,2
2017-08-17,767.59,6.999285714285723,0.00911852123436434,0.02,0.03794994723745759,-0.008246589976419805,2
2017-08-18,768.97,7.3671428571428645,0.00958053351514736,0.02,0.04191320857770786,-0.010026398949243842,2
2017-08-21,768.79,7.930000000000007,0.01031491044368424,0.02062982088736848,0.03730537598043693,-0.009794612312855278,2
2017-08-22,761.26,7.945714285714295,0.010437582804448276,0.020875165608896552,0.05081049838425766,0.00620024695898902,2
2017-08-23,765.98,8.112857142857154,0.010591473854222242,0.021182947708444484,0.04804302984412123,0.004947909867098366,2
2017-08-24,769.77,8.325714285714298,0.010815846662917883,0.021631693325835765,0.0474817153175624,0.002416306169375382,2
2017-08-25,771.63,8.013571428571433,0.010385251258467702,0.020770502516935404,0.04430880085014843,0.0031102989774891565,2
2017-08-28,777.26,8.011428571428578,0.010307269860057868,0.020614539720115736,0.03938193140004631,-0.004155623600854308,2
2017-08-29,774.03,6.974285714285713,0.009010355818619063,0.02,0.0412128728860639,0.0059687609007403886,2
2017-08-30,778.65,6.803571428571429,0.008737650328865894,0.02,0.034945097283760385,0.005278366403390411,2
2017-08-31,782.76,6.976428571428569,0.008912602293715275,0.02,0.02704532679237559,0.007626858807297188,2
2017-09-01,788.73,7.12071428571429,0.00902807587604667,0.02,0.023328642247663955,0.004538942350360564,2
2017-09-05,792.31,7.115000000000009,0.00898007093183225,0.02,0.016748494907296463,0.0015650439853087672,1
2017-09-06,793.55,6.983571428571436,0.008800417653041947,0.02,0.014869888475836479,0.003994707327830804,1
2017-09-07,796.72,6.850714285714291,0.00859864731111845,0.02,0.008848779997991718,0.0009413595742544523,1
2017-09-08,801.2,6.434285714285717,0.008030810926467444,0.02,0.004518222666000993,-0.004655516724912601,1
2017-09-11,797.47,6.145714285714291,0.007706514709912964,0.02,0.008715061381619371,0.0030972951960575035,1
2017-09-12,799.94,5.977142857142861,0.0074719889706013716,0.02,0.0028627147036026646,0.0028627147036026646,1
2017-09-13,802.78,5.79642857142857,0.007220444669060726,0.02,-0.005954308776999873,-0.005954308776999873,1
2017-09-14,806.32,5.617857142857141,0.006967279917225346,0.02,-0.0008185335846810915,-0.01031848397658508,1
2017-09-15,805.82,5.70214285714286,0.0070761992220878854,0.02,-0.0007321734382368383,-0.00970440048646104,1
2017-09-18,807.87,5.507142857142859,0.006816867636058844,0.02,-8.664760419385686e-05,-0.012217312191317942,1
2017-09-19,805.93,5.569285714285717,0.006910383922035061,0.02,0.0037596317298029813,-0.009839564230143982,1
2017-09-20,805.86,5.525000000000001,0.006856029583302312,0.02,0.005943960489414923,-0.009753555208100728,1
2017-09-21,803.93,5.262857142857148,0.006546412178743358,0.02,0.01246377172141866,-0.007376264102595953,1
2017-09-22,807.13,5.105714285714287,0.006325764481204127,0.02,0.010828491073309188,-0.01131168461090526,1
2017-09-25,805.58,5.016428571428564,0.0062271016800672365,0.02,0.019079421038258104,-0.009409369646714238,1
2017-09-26,805.35,5.034285714285708,0.006251053224418834,0.02,0.017483081889861474,-0.009126466753585416,1
2017-09-27,803.77,4.8771428571428475,0.006067833904155228,0.02,0.03050623934707697,-0.007178670515197161,2
2017-09-28,804.82,4.953571428571422,0.006154881126924557,0.02,0.028453567257274992,-0.008473944484481022,2
2017-09-29,804.42,4.694999999999993,0.005836503319161624,0.02,0.030469157902588195,-0.007980905497128266,2
2017-10-02,802.23,4.713571428571421,0.005875586089489823,0.02,0.030676987896239183,-0.005272802064245963,2
2017-10-03,798.0,5.063571428571428,0.0063453276047260995,0.02,0.027619047619047654,0.009060150375939768,2
2017-10-04,805.66,5.359999999999998,0.0066529305165950875,0.02,0.024303055879651536,-0.0005337239033834651,2
2017-10-05,805.23,5.43714285714285,0.006752285504940016,0.02,0.03161829539386263,0.0031916346882256974,2
2017-10-06,807.8,5.4585714285714255,0.006757330315141651,0.02,0.027618222332260522,0.0014359990096559638,2
2017-10-09,808.96,5.437857142857142,0.006722034640596744,0.02,0.03882763053797467,0.002089102056962,2
2017-10-10,810.65,5.450000000000005,0.006723000061678906,0.02,0.04262011965706547,0.004070807376796548,2
2017-10-11,813.95,5.488571428571439,0.006743130939948939,0.02,0.028662694268689615,0.002358867252288066,2
2017-10-12,815.87,5.523571428571439,0.0067701612126581925,0.02,0.03289739786975865,0.00436344025396207,2
2017-10-13,820.95,5.619285714285728,0.006844857438681683,0.02,0.014787745904135452,-0.001851513490468526,1
2017-10-16,819.43,5.565000000000014,0.00679130615183727,0.02,0.029654760016108783,0.0007444199016388708,2
2017-10-17,828.29,5.940000000000014,0.007171401320793459,0.02,0.025111977688973663,-0.00996027961221313,2
2017-10-18,827.72,5.738571428571439,0.00693298631007036,0.02,0.02731600057990624,-0.009278499975837295,2
2017-10-19,828.93,5.864285714285724,0.007074524645368998,0.02,0.03712014283473897,-0.010724669151798039,2
2017-10-20,826.84,5.88857142857144,0.007121778613240095,0.02,0.04058826375114899,-0.00822408204731273,2
2017-10-23,820.04,5.823571428571443,0.007101569958259894,0.02,0.058741037022584264,0.006341154090044432,2
2017-10-24,825.24,5.942142857142877,0.007200502710899711,0.02,0.06555668653967328,0.005901313557268084,2
2017-10-25,830.69,6.123571428571454,0.007371668647234773,0.02,0.060443727503641353,-0.0006982147371462633,2
2017-10-26,830.11,6.582857142857165,0.007930102206764362,0.02,0.06322053703726005,0.0035898856778018295,2
2017-10-27,840.37,7.150714285714303,0.008509007087014414,0.02,0.06238918571581564,-0.008662850887109164,2
2017-10-30,845.2,7.477857142857155,0.00884744101142588,0.02,0.05382158069096077,-0.014327969711310895,2
2017-10-31,837.28,7.777142857142865,0.009288580710327328,0.02,0.07914914962736486,-0.005004299636919507,2
2017-11-01,842.71,7.840000000000008,0.009303319054004352,0.02,0.08969871011379937,-0.011415552206571644,2
2017-11-02,833.09,8.53214285714286,0.010241561964665113,0.020483123929330226,0.11951889951865935,0.01277172934496873,2
2017-11-03,843.73,9.084285714285711,0.01076681605997856,0.02153363211995712,0.10663363872328824,0.006352743176134545,2
2017-11-06,849.09,8.834285714285711,0.010404416156456571,0.020808832312913143,0.1018502161137218,0.0014603870025557963,2
2017-11-07,850.33,8.997857142857145,0.010581606132745103,0.021163212265490207,0.10381851751672877,0.011019251349476011,2
2017-11-08,859.7,9.471428571428573,0.01101713222220376,0.02203426444440752,0.09481214377108294,0.0008142375247177647,2
2017-11-09,860.4,9.422142857142862,0.010950886630802955,0.02190177326160591,0.10662482566248266,0.00907717340771752,2
2017-11-10,868.21,9.543571428571429,0.010992238546632069,0.021984477093264138,0.09412469333456186,0.012819479158268088,2
2017-11-13,879.34,9.601428571428569,0.010918903463311766,0.021837806926623533,0.09210316828530485,0.0017740578160891918,2
2017-11-14,880.9,9.574285714285711,0.01086875435836725,0.0217375087167345,0.10116925871268023,0.001918492450902587,2
2017-11-15,882.59,9.394285714285713,0.010643997455540753,0.021287994911081506,0.0801164753736161,0.009177534302450718,2
2017-11-16,892.8,9.445000000000002,0.010579077060931903,0.021158154121863806,0.06142473118279579,-0.0023633512544801727,2
2017-11-17,890.69,9.610714285714291,0.010790189949044326,0.021580379898088652,0.05384589475575097,0.014438244507067433,2
2017-11-20,903.55,9.992857142857149,0.011059550819387028,0.022119101638774057,0.040517956947595524,0.01632449781417744,2
2017-11-21,918.3,11.474285714285722,0.012495138532381272,0.024990277064762544,-0.0009256234346073366,-0.0009256234346073366,1
2017-11-22,932.66,11.325714285714298,0.012143454512592262,0.024286909025184523,-0.005800613299594692,-0.016308193768361345,1
2017-11-23,933.7,11.611428571428585,0.012435930782294723,0.024871861564589447,-0.00996037271072081,-0.017403877048302485,1
2017-11-24,935.57,12.149285714285725,0.012985971882687264,0.02597194376537453,0.00029928279017066295,-0.01936787199247514,1
2017-11-27,938.61,12.795714285714293,0.013632620881638054,0.027265241763276108,-0.0036756480327293506,-0.022543974600739314,1
2017-11-28,941.21,12.590000000000007,0.013376398465804663,0.026752796931609327,0.01790248722389265,-0.02524410067891325,1
2017-11-29,952.14,12.99714285714286,0.013650453564751886,0.02730090712950377,-0.0007561913164030321,-0.03643371773058579,1
2017-11-30,949.93,13.000714285714293,0.013685970845972117,0.027371941691944235,0.003768698746223542,-0.034191993094227935,1
2017-12-01,960.33,12.948571428571443,0.013483460298617602,0.026966920597235204,-0.014859475388668608,-0.04465131777618114,1
2017-12-04,970.02,13.285714285714294,0.013696330267122631,0.027392660534245262,-0.018247046452650406,-0.05419475887095104,1
2017-12-05,953.3,14.233571428571436,0.014930841737723105,0.02986168347544621,0.005255428511486304,-0.037606210007342766,1
2017-12-06,947.64,14.807142857142862,0.015625282657066884,0.03125056531413377,0.019300578278671265,-0.03185808956987879,1
2017-12-07,938.65,15.543571428571438,0.016559496541385436,0.03311899308277087,0.031758376391626264,-0.022585628295956894,1
2017-12-08,940.16,15.576428571428583,0.01656784863366723,0.03313569726733446,0.03888699795779438,-0.024155462899931868,2
2017-12-11,917.45,15.31714285714286,0.016695343459744792,0.033390686919489584,0.07279960760804394,0.007575344705433418,2
2017-12-12,927.25,16.819285714285716,0.018138889958787506,0.03627777991757501,0.07389592882178486,-0.0030736047452143422,2
2017-12-13,924.4,16.345000000000002,0.017681739506707057,0.03536347901341411,0.08791648636953697,0.011639982691475481,2
2017-12-14,935.85,16.302857142857142,0.017420374144208092,0.034840748288416185,0.08965111930330716,-0.0007372976438532186,2
2017-12-15,935.16,15.648571428571431,0.01673357653083048,0.03346715306166096,0.08286282561272929,0.011655759442234404,2
2017-12-18,958.06,16.580000000000002,0.017305805481911365,0.03461161096382273,0.06767843350103342,-0.012525311567125219,2
2017-12-19,951.42,16.58142857142857,0.01742808493770214,0.03485616987540428,0.08633411111811817,-0.005633684387547078,2
2017-12-20,953.51,16.83285714285714,0.0176535716907606,0.0353071433815212,0.08872481672976673,-0.007813237407053975,2
2017-12-21,946.06,16.911428571428562,0.01787564062684033,0.03575128125368066,0.10793184364628061,0.006616916474642354,2
2017-12-22,952.32,16.57714285714286,0.01740711405529954,0.03481422811059908,0.10268607190860202,0.006289902553763271,2
2017-12-25,958.31,15.487857142857147,0.01616163573672105,0.0323232714734421,0.10973484571798275,0.007951497949515218,2
2017-12-26,965.93,14.632857142857144,0.015148982993443775,0.03029796598688755,0.10045241373598501,0.0026192374188607204,2
2017-12-27,968.46,13.622857142857145,0.014066515026802494,0.02813303005360499,0.06838692356937814,0.008529004811762997,2
2017-12-28,976.72,13.369999999999996,0.013688672290932914,0.027377344581865828,0.07528257842575137,0.007699238266852371,2
2017-12-29,984.24,12.731428571428571,0.012935288721682285,0.02587057744336457,0.07907624156709736,0.011714622449809031,2
2018-01-02,995.77,11.056428571428569,0.01110339593623886,0.02220679187247772,0.09112546069875571,0.009942054892194019,2
2018-01-03,1005.67,11.408571428571431,0.011344249533715265,0.02268849906743053,0.08038422146429758,0.0069406465341512735,2
2018-01-04,1019.75,11.535714285714294,0.01131229643119813,0.02262459286239626,0.06546702623191969,-0.006962490806570298,2
2018-01-05,1012.65,11.774285714285725,0.011627201613870266,0.02325440322774053,0.09077173752036738,0.01012195724090259,2
2018-01-08,1022.9,11.425000000000011,0.011169224753152813,0.022338449506305626,0.09066379900283517,0.010421351060709627,2
2018-01-09,1033.56,11.706428571428578,0.011326317360800127,0.022652634721600253,0.07376446456906227,0.0010933085645730145,2
2018-01-10,1038.11,11.629285714285727,0.011202363636113445,0.02240472727222689,0.06979029197291231,-0.0032944485651807964,2
2018-01-11,1048.17,12.136428571428578,0.011578683392415903,0.023157366784831806,0.05933197859125894,-0.012860509268534659,2
2018-01-12,1050.11,12.420714285714284,0.011828012575553309,0.023656025151106617,0.047195055756063864,-0.014684175943472488,2
2018-01-15,1063.47,13.42571428571428,0.012624441014522534,0.02524888202904507,0.03908901990653235,-0.02706235248761124,2
2018-01-16,1062.96,13.730714285714287,0.01291743272156458,0.02583486544312916,-0.013405960713479326,-0.026595544517197256,1
2018-01-17,1034.69,15.349285714285704,0.01483467097805691,0.02966934195611382,-0.02231586272216801,-0.02231586272216801,1
2018-01-18,1050.25,16.72928571428571,0.01592886047539701,0.03185772095079402,-0.009235896215186945,-0.03680076172339919,1
2018-01-19,1062.07,16.957142857142856,0.015966125450434392,0.031932250900868785,-0.03655126309941903,-0.04752040825934256,0
2018-01-22,1086.51,17.850000000000005,0.016428748930060473,0.032857497860120946,-0.07599561900028529,-0.07599561900028529,0
2018-01-23,1086.51,16.81857142857143,0.015479444670156217,0.030958889340312434,-0.04115930824382663,-0.07599561900028529,0
2018-01-24,1086.51,15.812857142857142,0.014553807275457329,0.029107614550914658,-0.02464772528554726,-0.07599561900028529,0
2018-01-25,1104.57,17.285714285714278,0.015649270110282082,0.031298540220564164,-0.015770842952461006,-0.09110332527589915,0
2018-01-26,1115.64,17.39499999999999,0.015591947223118557,0.031183894446237113,-0.035504284536230446,-0.10012190312287117,0
2018-01-29,1109.8,17.72357142857142,0.015970058955281512,0.031940117910563025,-0.006262389619751341,-0.0953865561362407,0
2018-01-30,1110.56,18.116428571428546,0.016312876901228703,0.032625753802457406,0.003574773087451355,-0.09600561878691827,0
2018-01-31,1110.36,18.43928571428569,0.016606583193095655,0.03321316638619131,0.008330631506898722,-0.09584278972585458,0
2018-02-01,1099.67,19.15285714285712,0.017416913385704,0.034833826771408,0.022915965698800278,-0.0870533887438959,0
2018-02-02,1105.04,18.69714285714284,0.016919878789132377,0.033839757578264754,0.009728154636936326,-0.09148990081806985,0
2018-02-05,1048.71,21.794999999999977,0.020782675858912355,0.04156535171782471,0.06913255332742141,-0.04269054362025726,2
2018-02-06,1011.6,24.33571428571427,0.024056657063774488,0.048113314127548976,0.08094108343218664,-0.007572162910241209,2
2018-02-07,1040.55,24.814285714285695,0.023847278568339528,0.047694557136679055,0.0766325500937004,-0.035183316515304264,2
2018-02-08,1023.25,24.838571428571406,0.024274196363128664,0.04854839272625733,0.08698753970193018,-0.018871243586611186,2
2018-02-09,1003.94,26.626428571428544,0.026521932158723175,0.05304386431744635,0.11973823136840855,0.03770145626232635,2
2018-02-12,1041.79,29.329999999999966,0.02815346662955103,0.05630693325910206,0.07834592384261718,0.01722036110924474,2
2018-02-13,1059.73,30.66499999999997,0.02893661593047283,0.05787323186094566,0.06280845120927014,0.01538127636284714,2
2018-02-21,1087.15,30.832857142857126,0.028361180281338477,0.05672236056267695,0.04245964218369114,-0.010228579312882458,1
2018-02-22,1076.03,30.67642857142855,0.028508897123155068,0.057017794246310136,0.05767497188740078,0.016217019971562108,2
2018-02-23,1102.85,31.142142857142833,0.02823787718832374,0.05647575437664748,0.032561091716915236,-0.008496169016638633,1
2018-02-26,1114.53,31.613571428571415,0.028364935379551395,0.05672987075910279,0.03199554969359286,-0.01888688505468672,1
2018-02-27,1119.61,31.194999999999993,0.02786238065040505,0.0557247613008101,0.035378390689615236,-0.023338483936370613,1
2018-02-28,1124.87,31.08857142857142,0.027637479378569457,0.05527495875713891,0.030687990612248806,-0.027905446851636095,1
2018-03-01,1115.79,31.339999999999993,0.028087722600130843,0.05617544520026169,0.04801082640998744,-0.019994801889244296,1
2018-03-02,1121.21,28.655714285714282,0.025557847580483836,0.05111569516096767,0.045620356579052945,-0.024732208952827794,1
2018-03-05,1093.48,26.76714285714285,0.02447885910775035,0.0489577182155007,0.0549712843399055,0.01717452536854802,2
2018-03-06,1120.29,26.172857142857133,0.023362573211273094,0.04672514642254619,0.045461443019218395,-0.007167786912317342,1
2018-03-07,1112.26,26.607142857142858,0.023921693540307893,0.047843387080615786,0.05346771438332776,0.010024634527898257,2
2018-03-08,1124.15,24.11571428571428,0.021452398955401217,0.042904797910802435,0.042778988569140974,-0.0006582751412178567,1
2018-03-09,1123.41,22.543571428571422,0.02006709164825969,0.04013418329651938,0.03882821053755969,0.002563623254199232,1
2018-03-12,1126.29,22.07071428571427,0.01959594268413488,0.03919188536826976,0.042768736293494536,0.006232852995232019,2
2018-03-13,1133.31,20.77785714285712,0.0183337808215379,0.0366675616430758,0.05585409111364048,0.004217733894521292,2
2018-03-14,1138.09,20.22214285714285,0.017768491821510468,0.035536983643020936,0.044108989622964945,0.0005887056383941935,2
2018-03-15,1138.76,19.097857142857134,0.016770748132053405,0.03354149626410681,0.04634865994590598,0.010037233482033114,2
2018-03-16,1150.19,18.31499999999999,0.01592345612464027,0.03184691224928054,0.037367739243081566,0.0029560333510114667,2
2018-03-19,1159.22,18.184999999999995,0.01568727247632028,0.03137454495264056,0.03514432118148414,-0.0048567139973431095,2
2018-03-20,1159.39,17.60285714285713,0.015182860937956276,0.030365721875912553,0.038761762651049025,-0.005002630693727084,2
2018-03-21,1169.36,17.278571428571404,0.014776092416853156,0.02955218483370631,0.02459465006499273,-0.013486009441061708,1
2018-03-22,1172.36,16.73071428571427,0.014270969911728711,0.028541939823457423,-0.0044781466443754026,-0.016010440479033772,1
2018-03-23,1153.59,16.307857142857124,0.01413661451889937,0.02827322903779874,0.01684307249542738,0.01165058643018746,1
2018-03-26,1171.22,16.15214285714285,0.013790870081746254,0.027581740163492508,-0.012021652635713087,-0.012021652635713087,1
2018-03-27,1171.73,15.756428571428566,0.013447149574926447,0.026894299149852894,-0.01983392078379831,-0.01983392078379831,1
2018-03-28,1172.24,15.676428571428573,0.013373053787132817,0.026746107574265633,-0.01617416228758617,-0.02026035624104283,1
2018-03-29,1167.03,15.425714285714305,0.013217924377020561,0.026435848754041123,-0.024420966042004055,-0.024420966042004055,1
2018-03-30,1174.46,15.768571428571445,0.013426231143309644,0.026852462286619288,-0.06797166357304629,-0.06797166357304629,0
2018-04-02,1196.61,16.292142857142867,0.013615248792123473,0.027230497584246945,-0.0641395274985167,-0.08522409139151421,0
2018-04-03,1188.29,16.615714285714294,0.013982878157448345,0.02796575631489669,-0.09384072911494667,-0.09384072911494667,0
2018-04-04,1191.54,16.71142857142859,0.014025067199950142,0.028050134399900284,-0.09298890511438973,-0.09631233529717842,0
2018-04-05,1193.17,16.61428571428574,0.013924491660271158,0.027848983320542316,-0.1242991359152511,-0.1242991359152511,0
2018-04-06,1199.96,16.184285714285725,0.013487354340382783,0.026974708680765565,-0.12475415847194915,-0.1292543084769493,0
2018-04-09,1204.33,16.05285714285716,0.01332928445098699,0.02665856890197398,-0.1455165942889407,-0.1455165942889407,0
2018-04-10,1198.12,16.495714285714307,0.013767998435644434,0.027535996871288868,-0.14327446332587712,-0.14327446332587712,0
2018-04-11,1167.11,18.229285714285734,0.015619166757448514,0.031238333514897028,-0.12022003067405806,-0.1205113485446958,0
2018-04-12,1173.02,17.235714285714298,0.014693453040625307,0.029386906081250615,-0.09442294249032412,-0.12494245622410527,0
2018-04-13,1157.14,17.317857142857147,0.014966086336015646,0.02993217267203129,-0.08355946557892735,-0.11293361218175857,0
2018-04-16,1148.49,17.303571428571427,0.015066366645396501,0.030132733290793003,-0.07968724150841533,-0.10625255770620556,0
2018-04-17,1153.28,17.582142857142863,0.015245337521801178,0.030490675043602356,-0.10787493063263054,-0.10996462264150941,0
2018-04-18,1138.53,18.26571428571427,0.01604324373157868,0.03208648746315736,-0.08228153847505126,-0.09843394552624873,0
2018-04-19,1094.63,20.196428571428555,0.01845046140835584,0.03690092281671168,-0.025259676785763352,-0.06227675104829944,1
2018-04-20,1119.86,21.603571428571417,0.01929131447553392,0.03858262895106784,-0.04139803189684421,-0.0834032825531762,0
2018-04-23,1076.78,24.200714285714266,0.022475077811358185,0.04495015562271637,-0.020579877040806882,-0.046731922955478344,1
2018-04-24,1080.74,25.899999999999977,0.023965060976738138,0.047930121953476276,-0.04635712567314976,-0.05022484593889365,1
2018-04-26,1044.86,28.09785714285712,0.026891504261678235,0.05378300852335647,-0.004134525199548156,-0.017610014738816515,1
2018-04-27,1050.26,29.071428571428555,0.02768022068004928,0.05536044136009856,-0.03359168205968044,-0.03359168205968044,1
2018-05-02,1029.08,30.411428571428555,0.0295520548173403,0.0591041096346806,-0.041950091343724405,-0.041950091343724405,1
2018-05-03,1026.46,30.852142857142844,0.03005683889985274,0.06011367779970548,-0.03655281257915555,-0.03950470549266416,1
2018-05-04,1026.8,29.38999999999998,0.028622906116088802,0.057245812232177604,-0.039813011297234135,-0.03982275029216986,1
2018-05-07,1062.26,30.53857142857142,0.02874867869313673,0.05749735738627346,-0.09259503323103568,-0.09259503323103568,0
2018-05-08,1060.45,29.64214285714285,0.02795241912126253,0.05590483824252506,-0.12136357206846149,-0.12136357206846149,0
2018-05-09,1056.97,29.668571428571415,0.028069454600008908,0.056138909200017816,-0.09914188671390867,-0.11847072291550376,0
2018-05-10,1028.87,30.827142857142828,0.02996213599108034,0.05992427198216068,-0.0781148250021868,-0.09439482150320244,0
2018-05-11,1044.85,31.444999999999975,0.030095228980236376,0.06019045796047275,-0.07044073311958643,-0.10824520266066895,0
2018-05-14,1066.98,30.071428571428562,0.028183685328149133,0.056367370656298266,-0.06945772179422294,-0.12674089486213425,0
2018-05-15,1073.5,28.312142857142856,0.026373677556723665,0.05274735511344733,-0.05563111318118308,-0.132044713553796,0
2018-05-16,1054.62,26.230714285714278,0.024872194995082857,0.04974438999016571,-0.0302288976124101,-0.1165064193738028,0
2018-05-17,1030.64,25.587142857142833,0.024826460119093795,0.04965292023818759,0.0037452456725917127,-0.09595008926492288,0
2018-05-18,1040.54,24.451428571428533,0.023498787717366496,0.04699757543473299,-0.003700001922078866,-0.10455148288388716,0
2018-05-21,1014.98,24.86499999999996,0.024498019665412086,0.04899603933082417,0.02367534335651933,-0.08200161579538512,0
2018-05-22,985.91,25.612857142857106,0.025978899841625613,0.051957799683251225,0.05386901441308023,-0.05493402034668471,2
2018-05-23,988.94,25.90142857142854,0.02619110216133288,0.05238220432266576,0.032175865067648024,-0.057829595324286664,1
2018-05-24,985.92,26.38714285714283,0.026763979691194855,0.05352795938238971,0.045247078870496615,-0.05494360597208692,1
2018-05-25,963.9,25.54428571428568,0.026500970758673806,0.05300194151734761,0.05376076356468529,-0.0333540823736902,2
2018-05-28,931.75,27.072142857142826,0.029055157346007863,0.058110314692015726,0.0909686074590823,0.01797692514086391,2
2018-05-29,952.18,28.854285714285684,0.030303394016137374,0.06060678803227475,0.03692579134197316,-0.0038648154760654307,1
2018-05-30,948.5,27.96571428571426,0.02948414790270349,0.05896829580540698,0.014401686874011554,0.014401686874011554,1
2018-05-31,971.25,27.942142857142837,0.02876925905497332,0.05753851810994664,0.009987129987130139,-0.009359073359073378,1
2018-06-01,992.87,27.880714285714255,0.028080931326069127,0.05616186265213825,-0.02363854281023703,-0.03093053471250018,1
2018-06-04,1013.78,28.205714285714254,0.02782232267919495,0.0556446453583899,-0.030193927676616217,-0.050918345203101234,1
2018-06-05,1022.74,27.659285714285684,0.027044298369366292,0.054088596738732585,-0.03150360795510099,-0.05923304065549406,1
2018-06-06,1034.5,27.25357142857141,0.026344679969619533,0.05268935993923907,-0.04976317061382307,-0.06992750120831326,1
2018-06-07,1036.69,26.228571428571424,0.025300303300476924,0.05060060660095385,-0.0653811650541628,-0.07189227252119734,0
2018-06-08,1039.01,25.034999999999993,0.02409505202067352,0.04819010404134704,-0.0785940462555702,-0.0785940462555702,0
2018-06-11,1039.02,23.404285714285695,0.02252534668657552,0.04505069337315104,-0.07530172662701395,-0.0786029142846143,0
2018-06-12,1020.76,23.732142857142833,0.02324948357806226,0.04649896715612452,-0.07211293545985342,-0.07211293545985342,0
2018-06-13,1030.53,23.0835714285714,0.022399708333160025,0.04479941666632005,-0.120831028693973,-0.120831028693973,0
2018-06-14,1015.72,22.650714285714255,0.022300155835972762,0.044600311671945524,-0.09917103138660266,-0.10801205056511642,0
2018-06-15,1016.51,20.919999999999977,0.020580220558577857,0.041160441117155715,-0.11520791728561453,-0.11520791728561453,0
2018-06-18,987.34,20.14428571428569,0.02040258240756547,0.04080516481513094,-0.07072538335325218,-0.08906759576235146,0
2018-06-19,962.16,21.90285714285712,0.0227642566130967,0.0455285132261934,-0.04888999750561229,-0.06522823646794706,0
2018-06-20,980.95,21.55428571428569,0.021972868866186542,0.043945737732373084,-0.07118609511188134,-0.0831336969264489,0
2018-06-21,969.4,20.901428571428557,0.021561201332193684,0.04312240266438737,-0.07864658551681458,-0.07864658551681458,0
2018-06-22,983.17,21.036428571428562,0.021396532208497576,0.04279306441699515,-0.08610921814131833,-0.09155079996338378,0
2018-06-25,990.52,21.072142857142858,0.021273818658020895,0.04254763731604179,-0.08157331502645071,-0.09829180632395107,0
2018-06-26,983.02,20.947142857142858,0.02130896915336703,0.04261793830673406,-0.07315212304937846,-0.09141217879595531,0
2018-06-27,968.91,21.134999999999998,0.02181317150199709,0.04362634300399418,-0.04916865343530352,-0.07818063597238134,0
2018-06-28,957.35,21.81571428571429,0.022787605667430186,0.04557521133486037,-0.01562646889852204,-0.06704966835535597,1
2018-06-29,960.78,21.532857142857154,0.022411849895769224,0.04482369979153845,-0.017496201003351364,-0.07038031599325545,0
2018-07-02,947.15,21.118571428571443,0.022296966086228626,0.04459393217245725,-0.014527793908039932,-0.05700258670749092,1
2018-07-03,906.01,23.15714285714287,0.025559478214526185,0.05111895642905237,0.03391794792551961,-0.014183066412070566,1
2018-07-04,914.99,23.625714285714302,0.025820734965097215,0.05164146993019443,0.02086361599580333,-0.023858184242450786,1
2018-07-05,899.4,24.838571428571445,0.02761682391435562,0.05523364782871124,0.031331999110518094,-0.006937958639092745,1
2018-07-06,917.51,24.67642857142859,0.026894996862626665,0.05378999372525333,0.013787315669584022,-0.026539220280977882,1
2018-07-09,915.12,22.434285714285732,0.024515129943926187,0.049030259887852375,0.022292158405454954,-0.02399685287175457,1
2018-07-10,911.12,21.398571428571447,0.023486007802014496,0.04697201560402899,0.042376415839845416,-0.019712002809728735,1
2018-07-11,893.16,22.21000000000001,0.024866765193246463,0.049733530386492926,0.0707935868153522,0.005989968202785745,2
2018-07-12,898.51,22.01785714285715,0.024504854862892066,0.04900970972578413,0.06038886601150795,0.012476210615352201,2
2018-07-13,909.72,22.00714285714286,0.024191116889969288,0.048382233779938576,0.048179659675504416,0.001527942663676729,1
2018-07-16,911.11,21.477857142857147,0.02357328658763173,0.04714657317526346,0.05322079661072765,0.011151233111259762,2
2018-07-17,921.27,21.742142857142856,0.023600185458272662,0.047200370916545324,0.04228944826163894,0.006849240722046845,1
2018-07-18,942.39,21.70357142857143,0.02303034988547356,0.04606069977094712,0.015280297965810208,-0.015715362005114586,1
2018-07-19,943.97,21.34928571428572,0.022616487509439624,0.04523297501887925,0.023623632106952508,-0.017362839920760154,1
2018-07-20,933.39,20.32000000000001,0.02177010681494339,0.04354021362988678,0.032258755718402865,-0.00622462207651675,1
2018-07-23,936.74,18.730714285714296,0.019995638368933,0.039991276737866,0.03387279287742606,-0.009778593846745065,1
2018-07-24,934.08,17.917142857142874,0.019181593500709655,0.03836318700141931,0.047062350119903895,-0.006958718739294323,2
2018-07-25,927.58,16.6007142857143,0.017896800584008173,0.035793601168016345,0.05464757756743355,0.0027814312512126627,2
2018-07-26,930.16,15.136428571428585,0.01627293000282595,0.0325458600056519,0.03355336716263868,0.005762449471058861,2
2018-07-27,935.52,14.710000000000012,0.01572387549170516,0.03144775098341032,0.030742260988541048,0.015189413374379956,1
2018-07-30,949.73,14.950714285714298,0.01574206804640719,0.03148413609281438,0.020163625451444123,0.003200909732239632,1
2018-07-31,956.39,13.9307142857143,0.01456593469788925,0.0291318693957785,0.013833268854755998,-0.0037850667614676148,1
2018-08-01,952.77,13.158571428571438,0.013810858264399003,0.027621716528798006,0.02775066385381586,0.0008186655751125649,2
2018-08-02,953.55,12.954285714285723,0.013585324014771877,0.027170648029543755,0.02999318336741652,0.003397829164700328,2
2018-08-03,959.6,12.967857142857156,0.013513815280176276,0.027027630560352553,0.028928720300124944,-0.002928303459775017,2
2018-08-06,960.23,12.133571428571445,0.0126361095035267,0.0252722190070534,0.027930808243858074,-0.00358247503202358,2
2018-08-07,956.79,11.21857142857144,0.011725218102793132,0.023450436205586265,0.036716520866647784,0.004786839327334258,2
2018-08-08,966.27,11.360714285714298,0.011757287596338806,0.023514575192677613,0.02992952280418515,-0.0050710463948999696,2
2018-08-09,963.5,11.025714285714296,0.011443398324560764,0.02288679664912153,0.025604566683964602,-0.0022106901920082578,2
2018-08-10,968.47,10.6357142857143,0.010981975988635992,0.021963951977271984,0.030563672596982894,-0.007331151197249253,2
2018-08-13,978.04,10.768571428571436,0.011010358910240313,0.022020717820480627,0.011758210298147276,-0.0170442926669665,1
2018-08-14,978.27,10.49714285714286,0.010730312548828912,0.021460625097657823,-0.0023817555480593056,-0.01727539431854186,1
2018-08-15,961.37,11.304285714285713,0.011758517235076727,0.023517034470153454,0.007354088436294148,0.0030269303181917895,1
2018-08-16,964.28,11.931428571428569,0.012373406657224632,0.024746813314449265,-0.0063155929812916956,-0.0063155929812916956,1
2018-08-17,968.88,11.719285714285709,0.012095704023496934,0.024191408046993868,2.0642391214575895e-05,-0.011033358104202695,1
2018-08-20,969.62,11.38785714285714,0.011744659910951857,0.023489319821903713,0.0007425589406160338,-0.01178812318227751,1
2018-08-21,979.21,11.430714285714284,0.011673404362408763,0.023346808724817526,0.005974203694815161,-0.02146628404530182,1
2018-08-22,982.15,11.144285714285713,0.011346826568534047,0.022693653137068094,0.004948327648526263,-0.0243954589421167,1
2018-08-23,987.36,10.769285714285713,0.010907152117045163,0.021814304234090327,0.0005975530708151044,-0.0295434289418246,1
2018-08-24,987.05,10.680714285714284,0.010820844218341811,0.021641688436683622,0.00434628438275686,-0.02923864039309043,1
2018-08-27,991.92,10.62214285714286,0.01070866890186997,0.02141733780373994,-0.004345108476489945,-0.034004758448261896,1
2018-08-28,995.19,10.336428571428574,0.010386387093347575,0.02077277418669515,-0.0017082165214683531,-0.037178830173132726,1
2018-08-29,988.17,10.243571428571434,0.01036620361736486,0.02073240723472972,0.007458230871206339,-0.03033890929698324,1
2018-08-30,998.07,10.330000000000009,0.010349975452623571,0.020699950905247143,0.006682897993126602,-0.03995711723626594,1
2018-08-31,989.54,10.250714285714293,0.010359070159583537,0.020718140319167074,0.013571962730157594,-0.0316813873112759,1
2018-09-04,975.94,11.691428571428576,0.011979659171084877,0.023959318342169755,0.03622148902596467,-0.01818759349960042,2
2018-09-05,968.44,11.216428571428578,0.01158195507354981,0.02316391014709962,0.04367849324687123,-0.010584032051546788,2
2018-09-06,958.19,10.906428571428583,0.011382323517703777,0.022764647035407554,0.05366367839363795,0.011177323912793913,2
2018-09-07,968.9,11.060714285714296,0.011415743921678496,0.022831487843356993,0.047961605944885966,0.0014862214882858105,2
2018-09-10,970.34,11.010000000000007,0.011346538326772066,0.02269307665354413,0.048220211472267405,0.01516994043325015,2
2018-09-11,985.06,11.465714285714293,0.011639610060010856,0.02327922012002171,0.028241934501451738,0.0019795748482327458,2
2018-09-12,987.01,11.652857142857158,0.011806219939876149,0.023612439879752298,0.03219825533682541,0.0006078965765290434,2
2018-09-13,987.95,11.695714285714303,0.011838366603283872,0.023676733206567744,0.03284579179108249,-0.0003441469710006029,2
2018-09-14,991.34,11.786428571428578,0.011889390694845944,0.02377878138969189,0.03256198680573763,-0.0037625839772429392,2
2018-09-17,987.61,11.737857142857154,0.011885113701620228,0.023770227403240456,0.021040694201152288,0.005953767175302049,1
2018-09-18,993.49,12.175000000000011,0.012254778608742928,0.024509557217485857,0.002647233490020051,0.002063432948494759,1
2018-09-19,995.54,12.219285714285727,0.012274027878624392,0.024548055757248784,0.0006529119874640887,0.0005825983888141373,1
2018-09-20,1004.74,11.830714285714294,0.011774901253771416,0.023549802507542832,-0.010729143858112522,-0.010729143858112522,1
2018-09-21,1002.97,11.487142857142869,0.011453127069745724,0.022906254139491447,-0.056910974406014225,-0.056910974406014225,0
2018-09-24,1011.29,10.14428571428573,0.010031035325461271,0.020062070650922543,-0.04074993325356713,-0.06466987708768002,0
2018-09-25,1010.74,9.56428571428573,0.009462656780463551,0.02,-0.05847201060609064,-0.06416091180719075,0
2018-09-26,1009.61,9.176428571428582,0.009089082488712059,0.02,-0.04579986331355668,-0.06311347946236667,0
2018-09-27,1015.37,8.802857142857151,0.008669605309253918,0.02,-0.043107438667677744,-0.06842825767946659,0
2018-09-28,1017.13,8.736428571428585,0.008589293965794524,0.02,-0.05275628484067918,-0.07004021118244474,0
2018-10-01,1012.88,8.297142857142871,0.00819163460345043,0.02,-0.05382671195008293,-0.06613814074717639,0
2018-10-02,1018.79,8.215714285714293,0.008064188189631125,0.02,-0.06407601173941635,-0.07155547266855777,0
2018-10-03,1020.4,8.231428571428564,0.008066864534916273,0.02,-0.07910623284986285,-0.07910623284986285,0
2018-10-04,1023.62,7.994285714285719,0.007809817817437837,0.02,-0.09856196635470194,-0.09856196635470194,0
2018-10-05,1008.39,8.595714285714289,0.008524196278934032,0.02,-0.09740279058697532,-0.09740279058697532,0
2018-10-08,996.12,8.643571428571429,0.00867723911634284,0.02,-0.09567120427257758,-0.09567120427257758,0
2018-10-09,996.19,8.458571428571426,0.008490921840784815,0.02,-0.10778064425461009,-0.10778064425461009,0
2018-10-10,993.96,8.401428571428564,0.008452481560051274,0.02,-0.1059096945551129,-0.1059096945551129,0
2018-10-11,945.89,11.717142857142846,0.012387426505347182,0.024774853010694365,-0.032910803581811865,-0.06047214792417721,0
2018-10-12,970.08,13.746428571428567,0.014170407153460091,0.028340814306920183,-0.06403595579746002,-0.08390029688273126,0
2018-10-15,951.64,14.644999999999998,0.01538922281535034,0.03077844563070068,-0.028140893615232643,-0.06614896389390934,1
2018-10-16,963.37,15.06714285714286,0.015640037428135464,0.03128007485627093,-0.03927878177647226,-0.07751954077872458,0
2018-10-17,971.6,15.333571428571434,0.015781773804622718,0.031563547609245436,-0.0509983532317827,-0.08533347056401808,0
2018-10-18,963.47,15.580000000000009,0.016170716265166543,0.032341432530333086,-0.042876270148525686,-0.07761528641265425,0
2018-10-19,958.36,16.055000000000007,0.016752577319587635,0.03350515463917527,-0.033473851162402535,-0.07269710755874614,0
2018-10-22,953.51,16.172857142857147,0.016961392269464554,0.03392278453892911,-0.041132237732168564,-0.06798040922486381,0
2018-10-23,939.68,17.60214285714287,0.018732060762326398,0.037464121524652796,-0.022943980929678087,-0.05426315341392807,1
2018-10-24,922.73,18.50714285714286,0.020056942829584885,0.04011388565916977,-0.015974337021663954,-0.03689053135803533,1
2018-10-25,910.17,20.09,0.022072799586890363,0.04414559917378073,-0.010151949635782365,-0.023599986815649676,1
2018-10-26,900.82,20.452142857142853,0.02270391738320958,0.04540783476641916,-0.004074065851113473,-0.013465509202726378,1
2018-10-29,888.82,21.177142857142858,0.023826132239534278,0.047652264479068555,0.010542067010193223,-0.00014626133525352802,1
2018-10-30,888.69,21.573571428571427,0.024275699544916027,0.048551399089832054,0.03079814108406742,0.00951963001721623,1
2018-10-31,914.76,19.497857142857136,0.02131472423680215,0.0426294484736043,0.004656959202413713,-0.019250951069132882,1
2018-11-01,907.96,19.027857142857133,0.020956713008124954,0.04191342601624991,0.016080003524384212,-0.011905810828670926,1
2018-11-02,924.86,20.491428571428553,0.02215624913114261,0.04431249826228522,-0.00047574768073010976,-0.029961291438704296,1
2018-11-05,925.53,20.23642857142855,0.021864692199527355,0.04372938439905471,-0.008168292761984941,-0.030663511717610392,1
2018-11-06,922.05,20.053571428571413,0.021748898030010753,0.04349779606002151,-0.0011062306816332912,-0.02700504311046037,1
2018-11-07,922.16,20.072857142857124,0.0217672173406536,0.0435344346813072,0.0010410340938666884,-0.02712110696625314,1
2018-11-08,926.28,19.577142857142842,0.02113523217293134,0.04227046434586268,0.004231981690201669,-0.031448374141728186,1
2018-11-09,914.29,19.699285714285704,0.02154599275315896,0.04309198550631792,0.013671810913386429,-0.018746787124435338,1
2018-11-12,918.12,18.764285714285702,0.020437726783302513,0.040875453566605026,0.009170914477410363,-0.02284015161416808,1
2018-11-13,907.99,18.599285714285706,0.020484020434460407,0.040968040868920814,0.04801814997962528,-0.01193845747199862,2
2018-11-14,900.93,16.767857142857135,0.0186117202700067,0.0372234405400134,0.06427802381983061,-0.0041956644800372755,2
2018-11-15,897.15,16.33857142857143,0.01821163844236909,0.03642327688473818,0.06686730201192659,0.0011592264392801255,2
2018-11-16,898.19,15.850714285714284,0.017647395635349183,0.035294791270698365,0.06304902080851482,0.019895567752925114,2
2018-11-19,916.06,16.13071428571428,0.017608796678944917,0.035217593357889834,0.046427089928607446,0.0020850162653103244,2
2018-11-20,919.02,14.929999999999998,0.016245565928924288,0.032491131857848576,0.04011882222367302,-0.0011425213814715285,2
2018-11-21,922.56,13.854285714285709,0.015017219166542783,0.030034438333085566,0.03470776968435674,-0.00497528616024967,2
2018-11-22,924.42,11.368571428571427,0.012298058705535825,0.02459611741107165,0.039873650505181546,-0.006977347958719959,2
2018-11-23,917.97,11.294285714285715,0.012303545556266234,0.024607091112532467,0.046058150048476465,0.003333442269355169,2
2018-11-26,921.03,11.165000000000004,0.012122297862176046,0.024244595724352093,0.03366882729118492,0.0022691986145946252,2
2018-11-27,923.12,11.175714285714289,0.012106458841444545,0.02421291768288909,0.01140696767484184,0.003704827108068187,1
2018-11-28,930.2,10.98428571428572,0.011808520441072586,0.023617040882145172,-0.003171360997634931,-0.003934637712320055,1
2018-11-29,926.79,10.910714285714294,0.011772585252014257,0.023545170504028514,-0.008146397781590209,-0.008146397781590209,1
2018-11-30,926.54,10.396428571428576,0.011220701288048628,0.022441402576097256,-0.008958059015261033,-0.008958059015261033,1
2018-12-03,951.59,11.140000000000011,0.011706722432980602,0.023413444865961204,-0.04133082525037046,-0.04133082525037046,0
2018-12-04,958.84,10.982857142857158,0.011454316823304365,0.02290863364660873,-0.05243836302198501,-0.05243836302198501,0
2018-12-05,957.14,11.166428571428582,0.01166645273567982,0.02333290547135964,-0.06185093089830107,-0.06185093089830107,0
2018-12-06,954.82,11.31428571428572,0.011849653038568232,0.023699306077136464,-0.06605433484845313,-0.06605433484845313,0
2018-12-07,958.59,10.578571428571438,0.01103555370760329,0.02207110741520658,-0.060276030419678994,-0.06972741213657563,0
2018-12-10,955.89,10.42357142857144,0.01090457210408252,0.02180914420816504,-0.06627331596731845,-0.06709977089414054,0
2018-12-11,954.58,9.957857142857165,0.01043166328946465,0.0208633265789293,-0.06581952272203484,-0.06581952272203484,0
2018-12-12,961.28,10.14142857142859,0.010549921533193856,0.02109984306638771,-0.08640562583222366,-0.08640562583222366,0
2018-12-13,960.25,9.999285714285731,0.010413210845389983,0.020826421690779966,-0.08263473053892223,-0.08542567039833371,0
2018-12-14,952.04,10.119285714285727,0.010629055201762244,0.02125811040352449,-0.06554346456031257,-0.0775387588756774,0
2018-12-17,933.65,10.765714285714296,0.011530781648063296,0.023061563296126592,-0.04949392170513567,-0.05936914261232795,0
2018-12-18,927.25,11.380000000000004,0.012272849824750612,0.024545699649501224,-0.032634133189538894,-0.0528767861957401,0
2018-12-19,919.24,11.496428571428575,0.012506449427166546,0.025012898854333093,-0.02277968756799098,-0.04462381967712459,1
2018-12-20,918.24,11.48000000000001,0.012502178079804855,0.02500435615960971,-0.01691278968461396,-0.043583376894929415,1
2018-12-21,912.26,10.430714285714291,0.011433927044608216,0.022867854089216433,-0.01146602942143693,-0.037313923662113835,1
2018-12-24,908.56,10.309285714285718,0.011346840840765296,0.022693681681530593,0.0012327199084265494,-0.03339350180505407,1
2018-12-25,897.94,11.201428571428576,0.012474584684309169,0.024949169368618337,0.011982983272824432,-0.021961378265808462,1
2018-12-26,891.75,11.022142857142862,0.0123601265569306,0.0247202531138612,0.011370899915895682,-0.015172413793103412,1
2018-12-27,900.81,13.057857142857156,0.014495684043091392,0.028991368086182783,0.0016540668953497484,-0.025077430312718474,1
2018-12-28,892.54,13.614285714285725,0.015253418014078613,0.030506836028157226,0.020738566338763587,-0.016044098863916445,1
2019-01-02,891.75,14.111428571428576,0.01582442228363171,0.03164884456726342,0.016596579758900942,-0.015172413793103412,1
2019-01-03,878.22,15.067857142857154,0.017157269411829785,0.03431453882365957,0.03393227209583016,0.003051627154927017,1
2019-01-04,880.9,15.989285714285725,0.018151079253361024,0.03630215850672205,0.03166080145305927,0.0074242252242027185,1
2019-01-07,889.64,16.45500000000001,0.018496245672406826,0.03699249134481365,0.021626725417022596,-0.002472910390719729,1
2019-01-08,887.44,15.72714285714287,0.017721922447875765,0.03544384489575153,0.0278779410439014,0.01076129090417366,1
2019-01-09,896.99,15.240714285714294,0.016990952280085948,0.033981904560171895,0.02111506259824525,0.0014604399157180925,1
2019-01-10,898.3,14.64857142857144,0.016306992573273338,0.032613985146546676,0.019525770900590045,0.0038962484693310095,1
2019-01-11,902.71,14.538571428571442,0.0161054728856127,0.0322109457712254,0.008795737279968074,-0.0010080756832205884,1
2019-01-14,901.8,14.273571428571447,0.015827868073377077,0.031655736146754154,0.007618097139055147,9.980039920165495e-05,1
2019-01-15,909.68,14.481428571428589,0.0159192557508449,0.0318385115016898,0.018050303403394752,-0.008563450883827262,1
2019-01-16,908.7,13.031428571428592,0.014340737945888181,0.028681475891776363,0.03173764718829086,-0.00749422251568177,2
2019-01-17,901.89,12.927142857142874,0.014333391940417207,0.028666783880834414,0.04807681646320505,0.0004546008936787693,2
2019-01-18,902.3,10.758571428571445,0.011923497094726194,0.023846994189452388,0.05545827330156272,0.00471018508256682,2
2019-01-21,911.05,10.37000000000002,0.011382470775478866,0.02276494155095773,0.04372976236210979,-0.004939355688491354,2
2019-01-22,906.55,9.74785714285717,0.010752696644263603,0.021505393288527207,0.060393800672880804,0.0016215321824499807,2
2019-01-23,908.02,8.670000000000025,0.009548247835950777,0.02,0.06203607850047366,0.0007158432633642686,2
2019-01-24,908.79,7.553571428571453,0.008311679737421685,0.02,0.0679915051882174,-0.00013204370646680008,2
2019-01-25,908.88,6.689285714285737,0.007359921787569027,0.02,0.08657908634803291,-0.0002310536044363154,2
2019-01-28,912.18,6.428571428571445,0.0070474812302083415,0.02,0.0841171698568266,-0.00384792475169371,2
2019-01-29,915.93,6.359285714285728,0.006942982230395039,0.02,0.08570523948336661,-0.007926369919098564,2
2019-01-30,915.84,6.36071428571429,0.006945224368573429,0.02,0.0777646750524108,-0.00782887840670865,2
2019-01-31,910.65,6.640000000000002,0.007291495085927637,0.02,0.08743205402734322,-0.002174271125020555,2
2019-02-01,908.67,6.5428571428571365,0.007200476677844693,0.02,0.06250894163997933,0.01918188121100073,2
2019-02-11,926.1,7.019285714285713,0.007579403643543584,0.02,0.05780153331173743,0.012352877659000061,2
2019-02-12,937.54,7.479999999999994,0.007978326258079649,0.02,0.06021076434072148,0.008223649124304178,2
2019-02-13,945.25,7.532857142857138,0.007969169154040875,0.02,0.04993387992594567,0.005966675482676598,2
2019-02-14,952.34,7.725714285714275,0.008112348830999722,0.02,0.04425940315433552,-0.0015225654703152625,2
2019-02-15,950.89,7.561428571428556,0.007951948775808513,0.02,0.04536802364100989,0.010947638528115755,2
2019-02-18,961.3,7.817857142857122,0.008132588310472404,0.02,0.024914178716321622,0.0031727868511390867,2
2019-02-19,964.35,8.219285714285693,0.008523135494670703,0.02,0.020998600093327102,0.001161404054544457,2
2019-02-20,970.58,8.533571428571406,0.00879223910298111,0.02,0.031671783881802584,-0.005264893156669226,2
2019-02-21,987.57,9.507142857142842,0.009626804031251296,0.02,0.018064542260295413,-0.022378160535455716,1
2019-02-22,988.91,9.909999999999984,0.010021134380277259,0.020042268760554517,0.02088157668544155,-0.02370286477030259,2
2019-02-25,994.43,10.06357142857142,0.010119939491539293,0.020239878983078587,0.009744275615176656,-0.029122210713675045,1
2019-02-26,987.06,10.983571428571427,0.01112756208191136,0.02225512416382272,0.025125119040382726,-0.021873037100074932,2
2019-02-27,990.27,10.799285714285718,0.010905395209675863,0.021810790419351727,0.016480353842891482,-0.02504367495733484,1
2019-02-28,965.47,12.192857142857147,0.012628934242241754,0.025257868484483508,0.03814722363201328,0.014666431893274767,2
2019-03-01,979.63,12.044285714285715,0.012294729351169029,0.024589458702338057,0.002194706164572402,0.002194706164572402,1
2019-03-04,993.99,12.207857142857149,0.012281669979433545,0.02456333995886709,-0.005311924667250167,-0.012283825793016012,1
2019-03-05,992.45,12.52357142857144,0.012618843698495077,0.025237687396990154,-0.022550254420877658,-0.022550254420877658,1
2019-03-06,994.49,12.56428571428573,0.012633898494993141,0.025267796989986283,-0.024836851049281572,-0.024836851049281572,1
2019-03-07,994.03,12.8057142857143,0.012882623548297637,0.025765247096595275,-0.018228826091767902,-0.024385581924086797,1
2019-03-08,985.25,12.744285714285727,0.012935078116504163,0.025870156233008326,-0.002303983760466921,-0.01569144887084495,1
2019-03-11,984.6,12.397857142857154,0.012591770407126907,0.025183540814253814,-0.003900060938452188,-0.015041641275645001,1
2019-03-12,1001.32,12.992142857142872,0.012975015836239036,0.02595003167247807,-0.012773139455918292,-0.031488435265449644,1
2019-03-13,1005.41,12.362857142857147,0.012296333976046734,0.02459266795209347,-0.01949453456798722,-0.03542833271998491,1
2019-03-14,1009.56,12.299285714285718,0.012182817974449978,0.024365635948899955,-0.02486231625658697,-0.03939339910456041,0
2019-03-15,1004.12,12.118571428571427,0.012068847775735397,0.024137695551470793,-0.017139385730789214,-0.03418914074015067,1
2019-03-18,1011.86,11.544999999999991,0.011409681181191065,0.02281936236238213,-0.022335105647026343,-0.041576897989840544,1
2019-03-19,1006.59,11.751428571428553,0.011674493658220876,0.023348987316441753,-0.00897088188835582,-0.0365590756911951,1
2019-03-20,1002.3,11.020714285714275,0.010995424808654371,0.021990849617308742,-0.013788286940037864,-0.0324353985832585,1
2019-03-21,981.78,11.680714285714275,0.011897486489553948,0.023794972979107896,0.00013241255678453356,-0.01221251196805806,1
2019-03-22,988.71,11.247857142857137,0.011376295519269691,0.022752591038539383,-0.0027915162181023634,-0.019136045958875747,1
2019-03-25,970.07,12.077857142857138,0.012450500626611623,0.024901001253223247,0.013225849680950752,-0.00028863896419850654,1
2019-03-26,969.79,12.299999999999995,0.012683158209509271,0.025366316419018542,0.007609894925705518,0.0063106445725362725,1
2019-03-27,975.91,12.229285714285718,0.012531161392224405,0.02506232278444881,-0.0039040485290651183,-0.0039040485290651183,1
2019-03-28,982.98,12.302857142857144,0.012515877375793143,0.025031754751586286,-0.021038067915929215,-0.021038067915929215,1
2019-03-29,980.76,12.425000000000002,0.012668746686243324,0.02533749337248665,-0.014835433745258753,-0.01882213793384724,1
2019-04-01,988.53,11.785714285714286,0.011922464958791627,0.023844929917583253,-0.022933041991644143,-0.026534348982833134,1
2019-04-02,985.81,11.962857142857144,0.012135053552770964,0.02427010710554193,-0.018066361672127385,-0.023848408922611863,1
2019-04-03,984.46,11.69214285714286,0.011876706882090547,0.023753413764181094,-0.007659021189281523,-0.022509802328180006,1
2019-04-04,986.91,11.52642857142858,0.011679310749134754,0.02335862149826951,-0.012949509073775678,-0.02493641770779509,1
2019-04-05,989.26,11.156428571428583,0.011277549452548958,0.022555098905097916,-0.009724440490871955,-0.02725269393283869,1
2019-04-08,997.56,11.014285714285725,0.011041226306473521,0.022082452612947043,-0.01910662015317366,-0.03534624483740323,1
2019-04-09,988.48,10.845000000000002,0.01097139041761088,0.02194278083522176,-0.0145071220459696,-0.02648510844933638,1
2019-04-10,981.91,9.920714285714284,0.010103486353855532,0.020206972707711063,-0.024381053253353047,-0.024381053253353047,0
2019-04-11,985.95,9.643571428571429,0.009780994399889881,0.02,-0.028794563618844915,-0.028794563618844915,0
2019-04-12,982.9,8.339285714285714,0.008484368414167985,0.02,-0.03223115271136423,-0.03223115271136423,0
2019-04-16,977.17,8.892857142857142,0.009100624397860293,0.02,-0.03086463972491993,-0.03086463972491993,0
2019-04-17,972.1,8.827142857142851,0.009080488485899445,0.02,-0.020111099681102806,-0.025810101841374333,0
2019-04-18,962.3,8.905714285714291,0.009254613203485702,0.02,-0.0039073054141119945,-0.01588901589940761,1
2019-04-19,966.21,9.045000000000007,0.009361318967926234,0.02,-0.0009004253733660983,-0.019871456515664354,1
2019-04-22,965.86,9.015714285714296,0.009334390373050231,0.02,0.010125691093947342,-0.01951628600418287,1
2019-04-23,968.0,8.708571428571442,0.008996458087367192,0.02,0.00794421487603314,-0.02168388429752066,1
2019-04-24,976.92,9.080000000000016,0.009294517463047144,0.02,-0.0004503951193546296,-0.030616631863407462,1
2019-04-25,974.13,8.998571428571447,0.009237546763339028,0.02,0.013345241394885798,-0.027840226663792267,1
2019-04-26,979.64,9.350000000000014,0.009544322404148478,0.02,0.006788207913110966,-0.03330815401576093,1
2019-05-02,978.5,9.072857142857158,0.009272209650339456,0.02,0.005396014307613717,-0.03218191108840063,1
2019-05-03,974.14,8.68357142857145,0.008914089790555206,0.02,0.00879750343893071,-0.027850206335844896,1
2019-05-06,957.97,9.189285714285736,0.00959245666804361,0.02,0.012589120744908477,-0.011440859317097596,1
2019-05-07,957.56,9.567857142857163,0.009991913971821257,0.02,0.01835916287230055,-0.011017586365345222,1
2019-05-08,951.22,9.854285714285725,0.010359628387003769,0.020719256774007537,0.021845629822753843,-0.004425895166207616,2
2019-05-09,947.01,9.062142857142865,0.009569215591327299,0.02,0.025902577586297992,0.005849991024381884,2
2019-05-10,952.55,8.940714285714291,0.009386083970095315,0.02,0.01762637131909095,0.006288383811873466,1
2019-05-13,958.54,8.590714285714284,0.008962290864976198,0.02,0.0013979593965822712,0.0013979593965822712,1
2019-05-14,965.34,8.599285714285713,0.008908038322545128,0.02,-0.019547516937037712,-0.019547516937037712,1
2019-05-15,975.64,8.952857142857138,0.009176394103211366,0.02,-0.02509122217211268,-0.029898323151982265,0
2019-05-16,975.69,8.87785714285714,0.009099055174140495,0.02,-0.024884953212598315,-0.029948036773975395,0
2019-05-17,976.48,8.479285714285709,0.008683522155380253,0.02,-0.028950925774209435,-0.030732836310011447,0
2019-05-20,987.13,8.882857142857135,0.008998670026092951,0.02,-0.02922614042729932,-0.041190116803257903,0
2019-05-21,986.29,8.729999999999993,0.008851352036419301,0.02,-0.023715134493911494,-0.04037352097253333,0
2019-05-22,983.78,9.098571428571429,0.009248583452165554,0.02,-0.022067942019557085,-0.03792514586594553,0
2019-05-23,982.71,9.145000000000007,0.009305898993599338,0.02,-0.029042138575978704,-0.03687761394511102,0
2019-05-24,970.03,8.743571428571434,0.00901371238886574,0.02,-0.020566374235848284,-0.024287908621382748,0
2019-05-27,975.14,8.399285714285716,0.008613415216569636,0.02,-0.022078880981192373,-0.029400906536497295,0
2019-05-28,972.0,8.370000000000005,0.008611111111111116,0.02,-0.025771604938271575,-0.026265432098765418,0
2019-05-29,971.54,8.131428571428582,0.008369628189707663,0.02,-0.02833645552421926,-0.02833645552421926,0
2019-05-30,969.34,8.162857142857149,0.008421046426287111,0.02,-0.020271524955124076,-0.02613118204138898,0
2019-05-31,959.88,8.39714285714287,0.008748117324189345,0.02,-0.0007292578238946579,-0.01653331666458313,1
2019-06-03,946.47,9.115000000000009,0.009630521833761249,0.02,0.013449977284013315,-0.0025991315097151357,1
2019-06-04,951.16,8.822142857142865,0.009275140730416402,0.02,0.0122902561083309,-0.007517136969594995,1
2019-06-05,951.41,8.940000000000007,0.009396579813119482,0.02,0.009165344068277737,-0.0077779295992264075,1
2019-06-06,948.21,9.435000000000002,0.009950327459107162,0.02,0.011516436232479998,-0.004429398550953922,1
2019-06-07,958.28,9.393571428571429,0.009802533109917173,0.02,-0.015830446216137162,-0.015830446216137162,1
2019-06-10,962.9,9.525714285714287,0.009892734744744301,0.02,-0.013459341572333527,-0.02055249766330869,1
2019-06-11,962.07,9.186428571428564,0.009548607244201111,0.02,0.003679565935950535,-0.01970750569085411,1
2019-06-12,954.17,9.246428571428558,0.009690546308758981,0.02,0.008185124244107556,-0.011591225882180312,1
2019-06-13,950.08,8.872857142857129,0.009339063176634734,0.02,0.0108517177500842,-0.007336224317952222,1
2019-06-14,953.61,8.921428571428562,0.009355426821686604,0.02,0.020375205796919094,-0.011010790574763285,2
2019-06-17,946.95,9.02285714285713,0.00952833533223204,0.02,0.029980463593642703,-0.004055124346586392,2
2019-06-18,944.01,9.232857142857117,0.009780465400638889,0.02,0.023665003548691166,-0.0009533797311468417,2
2019-06-19,949.69,9.138571428571408,0.009622688907508142,0.02,0.020385599511419494,-0.006928576693447375,2
2019-06-20,959.18,9.37428571428569,0.009773228918749027,0.02,0.015085802456264785,-0.016753893951083176,1
2019-06-21,959.2,8.359999999999973,0.0087155963302752,0.02,0.020256463719766415,-0.01677439532944125,2
2019-06-24,962.85,8.338571428571404,0.008660301634285095,0.02,0.013034221322116624,-0.020501635768811366,1
2019-06-25,960.13,8.048571428571409,0.008382793401488765,0.02,0.012914917771551737,-0.017726766167081576,1
2019-06-26,959.13,7.48785714285713,0.0078069262173606595,0.02,0.023959213036814697,-0.016702636764567846,2
2019-06-27,943.11,7.912857142857133,0.008390174150265751,0.02,0.04184029434530445,0.007241997221957286,2
2019-06-28,949.94,8.069999999999993,0.008495273385687509,0.02,0.02748594648083036,0.011000694780722853,2
2019-07-01,965.61,8.844285714285709,0.00915927311677148,0.02,0.017325835482234098,-0.005405909218007321,1
2019-07-02,961.98,8.75285714285714,0.009098793262705192,0.02,0.020852824383043256,-0.0016528410154057482,2
2019-07-03,960.39,8.552142857142858,0.008904864541637103,0.02,0.030268953237747143,0.0062058122221182455,2
2019-07-04,973.04,9.023571428571424,0.00927358734334809,0.02,0.015795856285455878,-0.0068753596974430176,1
2019-07-05,975.34,8.628571428571433,0.008846731835638272,0.02,0.020105809256259377,-0.009217298583058198,2
2019-07-08,966.35,8.85357142857144,0.009161868296757324,0.02,0.027940187302737174,0.0027940187302737396,2
2019-07-09,969.05,8.851428571428585,0.009134129891572761,0.02,0.02981270316289164,0.003591145967700271,2
2019-07-10,973.65,8.319285714285732,0.00854443148388613,0.02,0.012704770708160007,-0.0011503106865916601,1
2019-07-11,978.63,8.38857142857145,0.008571749720089767,0.02,0.013314531538988206,-0.006233203560078948,1
2019-07-12,975.4,8.379285714285734,0.008590614839333334,0.02,0.022544597088373974,-0.0029423826122616514,2
2019-07-15,972.53,8.490714285714303,0.008730542282206516,0.02,0.01909452664699285,0.0036194256218315957,1
2019-07-16,982.11,8.874285714285731,0.0090359386568569,0.02,-0.009123214303896732,-0.009123214303896732,1
2019-07-17,982.57,8.19714285714288,0.008342553565794681,0.02,-0.018278595927007757,-0.018278595927007757,1
2019-07-18,976.05,7.964285714285738,0.008159710787649955,0.02,-0.010368321295015637,-0.011720711029148068,1
2019-07-19,982.34,7.564285714285745,0.007700272527114588,0.02,-0.007227640124600421,-0.018048740761854365,1
2019-07-22,982.04,7.427857142857168,0.007563701216709267,0.02,-0.007840821147814703,-0.017748767870962467,1
2019-07-23,989.46,7.792142857142876,0.007875146905527132,0.02,-0.014300729690942648,-0.025114709033210003,1
2019-07-24,988.41,7.4964285714285905,0.0075843309673400625,0.02,-0.02183304499145089,-0.024079076496595464,0
2019-07-25,994.95,7.886428571428586,0.007926457180188537,0.02,-0.026172169455751626,-0.030493994673099212,0
2019-07-26,993.35,7.461428571428582,0.007511379243397173,0.02,-0.014063522424120456,-0.028932400463079433,1
2019-07-29,997.94,7.722142857142875,0.0077380833087589175,0.02,-0.01797703268733597,-0.033398801531154265,1
2019-07-30,986.02,8.496428571428583,0.008616892731819419,0.02,-0.005060749274862553,-0.021713555505973425,1
2019-07-31,991.66,8.810000000000011,0.008884093338442624,0.02,-0.00704878688260091,-0.027277494302482608,1
2019-08-01,997.39,8.719285714285727,0.008742102602077148,0.02,-0.003017876658077623,-0.032865779684977725,1
2019-08-02,991.1,9.217142857142862,0.009299912074606863,0.02,0.0062153163152052215,-0.02672787811522548,1
2019-08-05,973.15,9.815000000000007,0.01008580383291374,0.02017160766582748,0.01983250269742598,-0.008775625545907606,1
2019-08-06,964.61,10.402142857142858,0.010783780861843499,0.021567561723686998,0.0189402971148962,0.0013684286913882016,1
2019-08-07,965.93,10.599285714285713,0.010973140615040131,0.021946281230080262,0.011243050738666271,0.0009317445363536958,1
2019-08-08,975.24,10.709999999999996,0.010981912144702838,0.021963824289405676,0.0020712850170214736,-0.00862351831344077,1
2019-08-09,974.34,10.660714285714286,0.010941472469275905,0.02188294493855181,0.004361927048053049,-0.007707781677853687,1
2019-08-12,975.31,10.249285714285715,0.010508746669557081,0.021017493339114162,0.008971506495370596,-0.008694671437799117,1
2019-08-13,966.83,10.447142857142856,0.010805563394953461,0.021611126789906922,0.01295987919282604,0.0021513606321690304,1
2019-08-14,968.91,10.341428571428569,0.01067326023204278,0.02134652046408556,0.008999803903355419,0.008132850316334927,1
2019-08-15,979.38,11.632142857142858,0.011877047578205454,0.023754095156410908,-0.0026445302129919357,-0.0026445302129919357,1
2019-08-16,980.0,11.709285714285711,0.01194825072886297,0.02389650145772594,-0.006040816326530529,-0.006040816326530529,1
2019-08-19,981.03,10.963571428571429,0.011175572029980152,0.022351144059960304,-0.007043617422504922,-0.0070843908952834544,1
2019-08-20,984.67,10.503571428571433,0.01066709804154837,0.02133419608309674,-0.014634344501203378,-0.014634344501203378,1
2019-08-21,994.38,10.905714285714298,0.010967350797194532,0.021934701594389063,-0.02521168969609211,-0.02521168969609211,0
2019-08-22,997.26,10.458571428571442,0.010487306648789125,0.02097461329757825,-0.021248220123137318,-0.02802679341395431,0
2019-08-23,992.45,9.703571428571438,0.009777390728572158,0.02,-0.005269786891027306,-0.023316036072346336,1
2019-08-26,982.88,9.752857142857156,0.009922734355015013,0.02,0.007101579033045757,-0.013806364968256601,1
2019-08-27,976.79,9.851428571428585,0.010085513335956127,0.020171026671912253,0.020424042015172228,-0.007657736053808928,2
2019-08-28,977.26,9.347142857142874,0.009564642835215678,0.02,0.01830628491905939,-0.008134989664981718,1
2019-08-29,978.59,9.424285714285727,0.00963047416618372,0.02,0.01891496949692928,-0.009483031708887313,1
2019-08-30,984.06,9.557857142857156,0.009712677217707412,0.02,0.006402048655569814,-0.014988923439627655,1
2019-09-03,979.36,9.22285714285716,0.00941722874413613,0.02,0.008352393399771119,-0.010261803626858468,1
2019-09-04,977.63,9.035714285714302,0.009242468301621577,0.02,0.010740259607417979,-0.008510377136544567,1
2019-09-05,976.79,7.697142857142873,0.007880038551933243,0.02,0.010759733412504247,-0.007657736053808928,1
2019-09-06,974.08,7.277857142857158,0.0074715189130843025,0.02,0.01711358409986863,-0.004896928383705701,1
2019-09-09,974.12,7.010000000000007,0.007196238656428373,0.02,0.024350182729027336,-0.004937790005338227,2
2019-09-10,970.26,7.350000000000007,0.007575289097767616,0.02,0.027106136499494893,-0.0009791189990312477,2
2019-09-11,969.31,6.910714285714286,0.007129519230910943,0.02,0.031238716200183703,0.006974033075074049,2
2019-09-12,976.07,7.005000000000011,0.0071767393732007035,0.02,0.015490692265923478,0.011423361029434309,1
2019-09-13,987.22,7.282857142857154,0.0073771369531180015,0.02,0.0052977046656266236,8.10356354206121e-05,1
2019-09-16,989.86,6.599285714285721,0.006666887958181683,0.02,-0.002293253591416966,-0.002586224314549579,1
2019-09-17,996.74,6.462142857142859,0.0064832783445460795,0.02,-0.013694644541204282,-0.013694644541204282,1
2019-09-18,995.15,6.454999999999992,0.006486459327739529,0.02,-0.0069637743053810874,-0.012118776063909875,1
2019-09-19,997.1,6.5414285714285745,0.006560453887702913,0.02,-0.009296961187443609,-0.014050747166783673,1
2019-09-20,990.36,6.678571428571429,0.00674357953529164,0.02,-0.003009006825800742,-0.007340764974352765,1
2019-09-23,987.54,6.6678571428571445,0.006751986899626491,0.02,0.004354254004901081,-0.004506146586467308,1
2019-09-24,988.13,6.659285714285716,0.0067392809795125295,0.02,0.0055053484865352775,-0.005100543450760497,1
2019-09-25,987.3,6.7478571428571446,0.006834657290445806,0.02,0.005823964347209554,-0.004264154765521999,1
2019-09-26,990.75,6.779999999999997,0.006843300529901586,0.02,0.0037446379005803276,-0.007731516527882842,1
2019-09-27,997.84,7.139285714285718,0.007154739952583297,0.02,-0.008037360699110097,-0.014781928966567826,1
2019-09-30,996.56,7.037857142857141,0.007062150942097958,0.02,-0.007385405795937938,-0.013516496748815832,1
2019-10-01,999.59,6.861428571428568,0.006864242911022086,0.02,-0.016036574995748287,-0.016506767774787656,1
2019-10-02,991.19,7.185714285714271,0.007249583112939265,0.02,-0.004035553223902588,-0.008171995278402733,1
2019-10-03,992.45,7.030714285714274,0.00708419999568167,0.02,-0.0046954506524259365,-0.009431205602297377,1
2019-10-04,987.59,7.126428571428554,0.0072159788691952675,0.02,0.006085521319575848,-0.004556546745106749,1
2019-10-07,983.09,6.94571428571427,0.00706518659096753,0.02,0.013711867682511203,0.00047808440732777235,1
2019-10-08,988.22,7.09999999999999,0.007184635000303565,0.02,0.008358462690494006,-0.004715549169213462,1
2019-10-09,987.83,7.000714285714269,0.00708696262080952,0.02,0.008139052266078028,-0.004322606116437089,1
2019-10-10,987.38,6.697857142857133,0.006783464464397834,0.02,0.013682675363082097,-0.0038688245660232212,1
2019-10-11,991.84,6.556428571428561,0.006610369183969754,0.02,0.007037425391192231,-0.008348120664623426,1
2019-10-14,993.57,6.484285714285704,0.006526249498561454,0.02,0.02216250490654903,-0.010074780840806485,2
2019-10-15,993.05,6.3335714285714175,0.006377897818409363,0.02,0.029585620059412898,-0.009556417098836922,2
2019-10-16,994.46,6.26571428571428,0.006300619718957303,0.02,0.030046457373851032,-0.01096072240210777,2
2019-10-17,989.82,6.151428571428555,0.006214694157956553,0.02,0.03545089006081925,-0.006324382210907142,2
2019-10-18,989.2,5.9235714285714165,0.005988244468834832,0.02,0.03521027092600071,-0.005701577031945071,2
2019-10-21,983.56,6.074999999999997,0.006176542356338197,0.02,0.039580706820122824,0.003690674691935625,2
2019-10-22,987.19,5.558571428571432,0.005630700704597324,0.02,0.029943577224242457,0.0006077857352686511,2
2019-10-23,987.79,5.20071428571429,0.005264999934919659,0.02,0.03091750270806548,0.005881816985391586,2
2019-10-24,993.6,5.110000000000014,0.005142914653784233,0.02,0.01929347826086958,0.0022846215780998325,1
2019-10-25,996.57,4.860714285714299,0.004877443918354254,0.02,0.015784139598823854,-0.0007024092637747392,1
2019-10-28,996.48,4.60785714285715,0.0046241340948710965,0.02,0.013597864482979949,-0.0006121547848426667,1
2019-10-29,995.87,4.518571428571436,0.004537310521023262,0.02,0.007069195778565351,0.00296223402652962,1
2019-10-30,1000.89,4.845714285714288,0.004841405434877247,0.02,0.007453366503811676,-0.002068159338188935,1
2019-10-31,998.82,4.942857142857138,0.004948696604850862,0.02,0.001742055625638228,0.001742055625638228,1
2019-11-01,1015.59,5.774999999999993,0.0056863498065164025,0.02,-0.027274786084935942,-0.027274786084935942,0
2019-11-04,1022.43,6.0835714285714175,0.005950110451152076,0.02,-0.043670471328110416,-0.043670471328110416,0
2019-11-05,1024.34,6.026428571428563,0.005883230735330616,0.02,-0.046849678817579954,-0.046849678817579954,0
2019-11-06,1024.91,5.9950000000000045,0.005849294084358631,0.02,-0.04695046394317559,-0.047379769931018334,0
2019-11-07,1024.03,6.092857142857148,0.0059498814906371374,0.02,-0.04478384422331383,-0.04656113590422151,0
2019-11-08,1022.49,6.138571428571432,0.00600355155411929,0.02,-0.05095404356032829,-0.05095404356032829,0
2019-11-11,1016.75,6.449285714285712,0.0063430397976746615,0.02,-0.045242193262847286,-0.04559626260142613,0
2019-11-12,1018.33,6.576428571428567,0.006458052469659704,0.02,-0.05795763652254193,-0.05795763652254193,0
2019-11-13,1012.77,6.814999999999998,0.006729069778923149,0.02,-0.05859178293195888,-0.05859178293195888,0
2019-11-14,1012.3,6.982857142857142,0.00689801160017499,0.02,-0.04583621456090092,-0.058154697224143015,0
2019-11-15,1010.03,7.481428571428572,0.0074071350073053,0.02,-0.04629565458451723,-0.056037939467144526,0
2019-11-18,1002.91,7.87071428571429,0.007847876963749778,0.02,-0.03923582375287915,-0.04933643098583129,0
2019-11-19,1008.35,7.760714285714292,0.007696448937089594,0.02,-0.04193980264789021,-0.05446521545098437,0
2019-11-20,1000.56,7.96285714285716,0.007958400438611539,0.02,-0.04023746701846964,-0.04710362197169582,0
2019-11-21,987.89,7.649285714285733,0.007743054099429828,0.02,-0.02643006812499371,-0.03488242618105253,0
2019-11-22,977.78,8.673571428571458,0.00887067789131651,0.02,-0.009828386753666485,-0.024903352492380737,1
2019-11-25,976.35,9.016428571428596,0.009234832356663692,0.02,-0.010416346597019621,-0.023475188200952624,1
2019-11-26,976.79,9.020714285714307,0.009235060028987097,0.02,-0.01568402624924492,-0.023915068745585022,1
2019-11-27,978.17,9.03000000000002,0.00923152417268984,0.02,-0.024678736824887304,-0.025292127135364995,0
2019-11-28,970.39,9.402142857142874,0.009689035189091885,0.02,-0.0198476901039788,-0.0198476901039788,1
2019-11-29,970.75,9.147857142857163,0.009423494352672843,0.02,-0.019047128508884903,-0.020211176925057917,1
2019-12-02,959.31,9.772142857142878,0.010186637121621664,0.02037327424324333,-0.0030230061189813195,-0.0085269620873335,1
2019-12-03,953.43,9.812857142857158,0.010292163182254763,0.020584326364509527,0.00629306818539388,-0.0024123428044009465,1
2019-12-04,965.9,10.502857142857156,0.010873648558709138,0.021747297117418275,-0.007267833109017463,-0.015291438037063898,1
2019-12-05,963.27,10.310714285714303,0.010703867332849878,0.021407734665699757,-0.0024396067561535117,-0.012602904689235639,1
2019-12-06,963.56,9.950714285714298,0.010327031306524034,0.020654062613048068,-0.005157955913487444,-0.01290007887417488,1
2019-12-09,966.06,9.806428571428585,0.010150951878173805,0.02030190375634761,-0.002639587603254445,-0.015454526633956411,1
2019-12-10,960.3,10.005714285714296,0.010419362996682596,0.02083872599336519,0.004925544100801815,-0.009549099239820835,1
2019-12-11,961.78,9.616428571428587,0.009998574072478724,0.02,-0.0008213936659110521,-0.011073218407536056,1
2019-12-12,968.17,8.469285714285727,0.008747725827370944,0.02,-0.0015493146864703489,-0.017600214838303208,1
2019-12-13,966.18,8.294285714285731,0.0085846174773704,0.02,-0.001076403982694707,-0.015576807634188228,1
2019-12-16,961.47,8.30714285714287,0.008640043742543053,0.02,-0.005907620622588428,-0.010754365710838654,1
2019-12-17,954.03,8.506428571428582,0.00891631140679914,0.02,0.005083697577644264,-0.003039736695910955,1
2019-12-18,951.13,7.994285714285719,0.008405040020066363,0.02,-0.002260469126197262,-0.002260469126197262,1
2019-12-19,952.26,8.297857142857149,0.0087138566597958,0.02,0.008285552265137719,-0.0034444374435552705,1
2019-12-20,956.41,7.6300000000000034,0.007977750128083149,0.02,0.012682845223283001,-0.0077686347905187025,1
2019-12-23,959.43,7.23285714285715,0.007538702294963833,0.02,0.0066810502068936906,-0.01089188372262695,1
2019-12-24,958.88,6.545000000000008,0.0068256716168863755,0.02,0.008468212915067497,-0.010324545302853316,1
2019-12-25,960.92,6.399285714285725,0.006659540559344925,0.02,0.0069100445406484745,-0.012425592140864916,1
2019-12-26,958.59,6.4178571428571605,0.006695101287158389,0.02,0.016399086157794063,-0.010025141092646517,1
2019-12-27,963.51,6.727857142857155,0.00698265419441122,0.02,0.01603512158669873,-0.015080279395128238,1
2019-12-30,965.03,6.271428571428577,0.006498687679583616,0.02,0.014092826129757707,-0.01663160730754476,1
2019-12-31,960.99,6.2900000000000045,0.006545333458204564,0.02,0.026410264414822304,-0.01249752859030795,2
2020-01-02,966.67,6.317857142857146,0.00653569174884619,0.02,0.025644739156071905,-0.01829993689676923,2
2020-01-03,965.14,6.305714285714283,0.0065334710878362555,0.02,-0.005760822264127441,-0.016743684854010787,1
2020-01-06,955.79,6.574285714285712,0.006878378842931724,0.02,-0.020056707017231723,-0.020056707017231723,0
2020-01-07,958.88,6.396428571428568,0.006670728945674712,0.02,-0.0320582346070416,-0.0320582346070416,0
2020-01-08,948.98,7.059285714285717,0.007438814004811183,0.02,-0.020959345823937214,-0.021960420662184732,0
2020-01-09,960.15,7.2478571428571446,0.007548671710521424,0.02,-0.03566109462063216,-0.03566109462063216,0
2020-01-10,968.54,7.555000000000007,0.007800400602969425,0.02,-0.030974456398290218,-0.044014702541970374,0
2020-01-13,965.84,7.522142857142861,0.007788187336559742,0.02,-0.02597738755901602,-0.041342251304563926,0
2020-01-14,967.0,7.304285714285721,0.007553552962032804,0.02,-0.03750775594622546,-0.04249224405377461,0
2020-01-15,967.56,7.127142857142863,0.007366099112347414,0.02,-0.03399272396543884,-0.04304642606143283,0
2020-01-16,974.31,7.3307142857142935,0.007524005999850452,0.02,-0.037595837053915115,-0.04967618109226013,0
2020-01-17,978.96,7.110000000000014,0.007262809512135341,0.02,-0.04159516221296067,-0.05419016098717011,0
2020-01-20,978.63,7.029285714285736,0.007182781760507788,0.02,-0.04207923321377838,-0.05387122814546874,0
2020-01-21,986.37,7.047857142857164,0.007145246857525233,0.02,-0.05231302655190251,-0.06129545708000039,0
2020-01-22,991.46,7.086428571428598,0.007147467947701973,0.02,-0.06407721945413847,-0.06611461884493586,0
2020-01-30,959.58,9.352142857142885,0.009746079385921846,0.02,-0.03211821838721107,-0.035088267783822125,0
2020-01-31,936.62,10.408571428571463,0.011112907506322161,0.022225815012644323,0.0016121799662616176,-0.01143473340308776,1
2020-02-03,928.14,13.158571428571463,0.014177356248595539,0.028354712497191077,0.005333247139440278,-0.002402654771909485,1
2020-02-04,929.09,13.300000000000027,0.014315082500080753,0.028630165000161505,-0.027715291306547263,-0.027715291306547263,1
2020-02-05,925.91,13.49214285714289,0.014571764920070946,0.02914352984014189,-0.01753950167942886,-0.0243760192675313,1
2020-02-06,938.54,13.761428571428594,0.014662591441418155,0.02932518288283631,-0.04535768321009226,-0.04535768321009226,0
2020-02-07,940.75,14.025714285714303,0.014909077104134258,0.029818154208268517,-0.04497475418549024,-0.047600318894499005,0
2020-02-10,930.73,14.815000000000014,0.015917613056418096,0.03183522611283619,-0.052152611391058645,-0.052152611391058645,0
2020-02-11,934.67,14.990714285714294,0.016038510154080365,0.03207702030816073,-0.05375159147078645,-0.056148159243369244,0
2020-02-12,937.68,15.055714285714291,0.016056345753043995,0.03211269150608799,-0.050198361914512324,-0.059177971162869936,0
2020-02-13,938.24,14.941428571428576,0.015924953712726567,0.031849907425453135,-0.052086886084583894,-0.059739512278308315,0
2020-02-14,937.45,14.959999999999996,0.015958184436503275,0.03191636887300655,-0.04708517787615352,-0.05894714384767186,0
2020-02-17,934.77,14.897142857142853,0.015936693365365656,0.03187338673073131,-0.0463536484910726,-0.056249130802229375,0
2020-02-18,927.93,14.999285714285707,0.016164242684562097,0.032328485369124194,-0.09961958337374577,-0.09961958337374577,0
2020-02-19,928.76,12.737857142857129,0.013714907126552746,0.02742981425310549,-0.09826004565226754,-0.10042422154270203,0
2020-02-20,938.13,11.668571428571413,0.012438117775331152,0.024876235550662304,-0.13514118512359696,-0.13514118512359696,0
2020-02-21,933.09,9.057142857142837,0.009706612285141665,0.02,-0.1755886356085694,-0.1755886356085694,0
2020-02-24,903.34,10.0692857142857,0.011146728490142914,0.022293456980285828,-0.15670733057320618,-0.15670733057320618,0
2020-02-25,909.67,10.160714285714262,0.011169670634091772,0.022339341268183543,-0.17787769191025316,-0.17787769191025316,0
2020-02-26,895.97,10.309999999999977,0.011507081710325096,0.023014163420650192,-0.16762838041452288,-0.16762838041452288,0
2020-02-27,898.44,10.499999999999984,0.01168692400160276,0.02337384800320552,-0.16782422866301594,-0.16991674457949346,0
2020-02-28,882.19,11.345714285714271,0.01286085116099057,0.02572170232198114,-0.17711604076219412,-0.17711604076219412,0
2020-03-02,884.43,11.619285714285711,0.013137597904057654,0.02627519580811531,-0.19752835159368176,-0.19752835159368176,0
2020-03-03,890.61,11.870714285714282,0.013328745787397718,0.026657491574795435,-0.2515354644569452,-0.2515354644569452,0
2020-03-04,889.37,12.09571428571428,0.013600317399636012,0.027200634799272025,-0.2587899299504143,-0.2587899299504143,0
2020-03-05,893.31,12.444285714285709,0.013930534432935609,0.027861068865871218,-0.2273119074005664,-0.2620590836327814,0
2020-03-06,891.44,12.711428571428558,0.014259432571377274,0.02851886514275455,-0.22124876604146104,-0.26051108319124117,0
2020-03-09,835.49,16.125714285714277,0.019300906397101435,0.03860181279420287,-0.16688410393900588,-0.2109899579887251,0
2020-03-10,837.5,18.329285714285707,0.021885714285714276,0.04377142857142855,-0.20924179104477614,-0.21288358208955216,0
2020-03-11,811.35,21.259999999999998,0.026203241511061806,0.05240648302212361,-0.18342269057743277,-0.1875146361003266,0
2020-03-12,769.25,24.190000000000005,0.03144621384465389,0.06289242768930778,-0.1157231069223269,-0.1430484237894052,0
2020-03-13,761.78,25.338571428571438,0.03326232170517924,0.06652464341035848,-0.07873664312531181,-0.13464517314710278,0
2020-03-16,747.86,25.944285714285723,0.034691366986181534,0.06938273397236307,-0.014855721659134069,-0.11853822908030909,0
2020-03-17,745.78,26.85642857142858,0.03601119441581778,0.07202238883163556,0.001220198986296328,-0.11607980905897175,0
2020-03-18,747.66,26.880000000000003,0.035952170772811175,0.07190434154562235,0.00048150228713583765,-0.11830243693657538,0
2020-03-19,725.94,27.427142857142858,0.03778155613017998,0.07556311226035996,0.047373061134529104,-0.09192219742678465,0
2020-03-20,709.73,28.17571428571428,0.039699201507213,0.079398403014426,0.06792723993631378,-0.07118199878827158,0
2020-03-23,666.59,30.571428571428562,0.045862417035101875,0.09172483407020375,0.14881711396810626,-0.011071273196417541,2
2020-03-24,659.21,31.038571428571426,0.04708449724453729,0.09416899448907458,0.1641358595895086,0.004626750200998009,2
2020-03-25,690.25,32.60857142857143,0.04724168262016868,0.09448336524033736,0.12599782687432093,-0.040550525172039165,2
2020-03-26,694.21,33.32714285714286,0.04800729297639455,0.0960145859527891,0.12458766079428418,-0.04602353754627564,2
2020-03-27,696.06,30.750714285714285,0.044178252285312025,0.08835650457062405,0.13438496681320578,-0.04855903226733327,2
2020-03-30,662.26,30.897142857142853,0.04665409787265251,0.09330819574530502,0.2003895750913538,0.00040769486304470526,2
2020-03-31,662.53,29.407142857142844,0.04438613022375265,0.0887722604475053,0.15744192715801564,0.02671577136129688,2
2020-04-01,680.23,27.85857142857142,0.040954635091912175,0.08190927018382435,0.13038237066874436,0.031709862840509695,2
2020-04-03,701.8,26.12571428571427,0.037226723120140026,0.07445344624028005,0.10275007124536906,0.04980051296665722,2
2020-04-06,736.75,26.89357142857142,0.036502981240001925,0.07300596248000385,0.054170342721411524,0.013491686460807673,1
2020-04-07,746.69,26.226428571428567,0.03512358351046427,0.07024716702092854,0.03224899221899302,0.0017811943376768724,1
2020-04-08,748.02,26.777142857142856,0.03579736217900973,0.07159472435801946,0.02565439426753313,0.01326167749525431,1
2020-04-09,760.33,25.649285714285718,0.03373441231345037,0.06746882462690074,0.011547617481882932,-0.0031433719569133878,1
2020-04-10,757.94,25.16,0.03319523972873842,0.06639047945747684,0.005976726389951725,0.005976726389951725,1
2020-04-13,765.79,23.101428571428567,0.030166793208880462,0.060333586417760925,-0.0021285208738688333,-0.004335392209352307,1
2020-04-14,767.41,23.19857142857142,0.03022969654887403,0.06045939309774806,0.019780821203789545,-0.006437236939836555,1
2020-04-15,777.22,21.846428571428564,0.028108423060946144,0.05621684612189229,0.02485782661279945,-0.01897789557654206,1
2020-04-16,780.7,21.09571428571428,0.027021537448077722,0.054043074896155445,0.042308184962213335,-0.023350838990649492,1
2020-04-17,789.6,20.349285714285706,0.025771638442611076,0.05154327688522215,0.04905015197568385,-0.0343591691995947,1
2020-04-20,794.97,18.353571428571424,0.02308712458152059,0.04617424916304118,0.05075663232574823,-0.04088204586336586,2
2020-04-21,766.84,18.601428571428567,0.02425724867172887,0.04851449734345774,0.08785405038860783,-0.005698711595639283,2
2020-04-22,768.92,18.417142857142853,0.02395196230705776,0.04790392461411552,0.08255735317068091,-0.008388388909119193,2
2020-04-23,773.91,18.067857142857147,0.023346199355037598,0.046692398710075196,0.06863847217376695,-0.014782080603687686,2
2020-04-24,776.66,16.356428571428573,0.021059960048706736,0.04211992009741347,0.0777045296526151,-0.01827054309479048,2
2020-04-27,770.77,16.079285714285714,0.020861327911420674,0.04172265582284135,0.09749990269470787,-0.01076845232689383,2
2020-04-28,767.21,15.66714285714286,0.020420931501339737,0.040841863002679474,0.11170344494988327,-0.006178230210763691,2
2020-04-29,769.11,14.778571428571427,0.019215159637205895,0.03843031927441179,0.12172511084240223,-0.008633355436803547,2
2020-05-04,762.47,14.444285714285716,0.01894407086742523,0.03788814173485046,0.11839154327383361,0.0022164806484188393,2
2020-05-05,764.16,13.752142857142863,0.017996418102416853,0.035992836204833706,0.12416247906197664,0.02411798576214408,2
2020-05-06,782.59,13.948571428571443,0.017823600389183916,0.03564720077836783,0.11058153055878561,0.01782542582961688,2
2020-05-07,796.54,14.080000000000009,0.017676450649057183,0.035352901298114366,0.07650588796545055,0.02158083712054637,2
2020-05-08,813.73,15.43928571428573,0.018973474880225296,0.03794694976045059,0.05856979587823963,0.016344487729345047,2
2020-05-11,828.33,15.839285714285731,0.01912195105125461,0.03824390210250922,0.043629954245288705,-0.0015694228145788358,2
2020-05-12,835.32,16.234285714285736,0.01943481026946049,0.03886962053892098,0.05189627927021978,-0.009924340372551965,2
2020-05-13,834.21,15.623571428571454,0.018728583244712306,0.03745716648942461,0.04865681303268943,-0.008606945493341067,2
2020-05-14,832.4,14.555714285714316,0.01748644195784997,0.03497288391569994,0.05858962037481974,-0.0064512253724171575,2
2020-05-15,827.03,14.355714285714312,0.017358154221387753,0.034716308442775505,0.06876413189364361,0.012067276882337996,2
2020-05-18,837.01,14.608571428571452,0.01745328183483047,0.03490656366966094,0.058792607017837284,0.010645034109508789,2
2020-05-19,845.92,14.770714285714307,0.017461124321111108,0.034922248642222216,0.06383582371855501,0.008062228106676894,2
2020-05-20,852.91,14.64428571428573,0.017169790147009333,0.034339580294018665,0.054542683284285465,-0.0001993176302306221,2
2020-05-21,862.73,14.959285714285736,0.01733947551874368,0.03467895103748736,0.043200074183116444,-0.01157952082343261,2
2020-05-22,852.74,15.142142857142874,0.017757045356313617,0.03551409071262723,0.01715646035133811,0.005558552430987129,1
2020-05-25,859.04,15.452142857142876,0.01798768725221512,0.03597537450443024,0.0052151238591917615,-0.001815980629539915,1
2020-05-26,869.13,14.893571428571445,0.017136183802850487,0.034272367605700974,-0.04218011114562836,-0.04218011114562836,0
2020-05-27,857.48,15.17357142857145,0.017695539754363308,0.035391079508726615,-0.0015743807435741886,-0.029166861034659708,1
2020-05-28,861.39,13.781428571428583,0.015999058000938697,0.031998116001877394,-0.00806835463611133,-0.033573642600912446,1
2020-05-29,864.47,13.198571428571443,0.015267818927864983,0.030535637855729967,-0.010642358901986282,-0.03701690052864759,1
2020-06-01,878.67,13.049285714285718,0.014851179298582765,0.02970235859716553,-0.011506026153163318,-0.052579466693980614,1
2020-06-02,874.8,11.887857142857147,0.013589228558364367,0.027178457116728734,-0.004023776863283035,-0.04838820301783253,1
2020-06-03,881.17,11.683571428571424,0.013259157062282449,0.026518314124564898,-0.014719066695416227,-0.0552674285325192,1
2020-06-04,883.9,11.202857142857145,0.012674349069868928,0.025348698139737856,-0.027367349247652384,-0.05818531508089142,0
2020-06-05,886.22,10.742857142857149,0.012122110923762891,0.024244221847525782,-0.035690911963169425,-0.06065085418970462,0
2020-06-08,899.92,10.899285714285716,0.012111394028675566,0.024222788057351133,-0.05327140190239121,-0.07495110676504568,0
2020-06-09,899.43,10.565000000000007,0.011746328230101294,0.02349265646020259,-0.07790489532259315,-0.07790489532259315,0
2020-06-10,900.0,10.748571428571438,0.011942857142857153,0.023885714285714305,-0.08321111111111112,-0.08321111111111112,0
2020-06-11,867.37,12.582857142857156,0.014506908404553024,0.029013816809106047,-0.0275315032800304,-0.048721998685681944,1
2020-06-12,863.52,13.625714285714293,0.01577926890600599,0.03155853781201198,-0.024481193255512346,-0.044480730035204696,1
2020-06-15,832.47,15.41714285714286,0.018519757897753505,0.03703951579550701,0.01818684156786432,-0.008841159441181135,1
2020-06-16,856.13,16.014285714285716,0.01870543692463261,0.03741087384926522,0.00587527595108206,-0.036232815109854766,1
2020-06-17,854.44,15.94928571428572,0.01866636125917059,0.03733272251834118,0.010509807593277465,-0.034326576471139014,1
2020-06-18,855.27,16.15285714285714,0.01888626649228564,0.03777253298457128,0.010791913664690789,-0.03526371789025684,1
2020-06-19,868.56,16.087857142857143,0.018522447663785052,0.037044895327570104,0.009095514414663386,-0.0500253292806484,1
2020-06-22,871.28,15.900000000000002,0.018249012946469564,0.03649802589293913,-8.034156643088597e-05,-0.05299100174455973,1
2020-06-23,868.2,16.044285714285724,0.01847994208049496,0.03695988416098992,0.0005989403363280132,-0.049631421331490455,1
2020-06-24,859.71,16.64428571428571,0.019360349087815323,0.03872069817563065,0.009770736643751832,-0.04024612950878792,1
2020-06-25,854.59,16.785,0.019640997437367625,0.03928199487473525,0.017926725096244933,-0.034496074140816124,1
2020-06-26,851.98,15.880714285714289,0.018639773569466757,0.037279547138933514,0.029167351346275794,-0.03153829902110383,1
2020-06-29,829.36,17.306428571428576,0.02086720913888851,0.04173441827777702,0.05143725282145262,-0.005124433297964748,2
2020-06-30,825.11,17.734999999999996,0.02149410381646083,0.04298820763292166,0.04398201451927619,0.0209305425943207,2
2020-07-01,843.49,16.507857142857137,0.019570898460986065,0.03914179692197213,0.021577019288906873,-0.0013159610665212096,1
2020-07-02,842.38,15.168571428571422,0.018006803851671957,0.036013607703343914,0.01507633134689823,0.006208599444431195,1
2020-07-03,847.61,13.032142857142853,0.015375164116920343,0.030750328233840687,0.010783261169641678,0.008813015419827597,1
2020-07-06,861.16,12.17571428571428,0.014138736455146872,0.028277472910293745,-0.03715918064006685,-0.03715918064006685,0
2020-07-07,863.42,12.224999999999998,0.014158810312478282,0.028317620624956564,-0.09062796784878735,-0.09062796784878735,0
2020-07-08,864.5,11.87214285714286,0.013732958770552759,0.027465917541105517,-0.059155581260844414,-0.09176402544823603,0
2020-07-09,876.46,11.912857142857149,0.013592014630282213,0.027184029260564426,-0.09768842845081349,-0.10415763411906998,0
2020-07-10,871.21,12.296428571428569,0.014114195855681832,0.028228391711363664,-0.08043984802745607,-0.09875919697891444,0
2020-07-13,868.72,12.343571428571424,0.014208918211358577,0.028417836422717155,-0.08095819136200388,-0.0961759830555301,0
2020-07-14,868.11,11.835714285714289,0.013633887739703827,0.027267775479407654,-0.061582057573349,-0.09554088767552504,0
2020-07-15,869.91,11.730000000000002,0.01348415353312412,0.02696830706624824,-0.04867170167028767,-0.09741237599291885,0
2020-07-16,876.83,11.787857142857149,0.013443720154256981,0.026887440308513963,-0.044512619321875446,-0.10453565685480659,0
2020-07-17,872.02,10.285000000000009,0.01179445425563635,0.0235889085112727,-0.03667347079195438,-0.099596339533497,0
2020-07-20,861.4,9.73000000000001,0.011295565358718377,0.022591130717436753,-0.02314836312978863,-0.08849547248664968,0
2020-07-21,861.69,8.916428571428582,0.010347605950432966,0.020695211900865932,-0.021457832863326698,-0.08880223746358906,0
2020-07-22,855.08,9.04857142857144,0.010582134336636852,0.021164268673273704,-0.014033774617579597,-0.08175843195958277,0
2020-07-23,856.75,9.0107142857143,0.010517320438534346,0.021034640877068692,-0.011473592063028892,-0.08354829296761024,0
2020-07-24,829.16,10.857857142857158,0.01309500837336239,0.02619001674672478,0.031224371653239436,-0.05305369289401318,2
2020-07-27,785.17,13.64714285714287,0.01738113129276828,0.03476226258553656,0.08351057732720313,0.007221366073589142,2
2020-07-28,813.36,15.335000000000012,0.018853890036392262,0.037707780072784525,0.04523212353693307,-0.0276876167994492,2
2020-07-29,790.84,16.740714285714294,0.02116826954341497,0.04233653908682994,0.07029234737747192,0.009546810985787246,2
2020-07-30,801.13,16.825714285714298,0.02100247685858013,0.04200495371716026,0.06251170222061342,-0.003420169011271623,2
2020-07-31,798.39,17.306428571428576,0.021676659992520667,0.043353319985041334,0.062400581169603786,0.02036598654792776,2
2020-08-03,814.65,18.01571428571429,0.02211466799940378,0.04422933599880756,0.04926041858466834,0.015859571595163713,2
2020-08-04,827.57,18.32571428571429,0.02214400508200429,0.04428801016400858,0.04967555614630781,0.01236149207921966,2
2020-08-05,837.8,19.125714285714285,0.022828496402141664,0.04565699280428333,0.04335163523513974,0.0026736691334448004,1
2020-08-06,840.04,19.529999999999998,0.023248892909861433,0.046497785819722866,0.03979572401314235,0.0016903956954432697,1
2020-08-07,841.46,19.30642857142857,0.02294396474155464,0.04588792948310928,0.03951465310294022,0.0019252252038124418,1
2020-08-10,843.2,19.327857142857138,0.022922031715912165,0.04584406343182433,0.04243358633776095,-0.00014231499051231555,1
2020-08-11,843.08,19.20142857142857,0.022775333979490164,0.04555066795898033,0.0457489206243773,0.003973525644066944,2
2020-08-12,846.92,19.230714285714278,0.02270664795460525,0.0454132959092105,0.0529093657016011,-0.0005785670429320211,2
2020-08-13,855.05,16.957142857142856,0.019831755870584007,0.039663511741168014,0.05721302847786691,-0.010081281796386232,2
2020-08-14,850.74,14.344285714285718,0.01686095130625775,0.0337219026125155,0.0597127206902226,-0.005066177680607575,2
2020-08-17,850.15,13.001428571428571,0.015293099537056485,0.03058619907411297,0.044815620772804765,-0.004375698406163697,2
2020-08-18,846.43,11.038571428571426,0.013041328200289956,0.026082656400579912,0.05164041917228834,0.0021029500372151677,2
2020-08-19,851.21,10.667142857142851,0.0125317405307067,0.0250634810614134,0.04477156048448672,-0.003524394685212817,2
2020-08-20,848.21,10.165714285714282,0.011984902660560806,0.023969805321121612,0.04787729453790934,0.007745723346812561,2
2020-08-21,854.78,9.442142857142853,0.011046284256934947,0.022092568513869894,0.039998596129998454,0.016261494185638492,2
2020-08-24,868.68,9.512142857142846,0.010950111499220481,0.021900222998440962,0.02980384030943517,0.005514113367408147,2
2020-08-25,874.12,8.805714285714284,0.010073804838825659,0.020147609677651317,0.025328330206378924,-0.0007436049970255265,2
2020-08-26,873.47,8.419285714285715,0.009638895112923988,0.02,0.027476616254708208,0.0014196251731599663,2
2020-08-27,874.71,8.15428571428572,0.009322273341205336,0.02,0.022098752729476034,0.004881617907649405,2
2020-08-28,878.98,8.375000000000009,0.009528089376322565,0.02,0.024994880429588973,0.00303761177728723,2
2020-08-31,881.65,8.532142857142869,0.00967747162382223,0.02,0.029819089207735683,0.007485963817841501,2
2020-09-01,891.73,8.965000000000016,0.010053491527704591,0.020106983055409183,0.01621567066264462,-0.003902526549516172,1
2020-09-03,903.97,9.27357142857144,0.010258715918195781,0.020517431836391563,0.009436153854663232,-0.017389957631337327,1
2020-09-04,901.54,9.142857142857151,0.010141377135631421,0.020282754271262842,0.007808860394436179,-0.014741442420746709,1
2020-09-07,888.25,9.65142857142858,0.01086566684089905,0.0217313336817981,0.022538699690402453,0.0006417112299466066,2
2020-09-08,890.14,9.911428571428587,0.011134685073616046,0.02226937014723209,0.02511964410092804,-0.0014829128002336045,2
2020-09-09,889.32,10.190000000000014,0.011458192776503411,0.022916385553006822,0.016484505015067707,-0.000562227319749975,1
2020-09-10,888.82,10.076428571428583,0.011336860749565246,0.02267372149913049,0.018440179113881294,0.0001687630791387118,1
2020-09-11,888.97,9.938571428571445,0.01117987269375957,0.02235974538751914,0.028257421510287095,0.005703229580300784,2
2020-09-14,894.57,9.39857142857144,0.010506244819937444,0.021012489639874888,0.01714790346199835,-0.0005924634181786459,1
2020-09-15,896.26,9.061428571428573,0.010110267747560499,0.020220535495120998,0.020552071943409134,-0.0024769598107692303,2
2020-09-16,897.47,8.901428571428571,0.009918357796281292,0.02,0.02027922938928306,-0.0038218547695187954,2
2020-09-17,894.04,9.237142857142853,0.010331912282607996,0.020663824565215993,0.02872354704487501,0.007728960672900742,2
2020-09-18,900.95,9.017142857142858,0.010008483109099126,0.020016966218198252,0.019856817803429738,0.0033631167101393356,1
2020-09-21,907.94,8.97214285714285,0.00988186758722256,0.02,0.01768839350617868,-0.004361521686455094,1
2020-09-22,906.19,8.650714285714278,0.009546247790986744,0.02,0.021673159050530133,-0.0024387821538529586,2
2020-09-23,912.5,8.274999999999986,0.009068493150684916,0.02,0.019024657534246536,-0.00933698630136981,1
2020-09-24,908.58,8.06642857142855,0.008878060898796529,0.02,0.03477954610491096,-0.005062845319069309,2
2020-09-25,908.27,7.222857142857127,0.007952323805539242,0.02,0.03797328988076232,-0.004723265108392827,2
2020-09-28,912.5,6.91071428571427,0.00757338551859098,0.02,0.03375342465753417,-0.00933698630136981,2
2020-09-29,903.98,7.102142857142845,0.007856526535037107,0.02,0.043927963008031146,0.001360649571893191,2
2020-09-30,905.21,7.0021428571428475,0.0077353794778480655,0.02,0.043315915643883596,0.005192165353895772,2
2020-10-01,914.09,7.185714285714271,0.007861057757676235,0.02,0.02728396547385925,-0.004572853876533056,2
2020-10-02,909.91,8.086428571428558,0.008887064183741862,0.02,0.04394940158916816,0.005242276708685489,2
2020-10-05,914.68,8.19142857142856,0.008955512935046749,0.02,0.050924913630996604,0.001082345738400381,2
2020-10-06,915.67,8.420714285714268,0.009196232579110671,0.02,0.03836534996232266,0.0034619458975395645,2
2020-10-07,919.72,8.592142857142838,0.00934212897092902,0.02,0.029084938894446077,-0.000956812943069596,2
2020-10-08,918.84,8.600714285714266,0.009360404733919143,0.02,0.002405206564799034,0.002405206564799034,1
2020-10-09,924.0,8.419999999999984,0.009112554112554095,0.02,-0.005324675324675288,-0.005324675324675288,1
2020-10-12,925.83,8.607857142857126,0.009297448929994843,0.02,-0.00038884028385344216,-0.00729075532225143,1
2020-10-13,929.86,8.59714285714285,0.009245631446823017,0.02,0.0041081453121973865,-0.011593143053792998,1
2020-10-14,940.18,8.820714285714278,0.009381942059727156,0.02,-0.005073496564487634,-0.02244251100853023,1
2020-10-15,942.76,8.927142857142842,0.009469157428341085,0.02,-0.0031821460392889023,-0.02511773940345363,1
2020-10-16,943.3,9.27857142857141,0.009836289015765304,0.02,-0.005883600127212896,-0.025675818933531103,1
2020-10-19,943.69,8.625714285714269,0.00914041081892811,0.02,-0.005722218101283372,-0.02607847916158912,1
2020-10-20,944.42,8.672857142857124,0.009183262894535402,0.02,0.008015501577687933,-0.026831282692022507,1
2020-10-21,939.03,8.69571428571427,0.009260315736147164,0.02,0.01370563240791034,-0.02124532762531539,1
2020-10-22,949.9,8.493571428571418,0.008941542718782418,0.02,0.002442362353932026,-0.03244552058111372,1
2020-10-23,961.26,8.902142857142849,0.009260910531118374,0.02,-0.002059796517071333,-0.04387990762124705,1
2020-10-26,950.8,9.844285714285709,0.010353687120620224,0.02070737424124045,0.016291543962978494,-0.03336137989061838,1
2020-10-27,946.47,9.67,0.010216911259733535,0.02043382251946707,0.004564328504865323,-0.028939110589876083,1
2020-10-28,921.05,10.932142857142853,0.011869217585519629,0.023738435171039258,0.05195157700450581,-0.002138863253894896,2
2020-10-29,919.08,11.304285714285713,0.012299566647392733,0.024599133294785466,0.059244026635330904,0.00695260477869164,2
2020-10-30,925.47,11.680714285714284,0.012621386199135881,0.025242772398271763,0.062443947399699606,0.008871168163203436,2
2020-11-02,933.68,11.849285714285704,0.012690949484069172,0.025381898968138344,0.06032045240339312,0.0018528832148059227,2
2020-11-03,935.41,11.49714285714286,0.012291019827821876,0.02458203965564375,0.06283875519825544,0.0025015768486547074,2
2020-11-04,939.76,11.673571428571433,0.012421864549003398,0.024843729098006796,0.059589682472120487,-0.002138843960160064,2
2020-11-05,937.75,11.495714285714289,0.012258826217770503,0.024517652435541007,0.0663183151159692,0.0005758464409491015,2
2020-11-06,938.29,11.65285714285715,0.012419248998558174,0.02483849799711635,0.07213121742744777,0.013322107237634384,2
2020-11-09,951.99,12.115714285714303,0.012726724320333515,0.02545344864066703,0.06116660889295056,-0.0012605174424101806,2
2020-11-10,951.9,12.285000000000016,0.012905767412543352,0.025811534825086704,0.05376615190671297,-0.0011660888748817877,2
2020-11-11,952.22,11.779285714285729,0.012370340587559312,0.024740681175118625,0.059492554241666884,-0.0015017537963916139,2
2020-11-12,959.28,11.472142857142867,0.01195911814813492,0.02391823629626984,0.057376365607539004,-0.008850387790843128,2
2020-11-13,966.29,10.601428571428576,0.010971270086028601,0.021942540172057202,0.055376750250959894,-0.016040733113247607,2
2020-11-16,950.79,11.604285714285718,0.012204888265848103,0.024409776531696206,0.07435921707211901,0.019047318545630576,2
2020-11-17,968.9,11.050714285714289,0.011405422939120951,0.022810845878241903,0.0630405614614511,0.004778614924140667,2
2020-11-18,973.53,10.798571428571424,0.011092181472138942,0.022184362944277884,0.057245282631249284,0.009994555894528245,2
2020-11-19,983.26,10.413571428571426,0.01059086246625656,0.02118172493251312,0.05682118666476832,0.006854748489717899,2
2020-11-20,990.0,10.394999999999998,0.010499999999999997,0.020999999999999994,0.04132323232323243,0.004232323232323365,2
2020-11-23,994.19,10.761428571428562,0.010824317858184614,0.021648635716369227,0.05207254146591689,0.0015791750067892796,2
2020-11-24,995.76,11.002142857142855,0.011048990577190141,0.022097981154380282,0.06862095284004166,0.004197798666345287,2
2020-11-25,999.94,10.915714285714282,0.010916369267870353,0.021832738535740706,0.05533331999919988,0.0031401884113047007,2
2020-11-26,1005.97,11.236428571428567,0.011169745192628575,0.02233949038525715,0.06065787250116794,-0.00287284909092711,2
2020-11-27,1010.22,10.702142857142851,0.010593873470276623,0.021187746940553247,0.04112965492664955,-0.007067767416998216,2
2020-11-30,1003.08,10.582142857142847,0.010549649935341993,0.021099299870683985,0.0641823184591459,0.005772221557602597,2
2020-12-01,1008.87,11.376428571428562,0.011276406842733516,0.022552813685467032,0.0715751286092361,0.005402083519184808,2
2020-12-02,1014.32,11.439999999999998,0.011278491994636798,0.022556983989273596,0.0681540342298288,0.005402634277151153,2
2020-12-03,1019.8,11.377857142857149,0.011156949541926996,0.02231389908385399,0.05795253971366954,0.0016571876838595845,2
2020-12-04,1021.49,10.236428571428585,0.010021075655589956,0.020042151311179913,0.04506162566447047,0.007606535551008875,2
2020-12-07,1029.98,9.580000000000016,0.009301151478669504,0.02,0.05285539525039318,-0.000699042699858321,2
2020-12-08,1029.26,9.506428571428582,0.009236178003059073,0.02,0.0603054621767094,0.001603093484639606,2
2020-12-09,1039.13,9.546428571428578,0.009186943473317657,0.02,0.05808705359290944,-0.007910463560863445,2
2020-12-10,1030.91,9.825714285714282,0.009531107745306846,0.02,0.06463221813737374,0.014598752558419248,2
2020-12-11,1045.96,10.210000000000004,0.00976136754751616,0.02,0.05536540594286565,0.005554705724884368,2
2020-12-14,1064.09,10.571428571428564,0.009934712826385517,0.02,0.05298424005488278,-0.011577968029020003,2
2020-12-15,1055.27,11.206428571428571,0.010619489392694354,0.021238978785388708,0.07323244288191644,-0.0033166867247245158,2
2020-12-16,1066.99,11.253571428571425,0.010547026146984906,0.021094052293969812,0.0714345963879699,-0.014264426095839777,2
2020-12-17,1051.77,11.921428571428562,0.01133463454122913,0.02266926908245826,0.09956549435713136,0.01491771014575427,2
2020-12-18,1067.46,12.414285714285702,0.01162974323561136,0.02325948647122272,0.09389579000618298,5.620819515472775e-05,2
2020-12-21,1081.08,11.984285714285695,0.01108547537118964,0.02217095074237928,0.09602434602434617,-0.012543012543012488,2
2020-12-22,1083.45,11.928571428571413,0.011009803339860088,0.022019606679720177,0.10044764409986606,-0.014703031981171288,2
2020-12-23,1078.9,12.634285714285681,0.011710339896455353,0.023420679792910706,0.09931411622949282,-0.010547780146445529,2
2020-12-24,1067.52,14.874999999999952,0.013934165167865662,0.027868330335731325,0.1122976618705036,0.015831085131894573,2
2020-12-25,1084.42,15.851428571428528,0.01461742550988411,0.02923485101976822,0.10123383928736085,0.006372069862230267,2
2020-12-28,1091.33,16.227142857142812,0.014869143941010339,0.029738287882020677,0.09219026325676016,0.005690304490850728,2
2020-12-29,1099.49,16.55357142857138,0.015055681660198257,0.030111363320396514,0.02865874178027994,-0.0017735495547935853,1
2020-12-30,1097.54,16.60571428571424,0.015129939943614118,0.030259879887228235,0.03383931337354462,0.005767443555587892,2
2020-12-31,1103.87,16.1171428571428,0.014600580554904836,0.02920116110980967,0.05466223377752821,0.015038002663357197,2
2021-01-04,1120.47,16.43357142857139,0.014666676866467991,0.029333353732935982,0.04133087008130509,0.009397841977027532,2
2021-01-05,1132.55,16.61357142857139,0.014669172600389732,0.029338345200779464,0.02957926802348676,-0.0013685929981015477,2
2021-01-06,1143.21,17.226428571428528,0.015068472609081908,0.030136945218163815,-0.006201835183387239,-0.010680452410318342,1
2021-01-07,1156.49,17.0628571428571,0.014754003184512707,0.029508006369025414,-0.05129313699210536,-0.05129313699210536,0
2021-01-08,1167.69,17.280714285714243,0.01479905992661943,0.02959811985323886,-0.12310630389915134,-0.12310630389915134,0
2021-01-11,1184.89,17.61071428571425,0.014862741930233394,0.02972548386046679,-0.1082632143068134,-0.13583539400281885,0
2021-01-12,1192.28,18.029999999999955,0.01512228671117519,0.03024457342235038,-0.13148757003388467,-0.14119166638709024,0
2021-01-13,1186.05,18.13499999999996,0.015290249146326006,0.03058049829265201,-0.09318325534336658,-0.13668057839045566,0
2021-01-14,1187.4,16.262857142857115,0.013696190957433985,0.02739238191486797,-0.06409802930773123,-0.13766211891527713,0
2021-01-15,1194.2,15.387857142857099,0.012885494174222993,0.025770988348445985,-0.06867358901356557,-0.14257243342823644,0
2021-01-18,1191.94,15.267142857142826,0.012808650483365627,0.025617300966731253,-0.05455811534137622,-0.14094669194758125,0
2021-01-19,1131.0,19.546428571428546,0.017282430213464674,0.03456486042692935,-0.04228116710875329,-0.09465959328028284,0
2021-01-20,1134.68,21.725714285714275,0.01914699676183089,0.03829399352366178,-0.017405788416117285,-0.09759579793421935,0
2021-01-21,1164.21,23.33214285714285,0.02004118059211212,0.04008236118422424,-0.00724096168217081,-0.12048513584318976,0
2021-01-22,1166.78,22.741428571428546,0.019490759673141934,0.03898151934628387,0.006513652959426963,-0.12242239325322679,0
2021-01-25,1166.05,22.12857142857141,0.018977377838490125,0.03795475567698025,0.006389091376870715,-0.12187299000900464,0
2021-01-26,1136.12,23.894285714285697,0.02103148057800734,0.04206296115601468,0.03425694468894136,-0.0987395697637572,0
2021-01-27,1097.17,26.321428571428555,0.02399029190684083,0.04798058381368166,0.07334323760219474,-0.0667444425203022,2
2021-01-28,1023.94,30.218571428571426,0.02951205288256287,0.05902410576512574,0.1348418852667148,0.011299490204504048,2
2021-01-29,1056.61,34.4342857142857,0.032589399792057334,0.06517879958411467,0.10298975023897206,-0.019969525179583725,2
2021-02-01,1035.51,36.289285714285704,0.03504484332771842,0.07008968665543684,0.12840049830518296,0.038647622910449986,2
2021-02-02,1075.53,38.32714285714286,0.0356355869730671,0.0712711739461342,0.10287021282530473,0.007112772307606541,2
2021-02-03,1111.29,40.18785714285714,0.03616324914545901,0.07232649829091801,0.06777708788884973,-0.02529492751666973,1
2021-02-04,1112.19,40.80857142857145,0.03669208626994618,0.07338417253989236,0.0672187306125751,-0.026083672753756115,1
2021-02-05,1126.91,41.10857142857145,0.036479019112947306,0.07295803822589461,0.036923977957423304,-0.03880522845657597,1
2021-02-08,1083.18,39.479285714285744,0.03644757631629622,0.07289515263259244,0.07894348123118955,0.029311841060580823,2
2021-02-09,1114.93,38.87357142857145,0.034866378542663175,0.06973275708532635,0.04784156852896593,0.036639071511215926,1
2021-02-17,1155.78,39.53785714285716,0.03420880889343748,0.06841761778687495,0.005355690529339485,0.005355690529339485,1
2021-02-18,1174.38,40.354285714285744,0.03436220449452966,0.06872440898905932,-0.0036615064970454414,-0.010567278053100426,1
2021-02-19,1173.5,41.15428571428574,0.03506969383407392,0.07013938766814784,0.007013208351086542,-0.00982530890498512,1
2021-02-22,1175.04,38.90642857142861,0.03311072692966079,0.06622145385932159,0.005548747276688415,-0.011123025599128478,1
2021-02-23,1177.64,36.67357142857147,0.031141580982788856,0.06228316196557771,0.005876159097856659,-0.01330627356407732,1
2021-02-24,1162.01,33.58928571428576,0.028906193332489186,0.05781238666497837,0.015395736697618956,-3.4423111677117646e-05,1
2021-02-25,1165.43,29.05000000000005,0.02492642200732781,0.04985284401465562,0.017727362432750082,-0.0029688612786696877,1
2021-02-26,1168.47,27.72071428571433,0.02372394180913017,0.04744788361826034,0.02778847552782704,-0.005562830025588994,1
2021-03-01,1186.17,25.73357142857146,0.021694673974701314,0.04338934794940263,0.006643229891162283,-0.020401797381488396,1
2021-03-02,1186.61,24.05214285714289,0.020269627642732567,0.040539255285465134,0.006590202341123064,-0.020765036532643277,1
2021-03-03,1186.95,23.33071428571431,0.01965602113460071,0.03931204226920142,-0.0029487341505539666,-0.021045536880239246,1
2021-03-04,1168.52,24.595000000000027,0.021047992332180902,0.042095984664361805,-0.0057423065073768376,-0.0057423065073768376,1
2021-03-05,1168.69,21.880714285714312,0.01872242791990546,0.03744485583981092,-0.004783133251760607,-0.005886933232936098,1
2021-03-08,1168.27,20.543571428571454,0.01758460923294397,0.03516921846588794,-0.0051871570784149945,-0.00552954368425107,1
2021-03-09,1161.97,18.863571428571454,0.01623412947715643,0.03246825895431286,0.011798927683158711,-0.00013769718667444586,1
2021-03-10,1170.08,18.147857142857156,0.01550992850305719,0.03101985700611438,0.013913578558730988,-0.007067892793655162,1
2021-03-11,1181.73,17.65285714285715,0.014938147582660296,0.02987629516532059,0.008216766943379694,-0.016856642380239206,1
2021-03-12,1181.56,17.283571428571413,0.014627756041649526,0.029255512083299053,0.029232540031822296,-0.016715190087680742,1
2021-03-15,1184.56,16.659285714285698,0.014063690918388008,0.028127381836776016,0.03367495103667184,-0.019205443371378417,2
2021-03-16,1179.9,15.368571428571418,0.013025316915477089,0.026050633830954177,0.047588778710059954,-0.015331807780320506,2
2021-03-17,1186.09,15.054285714285697,0.012692363744981998,0.025384727489963996,0.04541813858982047,-0.02047062195954774,2
2021-03-18,1200.94,14.657857142857145,0.012205320118288294,0.02441064023657659,0.0345063033956734,-0.03258281013206332,2
2021-03-19,1194.05,13.988571428571438,0.011715230876907533,0.023430461753815066,0.034202922825677495,-0.027000544365813783,2
2021-03-22,1194.43,13.755000000000011,0.011515953216178437,0.023031906432356874,0.031169679261237482,-0.02731009770350723,2
2021-03-23,1183.45,14.355000000000018,0.0121297900207022,0.0242595800414044,0.058304110862309244,-0.01828552114580262,2
2021-03-24,1161.81,14.127142857142871,0.012159598262317309,0.024319196524634618,0.07447000800475112,0.0003442903745018988,2
2021-03-25,1163.1,14.295714285714293,0.012291044867779464,0.024582089735558928,0.07976098357836814,-0.00076519645774209,2
2021-03-26,1162.21,15.054999999999998,0.012953769112294677,0.025907538224589355,0.07317094156821913,0.0115899880400272,2
2021-03-29,1175.68,14.785714285714286,0.012576308422116805,0.02515261684423361,0.05361152694610771,0.009084104518236158,2
2021-03-30,1186.36,14.695714285714303,0.012387230086747955,0.02477446017349591,0.06256111129842545,0.004282005462085792,2
2021-03-31,1191.44,14.441428571428592,0.012120986849047027,0.024241973698094055,0.06449338615456912,0.020697643188074766,2
2021-04-01,1216.1,15.687142857142883,0.012899550083992175,0.02579910016798435,0.009637365348244442,0.006866211660225385,1
2021-04-02,1224.45,16.039285714285743,0.013099175723211027,0.026198351446422054,0.019665972477438842,0.0027522561149904146,1
2021-04-05,1236.05,16.58785714285716,0.013420053511473776,0.026840107022947552,-0.016407103272521262,-0.016407103272521262,1
2021-04-06,1239.96,16.849285714285738,0.013588571981584679,0.027177143963169358,-0.0162989128681571,-0.019508693828833246,1
2021-04-07,1242.38,16.492857142857165,0.01327521140299841,0.02655042280599682,-0.010326953106135073,-0.021418567588016635,1
2021-04-08,1234.89,16.8614285714286,0.013654194763443383,0.027308389526886766,0.0036440492675460234,-0.015483160443440447,1
2021-04-09,1231.66,16.61000000000003,0.0134858646054918,0.0269717292109836,0.008557556468505867,-0.012901287693032226,1
2021-04-12,1252.45,16.857142857142872,0.013459333991091758,0.026918667982183515,0.00317777156772725,-0.02928659826739599,1
2021-04-13,1248.33,16.223571428571436,0.012996220092901266,0.02599244018580253,0.001794397314812679,-0.026082846683168626,1
2021-04-14,1255.87,16.69071428571429,0.013290160833298264,0.02658032166659653,-0.011195426278197584,-0.03193005645488778,1
2021-04-15,1247.25,16.03071428571429,0.012852847693497125,0.02570569538699425,0.009885748647023407,-0.025239526959310532,1
2021-04-16,1238.71,17.024285714285707,0.013743560409043043,0.027487120818086085,0.01399036094001005,-0.018519266010607827,1
2021-04-19,1260.58,17.90785714285713,0.01420604574311597,0.02841209148623194,0.006750860714908935,-0.035547129099303465,1
2021-04-20,1268.28,19.025714285714262,0.015001193967983618,0.030002387935967236,-0.004959472671649756,-0.041402529409909516,1
2021-04-22,1227.82,20.33571428571427,0.01656245564147373,0.03312491128294746,0.03138896580932049,-0.009814142138098392,1
2021-04-23,1248.53,21.77785714285712,0.01744279844525732,0.03488559689051464,0.008145579201140674,-0.026238856895709373,1
2021-04-26,1215.77,22.940714285714257,0.018869288011477713,0.037738576022955425,0.030359360734349528,0.0032736455086077587,1
2021-04-27,1219.75,23.178571428571395,0.019002723040435657,0.038005446080871315,0.035039967206394795,0.008034433285509346,1
2021-04-28,1229.55,23.432857142857106,0.01905807583494539,0.03811615166989078,0.039583587491358596,0.008002927900451429,2
2021-04-29,1239.39,23.125714285714253,0.018658948584153696,0.03731789716830739,0.03593703354069344,0.0019525734433873954,1
2021-05-04,1242.2,24.75857142857139,0.01993122800561213,0.03986245601122426,0.04490420222186442,-0.00031395910481413214,2
2021-05-05,1256.43,24.96857142857139,0.019872632322191757,0.039745264644383514,0.04150649061229017,-0.011636143676926003,2
2021-05-06,1250.57,24.574999999999964,0.019651039126158443,0.03930207825231689,0.052879886771632245,-0.00700480580855134,2
2021-05-07,1241.81,24.274285714285675,0.019547503816433814,0.03909500763286763,0.0497338562259928,0.008753351962055511,2
2021-05-10,1259.58,24.567857142857115,0.019504800920034548,0.039009601840069096,0.048333571507963136,-0.0054780164816842225,2
2021-05-11,1256.04,23.784999999999986,0.018936498837616625,0.03787299767523325,0.05733097672048659,-0.0026750740422278874,2
2021-05-12,1269.09,23.292142857142835,0.01835342084260599,0.03670684168521198,0.054125396937963366,-0.01293052502186598,2
2021-05-13,1261.99,22.274999999999977,0.017650694537991566,0.03530138907598313,0.06243314130856814,-0.007377237537539827,2
2021-05-14,1266.36,19.940714285714257,0.01574648147897459,0.03149296295794918,0.07732398370131732,-0.010802615370036794,2
2021-05-17,1258.7,19.008571428571404,0.015101748970025744,0.030203497940051487,0.09164217049336609,-0.004782712322237259,2
2021-05-18,1252.68,17.30071428571427,0.013810960728768935,0.02762192145753787,0.08469840661621486,0.007831209886004276,2
2021-05-19,1262.49,16.965714285714284,0.013438295975187356,0.02687659195037471,0.04545778580424398,0.012459504629739548,2
2021-05-20,1278.22,17.609999999999996,0.013776971100436542,0.027553942200873083,0.04277823848789719,0.0044671496299542035,2
2021-05-21,1283.93,18.376428571428555,0.014312640542263638,0.028625281084527276,0.030881745889573375,0.01094296418029006,2
2021-05-24,1297.98,17.35214285714283,0.01336857490650305,0.0267371498130061,0.041418203670318565,0.004306691936701634,2
2021-05-25,1308.58,16.467857142857106,0.012584524555515985,0.02516904911103197,0.04060890430848718,-0.0038285775420684454,2
2021-05-26,1316.7,16.30857142857139,0.012385943213010854,0.024771886426021707,0.03847497531708055,-0.009971899445583743,2
2021-05-27,1303.57,16.382142857142835,0.012567137059876214,0.02513427411975243,0.04061922259640838,0.01251179453347362,2
2021-05-28,1320.46,16.403571428571404,0.012422618957462855,0.02484523791492571,0.029883525438104908,-0.00043924087060565054,2
2021-05-31,1328.05,16.68785714285712,0.01256568438150455,0.0251313687630091,0.03743834945973412,-0.006151876811866908,2
2021-06-01,1337.78,16.57214285714284,0.012387793850366159,0.024775587700732318,0.026050621178370204,-0.013380376444557252,2
2021-06-02,1340.78,16.762142857142845,0.012501784675444775,0.02500356935088955,0.02922925461298642,-0.015587941347573686,2
2021-06-03,1364.28,17.743571428571418,0.013005813636915749,0.026011627273831498,0.009228310903919956,-0.032544638930424696,1
2021-06-04,1374.05,17.33642857142856,0.012617028908284677,0.025234057816569355,0.004126487391288514,-0.03942360176121673,1
2021-06-07,1358.78,18.43142857142855,0.013564689332657642,0.027129378665315285,0.023064808136710857,-0.028628622735100473,1
2021-06-08,1319.88,20.87714285714284,0.015817455266496073,0.031634910532992146,0.06510440343061474,0.00280328514713446,2
2021-06-09,1332.9,21.20714285714285,0.01591052806447809,0.03182105612895618,0.05787380898792094,-0.006992272488558937,2
2021-06-10,1323.58,21.110714285714284,0.015949707827040516,0.03189941565408103,0.06419710179966454,0.021275631242539284,2
2021-06-11,1351.74,22.1457142857143,0.016383116787040627,0.032766233574081254,0.04833769807803279,0.0035361829937710088,2
2021-06-14,1361.72,22.534285714285733,0.016548398873693367,0.03309679774738673,0.042997091913168584,-0.003818699879564069,2
2021-06-15,1367.36,22.785000000000032,0.016663497542710064,0.03332699508542013,0.03201058974959059,-0.007927685466885048,1
2021-06-16,1356.52,22.76571428571432,0.01678243909836517,0.03356487819673034,-0.0012753221478488674,-0.0012753221478488674,1
2021-06-17,1359.92,23.053571428571463,0.01695215264763476,0.03390430529526952,0.021052708982881363,-0.003772280722395549,1
2021-06-18,1377.77,22.865000000000027,0.016595658201296316,0.03319131640259263,-0.0022427545961952733,-0.016679126414423373,1
2021-06-21,1372.63,22.55071428571432,0.01642883682107656,0.03285767364215312,-0.01857019007307137,-0.01857019007307137,1
2021-06-22,1379.97,22.492857142857165,0.016299526180175775,0.03259905236035155,-0.060631752864192756,-0.060631752864192756,0
2021-06-23,1376.87,21.85357142857145,0.015871920681379832,0.031743841362759664,-0.057616187439627486,-0.05851678081445588,0
2021-06-24,1379.72,21.717142857142886,0.015740253716074917,0.031480507432149835,-0.07234076479285645,-0.07234076479285645,0
2021-06-25,1390.12,20.9164285714286,0.015046491361485772,0.030092982722971545,-0.06920265876327214,-0.07928092538773623,0
2021-06-28,1405.81,18.740000000000027,0.013330393154124688,0.026660786308249376,-0.07575703686842461,-0.08955691025102952,0
2021-06-29,1410.04,17.559285714285725,0.012453040845852406,0.02490608169170481,-0.11810303253808396,-0.11810303253808396,0
2021-06-30,1408.55,17.002857142857142,0.012071177553411055,0.02414235510682211,-0.09602783003798232,-0.11717013950516486,0
2021-07-01,1417.08,15.909999999999984,0.01122731250176418,0.02245462500352836,-0.10323340954639115,-0.12248426341490948,0
2021-07-02,1420.27,15.314999999999989,0.010783160948270391,0.021566321896540782,-0.08913798080646629,-0.1244552092207819,0
2021-07-05,1411.13,16.119999999999987,0.011423469134665116,0.022846938269330232,-0.10084116984260849,-0.11878423674643734,0
2021-07-06,1354.79,19.3192857142857,0.014259985469545614,0.028519970939091227,-0.060585035319126845,-0.08213819115877741,0
2021-07-07,1388.55,21.219999999999978,0.015282128839436807,0.030564257678873614,-0.08038601418746172,-0.10445428684599045,0
2021-07-08,1374.68,21.704285714285692,0.015788609504965294,0.03157721900993059,-0.0710056158524166,-0.09541857013995991,0
2021-07-09,1347.14,23.482142857142826,0.01743110801931709,0.03486221603863418,-0.03974345650786126,-0.07692593197440512,0
2021-07-12,1296.3,28.034285714285698,0.02162638718991414,0.04325277437982828,0.010607112551106912,-0.04072359793257729,1
2021-07-13,1297.54,28.974285714285706,0.022330167635900015,0.04466033527180003,0.012855095025972263,-0.04164033478736684,1
2021-07-14,1279.91,31.043571428571404,0.02425449557279137,0.04850899114558274,0.04104194826198704,-0.0284394996523194,1
2021-07-15,1293.92,31.83571428571427,0.024604082389726004,0.04920816477945201,0.03154754544330407,-0.03895913194015088,1
2021-07-16,1299.31,31.446428571428537,0.024202406332152097,0.04840481266430419,0.03558811984822707,-0.042945871270135605,1
2021-07-19,1243.51,35.0885714285714,0.028217361684724208,0.056434723369448415,0.07876092673159052,0.020361718040063925,2
2021-07-20,1273.29,37.68428571428569,0.02959599597443292,0.05919199194886584,0.06798922476419356,-0.003502737004138945,2
2021-07-21,1270.79,37.864999999999974,0.029796425845340282,0.059592851690680564,0.07211262285664821,-0.0015423476734944819,2
2021-07-22,1293.67,39.23357142857141,0.030327341152358335,0.06065468230471667,0.049564417509874836,-0.0192011873197957,1
2021-07-23,1268.83,39.19071428571427,0.030887285361880058,0.061774570723760115,0.06637611027482015,0.0030579352631954215,2
2021-07-26,1272.71,36.23071428571427,0.02846737613888024,0.05693475227776048,0.06626804220914417,0.003315759285304587,2
2021-07-27,1276.93,33.5142857142857,0.02624598506909987,0.05249197013819974,0.07363755256748616,0.0001096379597940178,2
2021-07-28,1277.07,32.425714285714285,0.025390710208300474,0.05078142041660095,0.0673573100926339,0.012943691418638048,2
2021-07-29,1293.6,30.836428571428574,0.023837684424419123,0.047675368848838245,0.052056277056277134,0.012716450216450292,2
2021-07-30,1310.05,26.642857142857142,0.020337282655514783,0.040674565311029566,0.04946376092515559,0.003183084615091092,2
2021-08-02,1314.22,25.81642857142856,0.01964391697845761,0.03928783395691522,0.011573404757194483,0.011573404757194483,1
2021-08-03,1332.44,24.211428571428574,0.018170745828276373,0.036341491656552746,-0.02520188526312639,-0.02520188526312639,1
2021-08-04,1334.74,23.06499999999999,0.01728051905239971,0.03456103810479942,-0.026971545020003873,-0.026971545020003873,1
2021-08-05,1345.55,23.73428571428571,0.017639096067991314,0.03527819213598263,-0.026754858608004195,-0.03478874809557431,1
2021-08-06,1341.45,20.082857142857133,0.014971006852925664,0.02994201370585133,-0.030064482463006525,-0.03183868202318385,0
2021-08-09,1359.86,18.55857142857141,0.01364741328414058,0.02729482656828116,-0.03431235568367319,-0.04494580324445152,0
2021-08-10,1362.43,18.173571428571417,0.013339086359351613,0.026678172718703225,-0.02516826552556828,-0.04674735582745537,1
2021-08-11,1357.79,17.360714285714266,0.012786008356015486,0.025572016712030972,-0.019384440892921573,-0.0434897885534582,1
2021-08-12,1353.05,16.300714285714257,0.0120473850084729,0.0240947700169458,-0.013598906174937975,-0.040138945345700394,1
2021-08-13,1357.05,16.151428571428546,0.011901866969845288,0.023803733939690576,-0.007855274308242066,-0.04296820308757965,1
2021-08-16,1370.96,16.12571428571427,0.011762352136980124,0.023524704273960247,-0.02119682558207381,-0.0526784151251678,1
2021-08-17,1363.09,16.92571428571427,0.012417165620549099,0.024834331241098198,-0.021627332017695067,-0.047208915038625454,1
2021-08-18,1360.94,16.792857142857137,0.012339160538199433,0.024678321076398866,-0.012461974811527332,-0.04570370479227592,1
2021-08-19,1374.85,17.04571428571426,0.012398235651681465,0.02479647130336293,-0.0214859802887587,-0.05535876641088111,1
2021-08-20,1329.43,19.864999999999977,0.014942494151628875,0.02988498830325775,0.00902642485877414,-0.023085081576314725,1
2021-08-23,1298.86,20.747142857142844,0.015973348056867443,0.031946696113734886,0.03144295767057281,-9.238871009953353e-05,1
2021-08-24,1298.74,21.178571428571413,0.01630701405098127,0.03261402810196254,0.0362582195050587,0.001832545390147322,2
2021-08-25,1309.55,21.055714285714267,0.016078587519158694,0.03215717503831739,0.027734718032911942,-0.006437325798938631,1
2021-08-26,1301.12,21.776428571428564,0.016736679607898246,0.03347335921579649,0.039596655189375385,0.009284308903098948,2
2021-08-27,1313.2,21.891428571428573,0.016670292850615727,0.033340585701231454,0.02838866890039604,0.011376789521778896,1
2021-08-30,1328.14,22.190714285714275,0.01670811381760528,0.03341622763521056,0.008809312271296665,0.0025072658002920356,1
2021-08-31,1331.47,21.77714285714285,0.01635571425352644,0.03271142850705288,0.014427662658565321,0.00160724612646157,1
2021-09-01,1334.65,21.629285714285693,0.016205960899326185,0.03241192179865237,0.013569100513243004,-0.000779230509871609,1
2021-09-06,1346.39,21.132142857142817,0.015695409841979528,0.031390819683959056,0.003550234330320423,-0.009492049109099288,1
2021-09-07,1341.9,20.993571428571403,0.015644661620516732,0.031289323241033465,-0.012601535136746445,-0.012601535136746445,1
2021-09-08,1333.61,20.675714285714257,0.01550356872377551,0.03100713744755102,0.0042741131215273676,-0.006463658790800797,1
2021-09-09,1343.98,20.55071428571424,0.015290937577727525,0.03058187515545505,-0.0035491599577374133,-0.014129674548728377,1
2021-09-10,1345.31,19.446428571428537,0.01445497957454307,0.02890995914908614,-0.0024158000758189857,-0.015104325397120366,1
2021-09-13,1341.43,16.079285714285692,0.011986675200558876,0.02397335040111775,-0.004875394168909253,-0.01225557800257937,1
2021-09-14,1339.7,14.773571428571406,0.011027522153147276,0.02205504430629455,-0.00011942972307243949,-0.010980070164962386,1
2021-09-15,1345.83,14.368571428571418,0.010676364346590148,0.021352728693180296,0.006538715885364477,-0.015484868073976643,1
2021-09-16,1345.87,13.924999999999986,0.010346467340827857,0.020692934681655714,0.012594084124023963,-0.015514128407646988,1
2021-09-17,1352.64,13.217142857142855,0.009771367738010746,0.02,0.009869588360539305,-0.02044150697894498,1
2021-09-20,1350.48,12.41,0.00918932527693857,0.02,0.01647562348202114,-0.018874770451987488,1
2021-09-21,1339.84,13.070000000000018,0.009754896106997864,0.02,0.04048990924289475,-0.011083412944829174,2
2021-09-22,1350.68,13.329285714285723,0.0098685741362023,0.02,0.03266502798590332,-0.01902004916042299,2
2021-09-23,1352.76,13.384285714285722,0.009894057862655403,0.02,0.02894083207664333,-0.02052840119459476,2
2021-09-24,1351.17,13.040714285714314,0.009651423792501546,0.02,0.03010724039166046,-0.01937580023239127,2
2021-09-27,1324.99,14.187142857142883,0.010707358438284728,0.021414716876569456,0.051102272469981,0.007471754503807659,2
2021-09-28,1339.31,14.848571428571436,0.011086732293921077,0.022173464587842154,0.04197683881998948,-0.0033002068229162074,2
2021-09-29,1339.21,14.83500000000002,0.011077426243830332,0.022154852487660665,0.04190530237976109,-0.003225782364229657,2
2021-09-30,1342.06,15.065714285714307,0.011225812769707992,0.022451625539415983,0.03855267275680663,-0.005342533120724746,2
2021-10-01,1334.89,15.130000000000011,0.011334267242993813,0.022668534485987626,0.03736637475747062,0.0034834330918651624,2
2021-10-04,1339.54,15.249285714285715,0.011383971896535913,0.022767943793071826,0.03710228884542466,0.011265061140391497,2
2021-10-05,1354.63,15.417857142857153,0.01138160024719455,0.0227632004943891,0.02271468962004386,0.006045931361331025,1
2021-10-06,1362.82,15.153571428571436,0.011119275787390437,0.022238551574780874,0.02113998914016535,0.002326059200774999,1
2021-10-07,1365.99,14.90285714285715,0.010909931363228976,0.02181986272645795,0.041749939604243114,0.004934150323208764,2
2021-10-08,1372.73,14.225000000000007,0.010362562193585051,0.020725124387170103,0.04755487240753831,0.008770843501635373,2
2021-10-11,1394.09,13.957142857142864,0.010011651225633113,0.020023302451266226,0.035994806648064426,-0.0066853646464718475,2
2021-10-12,1394.8,13.762142857142862,0.009866749969273633,0.02,0.03166762259822198,-0.007190995124749078,2
2021-10-13,1391.91,13.790714285714314,0.009907762919811132,0.02,0.04350137580734392,-0.005129642002715817,2
2021-10-14,1391.85,13.853571428571447,0.009953350884485719,0.02,0.0376836584402056,-0.005086755038258395,2
2021-10-15,1392.7,12.542142857142867,0.009005631404568728,0.02,0.039951173978602705,-0.005693975730595269,2
2021-10-18,1395.53,11.567142857142878,0.008288709563494069,0.02,0.04369666005030348,-0.00771033227519291,2
2021-10-19,1395.33,11.422857142857165,0.008186491470015813,0.02,0.051772698931435546,-0.007568102169379198,2
2021-10-20,1393.8,12.560714285714296,0.009011848389807932,0.02,0.048572248529200834,-0.006478691347395538,2
2021-10-21,1384.77,12.745714285714305,0.00920421029175553,0.02,0.05795186204207203,0.00045494919733979344,2
2021-10-22,1389.24,12.386428571428594,0.008915974613046409,0.02,0.05262589617344737,-0.00276410123520765,2
2021-10-25,1385.4,12.045714285714293,0.008694755511559328,0.02,0.06349790674173517,0.004496896203262546,2
2021-10-26,1391.63,12.565714285714307,0.009029493676993386,0.02,0.06103633868197722,0.02255628292002898,2
2021-10-27,1423.02,14.302857142857144,0.010051058412992891,0.020102116825985783,0.030519599162344813,0.010533934870908368,2
2021-10-28,1438.01,15.229285714285718,0.01059052837899995,0.0211810567579999,0.02631414246076158,0.0006675892379051085,2
2021-10-29,1444.27,14.766428571428557,0.010224146850262456,0.02044829370052491,0.017697521931494764,-0.003669673952931163,1
2021-11-01,1438.97,15.115714285714278,0.010504537471743175,0.02100907494348635,0.009298317546578394,0.0037040383051765158,1
2021-11-02,1452.46,15.299285714285702,0.010533361135098868,0.021066722270197735,-0.003587017886895416,-0.005618054886193158,1
2021-11-03,1444.3,16.24071428571428,0.01124469589816124,0.02248939179632248,0.013383646056913445,0.0020425119435021344,1
2021-11-04,1448.34,16.60571428571429,0.011465342589249961,0.022930685178499922,0.027983760719168194,-0.0007525857188228624,2
2021-11-05,1456.51,16.86785714285715,0.011581010183834749,0.023162020367669497,0.030415170510329492,-0.006357663181165929,2
2021-11-08,1467.57,17.101428571428578,0.011652887815524015,0.02330577563104803,0.017348405868203853,-0.013846017566453317,1
2021-11-09,1461.5,16.46000000000002,0.01126240164214849,0.02252480328429698,0.015969893944577374,-0.009750256585699613,1
2021-11-10,1465.02,16.355000000000018,0.011163670120544441,0.022327340241088883,0.009160284501235516,-0.012129527241948934,1
2021-11-11,1462.35,17.410714285714302,0.011905983031226659,0.023811966062453317,0.015618695934625837,-0.010325845385851462,1
2021-11-12,1473.37,18.227857142857165,0.012371540850470123,0.024743081700940247,0.005891256099961328,-0.017728065591127717,1
2021-11-15,1476.57,18.26214285714288,0.012367949272396758,0.024735898544793515,-0.022518404139322934,-0.022518404139322934,1
2021-11-16,1466.45,17.29785714285718,0.011795736058411251,0.023591472116822502,-0.03605305329196362,-0.03605305329196362,0
2021-11-17,1475.85,16.729285714285748,0.011335356380584577,0.022670712761169155,-0.01970389944777584,-0.042192634752854286,1
2021-11-18,1469.83,16.545000000000055,0.011256403801800246,0.022512807603600492,-0.01153874937917998,-0.038269731873754154,1
2021-11-19,1452.35,18.730714285714335,0.012896832227572097,0.025793664455144194,0.010761868695562393,-0.02669466726340064,1
2021-11-22,1447.25,19.44357142857148,0.013434839473879068,0.026869678947758137,0.011255830022456337,-0.023264812575574445,1
2021-11-23,1463.63,19.60500000000005,0.013394778735062857,0.026789557470125715,0.008595068425763186,-0.034195800851308134,1
2021-11-24,1488.87,20.410714285714317,0.013708862617766708,0.027417725235533416,-0.008630706508963137,-0.05056855198909238,1
2021-11-25,1500.81,20.487142857142885,0.01365072384721776,0.02730144769443552,-0.016864226650941783,-0.05812194748169319,1
2021-11-26,1493.03,21.12071428571432,0.014146208907868107,0.028292417815736215,-0.010997769636243104,-0.053213934080360126,1
2021-11-29,1484.84,21.94714285714289,0.01478081332476421,0.02956162664952842,-0.0034010398426765898,-0.04799170280973031,1
2021-11-30,1478.44,23.3264285714286,0.015777730967390356,0.03155546193478071,-0.0007507913746923611,-0.0438705662725577,1
2021-12-01,1485.19,22.802857142857174,0.015353494935231972,0.030706989870463944,-0.004342878688922025,-0.04821605316491506,1
2021-12-02,1482.05,22.090714285714316,0.014905512152568615,0.02981102430513723,-0.0029553658783441072,-0.04619952093384161,1
2021-12-03,1443.32,24.371428571428606,0.016885672318978886,0.03377134463795777,0.009450433722251628,-0.020605271180334284,1
2021-12-06,1413.58,26.785000000000032,0.018948343921108134,0.03789668784221627,0.044886034041228706,0.023479392747492334,2
2021-12-07,1446.77,28.280000000000037,0.01954699088313971,0.03909398176627942,0.02910621591545315,0.004216288698272619,1
2021-12-08,1452.87,28.327142857142885,0.019497369246486533,0.038994738492973066,0.028577918189514717,0.002815117663658828,1
2021-12-09,1467.98,26.488571428571454,0.01804423182098629,0.03608846364197258,0.012152754124715504,-0.007506914263137099,1
2021-12-10,1463.54,25.80714285714287,0.017633370360320096,0.03526674072064019,0.015325853751861906,-0.004495948180439191,1
2021-12-13,1476.21,25.30285714285716,0.01714041846543321,0.03428083693086642,0.014950447429566305,-0.013040150114143612,1
2021-12-14,1476.02,24.48214285714289,0.0165865929033095,0.033173185806619,0.0335767808024281,-0.012913104158480238,2
2021-12-15,1475.5,24.26571428571432,0.016445756886285544,0.03289151377257109,0.03185360894611988,-0.012565232124703507,1
2021-12-16,1476.61,23.588571428571445,0.015974814899378607,0.03194962979875721,0.03518870927326789,-0.013307508414543978,2
2021-12-17,1479.79,22.36857142857145,0.015116044458045702,0.030232088916091405,0.03290331736259877,-0.0154278647645949,2
2021-12-20,1477.33,21.186428571428582,0.01434102642701941,0.02868205285403882,0.017856538484969597,-0.013788388511706828,1
2021-12-21,1478.74,20.987857142857138,0.014193067843472915,0.02838613568694583,0.009176731541717942,-0.014728755562167795,1
2021-12-22,1477.67,21.38857142857143,0.014474525048604513,0.028949050097209026,0.02222417725202508,-0.01401530788335692,1
2021-12-23,1456.96,20.40214285714285,0.014003227856044674,0.02800645571208935,0.026829837469800166,0.01377525807160107,1
2021-12-24,1477.03,18.31642857142856,0.012400850741981247,0.024801701483962494,0.012856881715334056,0.005951131662863984,1
2021-12-27,1488.88,17.389285714285684,0.011679440730136534,0.023358881460273068,-0.024206114663371303,-0.024206114663371303,0
2021-12-28,1494.39,17.55285714285711,0.011745834181744463,0.023491668363488927,-0.03710544101606683,-0.03710544101606683,0
2021-12-29,1485.82,16.98071428571427,0.011428513740368464,0.022857027480736928,-0.028960439353353684,-0.031551601136072915,0
2021-12-30,1485.97,16.587142857142858,0.011162501838625853,0.022325003677251706,-0.01391010585678043,-0.03164936035047816,1
2021-12-31,1498.28,16.225714285714275,0.0108295607534735,0.021659121506947,-0.016946098192594072,-0.03960541420829211,1
2022-01-04,1525.58,17.11714285714285,0.011220088659488751,0.022440177318977503,-0.0562867892866975,-0.056791515358093236,0
2022-01-05,1522.5,17.10714285714284,0.011236218625381175,0.02247243725076235,-0.02819047619047621,-0.054883415435139526,0
2022-01-06,1528.57,17.442142857142844,0.011410758327811514,0.022821516655623028,-0.030741150225374048,-0.05863650339860127,0
2022-01-07,1528.48,17.33071428571426,0.011338528659658132,0.022677057319316265,-0.03776300638542873,-0.058581074008164924,0
2022-01-10,1503.71,18.59999999999999,0.012369406334998098,0.024738812669996196,-0.016459290687699135,-0.04307346496332398,1
2022-01-11,1492.31,19.31785714285713,0.01294493579943653,0.02588987159887306,0.003585046002506198,-0.03576334675771109,1
2022-01-12,1510.51,21.362142857142835,0.014142337923709765,0.02828467584741953,-0.006302507100250931,-0.04738134802152916,1
2022-01-13,1496.05,20.890714285714257,0.013963914498655966,0.027927828997311933,0.006236422579459333,-0.03817385782560734,1
2022-01-14,1496.02,21.182857142857106,0.014159474567757855,0.02831894913551571,0.00719910161628845,-0.03815457012606782,1
2022-01-17,1452.84,23.383571428571404,0.016095076834731565,0.03219015366946313,0.03363756504501536,-0.009567467856061107,2
2022-01-18,1438.94,24.268571428571395,0.016865589551038538,0.033731179102077076,0.02294744742657784,0.0005351161271491822,1
2022-01-19,1442.79,24.379999999999946,0.016897816036983863,0.03379563207396773,0.03462735394617367,-0.002134752805328488,2
2022-01-20,1465.3,26.37571428571422,0.018000214485575802,0.036000428971151605,0.0182897700129665,-0.0174640005459632,1
2022-01-21,1472.89,26.442142857142795,0.017952557799389493,0.035905115598778986,0.023830700188065546,-0.02252714051965865,1
2022-01-24,1439.71,27.32071428571422,0.0189765399182573,0.0379530798365146,0.04523827715303774,0.021566843322613494,2
2022-01-25,1479.58,30.31357142857137,0.020487957007104294,0.04097591401420859,0.02112761729680046,-0.005961151137484966,1
2022-01-26,1481.58,29.883571428571372,0.020170069404670265,0.04034013880934053,0.014774767477962802,-0.007303014349545722,1
2022-01-27,1470.76,30.795714285714244,0.02093864008112421,0.04187728016224842,0.02824390111235009,0.0008159047023308386,1
2022-01-28,1478.96,29.8328571428571,0.020171510482269363,0.04034302096453873,0.010744036349867425,-0.004733055660734564,1
2022-02-07,1497.66,30.05285714285711,0.020066541900603013,0.040133083801206025,0.0008212811986698654,-0.017160103094160273,1
2022-02-08,1500.99,27.590714285714252,0.01838167761658256,0.03676335523316512,-0.007235224751663827,-0.01934056855808497,1
2022-02-09,1505.38,26.499285714285698,0.01760305418850104,0.03520610837700208,-0.004384275066760646,-0.022200374656233035,1
2022-02-10,1506.79,25.828571428571422,0.017141453970740066,0.03428290794148013,-0.014116101115616675,-0.023115364450255083,1
2022-02-11,1501.71,22.86142857142857,0.015223597479825378,0.030447194959650755,0.0021908357805435763,-0.01981074907938285,1
2022-02-14,1471.96,22.97285714285715,0.015606984661850289,0.031213969323700578,0.022670453001440105,0.009212206853447036,1
2022-02-15,1492.75,23.74785714285716,0.015908797282101598,0.031817594564203196,0.004220398593200336,-0.004843409814101474,1
2022-02-16,1492.1,22.056428571428587,0.014782138309381803,0.029564276618763607,-0.01232491119898127,-0.01232491119898127,1
2022-02-17,1507.99,22.189285714285738,0.014714478023253296,0.029428956046506593,-0.02271235220392709,-0.022732246235054543,1
2022-02-18,1504.84,20.396428571428583,0.013553885178111017,0.027107770356222034,-0.017118098934105985,-0.020686584620291826,1
2022-02-21,1510.84,17.570714285714303,0.011629765088106155,0.02325953017621231,-0.029321437081358703,-0.029321437081358703,0
2022-02-22,1503.47,18.570000000000018,0.012351427032132345,0.02470285406426469,-0.038058624382262374,-0.038058624382262374,0
2022-02-23,1512.3,18.211428571428574,0.012042206289379472,0.024084412578758943,-0.039383720161343616,-0.04367519672022746,0
2022-02-24,1494.85,19.656428571428574,0.013149432097821571,0.026298864195643142,-0.023761581429574852,-0.032511623239789844,1
2022-02-25,1498.89,18.975714285714293,0.012659844475387982,0.025319688950775965,-0.02505187171840506,-0.03511932163134057,1
2022-02-28,1490.13,19.207142857142863,0.012889575310303707,0.025779150620607413,-0.014112862636145973,-0.029447095219880204,1
2022-03-01,1498.78,19.164999999999996,0.01278706681434233,0.02557413362868466,-0.0025554117348776106,-0.035048506118309564,1
2022-03-02,1485.52,19.427857142857142,0.013078152527638229,0.026156305055276458,0.012291992029726861,-0.026435187678388705,1
2022-03-03,1505.0,20.142142857142858,0.013383483626008543,0.026766967252017087,-0.0017674418604651798,-0.039036544850498345,1
2022-03-04,1505.33,18.57428571428571,0.012339012518375181,0.024678025036750362,-0.00469664458955843,-0.039247208253339716,1
2022-03-07,1499.05,17.571428571428573,0.011721709463612671,0.023443418927225342,-0.00036689903605613416,-0.03522230746139221,1
2022-03-08,1473.71,18.465714285714284,0.012530086845929175,0.02506017369185835,0.006425958974289436,-0.018633245346777905,1
2022-03-09,1473.74,18.763571428571417,0.0127319414744605,0.025463882948921,0.01629866869325669,-0.018653222413722914,1
2022-03-10,1479.08,18.709285714285702,0.012649272327585866,0.025298544655171732,0.0077277767260730545,-0.0221962300889742,1
2022-03-11,1466.54,19.119999999999973,0.013037489601374646,0.02607497920274929,0.017462871793473056,-0.013835285774680517,1
2022-03-14,1446.25,19.214285714285683,0.01328559081368068,0.02657118162736136,0.04853241140881592,0.0044874675885910875,2
2022-03-15,1452.74,19.10642857142854,0.013151994556099882,0.026303989112199763,0.04953398405771159,0.004536255627297425,2
2022-03-16,1459.33,17.017142857142826,0.011660928547444941,0.023321857094889882,0.0415944303207636,0.001377344397771596,2
2022-03-17,1461.34,16.4028571428571,0.01122453169204778,0.02244906338409556,0.04212572022937855,0.005310194752761177,2
2022-03-18,1469.1,16.312142857142817,0.011103493878662322,0.022206987757324645,0.0226329044993534,0.009584099108297606,2
2022-03-21,1494.95,17.329999999999977,0.01159236094852669,0.02318472189705338,-0.008662497073480768,-0.008662497073480768,1
2022-03-22,1503.78,16.751428571428537,0.01113954738820076,0.02227909477640152,-0.03227200787349216,-0.03227200787349216,0
2022-03-23,1502.34,16.233571428571395,0.010805524334419236,0.02161104866883847,-0.016733895123607123,-0.03134443601315273,1
2022-03-24,1498.26,16.405714285714257,0.01094984467696812,0.02189968935393624,-0.017446905076555552,-0.028706633027645423,1
2022-03-25,1498.5,16.21142857142854,0.010818437485104132,0.021636874970208265,-0.026653319986653323,-0.028862195528862156,0
2022-03-28,1483.18,16.165714285714266,0.010899361025441461,0.021798722050882922,-0.03410240159656963,-0.03410240159656963,0
2022-03-29,1497.76,15.82357142857141,0.010564824423520063,0.021129648847040126,-0.060964373464373445,-0.060964373464373445,0
2022-03-30,1490.51,16.190714285714275,0.01086253315020649,0.02172506630041298,-0.07097570630186978,-0.07097570630186978,0
2022-03-31,1492.15,15.385714285714291,0.010311104302995202,0.020622208605990403,-0.08172100660121306,-0.08172100660121306,0
2022-04-01,1516.44,15.770714285714282,0.010399827415337423,0.020799654830674846,-0.09048165440109734,-0.09642979610139535,0
2022-04-04,1524.7,15.678571428571429,0.010283053340704026,0.020566106681408052,-0.14021118908637764,-0.14021118908637764,0
2022-04-05,1520.03,15.539285714285711,0.01022301251573042,0.02044602503146084,-0.11755689032453309,-0.13756965323052828,0
2022-04-06,1522.9,16.077142857142867,0.010556926165304922,0.021113852330609844,-0.11105785015431091,-0.13919495698995343,0
2022-04-07,1502.35,16.723571428571454,0.011131608099691452,0.022263216199382905,-0.10074882683795383,-0.1274203747462308,0
2022-04-08,1482.0,16.715000000000014,0.011278677462887998,0.022557354925775996,-0.07773279352226725,-0.11543859649122801,0
2022-04-12,1455.25,18.327142857142867,0.012593810587282506,0.025187621174565012,-0.07323140353891078,-0.09917883525167492,0
2022-04-13,1477.2,19.50214285714287,0.013202100499013587,0.026404200998027174,-0.07887896019496343,-0.1125643108583807,0
2022-04-14,1472.12,19.672142857142862,0.013363138098214048,0.026726276196428096,-0.0970437192620166,-0.10950194277640402,0
2022-04-15,1458.56,20.659285714285716,0.014164165830878206,0.028328331661756412,-0.12953872312417736,-0.12953872312417736,0
2022-04-18,1432.6,21.287142857142857,0.014859097345485732,0.029718194690971464,-0.09705430685466976,-0.11376518218623488,0
2022-04-19,1406.45,22.738571428571422,0.01616735143700197,0.03233470287400394,-0.07459916811831213,-0.09728749688933136,0
2022-04-20,1384.72,23.162142857142857,0.01672695047167865,0.0334539009433573,-0.1053498180137501,-0.1053498180137501,0
2022-04-21,1370.21,24.991428571428564,0.018239122887315495,0.03647824577463099,-0.1367965494340284,-0.1367965494340284,0
2022-04-22,1379.23,25.54285714285715,0.01851965019819548,0.03703930039639096,-0.1502867542034323,-0.1502867542034323,0
2022-04-25,1310.92,30.48857142857144,0.02325738521692509,0.04651477043385018,-0.06297104323681091,-0.10600952003173347,0
2022-04-26,1341.34,35.60642857142857,0.026545416204264823,0.053090832408529645,-0.07498471677576146,-0.1262841635975963,0
2022-04-27,1353.77,37.39071428571429,0.027619694841601077,0.055239389683202154,-0.08282795452698755,-0.13430641837239699,0
2022-04-28,1350.99,36.77642857142856,0.02722183626187356,0.05444367252374712,-0.08162902760198076,-0.1325250371949459,0
2022-04-29,1366.8,36.80071428571427,0.026924725113926157,0.053849450227852313,-0.10827480245829679,-0.1425592625109745,0
2022-05-04,1348.68,35.571428571428555,0.026374995233434582,0.052749990466869165,-0.08549099860604437,-0.13103923836640274,0
2022-05-05,1360.68,35.720714285714266,0.026252105039917,0.052504210079834,-0.06779698386101063,-0.13870270746979452,0
2022-05-06,1329.26,37.14642857142855,0.027945193996229897,0.055890387992459795,-0.04565698208025526,-0.11834404104539364,0
2022-05-09,1269.62,40.086428571428556,0.03157356419356072,0.06314712838712144,0.012468297600856992,-0.07692852979631692,0
2022-05-10,1293.56,42.05071428571427,0.03250774164763465,0.0650154832952693,0.00027830174093201876,-0.09401187420761303,0
2022-05-11,1301.53,41.45571428571428,0.03185152419515054,0.06370304839030108,-0.0067996895960906745,-0.09955974891089714,0
2022-05-12,1238.84,44.13857142857142,0.03562895243015355,0.0712579048603071,0.04898130509186016,-0.053994058958380275,1
2022-05-13,1182.77,45.74499999999999,0.03867615850926215,0.0773523170185243,0.08949330808187561,-0.00914801694327716,2
2022-05-16,1171.95,46.09571428571428,0.039332492244305885,0.07866498448861177,0.09900593028712823,0.03998464098297694,2
2022-05-17,1228.37,45.2442857142857,0.036832783049313894,0.07366556609862779,0.05018032026181052,-0.007782671344953029,1
2022-05-18,1240.76,41.45714285714285,0.03341270097129408,0.06682540194258817,0.04077339695025617,-0.017690770173119708,1
2022-05-19,1241.64,41.06285714285713,0.033071467690197746,0.06614293538039549,0.05337295834541411,-0.018386972069198926,1
2022-05-20,1240.71,41.53857142857142,0.03347967811057493,0.06695935622114986,0.05407387705426725,-0.017651183596489206,1
2022-05-23,1218.81,42.43285714285714,0.03481498932799792,0.06962997865599584,0.05355223537713005,0.011954283276310651,1
2022-05-24,1233.38,43.288571428571444,0.03509751368481039,0.07019502736962079,-0.005140346040960697,-0.005140346040960697,1
2022-05-25,1268.43,43.594285714285725,0.0343686965100839,0.0687373930201678,-0.03005290004178407,-0.032630890155546655,1
2022-05-26,1268.57,42.45214285714287,0.033464564712347655,0.06692912942469531,-0.04307212057671228,-0.04307212057671228,1
2022-05-27,1285.45,39.21642857142859,0.030507937742758246,0.06101587548551649,-0.03797891788867702,-0.055638103387918636,1
2022-05-30,1293.92,35.92785714285716,0.027766675793601734,0.05553335158720347,-0.059215407444046075,-0.06181989612959071,0
2022-05-31,1292.68,35.209285714285734,0.027237433637316066,0.05447486727463213,-0.08685830986787135,-0.08685830986787135,0
2022-06-01,1299.52,31.83500000000002,0.024497506771731115,0.04899501354346223,-0.09776686776655996,-0.09776686776655996,0
2022-06-02,1288.62,29.0564285714286,0.02254848486864134,0.04509696973728268,-0.09261846005804653,-0.09261846005804653,0
2022-06-03,1287.98,26.98785714285717,0.02095363060207237,0.04190726120414474,-0.07694218854330026,-0.09216758024192928,0
2022-06-06,1290.01,23.29928571428575,0.018061321783773576,0.03612264356754715,-0.08103037960946036,-0.09359617367307227,0
2022-06-07,1291.35,23.550000000000036,0.01823672900453017,0.03647345800906034,-0.06855616215588334,-0.09453672513261313,0
2022-06-08,1307.91,22.824285714285743,0.017450960474563036,0.03490192094912607,-0.06866680429081529,-0.10600117745104798,0
2022-06-09,1307.8,22.178571428571463,0.01695868743582464,0.03391737487164928,-0.06859611561400825,-0.10592598256614161,0
2022-06-10,1284.08,21.244285714285752,0.016544363057041427,0.03308872611408285,-0.06734782879571366,-0.08941031711419845,0
2022-06-13,1227.04,23.24214285714288,0.01894163422312466,0.03788326844624932,-0.02293323771026201,-0.04708077976268088,1
2022-06-14,1230.31,22.755000000000013,0.01849533857320514,0.03699067714641028,-0.028269297981809438,-0.04961351204168052,1
2022-06-15,1213.93,24.455714285714294,0.020145901564105256,0.04029180312821051,-0.02688787656619418,-0.03678960071832815,1
2022-06-16,1236.63,25.453571428571422,0.02058301305044469,0.04116602610088938,-0.07036866322182078,-0.07036866322182078,0
2022-06-17,1217.3,27.579285714285707,0.02265611247374165,0.0453122249474833,-0.04174813110983322,-0.05560667050028756,1
2022-06-20,1180.4,29.293571428571404,0.024816648109599628,0.049633296219199256,-0.007700779396814794,-0.026084378176889356,1
2022-06-21,1172.47,30.06428571428569,0.025641837927013644,0.05128367585402729,-0.014652826938002739,-0.019497300570590403,1
2022-06-22,1169.27,30.317142857142812,0.02592826537681016,0.05185653075362032,0.004746551267029719,-0.016813909533298643,1
2022-06-23,1188.88,31.060714285714248,0.02612602978072997,0.05225205956145994,-0.012583271650629224,-0.03303108808290178,1
2022-06-24,1185.48,30.430714285714235,0.025669529883012986,0.05133905976602597,-0.002792117960657259,-0.030257785875763554,1
2022-06-27,1202.82,29.54499999999996,0.02456311002477508,0.04912622004955016,-0.019595616966794682,-0.04423770805274274,1
2022-06-28,1218.1,29.35357142857138,0.024097833863041936,0.04819566772608387,-0.034159756998604296,-0.056226910762663174,1
2022-06-29,1218.09,29.39714285714279,0.02413380198272935,0.0482676039654587,-0.032641266244694545,-0.05621916278764294,1
2022-06-30,1197.6,29.21142857142851,0.0243916404237045,0.048783280847409,-0.002889111556446111,-0.04007181028724116,1
2022-07-01,1198.9,27.31071428571423,0.022779810063987178,0.045559620127974355,-0.00035866210693136225,-0.04111268662941048,1
2022-07-04,1195.53,26.46071428571424,0.022133040815131566,0.04426608163026313,-0.0006440658118156417,-0.03840974295918975,1
2022-07-05,1181.29,24.98428571428568,0.021150001874464086,0.04230000374892817,0.006103497024439353,-0.026818139491572857,1
2022-07-06,1149.61,25.074999999999964,0.021811744852602157,0.04362348970520431,0.03084524316942261,0.0049408060124738196,1
2022-07-07,1166.48,23.57285714285711,0.020208539488767153,0.040417078977534306,0.02105479733900273,-0.009592963445579916,1
2022-07-08,1171.31,21.554999999999982,0.01840247244538165,0.0368049448907633,0.0314263516916955,-0.013676994134772191,1
2022-07-11,1155.29,21.53571428571427,0.0186409596600977,0.0372819193201954,0.04417938353140771,0.016125821222377157,2
2022-07-12,1174.82,21.420714285714276,0.018233188306050523,0.036466376612101045,0.04811800956742318,-0.0007660748029484354,2
2022-07-13,1173.92,20.311428571428547,0.01730222551062129,0.03460445102124258,0.057670028622052394,0.0021892462859478545,2
2022-07-14,1182.17,20.36571428571428,0.017227399008361132,0.034454798016722264,0.05717451804731977,-0.0048047235169222935,2
2022-07-15,1179.25,19.902142857142866,0.016876949635058612,0.033753899270117224,0.06351494594021623,-0.0023404706381174867,2
2022-07-18,1176.49,19.00785714285715,0.016156411990630733,0.032312823981261465,0.06481143061139494,0.0015639741944257768,2
2022-07-19,1178.33,18.95571428571431,0.01608693174723067,0.03217386349446134,0.0665518148566191,0.005719959603846192,2
2022-07-20,1194.14,18.769285714285747,0.01571782681619052,0.03143565363238104,0.054189626007000724,-0.00759542432210647,2
2022-07-21,1198.47,17.077142857142885,0.014249120008963832,0.028498240017927664,0.04842006892120776,-0.011180922342653665,2
2022-07-22,1194.76,16.477142857142894,0.013791173840053982,0.027582347680107963,0.04796779269476703,-0.008110415480933497,2
2022-07-25,1188.5,16.058571428571472,0.013511629304645749,0.027023258609291497,0.06212031973075294,-0.0028859907446361355,2
2022-07-26,1185.07,14.3478571428572,0.012107181130951926,0.024214362261903852,0.0752107470444785,0.005037677099243076,2
2022-07-27,1191.04,13.546428571428626,0.01137361345666697,0.02274722691333394,0.07023273777538974,0.012837520150456694,2
2022-07-28,1208.12,14.263571428571481,0.011806419419073835,0.02361283883814767,0.05559050425454437,-0.0014816408965996342,2
2022-07-29,1206.33,13.174285714285768,0.01092096334691649,0.02184192669383298,0.05581391493206689,0.02074059336997336,2
2022-08-01,1231.35,13.44214285714291,0.010916589805614092,0.021833179611228184,0.030722377877939078,0.008340439355179363,2
2022-08-02,1241.62,13.907142857142926,0.011200804478941163,0.022401608957882325,0.015149562668127281,0.006555951096148593,1
2022-08-03,1249.76,14.31142857142863,0.011451341514713729,0.022902683029427457,0.016843233900909027,0.001848354884137704,1
2022-08-04,1254.15,14.201428571428616,0.011323548675540099,0.022647097351080198,0.01834708766893911,-0.0016584938005821392,1
2022-08-05,1252.74,14.120714285714339,0.011271863503771205,0.02254372700754241,0.028848763510385345,-0.0005348276577742395,2
2022-08-08,1256.75,13.787142857142905,0.010970473727585363,0.021940947455170726,0.020545056693853203,-0.003723890988661327,1
2022-08-09,1258.85,13.07285714285719,0.010384761602142583,0.020769523204285167,0.009492791039440895,-0.0053858680541764015,1
2022-08-10,1256.5,12.980000000000034,0.010330282530839662,0.020660565061679324,0.01821727019498609,-0.0035256665340230864,1
2022-08-11,1252.07,13.997857142857177,0.011179772011834144,0.022359544023668288,0.022714384978475666,0.0066769429824211635,2
2022-08-12,1262.33,13.986428571428585,0.011079851204858148,0.022159702409716295,0.011898631894987854,-0.0015051531691394615,1
2022-08-15,1274.2,14.143571428571445,0.011099961880844016,0.022199923761688032,0.002511379689216886,-0.010806780725160836,1
2022-08-16,1274.69,13.597857142857167,0.010667579680437727,0.021335159360875454,-0.024727580823572737,-0.024727580823572737,0
2022-08-17,1275.28,12.572857142857158,0.00985889933415184,0.02,-0.031898877109340695,-0.031898877109340695,0
2022-08-18,1273.66,12.787142857142872,0.010039683162808654,0.02007936632561731,-0.019534255609817475,-0.030667525085187664,1
2022-08-19,1269.18,12.18214285714287,0.009598435885487377,0.02,-0.01541152555193126,-0.027245938322381535,1
2022-08-22,1260.43,11.963571428571429,0.009491658742311298,0.02,-0.009544361844767257,-0.020493006354974197,1
2022-08-23,1270.81,11.93285714285714,0.009389961633019209,0.02,-0.023638466804636438,-0.028493637915974923,0
2022-08-24,1277.16,11.900714285714278,0.009318107586922765,0.02,-0.024664098468476947,-0.033323937486297805,0
2022-08-25,1288.88,12.109285714285695,0.00939520026246485,0.02,-0.04255632797467579,-0.04255632797467579,0
2022-08-26,1282.57,12.69999999999998,0.009901993653367832,0.02,-0.06014486538746411,-0.06014486538746411,0
2022-08-29,1270.8,14.349999999999957,0.011292099464903964,0.02258419892980793,-0.040816808309726116,-0.05144003777148243,0
2022-08-30,1279.39,15.091428571428553,0.011795800007369569,0.023591600014739138,-0.053806892347134316,-0.057808799506014585,0
2022-08-31,1280.51,14.242857142857117,0.011122800402071923,0.022245600804143846,-0.05139358536832972,-0.058632888458504784,0
2022-09-05,1277.35,14.004999999999995,0.01096410537440795,0.0219282107488159,-0.057987239206168995,-0.057987239206168995,0
2022-09-06,1277.4,13.837857142857144,0.010832830078955021,0.021665660157910042,-0.08067167684358867,-0.08067167684358867,0
2022-09-07,1243.17,15.93857142857142,0.01282091059836661,0.02564182119673322,-0.06164080536048977,-0.06164080536048977,0
2022-09-08,1234.6,16.518571428571427,0.013379694985073244,0.02675938997014649,-0.07369188401101578,-0.07369188401101578,0
2022-09-09,1248.78,16.927857142857142,0.013555515897801969,0.027111031795603938,-0.09826390557183817,-0.09826390557183817,0
2022-09-12,1249.62,16.390000000000004,0.013115987260127084,0.026231974520254168,-0.0940365871224852,-0.09887005649717506,0
2022-09-13,1248.4,15.942857142857147,0.012770632123403673,0.025541264246807346,-0.12973405959628326,-0.12973405959628326,0
2022-09-14,1240.77,16.123571428571445,0.012994810825996314,0.025989621651992627,-0.13107183442539705,-0.13107183442539705,0
2022-09-15,1245.66,16.167142857142885,0.01297877659806278,0.02595755319612556,-0.11351412102821001,-0.1344829247146091,0
2022-09-16,1234.03,16.4371428571429,0.013319889190005834,0.026639778380011667,-0.1292594183285658,-0.1292594183285658,0
2022-09-19,1205.43,17.643571428571477,0.014636744919714522,0.029273489839429043,-0.1406303144935832,-0.1406303144935832,0
2022-09-20,1218.93,16.630714285714344,0.013643699216291619,0.027287398432583237,-0.1447581075205303,-0.1501480806937232,0
2022-09-21,1210.55,16.44500000000005,0.013584734211721987,0.027169468423443973,-0.16880756680847542,-0.16880756680847542,0
2022-09-22,1214.7,16.999285714285765,0.013994637123804861,0.027989274247609722,-0.14809417963283122,-0.17164732032600638,0
2022-09-23,1203.28,17.3414285714286,0.01441179822770145,0.0288235964554029,-0.12656239611727937,-0.16378565254969746,0
2022-09-26,1174.35,19.81214285714288,0.016870730921056655,0.03374146184211331,-0.09579767530974581,-0.14318559202963332,0
2022-09-27,1166.54,18.389285714285734,0.015763956413226924,0.03152791282645385,-0.09854784233716807,-0.137449208771238,0
2022-09-28,1143.62,18.88857142857145,0.016516475252768798,0.033032950505537596,-0.0699183295150485,-0.1201622916703099,0
2022-09-29,1126.07,19.830000000000023,0.01760991767829711,0.03521983535659422,-0.058610921168311014,-0.10644986546129453,0
2022-09-30,1132.11,21.75928571428574,0.019220116167409297,0.038440232334818594,-0.06506434887069268,-0.1112171078782096,0
2022-10-03,1086.44,24.885714285714307,0.02290574195143248,0.04581148390286496,-0.06131953904495413,-0.07385589632193224,0
2022-10-04,1078.14,25.65642857142859,0.02379693599294024,0.04759387198588048,-0.08532287087020252,-0.08532287087020252,0
2022-10-05,1104.26,27.221428571428582,0.024651285540931104,0.04930257108186221,-0.09649901291362539,-0.10695850614891422,0
2022-10-06,1074.52,28.550000000000004,0.026570003350333177,0.053140006700666355,-0.07553140006700665,-0.082241372892082,0
2022-10-07,1035.91,29.99142857142857,0.028951770493024075,0.05790354098604815,-0.0076261451284378445,-0.04803506096089438,1
2022-10-10,1042.48,31.33857142857142,0.030061556508107032,0.060123113016214064,-0.014503875374108022,-0.05403460977668639,1
2022-10-11,1006.2,33.45214285714285,0.033246017548343124,0.06649203509668625,0.021606042536275183,-0.019926455972967716,1
2022-10-12,1034.81,34.77285714285715,0.03360313211396986,0.06720626422793972,-0.0010243426329470395,-0.04702312501811923,1
2022-10-13,1050.99,35.545000000000016,0.033820493058925406,0.06764098611785081,-0.02645125072550636,-0.0616942121238071,1
2022-10-14,1061.85,33.614285714285714,0.03165634102207065,0.0633126820441413,-0.03959127937090923,-0.07129067194048122,0
2022-10-17,1051.58,34.61071428571429,0.03291305871708695,0.0658261174341739,-0.0517602084482397,-0.06222065843777935,1
2022-10-18,1063.66,34.35428571428572,0.03229818336149307,0.06459636672298615,-0.08317507474192887,-0.08317507474192887,0
2022-10-19,1060.07,32.945714285714295,0.03107881015943692,0.06215762031887384,-0.07397624685162296,-0.08007018404444977,0
2022-10-20,1058.45,31.591428571428576,0.029846878521827745,0.05969375704365549,-0.06883650621191362,-0.0786621947186924,0
2022-10-21,1019.82,31.097857142857144,0.03049347643981991,0.06098695287963982,-0.07116942205487242,-0.07116942205487242,0
2022-10-24,986.15,32.199285714285715,0.03265150911553589,0.06530301823107178,-0.03206408761344626,-0.03945647213912684,1
2022-10-25,997.7,33.40428571428571,0.033481292687466885,0.06696258537493377,-0.05679061842237154,-0.05679061842237154,1
2022-10-26,993.36,32.3642857142857,0.032580621037977875,0.06516124207595575,-0.0820045099460418,-0.0820045099460418,0
2022-10-27,1028.01,31.32071428571427,0.030467324525748067,0.060934649051496134,-0.08279102343362421,-0.11294637211700276,0
2022-10-28,1027.36,29.889285714285702,0.029093293212005242,0.058186586424010485,-0.05655271764522651,-0.11238514250116793,0
2022-10-31,1027.94,28.566428571428553,0.027789976624538932,0.055579953249077864,-0.057016946514388045,-0.11288596610697132,0
2022-11-01,1033.75,27.108571428571395,0.026223527379512838,0.052447054759025676,-0.07071342200725517,-0.11787182587666267,0
2022-11-02,1023.19,26.40428571428568,0.025805848096918146,0.05161169619383629,-0.06945924021931416,-0.10876767755744299,0
2022-11-03,1019.81,26.130714285714266,0.025623120273104077,0.051246240546208154,-0.07237622694423462,-0.10581382806601225,0
2022-11-04,997.15,27.34071428571426,0.027418858031102902,0.054837716062205805,-0.04958130672416383,-0.08549365692222832,0
2022-11-07,975.19,27.86785714285711,0.028576848760607787,0.057153697521215574,-0.003824895661358352,-0.06490017329956221,1
2022-11-08,981.65,28.667142857142817,0.029203018241881342,0.058406036483762684,0.02448938012529922,-0.071053837925941,0
2022-11-09,985.59,28.652142857142824,0.029071056785420737,0.058142113570841474,0.04725088525654697,-0.0747673982081799,0
2022-11-10,947.24,28.97142857142855,0.030585098360952398,0.061170196721904796,0.10681559055783119,-0.03730839069296066,2
2022-11-11,954.53,27.068571428571406,0.028358010150096286,0.05671602030019257,0.08564424376394664,-0.044660723078373654,2
2022-11-14,941.04,25.78714285714284,0.027402812693554834,0.05480562538710967,0.1476770381705348,-0.03096574003230468,2
2022-11-15,911.9,27.289285714285704,0.029925743737565198,0.059851487475130395,0.19933106700296088,0.03399495558723542,2
2022-11-16,942.9,29.725714285714275,0.03152583973455751,0.06305167946911502,0.11219641531445546,0.0032877293456359258,2
2022-11-17,969.26,30.578571428571422,0.03154836826916557,0.06309673653833114,0.07403586241049864,-0.023997688958587005,2
2022-11-18,969.33,31.058571428571423,0.03204127740663285,0.0640825548132657,0.08376920140715738,-0.024068170798386523,2
2022-11-21,960.65,31.07857142857144,0.032351607170740065,0.06470321434148013,0.09489408213188977,-0.015250091084161754,2
2022-11-22,952.12,32.55500000000001,0.03419211864050751,0.06838423728101502,0.08397050791916971,-0.006427761206570626,2
2022-11-23,946.0,32.790000000000006,0.03466173361522199,0.06932346723044398,0.10724101479915449,0.0018076109936575602,2
2022-11-24,947.71,30.684285714285725,0.032377294440583855,0.06475458888116771,0.10838758692004946,0.025060408774836285,2
2022-11-25,971.46,30.41357142857144,0.03130707535932662,0.06261415071865324,0.08632367776336647,0.03523562472978825,2
2022-11-28,1005.69,31.118571428571443,0.030942508554894093,0.061885017109788186,0.04652527120683314,0.026230747049289516,1
2022-11-29,1032.16,32.31428571428574,0.03130743849237108,0.06261487698474216,0.006045574329561321,-8.7195783599614e-05,1
2022-11-30,1048.42,30.6764285714286,0.029259675102944045,0.05851935020588809,-0.024122012170694984,-0.024122012170694984,1
2022-12-01,1036.28,31.476428571428603,0.03037444375210233,0.06074888750420466,-0.01679082873354687,-0.01679082873354687,1
2022-12-02,1080.01,32.7764285714286,0.030348263971100825,0.06069652794220165,-0.05314765604022187,-0.056601327765483656,1
2022-12-05,1093.67,31.24571428571432,0.028569599866243307,0.057139199732486615,-0.06704947561878816,-0.06838443040405251,0
2022-12-06,1048.69,29.34142857142861,0.027979124976331052,0.055958249952662104,-0.0605326645624541,-0.0605326645624541,0
2022-12-07,1041.02,28.976428571428603,0.02783465118002402,0.05566930236004804,-0.035013736527636286,-0.05361088163531913,1
2022-12-08,1050.53,29.335714285714314,0.027924680195438794,0.05584936039087759,-0.03319276936403526,-0.06217813865382227,1
2022-12-09,1051.81,29.578571428571447,0.028121591759511174,0.05624318351902235,-0.040425552143447896,-0.06331942080794051,1
2022-12-12,1032.07,29.3164285714286,0.02840546529928067,0.05681093059856134,-0.02420378462701167,-0.045403897022488704,1
2022-12-13,1047.45,29.64214285714289,0.02829933921155462,0.05659867842310924,-0.0033891832545706047,-0.059420497398443795,1
2022-12-14,1050.43,29.644285714285747,0.028221095850542867,0.056442191701085734,-0.003884123644602888,-0.06208885884828119,1
2022-12-15,1055.32,28.915714285714312,0.027399949101423564,0.05479989820284713,0.00047378994049207535,-0.06643482545578583,1
2022-12-16,1052.48,27.692142857142876,0.026311324545020214,0.05262264909004043,-0.0009881422924901129,-0.06391570386135603,1
2022-12-19,1038.4,27.23428571428571,0.02622716266784063,0.05245432533568126,0.015225346687210983,-0.0512230354391372,1
2022-12-20,1023.13,27.361428571428558,0.026742866079020808,0.053485732158041616,0.02953681350366022,-0.037062738850390464,1
2022-12-21,1018.88,27.200714285714266,0.026696680949389786,0.05339336189877957,0.03619660804020097,-0.033046089824120606,1
2022-12-22,1022.61,24.874999999999982,0.024325011490206414,0.04865002298041283,0.03303312113122314,-0.036573082602360585,1
2022-12-23,1020.34,24.49642857142854,0.02400810374132989,0.04801620748265978,0.03903600760530801,-0.034429699903953614,1
2022-12-26,985.21,23.903571428571393,0.024262412509588202,0.048524825019176404,0.08269302991240446,0.019650632859999462,2
2022-12-27,1004.57,23.85642857142855,0.023747900665387726,0.04749580133077545,0.08333914012960753,0.002508535990523253,2
2022-12-28,1015.66,22.74785714285712,0.022397118270737374,0.04479423654147475,0.08134611976448802,-0.0084378630644113,2
2022-12-29,1009.29,22.237142857142846,0.022032461291742557,0.044064922583485114,0.09788068840472008,-0.0021797501213723924,2
2022-12-30,1007.09,20.65214285714283,0.020506749999645343,0.04101349999929069,0.10923552016205096,0.03655085444200634,2
2023-01-03,1043.9,21.77071428571426,0.02085517222503521,0.04171034445007042,0.05620270140818073,0.002346968100392477,2
2023-01-04,1046.35,21.434285714285686,0.02048481455945495,0.0409696291189099,0.06195823577196946,0.004864529077268642,2
2023-01-05,1055.82,21.308571428571415,0.020182011544175538,0.040364023088351075,0.019084692466518893,-0.004148434392225786,1
2023-01-06,1051.44,21.357857142857135,0.02031295855479831,0.04062591710959662,0.024870653579852187,0.0018165563417786856,1
2023-01-09,1054.21,20.21357142857142,0.019174141232364918,0.038348282464729835,0.02176037032469824,-0.0008157767427743323,1
2023-01-10,1053.35,19.00142857142857,0.01803904549430728,0.03607809098861456,0.03411971329567565,0.0022879384819860515,1
2023-01-11,1055.76,17.85357142857144,0.01691063445155285,0.0338212689031057,0.009547624460104487,0.0005967265287565304,1
2023-01-12,1056.39,17.429285714285722,0.016498912063050312,0.032997824126100625,0.01498499607152648,0.0035782239513815206,1
2023-01-13,1060.17,17.216428571428594,0.016239309329096837,0.032478618658193674,0.003640925511946058,0.003640925511946058,1
2023-01-16,1066.68,15.301428571428605,0.014344909974339638,0.028689819948679276,-0.010668616642292128,-0.010668616642292128,1
2023-01-17,1088.29,15.11571428571431,0.013889417605338936,0.027778835210677873,-0.040972534894191726,-0.040972534894191726,0
2023-01-18,1098.28,14.440714285714323,0.013148481521756131,0.026296963043512263,-0.05430309210765916,-0.05430309210765916,0
2023-01-19,1108.08,14.76857142857146,0.013328073269593767,0.026656146539187534,-0.05403941953649549,-0.06266695545447964,0
2023-01-27,1117.1,15.148571428571463,0.01356062253027613,0.02712124506055226,-0.05264524214483923,-0.07023543102676555,0
2023-01-30,1102.57,13.654285714285752,0.012384053361043519,0.024768106722087038,-0.03923560408862925,-0.05798271311572045,0
2023-01-31,1111.18,14.503571428571474,0.013052405036602056,0.026104810073204112,-0.022039633542720316,-0.06528195251894375,1
2023-02-01,1075.97,16.589285714285747,0.015417981648452789,0.030835963296905577,0.0058180060782364595,-0.0346942758627099,1
2023-02-02,1077.59,16.17714285714289,0.01501233572800684,0.03002467145601368,-0.021631603856754333,-0.03614547276793567,1
2023-02-03,1077.15,16.195714285714335,0.01503570931227251,0.03007141862454502,-0.021807547695307017,-0.035751752309334806,1
2023-02-06,1089.29,16.93571428571433,0.015547479813194218,0.031094959626388436,-0.045653590871117866,-0.04649817771208753,0
2023-02-07,1065.84,17.97857142857145,0.016867983401421836,0.03373596680284367,-0.041835547549350705,-0.041835547549350705,0
2023-02-08,1072.22,18.35785714285716,0.017121353027230567,0.034242706054461135,-0.04433791572625012,-0.047536886086810615,0
2023-02-09,1064.03,18.358571428571445,0.017253809975819708,0.034507619951639416,-0.0220670469817581,-0.04020563329981297,1
2023-02-10,1055.3,18.52500000000001,0.017554249976310065,0.03510849995262013,-0.01676300578034684,-0.032265706434189245,1
2023-02-13,1043.7,18.667142857142867,0.017885544559876274,0.03577108911975255,-0.018137395803391798,-0.02151001245568651,1
2023-02-14,1038.64,18.794285714285724,0.01809509138323743,0.03619018276647486,-0.011033659400754847,-0.01674304860201814,1
2023-02-15,1048.2,18.811428571428582,0.017946411535421276,0.03589282307084255,-0.009883609998092124,-0.025710742224766325,1
2023-02-16,1058.29,18.427142857142858,0.017412186505724195,0.03482437301144839,-0.008608226478564407,-0.0349998582619131,1
2023-02-17,1059.31,17.93428571428571,0.016930158040881056,0.03386031608176211,-0.003171876032511678,-0.03592904815398701,1
2023-02-20,1086.69,18.346428571428564,0.01688285396150564,0.03376570792301128,-0.031002401788918665,-0.0602195658375434,1
2023-02-21,1082.23,16.368571428571418,0.015124854632168224,0.030249709264336448,-0.027193849736192877,-0.05634661763211146,1
2023-02-22,1054.28,17.468571428571426,0.016569195496994562,0.033138390993989124,-0.013421481959251635,-0.03132943809993549,1
2023-02-23,1053.66,18.35928571428571,0.01742429788953335,0.0348485957790667,0.008095590607976044,-0.030759448019285207,1
2023-02-24,1039.56,18.141428571428573,0.017451064461338043,0.034902128922676086,0.0075416522374851525,-0.017613220978106026,1
2023-02-27,1021.25,17.78928571428573,0.01741912921839484,0.03483825843678968,0.02339290085679324,0.0033586291309670724,1
2023-02-28,1024.68,17.762857142857147,0.017335028636117758,0.034670057272235516,-0.00154194480227976,-0.00154194480227976,1
2023-03-01,1040.55,18.906428571428567,0.018169649292613107,0.036339298585226214,-0.007803565422132452,-0.016769977415789672,1
2023-03-02,1037.61,18.801428571428566,0.018119937714004847,0.036239875428009695,0.002823796995017558,-0.013984059521400027,1
2023-03-03,1024.77,18.475714285714282,0.01802913266949099,0.03605826533898198,0.019838597929291435,-0.0016296339666461712,1
2023-03-06,1027.18,18.745714285714282,0.018249687772069433,0.036499375544138866,0.019091103798749787,-0.003972039954048934,1
2023-03-07,1037.84,18.691428571428567,0.018009932717402075,0.03601986543480415,0.01388460649040324,-0.014202574577969584,1
2023-03-08,1049.18,19.444285714285723,0.01853284061294127,0.03706568122588254,0.004870470272021921,-0.024857507767971243,1
2023-03-09,1055.95,19.615000000000002,0.0185756901368436,0.0371513802736872,0.00035986552393563187,-0.031109427529712574,1
2023-03-10,1053.0,18.253571428571433,0.017334825668159005,0.03466965133631801,0.006115859449192795,-0.02839506172839501,1
2023-03-13,1052.8,18.02642857142857,0.017122367564046895,0.03424473512809379,0.011246200607902823,-0.028210486322188366,1
2023-03-14,1040.13,17.321428571428562,0.016653138137952526,0.03330627627590505,0.03763952582850205,-0.01637295338082745,2
2023-03-15,1062.19,17.21571428571426,0.016207754060680535,0.03241550812136107,0.015307995744640701,-0.03680132556322313,1
2023-03-16,1047.4,17.182857142857113,0.01640524837011372,0.03281049674022744,0.03194577047928182,-0.023200305518426667,1
2023-03-17,1045.14,16.459285714285695,0.01574840281138,0.03149680562276,0.024656983753372774,-0.021088083893067044,1
2023-03-20,1023.1,16.94428571428571,0.01656171020847005,0.0331234204169401,0.045557619001075134,0.009119343172710348,2
2023-03-21,1032.43,16.367142857142863,0.015853029122693898,0.031706058245387796,0.03188593899828551,0.007855254109237375,2
2023-03-22,1040.54,16.34428571428571,0.015707503521523163,0.031415007043046325,0.02779326119130454,0.004382339938877822,1
2023-03-23,1045.1,15.996428571428558,0.01530612244897958,0.03061224489795916,0.023299205817625346,0.0016170701368289908,1
2023-03-24,1046.79,15.325714285714266,0.014640677008487153,0.029281354016974306,0.016727328308447698,0.005215945891726248,1
2023-03-27,1052.25,14.972142857142833,0.014228693615721391,0.028457387231442782,0.0006082204799240376,0.0006082204799240376,1
2023-03-28,1054.29,14.022142857142821,0.01330008143598329,0.02660016287196658,-0.0004552827021028216,-0.001327907881133128,1
2023-03-29,1056.33,13.785714285714253,0.01305057537484901,0.02610115074969802,-0.0012401427584182168,-0.003256558083174599,1
2023-03-30,1059.44,13.804285714285681,0.01302979471634607,0.02605958943269214,-0.00987314052707089,-0.00987314052707089,1
2023-03-31,1064.64,13.660714285714253,0.01283129911116833,0.02566259822233666,-0.014455590622182268,-0.01470919747520294,1
2023-04-03,1079.28,13.414999999999964,0.012429582684752765,0.02485916536950553,-0.03369839152027265,-0.03369839152027265,0
2023-04-04,1078.45,12.321428571428555,0.011425127332216194,0.022850254664432388,-0.034391951411748445,-0.034391951411748445,0
2023-04-05,1080.86,11.479999999999986,0.010621172029680059,0.021242344059360117,-0.04256795514682754,-0.04256795514682754,0
2023-04-06,1070.91,11.6035714285714,0.01083524425822095,0.0216704885164419,-0.028116274943739583,-0.03367229739193789,0
2023-04-07,1069.71,10.661428571428539,0.009966653178364733,0.02,-0.028119770778996078,-0.03258827158762667,0
2023-04-10,1065.35,10.160714285714237,0.009537442423348419,0.02,-0.01523442999953073,-0.028629089031773636,1
2023-04-11,1069.46,10.392857142857094,0.009717854938807523,0.02,-0.02697623099508173,-0.03236212668075489,0
2023-04-12,1069.45,9.82857142857139,0.009190304762795259,0.02,-0.0272476506615551,-0.03235307868530568,0
2023-04-13,1064.3,9.85928571428568,0.009263634045180569,0.02,-0.010203889880672667,-0.02767076951987224,1
2023-04-14,1052.89,10.152857142857101,0.0096428469667839,0.02,0.0008357948123733916,-0.01713379365365819,1
2023-04-17,1053.81,9.976428571428544,0.009467008826475878,0.02,0.004222772606067515,-0.017991858114840498,1
2023-04-18,1055.02,9.847142857142833,0.00933360775828215,0.02,0.0019904835927280207,-0.01911812098348853,1
2023-04-19,1048.98,9.902142857142833,0.009439782319150825,0.02,0.01708326183530673,-0.013470228221701186,1
2023-04-20,1049.25,9.75214285714284,0.009294393954865704,0.02,0.015687395758875455,-0.013724088634739173,1
2023-04-21,1042.91,9.359285714285713,0.00897420267739854,0.02,0.02205367673145342,-0.007728375411109489,2
2023-04-24,1041.36,9.481428571428571,0.009104851896969897,0.02,0.01832219405392954,-0.0062514404240607835,1
2023-04-25,1034.85,9.954285714285707,0.00961906142367078,0.02,0.03233318838479016,0.004619026912113133,2
2023-04-26,1040.8,9.811428571428564,0.009426814538267261,0.02,0.025240199846272127,-0.0011241352805532179,2
2023-04-27,1039.63,9.625,0.00925810143993536,0.02,0.029827919548300885,0.000654078854977147,2
2023-04-28,1049.12,9.439285714285704,0.008997336543279801,0.02,0.015946698185145713,-0.008397514107061133,1
2023-05-04,1040.61,9.244999999999989,0.008884212144799675,0.02,0.02035344653616633,-0.0002882924438549761,2
2023-05-05,1040.31,9.263571428571415,0.00890462595627401,0.02,0.023377647047514882,0.012621237900241278,2
2023-05-08,1053.44,9.579999999999993,0.009094015795868765,0.02,0.009796476306196844,0.00031325941676785263,1
2023-05-09,1053.77,8.875,0.008422141454017481,0.02,0.020127731857995546,0.0031790618446150276,2
2023-05-10,1058.26,8.855000000000002,0.008367508929752614,0.02,0.018700508381683134,-0.0010772399977322378,1
2023-05-11,1057.12,8.905714285714291,0.0084245064758157,0.02,0.01707469350688684,0.0031406084455882777,1
2023-05-12,1066.9,9.06714285714286,0.008498587362585864,0.02,0.010769519167681985,-0.0060549254850501555,1
2023-05-15,1065.71,9.395714285714282,0.008816389342048288,0.02,0.02358052378226705,-0.004945060100777887,2
2023-05-16,1065.91,9.144285714285697,0.00857885348133116,0.02,0.029936861461098863,-0.005131765346042427,2
2023-05-17,1060.44,9.1935714285714,0.008669581898618875,0.02,0.04514163931952764,0.0012730564671268318,2
2023-05-18,1068.31,9.164285714285695,0.008578301910761572,0.02,0.03859366663234454,-0.006103097415544156,2
2023-05-19,1067.07,9.16285714285714,0.008586931637902988,0.02,0.03209723823179367,-0.004948128988726097,2
2023-05-22,1070.64,9.029285714285704,0.008433540419081767,0.02,0.03445602630202482,-0.008266083837704663,2
2023-05-23,1065.85,9.195000000000002,0.00862691748369846,0.02,0.047070413285171586,-0.0038091663930196473,2
2023-05-24,1061.79,9.05714285714287,0.008530069841628636,0.02,0.05713935900695999,0.0018553574623985103,2
2023-05-25,1064.63,9.132857142857151,0.008578433016970356,0.02,0.04958530193588384,-0.0008171853132075135,2
2023-05-26,1063.76,8.446428571428571,0.007940163731883668,0.02,0.05002068135669702,0.010547491915469775,2
2023-05-29,1074.98,8.974285714285722,0.008348328075206721,0.02,0.037433254572178054,0.0001767474743716857,2
2023-05-30,1078.05,9.186428571428564,0.008521338130354404,0.02,0.02536988080330249,-0.0026714901906218502,2
2023-05-31,1075.17,9.240714285714262,0.008594654134429216,0.02,0.03399462410595522,0.0029948752290336333,2
2023-06-01,1078.39,8.801428571428557,0.008161637785428794,0.02,0.037157243668802575,0.011544988362280684,2
2023-06-02,1090.84,9.032857142857129,0.008280643488373299,0.02,0.03159033405449008,0.006398738586777197,2
2023-06-05,1097.82,9.55785714285714,0.00870621517448866,0.02,0.028747882166475502,0.003188136488677662,2
2023-06-06,1108.31,9.62785714285714,0.008686971283176314,0.02,0.021401954326857986,-0.006306899694128898,2
2023-06-07,1109.54,9.274285714285709,0.00835867631116112,0.02,0.022342592425689922,-0.007408475584476437,2
2023-06-08,1101.32,9.433571428571424,0.00856569519174393,0.02,0.03362328841753537,0.0037046453346893937,2
2023-06-09,1107.53,9.829285714285707,0.0088749611426198,0.02,0.01612597401424809,-0.0019231984686644,1
2023-06-12,1116.02,10.124285714285715,0.00907177802753151,0.02,0.003727531764663894,-0.00951595849536735,1
2023-06-13,1122.46,9.940714285714291,0.008856185775630571,0.02,0.0027083370454181743,-0.015198759866721256,1
2023-06-14,1117.42,10.260714285714291,0.00918250459604651,0.02,0.013047913944622458,-0.0107569221957724,1
2023-06-15,1116.97,10.58214285714288,0.009473972315409439,0.02,0.01580167775320729,-0.010358380260884315,1
2023-06-16,1115.22,10.79571428571431,0.00968034494154903,0.02,0.009863524685712166,-0.008805437492154011,1
2023-06-19,1105.4,11.095714285714312,0.0100377368244204,0.0200754736488408,0.029554912248959564,0.005717387371087401,2
2023-06-20,1111.72,11.196428571428621,0.010071266660155993,0.020142533320311986,0.033551613715683715,0.006062677652646453,2
2023-06-21,1118.46,11.27000000000003,0.010076354988108676,0.02015270997621735,0.02978202170842037,0.0015378288003147222,2
2023-06-22,1125.3,10.929285714285745,0.009712330680072644,0.02,0.02568204034479704,-0.004549897805029679,2
2023-06-23,1129.38,10.573571428571459,0.009362279683163733,0.02,0.03191131417237769,-0.00814606244133953,2
2023-06-26,1132.03,10.82785714285717,0.009564991336675856,0.02,0.032128123812973364,-0.010467920461471825,2
2023-06-27,1134.33,10.802857142857176,0.009523557644474868,0.02,0.03420521365034879,-0.01247432405032034,2
2023-06-28,1138.35,10.437142857142883,0.009168658898531105,0.02,0.03139631923397901,-0.015961698950234804,2
2023-06-29,1125.39,10.775714285714312,0.009575093332724043,0.02,0.042287562533877,-0.00462950621562308,2
2023-06-30,1120.18,10.088571428571445,0.009006205635318827,0.02,0.046983520505632814,0.0047492367298112015,2
2023-07-03,1125.5,10.21214285714286,0.009073427682934572,0.02,0.05366503776099529,0.0006397156819191174,2
2023-07-04,1132.0,9.966428571428569,0.0088042655224634,0.02,0.05187279151943458,-0.005106007067137819,2
2023-07-05,1134.62,9.869999999999989,0.008698947665297623,0.02,0.05400927182669113,-0.007403359715146829,2
2023-07-06,1126.22,9.6592857142857,0.008576730758009713,0.02,0.06625703681341122,0.01052192289250753,2
2023-07-07,1138.07,9.847142857142833,0.008652493130600783,0.02,0.05207061077086639,0.00962155227710082,2
2023-07-10,1149.02,9.976428571428544,0.00868255432579811,0.02,0.05104349793737284,0.0023933438930567874,2
2023-07-11,1151.77,9.98928571428569,0.008672986546173014,0.02,0.061757121647551205,0.002109796226677174,2
2023-07-12,1154.2,9.922857142857131,0.008597173057405242,0.02,0.05489516548258533,0.009721018887541177,2
2023-07-13,1165.42,10.15357142857142,0.008712371015231778,0.02,0.04720186713802743,0.0025570180707383816,2
2023-07-14,1168.4,10.118571428571418,0.008660194649581836,0.02,0.036417322834645605,0.003774392331393317,2
2023-07-17,1173.13,10.0342857142857,0.008553430322543706,0.02,0.04505042066949083,-0.0002727745433158679,2
2023-07-18,1174.09,9.817142857142844,0.008361490905418533,0.02,0.057346540725157436,-0.0010902060319055717,2
2023-07-19,1172.98,9.140714285714271,0.007792728167329597,0.02,0.05903766475131711,-0.0001449300073318449,2
2023-07-20,1172.81,9.24428571428572,0.007882168223570503,0.02,0.052165312369437666,0.011161228161424397,2
2023-07-21,1185.9,9.648571428571456,0.008136075072579017,0.02,0.02926890968884366,0.0040644236444893345,2
2023-07-24,1190.72,9.734285714285745,0.00817512573424965,0.02,0.0348444638538028,0.004350309056705193,2
2023-07-25,1195.9,9.868571428571451,0.008252003870366629,0.02,0.034233631574546175,0.0011957521531900106,2
2023-07-26,1200.84,9.292857142857153,0.007738630577643278,0.02,0.027655641051264057,-0.0029229539322473963,2
2023-07-27,1197.33,9.11285714285717,0.007610982054118054,0.02,0.038360351782716684,0.008635881503010978,2
2023-07-28,1207.67,9.17428571428575,0.007596682632081404,0.02,0.021371732344100502,0.002715973734546573,2
2023-07-31,1222.9,9.82785714285717,0.008036517411772973,0.02,-0.036724180227328596,-0.036724180227328596,0
2023-08-01,1217.56,10.45571428571431,0.008587432476193625,0.02,-0.031045697953283602,-0.03249942507966752,0
2023-08-02,1220.43,10.358571428571443,0.008487640772982835,0.02,-0.03272617028424407,-0.034774628614504755,0
2023-08-03,1210.95,10.339285714285731,0.00853816071207377,0.02,-0.03170238242702017,-0.03170238242702017,0
2023-08-04,1225.98,11.102142857142862,0.009055729177590876,0.02,-0.0298455113460252,-0.04357330462160891,0
2023-08-07,1241.42,11.800714285714289,0.00950581937274596,0.02,-0.04676096727940604,-0.05546873741360714,0
2023-08-08,1242.23,11.917857142857153,0.00959392153051943,0.02,-0.032610708161934565,-0.05608462201041686,0
2023-08-09,1233.99,12.144999999999998,0.00984205706691302,0.02,-0.023954813248081352,-0.04978160276825583,0
2023-08-10,1220.61,12.41285714285714,0.010169388373728825,0.02033877674745765,-0.0061035056242368935,-0.03936556312007922,1
2023-08-11,1232.21,13.056428571428585,0.010595944336946286,0.021191888673892573,-0.006622247831132744,-0.048408956265571734,1
2023-08-14,1236.84,13.200714285714298,0.010672936099830454,0.021345872199660908,-0.0015038323469486192,-0.051971152291322986,1
2023-08-15,1234.05,13.446428571428603,0.010896178089565741,0.021792356179131483,0.00927839228556393,-0.049827802763259155,1
2023-08-16,1243.26,13.219285714285743,0.010632760415589453,0.021265520831178907,-9.65204382027407e-05,-0.056866624841143465,1
2023-08-17,1233.48,13.1257142857143,0.010641205601804893,0.021282411203609786,0.006485715212245058,-0.049388721341245945,1
2023-08-18,1177.99,15.882857142857167,0.013483015257223887,0.026966030514447775,0.03874396217285381,-0.004609546770346196,2
2023-08-21,1179.76,16.35357142857145,0.013861778182487497,0.027723556364974995,0.05567234013697697,-0.00610293619041169,2
2023-08-22,1180.49,18.170714285714308,0.015392518603049842,0.030785037206099684,0.04904742945725937,-0.00671754949216008,2
2023-08-23,1172.56,19.000000000000018,0.01620386163607834,0.03240772327215668,0.043707784676263906,0.009219144436105609,2
2023-08-24,1189.39,19.106428571428605,0.01606405684546583,0.03212811369093166,0.031923927391351636,-0.0050614180378179,1
2023-08-25,1183.37,18.78857142857146,0.01587717402720321,0.03175434805440642,0.0240330581305932,0.01550656176850862,1
2023-08-28,1201.72,19.60571428571432,0.016314710819254334,0.03262942163850867,0.008138335053090584,0.002255101021868766,1
2023-08-29,1204.43,19.624285714285747,0.016293421547359122,0.032586843094718244,0.018000215869747427,0.005869996595900151,1
2023-08-30,1213.16,19.08357142857145,0.015730465419706754,0.03146093083941351,-0.0003462033037687773,-0.001368327343466702,1
2023-08-31,1224.05,18.572142857142858,0.015172699527913776,0.030345399055827553,-0.025325762836485466,-0.025325762836485466,1
2023-09-05,1234.98,18.685714285714294,0.015130378051235075,0.03026075610247015,-0.06621969586552001,-0.06621969586552001,0
2023-09-06,1245.5,19.169285714285706,0.015390835579514818,0.030781671159029637,-0.08634283420313127,-0.08634283420313127,0
2023-09-07,1243.14,19.516428571428555,0.015699300618939583,0.031398601237879166,-0.07182618208729519,-0.08460833051788219,0
2023-09-08,1241.48,19.334285714285688,0.015573578079619234,0.03114715615923847,-0.07172890421110278,-0.0833843477140187,0
2023-09-11,1223.63,17.355714285714253,0.01418379271978805,0.0283675854395761,-0.05678187033662141,-0.07001299412404083,0
2023-09-12,1245.44,17.43142857142855,0.013996200998384948,0.027992401996769896,-0.07241617420349444,-0.08629881808838646,0
2023-09-13,1238.39,16.179285714285697,0.013064774194143765,0.02612954838828753,-0.09713418228506376,-0.09713418228506376,0
2023-09-14,1223.81,15.913571428571426,0.013003302333345394,0.02600660466669079,-0.07774082578177977,-0.08637778740163915,0
2023-09-15,1227.36,15.552142857142842,0.012671215337914583,0.025342430675829166,-0.09245046278190572,-0.09245046278190572,0
2023-09-18,1211.81,16.444285714285684,0.013570019816873672,0.027140039633747344,-0.06871539267706983,-0.08080474661869419,0
2023-09-19,1211.5,16.520714285714252,0.013636578031955636,0.027273156063911272,-0.061196863392488754,-0.0805695418902187,0
2023-09-20,1226.11,16.909285714285666,0.01379100220558161,0.02758200441116322,-0.06722072244741484,-0.09152523019957415,0
2023-09-21,1212.74,17.35357142857138,0.014309391484218696,0.02861878296843739,-0.051066180714745224,-0.08150963932912236,0
2023-09-22,1193.05,19.245714285714257,0.01613152364587759,0.03226304729175518,-0.03473450400234701,-0.06635094924772633,0
2023-09-25,1153.2,21.407142857142812,0.018563252564293108,0.037126505128586215,0.0013267429760666083,-0.034087755809920184,1
2023-09-26,1137.96,22.1178571428571,0.019436410016922475,0.03887282003384495,0.0030405286653309993,-0.021151885830784867,1
2023-09-27,1153.85,23.060714285714248,0.019985885761333144,0.03997177152266629,-0.02790657364475435,-0.034631884560384685,1
2023-09-28,1152.43,23.80714285714284,0.020658211654627907,0.04131642330925581,-0.04254488342025109,-0.04254488342025109,0
2023-09-29,1154.15,22.622142857142844,0.019600695626342195,0.03920139125268439,-0.05744487285014965,-0.05744487285014965,0
2023-10-02,1155.25,21.712142857142826,0.018794324048597988,0.037588648097195976,-0.04087426963860641,-0.05834235014066225,0
2023-10-03,1118.1,23.154999999999973,0.020709238887398243,0.041418477774796486,-0.021974778642339654,-0.027054825149807726,1
2023-10-04,1128.67,23.598571428571386,0.020908300414267576,0.04181660082853515,-0.020174187317816505,-0.03616646141033264,1
2023-10-05,1113.89,24.000714285714235,0.021546754424327567,0.043093508848655135,-0.010979540170034774,-0.02337753279049115,1
2023-10-06,1128.54,23.875714285714253,0.021156285364908867,0.042312570729817735,-0.06476509472415681,-0.06476509472415681,0
2023-10-09,1137.36,23.20499999999996,0.020402511078286525,0.04080502215657305,-0.06747204051487654,-0.07201765492016587,0
2023-10-10,1143.69,22.942857142857115,0.020060380997348158,0.040120761994696316,-0.08856420883281302,-0.08856420883281302,0
2023-10-11,1150.81,22.682857142857106,0.019710340666884287,0.039420681333768574,-0.106551037964564,-0.106551037964564,0
2023-10-12,1151.61,20.572142857142826,0.017863810541018946,0.03572762108203789,-0.0972117296654248,-0.10717169875218158,0
2023-10-13,1154.73,18.692857142857115,0.016188076124165056,0.03237615224833011,-0.06863942220259278,-0.10958405861110387,0
2023-10-16,1141.42,18.0685714285714,0.01582990610692944,0.03165981221385888,-0.05663121375129232,-0.09920099525152881,0
2023-10-17,1121.65,17.979285714285684,0.016029319051652193,0.032058638103304386,-0.02852048321668965,-0.08332367494316406,0
2023-10-18,1103.4,19.26499999999997,0.01745967011056731,0.03491934022113462,-0.020944353815479544,-0.06816204458945085,1
2023-10-19,1087.85,19.575714285714266,0.017994865363528307,0.035989730727056614,0.023514271269017062,-0.05484211977754272,1
2023-10-20,1108.03,21.188571428571418,0.019122741648305026,0.03824548329661005,0.005288665469346698,-0.07205581076324641,0
2023-10-23,1093.53,20.01142857142856,0.018299844148243358,0.036599688296486715,0.007452927674595156,-0.05975144714822633,1
2023-10-24,1105.9,19.42142857142856,0.017561649852092014,0.03512329970418403,-0.005271724387376886,-0.07026855954426259,0
2023-10-25,1101.66,18.81571428571429,0.017079420407125873,0.034158840814251745,0.0073253090790261766,-0.0666902674146288,1
2023-10-26,1055.45,20.97428571428572,0.019872363176167245,0.03974472635233449,0.06352740537211621,-0.02582784594248899,2
2023-10-27,1060.62,21.98,0.02072372763100828,0.04144745526201656,0.06120005279930618,-0.03057645528087327,2
2023-10-30,1042.4,22.3542857142857,0.021445016993750673,0.042890033987501346,0.05639869531849584,-0.013632003069838916,2
2023-10-31,1028.19,22.965,0.02233536603157004,0.04467073206314008,0.07340083058578672,0.01115552572968026,2
2023-11-01,1039.66,23.752857142857142,0.022846754845677567,0.04569350969135513,0.06809918627243516,0.03444395283073298,2
2023-11-02,1075.47,25.16,0.02339442290347476,0.04678884580694952,0.035658828233237516,0.0012180720987102767,1
2023-11-03,1076.78,24.752857142857156,0.02298785001844124,0.04597570003688248,0.010875016252159142,0.003259718791210897,1
2023-11-06,1089.66,23.79857142857145,0.02184036436004942,0.04368072872009884,0.005460418846245485,-0.008599012536020467,1
2023-11-07,1080.29,21.946428571428587,0.02031531215824324,0.04063062431648648,0.007192513121476729,0.007192513121476729,1
2023-11-08,1113.43,23.505714285714298,0.021111084024783143,0.042222168049566286,-0.01616626101326535,-0.02278544677258576,1
2023-11-09,1113.89,21.949999999999996,0.019705716004273306,0.03941143200854661,-0.009956099794414253,-0.023189004300245175,1
2023-11-10,1101.68,21.471428571428564,0.01948971441019948,0.03897942882039896,-0.006853169704451378,-0.012362936605911035,1
2023-11-13,1100.07,21.156428571428574,0.019231893035378273,0.038463786070756546,0.0018998790986028968,-0.010917487069004639,1
2023-11-14,1109.73,21.497857142857146,0.019372151012279695,0.03874430202455939,0.009696052192875726,-0.019527272399592732,1
2023-11-15,1122.5,19.43142857142857,0.017310849506840597,0.034621699013681194,-0.005817371937639204,-0.030681514476614713,1
2023-11-16,1125.53,18.442142857142862,0.016385296577739253,0.032770593155478506,0.0007996232885840726,-0.03329098291471577,1
2023-11-17,1101.19,19.546428571428578,0.017750277946066144,0.03550055589213229,0.018434602566314684,-0.011923464615552382,1
2023-11-20,1103.66,19.889285714285716,0.018021207359409343,0.03604241471881869,0.018828262327166057,-0.014134787887574163,1
2023-11-21,1110.46,19.13642857142856,0.017232884184417773,0.034465768368835546,0.01354393674693366,-0.02017182068692258,1
2023-11-22,1113.82,17.45071428571428,0.01566744562470981,0.03133489124941962,0.012398771794365437,-0.023127614874934865,1
2023-11-23,1088.49,18.80285714285713,0.017274258048174194,0.03454851609634839,0.023619877077419194,-0.00039504267379586455,1
2023-11-24,1095.61,19.475714285714258,0.017776137754962312,0.035552275509924625,0.013252891083506135,-0.00689113827000476,1
2023-11-27,1088.06,19.524285714285675,0.01794412598044747,0.03588825196089494,0.013087513556237607,0.005578736466739009,1
2023-11-28,1095.43,18.192142857142812,0.01660730750220718,0.03321461500441436,-0.003240736514428133,-0.003240736514428133,1
2023-11-29,1102.8,17.992142857142817,0.016314964505932915,0.03262992901186583,-0.005894087776568746,-0.009902067464635289,1
2023-11-30,1094.13,17.887142857142813,0.016348279324342456,0.03269655864868491,0.006059609004414268,-0.00205642839516329,1
2023-12-01,1102.16,17.701428571428533,0.016060670475637414,0.03212134095127483,0.0002449735065688241,-0.009327139435290621,1
2023-12-04,1120.49,18.149285714285675,0.0161976329233511,0.0323952658467022,-0.015555694383707186,-0.025533471963158916,1
2023-12-05,1115.97,17.259285714285674,0.015465725525135688,0.030931451050271376,0.001514377626638863,-0.02158660179037064,1
2023-12-06,1126.43,17.25214285714282,0.015315770049752599,0.030631540099505198,-0.0037108386672940474,-0.03067212343421244,1
2023-12-07,1121.49,16.297857142857115,0.014532324980924587,0.029064649961849175,0.0004458354510517015,-0.026402375411283097,1
2023-12-08,1124.44,15.018571428571395,0.013356489833669554,0.02671297966733911,0.003993098786951643,-0.028956636192237872,1
2023-12-11,1125.5,14.998571428571413,0.013326140762835552,0.026652281525671104,0.003936028431808181,-0.029871168369613454,1
2023-12-12,1127.63,14.584999999999988,0.012934207142413723,0.025868414284827446,0.0036270762572829796,-0.03170366166206995,1
2023-12-13,1114.2,13.804999999999998,0.012390055645306047,0.024780111290612094,0.026898222940226146,-0.020032310177705903,2
2023-12-14,1110.13,13.105000000000002,0.011804923747669192,0.023609847495338385,0.036563285380991406,-0.016439516092709883,2
2023-12-15,1102.3,13.057857142857156,0.011846010290172508,0.023692020580345016,0.04751882427651277,-0.009452961988569264,2
2023-12-18,1091.88,12.580000000000009,0.011521412609444268,0.023042825218888535,0.06256181998021759,0.0040480638898046095,2
2023-12-19,1096.3,12.877142857142871,0.011746002788600631,0.023492005577201262,0.05681838912706372,0.004068229499224696,2
2023-12-20,1100.76,12.560714285714296,0.011410947241646041,0.022821894483292082,0.055216395944620134,0.001517133616773858,2
2023-12-21,1102.43,12.263571428571433,0.011124127090673723,0.022248254181347446,0.05423473599230788,0.0005714648549113299,2
2023-12-22,1103.06,11.087142857142876,0.010051260001398724,0.02010252000279745,0.04681522310663078,0.013235907384911094,2
2023-12-25,1117.66,11.422142857142878,0.01021969369677977,0.02043938739355954,0.0326217275378915,0.003874165667555385,2
2023-12-26,1122.25,11.06428571428572,0.009859020462718396,0.02,0.036417910447761104,-0.00023167743372687344,2
2023-12-27,1121.99,9.932857142857156,0.008852892755601346,0.02,0.03613222934250748,0.006185438372890983,2
2023-12-28,1128.93,10.079285714285723,0.008928175984592245,0.02,0.03554693382229179,0.0008857945133888823,2
2023-12-29,1129.93,9.885714285714275,0.008748961692949364,0.02,0.045639995397944944,0.0015841689308186968,2
2024-01-02,1131.72,10.214285714285698,0.009025453039873553,0.02,0.0451878556533416,0.01100095429965009,2
2024-01-03,1144.17,9.979999999999986,0.008722480051041353,0.02,0.029130286583287424,0.00572467378099395,2
2024-01-04,1150.72,10.223571428571404,0.008884499642459855,0.02,0.019335720244716414,0.0029546718576194397,1
2024-01-05,1154.68,9.95714285714283,0.008623292043806794,0.02,0.013588180275054373,-0.00048498285239217953,1
2024-01-08,1160.19,9.642142857142826,0.008310830861447543,0.02,0.013342642153440387,-0.005231901671278072,1
2024-01-09,1158.59,9.167857142857104,0.007912943442336897,0.02,0.014759319517689828,-0.0038581379090101287,1
2024-01-10,1161.54,9.258571428571388,0.007970944976988643,0.02,0.015591370077655542,-0.006388071009177487,1
2024-01-11,1162.22,9.523571428571374,0.00819429318766789,0.02,0.0017982825970985772,-0.0069694205916265295,1
2024-01-12,1154.7,10.24785714285708,0.00887490875799522,0.02,0.01586559279466515,-0.0005022949683901601,1
2024-01-15,1154.12,9.846428571428516,0.008531546608176375,0.02,0.015968876719925085,0.007286937233563329,1
2024-01-16,1163.12,10.55785714285709,0.00907718648364493,0.02,0.01972281449893387,-0.0005072563450030376,1
2024-01-17,1162.53,10.809999999999945,0.009298684765124294,0.02,0.02232200459342981,0.0015311432823239546,2
2024-01-18,1169.06,10.604285714285668,0.00907077969846344,0.02,0.025208286999811813,-0.004063093425487163,2
2024-01-19,1181.5,11.05571428571425,0.009357354452572367,0.02,0.01777401608125273,-0.01454930173508262,1
2024-01-22,1182.86,11.084285714285686,0.009370750312197291,0.02,0.02269076644742407,-0.015682329269736006,2
2024-01-23,1177.5,10.734999999999966,0.009116772823779163,0.02,0.04031422505307858,-0.011201698513800484,2
2024-01-24,1172.97,10.191428571428544,0.008688567117171406,0.02,0.04867132151717435,-0.007382968021347636,2
2024-01-25,1170.37,10.089285714285682,0.008620594952267815,0.02,0.05098387689363193,-0.005177849739825824,2
2024-01-26,1175.67,9.982857142857126,0.008491206837681599,0.02,0.04392389020728604,-0.009662575382547889,2
2024-01-29,1175.69,9.854999999999986,0.008382311663788913,0.02,0.03088399152837895,-0.00967942229669394,2
2024-01-30,1179.65,9.542857142857136,0.008089566517913902,0.02,0.03774000762938168,-0.013003857076251513,2
2024-01-31,1164.31,10.094999999999995,0.008670371292868734,0.02,0.06282691035892518,0.007077152991900704,2
2024-02-01,1173.02,9.850714285714275,0.008397737707553388,0.02,0.06950435627696039,-0.0004006751803038444,2
2024-02-02,1172.55,9.774999999999977,0.008336531491194387,0.02,0.06838087928020142,0.011521896720822156,2
2024-02-05,1186.06,9.809999999999993,0.008271082407298107,0.02,0.06089068006677567,0.0020403689526669044,2
2024-02-06,1188.48,9.612142857142853,0.008087761558581427,0.02,0.06136409531502429,0.008456179321486124,2
2024-02-07,1198.53,9.886428571428562,0.008248795250372174,0.02,0.05961469466763458,0.00331239101232339,2
2024-02-15,1202.5,9.642857142857126,0.008019008019008005,0.02,0.050087318087318033,0.0059875259875259434,2
2024-02-16,1209.7,9.380714285714264,0.007754579057381387,0.02,0.048574026618169786,0.0019012978424401972,2
2024-02-19,1224.97,9.724999999999975,0.007938969933957546,0.02,0.018269835179636873,-0.01058801440035273,1
2024-02-20,1230.06,9.689999999999973,0.007877664504170507,0.02,0.004414418808838638,-0.014682210623871983,1
2024-02-21,1230.04,10.116428571428546,0.00822447121347968,0.02,0.01216220610711849,-0.014666189717407518,1
2024-02-22,1227.31,10.08428571428567,0.008216575856373427,0.02,0.035198930995429034,-0.012474435961574493,2
2024-02-23,1212.0,11.775714285714246,0.009715935879302183,0.02,0.043118811881188046,0.01004125412541268,2
2024-02-26,1224.17,12.411428571428539,0.010138647876870483,0.020277295753740966,0.032356617136508836,0.009247081696169612,2
2024-02-27,1237.46,11.984999999999966,0.009685161540575022,0.02,0.004929452265123757,-0.0015919706495564068,1
2024-02-28,1254.55,12.426428571428541,0.009905088335601244,0.02,-0.009636921605356452,-0.015192698577178976,1
2024-02-29,1252.73,13.006428571428549,0.010382467548017967,0.020764935096035934,0.005867186065632524,-0.013761943914490704,1
2024-03-01,1258.28,12.648571428571406,0.010052270900412792,0.020104541800825583,0.014416505070413699,-0.01811202594017225,1
2024-03-04,1261.41,13.110714285714266,0.010393697755459577,0.020787395510919154,0.016164450892255378,-0.02054843389540284,1
2024-03-05,1269.98,13.19142857142856,0.010387115207663554,0.020774230415327107,-0.0016693176270493604,-0.027157907998551112,1
2024-03-06,1262.73,14.061428571428564,0.01113573651645923,0.02227147303291846,0.015426892526509972,-0.021572307619206033,1
2024-03-07,1268.46,14.196428571428571,0.011191861447289288,0.022383722894578576,0.011533670750358604,-0.025992147958942335,1
2024-03-08,1247.35,14.99428571428572,0.012020912906790974,0.024041825813581948,0.03433679400328704,-0.009508157293462105,2
2024-03-11,1235.49,15.902142857142865,0.012871122273059973,0.025742244546119945,0.039336619478911095,0.005641486373827442,2
2024-03-12,1245.0,16.18,0.012995983935742972,0.025991967871485944,0.02933333333333321,-0.002040160642570288,2
2024-03-13,1270.51,17.57785714285715,0.013835276497514504,0.027670552995029008,0.01301052333314967,-0.02207774830579845,1
2024-03-14,1264.26,16.755000000000013,0.013252811921598415,0.02650562384319683,0.005702940850774496,-0.0172432885640611,1
2024-03-15,1263.78,17.08214285714288,0.013516706117475257,0.027033412234950514,0.0035370080235483936,-0.016870024846096565,1
2024-03-18,1243.56,19.56785714285718,0.015735354259430328,0.031470708518860656,0.009287851008395132,-0.0008845572388946898,1
2024-03-19,1242.46,19.039285714285743,0.015323862107662012,0.030647724215324024,0.006350305040001114,0.006350305040001114,1
2024-03-20,1260.08,19.710714285714307,0.015642430866067477,0.031284861732134954,0.002174465113326196,-0.007721731953526767,1
2024-03-21,1276.42,20.100000000000023,0.015747167860108758,0.031494335720217516,-0.013992259601071866,-0.02042431174691728,1
2024-03-22,1281.8,20.327142857142867,0.015858279651383107,0.03171655930276621,-0.01841160867530034,-0.024535809018567667,1
2024-03-25,1267.86,21.052857142857142,0.01660503300274253,0.03321006600548506,0.006893505592100002,-0.013810673102708448,1
2024-03-26,1282.21,20.829285714285707,0.016244831746972575,0.03248966349394515,-0.05116166618572626,-0.05116166618572626,0
2024-03-27,1283.09,20.838571428571413,0.01624092731497511,0.03248185462995022,-0.05253723433274349,-0.05253723433274349,0
2024-03-28,1290.18,19.68571428571428,0.015258114593091102,0.030516229186182204,-0.07531507231549095,-0.07531507231549095,0
2024-03-29,1284.09,18.956428571428564,0.014762538896361288,0.029525077792722575,-0.08507191863498664,-0.08507191863498664,0
2024-04-01,1281.52,18.77928571428572,0.014653915439701074,0.02930783087940215,-0.0712435233160621,-0.08323709345152641,0
2024-04-02,1287.04,18.282857142857146,0.014205352702990698,0.028410705405981396,-0.08518771755345589,-0.08716900795624072,0
2024-04-03,1271.47,18.267142857142858,0.014366947593842449,0.028733895187684898,-0.05179831218982767,-0.0759907823228233,0
2024-04-04,1268.25,17.783571428571413,0.014022133986652011,0.028044267973304022,-0.04989552533017938,-0.07364478612260994,0
2024-04-05,1255.11,15.387857142857131,0.012260166155043887,0.024520332310087774,-0.03632350949319174,-0.06394658635498085,0
2024-04-08,1250.35,15.437857142857151,0.012346828602277085,0.02469365720455417,-0.02718438837125603,-0.06038309273403453,0
2024-04-09,1262.82,14.65428571428572,0.011604413704475475,0.02320882740895095,-0.03309260227110744,-0.06966155113159445,0
2024-04-10,1258.56,14.212857142857144,0.011292951581853186,0.022585903163706372,-0.013491609458428644,-0.06651252224764814,1
2024-04-11,1258.2,14.143571428571445,0.011241115425664795,0.02248223085132959,-0.007606103958035293,-0.06624542997933569,1
2024-04-12,1276.6,13.99071428571431,0.010959356325955124,0.021918712651910248,-0.020476265079116263,-0.07970390098699676,0
2024-04-15,1216.61,17.356428571428605,0.014266222184125238,0.028532444368250476,0.026327253598112943,-0.03432488636457043,1
2024-04-16,1215.68,18.85285714285718,0.015508075433384755,0.03101615086676951,0.023871413529876317,-0.033586141089760546,1
2024-04-17,1193.01,20.113571428571454,0.016859516205707793,0.033719032411415585,0.039538645945968565,-0.015222001492024462,2
2024-04-19,1174.85,21.307142857142885,0.01813605384273983,0.03627210768547966,0.058245733497893415,0.002170489849768309,2
2024-04-22,1190.22,21.758571428571468,0.018281134100058365,0.03656226820011673,0.053914402379392046,-0.010771117944581632,2
2024-04-23,1177.4,22.08928571428576,0.018761071610570546,0.03752214322114109,0.07761168676745367,0.023416001358926408,2
2024-04-24,1205.61,22.99571428571432,0.019073924640401394,0.03814784928080279,0.055988254908303725,-0.0005308516020934295,2
2024-04-25,1204.97,22.688571428571468,0.0188291587579537,0.0376583175159074,0.06025876162892008,0.0037760276189449105,2
2024-04-26,1209.52,22.915714285714312,0.018946122664953297,0.03789224532990659,0.05590647529598525,0.0056551359216878705,2
2024-05-02,1216.36,22.812142857142867,0.018754433602833756,0.03750886720566751,0.04155842020454492,0.0038393238843763555,2
2024-05-03,1221.03,22.402857142857165,0.018347507549247084,0.03669501509849417,0.049138841797498944,0.015683480340368483,2
2024-05-06,1241.58,23.145000000000014,0.018641569612912592,0.037283139225825185,0.016390405773288874,-0.0011275954831745372,1
2024-05-07,1248.63,22.90357142857145,0.018342961028144002,0.036685922056288005,0.01525672136661771,-0.006767417089129757,1
2024-05-08,1250.46,22.665714285714298,0.018125901096967753,0.036251802193935506,0.02500679749852064,-0.008220974681317217,1
2024-05-09,1248.64,18.973571428571436,0.015195389726879992,0.030390779453759984,0.019220912352639674,-0.0067753716043055245,1
2024-05-10,1244.7,17.85357142857143,0.01434367432198235,0.0286873486439647,0.017369647304571245,-0.0036313971238048914,1
2024-05-13,1240.18,16.93785714285715,0.01365757966009543,0.02731515932019086,0.017368446515828362,0.002499637149445899,1
2024-05-14,1243.28,15.889285714285718,0.012780134574903254,0.025560269149806508,0.029534778971752162,0.008936040151856561,2
2024-05-15,1254.39,15.575714285714282,0.012416963054324636,0.024833926108649273,0.02322244278095309,0.005843477706295452,1
2024-05-16,1268.78,15.152857142857133,0.011942856242104331,0.023885712484208663,0.012271631015621232,-0.005564400447674145,1
2024-05-17,1273.11,13.562857142857151,0.010653327004624229,0.021306654009248457,0.008208245948896797,-0.00894659534525677,1
2024-05-20,1277.58,13.840000000000016,0.010832981104901468,0.021665962209802936,0.007827298486200451,-0.012414095399113867,1
2024-05-21,1277.14,13.563571428571452,0.010620269844004143,0.021240539688008285,0.010593983431730347,-0.012073852514211447,1
2024-05-22,1266.91,14.214285714285747,0.011219649157624256,0.02243929831524851,0.013813135897577489,-0.004096581446195957,1
2024-05-23,1281.03,14.882142857142883,0.011617325790295998,0.023234651580591997,0.014956714518785663,-0.015073807795289662,1
2024-05-24,1261.93,15.89928571428574,0.012599181978624599,0.025198363957249198,0.03136465572575342,-0.00016641176610432407,2
2024-05-27,1267.68,15.890000000000018,0.0125347090748454,0.0250694181496908,0.009647545121797219,-0.004701501956329679,1
2024-05-28,1281.73,15.689285714285736,0.012240710379163893,0.024481420758327786,-0.005430160798296058,-0.015611712295101166,1
2024-05-29,1272.64,15.72642857142861,0.012357326951399145,0.02471465390279829,0.00539036962534567,-0.008580588383203525,1
2024-05-30,1266.32,16.140714285714335,0.012746157595011005,0.02549231519002201,0.010637121738581001,-0.003632573125276317,1
2024-05-31,1261.72,15.712142857142892,0.012452955376107926,0.024905910752215852,0.016311067431759696,0.010343023808768947,1
2024-06-03,1280.0,16.45642857142861,0.012856584821428601,0.025713169642857202,0.0015781249999999858,-0.00408593749999997,1
2024-06-04,1283.52,16.075714285714316,0.012524708836414171,0.025049417672828343,-0.02290575916230375,-0.02290575916230375,1
2024-06-05,1284.35,15.585714285714321,0.012135098910510626,0.02427019782102125,-0.021637404134386973,-0.02353719780433683,1
2024-06-06,1283.56,15.99071428571431,0.012458096454948978,0.024916192909897956,-0.01738913646420892,-0.022936208669637637,1
2024-06-07,1287.58,15.835000000000004,0.012298264962177112,0.024596529924354224,-0.02212678047189298,-0.025986734804827716,1
2024-06-10,1290.67,15.545714285714293,0.012044685539846972,0.024089371079693944,-0.035136789419448866,-0.035136789419448866,0
2024-06-11,1284.41,15.385000000000007,0.01197826239284964,0.02395652478569928,-0.023240242601661576,-0.030434207145693448,1
2024-06-12,1300.19,15.449285714285711,0.011882329285939524,0.02376465857187905,-0.02338119813258066,-0.04220152439258884,1
2024-06-13,1301.51,13.565000000000007,0.01042250923926824,0.02084501847853648,-0.01894722284116146,-0.043172929904495616,1
2024-06-14,1279.91,14.614999999999993,0.011418771632380396,0.02283754326476079,-1.5626098710086467e-05,-0.027025337719058462,1
2024-06-17,1274.77,14.365714285714278,0.011269259776833686,0.022538519553667372,0.006487444793962904,-0.02310220667257623,1
2024-06-18,1279.5,14.202857142857122,0.01110031820465582,0.02220063640931164,0.0031731144978506265,-0.026713559984368973,1
2024-06-19,1279.79,13.677142857142826,0.010687021196557893,0.021374042393115786,0.01087678447245266,-0.02693410637682747,1
2024-06-20,1282.3,13.917142857142835,0.010853265894987784,0.02170653178997557,0.0028386493020355896,-0.02883880527177729,1
2024-06-21,1282.02,12.907142857142828,0.010067817083308239,0.020135634166616477,0.0013884338777865324,-0.02862669849144328,1
2024-06-24,1254.12,14.540714285714248,0.011594356429778848,0.023188712859557696,0.021234012694160143,-0.007016872388607154,1
2024-06-25,1256.56,14.498571428571381,0.011538304122820543,0.023076608245641086,0.018510855032787932,-0.008945056344305091,1
2024-06-26,1261.24,14.605714285714255,0.01158044011109246,0.02316088022218492,0.0158098379372682,-0.01262249849354613,1
2024-06-27,1259.09,14.424999999999986,0.011456686972337154,0.02291337394467431,0.007600727509550653,-0.010936469990231013,1
2024-06-28,1245.32,15.3185714285714,0.012300911756473356,0.02460182351294671,0.023383548003726107,0.00741977965502838,1
2024-07-01,1254.56,15.143571428571395,0.012070822781350748,0.024141645562701496,0.008146282361943591,0.008146282361943591,1
2024-07-02,1269.79,14.87714285714284,0.011716223042505327,0.023432446085010654,-0.01193110671843367,-0.01193110671843367,1
2024-07-03,1276.85,14.984285714285695,0.011735353185014447,0.023470706370028894,-0.03527430786701646,-0.03527430786701646,0
2024-07-04,1279.89,13.801428571428573,0.01078329276065019,0.02156658552130038,-0.03236215612279181,-0.037565728304776336,0
2024-07-05,1283.04,13.62214285714286,0.010617083533750203,0.021234167067500406,-0.0388530365382217,-0.039928607058236754,0
2024-07-08,1283.56,13.458571428571434,0.010485346558455727,0.020970693116911455,-0.03229299760042381,-0.04031755430209727,0
2024-07-09,1293.71,13.252142857142871,0.010243518916250837,0.020487037832501675,-0.03641465243369857,-0.04784688995215314,0
2024-07-10,1285.94,13.18214285714287,0.010250978161611636,0.020501956323223273,-0.0317899746488951,-0.04209372132447864,0
2024-07-11,1283.8,13.246428571428591,0.010318140342287422,0.020636280684574845,-0.025151892818195964,-0.04049696214363607,0
2024-07-12,1280.75,11.77000000000003,0.009189927776693366,0.02,-0.041998828811243394,-0.041998828811243394,0
2024-07-15,1279.82,11.79000000000003,0.009212232970261466,0.02,-0.033770373958837974,-0.04130268318982344,0
2024-07-16,1281.18,11.574285714285745,0.00903408241955521,0.02,-0.07267519005916434,-0.07267519005916434,0
2024-07-17,1268.66,13.5007142857143,0.010641711952543865,0.02128342390508773,-0.0460170573676163,-0.06352371793861256,0
2024-07-18,1274.44,13.215000000000032,0.010369260224098452,0.020738520448196903,-0.04594959354696959,-0.06777094253162186,0
2024-07-19,1264.78,13.555714285714316,0.010717843645309316,0.02143568729061863,-0.044640174575815594,-0.06065086418191312,0
2024-07-22,1254.64,14.02000000000003,0.011174520181087826,0.02234904036217565,-0.024708282854045804,-0.053059044825607526,0
2024-07-23,1231.81,15.235714285714314,0.012368558694696679,0.024737117389393357,-0.0012420746706066632,-0.035508722936167136,1
2024-07-24,1238.47,16.321428571428587,0.013178703215603597,0.026357406431207195,-0.006499955590365536,-0.04069537413098423,1
2024-07-25,1233.19,16.62285714285716,0.013479558821314769,0.026959117642629538,-0.0022948612946911418,-0.03658803590687576,1
2024-07-26,1242.11,16.58428571428572,0.013351704530424616,0.026703409060849233,-0.014934265081192444,-0.04350661374596454,1
2024-07-29,1246.6,16.368571428571435,0.013130572299511822,0.026261144599023643,0.0045162842932777725,-0.046951708647521184,1
2024-07-30,1245.06,16.350000000000005,0.013131897257963477,0.026263794515926954,0.01330056382824929,-0.04577289447898092,1
2024-07-31,1251.51,16.43500000000001,0.013132136379253869,0.026264272758507737,0.016811691476696033,-0.05069076555520935,1
2024-08-01,1226.96,18.137142857142862,0.014782179416723334,0.029564358833446668,0.04652963421790424,-0.03169622481580503,2
2024-08-02,1236.6,19.332142857142863,0.01563330329705876,0.03126660659411752,0.03734433123079417,-0.039244703218502375,2
2024-08-05,1188.07,22.18714285714285,0.018674945800451866,0.03734989160090373,0.08185544622791596,0.017044450242830855,2
2024-08-06,1210.28,21.63499999999999,0.01787602868757642,0.03575205737515284,0.057623029381630664,-0.0016194599596788262,2
2024-08-07,1215.88,21.22214285714285,0.017454142561061,0.034908285122122,0.053196039082804125,-0.006217718853834375,2
2024-08-08,1208.32,21.08857142857143,0.017452803420096856,0.03490560684019371,0.060513771186440746,0.012612552966101642,2
2024-08-09,1223.64,20.680714285714284,0.016900979279620053,0.033801958559240106,0.04726063221208854,-6.537870615552777e-05,2
2024-08-12,1230.28,19.492857142857133,0.015844244515766437,0.031688489031532874,0.0435591897779366,-0.005462171213057254,2
2024-08-13,1230.42,18.40642857142856,0.014959467963320296,0.02991893592664059,0.03688171518668404,-0.005575332000455235,2
2024-08-14,1230.36,18.071428571428555,0.014687919447501996,0.029375838895003992,0.030763353815143724,-0.0055268376735264635,2
2024-08-15,1223.56,18.106428571428573,0.014798153397813409,0.029596306795626817,0.041191277910360036,0.023431625747817986,2
2024-08-16,1252.23,19.68571428571428,0.01572052601016928,0.03144105202033856,0.012377917794654358,0.007498622457535742,1
2024-08-19,1261.62,19.674999999999986,0.015595028614004207,0.031190057228008414,-0.005064916535882369,-0.005064916535882369,1
2024-08-20,1272.55,19.933571428571423,0.015664273646278277,0.031328547292556554,-0.015150681702094215,-0.015150681702094215,1
2024-08-21,1284.05,18.49071428571428,0.014400307064144137,0.028800614128288275,-0.021572368677232223,-0.023971029165530955,1
2024-08-22,1282.78,17.145714285714284,0.013366059874424518,0.026732119748849037,-0.02422083287859178,-0.02422083287859178,1
2024-08-23,1285.32,14.21214285714286,0.011057279788023885,0.02211455957604777,-0.03583543397753086,-0.03583543397753086,0
2024-08-26,1280.02,13.149285714285725,0.010272718953052082,0.020545437906104164,-0.0164606803018702,-0.031843252449180515,1
2024-08-27,1280.56,12.830714285714294,0.010019611955483768,0.020039223910967536,-0.012229024801649113,-0.03225151496220402,1
2024-08-28,1281.44,12.218571428571424,0.00953503201755168,0.02,-0.00793638406792363,-0.03291609439380705,1
2024-08-29,1281.47,11.594285714285709,0.00904764505941279,0.02,-0.007358736451106962,-0.03293873442218709,1
2024-08-30,1283.87,11.242142857142849,0.0087564495292692,0.02,-0.01198719496522227,-0.034746508602895854,1
2024-09-04,1275.8,11.734999999999982,0.009198150180279027,0.02,0.0009327480796363918,-0.028640852798244243,1
2024-09-05,1268.21,12.347857142857135,0.009736445180890495,0.02,0.01519464442008811,-0.0228274497125871,1
2024-09-06,1273.96,12.497142857142844,0.009809682295474617,0.02,0.01376024364972217,-0.027237903858833956,1
2024-09-09,1267.73,11.16214285714284,0.008804826624867156,0.02,0.018292538632043165,-0.02245746333998566,1
2024-09-10,1255.23,11.73357142857141,0.00934774617286984,0.02,0.02605896927256368,-0.012722767938943447,2
2024-09-11,1253.27,11.572142857142824,0.009233559294599587,0.02,0.03106273987249364,-0.011178756373327325,2
2024-09-12,1256.35,11.037857142857124,0.008785654588973714,0.02,0.02506467146893776,-0.013602897281808302,2
2024-09-13,1251.71,11.007142857142835,0.008793684525283679,0.02,0.021083158239528332,-0.009946393333919223,2
2024-09-16,1239.26,11.375714285714269,0.009179441187252287,0.02,0.02528928554137133,0.0158885141132612,2
2024-09-17,1258.95,11.984999999999982,0.009519837960204917,0.02,0.00872155367568217,0.004726160689463521,1
2024-09-18,1264.9,12.386428571428544,0.009792417243599133,0.02,0.005597280417424244,0.0028302632619179313,1
2024-09-19,1271.27,12.217142857142838,0.00961018733797135,0.02,0.008322386275142035,-0.0021946557379628473,1
2024-09-20,1272.04,12.50785714285712,0.009832911813195434,0.02,0.011257507625546337,-0.0027986541303731682,1
2024-09-23,1268.48,12.775714285714278,0.010071671832204117,0.020143343664408234,0.015695951059535806,0.0011431004036326353,1
2024-09-24,1276.99,12.409285714285716,0.00971760602219729,0.02,0.007321905418209873,-0.0055286259093649814,1
2024-09-25,1287.48,12.072857142857142,0.009377122085669013,0.02,-0.0049709510050641725,-0.013631279709199307,1
2024-09-26,1291.49,12.053571428571429,0.00933307375865971,0.02,-0.009299336425369176,-0.016693896197415348,1
2024-09-27,1290.92,12.204285714285707,0.009453944252382569,0.02,-0.0034084219006600414,-0.01625972174883028,1
2024-09-30,1287.94,11.382857142857135,0.00883803371496897,0.02,-0.0019255555383015377,-0.013983570663229639,1
2024-10-01,1292.2,11.540714285714282,0.008931058880757067,0.02,-0.00961925398545127,-0.017234174276427816,1
2024-10-02,1287.84,11.6042857142857,0.009010657934437276,0.02,-0.013938066840601171,-0.013938066840601171,1
2024-10-03,1278.1,12.69571428571427,0.009933271485575676,0.02,-0.0056333620217509095,-0.006423597527579816,1
2024-10-04,1270.6,12.16499999999998,0.00957421690539901,0.02,-0.010380922398866566,-0.010380922398866566,1
2024-10-07,1269.93,11.714999999999966,0.009224917908861091,0.02,-0.01355192805902694,-0.01355192805902694,1
2024-10-08,1271.98,11.36071428571425,0.008931519588133657,0.02,-0.013530086951052733,-0.015141747511753345,1
2024-10-09,1281.85,11.687857142857101,0.009117960091162853,0.02,-0.015657058158130788,-0.022724967819947595,1
2024-10-10,1286.36,11.719999999999962,0.009110979819024194,0.02,-0.021556951397742274,-0.026151310675083028,0
2024-10-11,1288.39,11.483571428571379,0.00891311747884676,0.02,-0.01855804531236671,-0.0276857162815608,1
2024-10-14,1286.34,11.571428571428523,0.00899562213056309,0.02,-0.024449212494363715,-0.026136169286502753,0
2024-10-15,1281.08,11.770714285714234,0.009188118061100193,0.02,-0.02839010834608291,-0.02839010834608291,0
2024-10-16,1279.48,11.463571428571365,0.008959554997789231,0.02,-0.026354456497952317,-0.02717510238534404,0
2024-10-17,1286.52,11.577857142857088,0.008999360400815446,0.02,-0.019618816652675397,-0.032498523147716285,1
2024-10-18,1285.46,11.61571428571423,0.009036231610251761,0.02,-0.020000622345308305,-0.031700714141241315,0
2024-10-21,1279.77,11.162857142857092,0.008722549475966066,0.02,-0.02126163294967065,-0.0273955476374661,0
2024-10-22,1269.89,11.607142857142808,0.009140274241975924,0.02,-0.01541078361117909,-0.019828489081731515,1
2024-10-23,1270.9,10.685714285714246,0.008407989838472142,0.02,-0.02052089070737284,-0.02060744354394528,0
2024-10-24,1257.41,11.254999999999947,0.008950938834588517,0.02,-0.009042396672525377,-0.010100126450402036,1
2024-10-25,1252.72,10.969999999999962,0.008756944887923846,0.02,-0.016627817868318462,-0.016627817868318462,1
2024-10-28,1254.77,10.6385714285714,0.008478503174742302,0.02,-0.0288499087482168,-0.0288499087482168,0
2024-10-29,1261.78,10.394285714285697,0.008237795585827717,0.02,-0.03539444277132309,-0.03539444277132309,0
2024-10-30,1258.63,10.200714285714266,0.008104617151755691,0.02,-0.04249064458975238,-0.04249064458975238,0
2024-10-31,1264.48,10.666428571428566,0.008435426872254655,0.02,-0.037912817917246655,-0.04692047323801085,0
2024-11-01,1254.89,10.580714285714294,0.008431587059992742,0.02,-0.021165201730829142,-0.039636940289587086,0
2024-11-04,1244.71,10.606428571428589,0.008521204594988865,0.02,-0.013344473813177493,-0.03178250355504486,1
2024-11-05,1245.76,10.498571428571463,0.00842744302961362,0.02,-0.008878114564603079,-0.032598574364243404,1
2024-11-06,1261.28,10.640000000000034,0.008435874667004975,0.02,-0.015182988709881884,-0.044502410249904756,1
2024-11-07,1259.75,10.547142857142896,0.008372409491679219,0.02,-0.014113911490374997,-0.04334193292319899,1
2024-11-08,1252.56,10.9314285714286,0.008727269409392445,0.02,-0.008342913712716449,-0.037850482212428815,1
2024-11-11,1250.32,10.775000000000025,0.008617793844775758,0.02,0.00011197133533813464,-0.03612675155160272,1
2024-11-12,1244.82,11.072142857142873,0.008894573397875093,0.02,0.00513327228032967,-0.03186806124580244,1
2024-11-13,1246.04,10.766428571428605,0.008640516011868484,0.02,0.0030416359025391415,-0.03281596096433492,1
2024-11-14,1231.89,11.152857142857167,0.009053452128726725,0.02,0.006916201933614197,-0.021706483533432408,1
2024-11-15,1218.57,11.911428571428603,0.009774923534494205,0.02,0.04017824170954487,-0.011012908573163505,2
2024-11-18,1217.12,12.852142857142894,0.010559470600386893,0.021118941200773785,0.04356185092677811,-0.009834691731299916,2
2024-11-19,1205.15,13.315000000000039,0.01104841720947603,0.02209683441895206,0.056997054308592254,0.009451105671492988,2
2024-11-20,1216.54,14.201428571428599,0.011673622381038518,0.023347244762077037,0.04564584806089389,0.009502359149719641,2
2024-11-21,1228.33,14.49785714285716,0.011802900802599596,0.023605801605199192,0.03299601898512616,-0.00018724609836118233,2
2024-11-22,1228.1,13.96142857142859,0.011368315749066518,0.022736631498133035,0.03195993811578868,0.0053741551990882375,2
2024-11-25,1234.7,14.17928571428573,0.011483992641358815,0.02296798528271763,0.022572284765530082,0.004624605167247164,1
2024-11-26,1242.13,13.854285714285718,0.011153651964195146,0.022307303928390292,0.017437788315232572,-0.0013847181856971869,1
2024-11-27,1241.97,13.766428571428573,0.011084348713276949,0.022168697426553897,0.015902155446588795,-0.0012560689871735642,1
2024-11-28,1242.11,13.49714285714286,0.010866302386377102,0.021732604772754203,0.01923340122855466,-0.0013686388484109857,1
2024-11-29,1250.46,13.30714285714287,0.010641798104012019,0.021283596208024037,0.003366761031940335,-0.008037042368408409,1
2024-12-02,1251.21,13.035714285714302,0.010418486333800324,0.020836972667600647,0.005027133734544886,-0.008631644568058094,1
2024-12-03,1249.83,12.785714285714286,0.010229962703499105,0.02045992540699821,0.010345406975348803,-0.007537025035404654,1
2024-12-04,1240.41,12.402142857142865,0.009998422180684502,0.02,0.016083391781749334,0.011496198837481097,1
2024-12-05,1267.53,13.532857142857145,0.010676557669528252,0.021353115339056504,0.005135973113062464,-0.010145716472193866,1
2024-12-06,1270.14,12.660714285714269,0.009967967535637227,0.02,0.0021493693608576336,-0.012179759711527849,1
2024-12-09,1273.84,12.142857142857126,0.009532482213509646,0.02,0.0010205363310935578,-0.015048985743892351,1
2024-12-10,1272.07,10.875714285714269,0.008549619349339477,0.02,-3.930601303381298e-05,-0.013678492535788012,1
2024-12-11,1268.86,10.734999999999982,0.00846035023564458,0.02,-0.001639266743375889,-0.01118326686947324,1
2024-12-12,1267.35,10.91785714285712,0.008614713491030197,0.02,0.0018621533120291023,-0.010005128812088038,1
2024-12-13,1262.57,10.803571428571397,0.008556809862876037,0.02,-0.006320441638879459,-0.006320441638879459,1
2024-12-16,1263.79,10.540714285714248,0.008340558388430237,0.02,-0.013799761036248137,-0.013799761036248137,1
2024-12-17,1261.72,10.450714285714266,0.008282910856381975,0.02,-0.011706242272453427,-0.012181783596994622,1
2024-12-18,1266.0,10.128571428571409,0.00800045136538026,0.02,-0.01183254344391782,-0.015521327014218045,1
2024-12-19,1254.67,10.60642857142854,0.008453560355654107,0.02,-0.007093498688898303,-0.007093498688898303,1
2024-12-20,1257.5,10.23428571428568,0.008138596989491594,0.02,-0.021487077534791288,-0.021487077534791288,0
2024-12-23,1262.76,10.147142857142837,0.00803568600299569,0.02,-0.021468846019829457,-0.02556305236149381,0
2024-12-24,1260.36,10.094285714285693,0.008009049568603965,0.02,-0.024826240121869958,-0.024826240121869958,0
2024-12-25,1274.04,9.525714285714262,0.007476778033432437,0.02,-0.029716492417820373,-0.035297164924178226,0
2024-12-26,1272.87,9.283571428571415,0.0072934167892804574,0.02,-0.02396945485399138,-0.03441042683070539,0
2024-12-27,1275.14,9.044999999999991,0.007093338770644784,0.02,-0.020413444798218383,-0.03612936618724227,0
2024-12-30,1272.02,9.0,0.007075360450307385,0.02,-0.017664816590934107,-0.033765192371189134,1
2024-12-31,1266.78,8.511428571428578,0.006718947703175436,0.02,-0.01633274917507388,-0.02976838914412927,1
2025-01-02,1269.71,8.385000000000007,0.006603870175079354,0.02,-0.021406462893101663,-0.032007308755542696,0
2025-01-03,1254.59,8.974285714285738,0.007153162159977155,0.02,0.004017248662909978,-0.020341306721717856,1
2025-01-06,1246.35,9.477857142857179,0.00760449082750205,0.02,0.015003811128495137,-0.01386448429413889,1
2025-01-07,1246.95,9.919285714285738,0.007954838377068637,0.02,0.004875897189141387,-0.014338987128593828,1
2025-01-08,1251.02,10.37000000000002,0.008289235983437532,0.02,0.010919090022541766,-0.017545682722898137,1
2025-01-09,1245.77,9.92357142857145,0.00796581345559088,0.02,0.01913675879175125,-0.013405363750933152,1
2025-01-10,1230.48,10.796428571428594,0.008774160141919084,0.02,0.03332033027761527,-0.0011458942851571008,2
2025-01-13,1235.65,11.302142857142892,0.009146718615419326,0.02,0.032007445474041996,-0.005325132521345144,2
2025-01-14,1229.07,11.279285714285752,0.009177089762410402,0.02,0.02781778092378806,0.005784861724718704,2
2025-01-15,1236.18,10.255000000000043,0.008295717452151016,0.02,0.026104612596870913,0.004999271950686612,2
2025-01-16,1242.36,10.587857142857192,0.008522374467028231,0.02,0.01976077787436825,0.00013683634373284903,1
2025-01-17,1249.11,10.860714285714314,0.008694762099186073,0.02,0.017004106924130014,-0.005267750638454527,1
2025-01-20,1249.55,10.80000000000002,0.00864311152014727,0.02,0.02123164339162087,-0.005618022488095731,2
2025-01-21,1246.09,11.186428571428596,0.0089772236126031,0.02,0.021370848012583377,-0.002856936497363738,2
2025-01-22,1242.53,11.095714285714312,0.008929936730472755,0.02,0.028659267784278963,0.008450500189130183,2
2025-01-23,1259.63,11.520000000000014,0.009145542738740752,0.02,0.022967061756229867,-0.005239633860737003,2
2025-01-24,1265.05,10.907142857142876,0.008621906531080097,0.02,0.022078178728113462,-0.00950160072724393,2
2025-02-03,1253.03,11.21000000000002,0.008946314134537897,0.02,0.0348914231901869,0.008164209955068946,2
2025-02-04,1264.68,11.231428571428605,0.008880846199377396,0.02,0.03153366859600837,-0.00112281367618694,2
2025-02-05,1269.61,11.000000000000032,0.008664077945195794,0.02,0.026425437732847223,-0.005001535904726628,2
2025-02-06,1271.48,10.276428571428612,0.008082257346893865,0.02,0.024758549092396276,-0.006464907037468159,2
2025-02-07,1275.2,9.951428571428599,0.007803817888510507,0.02,0.02556461731493087,-0.00936323713927234,2
2025-02-10,1263.26,10.16500000000003,0.008046641229833945,0.02,0.03332647277678391,0.0028893497775597243,2
2025-02-11,1268.45,9.94714285714289,0.007841966854935463,0.02,0.032259844692341,-0.0012140801765934128,2
2025-02-12,1266.91,9.692142857142878,0.0076502220813971615,0.02,0.03551949230805662,0.0027152678564379418,2
2025-02-13,1270.35,9.502142857142903,0.007479940848697527,0.02,0.02704766402959824,0.0018656275829496138,2
2025-02-14,1276.08,9.840000000000048,0.007711115290577431,0.02,0.0330230079618834,-0.0026330637577580696,2
2025-02-17,1272.72,9.460000000000036,0.007432899616569266,0.02,0.04190238229932741,0.004258595763404482,2
2025-02-18,1278.14,9.784285714285732,0.00765509702715331,0.02,0.040793653277418684,0.008152471560235908,2
2025-02-19,1288.56,9.024285714285725,0.00700338805665683,0.02,0.03413112311417388,0.0034301856335754444,2
2025-02-20,1292.98,9.048571428571433,0.006998230002452809,0.02,0.03204225896765611,0.0029157450231247495,2
2025-02-21,1296.75,8.370000000000005,0.006454598033545406,0.02,0.02276460381723533,0.004788895315211095,2
2025-02-24,1304.56,8.242857142857133,0.006318496000840999,0.02,0.016549641258355452,-0.001226467161341671,1
2025-02-25,1303.16,8.550714285714289,0.0065615229793074435,0.02,0.025399797415512904,-0.00015347309616631222,2
2025-02-26,1302.96,8.414999999999996,0.006458371707496773,0.02,0.021497206360901355,0.0013430957205133875,2
2025-02-27,1307.8,8.501428571428553,0.006500557096978554,0.02,0.012868940204924462,-0.0023627465973389272,1
2025-02-28,1305.36,8.227857142857115,0.006303132578642762,0.02,0.0142259606545323,-0.0004979469265182779,1
2025-03-03,1309.37,8.23714285714282,0.00629092071541491,0.02,0.009554213094847386,-0.0035589634709821683,1
2025-03-04,1311.91,8.855714285714255,0.00675024528032735,0.02,0.014032974822967947,-0.0054881813539038315,1
2025-03-05,1304.71,9.426428571428525,0.00722492245129456,0.02,0.020855209203577862,0.010354791486230752,2
2025-03-06,1318.22,9.659285714285668,0.0073275217446903155,0.02,0.0059701718984690455,0.0027764713022107035,1
2025-03-07,1326.05,9.879285714285661,0.007450160789024291,0.02,-0.0016892274046981237,-0.0031446778024960542,1
2025-03-10,1330.28,9.784285714285668,0.007355057367084875,0.02,-0.009637068887752953,-0.009637068887752953,1
2025-03-11,1332.54,10.227142857142812,0.00767492372247198,0.02,-0.019271466522580938,-0.019271466522580938,1
2025-03-12,1334.41,10.505714285714248,0.00787292832466352,0.02,-0.012799664271101241,-0.020645828493491614,1
2025-03-13,1326.27,11.23928571428569,0.008474357192943888,0.02,-0.006363711763064828,-0.014635029066479732,1
2025-03-14,1326.15,11.178571428571413,0.008429341649565594,0.02,-0.0726237605097464,-0.0726237605097464,0
2025-03-17,1336.26,11.084285714285686,0.008295006745906998,0.02,-0.09398620029036264,-0.09398620029036264,0
2025-03-18,1330.97,11.469285714285693,0.008617238340673112,0.02,-0.14889892334162302,-0.14889892334162302,0
2025-03-19,1324.63,11.375,0.008587303624408325,0.02,-0.17388251813714029,-0.17388251813714029,0
2025-03-20,1323.93,11.96000000000002,0.00903371024147804,0.02,-0.11752131910297381,-0.17344572598249164,0
2025-03-21,1321.88,11.89428571428573,0.008998007167281242,0.02,-0.0752110630314401,-0.1721638877961692,0
2025-03-24,1330.32,11.798571428571433,0.008868972449163685,0.02,-0.06681099284382697,-0.17741596006975768,0
2025-03-25,1331.92,11.297142857142862,0.008481847901632877,0.02,-0.0781803711934651,-0.1784041083548562,0
2025-03-26,1326.09,11.393571428571429,0.008591853817291006,0.02,-0.08731684878100276,-0.17479205785429341,0
2025-03-27,1323.81,11.176428571428573,0.008442622862365879,0.02,-0.08049493507376437,-0.17337080094575508,0
2025-03-28,1317.46,11.162142857142856,0.00847247192107757,0.02,-0.07464363244424888,-0.16938654684013188,0
2025-03-31,1306.86,10.92928571428573,0.008363011886725226,0.02,-0.07635860000306072,-0.16264940391472682,0
2025-04-01,1317.33,10.889285714285734,0.00826617910036645,0.02,-0.09124517015478262,-0.16930457819984357,0
2025-04-02,1317.83,10.252857142857156,0.007780106040124414,0.02,-0.08106508426731818,-0.1696197536859838,0
2025-04-03,1229.84,15.924285714285718,0.012948258077705815,0.02589651615541163,-0.005277109217459164,-0.11020945814089633,0
2025-04-04,1210.67,20.321428571428573,0.01678527474161297,0.03357054948322594,0.01533035426664564,-0.09612033006517062,0
2025-04-08,1132.79,25.250714285714285,0.022290728454271564,0.04458145690854313,0.08298978627989295,-0.03397805418480038,2
2025-04-09,1094.3,29.366428571428564,0.026835811542930244,0.05367162308586049,0.12062505711413696,0.06765969112674775,2
2025-04-10,1168.34,33.49499999999999,0.028668880634061995,0.05733776126812399,0.06137768115445841,0.02464179947618006,2
2025-04-11,1222.46,37.035714285714285,0.030296054092333723,0.06059210818466745,0.015943261947221288,-0.020720514372658316,1
2025-04-14,1241.44,37.52785714285715,0.030229295932833765,0.06045859186566753,0.007193259440649413,-0.035692421703827804,1
2025-04-15,1227.79,38.718571428571444,0.0315351741165602,0.0630703482331204,0.034215948981503264,-0.02497169711432723,1
2025-04-16,1210.3,39.650714285714294,0.03276106278254507,0.06552212556509014,0.047095761381475754,-0.010881599603403957,1
2025-04-17,1217.25,40.64642857142859,0.033392013613825086,0.06678402722765017,0.05422879441363726,-0.016529061408913415,1
2025-04-18,1219.12,41.20357142857146,0.033797797943247145,0.06759559588649429,0.06095380274296236,-0.01803760089244688,1
2025-04-21,1207.07,41.759285714285724,0.03459557914146299,0.06919115828292598,0.08504892011233811,-0.008234816539222978,2
2025-04-22,1197.13,46.00857142857142,0.038432393665325755,0.07686478733065151,0.09695688855846885,0.01158604328686108,2
2025-04-23,1211.0,46.86714285714283,0.03870119145924263,0.07740238291848527,0.0746407927332784,0.010198183319570564,1
2025-04-24,1223.35,41.57214285714286,0.0339822151119,0.0679644302238,0.0596231658969224,0.002411411288674614,1
2025-04-25,1229.23,37.17071428571429,0.030239023035326416,0.06047804607065283,0.06989741545520367,-0.0023836059972504042,2
2025-04-28,1226.8,32.31714285714286,0.02634263356467465,0.0526852671293493,0.07845614607107931,-0.0004075643951744201,2
2025-04-29,1226.3,27.964285714285715,0.022803788399482765,0.04560757679896553,0.07138546848242688,0.011212590720052207,2
2025-05-05,1240.05,23.757857142857137,0.01915878968013962,0.03831757936027924,0.06000564493367211,0.0015321962824079716,2
2025-05-06,1241.95,20.67571428571427,0.01664778315207075,0.0332955663041415,0.07291758927493053,0.006779661016949046,2
2025-05-07,1250.37,19.969285714285693,0.015970701243860373,0.031941402487720746,0.07153082687524503,0.013539992162320047,2
2025-05-08,1269.8,19.727142857142844,0.015535629907972,0.031071259815944,0.056756969601512,-0.001968813986454543,2
2025-05-09,1267.3,18.78642857142857,0.014823978987949633,0.029647957975899267,0.058833741024224784,0.012593703148425783,2
2025-05-12,1283.26,18.558571428571423,0.014462050892704068,0.028924101785408135,0.03844895032962925,0.00792512818914326,2
2025-05-13,1293.43,18.059999999999995,0.013962873908908865,0.02792574781781773,0.03314442992662903,0.00221117493795564,2
2025-05-14,1309.73,17.852142857142862,0.013630399286221482,0.027260798572442964,0.028647125743473723,-0.010261656982736955,2
2025-05-15,1313.2,13.885000000000023,0.010573408467864774,0.021146816935729548,0.024779165397502245,-0.012876941821504784,2
2025-05-16,1301.39,13.837142857142892,0.010632587354400211,0.021265174708800422,0.031274252914191614,-0.003918886728805471,2
2025-05-19,1296.29,13.855000000000018,0.01068819477123176,0.02137638954246352,0.025920125897754387,0.013538637187666236,2
2025-05-20,1315.15,14.592857142857172,0.011095964067108064,0.022191928134216127,-0.003482492491350908,-0.003482492491350908,1
2025-05-21,1323.05,15.073571428571443,0.011393047449885826,0.022786094899771653,-0.00515475605608251,-0.009432750085030861,1
2025-05-22,1313.84,15.95428571428574,0.012143248579953221,0.024286497159906443,0.001035133654021969,-0.0024888875357730322,1
2025-05-23,1314.46,15.685714285714312,0.011933200162587155,0.02386640032517431,0.006489356846157257,-0.0029593901678256485,1
2025-05-26,1332.51,18.02000000000003,0.013523350669038155,0.02704670133807631,-0.012772887257881727,-0.016465167240771184,1
2025-05-27,1339.81,17.992857142857183,0.013429409500494236,0.026858819000988472,-0.0012688366260887873,-0.02182398996872692,1
2025-05-28,1341.87,17.264285714285734,0.012865840740374057,0.025731681480748114,0.004337230879295495,-0.023325657477997086,1
2025-05-29,1341.86,17.117857142857165,0.012756813037766358,0.025513626075532717,0.003703814108774406,-0.023318378966509123,1
2025-05-30,1332.6,17.155714285714307,0.012873866340773156,0.02574773268154631,0.014588023412877016,-0.016531592375806703,1
2025-06-02,1336.3,17.365714285714294,0.01299537101378006,0.02599074202756012,0.009765771159170766,-0.019254658385093215,1
2025-06-03,1347.25,17.105714285714303,0.012696763247885918,0.025393526495771836,0.008112822416032728,-0.027225830395249617,1
2025-06-04,1345.74,16.752857142857156,0.012448806710699806,0.024897613421399612,0.01562708992821782,-0.02613432015099504,1
2025-06-05,1342.09,16.245714285714307,0.012104787522233462,0.024209575044466924,0.018374326609988945,-0.023485757289004483,1
2025-06-06,1329.89,16.59785714285717,0.012480624068800553,0.024961248137601106,0.026904480821722032,-0.014527517313462135,2
2025-06-09,1310.57,16.750000000000018,0.012780698474709492,0.025561396949418985,0.046445439770481656,0.0035328139664421165,2
2025-06-10,1316.23,17.12142857142859,0.013007930659101063,0.026015861318202126,0.045463178927694914,-0.0007825380062754794,2
2025-06-11,1315.2,16.88500000000001,0.012838351581508521,0.025676703163017043,0.04762773722627722,0.00022049878345486995,2
2025-06-12,1322.99,17.309999999999995,0.013083999123198206,0.02616799824639641,0.04656119849734308,-0.0056689770897738745,2
2025-06-13,1315.49,15.799285714285702,0.012010190662251861,0.024020381324503723,0.0505287003321957,0.01719511360785697,2
2025-06-16,1338.11,17.305,0.012932419606758788,0.025864839213517576,0.0365141879217703,0.006516654086734297,2
2025-06-17,1347.69,17.592857142857156,0.013054083018243925,0.02610816603648785,0.04034310561034049,-0.0006381289465678952,2
2025-06-18,1346.83,17.56857142857143,0.013044386766385833,0.026088773532771666,0.0509566908964012,0.0018710601931943849,2
2025-06-19,1352.04,17.196428571428587,0.012718875603849433,0.025437751207698867,0.05863731842253195,-0.001989586106919905,2
2025-06-20,1349.35,17.274285714285742,0.01280193108851354,0.02560386217702708,0.07136028458146537,0.006543891503316468,2
2025-06-23,1358.18,17.64428571428573,0.012991124677351844,0.02598224935470369,0.0733187059152689,0.0055147329514497745,2
2025-06-24,1366.77,18.08000000000001,0.013228268106557804,0.026456536213115608,0.07583572949362383,-0.0008048171967485196,2
2025-06-25,1366.75,17.801428571428573,0.013024641354621235,0.02604928270924247,0.06870312785805743,-0.0007901957197731235,2
2025-06-26,1365.67,17.265000000000004,0.012642146345749708,0.025284292691499417,0.08040009665585379,0.004225032401678375,2
2025-06-27,1371.44,16.456428571428578,0.01199937917184024,0.02399875834368048,0.08645657119524008,0.003376013533220368,2
2025-06-30,1376.07,15.184285714285725,0.011034530012488991,0.022069060024977983,0.08808418176400923,0.0012862717739650087,2
2025-07-01,1377.84,14.941428571428592,0.010844095520110167,0.021688191040220333,0.07781019566858283,0.0029901875399176436,2
2025-07-02,1384.59,14.587857142857176,0.010535867760750241,0.021071735521500483,0.09024332112755395,-0.0018994792682309747,2
2025-07-03,1381.96,14.07571428571433,0.010185326844275037,0.020370653688550074,0.09432255636921472,0.0036252858259284704,2
2025-07-04,1386.97,12.457857142857165,0.008982066766301481,0.02,0.09664953099201856,0.010879831575304477,2
2025-07-07,1402.06,12.490000000000009,0.00890832061395376,0.02,0.09205740125244288,0.009557365590630917,2
2025-07-08,1415.46,12.669285714285738,0.008950649057045582,0.02,0.10029248442202543,0.011204838003193274,2
2025-07-09,1431.32,13.022857142857154,0.009098494496588571,0.02,0.04337953776933201,0.010004750859346823,2
2025-07-10,1445.64,13.049285714285734,0.009026649590690444,0.02,0.04288066185218997,0.008383829999169867,2
2025-07-11,1457.76,12.942142857142878,0.008878102607523102,0.02,0.03070464273954565,0.0019824936889474287,2
2025-07-14,1470.42,13.692142857142878,0.009311722403900163,0.02,0.01685912868432138,-0.0066443601147970766,1
2025-07-15,1460.65,14.312142857142865,0.00979847523851906,0.02,0.046239687810221364,0.010146167802005834,2
2025-07-16,1475.47,14.774285714285725,0.01001327422061155,0.0200265484412231,0.04858113008058451,0.006492846347265546,2
2025-07-17,1490.01,15.331428571428578,0.010289480319882804,0.02057896063976561,0.056174119636781095,-0.003328836719216688,2
2025-07-18,1497.28,16.120714285714307,0.010766666412237062,0.021533332824474123,0.05645570634751018,-0.008168144902756969,2
2025-07-21,1485.05,17.418571428571454,0.0117292828043308,0.0234585656086616,0.06727046227399747,0.005629440086192483,2
2025-07-22,1509.54,18.881428571428597,0.012508067736812935,0.02501613547362587,0.0578454363580958,-0.010685374352451649,2
2025-07-23,1512.31,18.945714285714285,0.012527665813037199,0.025055331626074397,0.06341953699968927,-0.012497437694652502,2
2025-07-24,1521.02,19.935714285714294,0.013106806147002863,0.026213612294005727,0.059552142641122296,-0.018152292540531967,2
2025-07-25,1531.13,19.890714285714303,0.012990872287600859,0.025981744575201717,0.07155499533024634,-0.024635399998693797,2
2025-07-28,1557.42,20.75714285714285,0.0133279031071534,0.0266558062143068,0.046602714746182716,-0.04110002439932714,2
2025-07-29,1493.41,25.01928571428571,0.016753125875871803,0.033506251751743606,0.09572722828961888,0.0012052952638592629,2
2025-07-30,1507.63,26.080714285714276,0.017299147858369942,0.034598295716739884,0.09721881363464502,-0.008238095553948943,2
2025-07-31,1502.52,27.65857142857143,0.01840812197413108,0.03681624394826216,0.10771237654074484,-0.004865159864760549,2
2025-08-01,1495.21,27.875,0.01864286621946081,0.03728573243892162,0.12893840998923234,0.02205710234682745,2
2025-08-04,1528.19,29.370714285714307,0.019219281820790808,0.038438563641581616,0.07674438387896787,0.012406834228728236,2
2025-08-05,1547.15,32.761428571428596,0.021175340834068187,0.042350681668136374,0.04322787060078204,0.017167049090262676,2
2025-08-06,1573.71,33.34714285714286,0.02119014485333566,0.04238028970667132,0.0596806273074455,0.005147072840612221,2
2025-08-07,1581.81,33.61500000000001,0.021250971987786152,0.042501943975572304,0.05751006758080934,0.0019850677388562055,2
2025-08-08,1584.95,33.363571428571426,0.021050235924522178,0.042100471849044356,0.060512949935329186,0.007514432631944068,2
2025-08-11,1596.86,32.2142857142857,0.02017351910266755,0.0403470382053351,0.05344864296181262,0.007113961148754511,2
2025-08-12,1608.22,32.27285714285714,0.020067439245163684,0.04013487849032737,0.0454415440673539,0.0021017025033887027,2
2025-08-13,1611.6,32.912142857142854,0.0204220295713222,0.0408440591426444,0.05255026061057344,0.0015078183172003712,2
2025-08-14,1640.69,33.980714285714285,0.02071123386240806,0.04142246772481612,0.0160176511102037,-0.01624926098166024,1
2025-08-15,1630.0,35.67500000000002,0.021886503067484672,0.043773006134969344,-0.003355828220858892,-0.009797546012270009,1
2025-08-18,1636.37,31.432142857142885,0.019208457046476585,0.03841691409295317,0.0005805532978482297,-0.013652169130453307,1
2025-08-19,1654.2,31.390000000000036,0.018975940031435157,0.03795188006287031,-0.006613468746221818,-0.024283641639463283,1
2025-08-20,1664.36,32.14571428571431,0.019314159367993893,0.038628318735987786,-0.003971496551226861,-0.030239851955105812,1
2025-08-21,1688.0,32.15142857142861,0.019047054840893727,0.038094109681787454,-0.012286729857819867,-0.04382109004739343,1
2025-08-22,1645.47,33.77357142857146,0.020525182123388126,0.04105036424677625,0.02396275836083306,-0.019107002862404077,1
2025-08-25,1614.03,32.777857142857165,0.02030808420094866,0.04061616840189732,0.0414304566829613,0.006505455288935202,2
2025-08-26,1667.63,35.423571428571464,0.021241865059138696,0.04248373011827739,0.0020028423571174514,-0.025845061554421678,1
2025-08-27,1672.78,36.01714285714287,0.021531308873338317,0.043062617746676635,-0.004543335047047403,-0.028844199476320886,1
2025-08-28,1680.86,35.83214285714288,0.021317743808016657,0.042635487616033314,-0.013231322061325712,-0.03351260664183808,1
2025-08-29,1682.21,35.76142857142861,0.021258599444438333,0.042517198888876666,-0.028391223450104364,-0.03428822798580444,1
2025-09-03,1681.3,35.63928571428575,0.021197457749530572,0.042394915499061145,-0.027383572235769926,-0.03376553857134357,1
2025-09-04,1696.29,34.845714285714315,0.020542309561286286,0.04108461912257257,-0.022891133002022057,-0.04230408715490863,1
2025-09-05,1666.97,36.014285714285734,0.021604639384203515,0.04320927876840703,-0.0005279039214863834,-0.025459366395316096,1
2025-09-08,1624.53,35.451428571428586,0.021822575496561213,0.043645150993122425,0.02226490123297209,0.0061063815380448805,1
2025-09-09,1637.32,35.96642857142857,0.021966645842858193,0.043933291685716386,0.017809591283316717,-0.0017528644370067292,1
2025-09-10,1643.26,35.115714285714276,0.021369542425248758,0.042739084850497516,0.011221596095566166,-0.0053612940131202436,1
2025-09-11,1657.75,35.29357142857142,0.021290044595730008,0.042580089191460016,0.004403559040868643,-0.01405519529482735,1
2025-09-12,1667.26,34.401428571428546,0.020633511612722998,0.041267023225445995,-0.0087268932260115,-0.019678994278036988,1
2025-09-15,1684.9,31.389285714285702,0.018629761834106296,0.03725952366821259,-0.02319425485192006,-0.02994242981779338,1
2025-09-16,1680.9,29.094999999999978,0.01730917960616335,0.0346183592123267,0.008685823070973875,-0.027634005592242272,1
2025-09-17,1670.97,25.817857142857115,0.015450820267782854,0.030901640535565707,0.008575857136872589,-0.021855568921045898,1
2025-09-18,1665.18,25.587142857142844,0.01536599217930965,0.0307319843586193,0.019607489880973716,-0.018454461379550535,1
2025-09-19,1658.62,26.219285714285693,0.015807891930813382,0.031615783861626764,0.034878392880828724,-0.014572355331540554,2
2025-09-22,1634.45,28.16642857142855,0.017232970461885374,0.03446594092377075,0.06919758940316312,0.0004955795527548101,2
2025-09-23,1635.26,28.280714285714257,0.017294322790084915,0.03458864558016983,0.07941244817337911,0.006457688685591156,2
2025-09-24,1657.46,29.568571428571413,0.01783968930084069,0.03567937860168138,0.06250527916209125,-0.007022793913578629,2
2025-09-25,1666.09,27.26142857142856,0.01636251857428384,0.03272503714856768,0.055135076736550825,-0.0121662095084899,2
2025-09-26,1660.7,25.16571428571428,0.015153678741322502,0.030307357482645004,0.06391882940928517,-0.008960077075931938,2
2025-09-29,1666.48,24.84428571428571,0.014908241151580404,0.029816482303160807,0.038830348999087994,-0.01239738850751293,2
2025-09-30,1661.7,25.81785714285713,0.015537014589190063,0.031074029178380126,-0.01520731780706508,-0.01520731780706508,1
2025-10-01,1665.05,22.88142857142855,0.01374218706430951,0.02748437412861902,-0.0009729437554427678,-0.017188673012822342,1
2025-10-02,1652.71,23.74071428571428,0.01436471872604043,0.02872943745208086,0.015604673536192104,-0.009850487986398093,1
2025-10-03,1645.82,23.66071428571427,0.014376246664710764,0.02875249332942153,0.025057418186678948,-0.005705362676355796,1
2025-10-06,1695.5,25.792142857142853,0.015212116105657831,0.030424232211315662,-0.007266293128870505,-0.03483928044824536,1
2025-10-07,1685.3,26.284285714285716,0.015596205847199738,0.031192411694399475,-0.01943867560671686,-0.028997804545184747,1
2025-10-08,1697.83,26.127857142857156,0.015388971300340526,0.030777942600681053,-0.010207146769700137,-0.03616380909749495,1
2025-10-09,1716.47,25.162857142857174,0.014659654490237041,0.029319308980474083,-0.017850588708220982,-0.04663058486312022,1
2025-10-10,1747.55,24.305000000000014,0.013908042688335107,0.027816085376670213,-0.044622471460044055,-0.0635861634860232,0
2025-10-13,1765.12,25.290714285714312,0.01432804244794366,0.02865608489588732,-0.07108298585931827,-0.07290722443799846,0
2025-10-14,1761.06,25.331428571428578,0.014384193935146207,0.028768387870292414,-0.08180300500834725,-0.08180300500834725,0
2025-10-15,1757.95,26.12357142857143,0.01486024712225685,0.0297204942445137,-0.0602804402855599,-0.08017861713928154,0
2025-10-16,1766.85,26.227857142857147,0.014844416415008149,0.029688832830016297,-0.06336700908396287,-0.08481195347652593,0
2025-10-17,1731.19,27.944285714285716,0.016141663083939783,0.032283326167879565,-0.05114978714063734,-0.06596040873618725,0
2025-10-20,1636.43,32.51071428571429,0.01986685301889741,0.03973370603779482,0.0037948460979082554,-0.011873407356257304,1
2025-10-21,1663.43,35.540714285714294,0.021365921190380294,0.04273184238076059,-0.012498271643531678,-0.02791220550308704,1
2025-10-22,1678.5,37.08285714285715,0.02209285501510703,0.04418571003021406,-0.02136431337503719,-0.03663985701519212,1
2025-10-23,1687.06,37.91928571428572,0.0224765483825624,0.0449530967651248,-0.026329828221877016,-0.04152786504332984,1
2025-10-24,1683.18,36.61142857142858,0.021751344818396478,0.043502689636792956,-0.024085362231015095,-0.03931843296617121,1
2025-10-27,1652.54,37.99571428571431,0.02299231140287939,0.04598462280575878,-0.005990777832911687,-0.021506287291079174,1
2025-10-28,1680.5,40.52642857142858,0.024115696858928046,0.04823139371785609,-0.022529009223445362,-0.037786373103243065,1
2025-10-29,1685.83,40.561428571428564,0.02406021281589992,0.04812042563179984,-0.02561942781893778,-0.04082855329422297,1
2025-10-30,1669.57,40.394999999999996,0.024194852566828583,0.04838970513365717,-0.016129901711218975,-0.03148714938576991,1
2025-10-31,1639.65,40.55571428571428,0.024734372753767133,0.049468745507534266,0.001823559906077632,-0.013813923703229425,1
2025-11-03,1617.0,40.30857142857144,0.02492799717289514,0.04985599434579028,0.015856524427953156,0.015856524427953156,1
2025-11-04,1651.98,42.70428571428574,0.025850364843573007,0.051700729687146015,-0.005653821474836174,-0.005653821474836174,1
2025-11-05,1654.89,42.998571428571445,0.025982736875908033,0.051965473751816066,-0.007402304684903549,-0.007402304684903549,1
2025-11-06,1642.64,41.336428571428605,0.025164630455503705,0.05032926091100741,0.0,0.0,1
