date,close,z_score,max_dd_future,risk_eta
2015-01-05,544.45,0.48658885095194115,-0.01977264898380988,1.036588211806926
2015-01-06,549.66,0.3968957790027824,-0.01977264898380988,1.0143236778327873
2015-01-07,552.05,0.3493533448626113,-0.01977264898380988,1.0018773348521555
2015-01-08,553.47,0.38597274649695584,-0.01977264898380988,1.0115017106415534
2015-01-09,569.73,0.17025459072912735,-0.01977264898380988,0.9517252774177434
2015-01-12,574.32,0.02441474821819413,-0.01977264898380988,0.9084597245791763
2015-01-13,580.6,-0.12436597626583651,-0.022937508565163744,0.8481938372036136
2015-01-14,577.01,-0.241749112732133,-0.045035631081266216,0.7036776913072826
2015-01-15,577.74,-0.1997901490374892,-0.045035631081266216,0.7156697537698975
2015-01-16,574.81,-0.09079449362829418,-0.045035631081266216,0.7476580982315317
2015-01-19,571.51,-0.4255363264053765,-0.045035631081266216,0.6543465801175896
2015-01-20,572.22,-0.4288984093372228,-0.045035631081266216,0.6535017598781987
2015-01-21,569.12,-0.29859533906944535,-0.045035631081266216,0.6878138556108289
2015-01-22,574.54,-0.33056196842184327,-0.045035631081266216,0.679114152556866
2015-01-23,582.38,-0.4647340440755143,-0.045035631081266216,0.6446414288028688
2015-01-26,580.64,-0.36226606087642715,-0.045035631081266216,0.670659300973955
2015-01-27,579.3,-0.18264944133525846,-0.045035631081266216,0.7206283228641659
2015-01-28,583.76,-0.32751336136858,-0.045035631081266216,0.6799364481243311
2015-01-29,583.28,-0.24307903255386204,-0.044249759978055046,0.7072306277383464
2015-01-30,576.07,-0.0995393802671906,-0.03228774280903366,0.808797707060027
2015-02-02,570.37,0.01908111971453246,-0.022616897803180352,0.8926391522767927
2015-02-03,557.47,0.34065842995340356,-0.010419633135103487,1.0463213604183033
2015-02-04,561.45,0.31475293501975077,-0.010419633135103487,1.0393282810947067
2015-02-05,567.17,0.17423139884418748,-0.010419633135103487,0.9996486914011352
2015-02-06,574.13,0.017756841831702494,-0.010693049517813353,0.9518612451481804
2015-02-09,573.55,-0.026262418182922364,-0.019903729242658826,0.8926044391895892
2015-02-10,574.52,-0.022446432451089814,-0.019903729242658826,0.8937485547697801
2015-02-11,581.76,-0.18578450315575123,-0.023068338913039894,0.8295554747155379
2015-02-12,584.67,-0.2094730339672915,-0.023068338913039894,0.8227196900190903
2015-02-13,587.24,-0.28133182502048554,-0.023801195889338538,0.798752840625266
2015-02-24,596.95,-0.5058921208782056,-0.03262879128566437,0.69683453376272
2015-02-25,592.66,-0.4093251087968023,-0.03262879128566437,0.7204861973684504
2015-02-26,596.72,-0.5157432048055164,-0.03615982944419467,0.6768784732735655
2015-02-27,592.57,-0.4971201475602386,-0.04438781458718496,0.6401061394743881
2015-03-02,590.73,-0.4406428285740464,-0.04438781458718496,0.6538077850747126
2015-03-03,596.72,-0.5986833115813195,-0.049134729092756374,0.5934927610322172
2015-03-04,600.39,-0.7074035785808153,-0.0548976498609238,0.5427979198023221
2015-03-05,596.91,-0.727699633305205,-0.060277093699217674,0.5121177339926601
2015-03-06,593.97,-0.7379730717307524,-0.06365641362358378,0.4933422387015978
2015-03-09,588.44,-0.6963832841004494,-0.06485093104500901,0.4951252191343729
2015-03-10,589.66,-0.8067915839935472,-0.07541634162059478,0.4225733310784853
2015-03-11,586.54,-0.6687689151296642,-0.07364110580599106,0.4565436228137564
2015-03-12,588.53,-0.8776591830265508,-0.08431175980833604,0.3668677918504091
2015-03-13,586.1,-0.7223706856255891,-0.08051527043166704,0.41191096404706445
2015-03-16,580.8,-0.6089839625855027,-0.07365580308030807,0.468697538011356
2015-03-17,581.76,-0.6988808629147312,-0.07365580308030807,0.45062390379623546
2015-03-18,578.68,-0.5702597258441479,-0.06872537499135963,0.5017081261275602
2015-03-19,573.74,-0.48479234207014865,-0.06348185736132365,0.5475686879192634
2015-03-20,575.44,-0.47697968269459873,-0.06348185736132365,0.5494442686826162
2015-03-23,570.89,-0.34325173086737476,-0.05601779677345902,0.6207978239978504
2015-03-24,567.43,-0.201601088501873,-0.050261706289762585,0.6890174042481368
2015-03-25,560.93,-0.09515054798264573,-0.03925623518086033,0.7752594946223115
2015-03-26,556.16,0.07361937697503157,-0.03101625431530495,0.8669647275043707
2015-03-27,551.42,0.21243109408546204,-0.02268688114323019,0.9493532791140786
2015-03-30,545.19,0.32397415401809104,-0.0221726271478599,0.9830656461133844
2015-03-31,551.13,0.17096737320141395,-0.0221726271478599,0.939933115829575
2015-04-01,538.91,0.33475708036600366,-0.01069819819819827,1.0433456268860908
2015-04-02,546.85,0.19820358588972814,-0.01069819819819827,1.0052034925752455
2015-04-03,547.85,0.16647700712055807,-0.012440174549549637,0.9872859032148488
2015-04-06,542.97,0.30940564241771695,-0.012440174549549637,1.0277680146212784
2015-04-07,548.11,0.17774874768250937,-0.012440174549549637,0.9905691688692225
2015-04-08,547.72,-0.0293746048237905,-0.040892454954954964,0.7867278775424846
2015-04-09,550.52,0.03538465630083679,-0.040892454954954964,0.8061486939127709
2015-04-10,554.03,-0.06474662275319203,-0.040892454954954964,0.7761408355569175
2015-04-13,559.54,-0.05951932091468812,-0.040892454954954964,0.7777029841301399
2015-04-14,558.67,-0.00631858909436695,-0.040892454954954964,0.7936421737232064
2015-04-15,564.5,-0.13269065732315327,-0.040892454954954964,0.7559625202344327
2015-04-16,568.28,-0.31925514790122794,-0.04207136824324338,0.6969931787749392
2015-04-17,568.32,-0.3414955545658984,-0.044869087837837836,0.677010988004015
2015-04-20,565.04,-0.27967297099586325,-0.04056418686038484,0.7153983514720385
2015-04-21,562.24,-0.33487197177229144,-0.0500733513618607,0.6527657502858693
2015-04-22,562.51,-0.466539097703913,-0.06507944924615999,0.5439831335073646
2015-04-23,561.25,-0.3335153144906063,-0.06507944924615999,0.5780999844686932
2015-04-24,565.77,-0.19454143311222064,-0.06507944924615999,0.6169656146515836
2015-04-27,562.4,-0.07259153342589308,-0.05947724039829291,0.6808745098552171
2015-05-04,545.08,0.3457221146290319,-0.04609475032010234,0.8692991238171096
2015-05-05,552.65,0.22254055414343285,-0.04609475032010234,0.8352077017465626
2015-05-06,549.3,0.34893806040521336,-0.04609475032010234,0.8701562760316125
2015-05-07,552.98,0.2745600491335679,-0.04609475032010234,0.8498851021991888
2015-05-08,554.51,0.31666841123249934,-0.04609475032010234,0.8614736630366947
2015-05-11,551.67,0.30392157159370037,-0.04118404118404103,0.8825489762979405
2015-05-12,544.41,0.47454844848416705,-0.028397714957476762,0.9905715374796576
2015-05-13,542.82,0.4545503905193359,-0.027111037539774518,0.9921344840018786
2015-05-14,543.69,0.42935821782924727,-0.027111037539774518,0.985880259037432
2015-05-15,537.44,0.5842829728315421,-0.015797112235784474,1.0787458623338169
2015-05-18,528.95,0.8477309674698836,-0.012313471772931303,1.1453973057647744
2015-05-19,536.82,0.712666554696158,-0.012313471772931303,1.122136512235
2015-05-20,550.1,0.4120854527975065,-0.012313471772931303,1.055505234910488
2015-05-21,552.56,0.37572336233836046,-0.012313471772931303,1.0461289520295494
2015-05-22,561.82,0.312750542296676,-0.012313471772931303,1.0293138300486082
2015-05-25,563.0,0.35132350016642105,-0.012313471772931303,1.039697271966864
2015-05-26,567.2,0.31795498426035484,-0.012313471772931303,1.0307296326111064
2015-05-27,566.48,0.2659927635336973,-0.012313471772931303,1.016400292407797
2015-05-28,572.97,0.1301321405403197,-0.012975719547128655,0.9739421563661356
2015-05-29,569.56,0.1965556410057864,-0.012975719547128655,0.9933402735835378
2015-06-01,574.98,0.1831323570111225,-0.012975719547128655,0.9894550588165386
2015-06-02,570.31,0.38296405543960604,-0.012975719547128655,1.0447050451752007
2015-06-03,567.9,0.39913259523038425,-0.012975719547128655,1.0488833620428886
2015-06-04,568.99,0.33639665447215844,-0.012975719547128655,1.0323984094808443
2015-06-05,578.07,0.14954164504124726,-0.012975719547128655,0.97965244476916
2015-06-08,579.83,0.04999465687107007,-0.0207547805009427,0.9112120110442219
2015-06-09,574.47,0.24484876807915815,-0.0207547805009427,0.9682472036973684
2015-06-10,574.1,0.27214296220591105,-0.0207547805009427,0.9759114186128839
2015-06-11,581.05,0.13840658082649113,-0.0207547805009427,0.9374849508094314
2015-06-12,582.73,0.2694380030894482,-0.0207547805009427,0.9751566431413012
2015-06-15,586.48,0.3405576393413299,-0.0207547805009427,0.994618639841665
2015-06-16,580.35,0.520459014303593,-0.0207547805009427,1.0396423583826597
2015-06-17,578.87,0.5886667598069223,-0.0207547805009427,1.0549069123903052
2015-06-18,580.35,0.491686946478253,-0.0207547805009427,1.0328923918437567
2015-06-19,584.7,0.40165636724717985,-0.0207547805009427,1.0106356939921026
2015-06-22,594.08,0.3056234961948374,-0.0207547805009427,0.9851612207347147
2015-06-23,593.07,0.38147100789747473,-0.019087122936584298,1.0137596670268945
2015-06-24,590.02,0.4657615288912844,-0.014016474017829874,1.0603481371382801
2015-06-25,587.99,0.39759334490202825,-0.012962698526028462,1.0485528635992871
2015-06-26,581.75,0.4276168525979083,-0.018459659615776162,1.028700028614514
2015-06-29,591.75,0.3099141733485604,-0.018459659615776162,0.9978094065431612
2015-06-30,593.05,0.171844054357637,-0.028417542156601933,0.9089639669364187
2015-07-01,591.5,0.17682496217548757,-0.0345707620285272,0.8796476270671121
2015-07-02,605.7,0.1137786220927167,-0.0345707620285272,0.8611332422595344
2015-07-03,616.43,-0.03277732643291705,-0.0345707620285272,0.817316511857156
2015-07-06,625.22,-0.1490552280440747,-0.0345707620285272,0.7827578675065239
2015-07-07,630.27,-0.17315689926929692,-0.0345707620285272,0.7757121497519245
2015-07-08,623.17,-0.10976140926801733,-0.0345707620285272,0.7943493687143344
2015-07-09,622.1,-0.15907731718887225,-0.0345707620285272,0.7798215158427019
2015-07-10,627.28,-0.1937530588652078,-0.0345707620285272,0.769736867437578
2015-07-13,634.06,-0.3480080405010762,-0.0345707620285272,0.7267638528750975
2015-07-14,638.69,-0.5239418121402826,-0.045749894314925904,0.6270295544795365
2015-07-15,630.89,-0.500718767362674,-0.054606112107764525,0.5881647667322105
2015-07-16,626.9,-0.3736833701499099,-0.054606112107764525,0.6198066467293195
2015-07-17,628.63,-0.4756368619640246,-0.054606112107764525,0.5941466822396062
2015-07-20,620.54,-0.3398699938600283,-0.054606112107764525,0.6287610417289624
2015-07-21,616.61,-0.16549447727032712,-0.054606112107764525,0.6777694483163306
2015-07-22,629.85,-0.35311375206575313,-0.054606112107764525,0.6252292149135505
2015-07-23,632.01,-0.4634340264802103,-0.054606112107764525,0.5971057697173918
2015-07-24,631.26,-0.5732018377790477,-0.06483492273313826,0.5205133339266643
2015-07-27,635.46,-0.796131514615414,-0.07306518112863132,0.43611354001071734
2015-07-28,631.47,-0.9145273343229091,-0.09235593139816625,0.32123089954035544
2015-07-29,624.7,-0.7350395846628233,-0.0852578323251992,0.38586918692531474
2015-07-30,626.57,-0.7809371768173908,-0.0852578323251992,0.3777375507597001
2015-07-31,621.06,-0.8282102900825095,-0.0875438765980741,0.35842646311226994
2015-08-03,609.47,-0.7799632032755379,-0.09475534148048105,0.33041761706962797
2015-08-04,600.76,-1.0391728375481497,-0.14254796348428886,0.26673163458955385
2015-08-05,607.08,-1.088430205778915,-0.14254796348428886,0.2611086573921859
2015-08-06,601.04,-0.7896991231116314,-0.14254796348428886,0.3025284331487532
2015-08-07,603.76,-0.7324880257090632,-0.14254796348428886,0.31262445840964237
2015-08-10,614.53,-0.7276380277546856,-0.14254796348428886,0.3135145422346046
2015-08-11,613.05,-0.7649860743468078,-0.14047793817796267,0.30679865648076965
2015-08-12,604.24,-0.6451310472145192,-0.1279458493313916,0.3294850711550076
2015-08-13,594.26,-0.5793938787068172,-0.11330057550567099,0.34333257543802276
2015-08-14,589.03,-0.451519724838634,-0.10542756735650141,0.3730557741415126
2015-08-17,573.15,-0.22578908518651672,-0.09184447278618468,0.4741690005617023
2015-08-18,580.22,-0.17335516808625437,-0.09184447278618468,0.4892858656561069
2015-08-19,577.82,-0.0767832701953054,-0.08807241009310875,0.536648130860564
2015-08-20,566.69,0.09150423562254563,-0.07016181686636451,0.676565825367236
2015-08-21,556.3,0.1647830978744301,-0.05279525435915874,0.7850160213099826
2015-08-24,526.93,0.46482436267889293,-0.02902587279065295,0.985073044476507
2015-08-25,529.98,0.42625541455700566,-0.02902587279065295,0.97552678452411
2015-08-26,545.89,0.21784175466763456,-0.02902587279065295,0.9192086469478731
2015-08-27,555.81,0.08693946212101933,-0.02902587279065295,0.8808869598204971
2015-08-28,570.87,-0.030332834299592805,-0.02902587279065295,0.8457735755960669
2015-08-31,564.75,0.09134225615366119,-0.018503762726870376,0.9348079061291695
2015-09-01,562.31,0.11696152850712535,-0.017769158192682797,0.9460835349447427
2015-09-03,554.3,0.19853484163740126,-0.017769158192682797,0.9699442591630094
2015-09-04,556.81,0.16425179231819506,-0.017769158192682797,0.9599913479059048
2015-09-07,554.93,0.18964485968221012,-0.017769158192682797,0.9673752773159037
2015-09-08,566.72,0.017457966635434738,-0.017769158192682797,0.9163910670071231
2015-09-09,572.34,-0.08680584170644248,-0.02095254710397765,0.8692607258219788
2015-09-10,572.07,-0.07418203266712484,-0.02095254710397765,0.8730233872018058
2015-09-11,566.74,-0.006836824941211146,-0.02095254710397765,0.8931862489539579
2015-09-14,562.17,0.05582757086098218,-0.02095254710397765,0.9119681575256303
2015-09-15,563.27,0.11446301028661608,-0.02095254710397765,0.9294269824275586
2015-09-16,564.13,0.20134484003177677,-0.02095254710397765,0.9548374921443731
2015-09-17,562.48,0.19872962419710086,-0.02095254710397765,0.9540835031585776
2015-09-18,566.25,0.2150547224973009,-0.02095254710397765,0.9587771460299365
2015-09-21,572.12,0.1498875815038995,-0.02095254710397765,0.9398697960523591
2015-09-22,573.2,0.19496722432299476,-0.02095254710397765,0.9529974159060471
2015-09-23,572.72,0.19210249522198053,-0.02013200167621171,0.9562721279144005
2015-09-24,570.25,0.20832617916440183,-0.016112065640450122,0.9810488188538055
2015-09-25,570.38,0.26230220534451876,-0.016112065640450122,0.9963739516025204
2015-09-28,564.88,0.3545541358747858,-0.006532360855402813,1.0694606500415658
2015-09-29,561.19,0.432211306287088,-0.0035804762709001933,1.104247920195806
2015-09-30,562.64,0.3899418303534562,-0.0069961823716385,1.076412111911016
2015-10-01,563.54,0.3651318385949136,-0.007349355039437622,1.0681711040384771
2015-10-02,564.15,0.39927091779381424,-0.007349355039437622,1.077050712351054
2015-10-05,570.0,0.4002734894929516,-0.007349355039437622,1.0773081086488319
2015-10-06,581.29,0.2533901196151935,-0.007349355039437622,1.0376840555651494
2015-10-07,579.57,0.28077315799412766,-0.007349355039437622,1.0453393762523127
2015-10-08,586.78,0.16578871417289592,-0.009140160202080633,1.0035850829201278
2015-10-09,588.02,0.22307015818394013,-0.009140160202080633,1.0201319001971911
2015-10-12,592.1,0.20003558492292967,-0.009140160202080633,1.0135220545771493
2015-10-13,590.84,0.15955929949196532,-0.009140160202080633,1.001764858766464
2015-10-14,589.98,0.2394270149570117,-0.009140160202080633,1.024785539468589
2015-10-15,592.4,0.23476983491393041,-0.009140160202080633,1.023464076966158
2015-10-16,593.02,0.27260254771467285,-0.009140160202080633,1.0341126525982516
2015-10-19,594.61,0.2285793074703675,-0.009140160202080633,1.0217031417243239
2015-10-20,590.45,0.26863559271389237,-0.009140160202080633,1.0330056377303833
2015-10-21,590.24,0.2159498856886753,-0.01610910627783733,0.9832508035699951
2015-10-22,595.08,0.13267867858506294,-0.018937546734289115,0.9448839402292131
2015-10-23,601.74,0.07990786044629399,-0.018937546734289115,0.929233731149699
2015-10-26,598.61,0.15389978217096015,-0.018937546734289115,0.9511211077779422
2015-10-27,598.44,0.1162126149246351,-0.018937546734289115,0.9400199446026472
2015-10-28,596.24,0.08632411353446083,-0.018937546734289115,0.9311453640989877
2015-10-29,605.2,-0.017629102952153638,-0.019246399427809615,0.898479819793758
2015-10-30,607.37,-0.06789885085550312,-0.021587177736597376,0.8717257015363141
2015-11-02,602.76,0.012717856199200513,-0.021587177736597376,0.8958792624865577
2015-11-03,611.71,-0.10599511905229365,-0.024691960076725417,0.8448602163043779
2015-11-04,610.6,-0.1533731657887756,-0.03470528950876152,0.7808190247221691
2015-11-05,615.18,-0.20717258285920098,-0.03470528950876152,0.7651959670588784
2015-11-06,612.36,-0.2500215615301789,-0.03586125808348036,0.7472120304460367
2015-11-09,610.66,-0.31555192686708294,-0.04647700688730016,0.6759711362478935
2015-11-10,605.27,-0.39796168246425817,-0.06228017079195763,0.5751380812250226
2015-11-11,603.53,-0.3914730112941669,-0.06684443862777499,0.5539889858613345
2015-11-12,605.58,-0.3807675994773803,-0.06684443862777499,0.5567656373047565
2015-11-13,611.27,-0.48627073774343954,-0.06684443862777499,0.5304023401631105
2015-11-16,609.21,-0.5279758881059116,-0.06368903990413825,0.5364051016398206
2015-11-17,605.05,-0.8051731788408719,-0.06847367986116842,0.457555919846028
2015-11-18,603.34,-0.6209763183541257,-0.0675644376799127,0.4966355819660965
2015-11-19,601.9,-0.7233138425289999,-0.0675644376799127,0.4764904783238805
2015-11-20,604.46,-0.8209066618748588,-0.07183271018760558,0.4381675336488331
2015-11-23,599.99,-0.7045144813036317,-0.06491774862914389,0.4932436126333767
2015-11-24,593.83,-0.6292727276020764,-0.058183649487997445,0.5418163839360759
2015-11-25,595.7,-0.5799190492810786,-0.058183649487997445,0.5522997754021426
2015-11-26,590.4,-0.4393164631032399,-0.049728997289972925,0.6274317037064547
2015-11-27,582.86,-0.19228667918718406,-0.03743609099955401,0.7558341453449381
2015-11-30,573.2,-0.146528247549422,-0.023293060826572884,0.839888146870303
2015-12-01,570.41,-0.07123218432822591,-0.023293060826572884,0.862201110743946
2015-12-02,574.42,-0.14330071613033402,-0.023293060826572884,0.8408363531985502
2015-12-03,574.38,-0.17939909484144517,-0.02322504265468859,0.8306250995842117
2015-12-04,571.62,-0.11103800775011093,-0.022833754245406276,0.8526560582587873
2015-12-07,563.62,0.06542758558555915,-0.022833754245406276,0.9054315442863374
2015-12-08,574.15,-0.10922521586513972,-0.022833754245406276,0.8531933524642791
2015-12-09,565.2,0.168049741322982,-0.022248791391589178,0.9387016813993333
2015-12-10,561.04,0.2896497276459424,-0.022248791391589178,0.9732997600910899
2015-12-11,563.43,0.2515286814383226,-0.022248791391589178,0.9626625750602719
2015-12-14,562.22,0.2289321059441379,-0.022248791391589178,0.9562604744616515
2015-12-15,568.0,0.04824441857175724,-0.022248791391589178,0.9032181500542124
2015-12-16,572.55,0.03068539539832411,-0.022248791391589178,0.8979587734325046
2015-12-17,577.11,-0.20439244970064024,-0.024316161877642645,0.8179412997542722
2015-12-18,568.18,-0.1156464002951265,-0.03348002416084233,0.798059802687912
2015-12-21,566.9,-0.14575248083361753,-0.03724221244283379,0.7703702182984762
2015-12-22,566.35,-0.05055490854409368,-0.03724221244283379,0.7986353728443973
2015-12-23,564.27,-0.06568031818915283,-0.03724221244283379,0.7941131273825158
2015-12-24,566.17,-0.21089430972725773,-0.04559496073863158,0.7096784934238052
2015-12-25,567.67,-0.3920744877607054,-0.06283544740702404,0.5738785888472153
2015-12-28,569.9,-0.6846991496518815,-0.09160410734317032,0.36360970985961
2015-12-29,576.29,-0.6310107284002875,-0.09160410734317032,0.37435512686771916
2015-12-30,579.45,-0.8021943900962408,-0.09160410734317032,0.34240093276058853
2015-12-31,579.03,-0.9157336065235704,-0.09869954924615301,0.2893404012338452
2016-01-04,574.41,-0.8085465560425209,-0.09170336077414423,0.3408468896169018
2016-01-05,569.94,-0.35577706482070853,-0.09170336077414423,0.4390365113330533
2016-01-06,574.57,-0.5239891906094046,-0.09170336077414423,0.3972512937497569
2016-01-07,565.36,-0.2573478928868296,-0.07690674968161883,0.5399222738987843
2016-01-08,560.05,-0.19832263333472452,-0.07510722007585155,0.5657350696994636
2016-01-11,557.87,-0.06137284525933725,-0.07510722007585155,0.6060751281232326
2016-01-12,564.26,-0.24895834621536075,-0.07510722007585155,0.551282126761808
2016-01-13,560.37,-0.25525332733973327,-0.06868676053321913,0.5816110541498087
2016-01-14,553.03,-0.07505503944552236,-0.0563260582608538,0.6958953822553671
2016-01-15,543.04,0.17195154641497878,-0.03896582203889211,0.8562538807234883
2016-01-18,526.37,0.5070564766994136,-0.02592530376840806,1.0106680545694122
2016-01-19,535.77,0.3044612780882832,-0.02592530376840806,0.9589904712095263
2016-01-20,529.44,0.46542805702732815,-0.01613938560293435,1.0496524361003312
2016-01-21,521.88,0.5673975374524887,-0.01613938560293435,1.0733367083284726
2016-01-22,522.24,0.6757681121960857,-0.01613938560293435,1.0959314731482206
2016-01-25,542.35,0.3077579742145458,-0.01613938560293435,1.0088218931985093
2016-01-26,537.73,0.442901845525208,-0.01613938560293435,1.0441171379244598
2016-01-27,542.69,0.40246791208287075,-0.01613938560293435,1.0339206583107432
2016-01-28,539.47,0.5265793322337621,-0.01613938560293435,1.0641316647900034
2016-01-29,545.25,0.38874777649813264,-0.01613938560293435,1.0303871304430008
2016-02-01,540.56,0.48814002191665673,-0.009189493697626776,1.089874214990012
2016-02-02,536.45,0.46641233442544583,-0.015263009647207872,1.0542737505739697
2016-02-03,539.07,0.43925617699088065,-0.015263009647207872,1.0475932614438286
2016-02-04,542.15,0.4870726657192423,-0.015263009647207872,1.0592519390189843
2016-02-05,544.75,0.45571413893898294,-0.015263009647207872,1.051660357951417
2016-02-15,543.79,0.5256553038860973,-0.015263009647207872,1.0683008472152027
2016-02-16,548.05,0.48332397971433405,-0.015263009647207872,1.0583554684046135
2016-02-17,547.05,0.4716771043560009,-0.015263009647207872,1.055550968015871
2016-02-18,552.49,0.3504123510288521,-0.015263009647207872,1.0247073080813898
2016-02-19,554.03,0.37161478039906864,-0.015263009647207872,1.030305952681717
2016-02-22,560.71,0.2943418756621895,-0.015263009647207872,1.0095227998664347
2016-02-23,561.28,0.2839635368652641,-0.015263009647207872,1.006655784229695
2016-02-24,568.04,0.12941293765114967,-0.015263009647207872,0.9622935382078233
2016-02-25,562.82,0.23884778940991502,-0.011905813357828,1.0107930762991937
2016-02-26,566.11,0.20436684569214678,-0.011905813357828,1.000941454989754
2016-02-29,559.37,0.2412791665347713,-0.007792433182922612,1.0320489174529803
2016-03-01,561.56,0.14927860324436718,-0.012067120118772243,0.9841182650786126
2016-03-02,570.18,0.0042379411541050745,-0.014414943203397477,0.9291966587178949
2016-03-03,570.39,0.05433141533491978,-0.014414943203397477,0.944208689392939
2016-03-04,573.65,-0.03570935439136501,-0.0148465283292477,0.9150591032218347
2016-03-07,576.2,-0.061954264806858395,-0.0148465283292477,0.9072048225550573
2016-03-08,574.71,-0.02217827044100685,-0.0148465283292477,0.9191149679020532
2016-03-09,571.71,-0.036715117580583455,-0.01895521872734181,0.8942143176192963
2016-03-10,575.91,-0.1031226832168334,-0.01895521872734181,0.8743963005488145
2016-03-11,577.26,-0.23720704814954138,-0.031143182681352008,0.7744272984418634
2016-03-14,577.98,-0.27460886482423563,-0.035959672685840625,0.7398291890067843
2016-03-15,574.04,-0.25195891830974243,-0.04046542139971678,0.7236451362089515
2016-03-16,577.07,-0.22646616021879945,-0.04046542139971678,0.7308711773255849
2016-03-17,579.26,-0.1559986219727355,-0.04046542139971678,0.7512492785738584
2016-03-18,575.82,-0.04840050059140608,-0.034733076308568644,0.8118257960074842
2016-03-21,572.27,-0.012703372016193837,-0.034565413742791595,0.8233621246694569
2016-03-22,570.91,0.08738794167954764,-0.034565413742791595,0.8533227818819114
2016-03-23,574.71,0.035887071961213,-0.034565413742791595,0.8379344334229506
2016-03-24,570.66,0.06796586610152078,-0.034565413742791595,0.8475313531465372
2016-03-25,572.08,0.06977296473200316,-0.034565413742791595,0.8480709193809566
2016-03-28,575.72,0.024520763638555515,-0.034565413742791595,0.8345276863774334
2016-03-29,568.28,0.0031726906930815515,-0.02472320190907322,0.8773357944689514
2016-03-30,569.91,-0.00608204928941151,-0.02472320190907322,0.8745593981657829
2016-03-31,561.22,0.22014271985004447,-0.020401476218397614,0.9629888448346388
2016-04-01,558.43,0.45511288326288085,-0.020401476218397614,1.0258204345149218
2016-04-04,555.82,0.47247069785982976,-0.020401476218397614,1.0300506478026288
2016-04-05,560.32,0.4709637527471732,-0.020401476218397614,1.0296859229475066
2016-04-06,567.79,0.3196701682655075,-0.020401476218397614,0.9907552154433527
2016-04-07,571.6,0.2173243780603643,-0.020401476218397614,0.9621825391358697
2016-04-08,572.34,0.27030806618185915,-0.020401476218397614,0.9771660594179067
2016-04-11,579.27,0.16871914529746812,-0.020401476218397614,0.9481334904274331
2016-04-12,579.84,0.2080075577483381,-0.020401476218397614,0.9595102048417571
2016-04-13,578.02,0.2812078035316394,-0.020401476218397614,0.9801993873302556
2016-04-14,579.49,0.21176623066582584,-0.020401476218397614,0.9605895551531382
2016-04-15,579.86,0.1966208470782303,-0.020401476218397614,0.9562303151044443
2016-04-19,568.28,0.4507819126356032,-0.011378826360112382,1.0698683260914477
2016-04-20,568.03,0.4749937709360639,-0.011378826360112382,1.0757734717509235
2016-04-21,575.73,0.3083669450416617,-0.011378826360112382,1.0327910835359444
2016-04-22,592.48,0.06421068557240489,-0.011378826360112382,0.9623426433160797
2016-04-25,591.58,0.18691943389977195,-0.011378826360112382,0.9985376227162283
2016-04-26,598.48,0.1361345122450318,-0.011378826360112382,0.9836957854847471
2016-04-27,593.96,0.15417776828366225,-0.008883553421368475,1.0014725222505199
2016-04-28,591.67,0.15316065661203965,-0.01591036414565835,0.9660404287079227
2016-04-29,598.37,-0.02846983889640141,-0.021960784313725532,0.8816574335853218
2016-05-04,599.07,-0.0115548997404115,-0.021960784313725532,0.886729762777072
2016-05-05,601.51,-0.0683851569503858,-0.021960784313725532,0.869712452157828
2016-05-06,606.52,-0.27993025147045303,-0.03266906762705077,0.7548025042210759
2016-05-09,603.85,-0.16836757524018864,-0.03266906762705077,0.786616321100532
2016-05-10,605.05,-0.08755921067751321,-0.03266906762705077,0.8104538217187219
2016-05-11,614.06,-0.1776775587673073,-0.03266906762705077,0.783905316387609
2016-05-12,612.12,-0.1285048575208532,-0.03266906762705077,0.7983140186827484
2016-05-13,610.82,-0.043074990599444835,-0.03266906762705077,0.8237401511274437
2016-05-16,615.78,-0.15142024886260452,-0.03266906762705077,0.7915726101701663
2016-05-17,624.75,-0.30516071281986074,-0.03266906762705077,0.7478461897883055
2016-05-18,622.45,-0.1989966238900965,-0.02909470640212067,0.7956032153978032
2016-05-19,619.2,-0.07948734407820686,-0.023998708010335938,0.8562103521175665
2016-05-20,614.81,0.040702179042427476,-0.017029651437029187,0.9270556579957229
2016-05-23,611.03,0.10907825524324809,-0.0123388190687868,0.9709002139052922
2016-05-24,611.62,-0.0019691080861223022,-0.0123388190687868,0.9377151729937274
2016-05-25,611.89,0.030182291888215307,-0.0123388190687868,0.9473578437055652
2016-05-26,604.34,0.15720324360032042,-0.01216614390267077,0.9859455616824712
2016-05-27,608.11,0.07371295486094614,-0.01216614390267077,0.9612432011369166
2016-05-30,614.5,-0.08615805988759585,-0.01902544118112979,0.8790891437388171
2016-05-31,618.44,-0.05321398388266302,-0.01902544118112979,0.8889236506340927
2016-06-01,619.86,-0.04510263820354498,-0.01902544118112979,0.8913511701687775
2016-06-02,623.37,-0.11764940504401553,-0.01902544118112979,0.8697399190566586
2016-06-03,621.88,-0.01747634493238423,-0.01902544118112979,0.899630424316561
2016-06-06,620.05,-0.15305554710461403,-0.01902544118112979,0.8593113497149459
2016-06-07,624.65,-0.2099868451911397,-0.01902544118112979,0.8427866215820653
2016-06-08,627.87,-0.24664183870356576,-0.01902544118112979,0.8323449877922827
2016-06-09,631.26,-0.19173384353687842,-0.01902544118112979,0.8480472777622279
2016-06-10,629.84,-0.1535738333621392,-0.018188432157148056,0.863344507200204
2016-06-13,623.58,0.07125576299175951,-0.018188432157148056,0.9303984621541573
2016-06-14,625.43,0.14940867384163256,-0.018188432157148056,0.9535498685350957
2016-06-15,627.02,0.15022983907046789,-0.018188432157148056,0.9537907702783018
2016-06-16,625.11,0.15210330722788706,-0.018188432157148056,0.9543401603573817
2016-06-17,619.25,0.3960652605106468,-0.018188432157148056,1.0220310061697815
2016-06-20,626.46,0.2536951096365615,-0.018188432157148056,0.9835745283867631
2016-06-21,628.0,0.1335274844307433,-0.018188432157148056,0.9488796962647367
2016-06-22,626.41,0.25083985961548505,-0.018188432157148056,0.9827702333243667
2016-06-23,632.27,0.3725073321094939,-0.018188432157148056,1.0159127095239093
2016-06-24,620.77,0.4220512791128642,-0.013401500484027126,1.052589632395089
2016-06-27,621.27,0.39305802703863457,-0.015641663704230445,1.0339897400524638
2016-06-28,622.2,0.4750828669525306,-0.015641663704230445,1.0544807858159535
2016-06-29,630.12,0.25621404147085297,-0.015641663704230445,0.9970169821228352
2016-06-30,632.26,0.1170472963150545,-0.02201090176561206,0.9249001983633419
2016-07-01,640.3,-0.009177753264460416,-0.02303294229174066,0.8820820398646297
2016-07-04,647.96,-0.2322331186424217,-0.03740075838369475,0.744552314788343
2016-07-05,650.88,-0.2739333848197018,-0.03824505273136635,0.7285904220688422
2016-07-06,649.46,-0.2572711330911099,-0.03929671762057112,0.7279940023598983
2016-07-07,661.12,-0.31700358095656694,-0.03929671762057112,0.7114779011523499
2016-07-08,658.68,-0.2631993738995882,-0.03929671762057112,0.7263307402196392
2016-07-11,652.26,-0.22866303596501736,-0.03929671762057112,0.7360886190726076
2016-07-12,658.9,-0.37207894606501307,-0.0396077734328712,0.6952184911362795
2016-07-13,675.12,-0.7333171802993015,-0.057871193269344784,0.5231168618487703
2016-07-14,666.69,-0.7248406124288356,-0.06219747587230882,0.5030429990388768
2016-07-15,664.56,-0.6884385275886739,-0.06219747587230882,0.5099192366728009
2016-07-18,673.5,-0.8519921178610883,-0.06846325167037864,0.45005111189821995
2016-07-19,667.76,-0.7361908174093236,-0.060455852402060625,0.509669270237786
2016-07-20,660.26,-0.5062992320790173,-0.04978341865325781,0.610965887823398
2016-07-21,659.57,-0.3332048406493252,-0.04878936276665109,0.6596339294365975
2016-07-22,649.87,-0.040683766459716254,-0.04527193596493898,0.7614419196324194
2016-07-25,649.3,-0.09584223918400848,-0.04527193596493898,0.744975364279636
2016-07-26,648.59,-0.015845772574010295,-0.04527193596493898,0.768886986232286
2016-07-27,656.11,-0.14809125168351742,-0.04527193596493898,0.729534899845762
2016-07-28,657.14,-0.12628010111075708,-0.04527193596493898,0.7359563882117779
2016-07-29,652.23,-0.032510486714814685,-0.03808472471367467,0.7998266651016488
2016-08-01,648.38,0.0389923705055577,-0.032372991147166796,0.8498268305997123
2016-08-02,636.05,0.17054679088020425,-0.01361528181746713,0.9825972764353723
2016-08-03,631.61,0.2872665704622508,-0.007200050637718878,1.0478848554614284
2016-08-04,631.94,0.2961443380200973,-0.007200050637718878,1.0503338078775235
2016-08-05,627.39,0.33376750269469124,-0.0069457027239234505,1.0618420780574194
2016-08-08,629.46,0.43023415629390455,-0.0069457027239234505,1.086926579767573
2016-08-09,637.34,0.35642912045011865,-0.0069457027239234505,1.0678909375891121
2016-08-10,648.33,0.21183660563132023,-0.0069457027239234505,1.027888615633253
2016-08-11,660.24,0.046962420253053,-0.0069457027239234505,0.9793498641695239
2016-08-12,655.71,0.037426902764856065,-0.008063679350162223,0.9709044343548157
2016-08-15,659.47,-0.08027437480000583,-0.014941523501771402,0.9012616656712996
2016-08-16,658.11,-0.06653869666093726,-0.01590501460059591,0.9005427252510634
2016-08-17,660.51,-0.13005876359905597,-0.01978862487585791,0.862257766197495
2016-08-18,660.65,-0.10063780244795865,-0.01978862487585791,0.8709670492893751
2016-08-19,662.28,-0.10374323735768086,-0.01978862487585791,0.8700450811268982
2016-08-22,657.68,-0.10125023047216974,-0.02204171175310912,0.8595197459930821
2016-08-23,659.16,-0.11198941786610027,-0.02210100351303673,0.8560379090110957
2016-08-24,660.77,-0.16779732555608307,-0.026666469027466923,0.8167956454347429
2016-08-25,658.5,-0.12987350842750536,-0.027348324266635114,0.8245139175112971
2016-08-26,667.75,-0.32250411284816005,-0.03456709603782822,0.7336337011611391
2016-08-29,669.44,-0.2745248520096901,-0.03456709603782822,0.7468154676173113
2016-08-30,672.67,-0.24346293120383908,-0.03456709603782822,0.7555353335084317
2016-08-31,674.63,-0.20268585742015582,-0.03456709603782822,0.7671779685670223
2016-09-01,669.19,-0.08195850247988054,-0.026718869080530352,0.8418730094669491
2016-09-05,664.55,0.01065992699444955,-0.023347528790787022,0.8864602130168446
2016-09-06,663.9,0.036011237776163815,-0.023347528790787022,0.894061059829456
2016-09-07,661.28,0.16827453607341575,-0.023347528790787022,0.9332735611551328
2016-09-08,666.07,0.12409652131190539,-0.023347528790787022,0.9203013743880688
2016-09-09,666.88,0.1278022643988171,-0.023347528790787022,0.9213956454244896
2016-09-12,659.76,0.18030093232019942,-0.012807687643991823,0.9894732342026803
2016-09-13,659.72,0.17364344172333776,-0.012747832413751412,0.9878365385154959
2016-09-14,656.64,0.23521767071840782,-0.008117080896686222,1.0287066699327476
2016-09-15,656.18,0.26970744745771197,-0.00798780045022148,1.0390667758809808
2016-09-16,651.31,0.3610620923030314,-0.00798780045022148,1.0639057609788696
2016-09-19,657.89,0.19895757958120638,-0.00798780045022148,1.0189729888277177
2016-09-20,663.37,0.004654221341922885,-0.020855420811850846,0.8971191522615398
2016-09-21,668.48,0.028067115204568498,-0.020855420811850846,0.9041408201752354
2016-09-22,671.38,0.010443826308509659,-0.020855420811850846,0.8988559299237913
2016-09-23,674.09,0.009541889585066169,-0.020855420811850846,0.8985853759427607
2016-09-26,677.04,0.010910243997959451,-0.020855420811850846,0.8989958392779467
2016-09-27,684.89,-0.15391303550055252,-0.020855420811850846,0.8499101712051689
2016-09-28,686.72,-0.15953946699835764,-0.020855420811850846,0.848263036988872
2016-09-29,688.55,-0.1086364451108141,-0.020855420811850846,0.8632595714294686
2016-09-30,685.73,-0.06497099017000232,-0.01910318337892102,0.885020165571681
2016-10-03,683.05,-0.05082890354030504,-0.01910318337892102,0.8892485305272464
2016-10-04,684.2,-0.17280179848699195,-0.01910318337892102,0.8531534481754115
2016-10-05,687.04,-0.2211663239694024,-0.01910318337892102,0.8391952550189821
2016-10-06,687.32,-0.22536999164511412,-0.022180609386113853,0.822607858752079
2016-10-07,683.95,-0.15429905328895446,-0.022180609386113853,0.8431711302577474
2016-10-10,674.19,0.07693066786288943,-0.022180609386113853,0.9121307308655767
2016-10-11,682.36,-0.11841607164664052,-0.022180609386113853,0.8537372528309471
2016-10-12,682.45,-0.1287459459818368,-0.022180609386113853,0.8506851668799601
2016-10-13,685.23,-0.27647688417693167,-0.02538866872795368,0.7921642867983096
2016-10-14,687.0,-0.36219171228631414,-0.030861240546386202,0.7415508698318278
2016-10-17,680.95,-0.31148157081213856,-0.03216769005211277,0.7486262486148985
2016-10-18,682.02,-0.22457901226789545,-0.03216769005211277,0.772898132879359
2016-10-19,688.89,-0.3103520058340418,-0.03216769005211277,0.7489343608803777
2016-10-20,686.39,-0.33417218485458355,-0.02864260842960994,0.7601075557638262
2016-10-21,684.83,-0.1883869731056714,-0.02642991691368664,0.8119935456578316
2016-10-24,678.02,-0.07098462286564,-0.022748259435690702,0.8649990118677259
2016-10-25,676.18,-0.13996655463365346,-0.022748259435690702,0.8445408079963513
2016-10-26,673.61,-0.12778830819185996,-0.022748259435690702,0.8481295326645591
2016-10-27,676.9,-0.20326384572835263,-0.022748259435690702,0.8261057070908236
2016-10-28,682.25,-0.30144257873935176,-0.022748259435690702,0.7984690385886319
2016-10-31,675.8,-0.21701875890951108,-0.014587644102867284,0.8629593531997529
2016-11-01,676.6,-0.20842217669757512,-0.014587644102867284,0.8654250483021748
2016-11-02,671.4,0.03473866235458707,-0.0091653608491264,0.9645906043096071
2016-11-03,667.63,0.17437036652979312,-0.0091653608491264,1.0059605017703825
2016-11-04,666.73,0.17091134155362547,-0.0091653608491264,1.0049531195945938
2016-11-07,674.14,-0.04458062763613347,-0.010670999473037011,0.9332796674042994
2016-11-08,676.46,-0.25697664700837203,-0.026157854675332288,0.7937710702402551
2016-11-09,670.26,-0.24947651516432628,-0.036448269805023685,0.7444306962254914
2016-11-10,678.17,-0.2802561253187287,-0.036448269805023685,0.7358160168299861
2016-11-11,679.2,-0.2759638772791297,-0.036448269805023685,0.7370090135491236
2016-11-14,673.05,-0.1675217266255312,-0.036448269805023685,0.767967039992808
2016-11-15,674.26,-0.2916309810582752,-0.036448269805023685,0.732668068243387
2016-11-16,674.6,-0.43670441541762284,-0.04635810059136946,0.644936791408139
2016-11-17,674.57,-0.39611851033534934,-0.04635810059136946,0.6552226208289029
2016-11-18,673.25,-0.28969042877320433,-0.04635810059136946,0.6836545395082374
2016-11-21,674.29,-0.21353619599327495,-0.04635810059136946,0.7051048771930117
2016-11-22,681.91,-0.4124883476665471,-0.04635810059136946,0.6510344578331013
2016-11-23,683.16,-0.5115547947815842,-0.04635810059136946,0.6268627767952617
2016-11-24,678.18,-0.2239007556595678,-0.03935533339231464,0.7371534950765164
2016-11-25,675.87,-0.18754470910331492,-0.036072025685412866,0.7640269596826107
2016-11-28,665.29,0.15743620535701594,-0.022579290065112303,0.9339480178355904
2016-11-29,658.26,0.27558720566197037,-0.022579290065112303,0.967748361954652
2016-11-30,665.07,-0.04845034668333022,-0.022579290065112303,0.8725798084094921
2016-12-01,666.54,0.007536776324238733,-0.022579290065112303,0.8893645397615343
2016-12-02,665.14,-0.006072564115815731,-0.020521995369395883,0.8955682763111542
2016-12-05,660.21,0.06720490221514092,-0.018514129984003792,0.9275605223937631
2016-12-06,651.49,0.20155167195228807,-0.018825167367734943,0.9655339889329994
2016-12-07,653.53,0.1730946486304725,-0.018825167367734943,0.9572900768203664
2016-12-08,658.89,0.061946754914533275,-0.018825167367734943,0.9244344546168443
2016-12-09,663.07,-0.01598154242203335,-0.018825167367734943,0.9010801085771106
2016-12-12,659.7,0.07454377299839356,-0.018825167367734943,0.9281959646332948
2016-12-13,654.66,0.3017937411937505,-0.018825167367734943,0.9937601448359926
2016-12-14,665.14,0.15329915084519258,-0.018825167367734943,0.9515070004080118
2016-12-15,665.92,0.16581723123982223,-0.018825167367734943,0.955168371270399
2016-12-16,675.16,0.061765198221093005,-0.018825167367734943,0.9243801954781169
2016-12-19,674.33,0.12613715337957002,-0.01761748698708347,0.9495542886079166
2016-12-20,662.66,0.3306983058927927,-0.0067322397816895205,1.0620832299512188
2016-12-21,666.94,0.3439136922191568,-0.0067322397816895205,1.0656288671656509
2016-12-22,664.15,0.3955307291151166,-0.0028899558980687856,1.0983857409865545
2016-12-23,664.37,0.3572037418723919,-0.0030560568135514624,1.0875443080172549
2016-12-26,662.45,0.28430747800173894,-0.01341754467663996,1.015978389871321
2016-12-27,663.86,0.35752805676378013,-0.01341754467663996,1.0358227237965063
2016-12-28,663.5,0.35440961966858897,-0.01341754467663996,1.034996398050986
2016-12-29,664.72,0.3201076259849406,-0.01341754467663996,1.025793546809155
2016-12-30,664.87,0.3625280163816775,-0.01341754467663996,1.0371439266872624
2017-01-03,672.01,0.219846777432231,-0.01341754467663996,0.9978238817666495
2017-01-04,674.7,0.26390252691027966,-0.01341754467663996,1.0102948947885655
2017-01-05,675.81,0.32819095558699274,-0.01341754467663996,1.0279805769839512
2017-01-06,679.8,0.3480566460188765,-0.01341754467663996,1.0333075624470638
2017-01-09,682.57,0.26497588264330924,-0.01341754467663996,1.0105953937664158
2017-01-10,681.07,0.27017251975982765,-0.01341754467663996,1.0120478840594678
2017-01-11,687.16,0.18888964322989654,-0.01341754467663996,0.988914706039964
2017-01-12,686.96,0.22067028507767192,-0.01313031326423661,0.9994954829065784
2017-01-13,685.06,0.22667227663432662,-0.010393250226257396,1.0148942308106765
2017-01-16,677.94,0.38666537971576276,-0.004465428482038719,1.0882174354318557
2017-01-17,684.71,0.27311877024315073,-0.004465428482038719,1.0576301967357735
2017-01-18,683.28,0.2972301042867054,-0.004465428482038719,1.0643055789819285
2017-01-19,682.31,0.37997203873382496,-0.004465428482038719,1.08647781295712
2017-01-20,686.26,0.29021670115348297,-0.004465428482038719,1.0623731332507889
2017-01-23,687.15,0.2741973654088503,-0.005255983248310087,1.0539779294543188
2017-01-24,691.36,0.21846441528465368,-0.005255983248310087,1.0382362775989114
2017-01-25,697.28,0.19744030507292074,-0.005255983248310087,1.0321943153471071
2017-02-02,703.18,0.08642843790741948,-0.005255983248310087,0.9995842464923893
2017-02-03,700.35,0.11776614758414133,-0.005255983248310087,1.0088875007606943
2017-02-06,700.04,0.08693343597523237,-0.005255983248310087,0.9997346132835089
2017-02-07,701.91,0.1232862501298869,-0.005255983248310087,1.0105197021890333
2017-02-08,702.04,0.03565346445422896,-0.009269067796610296,0.9643461704967327
2017-02-09,700.65,0.020998841256019144,-0.011039250669045595,0.951102473248161
2017-02-10,703.78,-0.03702605047451558,-0.01384087867975031,0.9196928646833654
2017-02-13,705.9,0.003348588875258782,-0.01384087867975031,0.9318001795090544
2017-02-14,706.26,0.029016214481313102,-0.01384087867975031,0.939498028774903
2017-02-15,711.57,-0.06091957789257307,-0.01384087867975031,0.9125423081651881
2017-02-16,709.35,-0.018155245122364248,-0.01384087867975031,0.9253496314059966
2017-02-17,707.83,-0.002207788140655916,-0.01384087867975031,0.9301332712351981
2017-02-20,710.59,-0.11014934642543044,-0.01384087867975031,0.8978838001180575
2017-02-21,716.55,-0.24263449367369097,-0.01384087867975031,0.8594008295444711
2017-02-22,717.24,-0.164300344847965,-0.01384087867975031,0.8819442880883989
2017-02-23,716.87,-0.17628049622053024,-0.01384087867975031,0.8784525216959608
2017-02-24,714.47,-0.12522805453779104,-0.01384087867975031,0.8934223495877497
2017-02-27,717.44,-0.2545393734456413,-0.01384087867975031,0.856041314752007
2017-02-28,710.79,-0.10643221782972644,-0.008972927714206061,0.923325716749067
2017-03-01,709.52,-0.09466250950679958,-0.008972927714206061,0.9268211326090172
2017-03-02,707.51,-0.08008742392933943,-0.008972927714206061,0.9311603708391236
2017-03-03,712.62,-0.06919897508761852,-0.008972927714206061,0.9344087414733917
2017-03-06,716.29,-0.10644322507695825,-0.008972927714206061,0.9233224517044469
2017-03-07,716.54,-0.11113666112256959,-0.008972927714206061,0.9219309571457589
2017-03-08,716.6,-0.2281669006177778,-0.008972927714206061,0.8878489060145199
2017-03-09,715.8,-0.18148631613233354,-0.007865325509918966,0.9068174723135864
2017-03-10,712.21,-0.02471215412175033,-0.006126559615061819,0.9619550644675352
2017-03-13,710.17,0.010516510870162612,-0.006126559615061819,0.9725220388814287
2017-03-14,714.71,-0.10009442611192995,-0.006126559615061819,0.9394387573681181
2017-03-15,713.14,-0.05967201113911782,-0.006126559615061819,0.9514868160682951
2017-03-16,714.92,-0.07149641516391382,-0.006126559615061819,0.9479547498919636
2017-03-17,710.54,0.11805779640803646,-0.005887881468376812,1.00581429903541
2017-03-20,715.07,0.09579512469897429,-0.005887881468376812,0.9992115431886218
2017-03-21,716.18,0.09318390283207961,-0.005887881468376812,0.9984351297441988
2017-03-22,712.94,0.007482686566306657,-0.007862387704593002,0.9629328255518557
2017-03-23,719.56,-0.16717182226497151,-0.009544254987488572,0.9025891996981277
2017-03-24,722.14,-0.37383832180328336,-0.017611748458288317,0.8047379132046825
2017-03-27,723.52,-0.5691362744996553,-0.02803112138159244,0.7054269916367646
2017-03-28,719.26,-0.37704592255250735,-0.02803112138159244,0.7518026107207298
2017-03-29,720.47,-0.3622272655034962,-0.02803112138159244,0.7556920851440261
2017-03-30,723.86,-0.5352400706539883,-0.02803112138159244,0.713031464269781
2017-03-31,722.31,-0.49240384229680706,-0.02803112138159244,0.7230077188301527
2017-04-03,722.38,-0.5562586353652773,-0.030000136737177545,0.6984404499512524
2017-04-04,724.14,-0.6217444948246265,-0.03247507964940587,0.6719221580697996
2017-04-05,723.22,-0.5303775931169802,-0.03247507964940587,0.6919237002002485
2017-04-07,727.95,-0.502475429472223,-0.03247507964940587,0.69840608433722
2017-04-10,729.87,-0.5094209183194495,-0.03247507964940587,0.6967764366134868
2017-04-11,731.33,-0.49552398164716127,-0.03247507964940587,0.700047682740387
2017-04-12,725.58,-0.29378094903295715,-0.024807740014884644,0.7902779779838502
2017-04-13,724.35,-0.27905226421054863,-0.023151791261130643,0.8026327328538874
2017-04-14,718.45,-0.1464614286773877,-0.01512979330503167,0.8807241060257704
2017-04-17,710.83,0.1006728177118617,-0.012821407145946316,0.9659931894684577
2017-04-18,714.93,0.008570793494242538,-0.012821407145946316,0.9384641393606268
2017-04-19,716.77,0.010269561736139866,-0.012821407145946316,0.9389737244888778
2017-04-20,712.66,0.11668265564390946,-0.007128223837453943,0.9992056763210576
2017-04-21,712.41,0.11794052342990965,-0.006779803764685964,1.0013199910145976
2017-04-24,709.39,0.2102521902973639,-0.0043766100662031085,1.0402793121145228
2017-04-25,707.58,0.3060036387214512,-0.0043766100662031085,1.0671560815381553
2017-04-26,710.04,0.2611260695445214,-0.0043766100662031085,1.054721494134191
2017-04-27,716.53,0.26197553621848674,-0.0043766100662031085,1.0549596661235205
2017-04-28,717.73,0.4830002795454332,-0.0043766100662031085,1.112709913906529
2017-05-03,719.54,0.35703926811179426,-0.0043766100662031085,1.080897993718226
2017-05-04,722.02,0.3263746817484234,-0.0043766100662031085,1.0726948043054707
2017-05-05,720.0,0.3712079155906846,-0.004260180083322232,1.0852134431568654
2017-05-08,718.86,0.4325061210654358,-0.004260180083322232,1.1009231739036704
2017-05-09,722.11,0.39670665193074917,-0.004260180083322232,1.0918373572742577
2017-05-10,724.31,0.1905120607027559,-0.01077386934673362,1.002602704145492
2017-05-11,724.99,0.17580765126611478,-0.011296482412060235,0.9957231263543009
2017-05-12,725.37,0.2509067755591535,-0.011296482412060235,1.0172488445596766
2017-05-15,725.35,0.22076755297436784,-0.011296482412060235,1.008692440887838
2017-05-16,725.03,0.31914159045167484,-0.011296482412060235,1.0361367488972466
2017-05-17,727.2,0.4192398040974965,-0.011296482412060235,1.0624045323352123
2017-05-18,726.99,0.4868996507101465,-0.011296482412060235,1.079043266597522
2017-05-19,733.82,0.2616373311347478,-0.011296482412060235,1.0202654914406006
2017-05-22,744.1,-0.015108252263099219,-0.011296482412060235,0.9389854570891731
2017-05-23,740.93,0.086651829241107,-0.011296482412060235,0.9694482686624384
2017-05-24,742.74,0.14463702872513756,-0.011296482412060235,0.9866086284764946
2017-05-25,741.91,0.25512108452490573,-0.011296482412060235,1.0184355336381927
2017-05-26,743.41,0.1894509867208169,-0.011296482412060235,0.9996825349433025
2017-05-29,746.25,0.12453435502194217,-0.011296482412060235,0.9806859471974136
2017-05-30,738.21,0.4102649712488962,-0.004963767154195324,1.0917904565953913
2017-05-31,737.82,0.4734147947702694,-0.004963767154195324,1.1074674459006004
2017-06-01,741.8,0.3812488774040575,-0.004963767154195324,1.0843186307748667
2017-06-02,738.81,0.4312937580793062,-0.004963767154195324,1.0971017504208247
2017-06-05,743.49,0.3645578094319826,-0.004963767154195324,1.0799478669701101
2017-06-06,751.31,0.2314535849669252,-0.004963767154195324,1.043403330622059
2017-06-07,753.46,0.07498662027004178,-0.006485268989799605,0.9900275708281615
2017-06-08,750.13,0.17040989032110324,-0.006485268989799605,1.0182074412713327
2017-06-09,749.72,0.2532424354301796,-0.006485268989799605,1.0419629062439242
2017-06-12,751.09,0.30189104825287805,-0.006485268989799605,1.0554863227677722
2017-06-13,756.89,0.21516645741221935,-0.006485268989799605,1.0311455526200937
2017-06-14,760.77,0.04590666073086504,-0.006485268989799605,0.9813359869502049
2017-06-15,760.57,0.12400258384515661,-0.006485268989799605,1.0045849214037532
2017-06-16,761.24,0.19368058353945206,-0.006485268989799605,1.0249620308038334
2017-06-19,766.83,-0.07902177708193944,-0.008841755574011319,0.9321339107485739
2017-06-20,767.99,-0.2502122100714414,-0.020558359419919545,0.8236727631049139
2017-06-21,767.41,-0.1707168110079128,-0.020558359419919545,0.8464849680344854
2017-06-22,766.3,-0.045814711497771964,-0.020558359419919545,0.8834733978360001
2017-06-23,769.01,-0.0524957730283471,-0.020558359419919545,0.8814739218801725
2017-06-26,772.52,-0.1434131604121136,-0.020558359419919545,0.8544768108184098
2017-06-27,767.51,-0.17154033078999922,-0.020558359419919545,0.846245008199231
2017-06-28,769.04,-0.2425612938815351,-0.020558359419919545,0.825834142425392
2017-06-29,771.75,-0.2327521063586765,-0.020558359419919545,0.8286167348874786
2017-06-30,776.47,-0.3865478439347075,-0.020558359419919545,0.7866940994475965
2017-07-03,778.88,-0.5707286317715482,-0.026563598032326025,0.7124137535189499
2017-07-04,775.54,-0.5120011185201204,-0.029272343959624313,0.7121874082587036
2017-07-05,778.32,-0.42271296043663953,-0.029272343959624313,0.7338742328495487
2017-07-06,782.65,-0.38792312386953565,-0.029272343959624313,0.7427677628907492
2017-07-07,775.73,-0.2995915834563618,-0.023846845689322816,0.7934841282762679
2017-07-10,766.56,0.006986121964976398,-0.023846845689322816,0.8828615740471473
2017-07-11,769.36,0.033766265790452124,-0.023846845689322816,0.8908918031485697
2017-07-12,774.17,-0.05228701271897174,-0.023846845689322816,0.8650939470346009
2017-07-13,778.3,-0.1390834014275759,-0.023846845689322816,0.8393077311200792
2017-07-14,777.6,-0.07239439970865641,-0.02296810699588479,0.8634790072729539
2017-07-17,768.91,0.10769422200539512,-0.014987683132373844,0.9572455234421101
2017-07-18,767.49,0.2142325560346101,-0.014987683132373844,0.9883658394590898
2017-07-19,771.3,0.09063315952790314,-0.014987683132373844,0.9521773265808172
2017-07-20,768.41,-0.16998042191871962,-0.02436379227723278,0.8276724317714229
2017-07-21,761.86,-0.015220569923321684,-0.024653837423390335,0.8721649944818528
2017-07-24,759.74,0.037278071596597975,-0.02635627632474965,0.8793968623687302
2017-07-25,767.27,-0.051707911723121884,-0.02635627632474965,0.8527200552759145
2017-07-26,773.88,-0.27139109553224156,-0.027642563494665782,0.7823115493625493
2017-07-27,771.5,-0.16658684593954753,-0.027642563494665782,0.8122683521285753
2017-07-28,777.09,-0.39316801213372493,-0.03201846200408583,0.7276812521677164
2017-07-31,783.55,-0.50344373459209,-0.03201846200408583,0.7004613417819344
2017-08-01,786.81,-0.5597769716329032,-0.03201846200408583,0.6875641091007078
2017-08-02,786.23,-0.6656829302763898,-0.04000100885268232,0.6253550711038413
2017-08-03,788.49,-0.6279927617539055,-0.04000100885268232,0.6329943973532566
2017-08-04,788.68,-0.5659172263132269,-0.04000100885268232,0.6462885865829959
2017-08-07,792.98,-0.6195522777108529,-0.04000100885268232,0.6347500893043614
2017-08-08,791.57,-0.49718791439607146,-0.03829099132104559,0.6705742252743221
2017-08-09,773.66,-0.1583833672647035,-0.019209709213187792,0.856829806464545
2017-08-10,773.43,-0.08780381827028355,-0.019209709213187792,0.8776777927980212
2017-08-11,772.08,0.02083721729450741,-0.019209709213187792,0.91020171454916
2017-08-14,776.17,0.07311422601337186,-0.019209709213187792,0.9258467205322746
2017-08-15,771.06,0.20956738102096684,-0.015913233450108016,0.9823995452457344
2017-08-16,773.57,0.18735047262248292,-0.015913233450108016,0.9759904741161349
2017-08-17,767.59,0.33784585817791823,-0.01002639894924384,1.0475338787487014
2017-08-18,768.97,0.3826965328575354,-0.01002639894924384,1.0593820931445093
2017-08-21,768.79,0.3433054230936452,-0.00979461231285523,1.050154479845408
2017-08-22,761.26,0.4922929626062256,-0.0046555167249126535,1.113532745870761
2017-08-23,765.98,0.4402014971822464,-0.0046555167249126535,1.1008658510550478
2017-08-24,769.77,0.4355755113535149,-0.0046555167249126535,1.0997135036303733
2017-08-25,771.63,0.38470055407885184,-0.0046555167249126535,1.086757212675914
2017-08-28,777.26,0.3260283364135673,-0.0046555167249126535,1.071206684026015
2017-08-29,774.03,0.39262645936628116,-0.0046555167249126535,1.0888090958384913
2017-08-30,778.65,0.3109869836714548,-0.0046555167249126535,1.0671228344133383
2017-08-31,782.76,0.1947117454339876,-0.004877022293190804,1.0333012337899323
2017-09-01,788.73,0.12824653937763802,-0.004877022293190804,1.0138792995212123
2017-09-05,792.31,0.0457525654424652,-0.004877022293190804,0.989331088807394
2017-09-06,793.55,0.04139097395258646,-0.004877022293190804,0.9880250944215904
2017-09-07,796.72,-0.02528307320777934,-0.005075073959919322,0.9670413240044029
2017-09-08,801.2,-0.09155608659208138,-0.005075073959919322,0.94723429480473
2017-09-11,797.47,-0.027767345222744298,-0.005075073959919322,0.9662965669065149
2017-09-12,799.94,-0.08445289283413117,-0.006981321252181646,0.9398175888018592
2017-09-13,802.78,-0.19282637826631494,-0.012217312191317916,0.8817719876225102
2017-09-14,806.32,-0.1459812638260103,-0.012217312191317916,0.8954275245454799
2017-09-15,805.82,-0.1473236140554957,-0.012217312191317916,0.8950333578011996
2017-09-18,807.87,-0.1372151249463208,-0.012217312191317916,0.8980053191087225
2017-09-19,805.93,-0.07358021287672774,-0.011311684610905301,0.921407263678452
2017-09-20,805.86,-0.06639390036907322,-0.011311684610905301,0.9235526227478142
2017-09-21,803.93,0.022033964953792264,-0.011311684610905301,0.9500506968999828
2017-09-22,807.13,0.0016607896472498362,-0.011311684610905301,0.9439398133815663
2017-09-25,805.58,0.120358206205291,-0.00940936964671422,0.988887265936792
2017-09-26,805.35,0.1113197861869614,-0.009126466753585426,0.987626333929727
2017-09-27,803.77,0.25740173390239696,-0.008473944484481064,1.033189383153965
2017-09-28,804.82,0.24046198817464995,-0.008473944484481064,1.028409898324809
2017-09-29,804.42,0.2823291623446126,-0.007980905497128316,1.0426132925712421
2017-10-02,802.23,0.27269183196307745,-0.005272802064245937,1.053474332112707
2017-10-03,798.0,0.22473620247730122,-0.010724669151798085,1.012684925949104
2017-10-04,805.66,0.16317186425386018,-0.010724669151798085,0.9948983450234307
2017-10-05,805.23,0.2731774786436048,-0.010724669151798085,1.0263503545406152
2017-10-06,807.8,0.23182097380591354,-0.010724669151798085,1.0147033288009
2017-10-09,808.96,0.3619817442233867,-0.010724669151798085,1.0504641780908064
2017-10-10,810.65,0.3834483471723379,-0.010724669151798085,1.0560861768818697
2017-10-11,813.95,0.19036457248800237,-0.010724669151798085,1.0028060253163382
2017-10-12,815.87,0.25296818203072646,-0.010724669151798085,1.020688683006792
2017-10-13,820.95,-0.007898819628758165,-0.014327969711310947,0.9259905548353912
2017-10-16,819.43,0.1666514449433117,-0.014327969711310947,0.9778978333277729
2017-10-17,828.29,0.06323362210281355,-0.014327969711310947,0.9473049945412747
2017-10-18,827.72,0.12624921539303338,-0.014327969711310947,0.9660349638567801
2017-10-19,828.93,0.28080209396454825,-0.014327969711310947,1.010454333705448
2017-10-20,826.84,0.3247809866254222,-0.014327969711310947,1.0225071999789088
2017-10-23,820.04,0.6004730339064265,-0.014327969711310947,1.0895759760112136
2017-10-24,825.24,0.6987946703025811,-0.014327969711310947,1.1094407962271116
2017-10-25,830.69,0.6217340880126404,-0.014327969711310947,1.0940604255470732
2017-10-26,830.11,0.6567505670279111,-0.014327969711310947,1.1012192109698102
2017-10-27,840.37,0.5945041782307933,-0.014327969711310947,1.088298349039494
2017-10-30,845.2,0.47021640177515805,-0.014327969711310947,1.059872395499023
2017-10-31,837.28,0.8016997583868437,-0.01141555220657166,1.1424180259816656
2017-11-01,842.71,0.8958245068299224,-0.01141555220657166,1.157199837829753
2017-11-02,833.09,1.3523362911492731,-0.002363351254480175,1.2505643237004866
2017-11-03,843.73,1.1003140640124551,-0.002363351254480175,1.228366785410239
2017-11-06,849.09,1.0121970075875,-0.002363351254480175,1.21818400122431
2017-11-07,850.33,1.0527337361600297,-0.002363351254480175,1.2230433158340375
2017-11-08,859.7,0.8807147981520845,-0.002363351254480175,1.2002164137133544
2017-11-09,860.4,1.0338237076055088,-0.002363351254480175,1.2208144536390113
2017-11-10,868.21,0.8385688349522731,-0.002363351254480175,1.19369832731669
2017-11-13,879.34,0.7522266644050861,-0.002363351254480175,1.179125884887373
2017-11-14,880.9,0.8570194541320121,-0.002363351254480175,1.1965988931167921
2017-11-15,882.59,0.5943733872153952,-0.017236758004989618,1.0737263205210803
2017-11-16,892.8,0.3286903067349168,-0.023071689243520748,0.9798445944060378
2017-11-17,890.69,0.2541791840722408,-0.0323395393909404,0.9129552383624209
2017-11-20,903.55,0.042450514417554236,-0.0323395393909404,0.8510298131019367
2017-11-21,918.3,-0.4851835423361825,-0.05419475887095105,0.5939106099423843
2017-11-22,932.66,-0.5872748936241726,-0.05419475887095105,0.5706463498621056
2017-11-23,933.7,-0.6246615155592372,-0.05419475887095105,0.5627166140718377
2017-11-24,935.57,-0.4910300148988491,-0.05419475887095105,0.5925161376510015
2017-11-27,938.61,-0.5295142527584655,-0.05419475887095105,0.5835232970390494
2017-11-28,941.21,-0.2617859040361527,-0.05419475887095105,0.6522366489579167
2017-11-29,952.14,-0.5059271382309417,-0.05419475887095105,0.5889964792681951
2017-11-30,949.93,-0.4318261927182991,-0.05419475887095105,0.6069722994009836
2017-12-01,960.33,-0.6598579880236604,-0.05419475887095105,0.5555455365711554
2017-12-04,970.02,-0.7428144202360062,-0.05419475887095105,0.5397734383715275
2017-12-05,953.3,-0.3776101374921406,-0.03760621000734282,0.7037798867061849
2017-12-06,947.64,-0.20168836786912914,-0.031858089569878796,0.7810103404783568
2017-12-07,938.65,-0.038191915261015036,-0.024155462899931843,0.8677706784319776
2017-12-08,940.16,0.027850653801813077,-0.024155462899931843,0.8875757220501274
2017-12-11,917.45,0.376828688691304,-0.012525311567125233,1.045358502529499
2017-12-12,927.25,0.3556919149828658,-0.012525311567125233,1.0397975602700156
2017-12-13,924.4,0.479953960196577,-0.012525311567125233,1.0712354634889458
2017-12-14,935.85,0.45839008708076506,-0.012525311567125233,1.0660047961582566
2017-12-15,935.16,0.41152529810524624,-0.012525311567125233,1.0543035499860691
2017-12-18,958.06,0.21318899313861778,-0.012525311567125233,1.0003785026535768
2017-12-19,951.42,0.3706269121163458,-0.007813237407053985,1.067295796289723
2017-12-20,953.51,0.3820882878161424,-0.007813237407053985,1.070289708527224
2017-12-21,946.06,0.5412366628945303,-0.00696249080657026,1.1133645970850348
2017-12-22,952.32,0.4873137681327138,-0.00696249080657026,1.1008120874126928
2017-12-25,958.31,0.5247417978549971,-0.00696249080657026,1.1095929798002508
2017-12-26,965.93,0.43065610970899465,-0.00696249080657026,1.086948390962834
2017-12-27,968.46,0.19933207327313662,-0.027062352487611283,0.9237082363793303
2017-12-28,976.72,0.23610375987223584,-0.027062352487611283,0.9342319056298005
2017-12-29,984.24,0.25666108858398545,-0.027062352487611283,0.9400392056754752
2018-01-02,995.77,0.32914464584429226,-0.027062352487611283,0.9600138357175674
2018-01-03,1005.67,0.22964466188366975,-0.027062352487611283,0.9323955798309098
2018-01-04,1019.75,0.09265464135234786,-0.027062352487611283,0.8924053592469521
2018-01-05,1012.65,0.30080696148569913,-0.027062352487611283,0.9523035132661415
2018-01-08,1022.9,0.2914919147710596,-0.027062352487611283,0.9497404552161011
2018-01-09,1033.56,0.1414125851413181,-0.027062352487611283,0.9068314668929731
2018-01-10,1038.11,0.12410056293978192,-0.027062352487611283,0.9017284499095004
2018-01-11,1048.17,0.024172923157748438,-0.027062352487611283,0.8719387023423997
2018-01-12,1050.11,-0.06972703504572772,-0.027062352487611283,0.8438039615544937
2018-01-15,1063.47,-0.1616963233051678,-0.027062352487611283,0.816597731833122
2018-01-16,1062.96,-0.5935605116969548,-0.05999247068946977,0.540302186838886
2018-01-17,1034.69,-0.5478873277775681,-0.09325588899645053,0.38404001515626174
2018-01-18,1050.25,-0.4562968110717649,-0.09325588899645053,0.4056021921800076
2018-01-19,1062.07,-0.6810113653640716,-0.09325588899645053,0.35606760634214685
2018-01-22,1086.51,-0.982798269095157,-0.10012190312287121,0.27371758939252955
2018-01-23,1086.51,-0.7013730313793352,-0.10012190312287121,0.3184284285962635
2018-01-24,1086.51,-0.6022859250435575,-0.10012190312287121,0.3383977450616049
2018-01-25,1104.57,-0.5453192968032865,-0.10012190312287121,0.35089882767660485
2018-01-26,1115.64,-0.7418705862380648,-0.10012190312287121,0.31091780131959323
2018-01-29,1109.8,-0.48817289895628957,-0.09600561878691821,0.3841423812593093
2018-01-30,1110.56,-0.40561998615332345,-0.09600561878691821,0.4045477029117733
2018-01-31,1110.36,-0.3677936059488012,-0.09584278972585454,0.41516796240039644
2018-02-01,1099.67,-0.2251249125952324,-0.09148990081806986,0.476131317618885
2018-02-02,1105.04,-0.32558166619639256,-0.09148990081806986,0.44818695447074103
2018-02-05,1048.71,0.14473644610836917,-0.04269054362025725,0.8296675318934299
2018-02-06,1011.6,0.25413182707848486,-0.03518331651530431,0.8987230252301043
2018-02-07,1040.55,0.1913290699600805,-0.03518331651530431,0.8807918496128232
2018-02-08,1023.25,0.259685432820523,-0.027905446851636078,0.9366731508783819
2018-02-09,1003.94,0.44293579418121365,-0.027905446851636078,0.9852952532558985
2018-02-12,1041.79,0.18932021750946146,-0.027905446851636078,0.9165998560942319
2018-02-13,1059.73,0.11462322849627847,-0.027905446851636078,0.8947099240023169
2018-02-21,1087.15,0.00854525585054586,-0.027905446851636078,0.8630362801001534
2018-02-22,1076.03,0.1064580342138407,-0.027905446851636078,0.8922900682413308
2018-02-23,1102.85,-0.03577831765836314,-0.027905446851636078,0.849743848039996
2018-02-26,1114.53,-0.04768206358341124,-0.027905446851636078,0.8461789777115462
2018-02-27,1119.61,-0.033685903204074254,-0.027905446851636078,0.8503708155208196
2018-02-28,1124.87,-0.05710419335913279,-0.027905446851636078,0.8433601045206567
2018-03-01,1115.79,0.042408924712780884,-0.024732208952827763,0.8890540108160863
2018-03-02,1121.21,0.02388097593436554,-0.024732208952827763,0.8835018863923108
2018-03-05,1093.48,0.10118823918288022,-0.01601044047903373,0.9502010847019617
2018-03-06,1120.29,0.04298580730845124,-0.01601044047903373,0.9328356028337068
2018-03-07,1112.26,0.06731542986965937,-0.01601044047903373,0.9401119786603795
2018-03-08,1124.15,0.0030417264600559662,-0.01601044047903373,0.9208603127286228
2018-03-09,1123.41,-0.023674345795190278,-0.01601044047903373,0.9128468204559317
2018-03-12,1126.29,-0.007304912925628955,-0.01601044047903373,0.9177563627066064
2018-03-13,1133.31,0.01849973167917902,-0.01601044047903373,0.9254970840602961
2018-03-14,1138.09,-0.026932281424340534,-0.01601044047903373,0.9118700661379624
2018-03-15,1138.76,-0.0208809635592207,-0.01601044047903373,0.9136844188188862
2018-03-16,1150.19,-0.059222314955992804,-0.01601044047903373,0.9022018449589315
2018-03-19,1159.22,-0.07887102975205043,-0.01601044047903373,0.8963354297279774
2018-03-20,1159.39,-0.0361634097381512,-0.01601044047903373,0.9091035016331863
2018-03-21,1169.36,-0.11986174724592558,-0.01601044047903373,0.8841604929808177
2018-03-22,1172.36,-0.2571042700038978,-0.030905150581651233,0.7699987260297239
2018-03-23,1153.59,-0.14514289707759923,-0.030905150581651233,0.8022345879122652
2018-03-26,1171.22,-0.2906545781094445,-0.0391836124650219,0.7192607851756945
2018-03-27,1171.73,-0.3216590691624687,-0.046366029244476116,0.6748679669798001
2018-03-28,1172.24,-0.2957688970129954,-0.046366029244476116,0.6819391082519028
2018-03-29,1167.03,-0.32680540289917004,-0.054636187755847616,0.6321248486731148
2018-03-30,1174.46,-0.5373679887396384,-0.09108799083307717,0.39726213143707045
2018-04-02,1196.61,-0.5255134675008627,-0.09108799083307717,0.399976815759724
2018-04-03,1188.29,-0.6523184366247529,-0.10590950985195084,0.3280314038636878
2018-04-04,1191.54,-0.6411352631391514,-0.10590950985195084,0.3302983865844984
2018-04-05,1193.17,-0.7932927899402391,-0.13241387327393658,0.3019188946109057
2018-04-06,1199.96,-0.8123450459355662,-0.13241387327393658,0.2987354386667411
2018-04-09,1204.33,-0.9197109458242895,-0.14551659428894076,0.28227180726644663
2018-04-10,1198.12,-0.8899994386392749,-0.1432744633258771,0.28658196363435584
2018-04-11,1167.11,-0.7113531054987473,-0.12494245622410526,0.31654261136844863
2018-04-12,1173.02,-0.5715096024113153,-0.12494245622410526,0.34505987762215007
2018-04-13,1157.14,-0.49612219790366546,-0.11293361218175851,0.3622813972747685
2018-04-16,1148.49,-0.45600740195568334,-0.10996462264150939,0.3719526338287471
2018-04-17,1153.28,-0.6019739551292337,-0.10996462264150939,0.33846418991844773
2018-04-18,1138.53,-0.4971803208732446,-0.0984339455262487,0.3698612504784427
2018-04-19,1094.63,-0.1513300729684567,-0.08340328255317618,0.5379279777569972
2018-04-20,1119.86,-0.2362116165024463,-0.08340328255317618,0.5134093017073921
2018-04-23,1076.78,-0.07846666443126321,-0.050224845938893696,0.7253839643506867
2018-04-24,1080.74,-0.19482627844528214,-0.050224845938893696,0.6911563363189721
2018-04-26,1044.86,0.02024867045010723,-0.039925477410339916,0.8064463840064542
2018-04-27,1050.26,-0.09230163759425848,-0.05451327433628317,0.6998215072104944
2018-05-02,1029.08,-0.09756198648568276,-0.08159292035398233,0.5628593129088861
2018-05-03,1026.46,-0.07695040216174,-0.08159292035398233,0.5689957350536365
2018-05-04,1026.8,-0.09061629654285058,-0.08159292035398233,0.5649246735614415
2018-05-07,1062.26,-0.34725230104571897,-0.10209594783418725,0.3998190514275003
2018-05-08,1060.45,-0.48220416802233806,-0.132044713553796,0.3655978647640551
2018-05-09,1056.97,-0.37380280965303414,-0.132044713553796,0.392805948841083
2018-05-10,1028.87,-0.32206657552927026,-0.132044713553796,0.40658770009692313
2018-05-11,1044.85,-0.3473883869478853,-0.132044713553796,0.39978277993335576
2018-05-14,1066.98,-0.33900198695404915,-0.132044713553796,0.4020241642621235
2018-05-15,1073.5,-0.29910083958887895,-0.132044713553796,0.41285313735373896
2018-05-16,1054.62,-0.18310521478470065,-0.1165064193738028,0.4456742190617191
2018-05-17,1030.64,0.03336292926168881,-0.10455148288388719,0.5100051668533983
2018-05-18,1040.54,0.00720165447450192,-0.10455148288388719,0.5021604589925892
2018-05-21,1014.98,0.18634706551399835,-0.08200161579538515,0.6452578098491412
2018-05-22,985.91,0.331455550846239,-0.057829595324286664,0.8068004375168183
2018-05-23,988.94,0.26719417105230886,-0.057829595324286664,0.789155647502616
2018-05-24,985.92,0.34249499710130393,-0.054943605972086945,0.8241928706663811
2018-05-25,963.9,0.4037237005757187,-0.0333540823736902,0.9481687647636028
2018-05-28,931.75,0.5840248090209962,-0.022424977382533497,1.0455504895492054
2018-05-29,952.18,0.32019213299243,-0.04973917730168808,0.8442083050661715
2018-05-30,948.5,0.23456890543179273,-0.07397355200092397,0.6992400404923571
2018-05-31,971.25,0.16404903202118112,-0.07397355200092397,0.6789101608108281
2018-06-01,992.87,0.017669695717509232,-0.07397355200092397,0.6354325970995569
2018-06-04,1013.78,-0.04066660778217061,-0.07397355200092397,0.6179389785485834
2018-06-05,1022.74,-0.0447430328886433,-0.07397355200092397,0.6167182802440381
2018-06-06,1034.5,-0.13879421307387257,-0.07397355200092397,0.5887593026401623
2018-06-07,1036.69,-0.20924912903271276,-0.07397355200092397,0.5682579357415449
2018-06-08,1039.01,-0.26658127029120154,-0.07860291428461431,0.5288531754914172
2018-06-11,1039.02,-0.2471717632308469,-0.07860291428461431,0.5343079559477899
2018-06-12,1020.76,-0.21262065089919363,-0.08090982310073457,0.5326088257416917
2018-06-13,1030.53,-0.4391889974634818,-0.12083102869397298,0.3761084065575876
2018-06-14,1015.72,-0.3124286317707897,-0.10870527589497397,0.4092065301799275
2018-06-15,1016.51,-0.3891633797520331,-0.11520791728561453,0.388808371813522
2018-06-18,987.34,-0.14086868795727642,-0.09199208496547269,0.49805630723773786
2018-06-19,962.16,-0.016925229689397123,-0.09199208496547269,0.5349624910561519
2018-06-20,980.95,-0.14891555302094991,-0.09199208496547269,0.49569223882572633
2018-06-21,969.4,-0.1566615995893837,-0.09829180632395107,0.4619232433355389
2018-06-22,983.17,-0.20228828833914395,-0.09829180632395107,0.4486689282673665
2018-06-25,990.52,-0.18802727842798528,-0.09829180632395107,0.452788273169499
2018-06-26,983.02,-0.14773916998884495,-0.09141217879595534,0.4989370325431839
2018-06-27,968.91,-0.023690237706891982,-0.07818063597238134,0.6019910780885819
2018-06-28,957.35,0.14967400443817416,-0.07038031599325549,0.6926682946927629
2018-06-29,960.78,0.13150615932517068,-0.07038031599325549,0.6873244050775658
2018-07-02,947.15,0.15975018041075234,-0.05700258670749091,0.762508555319668
2018-07-03,906.01,0.38043506020071244,-0.02653922028097789,0.9762294685120082
2018-07-04,914.99,0.32529167010204485,-0.02653922028097789,0.9615890416027498
2018-07-05,899.4,0.38314127415779414,-0.02653922028097789,0.9769336103245913
2018-07-06,917.51,0.28727300116715104,-0.02653922028097789,0.9511907856166896
2018-07-09,915.12,0.3022252182662649,-0.023996852871754563,0.9680200364560861
2018-07-10,911.12,0.3883049596018916,-0.019712002809728724,1.0124093945939536
2018-07-11,893.16,0.4969339546466452,-0.017362839920760178,1.0510965381233897
2018-07-12,898.51,0.44541288128753,-0.017362839920760178,1.0386221313411372
2018-07-13,909.72,0.3903662673799394,-0.017362839920760178,1.0246885826796084
2018-07-16,911.11,0.3966581647513854,-0.017362839920760178,1.0263115805343128
2018-07-17,921.27,0.31930189898080047,-0.017362839920760178,1.0058484678385682
2018-07-18,942.39,0.21355561560226194,-0.017362839920760178,0.976295988330851
2018-07-19,943.97,0.21653268480122198,-0.017362839920760178,0.9771490477963961
2018-07-20,933.39,0.26507946983543634,-0.00977859384674506,1.0288191395818478
2018-07-23,936.74,0.24266783398082706,-0.00977859384674506,1.022511243364702
2018-07-24,934.08,0.30508789280075493,-0.006958718739294279,1.0539949463694849
2018-07-25,927.58,0.3256679953763115,-0.003785066761467607,1.0754615433642234
2018-07-26,930.16,0.23404202580941966,-0.017275394318541894,0.982581134589807
2018-07-27,935.52,0.21653217410253545,-0.017275394318541894,0.9775861295625992
2018-07-30,949.73,0.1974823151305818,-0.017275394318541894,0.9721093841063246
2018-07-31,956.39,0.16041893996376408,-0.017275394318541894,0.9613400902022284
2018-08-01,952.77,0.22132368808190905,-0.017275394318541894,0.9789568282364152
2018-08-02,953.55,0.20700427677438318,-0.017275394318541894,0.9748522269150606
2018-08-03,959.6,0.21359860213172643,-0.017275394318541894,0.9767455414864232
2018-08-06,960.23,0.23508365918774637,-0.017275394318541894,0.9828770429925431
2018-08-07,956.79,0.2855225548640657,-0.017275394318541894,0.9970256046721595
2018-08-08,966.27,0.2261539602057534,-0.017275394318541894,0.9803357218365825
2018-08-09,963.5,0.18823159684959012,-0.017275394318541894,0.9694348999106217
2018-08-10,968.47,0.21676468183681463,-0.017275394318541894,0.9776527077350332
2018-08-13,978.04,0.09267730093116697,-0.017275394318541894,0.9413468899252722
2018-08-14,978.27,-0.00763815455979103,-0.02217279349143847,0.8868446307358975
2018-08-15,961.37,0.06316270860863556,-0.029687296482210662,0.8704871713815199
2018-08-16,964.28,-0.01095847864607383,-0.039957117236265986,0.7969270018169838
2018-08-17,968.88,-0.010759833668905892,-0.039957117236265986,0.7969865882831503
2018-08-20,969.62,-0.04959854122191953,-0.039957117236265986,0.78534704077485
2018-08-21,979.21,-0.006944082667601193,-0.039957117236265986,0.7981312225023078
2018-08-22,982.15,-0.02108547543651336,-0.039957117236265986,0.793889708475521
2018-08-23,987.36,-0.021607272474327144,-0.039957117236265986,0.7937332406758731
2018-08-24,987.05,0.028933823621053106,-0.039957117236265986,0.8088921394740681
2018-08-27,991.92,0.0009849203692212983,-0.039957117236265986,0.8005098898338926
2018-08-28,995.19,0.02400080858869834,-0.039957117236265986,0.8074132741740351
2018-08-29,988.17,0.10292833116852369,-0.039957117236265986,0.8309843285364583
2018-08-30,998.07,0.08704731279310181,-0.039957117236265986,0.8262628491648262
2018-08-31,989.54,0.14079338204524638,-0.03168138731127586,0.8835541818175529
2018-09-04,975.94,0.2847777007686945,-0.018187593499600384,0.9922583805296302
2018-09-05,968.44,0.31665952671666925,-0.010584032051546817,1.039024839393489
2018-09-06,958.19,0.39966712300509843,-0.003762583977242942,1.095086311244808
2018-09-07,968.9,0.3336032189032144,-0.003762583977242942,1.0777134912866664
2018-09-10,970.34,0.33403223420820627,-0.003762583977242942,1.077828855663397
2018-09-11,985.06,0.16652407995034424,-0.004178423603669147,1.0286083954245644
2018-09-12,987.01,0.1575156885403147,-0.004178423603669147,1.0259756134149194
2018-09-13,987.95,0.19353070998187918,-0.004178423603669147,1.0364529397503517
2018-09-14,991.34,0.170452079964825,-0.004178423603669147,1.0297539644576101
2018-09-17,987.61,0.12691056910644705,-0.014878568218674917,0.9634772321221003
2018-09-18,993.49,0.009608159066909538,-0.026865438346261306,0.8685551672926679
2018-09-19,995.54,-0.018515816329662003,-0.026865438346261306,0.8601186980705862
2018-09-20,1004.74,-0.132694808528606,-0.028975596412731255,0.8155455892566017
2018-09-21,1002.97,-0.4667623004763734,-0.07593638264199606,0.4896442048732756
2018-09-24,1011.29,-0.3556164248825045,-0.07593638264199606,0.5179139764168028
2018-09-25,1010.74,-0.5110328940413403,-0.07593638264199606,0.4790932100465028
2018-09-26,1009.61,-0.5885355302665315,-0.07593638264199606,0.4616656283670076
2018-09-27,1015.37,-0.5599869919438976,-0.07593638264199606,0.46792775237279033
2018-09-28,1017.13,-0.7118530324571017,-0.07593638264199606,0.4367668349357164
2018-10-01,1012.88,-0.6989329420646468,-0.07593638264199606,0.4392110758741849
2018-10-02,1018.79,-0.8163291292459576,-0.07593638264199606,0.41839800587203596
2018-10-03,1020.4,-0.9807471564862281,-0.0820030870830973,0.36396781634439357
2018-10-04,1023.62,-1.3137147977276327,-0.09856196635470192,0.24762646374164066
2018-10-05,1008.39,-1.2015997030276244,-0.0974027905869753,0.2627434776181632
2018-10-08,996.12,-1.1166765090394286,-0.09573474939519569,0.27940331547528163
2018-10-09,996.19,-1.2379031390783393,-0.10778064425461006,0.24654305010470967
2018-10-10,993.96,-1.2035642359267675,-0.10590969455511286,0.2495784365296586
2018-10-11,945.89,-0.2513129057116958,-0.08533347056401808,0.4994869224281553
2018-10-12,970.08,-0.51218155448578,-0.08533347056401808,0.4318396821146262
2018-10-15,951.64,-0.2267596125829947,-0.08533347056401808,0.5064472663380226
2018-10-16,963.37,-0.3185916856261603,-0.08533347056401808,0.4808627588190022
2018-10-17,971.6,-0.4202084729055575,-0.08533347056401808,0.4542008337745568
2018-10-18,963.47,-0.3589061331879595,-0.07761528641265424,0.5086485190888852
2018-10-19,958.36,-0.2782031040649638,-0.07269710755874614,0.5551421027377852
2018-10-22,953.51,-0.3148444293807552,-0.06798040922486386,0.5686466087668831
2018-10-23,939.68,-0.13952196163037328,-0.05426315341392804,0.6870971448780083
2018-10-24,922.73,-0.05042378982547144,-0.036890531358035356,0.8004330137807405
2018-10-25,910.17,0.0041582356674816166,-0.02736753465474805,0.8644097902365804
2018-10-26,900.82,0.06131915547779707,-0.0314483741417282,0.861130854318394
2018-10-29,888.82,0.18588583447605783,-0.0314483741417282,0.8978903332782058
2018-10-30,888.69,0.31853019095143337,-0.0314483741417282,0.935211321671072
2018-10-31,914.76,0.09129842501332312,-0.0314483741417282,0.8700718087636805
2018-11-01,907.96,0.18669517889140222,-0.0314483741417282,0.8981249014932651
2018-11-02,924.86,0.05161755714170364,-0.0314483741417282,0.8582296582366975
2018-11-05,925.53,0.0112828066730235,-0.0314483741417282,0.8461428276685028
2018-11-06,922.05,0.07408559619166367,-0.0314483741417282,0.8649432340456267
2018-11-07,922.16,0.08737535464586041,-0.0314483741417282,0.8689042324636727
2018-11-08,926.28,0.07713705046541366,-0.0314483741417282,0.8658534559010751
2018-11-09,914.29,0.15640607065069045,-0.02284015161416811,0.9323421563854607
2018-11-12,918.12,0.1298850862635463,-0.02284015161416811,0.9245471184974757
2018-11-13,907.99,0.3785347732882074,-0.011938457471998625,1.0487380103107053
2018-11-14,900.93,0.5002445605105863,-0.006977347958719989,1.1038061010807017
2018-11-15,897.15,0.5258074544419086,-0.006977347958719989,1.1097641914551453
2018-11-16,898.19,0.5109851562965254,-0.006977347958719989,1.1063269890553575
2018-11-19,916.06,0.37325755605930855,-0.006977347958719989,1.0721645917345948
2018-11-20,919.02,0.3397596769882961,-0.006977347958719989,1.0632921084568314
2018-11-21,922.56,0.3075557104621234,-0.006977347958719989,1.054576801840627
2018-11-22,924.42,0.3253602252277476,-0.006977347958719989,1.0594169379067389
2018-11-23,917.97,0.38678706551629466,-0.00444286846606315,1.0883617831268395
2018-11-26,921.03,0.29886957299266054,-0.009612183754993352,1.0390224141978202
2018-11-27,923.12,0.14699437695831613,-0.028742926098535283,0.9000687880801532
2018-11-28,930.2,0.03633851447559756,-0.035400715712383464,0.8338931798580274
2018-11-29,926.79,-0.0038627820932255045,-0.04373335552596534,0.7801743935058615
2018-11-30,926.54,0.007569583463701416,-0.04477363515312913,0.7784026559018099
2018-12-03,951.59,-0.22634436592383286,-0.050994507323568555,0.678260475258823
2018-12-04,958.84,-0.2879177559229296,-0.0548435419440746,0.6417171328145608
2018-12-05,957.14,-0.3419972305477526,-0.06589131158455384,0.5717656605773421
2018-12-06,954.82,-0.3639568953614141,-0.07233064247669771,0.533738406734805
2018-12-07,958.59,-0.32748570170397906,-0.07233064247669771,0.5434688590233625
2018-12-10,955.89,-0.36692927072779563,-0.07233064247669771,0.5329559289163355
2018-12-11,954.58,-0.3546908985886161,-0.07233064247669771,0.5361880604985314
2018-12-12,961.28,-0.4930429540821261,-0.08640562583222365,0.43098339699728405
2018-12-13,960.25,-0.4566742102763926,-0.08542567039833374,0.4446607294956537
2018-12-14,952.04,-0.33502544341810303,-0.07753875887567743,0.5153974735076639
2018-12-17,933.65,-0.19285434345865876,-0.05936914261232791,0.6460047503708957
2018-12-18,927.25,-0.08012839756562214,-0.052876786195740065,0.7116288648860793
2018-12-19,919.24,-0.010305283461172631,-0.04462381967712456,0.7737894260123196
2018-12-20,918.24,0.03430732757132474,-0.04358337689492941,0.7923712777494021
2018-12-21,912.26,0.07799237616765711,-0.037313923662113835,0.8367807684004316
2018-12-24,908.56,0.15310828419806918,-0.033393501805054064,0.8786093914448885
2018-12-25,897.94,0.23910512058621383,-0.025077430312718463,0.9450079446250934
2018-12-26,891.75,0.2470545964502222,-0.025077430312718463,0.9472572330146387
2018-12-27,900.81,0.179251693046379,-0.025077430312718463,0.9278197071269649
2018-12-28,892.54,0.2833535030625587,-0.016044098863916393,1.0025812980721505
2019-01-02,891.75,0.24561093064705108,-0.015172413793103417,0.9963744686554074
2019-01-03,878.22,0.36211427767607307,-0.00856345088382724,1.0613052415394322
2019-01-04,880.9,0.3415358902060996,-0.00856345088382724,1.0558371106427664
2019-01-07,889.64,0.23411943573562982,-0.00856345088382724,1.0261628473456184
2019-01-08,887.44,0.3367411150149784,-0.00856345088382724,1.054552215406449
2019-01-09,896.99,0.24442973179594205,-0.00856345088382724,1.0290853741791262
2019-01-10,898.3,0.2551802817952222,-0.00856345088382724,1.0321173426928214
2019-01-11,902.71,0.1854626120475393,-0.00856345088382724,1.0121922613372207
2019-01-14,901.8,0.16518681257233742,-0.00856345088382724,1.006292915271048
2019-01-15,909.68,0.21630987455610703,-0.00856345088382724,1.0210821854870096
2019-01-16,908.7,0.3078679815678186,-0.007926369919098612,1.049917034313201
2019-01-17,901.89,0.41596551512292623,-0.007926369919098612,1.0784259990828677
2019-01-18,902.3,0.44884728922912287,-0.007926369919098612,1.086653454894111
2019-01-21,911.05,0.3247915492976506,-0.007926369919098612,1.0545180556521474
2019-01-22,906.55,0.4406463482191724,-0.007926369919098612,1.0846221671553005
2019-01-23,908.02,0.43363286740991264,-0.007926369919098612,1.0828740119771312
2019-01-24,908.79,0.47601478193371016,-0.007926369919098612,1.0932820442949365
2019-01-25,908.88,0.7343040092984402,-0.007926369919098612,1.1480755821123951
2019-01-28,912.18,0.6958927724866855,-0.007926369919098612,1.1408944357531312
2019-01-29,915.93,0.7710415809963694,-0.007926369919098612,1.1546285613899159
2019-01-30,915.84,0.7062610157471517,-0.007828878406708675,1.143353665654735
2019-01-31,910.65,0.7896622087454266,-0.0074112808342467595,1.1604088864724453
2019-02-01,908.67,0.5864175056345877,-0.029122210713675094,1.0125831914264303
2019-02-11,926.1,0.49117229438597537,-0.029122210713675094,0.990932858153827
2019-02-12,937.54,0.4615391816426175,-0.029122210713675094,0.9837903032324811
2019-02-13,945.25,0.3661599626883734,-0.029122210713675094,0.9595774410146716
2019-02-14,952.34,0.28483587429380697,-0.029122210713675094,0.9376014040710403
2019-02-15,950.89,0.283852262781803,-0.029122210713675094,0.9373289491519541
2019-02-18,961.3,0.0772690969703541,-0.029122210713675094,0.877523651816194
2019-02-19,964.35,0.039596434725475034,-0.029122210713675094,0.866261672503825
2019-02-20,970.58,0.16604512075992015,-0.029122210713675094,0.9037496730612136
2019-02-21,987.57,0.012621466797788986,-0.029122210713675094,0.8581751854220085
2019-02-22,988.91,0.04221626696811075,-0.029122210713675094,0.8670463080430146
2019-02-25,994.43,-0.061769867866441966,-0.029122210713675094,0.835881518552392
2019-02-26,987.06,0.07213714086484993,-0.025043674957334824,0.8963853069571931
2019-02-27,990.27,-0.0020945343595177163,-0.025043674957334824,0.8741532658243567
2019-02-28,965.47,0.21846185497718237,-0.009944795824995713,1.0147914821457327
2019-03-01,979.63,-0.07875321370345943,-0.029727432648785444,0.8277855950606233
2019-03-04,993.99,-0.17072867547274376,-0.029727432648785444,0.8006361443091343
2019-03-05,992.45,-0.3041592241369778,-0.04130017986677995,0.7049648274413862
2019-03-06,994.49,-0.29827666890238597,-0.04157689798984054,0.7051950886833822
2019-03-07,994.03,-0.22626442371881345,-0.04157689798984054,0.7253713170984311
2019-03-08,985.25,-0.07471182214217555,-0.04157689798984054,0.7697435735718481
2019-03-11,984.6,-0.09172792727906828,-0.04157689798984054,0.7646740529853246
2019-03-12,1001.32,-0.188159907288639,-0.04157689798984054,0.7363244013243868
2019-03-13,1005.41,-0.25739837171143254,-0.04157689798984054,0.7165573491480226
2019-03-14,1009.56,-0.31275894066077353,-0.04157689798984054,0.7012320328520207
2019-03-15,1004.12,-0.22454137644913216,-0.04157689798984054,0.7258628331827115
2019-03-18,1011.86,-0.28354125423916837,-0.04157689798984054,0.7092616858288581
2019-03-19,1006.59,-0.18016419812947532,-0.03655907569119509,0.7637326652195802
2019-03-20,1002.3,-0.2601030633056187,-0.0324353985832585,0.7615054284763809
2019-03-21,981.78,-0.10911197541061018,-0.019136045958875778,0.8717154643559296
2019-03-22,988.71,-0.1642545933899676,-0.019136045958875778,0.8554818132842816
2019-03-25,970.07,-0.0003250796550775006,-0.015688279401740224,0.921461079098211
2019-03-26,969.79,-0.055838686703077,-0.02043987329082961,0.8810664161216908
2019-03-27,975.91,-0.16632438205514055,-0.02552227434941249,0.8229463950317808
2019-03-28,982.98,-0.34388851413126015,-0.03534624483740326,0.723985435825925
2019-03-29,980.76,-0.3035574013219784,-0.03534624483740326,0.7348993544305432
2019-04-01,988.53,-0.3678060719850859,-0.03534624483740326,0.7176474105824384
2019-04-02,985.81,-0.34331554999102054,-0.03534624483740326,0.7241385280418845
2019-04-03,984.46,-0.2552748845507323,-0.03534624483740326,0.7483075692126042
2019-04-04,986.91,-0.34443641160326544,-0.03534624483740326,0.7238390955501817
2019-04-05,989.26,-0.3153037234960387,-0.03534624483740326,0.7316924640975242
2019-04-08,997.56,-0.39453300553975423,-0.03534624483740326,0.7106903258870075
2019-04-09,988.48,-0.33761885844389655,-0.02648510844933642,0.7699694711276274
2019-04-10,981.91,-0.3878134683563985,-0.028378721030478237,0.747264282290246
2019-04-11,985.95,-0.4310171973101924,-0.02879456361884487,0.7341758684844368
2019-04-12,982.9,-0.44449409975842574,-0.03223115271136428,0.7136354394377697
2019-04-16,977.17,-0.4209039884342647,-0.033308154015760885,0.7141517138365354
2019-04-17,972.1,-0.30179064974686076,-0.033308154015760885,0.7455740960874693
2019-04-18,962.3,-0.14488344821598295,-0.033308154015760885,0.7902957913045315
2019-04-19,966.21,-0.14317761606227639,-0.033308154015760885,0.7907970698077823
2019-04-22,965.86,-0.04965067283276956,-0.033308154015760885,0.8185762558447995
2019-04-23,968.0,-0.05358840134837901,-0.033308154015760885,0.8173980809310085
2019-04-24,976.92,-0.15146459891266104,-0.033308154015760885,0.7883641737538097
2019-04-25,974.13,-0.027407356043087343,-0.033308154015760885,0.8252390812295094
2019-04-26,979.64,-0.09097199902858957,-0.033308154015760885,0.8062426693742165
2019-05-02,978.5,-0.09998085784291455,-0.03218191108840062,0.8091957317826961
2019-05-03,974.14,-0.05601003281809599,-0.027850206335844944,0.8439635074948633
2019-05-06,957.97,0.014381361110228892,-0.01732294631912719,0.9176993793216256
2019-05-07,957.56,0.06078864866997911,-0.01732294631912719,0.9315994331733811
2019-05-08,951.22,0.08979180208725743,-0.01732294631912719,0.9402506464992061
2019-05-09,947.01,0.12549575422041828,-0.01732294631912719,0.9508375863097999
2019-05-10,952.55,0.08845029267795224,-0.01802194239867086,0.9363563929935201
2019-05-13,958.54,-0.03338049798023393,-0.027605279952995047,0.8519631686314411
2019-05-14,965.34,-0.20854732437032747,-0.0411901168032579,0.7323767262459961
2019-05-15,975.64,-0.26119253248763286,-0.0411901168032579,0.7174262330238499
2019-05-16,975.69,-0.2626083639412037,-0.0411901168032579,0.7170293357292485
2019-05-17,976.48,-0.28140597895793124,-0.0411901168032579,0.7117876621208312
2019-05-20,987.13,-0.2955116996636373,-0.0411901168032579,0.7078894600512291
2019-05-21,986.29,-0.2346939895693284,-0.04037352097253337,0.7289890617159458
2019-05-22,983.78,-0.1878070061933856,-0.037925145865945586,0.7546853774537698
2019-05-23,982.71,-0.24496610256600787,-0.03687761394511098,0.7435576533896499
2019-05-24,970.03,-0.13016415387103955,-0.02940090653649728,0.8141652700747094
2019-05-27,975.14,-0.16929677621893024,-0.02940090653649728,0.802686163554488
2019-05-28,972.0,-0.18875876968834507,-0.026265432098765404,0.8127083048876009
2019-05-29,971.54,-0.2833945253852287,-0.028336455524219255,0.7755045609346254
2019-05-30,969.34,-0.17438793547932901,-0.026131182041389027,0.8175516701697091
2019-05-31,959.88,0.07285715552104649,-0.01961782116523002,0.9237294489877421
2019-06-03,946.47,0.2329253128895297,-0.01961782116523002,0.9705516058611905
2019-06-04,951.16,0.2145922561206238,-0.01961782116523002,0.965318246582715
2019-06-05,951.41,0.18343241798651277,-0.01961782116523002,0.9563316115384803
2019-06-06,948.21,0.19519861081721995,-0.01961782116523002,0.959737885370026
2019-06-07,958.28,-0.09198493826233411,-0.020552497663308716,0.8697195982484384
2019-06-10,962.9,-0.04407281861882231,-0.020552497663308716,0.8840242202147051
2019-06-11,962.07,0.13940052623882043,-0.02050163576881135,0.9390431780588349
2019-06-12,954.17,0.21108071763634917,-0.02050163576881135,0.9598920290439816
2019-06-13,950.08,0.23486838169114846,-0.02050163576881135,0.9666846911091505
2019-06-14,953.61,0.3404943119243007,-0.02050163576881135,0.9958674085203338
2019-06-17,946.95,0.43652337708317945,-0.02050163576881135,1.020719382224427
2019-06-18,944.01,0.3734558877324133,-0.02050163576881135,1.004595072249222
2019-06-19,949.69,0.29714655176488697,-0.02050163576881135,0.9841015665064119
2019-06-20,959.18,0.23221679197737854,-0.02050163576881135,0.9659310713768146
2019-06-21,959.2,0.2559406223576737,-0.02050163576881135,0.9726402482528194
2019-06-24,962.85,0.16525151111655353,-0.02050163576881135,0.9466208800742528
2019-06-25,960.13,0.18908036053194638,-0.017726766167081524,0.9674238180072617
2019-06-26,959.13,0.3371429450119336,-0.01670263676456787,1.0139641220143263
2019-06-27,943.11,0.5413094207807952,-0.009217298583058225,1.1021070599619125
2019-06-28,949.94,0.394241048126266,-0.009217298583058225,1.0664166956805163
2019-07-01,965.61,0.22506585849033137,-0.009217298583058225,1.0203158373157841
2019-07-02,961.98,0.2657196935683548,-0.009217298583058225,1.0318047652143805
2019-07-03,960.39,0.37032669373928373,-0.009217298583058225,1.0601967376229515
2019-07-04,973.04,0.19282149266998116,-0.009217298583058225,1.011053545999337
2019-07-05,975.34,0.2519846476891408,-0.009217298583058225,1.0279485126456431
2019-07-08,966.35,0.32872494952056414,-0.006635659545884868,1.062034088997132
2019-07-09,969.05,0.3266591723186786,-0.006635659545884868,1.0614764146502085
2019-07-10,973.65,0.15618989741853012,-0.011944605888129619,0.9867565918700341
2019-07-11,978.63,0.1425064092568049,-0.011944605888129619,0.9827418219495327
2019-07-12,975.4,0.2288960556550435,-0.011944605888129619,1.0077711343945934
2019-07-15,972.53,0.19017231913931484,-0.011944605888129619,0.9966507042431894
2019-07-16,982.11,-0.14093214337177307,-0.02484117281600104,0.8337922043471185
2019-07-17,982.57,-0.2269140092565206,-0.03339880153115422,0.7660765964068373
2019-07-18,976.05,-0.12939535684707992,-0.03339880153115422,0.7944025927988225
2019-07-19,982.34,-0.10646016112876724,-0.03339880153115422,0.8011880589475907
2019-07-22,982.04,-0.09159837194801249,-0.03339880153115422,0.8056030771362258
2019-07-23,989.46,-0.18178984112496274,-0.03339880153115422,0.7790619740520612
2019-07-24,988.41,-0.24427799464306832,-0.03339880153115422,0.7611462715210903
2019-07-25,994.95,-0.3060579105341967,-0.03339880153115422,0.7439520133875374
2019-07-26,993.35,-0.18808977354050826,-0.03339880153115422,0.7772351963349665
2019-07-29,997.94,-0.29272052534422155,-0.03339880153115422,0.7476149351170036
2019-07-30,986.02,-0.12233636092190196,-0.03286577968497777,0.799152194692977
2019-07-31,991.66,-0.1736948126962534,-0.03286577968497777,0.7840804453294297
2019-08-01,997.39,-0.1560879597288604,-0.03286577968497777,0.7892213279705648
2019-08-02,991.1,-0.030842386044413313,-0.026727878115225517,0.8571108263851666
2019-08-05,973.15,0.15705711267975606,-0.008775625545907582,1.002855379007303
2019-08-06,964.61,0.1839730714821886,-0.014419509455909186,0.9824800133785658
2019-08-07,965.93,0.13370668009509415,-0.020526241902813738,0.937243457762472
2019-08-08,975.24,0.020059233277202725,-0.020526241902813738,0.9033857534699121
2019-08-09,974.34,0.04639206149222422,-0.020526241902813738,0.9112764329138694
2019-08-12,975.31,0.11629600023890801,-0.020526241902813738,0.9321011492899491
2019-08-13,966.83,0.17170936160061526,-0.020526241902813738,0.9483812296331156
2019-08-14,968.91,0.12219460955877544,-0.020526241902813738,0.9338458013829776
2019-08-15,979.38,-0.0199859809777818,-0.020526241902813738,0.8913737943839617
2019-08-16,980.0,-0.08588081977927461,-0.02324368770430976,0.8580804707595298
2019-08-19,981.03,-0.08650052143755449,-0.02324368770430976,0.8578959345543384
2019-08-20,984.67,-0.1793238328384613,-0.02707418326213826,0.8114012640812585
2019-08-21,994.38,-0.30718310583584757,-0.028026793413954282,0.7705043432462356
2019-08-22,997.26,-0.2789528394186077,-0.028026793413954282,0.7782853430716317
2019-08-23,992.45,-0.13193766293801001,-0.023316036072346315,0.8440666038471408
2019-08-26,982.88,-0.019509271198634638,-0.014988923439627665,0.919203343874855
2019-08-27,976.79,0.13980531622705478,-0.014988923439627665,0.966725840430334
2019-08-28,977.26,0.11829776771617907,-0.014988923439627665,0.9603800844280108
2019-08-29,978.59,0.11347964934968746,-0.014988923439627665,0.9589538915491098
2019-08-30,984.06,0.0002151861685482104,-0.014988923439627665,0.9251199386514297
2019-09-03,979.36,0.042968890927145155,-0.010261803626858426,0.9615737215422948
2019-09-04,977.63,0.06934622950190435,-0.009587804633437027,0.9728315618003028
2019-09-05,976.79,0.052619984309005476,-0.00982850265770742,0.9666289283713178
2019-09-06,974.08,0.11429328607770896,-0.00982850265770742,0.9849969477475334
2019-09-09,974.12,0.1976376256742592,-0.00982850265770742,1.009388663337457
2019-09-10,970.26,0.21963953352750745,-0.00982850265770742,1.0157098267852207
2019-09-11,969.31,0.2571125353875236,-0.00982850265770742,1.0263353304363858
2019-09-12,976.07,0.09289053540805171,-0.00982850265770742,0.9786447710061513
2019-09-13,987.22,-0.01703455129328451,-0.00982850265770742,0.9457476155678001
2019-09-16,989.86,-0.10242800089782414,-0.012004922018027392,0.9093540028611549
2019-09-17,996.74,-0.22882891692559523,-0.016506767774787663,0.8499911197053317
2019-09-18,995.15,-0.16134001606488904,-0.016506767774787663,0.8694798067450475
2019-09-19,997.1,-0.19309643109005922,-0.016506767774787663,0.8602466370816338
2019-09-20,990.36,-0.15895282155453336,-0.016506767774787663,0.8701779071050789
2019-09-23,987.54,-0.053504790541471496,-0.016506767774787663,0.9014300235955599
2019-09-24,988.13,-0.0003724289145991506,-0.016506767774787663,0.9173544324568477
2019-09-25,987.3,-0.004597760284160051,-0.016506767774787663,0.9160868427601208
2019-09-26,990.75,-0.04250767735605387,-0.016506767774787663,0.9047215330953937
2019-09-27,997.84,-0.1674987632308148,-0.016506767774787663,0.8676812494180944
2019-09-30,996.56,-0.14961617323439824,-0.016506767774787663,0.8729132530400184
2019-10-01,999.59,-0.2936576168911278,-0.016506767774787663,0.831816821826561
2019-10-02,991.19,-0.11306684627195544,-0.010960722402107768,0.911420144675993
2019-10-03,992.45,-0.11179300336474629,-0.010960722402107768,0.9117975073179946
2019-10-04,987.59,0.045298294491269826,-0.010960722402107768,0.9587765890417574
2019-10-07,983.09,0.13880689436430674,-0.010960722402107768,0.9865730573692231
2019-10-08,988.22,0.05247830861998491,-0.010960722402107768,0.9609254440944692
2019-10-09,987.83,0.08010759953043357,-0.010960722402107768,0.9691773925934746
2019-10-10,987.38,0.14961176263143372,-0.010960722402107768,0.9897480020766929
2019-10-11,991.84,0.03807318076250986,-0.010960722402107768,0.9566128264533831
2019-10-14,993.57,0.23802551328368993,-0.010960722402107768,1.0152853577590328
2019-10-15,993.05,0.32838382032794,-0.010960722402107768,1.0403167342373043
2019-10-16,994.46,0.35647848572566876,-0.010960722402107768,1.0478289157151575
2019-10-17,989.82,0.43011567069420326,-0.006324382210907139,1.0900034805002488
2019-10-18,989.2,0.45343168192788164,-0.005701577031945107,1.098906843677131
2019-10-21,983.56,0.5144832427859894,-0.0023611829331356632,1.130223372403502
2019-10-22,987.19,0.40160243531215833,-0.007961674683630838,1.0745873963640218
2019-10-23,987.79,0.3914089856034554,-0.007961674683630838,1.0719639065212854
2019-10-24,993.6,0.24302376304766407,-0.01184494248275468,1.012280221280204
2019-10-25,996.57,0.20796085356923372,-0.012303519333405007,0.9999865670441866
2019-10-28,996.48,0.1626130015277259,-0.014518347952503253,0.9757666633293793
2019-10-29,995.87,0.025721474077848413,-0.021465299392141857,0.9003882439949829
2019-10-30,1000.89,-0.016724063068596084,-0.021465299392141857,0.8876567518288727
2019-10-31,998.82,-0.09014745976966558,-0.023758183645393387,0.8542378654002142
2019-11-01,1015.59,-0.5261650047552191,-0.03612024470441316,0.6746655321431707
2019-11-04,1022.43,-0.7837132532013363,-0.045984525470529225,0.5736275165226304
2019-11-05,1024.34,-0.8330303448529689,-0.04737976993101839,0.558471209233792
2019-11-06,1024.91,-0.8920821516532598,-0.04737976993101839,0.549374963310409
2019-11-07,1024.03,-0.8484840644037688,-0.04656113590422151,0.5601113163897967
2019-11-08,1022.49,-0.931170357345561,-0.05095404356032824,0.5258880556851759
2019-11-11,1016.75,-0.8080180832020318,-0.047077077175375424,0.56406596831761
2019-11-12,1018.33,-1.0061965816738645,-0.0579576365225419,0.48095652604460387
2019-11-13,1012.77,-0.9753173744754997,-0.058591782931958915,0.48173158240185515
2019-11-14,1012.3,-0.7668771049286474,-0.05815469722414305,0.5156935522461634
2019-11-15,1010.03,-0.756214620765151,-0.05603793946714456,0.5281577378762128
2019-11-18,1002.91,-0.6309591253221432,-0.05446521545098435,0.5600602344288791
2019-11-19,1008.35,-0.7461961160947154,-0.05446521545098435,0.5378116855015449
2019-11-20,1000.56,-0.7074028448916613,-0.04710362197169585,0.5817681977094995
2019-11-21,987.89,-0.418227745637653,-0.034882426181052584,0.7069569630350214
2019-11-22,977.78,-0.13300262438406385,-0.02529212713536503,0.8338722016742659
2019-11-25,976.35,-0.11958114730253325,-0.02529212713536503,0.8378350445474423
2019-11-26,976.79,-0.212539527029123,-0.02529212713536503,0.8107205752307693
2019-11-27,978.17,-0.35187746710160706,-0.02529212713536503,0.7721275065163886
2019-11-28,970.39,-0.25426504136754696,-0.02021117692505795,0.8242670183450123
2019-11-29,970.75,-0.25368937807570296,-0.02021117692505795,0.8244290395865954
2019-12-02,959.31,0.007405258567151727,-0.017600214838303152,0.9142204627706714
2019-12-03,953.43,0.13652834452768572,-0.017600214838303152,0.9527048237425695
2019-12-04,965.9,-0.08274243307587546,-0.017600214838303152,0.8872326892190225
2019-12-05,963.27,0.006753408742647856,-0.017600214838303152,0.9140249176305362
2019-12-06,963.56,0.0052907818492718,-0.017600214838303152,0.9135861455532779
2019-12-09,966.06,0.03907706285986078,-0.017600214838303152,0.9237160811756449
2019-12-10,960.3,0.17987864049257224,-0.017600214838303152,0.9653879322245005
2019-12-11,961.78,0.09377863758412527,-0.017600214838303152,0.940050333182679
2019-12-12,968.17,0.06858227605752029,-0.017600214838303152,0.932541411331127
2019-12-13,966.18,0.0610338813640509,-0.0155768076341882,0.9404034241222722
2019-12-16,961.47,0.003427895981943054,-0.011255133602987572,0.9447526967517248
2019-12-17,954.03,0.17160736110317182,-0.011255133602987572,0.9947070552434718
2019-12-18,951.13,0.08327003038256152,-0.018299936896769262,0.9334237457347478
2019-12-19,952.26,0.22875307251704596,-0.018299936896769262,0.9759537542811239
2019-12-20,956.41,0.2974947354529225,-0.018299936896769262,0.9952058003047708
2019-12-23,959.43,0.20458753292834583,-0.018299936896769262,0.9690343506946182
2019-12-24,958.88,0.23990422139029022,-0.018299936896769262,0.9791218996968714
2019-12-25,960.92,0.19005397255022666,-0.018299936896769262,0.9648397981457413
2019-12-26,958.59,0.32750588052276086,-0.018299936896769262,1.0033836922330965
2019-12-27,963.51,0.2903028710745522,-0.018299936896769262,0.9932243809253143
2019-12-30,965.03,0.24667219755158146,-0.018299936896769262,0.981036697089277
2019-12-31,960.99,0.440390404338442,-0.018299936896769262,1.0326907141371762
2020-01-02,966.67,0.40563043952671524,-0.018299936896769262,1.0239271904455758
2020-01-03,965.14,0.0021942657912154,-0.03215460028644625,0.8398852772486398
2020-01-06,955.79,-0.14071337201599854,-0.05531236761947031,0.6815005772124891
2020-01-07,958.88,-0.3051410342461566,-0.06386541060658024,0.5918698611480698
2020-01-08,948.98,-0.12406055312057349,-0.06386541060658024,0.6436445546484716
2020-01-09,960.15,-0.33468126501278184,-0.06611461884493582,0.5726106631840345
2020-01-10,968.54,-0.3079074817952855,-0.06611461884493582,0.5798672277670859
2020-01-13,965.84,-0.23963684699920512,-0.06611461884493582,0.5988810936619263
2020-01-14,967.0,-0.4039663190599928,-0.06611461884493582,0.5544256334921815
2020-01-15,967.56,-0.3522974124663694,-0.06611461884493582,0.5679034764420531
2020-01-16,974.31,-0.41075458803520803,-0.06611461884493582,0.5526929443605727
2020-01-17,978.96,-0.45904748089754777,-0.06611461884493582,0.540634636532606
2020-01-20,978.63,-0.4569442897391784,-0.06611461884493582,0.5411497696582089
2020-01-21,986.37,-0.5997270783448085,-0.06611461884493582,0.5083703057094744
2020-01-22,991.46,-0.7588858440728911,-0.06611461884493582,0.47730083620827723
2020-01-30,959.58,-0.22147772464963972,-0.035088267783822166,0.759180843444818
2020-01-31,936.62,0.14899385171761576,-0.013627424926920064,0.9762331877587627
2020-02-03,928.14,0.24586788559140108,-0.013627424926920064,1.004172025571835
2020-02-04,929.09,-0.051109803424148996,-0.03976614403401538,0.7858496758314063
2020-02-05,925.91,0.05951357815740684,-0.03976614403401538,0.8190023041860536
2020-02-06,938.54,-0.23402772634526012,-0.04760031889449904,0.6930443625405787
2020-02-07,940.75,-0.23676159061394447,-0.04760031889449904,0.6922680216740777
2020-02-10,930.73,-0.2820489452590919,-0.059739512278308274,0.6188623294930317
2020-02-11,934.67,-0.3175637561690784,-0.059739512278308274,0.609111719118331
2020-02-12,937.68,-0.2865339017022539,-0.059739512278308274,0.6176199868056215
2020-02-13,938.24,-0.3178422097577044,-0.059739512278308274,0.6090360782259263
2020-02-14,937.45,-0.26938560174819903,-0.059629262468954135,0.6229377744067035
2020-02-17,934.77,-0.2611055405234838,-0.059629262468954135,0.6252549003613272
2020-02-18,927.93,-0.7615336152664576,-0.1094091437220854,0.3074061788607301
2020-02-19,928.76,-0.7424038962099868,-0.1094091437220854,0.3108213972070679
2020-02-20,938.13,-1.1424438752805637,-0.1351411851235969,0.2554293851456346
2020-02-21,933.09,-1.600986727205013,-0.1755886356085694,0.22345491543073814
2020-02-24,903.34,-1.2149322489886496,-0.1625754394450735,0.24855412675754618
2020-02-25,909.67,-1.427725902055635,-0.17787769191025313,0.23264011384898198
2020-02-26,895.97,-1.272375424574058,-0.16991674457949343,0.24366795225359217
2020-02-27,898.44,-1.2755013663670138,-0.16991674457949343,0.24341548985580497
2020-02-28,882.19,-1.311997939654865,-0.1873593713268629,0.24056597736958896
2020-03-02,884.43,-1.507424399207088,-0.2055053676775139,0.22805572649568384
2020-03-03,890.61,-2.076137028498289,-0.2537976738198385,0.20929102985354864
2020-03-04,889.37,-2.1656546076939818,-0.26205908363278135,0.20778777997281894
2020-03-05,893.31,-1.8489267842501285,-0.26205908363278135,0.21450656636254017
2020-03-06,891.44,-1.7880448653884924,-0.26051108319124117,0.2163338466002953
2020-03-09,835.49,-0.8615054847919472,-0.2128835820895522,0.29089024289555165
2020-03-10,837.5,-1.1652768286573294,-0.2128835820895522,0.25317436058906273
2020-03-11,811.35,-0.8993142388094318,-0.1875146361003266,0.2852108608633078
2020-03-12,769.25,-0.3398674790954627,-0.14304842378940522,0.4017922758489557
2020-03-13,761.78,-0.11003914893495793,-0.13464517314710275,0.4671208552770446
2020-03-16,747.86,0.25454748917562936,-0.11853822908030912,0.5747565753891
2020-03-17,745.78,0.3344092976762433,-0.11830243693657536,0.5967431434912758
2020-03-18,747.66,0.31815593526453173,-0.11830243693657536,0.5923515672412631
2020-03-19,725.94,0.5642303413720912,-0.0919221974267846,0.6937218398777732
2020-03-20,709.73,0.6781324092520473,-0.07118199878827157,0.8211811833713699
2020-03-23,666.59,0.9886513375099121,-0.04855903226733321,0.984240837794309
2020-03-24,659.21,1.0629667377386691,-0.04855903226733321,0.9932438431475883
2020-03-25,690.25,0.7959592738181411,-0.04855903226733321,0.9557363535142662
2020-03-26,694.21,0.7860297207188203,-0.04855903226733321,0.9540510385237435
2020-03-27,696.06,0.815330327377799,-0.04855903226733321,0.958960911716674
2020-03-30,662.26,1.0416317764926661,-0.0031433719569134272,1.217842626692361
2020-03-31,662.53,0.9049484199036252,-0.03538498308112255,1.0386847281712568
2020-04-01,680.23,0.7647306884141165,-0.03538498308112255,1.016231580722738
2020-04-03,701.8,0.6289964034108477,-0.03538498308112255,0.9902833168807172
2020-04-06,736.75,0.39107516806989534,-0.03538498308112255,0.9347611098714965
2020-04-07,746.69,0.2983992327047936,-0.03538498308112255,0.9100291872759838
2020-04-08,748.02,0.2777730668733625,-0.03538498308112255,0.9043279105513944
2020-04-09,760.33,0.2071215582684304,-0.03538498308112255,0.8843380011096107
2020-04-10,757.94,0.2012047746768617,-0.04088204586336591,0.8551496360792576
2020-04-13,765.79,0.1719942196075429,-0.04088204586336591,0.8466851922868917
2020-04-14,767.41,0.24296079323248754,-0.04088204586336591,0.8670768863714093
2020-04-15,777.22,0.24976391801457482,-0.04088204586336591,0.8689987893842539
2020-04-16,780.7,0.3044183869362636,-0.04088204586336591,0.8841950159835694
2020-04-17,789.6,0.32240969767491223,-0.04088204586336591,0.8890950171791259
2020-04-20,794.97,0.32612018387710245,-0.04088204586336591,0.8900988586956462
2020-04-21,766.84,0.4601509661845187,-0.01827054309479044,1.037709458030663
2020-04-22,768.92,0.44876345329332423,-0.01827054309479044,1.0349118942168598
2020-04-23,773.91,0.4045474028067652,-0.01827054309479044,1.0237972321235698
2020-04-24,776.66,0.41094921297456827,-0.01827054309479044,1.0254307892747465
2020-04-27,770.77,0.46311157826474253,-0.010768452326893826,1.0759427891782827
2020-04-28,767.21,0.5036586181646191,-0.009924340372551929,1.0898751781182863
2020-04-29,769.11,0.533066104833081,-0.009924340372551929,1.0966947022079543
2020-05-04,762.47,0.5268679407951575,-0.011579520823432603,1.0869973831457198
2020-05-05,764.16,0.5561563881792713,-0.011579520823432603,1.0936384156667105
2020-05-06,782.59,0.48998894676453375,-0.011579520823432603,1.0783646938300786
2020-05-07,796.54,0.3601709785321917,-0.01340420880650763,1.0365883443072317
2020-05-08,813.73,0.28696271593544137,-0.01340420880650763,1.0167800282441506
2020-05-11,828.33,0.22651210434818114,-0.01340420880650763,0.9997937713338717
2020-05-12,835.32,0.24632740727028893,-0.01340420880650763,1.0054179394178666
2020-05-13,834.21,0.23660646858266812,-0.01340420880650763,1.0026653158043843
2020-05-14,832.4,0.2671112111470731,-0.01340420880650763,1.011259387168243
2020-05-15,827.03,0.2978453446754609,-0.01340420880650763,1.0197808276703644
2020-05-18,837.01,0.2574517537816713,-0.01340420880650763,1.0085521154224957
2020-05-19,845.92,0.2727181129651419,-0.01340420880650763,1.0128246242529906
2020-05-20,852.91,0.23316944587978944,-0.01340420880650763,1.0016890695267333
2020-05-21,862.73,0.16693437907617822,-0.01340420880650763,0.9825991998480156
2020-05-22,852.74,0.09939480415546009,-0.03625555555555555,0.8484428545868993
2020-05-25,859.04,0.042992167688796254,-0.04053333333333335,0.810223043154356
2020-05-26,869.13,-0.12206080401560584,-0.0750333333333333,0.5883958712825972
2020-05-27,857.48,0.012885693115134163,-0.0750333333333333,0.6286988273266338
2020-05-28,861.39,-0.0103754949364852,-0.0750333333333333,0.6217207965407103
2020-05-29,864.47,-0.016389628002371277,-0.0750333333333333,0.6199168851433559
2020-06-01,878.67,-0.03298613621062994,-0.0750333333333333,0.6149410800813047
2020-06-02,874.8,-0.00125907724324088,-0.0750333333333333,0.6244556103599597
2020-06-03,881.17,-0.04420958136217246,-0.0750333333333333,0.6115790928803397
2020-06-04,883.9,-0.14872180492683534,-0.0750333333333333,0.5805428529033034
2020-06-05,886.22,-0.17955475266585724,-0.0750333333333333,0.5715384213345631
2020-06-08,899.92,-0.2900596989301044,-0.0750333333333333,0.5401764057424621
2020-06-09,899.43,-0.45903402628854567,-0.07848888888888887,0.4787665787891075
2020-06-10,900.0,-0.4928289223602128,-0.0832111111111111,0.44700679680114125
2020-06-11,867.37,-0.24059893654456868,-0.05299100174455968,0.6642265741985891
2020-06-12,863.52,-0.2271032640412148,-0.05299100174455968,0.6680616471000111
2020-06-15,832.47,-0.031100076616265827,-0.05299100174455968,0.7257179751743383
2020-06-16,856.13,-0.1272161609260669,-0.05299100174455968,0.6970847048727067
2020-06-17,854.44,-0.1296318567005105,-0.05299100174455968,0.6963718186917314
2020-06-18,855.27,-0.20387154794747642,-0.05299100174455968,0.6747170358855614
2020-06-19,868.56,-0.23793918087969335,-0.05299100174455968,0.6649805080399929
2020-06-22,871.28,-0.2467906767876126,-0.05299100174455968,0.6624751448309492
2020-06-23,868.2,-0.2337199719722337,-0.049631421331490476,0.6829763052929428
2020-06-24,859.71,-0.1793239664558127,-0.04024612950878787,0.7455414940246885
2020-06-25,854.59,-0.20652582915342096,-0.03449607414081608,0.7664279994735468
2020-06-26,851.98,-0.14879344268980157,-0.031538299021103784,0.7979970017845319
2020-06-29,829.36,0.013726607265678705,-0.009526960728384664,0.956482919920885
2020-06-30,825.11,0.021724491100653873,-0.01759748183798463,0.9185289130388021
2020-07-01,843.49,-0.05929651511659172,-0.01759748183798463,0.8942444561034928
2020-07-02,842.38,-0.07518679064187439,-0.02480526441841634,0.8534600483198558
2020-07-03,847.61,-0.10349406214065618,-0.02480526441841634,0.8450358390838599
2020-07-06,861.16,-0.36160451685948386,-0.054366296773605,0.6241805503121112
2020-07-07,863.42,-0.6685680793885277,-0.1045356568548066,0.32478884642271666
2020-07-08,864.5,-0.47240983516711305,-0.1045356568548066,0.36795669229372496
2020-07-09,876.46,-0.7064225028001571,-0.1045356568548066,0.3174714272393735
2020-07-10,871.21,-0.5824768044104828,-0.1045356568548066,0.3426610124934266
2020-07-13,868.72,-0.5758519113183764,-0.1045356568548066,0.344106806304302
2020-07-14,868.11,-0.44955130914116304,-0.1045356568548066,0.3735409666985927
2020-07-15,869.91,-0.3698205158600263,-0.1045356568548066,0.3938495871365606
2020-07-16,876.83,-0.4297888260340338,-0.1045356568548066,0.3784565562767199
2020-07-17,872.02,-0.3702799586379611,-0.09959633953349696,0.39574733277583185
2020-07-20,861.4,-0.26254345500229076,-0.0888022374635891,0.47898692192620035
2020-07-21,861.69,-0.24838047934798296,-0.0888022374635891,0.4829701068266771
2020-07-22,855.08,-0.20525093830865468,-0.0835482929676102,0.5215336071586458
2020-07-23,856.75,-0.19960543981464157,-0.0835482929676102,0.5231597047374869
2020-07-24,829.16,0.08106216350449735,-0.05305369289401323,0.7589970576669242
2020-07-27,785.17,0.35103580594261635,-0.027687616799449175,0.9627500650345053
2020-07-28,813.36,0.1323882829969688,-0.027687616799449175,0.9010479837352543
2020-07-29,790.84,0.2916977219204138,-0.010081281796386182,1.034702584889576
2020-07-30,801.13,0.26472555502260214,-0.010081281796386182,1.0272066408202978
2020-07-31,798.39,0.29548955486448203,-0.010081281796386182,1.0357474514478981
2020-08-03,814.65,0.23366813525638408,-0.010081281796386182,1.0184454473481965
2020-08-04,827.57,0.22608472613795833,-0.010081281796386182,1.0162865410297426
2020-08-05,837.8,0.18253040729158324,-0.010081281796386182,1.0037525671104077
2020-08-06,840.04,0.16178847893826043,-0.010081281796386182,0.9977110326120522
2020-08-07,841.46,0.15212203648242664,-0.010081281796386182,0.9948814029082862
2020-08-10,843.2,0.17646011677562146,-0.010081281796386182,1.0019889200382297
2020-08-11,843.08,0.2033907540834873,-0.010081281796386182,1.0097831276485638
2020-08-12,846.92,0.23946784212961456,-0.010081281796386182,1.0200915033957338
2020-08-13,855.05,0.2609471732335703,-0.010081281796386182,1.0261479636632704
2020-08-14,850.74,0.2657979378107527,-0.005066177680607541,1.052582260182662
2020-08-17,850.15,0.20977487036801912,-0.01738995763133735,0.9750755128986306
2020-08-18,846.43,0.25865563066589087,-0.01738995763133735,0.9889615126357985
2020-08-19,851.21,0.20829607490125618,-0.01738995763133735,0.9746507084548159
2020-08-20,848.21,0.2311342858670583,-0.01738995763133735,0.9811815355876465
2020-08-21,854.78,0.19065394296801824,-0.01738995763133735,0.9695633180530321
2020-08-24,868.68,0.1441698154475845,-0.01738995763133735,0.9560039709915542
2020-08-25,874.12,0.11192061987320825,-0.01738995763133735,0.9464869024154947
2020-08-26,873.47,0.13074853930559344,-0.01738995763133735,0.9520527745687999
2020-08-27,874.71,0.10801632043360068,-0.01738995763133735,0.9453296650671137
2020-08-28,878.98,0.11883737297488332,-0.01738995763133735,0.9485345404289307
2020-08-31,881.65,0.15591919935036228,-0.01738995763133735,0.959450569757784
2020-09-01,891.73,0.07907423132057094,-0.01738995763133735,0.9367231615749749
2020-09-03,903.97,0.0326190377648299,-0.01738995763133735,0.9228324539783284
2020-09-04,901.54,-0.012139453688970106,-0.014741442420746683,0.9226511306737119
2020-09-07,888.25,0.06999043499308905,-0.004635616438356184,0.9977848294139219
2020-09-08,890.14,0.041235580015033434,-0.004635616438356184,0.9891855849914409
2020-09-09,889.32,0.034288372234578986,-0.009336986301369843,0.9635975508003245
2020-09-10,888.82,0.0428210753470912,-0.009336986301369843,0.9661535449891139
2020-09-11,888.97,0.09539226937836535,-0.009336986301369843,0.9818462601418658
2020-09-14,894.57,0.04921420633501208,-0.009336986301369843,0.9680674220621885
2020-09-15,896.26,0.06889464692308822,-0.009336986301369843,0.9739508238822907
2020-09-16,897.47,0.06134418308866402,-0.009336986301369843,0.9716952736311597
2020-09-17,894.04,0.0988125351699759,-0.009336986301369843,0.9828627246286679
2020-09-18,900.95,0.03434513254964378,-0.009336986301369843,0.9636145588576157
2020-09-21,907.94,0.009013727308148133,-0.009336986301369843,0.9560191134538927
2020-09-22,906.19,-0.000980502008445536,-0.009336986301369843,0.9530209179848811
2020-09-23,912.5,-0.0316098838157851,-0.009336986301369843,0.9438352604979922
2020-09-24,908.58,0.09212528314612173,-0.009336986301369843,0.9808747306084644
2020-09-25,908.27,0.10861647439862322,-0.009336986301369843,0.98577247193292
2020-09-28,912.5,0.08722584653870145,-0.009336986301369843,0.9794166593421096
2020-09-29,903.98,0.17864962289684153,-0.0045728538765330146,1.030167631076705
2020-09-30,905.21,0.1769817596654683,-0.0045728538765330146,1.0296827651666853
2020-10-01,914.09,0.07499628628911002,-0.0057072065394633605,0.993920766638819
2020-10-02,909.91,0.19464448857462405,-0.0057072065394633605,1.0291308812882294
2020-10-05,914.68,0.21882275072360952,-0.0057072065394633605,1.0360826821577958
2020-10-06,915.67,0.1437957758940494,-0.010881551297255723,0.9884360852893919
2020-10-07,919.72,0.0843714767495204,-0.015386055801760152,0.9483212743167276
2020-10-08,918.84,-0.06260767956489753,-0.04183051411688829,0.7720896275973381
2020-10-09,924.0,-0.10482132585030869,-0.04387990762124706,0.7492687327363656
2020-10-12,925.83,-0.08615223703397627,-0.04387990762124706,0.7548185454918062
2020-10-13,929.86,-0.08308708412222382,-0.04387990762124706,0.7557315375741642
2020-10-14,940.18,-0.15179949764377082,-0.04387990762124706,0.7354072111806997
2020-10-15,942.76,-0.15564321144702536,-0.04387990762124706,0.7342809231311824
2020-10-16,943.3,-0.16975636697143123,-0.04387990762124706,0.7301571686951793
2020-10-19,943.69,-0.22986947025709806,-0.04387990762124706,0.7128291156461468
2020-10-20,944.42,-0.2902980626993615,-0.04387990762124706,0.6958777239478928
2020-10-21,939.03,-0.18628931461208253,-0.04387990762124706,0.725351310550834
2020-10-22,949.9,-0.44078942017742523,-0.04387990762124706,0.656310888651545
2020-10-23,961.26,-0.4901552919892995,-0.04387990762124706,0.6442985587072727
2020-10-26,950.8,-0.261594262052256,-0.03336137989061834,0.7564572722795864
2020-10-27,946.47,-0.3397709288666753,-0.02893911058987605,0.7571225847738605
2020-10-28,921.05,0.25873023698961434,-0.016040733113247576,0.9957285836583583
2020-10-29,919.08,0.367954345572152,-0.016040733113247576,1.0254566659684026
2020-10-30,925.47,0.3869296156055484,-0.016040733113247576,1.030409413071588
2020-11-02,933.68,0.3465047635182765,-0.016040733113247576,1.0197779802095848
2020-11-03,935.41,0.37090980270241336,-0.016040733113247576,1.0262325098086031
2020-11-04,939.76,0.3285940076811593,-0.016040733113247576,1.01497339394047
2020-11-05,937.75,0.40733700326512423,-0.016040733113247576,1.0356591012869305
2020-11-06,938.29,0.4881893499053707,-0.016040733113247576,1.055629782780648
2020-11-09,951.99,0.33002768691771067,-0.016040733113247576,1.0153600308171846
2020-11-10,951.9,0.2595279767726273,-0.016040733113247576,0.9959525285500654
2020-11-11,952.22,0.3044732837531919,-0.016040733113247576,1.0084166119060176
2020-11-12,959.28,0.27950288226906733,-0.016040733113247576,1.0015298117450004
2020-11-13,966.29,0.23550718117047714,-0.016040733113247576,0.9891706229755131
2020-11-16,950.79,0.44632909110648916,-0.007067767416998264,1.0903242169025293
2020-11-17,968.9,0.3334720624054989,-0.007067767416998264,1.0611522990859605
2020-11-18,973.53,0.28568936480289353,-0.007067767416998264,1.048109912259103
2020-11-19,983.26,0.25609487994157204,-0.007067767416998264,1.0398529618217636
2020-11-20,990.0,0.10605033907049649,-0.00791046356086344,0.9921440466843036
2020-11-23,994.19,0.20402444307624062,-0.00791046356086344,1.0208196499189257
2020-11-24,995.76,0.3539042432484573,-0.00791046356086344,1.0623977230324488
2020-11-25,999.94,0.2564861898415393,-0.008288772566230241,1.0338579436156845
2020-11-26,1005.97,0.3272628214367765,-0.008288772566230241,1.05337388520197
2020-11-27,1010.22,0.1345476004107995,-0.014264426095839723,0.968800328290552
2020-11-30,1003.08,0.3394182234593978,-0.014264426095839723,1.0267652424942533
2020-12-01,1008.87,0.3994784946470598,-0.014264426095839723,1.0425286656171684
2020-12-02,1014.32,0.3529945019737037,-0.014264426095839723,1.0303864323153153
2020-12-03,1019.8,0.24398971103955341,-0.014264426095839723,1.0004560617836198
2020-12-04,1021.49,0.11973502040585703,-0.014703031981171316,0.9622346671098223
2020-12-07,1029.98,0.18900692274468925,-0.014703031981171316,0.9825212265599292
2020-12-08,1029.26,0.26444826933695276,-0.014703031981171316,1.0040202663225217
2020-12-09,1039.13,0.22282865027306015,-0.014703031981171316,0.9922485742144076
2020-12-10,1030.91,0.28911524070848665,-0.014703031981171316,1.0108809232395148
2020-12-11,1045.96,0.18468230232892777,-0.014703031981171316,0.9812681014538307
2020-12-14,1064.09,0.13773737315570578,-0.014703031981171316,0.9675467102986863
2020-12-15,1055.27,0.32329681327261434,-0.014703031981171316,1.0202303005982423
2020-12-16,1066.99,0.2968585303390166,-0.014703031981171316,1.0130153741663075
2020-12-17,1051.77,0.5352871692426536,-0.014703031981171316,1.0733085143630579
2020-12-18,1067.46,0.44996049286908857,-0.014703031981171316,1.053044799033707
2020-12-21,1081.08,0.44541726378661484,-0.014703031981171316,1.0519222559353607
2020-12-22,1083.45,0.4654868348565171,-0.014703031981171316,1.0568485082207382
2020-12-23,1078.9,0.4649879126233966,-0.010547780146445553,1.0775033278281165
2020-12-24,1067.52,0.5973223660911495,-0.00522528265172612,1.1344160316249277
2020-12-25,1084.42,0.4647055248667708,-0.00522528265172612,1.1040470577280637
2020-12-28,1091.33,0.3929812598772483,-0.00522528265172612,1.086051835851431
2020-12-29,1099.49,-0.10979912574084214,-0.05292245854965671,0.7025797064430261
2020-12-30,1097.54,-0.05558416023696403,-0.05292245854965671,0.7187296112595831
2020-12-31,1103.87,0.10026024118398665,-0.05292245854965671,0.7653654004397343
2021-01-04,1120.47,-0.024729464554596552,-0.05292245854965671,0.7279703798370318
2021-01-05,1132.55,-0.13449904499477397,-0.05292245854965671,0.695279554649409
2021-01-06,1143.21,-0.42895510675244913,-0.05292245854965671,0.6140533953194864
2021-01-07,1156.49,-0.8026013185688015,-0.08125104672584155,0.39409820441966176
2021-01-08,1167.69,-1.4311457970922452,-0.14257243342823647,0.23242964952330936
2021-01-11,1184.89,-1.3031904153253449,-0.14257243342823647,0.241237332939774
2021-01-12,1192.28,-1.5247496369929796,-0.14257243342823647,0.22714345770660338
2021-01-13,1186.05,-1.153399219787794,-0.14257243342823647,0.2543368880711179
2021-01-14,1187.4,-0.9192434139479174,-0.14257243342823647,0.2823382106456618
2021-01-15,1194.2,-0.9533681878446383,-0.14257243342823647,0.2776087685109353
2021-01-18,1191.94,-0.8084787400162323,-0.14094669194758125,0.29937493904145906
2021-01-19,1131.0,-0.500139760493527,-0.12242239325322676,0.3613318806547552
2021-01-20,1134.68,-0.34646148291541373,-0.12242239325322676,0.4000298964142932
2021-01-21,1164.21,-0.36822218257230405,-0.12242239325322676,0.39426929120775633
2021-01-22,1166.78,-0.28380842941467327,-0.12242239325322676,0.4170721423314364
2021-01-25,1166.05,-0.2726581623622681,-0.12187299000900467,0.4201710431455554
2021-01-26,1136.12,-0.038294238931313306,-0.09873956976375721,0.4948194918635717
2021-01-27,1097.17,0.22341393307572402,-0.06674444252030225,0.7322086473270517
2021-01-28,1023.94,0.5083916909605077,-0.03880522845657596,0.946581198443692
2021-01-29,1056.61,0.32584282079030186,-0.03880522845657596,0.9004079882496507
2021-02-01,1035.51,0.44252592772772464,-0.03880522845657596,0.9306946545828405
2021-02-02,1075.53,0.30138958284720807,-0.03880522845657596,0.8937489844258644
2021-02-03,1111.29,0.12355854236880909,-0.03880522845657596,0.8428539319921173
2021-02-04,1112.19,0.1209228347373383,-0.03880522845657596,0.8420749188633112
2021-02-05,1126.91,-0.004657578336064817,-0.03880522845657596,0.8045765943199146
2021-02-08,1083.18,0.1930003609448184,-0.015527191541345518,0.9795557932545038
2021-02-09,1114.93,0.0327894583069659,-0.01573781540924223,0.9311442366073899
2021-02-17,1155.78,-0.14543037319259539,-0.021045536880239284,0.8514482087026373
2021-02-18,1174.38,-0.18988934533352522,-0.021045536880239284,0.8384804807756107
2021-02-19,1173.5,-0.1393599819603354,-0.021045536880239284,0.8532328887120596
2021-02-22,1175.04,-0.14002291375818407,-0.021045536880239284,0.8530378401210408
2021-02-23,1177.64,-0.13696627378780724,-0.021045536880239284,0.8539374653430748
2021-02-24,1162.01,-0.08730014679021218,-0.021045536880239284,0.8686486035515836
2021-02-25,1165.43,-0.07740908008186957,-0.021045536880239284,0.8715958654683624
2021-02-26,1168.47,-0.03659054601280703,-0.021045536880239284,0.8838000481640677
2021-03-01,1186.17,-0.12549031994382606,-0.021045536880239284,0.857321602569001
2021-03-02,1186.61,-0.13258165371273575,-0.021045536880239284,0.8552292430826859
2021-03-03,1186.95,-0.16380692139422282,-0.021045536880239284,0.8460651105860969
2021-03-04,1168.52,-0.15450782718112044,-0.03258281013206331,0.7910989641225744
2021-03-05,1168.69,-0.14623750295264737,-0.03258281013206331,0.7935247810823086
2021-03-08,1168.27,-0.14596804134518415,-0.03258281013206331,0.7936039182466483
2021-03-09,1161.97,-0.06968849928940597,-0.03258281013206331,0.816213178065037
2021-03-10,1170.08,-0.06848487994509636,-0.03258281013206331,0.8165725458428064
2021-03-11,1181.73,-0.09021666018306321,-0.03258281013206331,0.8100941407696551
2021-03-12,1181.56,-0.01843882609476411,-0.03258281013206331,0.8315549283282255
2021-03-15,1184.56,0.008608137810602977,-0.03258281013206331,0.8396683268984223
2021-03-16,1179.9,0.07872580320173081,-0.03258281013206331,0.8606550186574219
2021-03-17,1186.09,0.05886864625227567,-0.03258281013206331,0.8547261704233603
2021-03-18,1200.94,0.01718621192488439,-0.03258281013206331,0.8422413053550538
2021-03-19,1194.05,0.008512469179941784,-0.02731009770350721,0.8660031905550681
2021-03-22,1194.43,0.010368309072624031,-0.02731009770350721,0.8665598927478207
2021-03-23,1183.45,0.1306296980967015,-0.018285521145802612,0.9475399066965473
2021-03-24,1161.81,0.2048935897055367,-0.008628599945266364,1.0174791086931618
2021-03-25,1163.1,0.21915194344817943,-0.008628599945266364,1.0215698843655188
2021-03-26,1162.21,0.1877636275901473,-0.008628599945266364,1.0125333282347468
2021-03-29,1175.68,0.12116737968279971,-0.013663834632565357,0.9678541869641155
2021-03-30,1186.36,0.15155967569622267,-0.013663834632565357,0.976803761158676
2021-03-31,1191.44,0.16154789562729793,-0.013663834632565357,0.979727947458038
2021-04-01,1216.1,-0.06026210033269745,-0.031901472860882484,0.8224358581598098
2021-04-02,1224.45,-0.023118435572923552,-0.031901472860882484,0.8335583403522945
2021-04-05,1236.05,-0.15467641237074425,-0.041402529409909475,0.7469509818679498
2021-04-06,1239.96,-0.14774856484871976,-0.041402529409909475,0.7489825216531277
2021-04-07,1242.38,-0.1179715930528717,-0.041402529409909475,0.7577591507193924
2021-04-08,1234.89,-0.04844717528437199,-0.041402529409909475,0.778464560875433
2021-04-09,1231.66,-0.018714242415594794,-0.041402529409909475,0.7873737355495379
2021-04-12,1252.45,-0.041428716224544665,-0.041402529409909475,0.7805658437750023
2021-04-13,1248.33,-0.03818071997338346,-0.041402529409909475,0.7815386995756627
2021-04-14,1255.87,-0.09838307633364683,-0.041402529409909475,0.7635672900381644
2021-04-15,1247.25,-0.009887174352832638,-0.041402529409909475,0.7900212972940994
2021-04-16,1238.71,0.01682493025392571,-0.041402529409909475,0.7980343558033253
2021-04-19,1260.58,-0.028296185490702563,-0.041402529409909475,0.7845007621801962
2021-04-20,1268.28,-0.13278649285977417,-0.041402529409909475,0.7533838979802921
2021-04-22,1227.82,0.043900624379063447,-0.02623885689570935,0.8819674485396809
2021-04-23,1248.53,-0.03884527638765997,-0.02623885689570935,0.8571579906487061
2021-04-26,1215.77,0.0721860445346771,-0.012930525021865948,0.9569656516031584
2021-04-27,1219.75,0.08649775797255282,-0.012930525021865948,0.9612321789474298
2021-04-28,1229.55,0.0742942629295798,-0.012930525021865948,0.9575947363668607
2021-04-29,1239.39,0.021487153224268148,-0.012930525021865948,0.9417925289840909
2021-05-04,1242.2,-0.010837539485480606,-0.012930525021865948,0.932096240328399
2021-05-05,1256.43,-0.0037499117622348806,-0.012930525021865948,0.9342224066350353
2021-05-06,1250.57,0.03345256476077036,-0.012930525021865948,0.9453794024040407
2021-05-07,1241.81,0.07675028360352208,-0.012930525021865948,0.958327355677034
2021-05-10,1259.58,0.09717350706554426,-0.012930525021865948,0.9644080143325007
2021-05-11,1256.04,0.149812206148955,-0.012930525021865948,0.9799577941166628
2021-05-12,1269.09,0.13674757558118236,-0.012930525021865948,0.9761178293550745
2021-05-13,1261.99,0.15077133283779248,-0.010802615370036827,0.9908786776779845
2021-05-14,1266.36,0.2885479793781761,-0.010802615370036827,1.0302262710061745
2021-05-17,1258.7,0.47899858625606534,-0.00997189944558374,1.083772878703097
2021-05-18,1252.68,0.47592815551548473,-0.011113132709872263,1.0773273427848093
2021-05-19,1262.49,0.19872578299224916,-0.03942360176121673,0.8617271218488608
2021-05-20,1278.22,0.15982845700487247,-0.03942360176121673,0.8504263735073673
2021-05-21,1283.93,0.07479198968193895,-0.03942360176121673,0.8252778440446379
2021-05-24,1297.98,0.10923809406239093,-0.03942360176121673,0.8355236852289171
2021-05-25,1308.58,0.09457983540984749,-0.03942360176121673,0.8311716385245534
2021-05-26,1316.7,0.07373062557750086,-0.03942360176121673,0.824961184351639
2021-05-27,1303.57,0.1305594429951099,-0.03942360176121673,0.8418287825001253
2021-05-28,1320.46,0.03436824678489313,-0.03942360176121673,0.8131884076503034
2021-05-31,1328.05,0.077524020536944,-0.03942360176121673,0.8260927173563103
2021-06-01,1337.78,-0.03940127928253388,-0.03942360176121673,0.7910677205072376
2021-06-02,1340.78,-0.02044699628270083,-0.03942360176121673,0.7967487470134917
2021-06-03,1364.28,-0.1905376122987884,-0.03942360176121673,0.746402546492858
2021-06-04,1374.05,-0.24861141446474538,-0.03942360176121673,0.7297981127479779
2021-06-07,1358.78,-0.08392954720792385,-0.028628622735100504,0.831736977441889
2021-06-08,1319.88,0.24339154170893354,-0.007927685466885033,1.0319705627118503
2021-06-09,1332.9,0.18218799314099876,-0.007927685466885033,1.0144211662644231
2021-06-10,1323.58,0.23429738913000794,-0.007927685466885033,1.029392235887499
2021-06-11,1351.74,0.09467890247922521,-0.007927685466885033,0.9886806755624699
2021-06-14,1361.72,0.058763854839754874,-0.007927685466885033,0.977970464828298
2021-06-15,1367.36,0.003958121822790413,-0.007927685466885033,0.9615490030113688
2021-06-16,1356.52,-0.19712188504979292,-0.046103909819963824,0.7110981218421462
2021-06-17,1359.92,-0.057272218588530044,-0.046103909819963824,0.7523175466090328
2021-06-18,1377.77,-0.2384989836793548,-0.046103909819963824,0.6992572078952373
2021-06-21,1372.63,-0.3748153133868621,-0.051490209608032196,0.6350900263964325
2021-06-22,1379.97,-0.6645600863167359,-0.08728622022573175,0.38915186060112655
2021-06-23,1376.87,-0.6406253086763546,-0.08728622022573175,0.39397134849185994
2021-06-24,1379.72,-0.7329270893232414,-0.0988262795102339,0.31841274828721383
2021-06-25,1390.12,-0.7089183095625423,-0.0988262795102339,0.3228691769529441
2021-06-28,1405.81,-0.762938131356519,-0.0988262795102339,0.3130273059346445
2021-06-29,1410.04,-1.0633292800971985,-0.12445520922078196,0.2639195740726801
2021-06-30,1408.55,-0.8828064858132807,-0.12445520922078196,0.2876532485259855
2021-07-01,1417.08,-0.9341157756744333,-0.12445520922078196,0.2802478876500799
2021-07-02,1420.27,-0.826187706935709,-0.12445520922078196,0.2964728983958813
2021-07-05,1411.13,-0.8941813589151301,-0.11878423674643733,0.2859641458312784
2021-07-06,1354.79,-0.49303092235485607,-0.1044542868459904,0.3630143830739707
2021-07-07,1388.55,-0.6419597159315434,-0.1044542868459904,0.3301302729119703
2021-07-08,1374.68,-0.5491964798688784,-0.0954185701399599,0.37293182515779866
2021-07-09,1347.14,-0.3250466375918019,-0.07692593197440512,0.5211514510989078
2021-07-12,1296.3,0.020237677981042042,-0.042945871270135653,0.7913411183177552
2021-07-13,1297.54,0.022430020745947774,-0.042945871270135653,0.7919985216327334
2021-07-14,1279.91,0.17568492749918146,-0.042945871270135653,0.8374404790835197
2021-07-15,1293.92,0.13639695702281254,-0.042945871270135653,0.8259378503263017
2021-07-16,1299.31,0.15991945344957692,-0.042945871270135653,0.8328416388637274
2021-07-19,1243.51,0.372142108948575,-0.019201187319795733,1.0107532546689586
2021-07-20,1273.29,0.3073345819828258,-0.019201187319795733,0.9933971620119766
2021-07-21,1270.79,0.30770440565149265,-0.019201187319795733,0.9934982447381988
2021-07-22,1293.67,0.1753203045860984,-0.019201187319795733,0.9560578132099036
2021-07-23,1268.83,0.28499749203555286,-0.006884757382030716,1.048833423739019
2021-07-26,1272.71,0.29096846747470995,-0.006884757382030716,1.0504839969834359
2021-07-27,1276.93,0.3250345327802504,-0.006884757382030716,1.059791828852409
2021-07-28,1277.07,0.3103202132780607,-0.006884757382030716,1.0557947268373935
2021-07-29,1293.6,0.21360181961068625,-0.0073087471552780395,1.0265796998128411
2021-07-30,1310.05,0.17679864017136027,-0.0073087471552780395,1.0159500466435136
2021-08-02,1314.22,0.00596924418722851,-0.03303633123613474,0.836609095806261
2021-08-03,1332.44,-0.2013532462767954,-0.05527148416190858,0.6640399291919203
2021-08-04,1334.74,-0.20107805313050492,-0.05535876641088112,0.6636828215014082
2021-08-05,1345.55,-0.2161950942216108,-0.05535876641088112,0.6593396007300122
2021-08-06,1341.45,-0.2256326580455253,-0.05535876641088112,0.6566421487233652
2021-08-09,1359.86,-0.2706172929021878,-0.05535876641088112,0.6439464276891066
2021-08-10,1362.43,-0.2307182542942674,-0.05535876641088112,0.6551932276264313
2021-08-11,1357.79,-0.18743929987632987,-0.05535876641088112,0.6676237927225089
2021-08-12,1353.05,-0.139184613552567,-0.05535876641088112,0.6817183441590495
2021-08-13,1357.05,-0.10754601114454235,-0.05535876641088112,0.6910661810727594
2021-08-16,1370.96,-0.1763357473009911,-0.05535876641088112,0.6708470124605374
2021-08-17,1363.09,-0.16202329194400134,-0.05535876641088112,0.6750200972351205
2021-08-18,1360.94,-0.1049294211298006,-0.05535876641088112,0.6918423642821635
2021-08-19,1374.85,-0.17663799432620503,-0.05535876641088112,0.6707591050079725
2021-08-20,1329.43,0.03191337010848675,-0.0230850815763147,0.8941453542152569
2021-08-23,1298.86,0.16857140401264342,-0.009492049109099295,1.0026375406495478
2021-08-24,1298.74,0.19994354525530525,-0.009492049109099295,1.01173607370975
2021-08-25,1309.55,0.15250352183613572,-0.009492049109099295,0.9979393974349122
2021-08-26,1301.12,0.23757106387285468,-0.009492049109099295,1.0224998172773543
2021-08-27,1313.2,0.18172719924842567,-0.009492049109099295,1.0064655875961457
2021-08-30,1328.14,0.06214754799571079,-0.009492049109099295,0.9711600525211721
2021-08-31,1331.47,0.05576952364975585,-0.009492049109099295,0.9692532874429307
2021-09-01,1334.65,0.060509483461214465,-0.009492049109099295,0.9706704769643679
2021-09-06,1346.39,-0.00851770791049525,-0.009492049109099295,0.9499845038766808
2021-09-07,1341.9,-0.0616767788170927,-0.02052840119459474,0.8788783867378992
2021-09-08,1333.61,0.04205501692414617,-0.02052840119459474,0.909967066409373
2021-09-09,1343.98,-0.0027436434834861366,-0.02052840119459474,0.8965349030472737
2021-09-10,1345.31,-0.007607003306719628,-0.02052840119459474,0.8950759370530568
2021-09-13,1341.43,-0.013794703764223218,-0.02052840119459474,0.8932198453825112
2021-09-14,1339.7,0.028364677283073132,-0.02052840119459474,0.9058651158520784
2021-09-15,1345.83,0.053018147884007334,-0.02052840119459474,0.9132485521312049
2021-09-16,1345.87,0.09082524045077163,-0.02052840119459474,0.9245308887866658
2021-09-17,1352.64,0.06786405353265652,-0.02052840119459474,0.9176860125661764
2021-09-20,1350.48,0.10624488275287741,-0.02052840119459474,0.9291120689328857
2021-09-21,1339.84,0.24676139579984524,-0.02052840119459474,0.9699195701346547
2021-09-22,1350.68,0.21186594793832725,-0.02052840119459474,0.9599835424257849
2021-09-23,1352.76,0.19490252533645894,-0.02052840119459474,0.9550994550276363
2021-09-24,1351.17,0.20094880398414564,-0.019375800232391233,0.9626070960281067
2021-09-27,1324.99,0.3316591864643125,-0.005342533120724741,1.0692905866827986
2021-09-28,1339.31,0.2746969036577334,-0.005342533120724741,1.0536842973417382
2021-09-29,1339.21,0.26711139117296034,-0.005342533120724741,1.0515678159276969
2021-09-30,1342.06,0.21544704366390216,-0.005342533120724741,1.0369396232009798
2021-10-01,1334.89,0.256123136939718,-0.007710332275192931,1.0366480820419557
2021-10-04,1339.54,0.23775065596949096,-0.007710332275192931,1.0314593469502724
2021-10-05,1354.63,0.11764281074714876,-0.007710332275192931,0.9965792625027121
2021-10-06,1362.82,0.05395414232584162,-0.007710332275192931,0.9776188932712466
2021-10-07,1365.99,0.17985484264019866,-0.007710332275192931,1.01483043176528
2021-10-08,1372.73,0.19048584083898445,-0.007710332275192931,1.0179128022318569
2021-10-11,1394.09,0.11092123623046307,-0.007710332275192931,0.9945889056282866
2021-10-12,1394.8,0.08981072086739508,-0.007710332275192931,0.9883193468280398
2021-10-13,1391.91,0.11894058669359409,-0.007710332275192931,0.9969631977515288
2021-10-14,1391.85,0.12485311496917216,-0.007710332275192931,0.9987108542685785
2021-10-15,1392.7,0.13735346177401464,-0.007710332275192931,1.0023971871614055
2021-10-18,1395.53,0.20012085261505125,-0.007710332275192931,1.0206957772275271
2021-10-19,1395.33,0.23750785096215504,-0.007568102169379248,1.0321016191381722
2021-10-20,1393.8,0.21997587360927703,-0.00647869134739559,1.0325550630717508
2021-10-21,1384.77,0.31166039212326896,-0.005618054886193135,1.0624937846749916
2021-10-22,1389.24,0.26340684882079834,-0.005618054886193135,1.0491535164250436
2021-10-25,1385.4,0.38521662282927854,-0.005618054886193135,1.082078489181044
2021-10-26,1391.63,0.38748984724067703,-0.005618054886193135,1.0826679951048284
2021-10-27,1423.02,0.09128565068967064,-0.00685372180120136,0.993041269931863
2021-10-28,1438.01,0.06453856717004094,-0.00685372180120136,0.9850661240810922
2021-10-29,1444.27,-0.009727303277991046,-0.00685372180120136,0.9628132920472734
2021-11-01,1438.97,-0.05479426130902179,-0.016402879646748903,0.9015637551295623
2021-11-02,1452.46,-0.18363695316165893,-0.019856830356840473,0.8462357916822422
2021-11-03,1444.3,-0.00826763255553821,-0.019856830356840473,0.8982356149599584
2021-11-04,1448.34,0.10961805474292499,-0.019856830356840473,0.9334701763244423
2021-11-05,1456.51,0.11183796412089451,-0.019856830356840473,0.9341280498705572
2021-11-08,1467.57,-0.015359500510218876,-0.019856830356840473,0.896108360381055
2021-11-09,1461.5,-0.012795025715035633,-0.019856830356840473,0.8968775499583695
2021-11-10,1465.02,-0.05356683308774323,-0.019856830356840473,0.8846611511653856
2021-11-11,1462.35,-0.008084614935656285,-0.019856830356840473,0.8982905165755699
2021-11-12,1473.37,-0.10607209432108301,-0.019856830356840473,0.869013030022235
2021-11-15,1476.57,-0.32902457108968414,-0.03830598143669086,0.713176881270652
2021-11-16,1466.45,-0.577401248612844,-0.058121947481693234,0.5531580511253453
2021-11-17,1475.85,-0.5308266068765394,-0.058121947481693234,0.5635864526995467
2021-11-18,1469.83,-0.42771697931507374,-0.058121947481693234,0.588366785281156
2021-11-19,1452.35,-0.13219106604840178,-0.058121947481693234,0.669962336483023
2021-11-22,1447.25,-0.1352277081225804,-0.058121947481693234,0.6690674392485323
2021-11-23,1463.63,-0.16732443371421724,-0.058121947481693234,0.6596562109352995
2021-11-24,1488.87,-0.3549464620447478,-0.058121947481693234,0.6071637628824404
2021-11-25,1500.81,-0.4510077935195686,-0.058121947481693234,0.5825721444705287
2021-11-26,1493.03,-0.3694053102244644,-0.053213934080360105,0.6278888994309487
2021-11-29,1484.84,-0.25857032223210574,-0.048216053164915014,0.6830323877899943
2021-11-30,1478.44,-0.22916636696747902,-0.048216053164915014,0.691348586273274
2021-12-01,1485.19,-0.293443306250372,-0.048216053164915014,0.6733294512073
2021-12-02,1482.05,-0.2568298055362522,-0.04619952093384166,0.6936040072607922
2021-12-03,1443.32,-0.06120035004742926,-0.020605271180334235,0.8786364272799003
2021-12-06,1413.58,0.2719420458240873,-0.015427864764594927,1.0024899719538483
2021-12-07,1446.77,0.08519685629949016,-0.015427864764594927,0.9483580719128096
2021-12-08,1452.87,0.08172577488579297,-0.015427864764594927,0.9473239686014373
2021-12-09,1467.98,-0.06777366542823099,-0.015427864764594927,0.9025596497313609
2021-12-10,1463.54,-0.027614650758193332,-0.015427864764594927,0.9145783861149223
2021-12-13,1476.21,-0.04955174378238664,-0.015427864764594927,0.9080073079173713
2021-12-14,1476.02,0.08317521106736181,-0.015427864764594927,0.947755856710654
2021-12-15,1475.5,0.08597616134337459,-0.015427864764594927,0.948590159208201
2021-12-16,1476.61,0.11360838363027428,-0.015427864764594927,0.956797311554613
2021-12-17,1479.79,0.08950775480539869,-0.015427864764594927,0.9496415213083725
2021-12-20,1477.33,-0.06472699213111478,-0.01626356660146405,0.8992911418990646
2021-12-21,1478.74,-0.11890826384847134,-0.02372151749674532,0.8458871143823209
2021-12-22,1477.67,-0.006690580035511511,-0.02372151749674532,0.8793852684547033
2021-12-23,1456.96,0.06195790880620049,-0.02372151749674532,0.8999560373291858
2021-12-24,1477.03,-0.08924700964385077,-0.02372151749674532,0.8546891693712972
2021-12-27,1488.88,-0.40041004977833117,-0.049543036956109315,0.638194886596587
2021-12-28,1494.39,-0.49973707435496306,-0.058636503398601235,0.5682443765489043
2021-12-29,1485.82,-0.40566945983859515,-0.058636503398601235,0.591380635073065
2021-12-30,1485.97,-0.27331976234614397,-0.058636503398601235,0.6268041324910596
2021-12-31,1498.28,-0.3042272443428247,-0.058636503398601235,0.6182645813077383
2022-01-04,1525.58,-0.6386973878902424,-0.058636503398601235,0.537613893020056
2022-01-05,1522.5,-0.39118698280959574,-0.058636503398601235,0.5951025636813687
2022-01-06,1528.57,-0.4244859162812052,-0.058636503398601235,0.586606633153512
2022-01-07,1528.48,-0.48347748804519675,-0.05858107400816495,0.5723873435194176
2022-01-10,1503.71,-0.26508931881462555,-0.04738134802152911,0.6853783946556503
2022-01-11,1492.31,-0.08730715689820602,-0.04738134802152911,0.7369674607607988
2022-01-12,1510.51,-0.18559908155285923,-0.04738134802152911,0.7080441808183794
2022-01-13,1496.05,-0.07292447276612776,-0.038173857825607366,0.7872920678040256
2022-01-14,1496.02,-0.07757210964451029,-0.03815457012606779,0.7860020828864313
2022-01-17,1452.84,0.16232025493258637,-0.02252714051965867,0.9356371544746653
2022-01-18,1438.94,0.10015173815514072,-0.02311536445025513,0.9143686447040056
2022-01-19,1442.79,0.18386328084098796,-0.02311536445025513,0.9389688906934706
2022-01-20,1465.3,0.08414500049926762,-0.02311536445025513,0.9096072682827265
2022-01-21,1472.89,0.13340947333068012,-0.02311536445025513,0.9242102547234481
2022-01-24,1439.71,0.31356050975413857,-0.02311536445025513,0.9755250032551137
2022-01-25,1479.58,0.09263999802610882,-0.02311536445025513,0.9121359439285419
2022-01-26,1481.58,0.06436687323313484,-0.02311536445025513,0.9037066160365561
2022-01-27,1470.76,0.15379052595892015,-0.02311536445025513,0.9302000060295292
2022-01-28,1478.96,0.03653775269957124,-0.02311536445025513,0.8953796283450353
2022-02-07,1497.66,-0.03937805208105623,-0.02311536445025513,0.8726158644222419
2022-02-08,1500.99,-0.0841699166748709,-0.02311536445025513,0.859231665053553
2022-02-09,1505.38,-0.07617680777595782,-0.02311536445025513,0.8616142377359348
2022-02-10,1506.79,-0.13814289440687702,-0.02311536445025513,0.8432419369347888
2022-02-11,1501.71,-0.02758003645964743,-0.019810749079382836,0.8926743409257456
2022-02-14,1471.96,0.14209373056359498,-0.017708126694438917,0.9538028877910347
2022-02-15,1492.75,0.00707745853297821,-0.017708126694438917,0.9135825686371226
2022-02-16,1492.1,-0.10678294993737221,-0.02551742379157569,0.8404992035680834
2022-02-17,1507.99,-0.17960312779550716,-0.02551742379157569,0.8191039146325335
2022-02-18,1504.84,-0.1466256837274554,-0.02551742379157569,0.8287377203241935
2022-02-21,1510.84,-0.2511650641609234,-0.03025854658467235,0.77490320894538
2022-02-22,1503.47,-0.3059738919283897,-0.04367519672022744,0.6925930225341437
2022-02-23,1512.3,-0.30851201623202773,-0.04367519672022744,0.6918991709945916
2022-02-24,1494.85,-0.16406268019326398,-0.03924720825333975,0.7549820517180703
2022-02-25,1498.89,-0.1652572673862992,-0.03924720825333975,0.7546332192479972
2022-02-28,1490.13,-0.09173201217484678,-0.03924720825333975,0.7763212864530944
2022-03-01,1498.78,-0.032265779081582964,-0.03924720825333975,0.7940875827379079
2022-03-02,1485.52,0.07011616171901212,-0.03924720825333975,0.8247644038607957
2022-03-03,1505.0,-0.03342283083473463,-0.03924720825333975,0.7937408414317011
2022-03-04,1505.33,-0.055716783089047386,-0.03924720825333975,0.7870661988505394
2022-03-07,1499.05,-0.06385347207564736,-0.03522230746139218,0.8047584134384536
2022-03-08,1473.71,-0.025000636107605244,-0.02219623008897418,0.8815202209515448
2022-03-09,1473.74,0.08232315139640078,-0.02219623008897418,0.9136601545681776
2022-03-10,1479.08,0.023282284205289834,-0.02219623008897418,0.8960022730397265
2022-03-11,1466.54,0.12279305642502128,-0.013835285774680517,0.9674774489365255
2022-03-14,1446.25,0.34963198713187155,-0.01369881232627107,1.032320677723426
2022-03-15,1452.74,0.3648508237842912,-0.01369881232627107,1.0363498170370258
2022-03-16,1459.33,0.30314590094453303,-0.01369881232627107,1.0197626075440593
2022-03-17,1461.34,0.3038441715249864,-0.01369881232627107,1.0199539193975125
2022-03-18,1469.1,0.16389872744388564,-0.014658621368138083,0.9754409135874083
2022-03-21,1494.95,-0.07771662901038535,-0.028005509280514228,0.8367042916345077
2022-03-22,1503.78,-0.2531628849591728,-0.04554994425132816,0.6978834257559461
2022-03-23,1502.34,-0.1405882965925266,-0.04554994425132816,0.7303494840640458
2022-03-24,1498.26,-0.1422631849806321,-0.04554994425132816,0.7298569351048929
2022-03-25,1498.5,-0.23252952159589158,-0.04554994425132816,0.7037220986641988
2022-03-28,1483.18,-0.24761111690403406,-0.06040532563783048,0.6251718418677106
2022-03-29,1497.76,-0.4452561746717253,-0.07755624057191579,0.4868212618395783
2022-03-30,1490.51,-0.5047421676297473,-0.09180822456876764,0.40120734474004377
2022-03-31,1492.15,-0.597859114660336,-0.10132485079031942,0.3393426771918169
2022-04-01,1516.44,-0.6778312777627018,-0.10132485079031942,0.3229676930287535
2022-04-04,1524.7,-1.0516811907298511,-0.1402111890863776,0.2652622668845587
2022-04-05,1520.03,-0.8591812443854638,-0.13919495698995338,0.291249323420944
2022-04-06,1522.9,-0.8138137279981944,-0.13919495698995338,0.2984933811459356
2022-04-07,1502.35,-0.6955984928562043,-0.1274203747462308,0.3195300401913913
2022-04-08,1482.0,-0.4920161643108557,-0.11543859649122802,0.36325544878798954
2022-04-12,1455.25,-0.4541493142162053,-0.1125643108583807,0.37240886997487954
2022-04-13,1477.2,-0.5248550858140832,-0.1125643108583807,0.355568455822461
2022-04-14,1472.12,-0.639189105524204,-0.10950194277640399,0.33069584863511314
2022-04-15,1458.56,-0.8820766689558512,-0.1295387231241773,0.2877625557758965
2022-04-18,1432.6,-0.5917885029292651,-0.11376518218623484,0.3406457904210334
2022-04-19,1406.45,-0.46300208936792203,-0.0972874968893314,0.3838041651794695
2022-04-20,1384.72,-0.6714671444611493,-0.10534981801375015,0.3242167579715953
2022-04-21,1370.21,-0.8817834836684402,-0.14244179723468894,0.28780649896568866
2022-04-22,1379.23,-0.9904247406667075,-0.15028675420343232,0.2727369870902927
2022-04-25,1310.92,-0.19772055061043078,-0.14255926251097448,0.44144489325512715
2022-04-26,1341.34,-0.3350215088714655,-0.14255926251097448,0.40309232508299553
2022-04-27,1353.77,-0.375814316620192,-0.14255926251097448,0.39227992004013057
2022-04-28,1350.99,-0.3631583493625912,-0.14255926251097448,0.39560211341948626
2022-04-29,1366.8,-0.5650049397386564,-0.14255926251097448,0.34649556661236147
2022-05-04,1348.68,-0.3833176527951212,-0.13870270746979452,0.39032444375897535
2022-05-05,1360.68,-0.2618615806843898,-0.13870270746979452,0.4231892281880226
2022-05-06,1329.26,-0.08324370320164429,-0.11834404104539364,0.4750844134400045
2022-05-09,1269.62,0.296884565063123,-0.09955974891089713,0.5887389500949229
2022-05-10,1293.56,0.20412020137832432,-0.09955974891089713,0.5626007867367495
2022-05-11,1301.53,0.1544252980439083,-0.09955974891089713,0.5481640633918214
2022-05-12,1238.84,0.43542941866671103,-0.053994058958380324,0.8529843288598375
2022-05-13,1182.77,0.646085876546707,-0.018386972069198926,1.0787738720995244
2022-05-16,1171.95,0.694896982194598,-0.018386972069198926,1.0884007488755967
2022-05-17,1228.37,0.40624936726347716,-0.018386972069198926,1.0236501678915826
2022-05-18,1240.76,0.35388379892603283,-0.018386972069198926,1.010009755471086
2022-05-19,1241.64,0.4087598524868131,-0.018386972069198926,1.0242908929442558
2022-05-20,1240.71,0.4074689330700492,-0.01765118359648918,1.027640522597755
2022-05-23,1218.81,0.4270641165359409,-0.018219908097652095,1.0297599090564769
2022-05-24,1233.38,0.1654962261554112,-0.061831471584436325,0.7400431437766453
2022-05-25,1268.43,0.03141183768008212,-0.061831471584436325,0.7002630951874731
2022-05-26,1268.57,-0.029092461224366352,-0.0718550970632536,0.6319992377855217
2022-05-27,1285.45,-0.014142030469096761,-0.0718550970632536,0.6364821883567815
2022-05-30,1293.92,-0.11897657680003372,-0.0718550970632536,0.6051990098846987
2022-05-31,1292.68,-0.2262957467448858,-0.09749141760518688,0.445789787300852
2022-06-01,1299.52,-0.2798110631868773,-0.10355452592303756,0.4181809381349426
2022-06-02,1288.62,-0.252472646250333,-0.10600117745104792,0.42582752746660124
2022-06-03,1287.98,-0.19884745960901162,-0.10600117745104792,0.4411197716499804
2022-06-06,1290.01,-0.21847465791445025,-0.10600117745104792,0.4354808754880557
2022-06-07,1291.35,-0.16038900235003617,-0.10600117745104792,0.45229169231255917
2022-06-08,1307.91,-0.18039592893175338,-0.10600117745104792,0.4464607358038809
2022-06-09,1307.8,-0.19397413895786295,-0.1059259825661416,0.4425267850647777
2022-06-10,1284.08,-0.1658696314899954,-0.08941031711419846,0.5036389108044621
2022-06-13,1227.04,0.06309305656017337,-0.05447061772721034,0.7465497525929885
2022-06-14,1230.31,0.040597041236050874,-0.05447061772721034,0.7398193372641966
2022-06-15,1213.93,0.06289690398462963,-0.05447061772721034,0.7464911397257517
2022-06-16,1236.63,-0.11489737202242593,-0.07036866322182075,0.6138383562686869
2022-06-17,1217.3,0.022234038587332354,-0.056226910762663174,0.7255345588349928
2022-06-20,1180.4,0.17916717491722248,-0.056226910762663174,0.7720477466313365
2022-06-21,1172.47,0.1561934895794663,-0.056226910762663174,0.7653461192772502
2022-06-22,1169.27,0.23361694145881465,-0.056226910762663174,0.7877027531672642
2022-06-23,1188.88,0.14152853437792196,-0.056226910762663174,0.761042773293656
2022-06-24,1185.48,0.1908512190666168,-0.056226910762663174,0.775435632947912
2022-06-27,1202.82,0.10796061024198231,-0.056226910762663174,0.7511283797472055
2022-06-28,1218.1,0.04095112861253853,-0.056226910762663174,0.7311439218904898
2022-06-29,1218.09,0.06158840380897348,-0.05621916278764297,0.7373573813037694
2022-06-30,1197.6,0.19491083086090927,-0.04111268662941045,0.8521804272028825
2022-07-01,1198.9,0.20072305753636954,-0.04111268662941045,0.8538575999487549
2022-07-04,1195.53,0.20392954440637698,-0.03840974295918971,0.8682959357522327
2022-07-05,1181.29,0.22781998188834973,-0.026818139491572825,0.9330969101941597
2022-07-06,1149.61,0.3263977138514441,-0.013676994134772164,1.0261991068100653
2022-07-07,1166.48,0.26112156366081324,-0.013676994134772164,1.008218310163713
2022-07-08,1171.31,0.31063116420511055,-0.013676994134772164,1.021918383922696
2022-07-11,1155.29,0.3644148175996404,-0.011180922342653625,1.0488244232214543
2022-07-12,1174.82,0.352796905936412,-0.011180922342653625,1.0457514822832872
2022-07-13,1173.92,0.37354732758722997,-0.011180922342653625,1.0512225741673595
2022-07-14,1182.17,0.35094646637323845,-0.011180922342653625,1.0452597839038178
2022-07-15,1179.25,0.36336126916748557,-0.011180922342653625,1.0485467750085493
2022-07-18,1176.49,0.3613503634484748,-0.011180922342653625,1.0480162631314576
2022-07-19,1178.33,0.3724527258415543,-0.011180922342653625,1.0509359547456858
2022-07-20,1194.14,0.28714855200957257,-0.011180922342653625,1.0279478585300283
2022-07-21,1198.47,0.2879059034221405,-0.011180922342653625,1.0281572691941416
2022-07-22,1194.76,0.2987244678100441,-0.008110415480933456,1.0464913903549624
2022-07-25,1188.5,0.35568864398988326,-0.005385868054176409,1.07549391091925
2022-07-26,1185.07,0.42099491342600975,-0.005385868054176409,1.0924011383072447
2022-07-27,1191.04,0.3856913927234949,-0.005385868054176409,1.0833626249650228
2022-07-28,1208.12,0.3230063548361275,-0.005385868054176409,1.06673748426762
2022-07-29,1206.33,0.30735504331951896,-0.005385868054176409,1.0624793515546234
2022-08-01,1231.35,0.1519003511599337,-0.005385868054176409,1.0182934794268967
2022-08-02,1241.62,0.09827206643087415,-0.011644501599648634,0.9711645718626908
2022-08-03,1249.76,0.10508522384576804,-0.011644501599648634,0.9731875248556302
2022-08-04,1254.15,0.06429952782983897,-0.011644501599648634,0.9610408100563831
2022-08-05,1252.74,0.06979558718679565,-0.011644501599648634,0.9626822338897579
2022-08-08,1256.75,0.014537833451526651,-0.011644501599648634,0.9461385348081109
2022-08-09,1258.85,0.0161275589171478,-0.014027682949537702,0.9346994334962586
2022-08-10,1256.5,0.0806998045534702,-0.014027682949537702,0.9540191077519473
2022-08-11,1252.07,0.11106572909939617,-0.014027682949537702,0.9630449704464488
2022-08-12,1262.33,0.038962072112123054,-0.014027682949537702,0.9415442958648663
2022-08-15,1274.2,-0.049933750159313006,-0.014027682949537702,0.9148938981780561
2022-08-16,1274.69,-0.19089609267868368,-0.03546489975792939,0.7660923311550627
2022-08-17,1275.28,-0.20469284423598355,-0.04211408354540391,0.7288652406781224
2022-08-18,1273.66,-0.12610168476432046,-0.04211408354540391,0.7517983318426327
2022-08-19,1269.18,-0.0781223767010038,-0.04211408354540391,0.7660404320663026
2022-08-22,1260.43,-0.023127695253676472,-0.04211408354540391,0.7824925105102113
2022-08-23,1270.81,-0.12267529348613328,-0.04211408354540391,0.7528105064609492
2022-08-24,1277.16,-0.1286635008549697,-0.04211408354540391,0.7510421243952453
2022-08-25,1288.88,-0.26504718767359436,-0.04255632797467579,0.7095152861767396
2022-08-26,1282.57,-0.36867826321548847,-0.060144865387464136,0.5934251544027751
2022-08-29,1270.8,-0.22961028503703604,-0.058632888458504756,0.639138003257653
2022-08-30,1279.39,-0.31854419942198003,-0.058632888458504756,0.6143785619320248
2022-08-31,1280.51,-0.28949733203845335,-0.058632888458504756,0.6223339302514685
2022-09-05,1277.35,-0.3279505950800423,-0.0580241114764366,0.6148760140964794
2022-09-06,1277.4,-0.5091482286955324,-0.08067167684358868,0.45585723345126333
2022-09-07,1243.17,-0.44742207900334596,-0.06648421120020481,0.5416456494532083
2022-09-08,1234.6,-0.5164511244659643,-0.08482578703925994,0.43338416261380686
2022-09-09,1248.78,-0.7383509459895709,-0.09887005649717512,0.3172053750809643
2022-09-12,1249.62,-0.6962791302982075,-0.09887005649717512,0.3250495130130652
2022-09-13,1248.4,-1.0123329917329995,-0.12973405959628326,0.26998242770836844
2022-09-14,1240.77,-1.1535233473247763,-0.1344829247146091,0.2543246215306182
2022-09-15,1245.66,-1.0223425974395828,-0.1344829247146091,0.2687543092021991
2022-09-16,1234.03,-1.1354639771574948,-0.12925941832856574,0.256135691813965
2022-09-19,1205.43,-1.1289576377036261,-0.15014808069372315,0.25680133573041974
2022-09-20,1218.93,-1.1778794399990165,-0.15014808069372315,0.251965467928878
2022-09-21,1210.55,-1.3646222755981932,-0.1716473203260064,0.23676175912346198
2022-09-22,1214.7,-1.1787378272849973,-0.1716473203260064,0.2518840394029518
2022-09-23,1203.28,-0.9655495224041315,-0.16378565254969743,0.27597738943015926
2022-09-26,1174.35,-0.6777267238197866,-0.1431855920296333,0.32298813791851266
2022-09-27,1166.54,-0.6843138534247118,-0.13744920877123795,0.32170499091019056
2022-09-28,1143.62,-0.4168386868167179,-0.12016229167030995,0.3817208424695806
2022-09-29,1126.07,-0.3245423579952676,-0.1112171078782096,0.40591749447029324
2022-09-30,1132.11,-0.44998944856085504,-0.1112171078782096,0.37343290042536537
2022-10-03,1086.44,-0.29289073062851634,-0.08880155035951673,0.47055426857828725
2022-10-04,1078.14,-0.4426100915735248,-0.10695850614891422,0.37525831868449855
2022-10-05,1104.26,-0.564884497280191,-0.10695850614891422,0.34652224079616145
2022-10-06,1074.52,-0.34647884491311204,-0.08224137289208205,0.4888184017686296
2022-10-07,1035.91,0.13824682272481184,-0.07287103021642263,0.6768566802857693
2022-10-10,1042.48,0.09855714922369689,-0.07287103021642263,0.6651166305902315
2022-10-11,1006.2,0.32988094080101565,-0.07287103021642263,0.7311689867746775
2022-10-12,1034.81,0.15723762995229537,-0.07287103021642263,0.6824311951718612
2022-10-13,1050.99,0.003618743997656944,-0.07287103021642263,0.6367304673783519
2022-10-14,1061.85,-0.06379770188360225,-0.07287103021642263,0.616531462748184
2022-10-17,1051.58,-0.11296202561943215,-0.07287103021642263,0.6018996535563792
2022-10-18,1063.66,-0.3029695624031107,-0.08317507474192883,0.495916282706648
2022-10-19,1060.07,-0.2536068014480966,-0.0800701840444498,0.5251572490998468
2022-10-20,1058.45,-0.22658316363617853,-0.07866219471869242,0.5398539509886089
2022-10-21,1019.82,-0.1800976118908586,-0.08368561064087061,0.5281193319499423
2022-10-24,986.15,0.0734223553828916,-0.08368561064087061,0.6035591577406035
2022-10-25,997.7,-0.06529261744066187,-0.08968319226118504,0.5320240411426838
2022-10-26,993.36,-0.16812483919842264,-0.11787182587666266,0.45003245700955086
2022-10-27,1028.01,-0.19286436269374282,-0.11787182587666266,0.4428475667459336
2022-10-28,1027.36,-0.052423559490407536,-0.11787182587666266,0.4842873235304994
2022-10-31,1027.94,-0.05156935717713367,-0.11787182587666266,0.48454289262140615
2022-11-01,1033.75,-0.12675659301525535,-0.11787182587666266,0.46217538441625483
2022-11-02,1023.19,-0.10594251327396872,-0.10876767755744297,0.4683356225205749
2022-11-03,1019.81,-0.11518108009866937,-0.10581382806601228,0.4655976764715899
2022-11-04,997.15,0.018568680870671553,-0.08549365692222835,0.5781016794978278
2022-11-07,975.19,0.25205687757213147,-0.07476739820817993,0.7002183634383807
2022-11-08,981.65,0.38428595072892596,-0.07476739820817993,0.7360901408046485
2022-11-09,985.59,0.4935432772131936,-0.07476739820817993,0.7632702559789577
2022-11-10,947.24,0.755437612617066,-0.04466072307837365,0.9682109119848961
2022-11-11,954.53,0.6605625475115554,-0.04466072307837365,0.9503176838756142
2022-11-14,941.04,0.9181938339067343,-0.03096574003230467,1.0626838535606948
2022-11-15,911.9,1.113473210788359,-0.024068170798386555,1.1212451532200638
2022-11-16,942.9,0.7187135156365378,-0.04112757961725202,0.979195639659802
2022-11-17,969.26,0.5421650603394752,-0.04814066400285286,0.9076842060905117
2022-11-18,969.33,0.5840336906592558,-0.04814066400285286,0.9169739848931984
2022-11-21,960.65,0.6446264662666789,-0.04814066400285286,0.9297091080353301
2022-11-22,952.12,0.6083191875436975,-0.05632411970704155,0.88126225640423
2022-11-23,946.0,0.6917966533392511,-0.05632411970704155,0.898119890109906
2022-11-24,947.71,0.7023140880382607,-0.05632411970704155,0.9001297713842996
2022-11-25,971.46,0.5840256116289961,-0.05632411970704155,0.8760549521954638
2022-11-28,1005.69,0.38478009391439827,-0.05632411970704155,0.8284348489767529
2022-11-29,1032.16,0.20661363714493255,-0.05632411970704155,0.7794962808468467
2022-11-30,1048.42,0.05681127544682986,-0.06449843188530367,0.6945329108899675
2022-12-01,1036.28,0.08849836925045639,-0.06838443040405248,0.6845582636261167
2022-12-02,1080.01,-0.07873103808565497,-0.06838443040405248,0.634507217890742
2022-12-05,1093.67,-0.14138273658100445,-0.06838443040405248,0.615943396544977
2022-12-06,1048.69,-0.08152485666521765,-0.06643482545578583,0.6434224559428565
2022-12-07,1041.02,0.012714069332044704,-0.06643482545578583,0.671639888014145
2022-12-08,1050.53,0.015079693896564746,-0.06643482545578583,0.6723494380132593
2022-12-09,1051.81,-0.019288577837309456,-0.06643482545578583,0.6620400168931595
2022-12-12,1032.07,0.03456562799594277,-0.06643482545578583,0.6781914332513819
2022-12-13,1047.45,0.10634899568980194,-0.06643482545578583,0.6996108312365938
2022-12-14,1050.43,0.09677762090834115,-0.06643482545578583,0.6967688562568328
2022-12-15,1055.32,0.11094941683433347,-0.06643482545578583,0.7009747907115578
2022-12-16,1052.48,0.10060789735500081,-0.06391570386135602,0.7105024257233677
2022-12-19,1038.4,0.14845767132903467,-0.051223035439137185,0.7880977872566745
2022-12-20,1023.13,0.20282973769867804,-0.03706273885039043,0.8747142940936016
2022-12-21,1018.88,0.21399280561053294,-0.036573082602360606,0.8803701161154649
2022-12-22,1022.61,0.18839504061818588,-0.036573082602360606,0.8729937931103187
2022-12-23,1020.34,0.21514674379308937,-0.03442969990395358,0.8914177495078143
2022-12-26,985.21,0.35587739026818727,-0.008437863064411256,1.0602839563707922
2022-12-27,1004.57,0.3327579207240876,-0.008437863064411256,1.0541096977282909
2022-12-28,1015.66,0.34049925850103896,-0.008437863064411256,1.056187596440662
2022-12-29,1009.29,0.38251704122445246,-0.0041484343922258355,1.0887252410597887
2022-12-30,1007.09,0.40226293223572196,-0.0041484343922258355,1.0938228924957378
2023-01-03,1043.9,0.18739858992911193,-0.013006892847551674,0.9905361171433086
2023-01-04,1046.35,0.18076999752518744,-0.013006892847551674,0.9886134391122364
2023-01-05,1055.82,0.047719348882555544,-0.03681854802613901,0.8302122080766637
2023-01-06,1051.44,0.08672088971408794,-0.03681854802613901,0.8418585038235716
2023-01-09,1054.21,0.08220749965675068,-0.03681854802613901,0.8405141031100215
2023-01-10,1053.35,0.12038379171449592,-0.03681854802613901,0.8518489395440457
2023-01-11,1055.76,0.038340429964341054,-0.045886670844150025,0.7820631420811424
2023-01-12,1056.39,0.0553253682742232,-0.045886670844150025,0.7871473424478697
2023-01-13,1060.17,0.008125464925970029,-0.04750693760630198,0.7649028978007943
2023-01-16,1066.68,-0.08711938784572684,-0.05532181541491358,0.6973210282126068
2023-01-17,1088.29,-0.2645286709620492,-0.06570584549279372,0.5939128374674119
2023-01-18,1098.28,-0.3188902296940755,-0.07023543102676556,0.5562719099281828
2023-01-19,1108.08,-0.330117974657641,-0.07023543102676556,0.5532348113460177
2023-01-27,1117.1,-0.30791775211367783,-0.07023543102676556,0.55926036036291
2023-01-30,1102.57,-0.2367434232907937,-0.0652819525189438,0.6038650093190514
2023-01-31,1111.18,-0.16925218870347752,-0.0652819525189438,0.6232939338202115
2023-02-01,1075.97,-0.019437395555290907,-0.046498177712087564,0.7616786270308118
2023-02-02,1077.59,-0.14001758164274034,-0.046498177712087564,0.7257762046399303
2023-02-03,1077.15,-0.1435100976751818,-0.046498177712087564,0.7247492285878443
2023-02-06,1089.29,-0.2771075633968311,-0.046498177712087564,0.6864413242894793
2023-02-07,1065.84,-0.2618497587303721,-0.06021956583754341,0.6220947131022638
2023-02-08,1072.22,-0.2719623461198776,-0.06021956583754341,0.6192672140459532
2023-02-09,1064.03,-0.16659467120317414,-0.06021956583754341,0.6493810567995253
2023-02-10,1055.3,-0.1816955250545095,-0.06021956583754341,0.6449855329531236
2023-02-13,1043.7,-0.16843091484058675,-0.06021956583754341,0.6488453570029462
2023-02-14,1038.64,-0.14809510644919222,-0.06021956583754341,0.6547956190491113
2023-02-15,1048.2,-0.1889367261745017,-0.06021956583754341,0.6428861088419855
2023-02-16,1058.29,-0.16333969819758662,-0.06021956583754341,0.6503314483135068
2023-02-17,1059.31,-0.11261787784740364,-0.06021956583754341,0.6652589174105863
2023-02-20,1086.69,-0.26786248682506564,-0.06021956583754341,0.6204117437358141
2023-02-21,1082.23,-0.2559509120438116,-0.05634661763211149,0.6431155915401874
2023-02-22,1054.28,-0.1712474270585334,-0.03132943809993548,0.7924749543511151
2023-02-23,1053.66,-0.08032001836839421,-0.030759448019285235,0.822158437923085
2023-02-24,1039.56,-0.0664039599217159,-0.01761322097810607,0.8920419363122291
2023-02-27,1021.25,0.04657537169906126,-0.016051742155358227,0.9337038060585192
2023-02-28,1024.68,-0.03056747755901149,-0.03680132556322318,0.806825983984601
2023-03-01,1040.55,-0.04922031999827495,-0.03680132556322318,0.8012391889515122
2023-03-02,1037.61,0.021937025135701088,-0.03680132556322318,0.8225734242455673
2023-03-03,1024.77,0.10264588218837144,-0.03680132556322318,0.8466794411782206
2023-03-06,1027.18,0.15435207952961613,-0.03680132556322318,0.8619347299351454
2023-03-07,1037.84,0.13092168673955043,-0.03680132556322318,0.8550470000166754
2023-03-08,1049.18,0.023981397741154455,-0.03680132556322318,0.8231864126354087
2023-03-09,1055.95,-0.018745304578881534,-0.03680132556322318,0.810370439402243
2023-03-10,1053.0,0.028481197967752777,-0.03680132556322318,0.8245354219896646
2023-03-13,1052.8,0.05860392109440349,-0.03680132556322318,0.8335544490783744
2023-03-14,1040.13,0.1951079972208532,-0.03680132556322318,0.8737941888717957
2023-03-15,1062.19,0.06280268448567533,-0.03680132556322318,0.83480944605549
2023-03-16,1047.4,0.17244249346535817,-0.023200305518426643,0.93522446509974
2023-03-17,1045.14,0.14258615933773247,-0.02108808389306703,0.937047877316348
2023-03-20,1023.1,0.2701978464623794,-0.010315859593286701,1.0275633787495504
2023-03-21,1032.43,0.17163495481611654,-0.014349684510482387,0.9792423397067509
2023-03-22,1040.54,0.12254355959226475,-0.014349684510482387,0.9648317212971593
2023-03-23,1045.1,0.08778664592583837,-0.014349684510482387,0.9545201263864729
2023-03-24,1046.79,0.05535161602617944,-0.01532113317173357,0.9399828810707525
2023-03-27,1052.25,-0.04097218402241307,-0.02587754195733009,0.8583275084731298
2023-03-28,1054.29,-0.0993190324579777,-0.02587754195733009,0.8409141664256644
2023-03-29,1056.33,-0.08144158590248322,-0.02587754195733009,0.8462336895321043
2023-03-30,1059.44,-0.1223928431363083,-0.029495031733989496,0.8159892409864153
2023-03-31,1064.64,-0.1660673026213235,-0.029495031733989496,0.8031576403179774
2023-04-03,1079.28,-0.3040071382640025,-0.03511093018522271,0.7359527298224036
2023-04-04,1078.45,-0.2780222997362532,-0.03654497344706993,0.7359530264294234
2023-04-05,1080.86,-0.33237145491050196,-0.04256795514682752,0.6909652175545444
2023-04-06,1070.91,-0.2086694996845095,-0.033672297391937854,0.7699307205779378
2023-04-07,1069.71,-0.2134863008021371,-0.03258827158762667,0.7739683286115957
2023-04-10,1065.35,-0.11851122421812817,-0.03236212668075489,0.8028015174689417
2023-04-11,1069.46,-0.20215455372986663,-0.03236212668075489,0.7783558499165425
2023-04-12,1069.45,-0.20055926307417998,-0.03235307868530566,0.7788607855636592
2023-04-13,1064.3,-0.08049023824544942,-0.02767076951987226,0.8375510931801138
2023-04-14,1052.89,0.01143369905345259,-0.019118120983488533,0.9078393553342625
2023-04-17,1053.81,0.04088445655114623,-0.019118120983488533,0.9166679026186342
2023-04-18,1055.02,0.05675619604050173,-0.019118120983488533,0.9214179947421186
2023-04-19,1048.98,0.17875014046170165,-0.013724088634739185,0.984440669723174
2023-04-20,1049.25,0.18427516783306042,-0.013724088634739185,0.9860447420463929
2023-04-21,1042.91,0.24866281025169182,-0.008397514107061105,1.0311108114053904
2023-04-24,1041.36,0.20866157418914208,-0.008397514107061105,1.0197179448717808
2023-04-25,1034.85,0.3241692006390841,-0.008397514107061105,1.0519939860086431
2023-04-26,1040.8,0.23518506621910718,-0.008397514107061105,1.027295244284582
2023-04-27,1039.63,0.27232885149043984,-0.008397514107061105,1.037749580306072
2023-04-28,1049.12,0.15566196424232798,-0.008397514107061105,1.0043374599362458
2023-05-04,1040.61,0.2210848830383288,-0.008266083837704677,1.023935133381563
2023-05-05,1040.31,0.2150886472010539,-0.008266083837704677,1.0222191831533514
2023-05-08,1053.44,0.10018629674037445,-0.008266083837704677,0.9886253120077352
2023-05-09,1053.77,0.16383530429331808,-0.008266083837704677,1.007385076204514
2023-05-10,1058.26,0.13194434769025254,-0.008266083837704677,0.9980247675181732
2023-05-11,1057.12,0.10358703714983696,-0.008266083837704677,0.9896350152368921
2023-05-12,1066.9,0.03031428852084403,-0.008266083837704677,0.9677610826413413
2023-05-15,1065.71,0.14621578677132058,-0.008266083837704677,1.002224371554648
2023-05-16,1065.91,0.2126469024683061,-0.008266083837704677,1.0215191694264016
2023-05-17,1060.44,0.3365034133628253,-0.008266083837704677,1.055975247237108
2023-05-18,1068.31,0.3425661458880785,-0.008266083837704677,1.057599505279234
2023-05-19,1067.07,0.285859605503777,-0.008266083837704677,1.0421654484537552
2023-05-22,1070.64,0.26949496629626746,-0.008266083837704677,1.0376160322393166
2023-05-23,1065.85,0.3851636193507193,-0.0074084755844764745,1.0731126287500117
2023-05-24,1061.79,0.4612462395159619,-0.0074084755844764745,1.0922874379738017
2023-05-25,1064.63,0.3696324855018403,-0.0074084755844764745,1.0690586849147825
2023-05-26,1063.76,0.383216332629298,-0.0074084755844764745,1.072606843802454
2023-05-29,1074.98,0.2835279846445085,-0.0074084755844764745,1.0458077690494563
2023-05-30,1078.05,0.15685383169142336,-0.01519875986672126,0.970680201122771
2023-05-31,1075.17,0.2224825163657691,-0.01519875986672126,0.9896710770631062
2023-06-01,1078.39,0.2516671674763026,-0.01519875986672126,0.9979517557142831
2023-06-02,1090.84,0.1937000339043406,-0.01519875986672126,0.9814001979800043
2023-06-05,1097.82,0.17866389141878675,-0.01519875986672126,0.9770422479100843
2023-06-06,1108.31,0.09769887335539991,-0.01519875986672126,0.9532229630929986
2023-06-07,1109.54,0.0980294197670267,-0.01519875986672126,0.9533211833151526
2023-06-08,1101.32,0.22266138452638853,-0.01519875986672126,0.989722164652849
2023-06-09,1107.53,0.012582181214003922,-0.01519875986672126,0.9277806558530811
2023-06-12,1116.02,-0.08617204288004743,-0.015961698950234856,0.8944036909867147
2023-06-13,1122.46,-0.15363639066290297,-0.015961698950234856,0.8744598419744284
2023-06-14,1117.42,-0.03064264093843773,-0.015961698950234856,0.9110015891435204
2023-06-15,1116.97,-0.06140930672043474,-0.015961698950234856,0.9017918364351155
2023-06-16,1115.22,-0.10548699345375863,-0.015961698950234856,0.8886622678064933
2023-06-19,1105.4,0.19170989070742075,-0.015961698950234856,0.9770100935240901
2023-06-20,1111.72,0.23677855499210035,-0.015961698950234856,0.9899267034422347
2023-06-21,1118.46,0.17586237866876092,-0.015961698950234856,0.9724129645490437
2023-06-22,1125.3,0.12241549263139534,-0.015961698950234856,0.956733799643588
2023-06-23,1129.38,0.19390964987603093,-0.015961698950234856,0.9776460832907002
2023-06-26,1132.03,0.19530896507505352,-0.015961698950234856,0.9780503719764334
2023-06-27,1134.33,0.22346914039412893,-0.015961698950234856,0.9861381272500086
2023-06-28,1138.35,0.19362459999631773,-0.015961698950234856,0.9775637003575767
2023-06-29,1125.39,0.4005037745799636,-0.007403359715146802,1.0770971800636993
2023-06-30,1120.18,0.465397368214661,-0.007403359715146802,1.0933250969035093
2023-07-03,1125.5,0.5365729979933285,-0.007403359715146802,1.1101000434782577
2023-07-04,1132.0,0.48100404935523056,-0.007403359715146802,1.0970974092719206
2023-07-05,1134.62,0.49710836957236765,-0.007403359715146802,1.1009352027793415
2023-07-06,1126.22,0.6466195424887555,-0.0010902060319055377,1.1653659298235453
2023-07-07,1138.07,0.44756892190359,-0.0029229539322474193,1.111354812817033
2023-07-10,1149.02,0.4004933546942502,-0.0029229539322474193,1.0994965352943948
2023-07-11,1151.77,0.5086160288854311,-0.0029229539322474193,1.1260450827340653
2023-07-12,1154.2,0.4078828342673183,-0.004366669392427954,1.0941687153669135
2023-07-13,1165.42,0.282983386049788,-0.004366669392427954,1.0608658584269883
2023-07-14,1168.4,0.14969531553521379,-0.009771853790170941,0.9957168579043869
2023-07-17,1173.13,0.22887273042769604,-0.009771853790170941,1.0186282514719556
2023-07-18,1174.09,0.37667487451660975,-0.009771853790170941,1.0590856235789876
2023-07-19,1172.98,0.3876323675276732,-0.009771853790170941,1.0619359268859718
2023-07-20,1172.81,0.3006795341780584,-0.009771853790170941,1.0387210378853318
2023-07-21,1185.9,-0.035561624062211625,-0.017404184410294486,0.902315085682583
2023-07-24,1190.72,0.039564547302945105,-0.017404184410294486,0.9248422527649287
2023-07-25,1195.9,0.015478650997051091,-0.017404184410294486,0.9176223024322911
2023-07-26,1200.84,-0.05262053474977492,-0.017404184410294486,0.8972074716128324
2023-07-27,1197.33,0.06901533967036147,-0.017404184410294486,0.9336508695454246
2023-07-28,1207.67,-0.1782561998148255,-0.017404184410294486,0.8600615241730246
2023-07-31,1222.9,-0.9426706275406342,-0.05249907501246721,0.5165705667572189
2023-08-01,1217.56,-0.8400129403980128,-0.05249907501246721,0.5317598500607988
2023-08-02,1220.43,-0.8578215057794762,-0.05249907501246721,0.5289645586857312
2023-08-03,1210.95,-0.8030269601250619,-0.056866624841143486,0.5159491933269778
2023-08-04,1225.98,-0.7763232002476403,-0.056866624841143486,0.520489500381588
2023-08-07,1241.42,-1.0154497530550164,-0.056866624841143486,0.4852648679312984
2023-08-08,1242.23,-0.8341508771504668,-0.056866624841143486,0.5108573140606312
2023-08-09,1233.99,-0.7156736662645478,-0.056866624841143486,0.5314001804071131
2023-08-10,1220.61,-0.42617172925840796,-0.056866624841143486,0.5950317726723502
2023-08-11,1232.21,-0.45765513139372493,-0.056866624841143486,0.5872155298818516
2023-08-14,1236.84,-0.3981249863654185,-0.056866624841143486,0.6021638299972911
2023-08-15,1234.05,-0.2796762671660331,-0.056866624841143486,0.6338852462015733
2023-08-16,1243.26,-0.4224855424918282,-0.056866624841143486,0.5959601858561282
2023-08-17,1233.48,-0.3084899346805258,-0.049388721341245966,0.6633375798328258
2023-08-18,1177.99,0.11628479618337599,-0.01755921316740256,0.9469329767989237
2023-08-21,1179.76,0.2699103010541457,-0.01755921316740256,0.9912663446994904
2023-08-22,1180.49,0.22226729569271272,-0.01755921316740256,0.977807334812235
2023-08-23,1172.56,0.18715810180873685,-0.01755921316740256,0.9677048415016668
2023-08-24,1189.39,0.06980833518503593,-0.01755921316740256,0.9331124818771453
2023-08-25,1183.37,0.03986533042716027,-0.02704937775993581,0.8767063787774002
2023-08-28,1201.72,-0.1037323922472791,-0.02729827378562826,0.8325000553478313
2023-08-29,1204.43,-0.011905979746310823,-0.02729827378562826,0.8599370059084618
2023-08-30,1213.16,-0.16880391809499157,-0.02729827378562826,0.8133430384897806
2023-08-31,1224.05,-0.4027180206539737,-0.042111601766358926,0.6747603308091064
2023-09-05,1234.98,-0.7462821580643311,-0.0741067844239261,0.4395883675967282
2023-09-06,1245.5,-0.9208630604215805,-0.08634283420313124,0.3503941940892203
2023-09-07,1243.14,-0.7798840863763676,-0.08629881808838645,0.37271385869991036
2023-09-08,1241.48,-0.787412476627095,-0.08629881808838645,0.37142369592954905
2023-09-11,1223.63,-0.6173581500312689,-0.08629881808838645,0.4037201270034434
2023-09-12,1245.44,-0.7655299393461421,-0.08629881808838645,0.3752091090418499
2023-09-13,1238.39,-0.9786500633470281,-0.09713418228506382,0.2885848083392238
2023-09-14,1223.81,-0.7719502777915477,-0.08902033633163864,0.3604796967493269
2023-09-15,1227.36,-0.8886041605962797,-0.09245046278190572,0.32453660145749486
2023-09-18,1211.81,-0.6494719473048605,-0.0915252301995741,0.370979535854034
2023-09-19,1211.5,-0.5829129180645811,-0.0915252301995741,0.3849400365489579
2023-09-20,1226.11,-0.6413388236148018,-0.0915252301995741,0.3726307131069799
2023-09-21,1212.74,-0.48662903345986225,-0.0815096393291224,0.4569907494914109
2023-09-22,1193.05,-0.32201932630087027,-0.06635094924772629,0.5748457545149716
2023-09-25,1153.2,-0.027506668629046865,-0.03580177450768223,0.8127412074440111
2023-09-26,1137.96,-0.0032743249012526713,-0.03580177450768223,0.8200088335016684
2023-09-27,1153.85,-0.217419312146562,-0.03580177450768223,0.7567740314308639
2023-09-28,1152.43,-0.3038334476282491,-0.04488206016013842,0.6871446557036469
2023-09-29,1154.15,-0.4026909509124066,-0.058342350140662275,0.5936135232048807
2023-10-02,1155.25,-0.30352307968805825,-0.058342350140662275,0.6199282310896639
2023-10-03,1118.1,-0.10956144976032454,-0.057918301247910864,0.6776709448221627
2023-10-04,1128.67,-0.09806961614409125,-0.057918301247910864,0.6810815673904488
2023-10-05,1113.89,-0.01976570852390789,-0.057918301247910864,0.7044795532957079
2023-10-06,1128.54,-0.3625989365450339,-0.08597680843140819,0.4658656004959898
2023-10-09,1137.36,-0.3780745359464101,-0.08597680843140819,0.46180571443679663
2023-10-10,1143.69,-0.5170121834059493,-0.09727815160253905,0.3709920265508778
2023-10-11,1150.81,-0.6373214225774518,-0.10958405861110386,0.3310781057514929
2023-10-12,1151.61,-0.5749975789171486,-0.10958405861110386,0.3442939804960048
2023-10-13,1154.73,-0.39129202173359984,-0.10958405861110386,0.3882579397562702
2023-10-16,1141.42,-0.2976206971254821,-0.09920099525152881,0.41725490824568645
2023-10-17,1121.65,-0.08509095266261656,-0.08332367494316412,0.5579157714239953
2023-10-18,1103.4,-0.012321207040631338,-0.07205581076324641,0.636024771111105
2023-10-19,1087.85,0.26946435208760006,-0.07205581076324641,0.7186588492946336
2023-10-20,1108.03,0.1431895940383672,-0.07205581076324641,0.6823866270152311
2023-10-23,1093.53,0.1673083448996549,-0.07026855954426262,0.6983865599290164
2023-10-24,1105.9,0.09214004594757857,-0.07026855954426262,0.6762212558522682
2023-10-25,1101.66,0.18567003216818023,-0.06669026741462886,0.721618310221533
2023-10-26,1055.45,0.4959141653660087,-0.0305764552808733,0.9847870639595255
2023-10-27,1060.62,0.4807238517994967,-0.0305764552808733,0.9811646631094213
2023-10-30,1042.4,0.46503966667169805,-0.021625367604595096,1.022127990115777
2023-10-31,1028.19,0.5809425125677271,-0.021625367604595096,1.0488782009683808
2023-11-01,1039.66,0.5578593200875518,-0.021625367604595096,1.0437893848978215
2023-11-02,1075.47,0.3340775288227647,-0.021625367604595096,0.9885271156164132
2023-11-03,1076.78,0.20772598946132606,-0.03290894067683666,0.8968919592958912
2023-11-06,1089.66,0.15435218526647984,-0.03290894067683666,0.8813966853442395
2023-11-07,1080.29,0.18393126462830708,-0.03329098291471576,0.8881105190378042
2023-11-08,1113.43,0.03472024467030993,-0.03329098291471576,0.843956975335286
2023-11-09,1113.89,0.06151177631240609,-0.03329098291471576,0.8519753792889595
2023-11-10,1101.68,0.09634269114152658,-0.03329098291471576,0.86235879907957
2023-11-13,1100.07,0.13091097068697727,-0.03329098291471576,0.8725955529189378
2023-11-14,1109.73,0.11682164967407214,-0.03329098291471576,0.8684330158782971
2023-11-15,1122.5,0.026160819686483358,-0.03329098291471576,0.8413915414059872
2023-11-16,1125.53,0.05727230968095896,-0.03329098291471576,0.8507080169558556
2023-11-17,1101.19,0.15883592256162413,-0.023127614874934904,0.9316159806753219
2023-11-20,1103.66,0.1763617280467586,-0.023127614874934904,0.9367286378807618
2023-11-21,1110.46,0.13702354040955014,-0.023127614874934904,0.9252136374320159
2023-11-22,1113.82,0.147471411336746,-0.023127614874934904,0.9282853965203399
2023-11-23,1088.49,0.22724505650958327,-0.011909934996408451,1.0074740850226387
2023-11-24,1095.61,0.1777063322333684,-0.015519274939474826,0.9751613359039882
2023-11-27,1088.06,0.1959355320344679,-0.022463041955251416,0.9457246133953899
2023-11-28,1095.43,0.11801825270162165,-0.031703661662070004,0.8767236987201934
2023-11-29,1102.8,0.10690997615136584,-0.031703661662070004,0.8734330452718517
2023-11-30,1094.13,0.1730608353688219,-0.031703661662070004,0.8928877592751712
2023-12-01,1102.16,0.1335406465377565,-0.031703661662070004,0.8813074277914201
2023-12-04,1120.49,0.017888606970524624,-0.031703661662070004,0.8468477014146059
2023-12-05,1115.97,0.1300127026488621,-0.031703661662070004,0.8802672138762555
2023-12-06,1126.43,0.08577210066659109,-0.031703661662070004,0.8671504057532777
2023-12-07,1121.49,0.09826958390233735,-0.031703661662070004,0.8708680339382195
2023-12-08,1124.44,0.11636697086112885,-0.031703661662070004,0.8762350561261387
2023-12-11,1125.5,0.1007308145626109,-0.031703661662070004,0.8715991406877748
2023-12-12,1127.63,0.09662838970515297,-0.031703661662070004,0.8703803219276365
2023-12-13,1114.2,0.24049298360697058,-0.02003231017770592,0.9706268508257874
2023-12-14,1110.13,0.2802143951580156,-0.016439516092709862,0.99973346850489
2023-12-15,1102.3,0.32507488166431153,-0.009452961988569215,1.046961716479379
2023-12-18,1091.88,0.3857277389695911,-0.00023167743372687984,1.1091430080574853
2023-12-19,1096.3,0.33751268646600624,-0.0013790844603040332,1.0906810833208544
2023-12-20,1100.76,0.34488425369405656,-0.0013790844603040332,1.0926538345520584
2023-12-21,1102.43,0.3363006529110248,-0.0013790844603040332,1.090355811794816
2023-12-22,1103.06,0.2994167146392007,-0.006470375660374096,1.0548817424392456
2023-12-25,1117.66,0.2076934970739648,-0.006969420591626488,1.0265802207480306
2023-12-26,1122.25,0.19154605036464414,-0.006969420591626488,1.021924094858482
2023-12-27,1121.99,0.20368585997895208,-0.006969420591626488,1.02542739672864
2023-12-28,1128.93,0.17628635886665725,-0.006969420591626488,1.0174976871976846
2023-12-29,1129.93,0.2505813276518581,-0.006969420591626488,1.0387924093942529
2024-01-02,1131.72,0.2572855254874544,-0.006969420591626488,1.0406793506534775
2024-01-03,1144.17,0.15941149418449385,-0.006969420591626488,1.012575324228158
2024-01-04,1150.72,0.10507909553859103,-0.008361090915239228,0.9896027599381161
2024-01-05,1154.68,0.06880863975471606,-0.010559153238760301,0.9678143089756671
2024-01-08,1160.19,0.06459012475414044,-0.010559153238760301,0.9665543698710993
2024-01-09,1158.59,0.05945338535156556,-0.010559153238760301,0.9650192640639507
2024-01-10,1161.54,0.0380526364775776,-0.010559153238760301,0.9586145179052993
2024-01-11,1162.22,-0.06628507095273199,-0.015682329269736027,0.9017319050139408
2024-01-12,1154.7,0.0067218411902516175,-0.015682329269736027,0.923604875637549
2024-01-15,1154.12,0.03491647740545807,-0.015682329269736027,0.9320590420692241
2024-01-16,1163.12,0.02808917036923343,-0.015682329269736027,0.93001288922158
2024-01-17,1162.53,0.06156071153556809,-0.015682329269736027,0.9400332726298017
2024-01-18,1169.06,0.06554379250873085,-0.015682329269736027,0.9412233821663025
2024-01-19,1181.5,-0.06567355435616481,-0.015682329269736027,0.9019145636703523
2024-01-22,1182.86,-0.024708477108803372,-0.015682329269736027,0.9141773186247675
2024-01-23,1177.5,0.07953597423854782,-0.013003857076251553,0.9587913196514687
2024-01-24,1172.97,0.12422778842537369,-0.013003857076251553,0.9720585121864372
2024-01-25,1170.37,0.16530800142431393,-0.013003857076251553,0.9841262659813016
2024-01-26,1175.67,0.18707429792140784,-0.013003857076251553,0.9904573408993748
2024-01-29,1175.69,0.08338059760033192,-0.014682210623871962,0.9515453180223322
2024-01-30,1179.65,0.15909210143231145,-0.014682210623871962,0.9739179457877211
2024-01-31,1164.31,0.3682986138555393,-0.014682210623871962,1.0323397364369002
2024-02-01,1173.02,0.5231188445341859,-0.014682210623871962,1.0706200136895445
2024-02-02,1172.55,0.5148464730137821,-0.014682210623871962,1.0687027644921865
2024-02-05,1186.06,0.39993715624472725,-0.014682210623871962,1.0405575037056995
2024-02-06,1188.48,0.3968283973975724,-0.014682210623871962,1.039758532192102
2024-02-07,1198.53,0.38195772447907816,-0.014682210623871962,1.0359108763901044
2024-02-15,1202.5,0.3189626909595778,-0.014682210623871962,1.0191595508262519
2024-02-16,1209.7,0.2964922948364655,-0.014682210623871962,1.0130187403332256
2024-02-19,1224.97,-0.06841849666107946,-0.01781917825477575,0.8904105271908367
2024-02-20,1230.06,-0.21437844981334295,-0.027157907998551164,0.8008643869034174
2024-02-21,1230.04,-0.11997091800938459,-0.027157907998551164,0.8283908706361012
2024-02-22,1227.31,0.1281209769503612,-0.027157907998551164,0.90243781448672
2024-02-23,1212.0,0.1959214401331063,-0.027157907998551164,0.9222462138316418
2024-02-26,1224.17,0.06970219099779668,-0.027157907998551164,0.8850873189068407
2024-02-27,1237.46,-0.27353485597894256,-0.027157907998551164,0.7841371750365269
2024-02-28,1254.55,-0.44429109553112967,-0.027157907998551164,0.7390519600422516
2024-02-29,1252.73,-0.25473388102415256,-0.027157907998551164,0.7894014416977904
2024-03-01,1258.28,-0.1970649533507037,-0.027157907998551164,0.8058445638026894
2024-03-04,1261.41,-0.16631254192105838,-0.027157907998551164,0.8147716823543371
2024-03-05,1269.98,-0.35087064028474046,-0.027157907998551164,0.76306622599218
2024-03-06,1262.73,-0.14869236311956024,-0.02599214795894236,0.8257574198402506
2024-03-07,1268.46,-0.18193163096939366,-0.02599214795894236,0.8160540813507045
2024-03-08,1247.35,0.10228141300956019,-0.022077748305798423,0.9201891266722988
2024-03-11,1235.49,0.18097887476560703,-0.022077748305798423,0.9433198188296383
2024-03-12,1245.0,0.06053555509835975,-0.022077748305798423,0.907749773891904
2024-03-13,1270.51,-0.14726979155746667,-0.022077748305798423,0.8457469786587553
2024-03-14,1264.26,-0.2408270277199255,-0.017243288564061154,0.8429005293413194
2024-03-15,1263.78,-0.27186856485973443,-0.01699762823792034,0.8354030546227911
2024-03-18,1243.56,-0.18495592658787027,-0.027182253639027237,0.8092261244764437
2024-03-19,1242.46,-0.2380653089807344,-0.03087166131857582,0.7755414366831035
2024-03-20,1260.08,-0.2972422889669774,-0.03087166131857582,0.7590056214520688
2024-03-21,1276.42,-0.46996175769029314,-0.03087166131857582,0.7141911688346558
2024-03-22,1281.8,-0.5193270403926331,-0.03087166131857582,0.7024875574525274
2024-03-25,1267.86,-0.24112462781553132,-0.03087166131857582,0.7746743756794872
2024-03-26,1282.21,-0.7894038222374069,-0.05702305104714083,0.5174633937233528
2024-03-27,1283.09,-0.7956574027821327,-0.05774388069881722,0.512799992550838
2024-03-28,1290.18,-1.0362752426422852,-0.07531507231549091,0.39050075964535624
2024-03-29,1284.09,-1.1059728702973257,-0.08716900795624072,0.32336468518180794
2024-04-01,1281.52,-0.9556419140004919,-0.08716900795624072,0.3414569738855944
2024-04-02,1287.04,-1.1023337935630115,-0.08716900795624072,0.3237542325879893
2024-04-03,1271.47,-0.7019567118405401,-0.07970390098699671,0.4197980017701941
2024-04-04,1268.25,-0.6655538748595551,-0.07970390098699671,0.4268662087380344
2024-04-05,1255.11,-0.4960497508871878,-0.07970390098699671,0.4637790468149694
2024-04-08,1250.35,-0.3917858467852337,-0.07970390098699671,0.4896108642538499
2024-04-09,1262.82,-0.4668585083253871,-0.07970390098699671,0.47078322781645576
2024-04-10,1258.56,-0.2730446137897735,-0.07970390098699671,0.521543822945951
2024-04-11,1258.2,-0.21798597702063294,-0.07970390098699671,0.5371012087051544
2024-04-12,1276.6,-0.37390303549105675,-0.07970390098699671,0.49426021593228053
2024-04-15,1216.61,0.09631307962009497,-0.0343248863645704,0.8571804802967585
2024-04-16,1215.68,0.09392360737532222,-0.03358614108976059,0.860163812031275
2024-04-17,1193.01,0.22171371648107174,-0.015222001492024444,0.9893352419554646
2024-04-19,1174.85,0.36884984987298525,-0.01077111794458162,1.0520399938257308
2024-04-22,1190.22,0.3359722707991705,-0.01077111794458162,1.0433074729342564
2024-04-23,1177.4,0.49797242202051556,-0.008220974681317253,1.097051450548863
2024-04-24,1205.61,0.30709296194563784,-0.008220974681317253,1.0482321719322742
2024-04-25,1204.97,0.32821586918159157,-0.008220974681317253,1.0539701504238184
2024-04-26,1209.52,0.29311117493633054,-0.008220974681317253,1.04439387180754
2024-05-02,1216.36,0.2045212477340525,-0.008351727484775784,1.0187563215859763
2024-05-03,1221.03,0.2450681265145656,-0.008351727484775784,1.0303244803058083
2024-05-06,1241.58,0.023456119246715857,-0.014909877208183969,0.9324861594859237
2024-05-07,1248.63,-0.010863011148759757,-0.014909877208183969,0.922191838797377
2024-05-08,1250.46,0.058850778681546895,-0.014909877208183969,0.9430854932992072
2024-05-09,1248.64,0.0247330848763277,-0.014909877208183969,0.9328690268062592
2024-05-10,1244.7,0.03516399551932936,-0.014909877208183969,0.9359954667131738
2024-05-13,1240.18,0.04352771181889659,-0.015611712295101145,0.934991511286675
2024-05-14,1243.28,0.1290817376035463,-0.015611712295101145,0.9604523064404756
2024-05-15,1254.39,0.08089232089705864,-0.015611712295101145,0.94615634053757
2024-05-16,1268.78,0.003927091139010345,-0.015611712295101145,0.9231195598098573
2024-05-17,1273.11,-0.008017352149620455,-0.015611712295101145,0.9195362844121676
2024-05-20,1277.58,-0.009479341389662456,-0.015611712295101145,0.9190977212839176
2024-05-21,1277.14,0.008511682232337269,-0.015611712295101145,0.924494881529922
2024-05-22,1266.91,0.03711550021433621,-0.015611712295101145,0.9330709785203782
2024-05-23,1281.03,0.009408126646625353,-0.015611712295101145,0.9247637932474227
2024-05-24,1261.93,0.146546554387427,-0.015611712295101145,0.9655933633086923
2024-05-27,1267.68,0.022470540984043202,-0.016596107598097525,0.9237594899395652
2024-05-28,1281.73,-0.06965733731484064,-0.020545366535793048,0.8764096994041995
2024-05-29,1272.64,0.007595329617254328,-0.020545366535793048,0.8995517223905007
2024-05-30,1266.32,0.05448851288639784,-0.020545366535793048,0.9136035627476551
2024-05-31,1261.72,0.09902327511164882,-0.020545366535793048,0.9268834308404568
2024-06-03,1280.0,-0.0056480002480103625,-0.020545366535793048,0.8955787852634699
2024-06-04,1283.52,-0.17229152425620128,-0.03641155273490031,0.7667602150007102
2024-06-05,1284.35,-0.15859334953462365,-0.03641155273490031,0.7707591503858287
2024-06-06,1283.56,-0.15785628710379035,-0.03641155273490031,0.7709748244758675
2024-06-07,1287.58,-0.20925415599600106,-0.03641155273490031,0.7560664881354228
2024-06-10,1290.67,-0.288410866537555,-0.04317292990449559,0.699933894633906
2024-06-11,1284.41,-0.17510597107351292,-0.04317292990449559,0.7321339664422072
2024-06-12,1300.19,-0.2011479851431447,-0.04317292990449559,0.7245918506129875
2024-06-13,1301.51,-0.17327754802663306,-0.04317292990449559,0.7326661803767762
2024-06-14,1279.91,-0.046896669462365655,-0.02883880527177729,0.841747277710366
2024-06-17,1274.77,0.0006591152104676206,-0.02883880527177729,0.8560037081756197
2024-06-18,1279.5,-0.005086440208860737,-0.02883880527177729,0.8542800547378931
2024-06-19,1279.79,0.06684916315013889,-0.02883880527177729,0.8758309022645875
2024-06-20,1282.3,0.01657796612451287,-0.02883880527177729,0.8607789079180276
2024-06-21,1282.02,-0.010118197694310925,-0.028626698491443225,0.8538311518182569
2024-06-24,1254.12,0.17049270307358896,-0.012622498493546092,0.9875454295285966
2024-06-25,1256.56,0.15071569978541094,-0.012622498493546092,0.9817629457275776
2024-06-26,1261.24,0.1359835183641689,-0.012622498493546092,0.9774329549740564
2024-06-27,1259.09,0.07766454352169708,-0.01936291750083091,0.926438042747653
2024-06-28,1245.32,0.19333163083965219,-0.01936291750083091,0.9604729265426323
2024-07-01,1254.56,0.08904149748847823,-0.022362044043873867,0.9148318566381333
2024-07-02,1269.79,-0.08119200464744361,-0.030199967535228092,0.8246959430922275
2024-07-03,1276.85,-0.24985098809899767,-0.04784688995215318,0.6873319750713707
2024-07-04,1279.89,-0.25147918497303096,-0.04784688995215318,0.6868729661360732
2024-07-05,1283.04,-0.3060786191158734,-0.04784688995215318,0.6717059061818956
2024-07-08,1283.56,-0.2475747075912373,-0.04784688995215318,0.6879742999419476
2024-07-09,1293.71,-0.29297028813278764,-0.04784688995215318,0.6753056396667882
2024-07-10,1285.94,-0.2515113453032693,-0.042093721324478674,0.715629746577396
2024-07-11,1283.8,-0.18351124464262236,-0.04049696214363609,0.7430716024279755
2024-07-12,1280.75,-0.4554682847434373,-0.0423203609172794,0.6604831300540427
2024-07-15,1279.82,-0.3842838072338307,-0.0423203609172794,0.6784716202772217
2024-07-16,1281.18,-0.7932427484244327,-0.0726751900591643,0.43855141226582484
2024-07-17,1268.66,-0.5674807447712757,-0.06777094253162182,0.5070932702780677
2024-07-18,1274.44,-0.558719068709495,-0.06777094253162182,0.5090373624819545
2024-07-19,1264.78,-0.5581670544336383,-0.06065086418191309,0.5447608200938703
2024-07-22,1254.64,-0.3224076961346802,-0.05305904482560747,0.641200071505319
2024-07-23,1231.81,-0.04996238189466708,-0.05069076555520935,0.7315699170227172
2024-07-24,1238.47,-0.10212596594142842,-0.05069076555520935,0.7160144543941259
2024-07-25,1233.19,-0.04202759839439088,-0.05069076555520935,0.7339453108792051
2024-07-26,1242.11,-0.166150851535206,-0.05069076555520935,0.6971545856022836
2024-07-29,1246.6,0.04567171130263219,-0.05069076555520935,0.7602381668706726
2024-07-30,1245.06,0.14498635655406958,-0.05069076555520935,0.789739843805243
2024-07-31,1251.51,0.1694100753445057,-0.05069076555520935,0.7968885092200864
2024-08-01,1226.96,0.4577555810316457,-0.039244703218502326,0.9322524390069833
2024-08-02,1236.6,0.3519355098114057,-0.039244703218502326,0.9052037644498996
2024-08-05,1188.07,0.6727441015643967,-0.006217718853834401,1.1449460211598308
2024-08-06,1210.28,0.4557495195318269,-0.006217718853834401,1.0968954944554306
2024-08-07,1215.88,0.4347131615911694,-0.006217718853834401,1.0916871939904027
2024-08-08,1208.32,0.5214821011814259,-0.005575332000455232,1.1157762675144958
2024-08-09,1223.64,0.40509444142673867,-0.005575332000455232,1.087413191577131
2024-08-12,1230.28,0.375075809883249,-0.005575332000455232,1.079650381277268
2024-08-13,1230.42,0.3273828169005205,-0.007406715837301203,1.0578165702305447
2024-08-14,1230.36,0.27189501632103924,-0.013311860081536038,1.0130568803739781
2024-08-15,1223.56,0.3785165708625747,-0.013311860081536038,1.041866249865011
2024-08-16,1252.23,0.09802973152941687,-0.013685307938878972,0.9608885355900161
2024-08-19,1261.62,-0.03194106443476905,-0.02341051255718414,0.873368375282653
2024-08-20,1272.55,-0.10177818041166559,-0.02493542464133442,0.844894417604002
2024-08-21,1284.05,-0.1759617632935558,-0.02493542464133442,0.8230725060389465
2024-08-22,1282.78,-0.20254876985169862,-0.026149130177698862,0.8093072809068017
2024-08-23,1285.32,-0.29835244205022693,-0.03583543397753085,0.7338815855185377
2024-08-26,1280.02,-0.12449834120450873,-0.034746508602895854,0.7891097360784386
2024-08-27,1280.56,-0.08897543656059013,-0.034746508602895854,0.7996450422214944
2024-08-28,1281.44,-0.0571040258132295,-0.034746508602895854,0.8091548458645803
2024-08-29,1281.47,-0.05392349920978679,-0.034746508602895854,0.8101060685790246
2024-08-30,1283.87,-0.08612619452366828,-0.034746508602895854,0.8004932956518612
2024-09-04,1275.8,0.02419524651946633,-0.02864085279824421,0.8640528938823979
2024-09-05,1268.21,0.12973067780951042,-0.027237903858833908,0.9025128065916475
2024-09-06,1273.96,0.13419074107828038,-0.027237903858833908,0.9038277915829978
2024-09-09,1267.73,0.17705886791259173,-0.022457463339985665,0.940282140318724
2024-09-10,1255.23,0.22486688747635247,-0.013602897281808348,0.9983310744078222
2024-09-11,1253.27,0.2574585777461646,-0.013602897281808348,1.0075605903196274
2024-09-12,1256.35,0.21594614195041037,-0.013602897281808348,0.995780776217511
2024-09-13,1251.71,0.19348585203069754,-0.01091162358768003,1.0027739740450516
2024-09-16,1239.26,0.24313271304107956,-0.01671567868750978,0.9879573675988913
2024-09-17,1258.95,0.0903782468836841,-0.01723417427642778,0.9408690200811435
2024-09-18,1264.9,0.023620287375435773,-0.01723417427642778,0.9209138973062275
2024-09-19,1271.27,0.038752255013867726,-0.01723417427642778,0.9254489890451244
2024-09-20,1272.04,0.06642128033991501,-0.01723417427642778,0.9337262606895641
2024-09-23,1268.48,0.10151840091544687,-0.01723417427642778,0.9441804536860888
2024-09-24,1276.99,0.007402894447463846,-0.01723417427642778,0.916049956383021
2024-09-25,1287.48,-0.08800533265954182,-0.01723417427642778,0.8874954779127251
2024-09-26,1291.49,-0.10660744058982118,-0.01723417427642778,0.881967509075323
2024-09-27,1290.92,-0.04992385293864506,-0.01723417427642778,0.8988644033202994
2024-09-30,1287.94,-0.029913802707195566,-0.01723417427642778,0.90485766364147
2024-10-01,1292.2,-0.09139753591250693,-0.01723417427642778,0.8864859626099776
2024-10-02,1287.84,-0.1181135235324525,-0.014359006201538353,0.8929347754489991
2024-10-03,1278.1,-0.025446119964636967,-0.014359006201538353,0.9205727802253294
2024-10-04,1270.6,-0.06248544386618021,-0.024045514168846403,0.8610511549619664
2024-10-07,1269.93,-0.08938116216118058,-0.027685716281560763,0.834828249033098
2024-10-08,1271.98,-0.09644741395424644,-0.027685716281560763,0.832726578221859
2024-10-09,1281.85,-0.12788669519537366,-0.027685716281560763,0.8234132094918162
2024-10-10,1286.36,-0.1784737047308909,-0.027685716281560763,0.8085906460081526
2024-10-11,1288.39,-0.1769386817166651,-0.027685716281560763,0.8090369110338747
2024-10-14,1286.34,-0.21270530370536914,-0.026272424835991633,0.8057715360023696
2024-10-15,1281.08,-0.2514473690134338,-0.03249852314771628,0.7636237659538416
2024-10-16,1279.48,-0.24913316483738324,-0.03249852314771628,0.7642762887654031
2024-10-17,1286.52,-0.24635905394743388,-0.03249852314771628,0.7650594604194376
2024-10-18,1285.46,-0.23819683644173056,-0.03170071414124127,0.7713588699181163
2024-10-21,1279.77,-0.24830876423250287,-0.027395547637466065,0.790023796292755
2024-10-22,1269.89,-0.1709030045951539,-0.020607443543945277,0.8461852878720619
2024-10-23,1270.9,-0.20810519204963518,-0.020607443543945277,0.8354171382464932
2024-10-24,1257.41,-0.0944528351551416,-0.01563488548652409,0.8935736869690835
2024-10-25,1252.72,-0.13929430447522115,-0.02577344046564589,0.829612696446028
2024-10-28,1254.77,-0.2923316962073883,-0.03630741490573206,0.7331790781811286
2024-10-29,1261.78,-0.3461644735356033,-0.03745413134252826,0.71283845595971
2024-10-30,1258.63,-0.6087763466669386,-0.046920473238010824,0.6024180845023606
2024-10-31,1264.48,-0.5553325604110527,-0.046920473238010824,0.6140457799748277
2024-11-01,1254.89,-0.322539227146819,-0.04450241024990476,0.6839476198498686
2024-11-04,1244.71,-0.2269041900893883,-0.04450241024990476,0.7105613519513841
2024-11-05,1245.76,-0.1500341720803727,-0.04450241024990476,0.7328124143355957
2024-11-06,1261.28,-0.2372119484390612,-0.04450241024990476,0.7076297702247304
2024-11-07,1259.75,-0.22138969732766747,-0.043341932923198975,0.7179376722550889
2024-11-08,1252.56,-0.13991678584580414,-0.03785048221242883,0.7690443361278723
2024-11-11,1250.32,-0.054914805213162415,-0.036126751551602665,0.8029083410318796
2024-11-12,1244.82,0.08406644945633825,-0.03281596096433491,0.861080886312162
2024-11-13,1246.04,0.07812467571195408,-0.03281596096433491,0.859310030895901
2024-11-14,1231.89,0.18580418637517349,-0.021706483533432373,0.9465761187819945
2024-11-15,1218.57,0.6612795224459083,-0.0110129085731635,1.1186997470337186
2024-11-18,1217.12,0.7033016065927995,-0.009834691731299954,1.1327643183314857
2024-11-19,1205.15,0.8844480638476155,-0.008631644568058082,1.169433981188745
2024-11-20,1216.54,0.691655123588416,-0.008631644568058082,1.1365550457421867
2024-11-21,1228.33,0.50282959558277,-0.008631644568058082,1.0961436494548198
2024-11-22,1228.1,0.49351478867156595,-0.008631644568058082,1.0939422626587816
2024-11-25,1234.7,0.36671120465682694,-0.008847264962632656,1.0610971833754368
2024-11-26,1242.13,0.29314002612798257,-0.008847264962632656,1.0412703726822916
2024-11-27,1241.97,0.26066335759467685,-0.00951453871757826,1.0289020730089513
2024-11-28,1242.11,0.28469109389464403,-0.00951453871757826,1.0355996700046595
2024-11-29,1250.46,0.0919063742174106,-0.015048985743892362,0.9522496136386679
2024-12-02,1251.21,0.0967998491979538,-0.015048985743892362,0.9537046612204957
2024-12-03,1249.83,0.13833667972440344,-0.015048985743892362,0.9659933507068214
2024-12-04,1240.41,0.22079330564941677,-0.015048985743892362,0.9899372853526051
2024-12-05,1267.53,0.031326511864887045,-0.015048985743892362,0.9341499518179587
2024-12-06,1270.14,-0.015463596461900656,-0.015048985743892362,0.9201163620764757
2024-12-09,1273.84,-0.06148537771211546,-0.015048985743892362,0.9063326671210011
2024-12-10,1272.07,-0.030067635725987425,-0.013678492535788019,0.922589963923465
2024-12-11,1268.86,-0.029046482972189765,-0.011183266869473251,0.9353721705806786
2024-12-12,1267.35,0.029017870322792315,-0.010005128812088086,0.9586772744476325
2024-12-13,1262.57,-0.05440924503760966,-0.016115877472277697,0.9031139272045721
2024-12-16,1263.79,-0.15316673862805327,-0.02257791301347318,0.8415164030346036
2024-12-17,1261.72,-0.10654472745602384,-0.02257791301347318,0.8552674172406395
2024-12-18,1266.0,-0.09604105684227753,-0.02257791301347318,0.8583863794110889
2024-12-19,1254.67,-0.005046110884138289,-0.02303276502972232,0.8833223544350468
2024-12-20,1257.5,-0.18421725744092762,-0.03502360525118817,0.7702335849767991
2024-12-23,1262.76,-0.20111234254445687,-0.03502360525118817,0.7653487455041884
2024-12-24,1260.36,-0.2277038502555095,-0.03612936618724231,0.7521986543006045
2024-12-25,1274.04,-0.31841160634893323,-0.03612936618724231,0.7269321745317068
2024-12-26,1272.87,-0.27147209741593675,-0.03612936618724231,0.739854941280716
2024-12-27,1275.14,-0.25154877176100565,-0.03612936618724231,0.7454409757663458
2024-12-30,1272.02,-0.2131770487305992,-0.03376519237118917,0.7681724029359431
2024-12-31,1266.78,-0.18109862418339975,-0.03200730875554268,0.786220123218303
2025-01-02,1269.71,-0.22954225546695417,-0.03200730875554268,0.7722852716850737
2025-01-03,1254.59,0.11343901288732966,-0.020341306721717838,0.9321799397970965
2025-01-06,1246.35,0.2585161947182743,-0.01754568272289815,0.98814373335657
2025-01-07,1246.95,0.13895729841940946,-0.01754568272289815,0.9536925177430639
2025-01-08,1251.02,0.18826743694001544,-0.01754568272289815,0.9680938377113298
2025-01-09,1245.77,0.2877370756960236,-0.013405363750933194,1.0169883883080844
2025-01-10,1230.48,0.4812782186909008,-0.009501600727243969,1.0866720090121411
2025-01-13,1235.65,0.4517574534272329,-0.009501600727243969,1.079494765050901
2025-01-14,1229.07,0.40863854950430595,-0.009501600727243969,1.0686868193469565
2025-01-15,1236.18,0.35598799502358736,-0.009501600727243969,1.0549945769249922
2025-01-16,1242.36,0.27453723778771943,-0.009501600727243969,1.032844497738582
2025-01-17,1249.11,0.20636944945983923,-0.009501600727243969,1.0135386563073676
2025-01-20,1249.55,0.24300846801010426,-0.009501600727243969,1.0239926022068693
2025-01-21,1246.09,0.255860474626237,-0.009501600727243969,1.0276178874127242
2025-01-22,1242.53,0.3599260731242254,-0.009501600727243969,1.0560366710634488
2025-01-23,1259.63,0.2441962049602353,-0.009501600727243969,1.0243285876528407
2025-01-24,1265.05,0.23572147542242028,-0.009501600727243969,1.0219271323194126
2025-02-03,1253.03,0.37334330490509104,-0.009363237139272314,1.0602575941962686
2025-02-04,1264.68,0.2931031274450947,-0.009363237139272314,1.0386803413567935
2025-02-05,1269.61,0.23125636607794706,-0.009363237139272314,1.0213498722102072
2025-02-06,1271.48,0.2484854196822952,-0.009363237139272314,1.0262321364571536
2025-02-07,1275.2,0.24625031775555406,-0.009363237139272314,1.0256010188942912
2025-02-10,1263.26,0.33480141953065146,-0.002633063757758056,1.0836832147237938
2025-02-11,1268.45,0.30773365507808237,-0.002633063757758056,1.0763468562495653
2025-02-12,1266.91,0.3353529817836192,-0.002633063757758056,1.0838314121482515
2025-02-13,1270.35,0.24078872723860947,-0.0054881813539038845,1.0434312722832149
2025-02-14,1276.08,0.27098462770608966,-0.0054881813539038845,1.0519213318550034
2025-02-17,1272.72,0.3548899639252154,-0.0054881813539038845,1.0747706112815791
2025-02-18,1278.14,0.327348927387075,-0.0054881813539038845,1.0674000919912234
2025-02-19,1288.56,0.2078985634901987,-0.0054881813539038845,1.0340453551179045
2025-02-20,1292.98,0.20363356432518254,-0.0054881813539038845,1.0328185373659842
2025-02-21,1296.75,0.11757993663662168,-0.006100074190091576,1.0046119492183898
2025-02-24,1304.56,0.026326112379615636,-0.006190001573729206,0.9769460017823308
2025-02-25,1303.16,0.14904903521115442,-0.006190001573729206,1.0134364973035934
2025-02-26,1302.96,0.12135978402676457,-0.006190001573729206,1.0052802330298678
2025-02-27,1307.8,0.00795469581487878,-0.008703396045679644,0.9588693781822631
2025-02-28,1305.36,0.02962533784690867,-0.009227246194602792,0.9627487711942313
2025-03-03,1309.37,-0.01591551174179778,-0.010761378773591877,0.9414188557141634
2025-03-04,1311.91,0.03424601599476586,-0.010761378773591877,0.9564628964765244
2025-03-05,1304.71,0.12677629053208492,-0.010761378773591877,0.9840235370188325
2025-03-06,1318.22,-0.10027788067465629,-0.010761378773591877,0.9162101739458621
2025-03-07,1326.05,-0.1646635477638554,-0.010761378773591877,0.8972357222423878
2025-03-10,1330.28,-0.2746432503395222,-0.014069118285363592,0.8492723858466482
2025-03-11,1332.54,-0.4014395908398952,-0.022001706254770846,0.7756374513891863
2025-03-12,1334.41,-0.3222212836908739,-0.022001706254770846,0.7965372582652256
2025-03-13,1326.27,-0.22191375220962756,-0.022001706254770846,0.8244890669839738
2025-03-14,1326.15,-1.1093936489212661,-0.07964018978342544,0.3606446655796865
2025-03-17,1336.26,-1.4421822258730177,-0.09398620029036259,0.2618281496307758
2025-03-18,1330.97,-2.2066544871646574,-0.14950597633491508,0.207182004028845
2025-03-19,1324.63,-2.5607206203874986,-0.17840410835485623,0.20355921043641168
2025-03-20,1323.93,-1.666027155667176,-0.17840410835485623,0.22069265578711805
2025-03-21,1321.88,-1.094149752801477,-0.17840410835485623,0.2604836774051281
2025-03-24,1330.32,-0.976978402692771,-0.17840410835485623,0.2744735296412808
2025-03-25,1331.92,-1.1326357776155476,-0.17840410835485623,0.2564241725770344
2025-03-26,1326.09,-1.2486727816515368,-0.17479205785429344,0.24562668531911802
2025-03-27,1323.81,-1.1436456397271944,-0.17337080094575505,0.255308585162659
2025-03-28,1317.46,-1.0368532867810367,-0.16961975368598375,0.2670072753433932
2025-03-31,1306.86,-1.0092219451281303,-0.16961975368598375,0.2703679951009412
2025-04-01,1317.33,-1.2387208507483725,-0.16961975368598375,0.24647288557769487
2025-04-02,1317.83,-1.1136881735174797,-0.16961975368598375,0.25839132803133325
2025-04-03,1229.84,0.05571267360024269,-0.11020945814089636,0.5166965308551321
2025-04-04,1210.67,0.2019501390456754,-0.09612033006517062,0.5791729789310239
2025-04-08,1132.79,0.5682014052251121,-0.03569242170382777,0.9757490386611
2025-04-09,1094.3,0.7562277662559442,-0.03569242170382777,1.0131927904193876
2025-04-10,1168.34,0.3253547163104739,-0.03569242170382777,0.9158400798094818
2025-04-11,1222.46,0.07568730357007,-0.03569242170382777,0.8442008236877842
2025-04-14,1241.44,0.013840659762913548,-0.03569242170382777,0.8256898242930254
2025-04-15,1227.79,0.13521807756576676,-0.02497169711432725,0.9154615007960226
2025-04-16,1210.3,0.19226765909516763,-0.018037600892446833,0.966791895029666
2025-04-17,1217.25,0.21983586365664953,-0.018037600892446833,0.9747204798321488
2025-04-18,1219.12,0.24890718029411799,-0.018037600892446833,0.9829793318493819
2025-04-21,1207.07,0.3531104017170108,-0.008234816539222934,1.0605652523448967
2025-04-22,1197.13,0.4041972902041191,-0.002383605997250363,1.103142346202788
2025-04-23,1211.0,0.3071678516208491,-0.008993298812062097,1.044391025382603
2025-04-24,1223.35,0.23800471024484504,-0.012876941821504784,1.005698360368961
2025-04-25,1229.23,0.2864011736057663,-0.012876941821504784,1.01926102111383
2025-04-28,1226.8,0.3243539827287871,-0.012876941821504784,1.0296468388559132
2025-04-29,1226.3,0.29029401916512504,-0.012876941821504784,1.020336912524321
2025-05-05,1240.05,0.2451606394638685,-0.012876941821504784,1.007724559608738
2025-05-06,1241.95,0.29636000337378426,-0.012876941821504784,1.0220086896249279
2025-05-07,1250.37,0.28583431086812744,-0.012876941821504784,1.0191041579050033
2025-05-08,1269.8,0.21665890806391339,-0.012876941821504784,0.9996146829090312
2025-05-09,1267.3,0.21809164454858107,-0.012876941821504784,1.0000248169601882
2025-05-12,1283.26,0.13198430491398894,-0.012876941821504784,0.9749822584146165
2025-05-13,1293.43,0.10291071513825646,-0.012876941821504784,0.9663799763872031
2025-05-14,1309.73,0.07599124721229379,-0.012876941821504784,0.9583688837475056
2025-05-15,1313.2,0.0628212674204662,-0.012876941821504784,0.9544369177074185
2025-05-16,1301.39,0.09333008138085712,-0.006961188163712662,0.9931120706438856
2025-05-19,1296.29,0.08044282640141596,-0.012885507515308888,0.9596533897902453
2025-05-20,1315.15,-0.04002520137597998,-0.02722583039524963,0.8518696956089846
2025-05-21,1323.05,-0.048998628532402014,-0.02722583039524963,0.8491830120897299
2025-05-22,1313.84,-0.015646467139830117,-0.02722583039524963,0.8591772908884849
2025-05-23,1314.46,0.010836926814044884,-0.02722583039524963,0.8671217988061772
2025-05-26,1332.51,-0.07857576832930194,-0.02722583039524963,0.8403465118796023
2025-05-27,1339.81,-0.037878999074891215,-0.02722583039524963,0.8525125801329607
2025-05-28,1341.87,-0.013928808860080277,-0.02722583039524963,0.8596924755799691
2025-05-29,1341.86,-0.018091210180300358,-0.02722583039524963,0.8584440770027844
2025-05-30,1332.6,0.033062236126285956,-0.02722583039524963,0.8737859063702591
2025-06-02,1336.3,0.013690795550751025,-0.02722583039524963,0.8679778300908423
2025-06-03,1347.25,-0.005213053202107018,-0.02722583039524963,0.8623069462299193
2025-06-04,1345.74,0.034366076167383075,-0.026134320150995045,0.8796341652846696
2025-06-05,1342.09,0.05283941569020846,-0.023485757289004452,0.8984083019341687
2025-06-06,1329.89,0.09633699948171656,-0.014527517313462138,0.9561744353382612
2025-06-09,1310.57,0.1833865715678968,-0.005668977089773921,1.0260625304776192
2025-06-10,1316.23,0.17700562768185535,-0.005668977089773921,1.0242090897958849
2025-06-11,1315.2,0.18038556871903313,-0.005668977089773921,1.0251913696680728
2025-06-12,1322.99,0.17080574162962534,-0.005668977089773921,1.0224042655310013
2025-06-13,1315.49,0.19761413234993047,-0.001989586106919954,1.0485764663488468
2025-06-16,1338.11,0.12484341700867581,-0.001989586106919954,1.0273117206035787
2025-06-17,1347.69,0.12840152782648595,-0.001989586106919954,1.02836221965371
2025-06-18,1346.83,0.16782466719711142,-0.001989586106919954,1.0399320546673663
2025-06-19,1352.04,0.19121356446527027,-0.001989586106919954,1.0467270874366115
2025-06-20,1349.35,0.2451791644329293,-0.0018994792682309435,1.0626171087586902
2025-06-23,1358.18,0.2472467216129474,-0.0018994792682309435,1.0632012436471878
2025-06-24,1366.77,0.24666714099123888,-0.0018994792682309435,1.0630375569462096
2025-06-25,1366.75,0.21960558884240997,-0.00664436011479712,1.0316208319078113
2025-06-26,1365.67,0.25834587564924544,-0.00664436011479712,1.0426025168025865
2025-06-27,1371.44,0.2694736215245872,-0.00664436011479712,1.0457186908295077
2025-06-30,1376.07,0.27976921130961385,-0.00664436011479712,1.0485856395002
2025-07-01,1377.84,0.24237358451525592,-0.008168144902757012,1.0304802082448925
2025-07-02,1384.59,0.25379424325271593,-0.008168144902757012,1.0337038691800444
2025-07-03,1381.96,0.2587032153669582,-0.008168144902757012,1.0350839375012733
2025-07-04,1386.97,0.2358074962676959,-0.008168144902757012,1.028618834785855
2025-07-07,1402.06,0.1689659469997605,-0.008168144902757012,1.0093721162598779
2025-07-08,1415.46,0.38628226186253634,-0.008168144902757012,1.0696045097522653
2025-07-09,1431.32,0.06304641200990019,-0.041100024399327084,0.8133887813827345
2025-07-10,1445.64,0.07182652880469383,-0.041100024399327084,0.816010857287176
2025-07-11,1457.76,-0.08630150493471961,-0.041100024399327084,0.7686735125332089
2025-07-14,1470.42,-0.2842662634532205,-0.041100024399327084,0.7114451813119216
2025-07-15,1460.65,0.03938755442492973,-0.041100024399327084,0.8063100376161214
2025-07-16,1475.47,0.041604126801096146,-0.041100024399327084,0.8069739197537698
2025-07-17,1490.01,0.07033903469572825,-0.041100024399327084,0.8155668563475935
2025-07-18,1497.28,0.042750393867302276,-0.041100024399327084,0.8073171888253354
2025-07-21,1485.05,0.1953984044671061,-0.041100024399327084,0.852384578064096
2025-07-22,1509.54,0.08511955019346869,-0.041100024399327084,0.8199742492828705
2025-07-23,1512.31,0.14574608697921507,-0.041100024399327084,0.8379167195113266
2025-07-24,1521.02,0.09067570442348513,-0.041100024399327084,0.8216282793936782
2025-07-25,1531.13,0.19044811590617083,-0.041100024399327084,0.8509534249737536
2025-07-28,1557.42,-0.06427793665603689,-0.041100024399327084,0.7752430106033079
2025-07-29,1493.41,0.37678367348828856,-0.00823809555394896,1.0667828275509332
2025-07-30,1507.63,0.3814380979902006,-0.00823809555394896,1.0679962388815758
2025-07-31,1502.52,0.495198613194626,-0.006515551383869015,1.1049220679958107
2025-08-01,1495.21,0.6474984687086758,-0.006515551383869015,1.1384173061167402
2025-08-04,1528.19,0.2544900016982091,-0.02519549763033174,0.9487629116671374
2025-08-05,1547.15,0.007057489002660547,-0.04382109004739338,0.7830117613124838
2025-08-06,1573.71,0.11894672682762177,-0.04382109004739338,0.8164112251141376
2025-08-07,1581.81,0.09916335145507633,-0.04382109004739338,0.810546426228504
2025-08-08,1584.95,0.10270391674298968,-0.04382109004739338,0.8115978468636067
2025-08-11,1596.86,0.03174382628463903,-0.04382109004739338,0.790414500205453
2025-08-12,1608.22,-0.013419987487297754,-0.04382109004739338,0.7768687951881269
2025-08-13,1611.6,0.045982961983349016,-0.04382109004739338,0.7946797237860064
2025-08-14,1640.69,-0.2680181283726758,-0.04382109004739338,0.70236062822118
2025-08-15,1630.0,-0.39630749129013343,-0.04382109004739338,0.6678590245166048
2025-08-18,1636.37,-0.35254585739967287,-0.04382109004739338,0.679305128244841
2025-08-19,1654.2,-0.41556287496794114,-0.04382109004739338,0.6629388031042416
2025-08-20,1664.36,-0.40332913068982224,-0.04382109004739338,0.6660563838000878
2025-08-21,1688.0,-0.48828668551641996,-0.04382109004739338,0.6450378881314797
2025-08-22,1645.47,-0.17573921425307337,-0.04230408715490865,0.7362939354202334
2025-08-25,1614.03,-0.020855483643423222,-0.04230408715490865,0.7822238260863974
2025-08-26,1667.63,-0.305887924700883,-0.04230408715490865,0.6994720897264195
2025-08-27,1672.78,-0.3544153377345272,-0.04230408715490865,0.6863939260041904
2025-08-28,1680.86,-0.422740463227696,-0.04230408715490865,0.6687085810595529
2025-08-29,1682.21,-0.5417365406318565,-0.04230408715490865,0.640189162898089
2025-09-03,1681.3,-0.5691509418851176,-0.04230408715490865,0.6340589283786401
2025-09-04,1696.29,-0.5445518212874205,-0.04230408715490865,0.6395518277756149
2025-09-05,1666.97,-0.35933876681951443,-0.029942429817793367,0.7468984102043044
2025-09-08,1624.53,-0.16094284498334466,-0.029942429817793367,0.8024176066849085
2025-09-09,1637.32,-0.2076211064915322,-0.029942429817793367,0.7888813341794755
2025-09-10,1643.26,-0.2305471505618227,-0.029942429817793367,0.7823236053173398
2025-09-11,1657.75,-0.274588089908529,-0.029942429817793367,0.7699211885194206
2025-09-12,1667.26,-0.36498913914364806,-0.029942429817793367,0.7454075473807058
2025-09-15,1684.9,-0.4641260377125038,-0.029942429817793367,0.7202555299243167
2025-09-16,1680.9,-0.26348505528548255,-0.027634005592242276,0.7845642751076797
2025-09-17,1670.97,-0.24504467398764163,-0.02185556892104585,0.8186456672646386
2025-09-18,1665.18,-0.16409089254350032,-0.01845446137955057,0.8589375462071116
2025-09-19,1658.62,-0.06741119229452194,-0.014572355331540585,0.9069454435316097
2025-09-22,1634.45,0.1481063786277214,-0.01239738850751289,0.9821229177778167
2025-09-23,1635.26,0.21030781211534313,-0.01239738850751289,1.0001913898307415
2025-09-24,1657.46,0.10069158129994325,-0.01239738850751289,0.9681188550590484
2025-09-25,1666.09,0.05391541299668035,-0.01239738850751289,0.9541720270440855
2025-09-26,1660.7,0.11412451234743407,-0.01239738850751289,0.9721025411075422
2025-09-29,1666.48,-0.03336877643336102,-0.020182811217703742,0.889079024857995
2025-09-30,1661.7,-0.33106000447816225,-0.07381498146418759,0.535083217794628
2025-10-01,1665.05,-0.23401245664141346,-0.07381498146418759,0.5619753886110153
2025-10-02,1652.71,-0.11238675343642095,-0.07381498146418759,0.597350306365923
2025-10-03,1645.82,-0.036418671951717926,-0.07381498146418759,0.620004318812408
2025-10-06,1695.5,-0.2468054079335915,-0.07381498146418759,0.5583510855033462
2025-10-07,1685.3,-0.29641613308119213,-0.07381498146418759,0.5445162517573333
2025-10-08,1697.83,-0.2410498073838362,-0.07381498146418759,0.5599789653804766
2025-10-09,1716.47,-0.30909043554368093,-0.07381498146418759,0.541042270802646
2025-10-10,1747.55,-0.4730467115886992,-0.07381498146418759,0.49872777929603507
2025-10-13,1765.12,-0.6309035127869943,-0.07381498146418759,0.46332288048682824
2025-10-14,1761.06,-0.6855448546090347,-0.08481195347652597,0.39740653935654385
2025-10-15,1757.95,-0.5652184251890907,-0.08481195347652597,0.42238852705291235
2025-10-16,1766.85,-0.5744087869191574,-0.08481195347652597,0.42036330718894127
2025-10-17,1731.19,-0.45935198184136666,-0.06596040873618728,0.5413311828475693
2025-10-20,1636.43,-0.06452924302605274,-0.04152786504332979,0.7730287273222475
2025-10-21,1663.43,-0.1651731727198718,-0.04152786504332979,0.7432544874020789
2025-10-22,1678.5,-0.21884611664284448,-0.04152786504332979,0.7277352754068638
2025-10-23,1687.06,-0.3431648975853382,-0.04152786504332979,0.6932706899647447
2025-10-24,1683.18,-0.3316306086050832,-0.04082855329422298,0.699861676699286
2025-10-27,1652.54,-0.16846331529830638,-0.04082855329422298,0.7457909702510823
2025-10-28,1680.5,-0.3719828571848478,-0.04082855329422298,0.6891397699013482
2025-10-29,1685.83,-0.43251818837472367,-0.04082855329422298,0.6736301399313513
2025-10-30,1669.57,-0.32722008098168454,-0.03148714938576995,0.7477580464837381
2025-10-31,1639.65,-0.016969562370809693,-0.013813923703229402,0.9258400013821086
2025-11-03,1617.0,0.34842856385032156,-0.007402304684903528,1.0634828299564123
2025-11-04,1651.98,-0.2537417121365746,-0.007402304684903528,0.8884586693762481
2025-11-05,1654.89,-0.5700041679851389,-0.007402304684903528,0.808379774878726
2025-11-06,1642.64,0.0,0.0,1.0
