date,returns,vol_current,vol_mean,vol_std,vol_shock_k2.0,vol_shock_k2.5,vol_shock_k3.0,vol_shock_k3.5
2015-01-05,,,,,0,0,0,0
2015-01-06,0.009569290109284534,,,,0,0,0,0
2015-01-07,0.004348142488083573,,,,0,0,0,0
2015-01-08,0.002572230776197948,,,,0,0,0,0
2015-01-09,0.0293782860859666,,,,0,0,0,0
2015-01-12,0.008056447791058963,0.01076471026142115,,,0,0,0,0
2015-01-13,0.010934670566931315,0.009628443756547023,,,0,0,0,0
2015-01-14,-0.006183258697898819,0.008961789661993982,,,0,0,0,0
2015-01-15,0.001265142718497092,0.008871608833570174,,,0,0,0,0
2015-01-16,-0.005071485443279067,0.008403319741252413,0.00932597445095695,0.0009153986564950058,0,0,0,0
2015-01-19,-0.005741027469946536,0.007974059221736432,0.009100655246086864,0.0009874088437673708,0,0,0,0
2015-01-20,0.0012423229689770832,0.007859435272047882,0.008923338106938437,0.0010161543987712474,0,0,0,0
2015-01-21,-0.005417496766977781,0.007521818543363048,0.008748148161491514,0.001063292966217409,0,0,0,0
2015-01-22,0.009523474838346813,0.007223824288534571,0.008578778842274074,0.0011168892680727554,0,0,0,0
2015-01-23,0.013645699168030045,0.007123688026116398,0.008433269760658307,0.0011491587963002685,0,0,0,0
2015-01-26,-0.002987739963597691,0.0069887485853919375,0.008301949653815909,0.0011739693438394968,0,0,0,0
2015-01-27,-0.002307798291540375,0.00688646133866534,0.00818399229422003,0.0011915871809894873,0,0,0,0
2015-01-28,0.007698947005006174,0.006668207762320133,0.008067393484073883,0.0012158516967943614,0,0,0,0
2015-01-29,-0.0008222557215293858,0.006652765221911,0.007966348608205106,0.0012278115730572142,0,0,0,0
2015-01-30,-0.01236113016047169,0.006579456407451766,0.007873889128154883,0.0012361522967566704,0,0,0,0
2015-02-02,-0.009894630860832976,0.006429748588750191,0.00778363034444209,0.001247616675634792,0,0,0,0
2015-02-03,-0.022616897803180325,0.007263807334792775,0.007753052520345072,0.0012145609146066011,0,0,0,0
2015-02-04,0.007139397635747224,0.0072145048567760555,0.007723133205702348,0.0011851148381580281,0,0,0,0
2015-02-05,0.010187906314008233,0.007099508426401157,0.007690310848897023,0.0011605767503922635,0,0,0,0
2015-02-06,0.012271453003508626,0.005259487160841564,0.00756876966449425,0.0012535916756560802,0,0,0,0
2015-02-09,-0.0010102241652587551,0.00547092909516378,0.007304080606181382,0.001091692131742047,0,0,0,0
2015-02-10,0.0016912213407724863,0.005547939182293711,0.007100055377468715,0.0010128876195400795,0,0,0,0
2015-02-11,0.012601824131448947,0.0056849628276573905,0.006936214035751885,0.0009595074926280257,0,0,0,0
2015-02-12,0.005002062706270571,0.005536517975660944,0.006769459492856425,0.0008929458174599048,0,0,0,0
2015-02-13,0.004395641986077781,0.005553910001535025,0.006626989005870556,0.0008445427566000591,0,0,0,0
2015-02-24,0.016534977181390964,0.005895310421476825,0.006523051565857574,0.0007965878694864192,0,0,0,0
2015-02-25,-0.0071865315353045744,0.005684477457422437,0.006414303675126303,0.0007517437795882234,0,0,0,0
2015-02-26,0.006850470758951177,0.005655657290157636,0.006320995612466032,0.000722280116085401,0,0,0,0
2015-02-27,-0.00695468561469359,0.005656451227142087,0.006242626959396408,0.0007039650657379553,0,0,0,0
2015-03-02,-0.0031051183826383832,0.005614035896014709,0.006167144352891323,0.0006852074255975709,0,0,0,0
2015-03-03,0.010139996275794427,0.005526453902877913,0.006094029618765622,0.0006707894232578344,0,0,0,0
2015-03-04,0.0061502882423916105,0.0053816310811864694,0.006018788105891679,0.0006615591033463248,0,0,0,0
2015-03-05,-0.005796232448908256,0.005408279615888325,0.005955791698570088,0.0006564318330220643,0,0,0,0
2015-03-06,-0.004925365633009937,0.00518965933377776,0.005882636404163427,0.0006561973805606682,0,0,0,0
2015-03-09,-0.009310234523629113,0.005109485933766823,0.005809137880479179,0.0006563643049747768,0,0,0,0
2015-03-10,0.0020732784990822317,0.005268839242901922,0.005751092413186765,0.0006498925966787334,0,0,0,0
2015-03-11,-0.00529118475053425,0.003967632151209479,0.005586283654007601,0.0006638814449923627,0,0,0,0
2015-03-12,0.0033927779861562257,0.00404496442428625,0.005427806632383111,0.0006323013206659621,0,0,0,0
2015-03-13,-0.004128931405365854,0.0040000682619405845,0.005272834624160082,0.0005785561766773901,0,0,0,0
2015-03-16,-0.009042825456406889,0.0038131494532586416,0.005200517738780936,0.0006643447799786741,0,0,0,0
2015-03-17,0.0016528925619836432,0.0037688616003952176,0.005115414364042508,0.0007333194556295888,0,0,0,0
2015-03-18,-0.005294279427942916,0.0036195517683113953,0.005018994993343392,0.0007974295660062221,0,0,0,0
2015-03-19,-0.008536669661989293,0.0033634425203946106,0.004902918977980253,0.0008617562346001039,0,0,0,0
2015-03-20,0.0029630146059191897,0.0034346307533582826,0.00479782461686512,0.000907378481801991,0,0,0,0
2015-03-23,-0.00790699290977348,0.003428020299362611,0.004691530131756499,0.0009381422539296359,0,0,0,0
2015-03-24,-0.006060712221268583,0.002453649614437102,0.004519447091404513,0.0010179669535505375,0,0,0,0
2015-03-25,-0.01145515746435688,0.0027454204416944732,0.004372494240618114,0.0010524870206713355,0,0,0,0
2015-03-26,-0.008503734868878454,0.002795179956361094,0.004229470373928288,0.0010632409752041987,0,0,0,0
2015-03-27,-0.008522727272727293,0.0028410196321811063,0.004088698794180239,0.0010506723263359217,0,0,0,0
2015-03-30,-0.01129810307932233,0.0029576463654110573,0.003955879317650056,0.0010149965119128931,0,0,0,0
2015-03-31,0.010895284212843137,0.003009296978621964,0.003830021471437258,0.0009648193207577429,0,0,0,0
2015-04-01,-0.022172627147859947,0.0045860568112872525,0.003790242757942297,0.0009124605325431868,0,0,0,0
2015-04-02,0.014733443432113136,0.0048434818673824655,0.003762002870517004,0.0008673741306737105,0,0,0,0
2015-04-03,0.0018286550242296862,0.00499109699765862,0.0037520747537110473,0.0008511576579451588,0,0,0,0
2015-04-06,-0.008907547686410555,0.0049852940088185626,0.0037458651574636343,0.0008411274154875791,0,0,0,0
2015-04-07,0.009466453026870658,0.004814718718323279,0.0037231591312347025,0.0008031221264446664,0,0,0,0
2015-04-08,-0.0007115360055462983,0.005058212940944808,0.0037776881707214686,0.0008558846191328024,0,0,0,0
2015-04-09,0.005112101073541098,0.004992229462250022,0.0038250514226196575,0.0008966909795873979,0,0,0,0
2015-04-10,0.006375790162028716,0.004926332994527386,0.003871364659248998,0.0009295253863476639,0,0,0,0
2015-04-13,0.0099453098207678,0.004939808184053756,0.003927697595788753,0.0009594693158785218,0,0,0,0
2015-04-14,-0.0015548486256568017,0.004946604831344843,0.003986584757336234,0.000985009621098326,0,0,0,0
2015-04-15,0.010435498594877135,0.004925999835795813,0.004051907160710456,0.0010025515413032812,0,0,0,0
2015-04-16,0.006696191319751854,0.004939880476753745,0.004130729058528413,0.001007533138646574,0,0,0,0
2015-04-17,7.038783698187778e-05,0.005141878104397659,0.004216091426080381,0.0010177237850524784,0,0,0,0
2015-04-20,-0.005771396396396566,0.005168914570682696,0.0043031361396463855,0.001021215801501668,0,0,0,0
2015-04-21,-0.0049554013875122704,0.005196865134918915,0.004440296915670476,0.0009407903198338006,0,0,0,0
2015-04-22,0.0004802219692656706,0.005385566053620111,0.004572304196266757,0.0008732592046158825,0,0,0,0
2015-04-23,-0.0022399601784857115,0.005500248982023836,0.004707557647549895,0.0007889397338785362,0,0,0,0
2015-04-24,0.008053452115812876,0.0054948975695246274,0.004840251544417071,0.0006731652942689858,0,0,0,0
2015-04-27,-0.005956484083638247,0.0054084874866531015,0.0049627936004791725,0.0005174958667878067,0,0,0,0
2015-05-04,-0.03079658605974389,0.007589199730528372,0.005191788738074494,0.0006122143638255988,1,1,1,1
2015-05-05,0.013887869670506925,0.0069645705357316776,0.005310714424296715,0.0007113478635409049,1,0,0,0
2015-05-06,-0.006061702705147942,0.006750568049647708,0.005406068733409977,0.0007707591333493166,0,0,0,0
2015-05-07,0.006699435645366902,0.006642494256712993,0.005488638596362696,0.0008113508579435328,0,0,0,0
2015-05-08,0.0027668270100182912,0.006701504788186294,0.005574449135331083,0.0008453567833675857,0,0,0,0
2015-05-11,-0.005121638924455829,0.006684394439853674,0.005667932921407602,0.0008601694337331429,0,0,0,0
2015-05-12,-0.01316004132905535,0.0066785053402679435,0.005748947541373759,0.0008758805622153716,0,0,0,0
2015-05-13,-0.002920592935471311,0.006734160124907221,0.005836044074506618,0.0008832497974100289,0,0,0,0
2015-05-14,0.0016027412401902197,0.006848419658351646,0.005932148407697831,0.0008836254000434891,0,0,0,0
2015-05-15,-0.011495521344884074,0.006892629684002715,0.006029789482695279,0.0008760615418353428,0,0,0,0
2015-05-18,-0.015797112235784505,0.007030837394877931,0.006134001110871934,0.0008643159553017676,0,0,0,0
2015-05-19,0.014878532942622202,0.0071886299548004256,0.006247132616822164,0.0008457571975294343,0,0,0,0
2015-05-20,0.024738273536753397,0.008095178415910573,0.006404897513780006,0.0008825611465280282,0,0,0,0
2015-05-21,0.004471914197418547,0.00790077885449277,0.006542842551284761,0.0008903351131198564,0,0,0,0
2015-05-22,0.016758361082959583,0.008038452266348901,0.006686319436068072,0.0008884846251668387,0,0,0,0
2015-05-25,0.0021003168274535966,0.008150632999424198,0.006834007829293337,0.0008732334504510742,0,0,0,0
2015-05-26,0.00746003552397867,0.007889371203439766,0.006959198086784318,0.000833210429707957,0,0,0,0
2015-05-27,-0.0012693935119887367,0.007941447631770257,0.00708125801927164,0.0007856898383377142,0,0,0,0
2015-05-28,0.011456715153226993,0.007938518563694907,0.007203439068980154,0.0007126176322331328,0,0,0,0
2015-05-29,-0.005951445974483938,0.00793865270274353,0.007329947329784675,0.0005914858635566179,0,0,0,0
2015-06-01,0.009516117704895244,0.00624595791987914,0.007262785239252214,0.0006351486073254291,0,0,0,0
2015-06-02,-0.008122021635535326,0.006135994078391377,0.007221356416385198,0.0006809923362222975,0,0,0,0
2015-06-03,-0.0042257719485893075,0.0061897387734614045,0.007193314952575883,0.0007122288026426345,0,0,0,0
2015-06-04,0.0019193519985913898,0.006354070471323863,0.007178893763306426,0.0007267409559947696,0,0,0,0
2015-06-05,0.0159581011968577,0.006435070896729122,0.007165572068733568,0.0007383024197667319,0,0,0,0
2015-06-08,0.0030446139740860634,0.006516288741541926,0.0071571667838179805,0.0007449953284833807,0,0,0,0
2015-06-09,-0.009244088784643778,0.00643808794939405,0.007145145914274287,0.0007549977454223044,0,0,0,0
2015-06-10,-0.0006440719271676443,0.006563553680629639,0.007136615592060407,0.0007608269460712897,0,0,0,0
2015-06-11,0.012105904894617492,0.006397991526466617,0.007114094185466155,0.0007763158450576368,0,0,0,0
2015-06-12,0.002891317442560881,0.006513687835788384,0.00709514709305544,0.0007865621716509206,0,0,0,0
2015-06-15,0.006435227292227896,0.006304376810038243,0.0070588240638134545,0.0008062164918121907,0,0,0,0
2015-06-16,-0.010452189332969541,0.0061314129280034685,0.007005963212473607,0.0008315195998934133,0,0,0,0
2015-06-17,-0.0025501852330490626,0.0047928986527722975,0.0068408492243166915,0.0009263137032412322,0,0,0,0
2015-06-18,0.002556705305163609,0.004861115168639961,0.0066888660400240526,0.0009904013754019564,0,0,0,0
2015-06-19,0.007495476867407591,0.004259748089212467,0.006499930831167231,0.0010761115080481,0,0,0,0
2015-06-22,0.016042414913630898,0.004663179812963736,0.0063255581718442075,0.0010771068398727655,0,0,0,0
2015-06-23,-0.001700107729598721,0.00480678559784428,0.006171428891564433,0.0010620007428500786,0,0,0,0
2015-06-24,-0.005142731886623952,0.004652923439267305,0.006007002681939285,0.0010275478956236358,0,0,0,0
2015-06-25,-0.0034405613369037358,0.004581990654167131,0.0058391762864628965,0.0009678470566338095,0,0,0,0
2015-06-26,-0.010612425381384072,0.004671778543628595,0.005675832578507151,0.0008650896973433096,0,0,0,0
2015-06-29,0.01718951439621841,0.005200019532003388,0.005623535659113363,0.000860412364396719,0,0,0,0
2015-06-30,0.0021968736797632893,0.0053057564615372295,0.005582023778270656,0.0008543937389268154,0,0,0,0
2015-07-01,-0.002613607621616998,0.00535878371260135,0.005540476025227652,0.0008434196950233212,0,0,0,0
2015-07-02,0.024006762468300913,0.006478187476180824,0.005546681875470501,0.0008501509292657449,0,0,0,0
2015-07-03,0.017715040449067132,0.006605076550012496,0.005555182158134669,0.0008602904829488631,0,0,0,0
2015-07-06,0.014259526629138985,0.006646741434048389,0.005561704792759993,0.0008684171771832263,0,0,0,0
2015-07-07,0.008077156840792021,0.006644661505965065,0.005572033470588543,0.000880533141509677,0,0,0,0
2015-07-08,-0.011265013406952629,0.006411982731130612,0.005564454923113592,0.0008721626899890489,0,0,0,0
2015-07-09,-0.0017170274563922394,0.006560871323824034,0.005572598912981463,0.0008810706191132001,0,0,0,0
2015-07-10,0.008326635589133602,0.006431185059976605,0.005568473774190874,0.0008766144431608844,0,0,0,0
2015-07-13,0.010808570335416379,0.006424840052703807,0.005574496936324152,0.0008823321105358446,0,0,0,0
2015-07-14,0.007302148061697711,0.006423614378954922,0.005589107008871724,0.0008943761435702683,0,0,0,0
2015-07-15,-0.012212497455729832,0.0062947719425278685,0.005664200673359503,0.0008870263486536349,0,0,0,0
2015-07-16,-0.006324398865095393,0.006138868232543248,0.005728088326554667,0.0008720281695155839,0,0,0,0
2015-07-17,0.0027596107832190686,0.006306166151477081,0.005830409229667898,0.0008084093873949094,0,0,0,0
2015-07-20,-0.01286925536484107,0.0061628644079089,0.005905393459415156,0.0007627042696201722,0,0,0,0
2015-07-21,-0.006333193670029269,0.005956585351560681,0.0059628834471009765,0.0007175329685318981,0,0,0,0
2015-07-22,0.021472243395339152,0.006460554149486587,0.006053264982611941,0.0006549617154073231,0,0,0,0
2015-07-23,0.003429387949511753,0.006461158514599197,0.006147223375633544,0.0005608117948609966,0,0,0,0
2015-07-24,-0.0011866900840176164,0.006756857076365813,0.006251477302270404,0.0004561293496276647,0,0,0,0
2015-07-27,0.006653359946773296,0.006541556681595102,0.006318554159749991,0.00038672866836086256,0,0,0,0
2015-07-28,-0.006278916060806328,0.0063772283404778815,0.006372127753697022,0.00030451886799396114,0,0,0,0
2015-07-29,-0.010721016041933873,0.006185943610098338,0.006413485748571872,0.00019674881036546037,0,0,0,0
2015-07-30,0.0029934368496877806,0.005354176847138294,0.006357285217119746,0.00030696055237861084,0,0,0,0
2015-07-31,-0.008793909698836644,0.0049112135161893935,0.006272592065428591,0.00043988844604550596,0,0,0,0
2015-08-03,-0.018661642997455874,0.005282217505747893,0.006204365869013566,0.00048255312198441344,0,0,0,0
2015-08-04,-0.014291105386647462,0.00544198687884221,0.006144232137657423,0.0004994382612390957,0,0,0,0
2015-08-05,0.01052000798987951,0.005426176277492908,0.006094941814975538,0.0005198509947855382,0,0,0,0
2015-08-06,-0.009949265335705504,0.0051764579943109484,0.006025721148499884,0.000546055148895522,0,0,0,0
2015-08-07,0.004525489152136242,0.005274972732431856,0.005967910532122646,0.0005618451341443154,0,0,0,0
2015-08-10,0.01783821385981188,0.005630738401338526,0.005928205449554382,0.0005558824055800193,0,0,0,0
2015-08-11,-0.0024083445885473287,0.005823149829285432,0.005898182222070908,0.0005438013627325102,0,0,0,0
2015-08-12,-0.014370769105293113,0.005905022876686019,0.005878694768778815,0.000535765398951138,0,0,0,0
2015-08-13,-0.01651661591420628,0.006088112694914737,0.00587615699189739,0.0005345870773371705,0,0,0,0
2015-08-14,-0.008800861575741337,0.005875525613910622,0.005854624965019067,0.0005249412738857964,0,0,0,0
2015-08-17,-0.026959577610648044,0.006986209412238748,0.005895792215235559,0.0005798039794337349,0,0,0,0
2015-08-18,0.012335339788886124,0.006920287557458998,0.005943977325530475,0.0006235188445431179,0,0,0,0
2015-08-19,-0.004136362069559807,0.006609758712996635,0.005951437553705977,0.0006308740545451492,0,0,0,0
2015-08-20,-0.01926205392682845,0.0067199575501359346,0.005964377505482814,0.0006443886560619641,0,0,0,0
2015-08-21,-0.018334539166034558,0.006511475813163752,0.005952108442322711,0.0006306963633013514,0,0,0,0
2015-08-24,-0.05279525435915877,0.011147021975494277,0.006182381707017671,0.0013206246929435312,1,1,1,1
2015-08-25,0.005788245117947399,0.01116549147828215,0.0064217948639078825,0.0017287657081630555,1,1,0,0
2015-08-26,0.030020000754745313,0.011688856568259442,0.006696940511815938,0.0020895252197185602,1,0,0,0
2015-08-27,0.01817215922621762,0.011358753368428376,0.006997169337880443,0.002306546006522068,0,0,0,0
2015-08-28,0.027095590219679444,0.011507306750259625,0.007326973999583955,0.0024591145241489214,0,0,0,0
2015-08-31,-0.010720479268484961,0.011570675059201984,0.00764139687725666,0.002582821542207813,0,0,0,0
2015-09-01,-0.004320495794599477,0.01187007692685998,0.007962801379657549,0.002692354563305417,0,0,0,0
2015-09-03,-0.014244811580800598,0.011812890848330496,0.008282137108199427,0.002753714282601493,0,0,0,0
2015-09-04,0.004528233808406945,0.01201775467475485,0.008624201942221622,0.002772471189974059,0,0,0,0
2015-09-07,-0.0033763761426698347,0.01207638654748054,0.008964272632974056,0.0027571210599042985,0,0,0,0
2015-09-08,0.021245922909195913,0.012133513961740472,0.009289411410994153,0.0027265743869842804,0,0,0,0
2015-09-09,0.00991671372106162,0.011810132476658046,0.009588760543362784,0.0026536649646188948,0,0,0,0
2015-09-10,-0.00047174756263757,0.012318162274983923,0.009909417513277678,0.0025713002026729534,0,0,0,0
2015-09-11,-0.00931704162078073,0.012390401468597389,0.010224531951961813,0.0024622099465341158,0,0,0,0
2015-09-14,-0.008063662349578338,0.01241118127034584,0.010551314734783572,0.002281722779019401,0,0,0,0
2015-09-15,0.0019567034882688183,0.012408214016494553,0.010822414964996363,0.002154397097868464,0,0,0,0
2015-09-16,0.0015267988708789204,0.012707367720883597,0.011111768973167593,0.0019846654762155315,0,0,0,0
2015-09-17,-0.002924857745555065,0.012755966597563125,0.011419079367395916,0.0017073454291526824,0,0,0,0
2015-09-18,0.00670246053192991,0.012751189709790186,0.01172064097537863,0.0013230650999857395,0,0,0,0
2015-09-21,0.010366445916114797,0.012686114332765328,0.01202937290135871,0.0005206247760552108,0,0,0,0
2015-09-22,0.001887715863804873,0.008535781107137382,0.011898810857940863,0.0009243963753389542,0,0,0,0
2015-09-23,-0.0008374040474529165,0.008722866946492599,0.011776679631351388,0.0011581792925916407,0,0,0,0
2015-09-24,-0.004312753177818207,0.007300143452877174,0.011557243975582273,0.0015313363501460624,0,0,0,0
2015-09-25,0.0002279701885137264,0.007096884779483771,0.011344150546135042,0.0018281722073082939,0,0,0,0
2015-09-28,-0.00964269434412146,0.005389702071275329,0.011038270312185827,0.0022601774629243676,0,0,0,0
2015-09-29,-0.0065323608554027635,0.005290571835293615,0.01072426515099041,0.0025939224439141535,0,0,0,0
2015-09-30,0.002583795149592616,0.005335724338290337,0.010397547521561927,0.002841689995061459,0,0,0,0
2015-10-01,0.0015996018768662523,0.00505320853996513,0.01005956340614366,0.0030582325107357516,0,0,0,0
2015-10-02,0.0010824431273734891,0.005142487559095714,0.009715800050360702,0.0032092185690131294,0,0,0,0
2015-10-05,0.010369582557830492,0.005246601320814749,0.009374310789027413,0.003306705014551546,0,0,0,0
2015-10-06,0.019807017543859606,0.00502566330209759,0.009018918256045269,0.003375789332876,0,0,0,0
2015-10-07,-0.0029589361592319285,0.004944470299279901,0.00867563514717636,0.0034257269858464297,0,0,0,0
2015-10-08,0.012440257432234203,0.005070044328880128,0.008313229249871172,0.003403419509797303,0,0,0,0
2015-10-09,0.002113228126384703,0.005059698521096257,0.007946694102496115,0.003335275507048335,0,0,0,0
2015-10-12,0.006938539505459085,0.005034679845381515,0.007577869031247899,0.00322151267303954,0,0,0,0
2015-10-13,-0.002128018915723673,0.005028761924448413,0.0072088964266455915,0.0030575844684724127,0,0,0,0
2015-10-14,-0.0014555548033309273,0.0050316364615202395,0.006825109863677424,0.002802152036888329,0,0,0,0
2015-10-15,0.004101833960473256,0.005008664513710761,0.006437744759484805,0.002452844131674663,0,0,0,0
2015-10-16,0.0010465901417961998,0.005090518190182954,0.006054711183504444,0.001964602279737637,0,0,0,0
2015-10-19,0.002681191190853749,0.004962219020054185,0.005668516417868887,0.00120456770346839,0,0,0,0
2015-10-20,-0.00699618237163846,0.004939239085542932,0.005488689316789164,0.0010061015590676012,0,0,0,0
2015-10-21,-0.0003556609365739094,0.004961693839299413,0.0053006306614295055,0.0006626527522693911,0,0,0,0
2015-10-22,0.008200054215234509,0.005010543909724155,0.005186150684271854,0.0004683144663614944,0,0,0,0
2015-10-23,0.011191772534785205,0.005041851825789579,0.005083399036587145,0.00013094991099072778,0,0,0,0
2015-10-26,-0.0052015820786386335,0.00495666802297735,0.0050617473341722456,0.00011207914989516176,0,0,0,0
2015-10-27,-0.00028399124638744944,0.0050827708694429095,0.005051357285879711,9.856743767717465e-05,0,0,0,0
2015-10-28,-0.003676224851280052,0.00505925433528043,0.0050375337857292155,7.253718298730653e-05,0,0,0,0
2015-10-29,0.015027505702401855,0.005429369351246319,0.005056341826293274,0.00011382946156549306,1,1,1,0
2015-10-30,0.003585591539986721,0.005340526608464493,0.005066243778761714,0.0001292823735226602,1,0,0,0
2015-11-02,-0.0075901015855245335,0.005257113581783759,0.005066769391810165,0.00013007318250207175,0,0,0,0
2015-11-03,0.014848364191386354,0.00464779020122079,0.005047875736766324,0.00016029185073603526,0,0,0,0
2015-11-04,-0.0018145853427278258,0.004689404418947336,0.005035122442749696,0.00017810879907737603,0,0,0,0
2015-11-05,0.007500818866688297,0.004432322800437055,0.005003236366327542,0.0002229639544996444,0,0,0,0
2015-11-06,-0.004584024188042379,0.004371762819905668,0.004968839581268013,0.00026322430534643336,0,0,0,0
2015-11-09,-0.002776144751453491,0.004396697472190508,0.004936940462608463,0.0002919187198296935,0,0,0,0
2015-11-10,-0.008826515573314042,0.004401306951563063,0.004905567713964195,0.00031438338402787976,0,0,0,0
2015-11-11,-0.0028747501115204965,0.004342232630855919,0.004871097522430979,0.00033682656286418644,0,0,0,0
2015-11-12,0.0033966828492371093,0.004358367551529082,0.004838582674321895,0.00035380737954483586,0,0,0,0
2015-11-13,0.009395950989134372,0.004296384146777431,0.004798875972151619,0.00036830971447537517,0,0,0,0
2015-11-16,-0.003370032882359597,0.004270722178386504,0.004764301130068234,0.00038427963736884445,0,0,0,0
2015-11-17,-0.006828515618588105,0.0042689825962012205,0.004730788305601149,0.0003972286182435255,0,0,0,0
2015-11-18,-0.0028262127096932987,0.004128469274743955,0.004689127077373376,0.0004150319340010819,0,0,0,0
2015-11-19,-0.002386713958961839,0.0041837750323297715,0.0046477886335036574,0.0004224411007872694,0,0,0,0
2015-11-20,0.004253198205682152,0.004005704802961883,0.004595981282362272,0.00043492159017070804,0,0,0,0
2015-11-23,-0.007395030274956249,0.004025572916737247,0.004549426527050268,0.00044401889932583534,0,0,0,0
2015-11-24,-0.010266837780629645,0.003941661729702686,0.004492371070063257,0.00044519175254246346,0,0,0,0
2015-11-25,0.003149049391239833,0.003960869723066548,0.0044374518394525615,0.0004392896683560731,0,0,0,0
2015-11-26,-0.008897095853617754,0.00343934389248842,0.004337950566514667,0.00042802126724264576,0,0,0,0
2015-11-27,-0.012771002710027068,0.0037254828973799625,0.0042571983809604405,0.00037838865534873406,0,0,0,0
2015-11-30,-0.016573448169371674,0.0043756064498442285,0.0042131230243634635,0.00029874463978385094,0,0,0,0
2015-12-01,-0.004867411025820112,0.003950268817286076,0.004178246955166729,0.0002857629503149076,0,0,0,0
2015-12-02,0.007030031030311523,0.0038126633961011597,0.004134409904024419,0.0002700374687943451,0,0,0,0
2015-12-03,-6.963545837535001e-05,0.004063675915531098,0.004115977559779121,0.0002610646858232593,0,0,0,0
2015-12-04,-0.004805181238901057,0.004059555328919562,0.0041003671852298165,0.0002542092306972138,0,0,0,0
2015-12-07,-0.013995311570623836,0.00433627427226313,0.004097346025233447,0.0002508388340883843,0,0,0,0
2015-12-08,0.01868280046840054,0.005086056392160632,0.004131583497263326,0.000329049200301636,1,1,0,0
2015-12-09,-0.015588260907428264,0.005307763922742748,0.004179860061857667,0.00041987522897195555,1,1,0,0
2015-12-10,-0.00736022646850687,0.005206656429394665,0.004222274505750946,0.00047771799133642436,1,0,0,0
2015-12-11,0.004259945814915067,0.005261876226733018,0.004270549109748726,0.0005313709110571605,0,0,0,0
2015-12-14,-0.0021475604777877466,0.005322415061292469,0.004323133753894024,0.0005810999058637868,0,0,0,0
2015-12-15,0.010280673046138444,0.0053483173863943245,0.004377100493403679,0.0006243179800602675,0,0,0,0
2015-12-16,0.00801056338028161,0.005214428200305286,0.0044313984396817455,0.000648318502409226,0,0,0,0
2015-12-17,0.007964369924024162,0.005036684327967,0.004474043904463607,0.0006591342676139321,0,0,0,0
2015-12-18,-0.015473653203028959,0.005171423321311468,0.004532329830381087,0.0006670340173588012,0,0,0,0
2015-12-21,-0.002252807208983021,0.0053780426384312865,0.004599953316465789,0.0006813578583948524,0,0,0,0
2015-12-22,-0.0009701887458104519,0.0056332267661908094,0.004684531568290195,0.0007000736310072597,0,0,0,0
2015-12-23,-0.003672640593272769,0.005609402979780624,0.004766958231125899,0.0007073961242114143,0,0,0,0
2015-12-24,0.0033671823772307707,0.005712907216192271,0.004880636397311091,0.0006641805951017666,0,0,0,0
2015-12-25,0.0026493809279897196,0.005717000484679513,0.004980212276676068,0.0006303048367966304,0,0,0,0
2015-12-28,0.003928338647453566,0.005348187388032273,0.005028841323585471,0.0006186131071818967,0,0,0,0
2015-12-29,0.011212493419898273,0.005411041666746518,0.005101879966058493,0.0005687949837039615,0,0,0,0
2015-12-30,0.00548335039650194,0.005424424962574511,0.00518246804438216,0.00048444727481380625,0,0,0,0
2015-12-31,-0.0007248252653379028,0.005381485138730716,0.005248358505542142,0.00040782962117468814,0,0,0,0
2016-01-04,-0.007978861198901566,0.005355697988395107,0.005313165638515918,0.0002968647113796468,0,0,0,0
2016-01-05,-0.007781897947458982,0.00512200287094369,0.005352452068449946,0.00019544853557304517,0,0,0,0
2016-01-06,0.008123662139874366,0.0043373630975113275,0.005315017403717481,0.000295333384428179,0,0,0,0
2016-01-07,-0.016029378491741686,0.00438705284227916,0.005268981849694302,0.00036098509378854646,0,0,0,0
2016-01-08,-0.009392245648790265,0.004431725995541121,0.005230235328001625,0.000406718677456389,0,0,0,0
2016-01-11,-0.0038925095973573187,0.004442620939886788,0.005189272563659314,0.0004430015971152932,0,0,0,0
2016-01-12,0.01145428146342331,0.004442777921736329,0.005145290706681506,0.00047181604001909536,0,0,0,0
2016-01-13,-0.0068939850423563875,0.004376492498479948,0.0050966994622857874,0.0004990625848521529,0,0,0,0
2016-01-14,-0.013098488498670569,0.004589414784089075,0.005065448791474978,0.0005107348374152419,0,0,0,0
2016-01-15,-0.01806411948718878,0.005202268681889698,0.005073728009171112,0.0005115853989511887,0,0,0,0
2016-01-18,-0.030697554507955194,0.0071577939011754875,0.005173046538164313,0.0006924090535816628,1,1,0,0
2016-01-19,0.01785816060945722,0.007303411337009871,0.005269314973093242,0.0008404339166205668,1,0,0,0
2016-01-20,-0.011814771263788382,0.0070616507802007365,0.005340736173793738,0.0009290139166713475,0,0,0,0
2016-01-21,-0.014279238440616626,0.006982539868758404,0.005409393018242627,0.0009980858671102342,0,0,0,0
2016-01-22,0.0006898137502875379,0.007144940292021861,0.005480994672034107,0.0010697958511355675,0,0,0,0
2016-01-25,0.03850719975490202,0.009338521148570547,0.005662070705228658,0.0013748462359317501,1,1,0,0
2016-01-26,-0.00851848437355951,0.009187602873669185,0.005854041479510504,0.0015812659826025754,1,0,0,0
2016-01-27,0.009223959979915541,0.009208730428590755,0.006043925917602716,0.001744830065038246,0,0,0,0
2016-01-28,-0.005933405811789472,0.009192438291897245,0.006232326584068853,0.0018731293781245678,0,0,0,0
2016-01-29,0.010714219511742895,0.008808177872038116,0.006403661220734222,0.001946489785483981,0,0,0,0
2016-02-01,-0.008601558917927687,0.008792265704878236,0.006575489606558379,0.002000056996249904,0,0,0,0
2016-02-02,-0.00760322628385357,0.008797485078362137,0.006759263716929302,0.002028137770286246,0,0,0,0
2016-02-03,0.004883959362475432,0.008912724471742737,0.006988031785640872,0.0019984020921583654,0,0,0,0
2016-02-04,0.005713543695623713,0.008990249970189925,0.007218191642036411,0.00194750748288169,0,0,0,0
2016-02-05,0.004795720741492149,0.009115391486913486,0.007452374916605028,0.001875058775952776,0,0,0,0
2016-02-15,-0.0017622762735199915,0.009222766875819367,0.007691382213401658,0.0017731067261301536,0,0,0,0
2016-02-16,0.007833906471248042,0.009260308821075659,0.007932258758368624,0.001630013116525341,0,0,0,0
2016-02-17,-0.0018246510354894552,0.009456692264341668,0.00818626874666171,0.0014303461998478764,0,0,0,0
2016-02-18,0.00994424641257674,0.00944827419475827,0.00842921171719517,0.0011775708350865997,0,0,0,0
2016-02-19,0.0027873807670726336,0.009461500578346754,0.008642173312018022,0.0009203029959760042,0,0,0,0
2016-02-22,0.012057108820822116,0.008165337385759646,0.00869255048624723,0.0008603985476515436,0,0,0,0
2016-02-23,0.0010165682795026942,0.008100919654853446,0.00873242590213941,0.0008096115392119316,0,0,0,0
2016-02-24,0.012043899657924628,0.008106125774257672,0.008784649651842256,0.0007254821259183124,0,0,0,0
2016-02-25,-0.009189493697626783,0.007992142791563671,0.00883512979798252,0.0006211053193057211,0,0,0,0
2016-02-26,0.005845563412814059,0.007819029389214052,0.008868834252842128,0.0005371789961808585,0,0,0,0
2016-02-29,-0.011905813357828032,0.0035108992501143264,0.008577453157919319,0.001303264465399505,0,0,0,0
2016-03-01,0.003915118794357797,0.0035641879559117464,0.008296282412031446,0.00170835212399884,0,0,0,0
2016-03-02,0.01535009616069516,0.0040114301540462175,0.008036417398304218,0.0019416172531180058,0,0,0,0
2016-03-03,0.00036830474586979634,0.004286479985569033,0.007791119482987809,0.002091963300250956,0,0,0,0
2016-03-04,0.005715387717176057,0.004197669982626818,0.007560594088517243,0.0022238602158992705,0,0,0,0
2016-03-07,0.004445219210319928,0.0041992640193356835,0.007330944004240116,0.0023248347148560502,0,0,0,0
2016-03-08,-0.0025859076709475737,0.004275917243309145,0.007104865612487465,0.002393549330796428,0,0,0,0
2016-03-09,-0.0052200240121104136,0.004271134277306723,0.0068727861027656646,0.0024337209028726684,0,0,0,0
2016-03-10,0.007346381906910837,0.004276626360132382,0.006637104922262789,0.002446075600577442,0,0,0,0
2016-03-11,0.002344116268166996,0.004356333946757966,0.0063991520452550115,0.002423677192589774,0,0,0,0
2016-03-14,0.001247271593389554,0.004385217117359263,0.006157274557332007,0.002367799893114789,0,0,0,0
2016-03-15,-0.006816844873525074,0.004370526268599577,0.005912785429708203,0.002281403071030608,0,0,0,0
2016-03-16,0.005278377813392909,0.0042595966525163596,0.005652930649116937,0.002148616039493409,0,0,0,0
2016-03-17,0.00379503353146049,0.004202055015602347,0.005390619690159141,0.00197402518926093,0,0,0,0
2016-03-18,-0.005938611331698929,0.004135234997687615,0.005124306411126185,0.0017415086892116109,0,0,0,0
2016-03-21,-0.006165121044771071,0.003892874828229463,0.0049106832832496745,0.001605583273534014,0,0,0,0
2016-03-22,-0.0023765006028623192,0.003815544156236318,0.004696414508318819,0.0014342347080805737,0,0,0,0
2016-03-23,0.006656040356623816,0.0035386899640723417,0.0044680427178095524,0.0012086241954054205,0,0,0,0
2016-03-24,-0.007047032416349186,0.0034565908100252277,0.004241265118732631,0.0008982400485549942,0,0,0,0
2016-03-25,0.002488346826481802,0.003520774920793713,0.004026352395311613,0.000334414483456283,0,0,0,0
2016-03-28,0.006362746469025238,0.0031791676206899123,0.004009765813840392,0.0003678783903697937,0,0,0,0
2016-03-29,-0.012922948655596511,0.003614712236935282,0.004012292027891569,0.0003648183223354166,0,0,0,0
2016-03-30,0.0028683043570070232,0.002818691866859668,0.003952655113532242,0.00045203080521620195,0,0,0,0
2016-03-31,-0.015248021617448315,0.0034522877510274907,0.003910945501805165,0.00045805307360178833,0,0,0,0
2016-04-01,-0.0049713124977728285,0.0034554790841128465,0.003873835956879466,0.0004636318928755554,0,0,0,0
2016-04-04,-0.004673817667388724,0.0034518128123920524,0.0038364633965322845,0.00046613766066118736,0,0,0,0
2016-04-05,0.008096146234392476,0.003416821384815945,0.0037935086036076245,0.0004630834587104456,0,0,0,0
2016-04-06,0.013331667618503573,0.003793395970161981,0.003769621688250387,0.0004492649867984636,0,0,0,0
2016-04-07,0.006710227372796362,0.00378681042332241,0.0037451308914098888,0.0004332367331222896,0,0,0,0
2016-04-08,0.0012946116165151178,0.0038507629343791185,0.0037198523407909467,0.0004098135726869338,0,0,0,0
2016-04-11,0.01210818744103137,0.0038791239532229294,0.00369454768258413,0.0003811925034401046,0,0,0,0
2016-04-12,0.0009839970997980174,0.0040880641434900425,0.003680424576328653,0.0003594415026373811,0,0,0,0
2016-04-13,-0.0031387969094923696,0.004148325048062915,0.003674860996105981,0.0003507613652479744,0,0,0,0
2016-04-14,0.0025431645963807092,0.0041981914267266015,0.0036746678166621936,0.0003504566667947404,0,0,0,0
2016-04-15,0.0006384924675144621,0.004385079277859079,0.0036871600306707672,0.0003715556796456718,0,0,0,0
2016-04-19,-0.019970337667712945,0.005380764279749827,0.0037615545032467857,0.0005300598209551415,1,1,1,0
2016-04-20,-0.0004399239811360145,0.005479587274002733,0.0038447566591351063,0.0006548834611432815,1,0,0,0
2016-04-21,0.013555622062215056,0.005694633016868534,0.003952553811774916,0.0007692968696916656,1,0,0,0
2016-04-22,0.029093498688621322,0.007543916552954004,0.004156920098921354,0.001101700390396947,1,1,1,0
2016-04-25,-0.001519038617337265,0.007584679922672041,0.004360115349015271,0.0013294284838995295,1,0,0,0
2016-04-26,0.011663680313735991,0.007616144136649687,0.00458196417481326,0.0014832923848650257,1,0,0,0
2016-04-27,-0.007552466247827794,0.007538427419796911,0.004778149933956341,0.0016032580520331347,0,0,0,0
2016-04-28,-0.0038554784833997324,0.007506082751984029,0.005012519478212558,0.001643837793320661,0,0,0,0
2016-04-29,0.01132387986546557,0.007358395011378669,0.0052078248412301175,0.0016803473388176805,0,0,0,0
2016-05-04,0.001169844744890458,0.007485301950646208,0.005409315984556786,0.001700649862119388,0,0,0,0
2016-05-05,0.00407297978533383,0.007499208207007897,0.005611685754287578,0.0016962613607487676,0,0,0,0
2016-05-06,0.00832903858622469,0.0075001131254604555,0.005815850341319804,0.0016636012654744237,0,0,0,0
2016-05-09,-0.004402163160324379,0.007410255686017384,0.005996693327112574,0.0016283918002749302,0,0,0,0
2016-05-10,0.0019872484888630026,0.007501985925157044,0.0061824521022043055,0.0015740282575481585,0,0,0,0
2016-05-11,0.014891331294934362,0.007575168321545353,0.006368672371562617,0.0015023325455946724,0,0,0,0
2016-05-12,-0.0031593003940981745,0.007563002663932073,0.006552866307098074,0.001403624703847324,0,0,0,0
2016-05-13,-0.00212376658171598,0.00751774249049285,0.006724350224448214,0.0012916877075141474,0,0,0,0
2016-05-16,0.008120231819521262,0.007455880549933199,0.00688972799954173,0.0011482921020036568,0,0,0,0
2016-05-17,0.014566890772678587,0.007517909869871845,0.0070557139216989905,0.0009638775061745923,0,0,0,0
2016-05-18,-0.003681472589035506,0.007388163635094397,0.007205868139560756,0.0007319564525263011,0,0,0,0
2016-05-19,-0.005221302915896842,0.006877689161961161,0.007280714383671323,0.000600179922873802,0,0,0,0
2016-05-20,-0.007089793281653933,0.006674291732855893,0.007340449606613983,0.0004528521593094827,0,0,0,0
2016-05-23,-0.006148240919958914,0.006546418826753979,0.007383038897108255,0.0003062439829373753,0,0,0,0
2016-05-24,0.0009655827046135546,0.004298329424665743,0.0072207595406938415,0.0007520071837381608,0,0,0,0
2016-05-25,0.0004414505738856711,0.004364908851374365,0.007059770987128957,0.0009800612255625259,0,0,0,0
2016-05-26,-0.012338819068786755,0.004413048790328056,0.006899616219812875,0.0011339840439520924,0,0,0,0
2016-05-27,0.0062382102789819704,0.004399609094615825,0.006742675303553822,0.0012519841784713116,0,0,0,0
2016-05-30,0.010507967308546196,0.004479192571467314,0.006591330794527986,0.001335039585803729,0,0,0,0
2016-05-31,0.006411716842961823,0.0043234349816358795,0.006439582793040846,0.0014134448028589551,0,0,0,0
2016-06-01,0.002296099864174339,0.004262840992247817,0.006278459745120926,0.0014704843738887273,0,0,0,0
2016-06-02,0.005662568967186088,0.004236822951453496,0.0061153404823432065,0.0015083985529351772,0,0,0,0
2016-06-03,-0.002390233729566704,0.004289688359827389,0.005954819244061553,0.00152402042284929,0,0,0,0
2016-06-06,-0.0029426899080209346,0.004329317499157143,0.005800772334718541,0.0015248723573246588,0,0,0,0
2016-06-07,0.007418756551891059,0.004243145900499107,0.005637830333485644,0.001507534566759062,0,0,0,0
2016-06-08,0.005154886736572495,0.0037102096064549196,0.005444582397731123,0.0014937782690269655,0,0,0,0
2016-06-09,0.005399206842180648,0.0036647882665984946,0.005249671677864444,0.0014566771085682978,0,0,0,0
2016-06-10,-0.002249469315337538,0.003658333219293279,0.005056701214304465,0.001394721565429548,0,0,0,0
2016-06-13,-0.009939032135145465,0.003741689447074591,0.004870991659161535,0.0013026925626406925,0,0,0,0
2016-06-14,0.0029667404342665904,0.0031762281496983654,0.004653907573152861,0.0011957531798054428,0,0,0,0
2016-06-15,0.002542250931359291,0.00321623924497058,0.00444531135364667,0.001048486980744675,0,0,0,0
2016-06-16,-0.0030461548275971806,0.0032526299561588825,0.004264058393356555,0.0009100650187380952,0,0,0,0
2016-06-17,-0.009374350114379926,0.003364114207885506,0.004098549517108037,0.0007322984526771168,0,0,0,0
2016-06-20,0.011643116673395237,0.0036555237186801453,0.003954004761704344,0.0004574128290116625,0,0,0,0
2016-06-21,0.002458257510455475,0.0035724429604033253,0.003917710438491225,0.0004574522007519487,0,0,0,0
2016-06-22,-0.0025318471337579807,0.0034426878783956677,0.003871599389842289,0.00045648100435763037,0,0,0,0
2016-06-23,0.009354895356076698,0.003194432200635357,0.0038106685603576536,0.0004617050704021467,0,0,0,0
2016-06-24,-0.01818843215714805,0.004270849782483512,0.003804230594751039,0.0004538923315957954,0,0,0,0
2016-06-27,0.000805451294360271,0.004297628246479697,0.0037951523785016575,0.0004413237275492354,0,0,0,0
2016-06-28,0.001496933700323666,0.004390615236875609,0.003798511391263645,0.0004457892979433095,0,0,0,0
2016-06-29,0.012729026036644164,0.004617217762526716,0.0038162302297775896,0.0004715167499556448,0,0,0,0
2016-06-30,0.003396178505681524,0.00465141698676758,0.0038369599315432935,0.0004992772215441858,0,0,0,0
2016-07-01,0.012716287603201204,0.004822787240443395,0.0038636148755740937,0.0005374873250635622,0,0,0,0
2016-07-04,0.011963142277057859,0.004911523445636505,0.0038927251728980614,0.0005782571417115583,0,0,0,0
2016-07-05,0.004506451015494628,0.004934355557270918,0.0039272856557366525,0.0006194885729672744,0,0,0,0
2016-07-06,-0.0021816617502458113,0.005024875927393865,0.003993018971783599,0.0006634328889709233,0,0,0,0
2016-07-07,0.017953376651371755,0.0056310585032318256,0.0040913324836152655,0.0007520095164496227,1,0,0,0
2016-07-08,-0.0036907066795741628,0.005574628365833409,0.004187147240942273,0.0008135017517095096,0,0,0,0
2016-07-11,-0.009746766259792206,0.005569773238662919,0.004278551430521689,0.0008620674166656916,0,0,0,0
2016-07-12,0.010179989574709447,0.005516931290679535,0.004395586587570747,0.000863425487887636,0,0,0,0
2016-07-13,0.024616785551677012,0.006574350201803652,0.0045634921354124015,0.0009447047202790567,1,0,0,0
2016-07-14,-0.01248666903661566,0.006490791024813306,0.004725400188845123,0.0009848513155907104,0,0,0,0
2016-07-15,-0.0031948881789138905,0.006622828717697688,0.004888335914335731,0.0010168290403819564,0,0,0,0
2016-07-18,0.01345250993138336,0.006675970181618838,0.005039358237482666,0.0010479187436345442,0,0,0,0
2016-07-19,-0.008522642910170797,0.006504341024617639,0.0051859531406933815,0.0010369254400307735,0,0,0,0
2016-07-20,-0.011231580208458158,0.006324345745361793,0.005330036034041688,0.0009806238438655336,0,0,0,0
2016-07-21,-0.0010450428619027674,0.0066092777899945925,0.00550077831350965,0.0008814890678173951,0,0,0,0
2016-07-22,-0.014706551237927856,0.006402832094334482,0.005607377429102198,0.0008533878602406447,0,0,0,0
2016-07-25,-0.0008770984966224304,0.00639800585858996,0.0057123963097077115,0.0008119572534307486,0,0,0,0
2016-07-26,-0.0010934852918526028,0.006423607544068698,0.005814045925067365,0.0007635884940238314,0,0,0,0
2016-07-27,0.01159438165867499,0.006394017573373619,0.005902885915609711,0.0007190783194187376,0,0,0,0
2016-07-28,0.0015698587127157548,0.006489947936699192,0.005994812463106292,0.0006662485901538958,0,0,0,0
2016-07-29,-0.007471771616398337,0.0064319030104757775,0.006075268251607911,0.0006122348551664255,0,0,0,0
2016-08-01,-0.005902825690323965,0.006408044009862574,0.006150094279819214,0.0005508967752020048,0,0,0,0
2016-08-02,-0.019016626052623553,0.0067671380695695635,0.006241733405434146,0.00048671972328879636,0,0,0,0
2016-08-03,-0.006980583287477304,0.006594531120504858,0.006320216165089697,0.0003987849259650249,0,0,0,0
2016-08-04,0.0005224743116798436,0.006537666294353961,0.006365546554645803,0.00036654922250311693,0,0,0,0
2016-08-05,-0.007200050637718891,0.006451279548177017,0.006409379113762983,0.00031590979873887356,0,0,0,0
2016-08-08,0.0032993831588008504,0.006549750681312779,0.006458377985895476,0.0002474000999780884,0,0,0,0
2016-08-09,0.012518666793759792,0.006606682305419256,0.006512865536632463,0.00011220840747754265,0,0,0,0
2016-08-10,0.017243543477578616,0.005809744056026172,0.006474635229343588,0.0001920241393809659,0,0,0,0
2016-08-11,0.018370274397297548,0.006185857204964318,0.00645938853835114,0.00020249426735326317,0,0,0,0
2016-08-12,-0.006861141403126103,0.0060803217508505125,0.00643226319000878,0.0002153745677962598,0,0,0,0
2016-08-15,0.005734242271735912,0.005992005409038435,0.00639806495137976,0.0002285401392884672,0,0,0,0
2016-08-16,-0.0020622621195809376,0.006139662519698004,0.006379831026133778,0.00023409501022273976,0,0,0,0
2016-08-17,0.003646806764826538,0.006148516968921314,0.006371039587311754,0.00023952703299397348,0,0,0,0
2016-08-18,0.000211957426836884,0.006196370589638483,0.006350394227293948,0.0002356757351786968,0,0,0,0
2016-08-19,0.002467267085446201,0.006033221177160929,0.006331913681435271,0.00024562877351750847,0,0,0,0
2016-08-22,-0.006945702723923475,0.0058737459777581475,0.006305700687393679,0.00026538387696374213,0,0,0,0
2016-08-23,0.002250334509183771,0.005817577344680188,0.006275399177424255,0.00028508006092620554,0,0,0,0
2016-08-24,0.0024425025790399957,0.005804834894363332,0.00624594004347374,0.00030211062724464004,0,0,0,0
2016-08-25,-0.0034353859890733363,0.005733697757755541,0.0062081275345265575,0.0003169262226493328,0,0,0,0
2016-08-26,0.014047076689445603,0.005962465113484715,0.006184655639677005,0.0003168644360615922,0,0,0,0
2016-08-29,0.002530887308124452,0.00604396321955766,0.00616645160016176,0.0003137986781716657,0,0,0,0
2016-08-30,0.004824928298279074,0.005336968263458276,0.006094943109856195,0.00033212804170482227,0,0,0,0
2016-08-31,0.0029137615769991854,0.0053821339965701735,0.006034323253659461,0.0003464773857540602,0,0,0,0
2016-09-01,-0.008063679350162278,0.005242274576463939,0.0059695536677649595,0.0003678507923510837,0,0,0,0
2016-09-05,-0.006933755734544911,0.005240349080273145,0.005909007144369766,0.00038370299505631386,0,0,0,0
2016-09-06,-0.0009781054849146154,0.005336073280234589,0.0058483232743158555,0.0003728540049214099,0,0,0,0
2016-09-07,-0.003946377466485962,0.005144707890620411,0.005775224553575914,0.0003594205716642192,0,0,0,0
2016-09-08,0.007243527703847175,0.0044065228442787254,0.005705063492988541,0.00047173705230897157,0,0,0,0
2016-09-09,0.0012160883991170213,0.0032436979945449996,0.005557955532467576,0.0007116520278597883,0,0,0,0
2016-09-12,-0.010676583493282155,0.003496103038843482,0.005428744596867224,0.0008356209001998039,0,0,0,0
2016-09-13,-6.0628107190430214e-05,0.003629310395723078,0.005310609846201456,0.0009150371808260071,0,0,0,0
2016-09-14,-0.004668647304917339,0.003589610731071768,0.005183107256770144,0.0009694800347065524,0,0,0,0
2016-09-15,-0.0007005360623781876,0.0036845954353826194,0.00505991118009321,0.0009965180304848933,0,0,0,0
2016-09-16,-0.007421744033649258,0.003612701684113292,0.0049307277348169505,0.001008830057192095,0,0,0,0
2016-09-19,0.010102716064546824,0.0037658255909979108,0.0048173579555088,0.0010058113948618551,0,0,0,0
2016-09-20,0.00832965997355184,0.00381450383008898,0.004714395848125341,0.0009973441445534994,0,0,0,0
2016-09-21,0.007703091788896055,0.0037919452275226076,0.004613114242267462,0.0009821554697981552,0,0,0,0
2016-09-22,0.004338200095739486,0.0037371085883822082,0.0045097279269684055,0.0009586550655508307,0,0,0,0
2016-09-23,0.00403646221216003,0.003721960018531178,0.004409141040007189,0.0009285385476150594,0,0,0,0
2016-09-26,0.004376270230977974,0.003141010384260077,0.004268068303545956,0.000893803292767609,0,0,0,0
2016-09-27,0.011594588207491485,0.0034010187868109987,0.004135921081908622,0.0008087520127724721,0,0,0,0
2016-09-28,0.002671961920892363,0.003457332484826709,0.004041939292977045,0.000770127575346504,0,0,0,0
2016-09-29,0.0026648415657035684,0.003467183253767293,0.003946191755836901,0.0007115477573044021,0,0,0,0
2016-09-30,-0.004095563139931646,0.0034191162303931315,0.0038550338385333603,0.0006509703939192573,0,0,0,0
2016-10-03,-0.003908243769413677,0.0034047102819051256,0.003763251898614959,0.0005697044994964042,0,0,0,0
2016-10-04,0.0016836249176488405,0.003363856157003531,0.0036646410424534064,0.00043877634628119907,0,0,0,0
2016-10-05,0.004150833089739736,0.0033605645053386046,0.0035754338731893162,0.00027151381117146043,0,0,0,0
2016-10-06,0.00040754541220322515,0.0034748637157104275,0.003528850916760901,0.0001887188504233108,0,0,0,0
2016-10-07,-0.004903101903043661,0.003374400047958249,0.0035353860194315633,0.00018040451856928975,0,0,0,0
2016-10-10,-0.014270048980188577,0.0037693386903298607,0.0035490478020058823,0.00018748022066600862,0,0,0,0
2016-10-11,0.012118245598421673,0.0038827220847727872,0.003561718386458368,0.00020124787001173916,0,0,0,0
2016-10-12,0.00013189518729128658,0.0040743891045549345,0.0035859573051325263,0.00023167765460665172,1,0,0,0
2016-10-13,0.0040735585024542775,0.00393349401800703,0.003598402234263747,0.000243631617738047,0,0,0,0
2016-10-14,0.0025830742962216213,0.003967385684582445,0.0036161364342872046,0.00025725527086873214,0,0,0,0
2016-10-17,-0.008806404657933031,0.0038965941466550793,0.0036226748620700627,0.00026286076737130307,0,0,0,0
2016-10-18,0.0015713341655039237,0.003916889271232319,0.0036277941341272294,0.0002677449202522866,0,0,0,0
2016-10-19,0.010073018386557608,0.0040368390854426525,0.003640038827023232,0.0002809226382315538,0,0,0,0
2016-10-20,-0.0036290264047961207,0.004047196184309224,0.003655543206819583,0.00029477733826282354,0,0,0,0
2016-10-21,-0.0022727603840381194,0.0040902877620745135,0.0036739595939967494,0.0003102450875836269,0,0,0,0
2016-10-24,-0.009944073711724122,0.004232650393682682,0.0037285415944678805,0.0003075629954310452,0,0,0,0
2016-10-25,-0.0027137842541518076,0.003994194365515379,0.003758200373403099,0.00030288197014010076,0,0,0,0
2016-10-26,-0.003800763110414329,0.0039699426024927984,0.0037838308792864034,0.00029772710017996135,0,0,0,0
2016-10-27,0.004884131767640021,0.003935335848221027,0.00380723850900909,0.00028981997967250997,0,0,0,0
2016-10-28,0.007903678534495473,0.003981078558510143,0.0038353366254149403,0.0002771763801427244,0,0,0,0
2016-10-31,-0.009454012458776195,0.004078929843636893,0.003869047603501529,0.00026266630579896785,0,0,0,0
2016-11-01,0.0011837821840783302,0.0041047917163707665,0.0039060943814698905,0.0002388333254781934,0,0,0,0
2016-11-02,-0.007685486254803475,0.004122250397863411,0.003944178676096132,0.00020569498337768963,0,0,0,0
2016-11-03,-0.005615132558832281,0.003935903201358579,0.003967230650378539,0.00017367273800882735,0,0,0,0
2016-11-04,-0.001348052064766403,0.004060683144444586,0.004001544805202856,0.00010433201044771723,0,0,0,0
2016-11-07,0.011113944175303203,0.0037604623002956386,0.0040011009857011445,0.00010538534666694084,0,0,0,0
2016-11-08,0.0034414216631561967,0.003449934566336999,0.003979461609779355,0.0001608236956215541,0,0,0,0
2016-11-09,-0.009165360849126447,0.003353683531063705,0.003943426331104794,0.00021126649530712167,0,0,0,0
2016-11-10,0.011801390505177034,0.003608525124881209,0.003927177886448503,0.00022417298733453417,0,0,0,0
2016-11-11,0.0015187932229383527,0.0036681372806197533,0.003912215466250368,0.00023122385198774123,0,0,0,0
2016-11-14,-0.009054770318021377,0.0036789123371852393,0.0039013313757768767,0.0002370478500141076,0,0,0,0
2016-11-15,0.00179778619716231,0.00366518336842301,0.0038887460806364105,0.0002427905769567297,0,0,0,0
2016-11-16,0.0005042565182571401,0.003718683889350863,0.0038728383208318216,0.0002429995121624886,0,0,0,0
2016-11-17,-4.4470797509577054e-05,0.0038929413997472228,0.0038651255816037214,0.00023959837421581813,0,0,0,0
2016-11-18,-0.001956802110974487,0.003906330208732839,0.0038559277039366376,0.00023396446337462128,0,0,0,0
2016-11-21,0.0015447456368362644,0.0038253918924462935,0.0038355647788748176,0.00021652367183018988,0,0,0,0
2016-11-22,0.01130077563066334,0.004051006975784132,0.0038384054093882555,0.00021907198043358966,0,0,0,0
2016-11-23,0.001833086477687651,0.004111648667884354,0.0038454907126578334,0.00022574017834974433,0,0,0,0
2016-11-24,-0.007289653961004783,0.0041383254421997265,0.0038556401923567677,0.00023438988279589983,0,0,0,0
2016-11-25,-0.0034061753516764215,0.004110231178359626,0.0038620978233492426,0.0002397456428970655,0,0,0,0
2016-11-28,-0.015653897938952777,0.004657050492821628,0.0038910038558084793,0.00029560855516989106,1,1,0,0
2016-11-29,-0.010566820484300021,0.0046864097162139596,0.003920084755800639,0.00034261803179108066,1,0,0,0
2016-11-30,0.010345456202716319,0.004778612644365415,0.003952902868125739,0.0003910184958029931,1,0,0,0
2016-12-01,0.0022102936532995,0.004851827405461127,0.003998699078330867,0.0004395478714669306,0,0,0,0
2016-12-02,-0.0021003990758243773,0.004818336341915057,0.00403658173820439,0.00047628527475016767,0,0,0,0
2016-12-05,-0.0074119734191296915,0.004673705295800476,0.004082243887979632,0.0004919397396314188,0,0,0,0
2016-12-06,-0.013207918692537235,0.004934051711832625,0.004156449745254413,0.0005033425508593967,0,0,0,0
2016-12-07,0.003131283672811458,0.00492352102766966,0.004234941620084711,0.0004938818320195012,0,0,0,0
2016-12-08,0.008201612779826561,0.004756869368962779,0.004292358832288789,0.00048387374606127033,0,0,0,0
2016-12-09,0.0063440027925754094,0.004657421270856808,0.004341823031800642,0.00046697380396707567,0,0,0,0
2016-12-12,-0.005082419654033554,0.004599939933527515,0.0043878744116177554,0.0004429557000838407,0,0,0,0
2016-12-13,-0.00763983628922249,0.004524188624462042,0.0044308246744197075,0.00040958194422791516,0,0,0,0
2016-12-14,0.016008309656921238,0.0048514193752779945,0.004487461448716064,0.0003834051678735352,0,0,0,0
2016-12-15,0.0011726854496796335,0.004775134160908667,0.004531571086774136,0.0003615303168195032,0,0,0,0
2016-12-16,0.013875540605478243,0.004878813755219185,0.004580195264098454,0.0003376189328392101,0,0,0,0
2016-12-19,-0.0012293382309377376,0.004899259066940182,0.004633888622823148,0.0002938096750065684,0,0,0,0
2016-12-20,-0.01730606676256441,0.00531708312751793,0.004697192430409837,0.0002979769200805065,1,0,0,0
2016-12-21,0.006458817493133928,0.0051462726378370665,0.004748923628907473,0.00028025400603014786,0,0,0,0
2016-12-22,-0.0041832848532102895,0.005213125523883946,0.004802663632991685,0.00025926996121016817,0,0,0,0
2016-12-23,0.00033125047052617873,0.005391113582702091,0.0048667077532088075,0.00023641789443040544,1,0,0,0
2016-12-26,-0.00288995589806873,0.005140039031313469,0.0048908571801334,0.00023853333869081652,0,0,0,0
2016-12-27,0.0021284625254736067,0.005176739172293106,0.004915373652937357,0.00024159268885285955,0,0,0,0
2016-12-28,-0.000542283011478295,0.0052631280386268185,0.004939599422650427,0.0002512563484165509,0,0,0,0
2016-12-29,0.0018387339864356367,0.005278114023824723,0.004960913753568607,0.00026129913226533133,0,0,0,0
2016-12-30,0.00022565892405812527,0.00536791106573628,0.004988392489759668,0.00027409990196376966,0,0,0,0
2017-01-03,0.010738941447200112,0.005465915412647258,0.005028002995602007,0.00028331725171373893,0,0,0,0
2017-01-04,0.004002916623264685,0.005220308527450369,0.005042315836382894,0.0002855430710332674,0,0,0,0
2017-01-05,0.0016451756336148815,0.00526864764189803,0.005059572167094313,0.00028840033611057624,0,0,0,0
2017-01-06,0.005904026279575536,0.005233690777825238,0.005083413237537436,0.0002816904513556366,0,0,0,0
2017-01-09,0.0040747278611357185,0.005238510262871123,0.005112467687138152,0.0002649074722350014,0,0,0,0
2017-01-10,-0.002197576805309298,0.00528616956988941,0.005146779168956246,0.0002381160153140661,0,0,0,0
2017-01-11,0.008941812148530959,0.005325413457524552,0.005186840410609372,0.00019049501437526804,0,0,0,0
2017-01-12,-0.00029105302986198733,0.004792714310608097,0.005183905157375877,0.00019629924217128358,0,0,0,0
2017-01-13,-0.0027658087807151954,0.004747548118249276,0.005182525855242907,0.00019939515720488333,0,0,0,0
2017-01-16,-0.010393250226257367,0.004442708910890069,0.005160720613026451,0.0002514158690828307,0,0,0,0
2017-01-17,0.00998613446617691,0.004543678408552235,0.005142941580107054,0.0002816348800071715,0,0,0,0
2017-01-18,-0.002088475412948654,0.0035012364298838694,0.005052149245225351,0.0004592357190494058,0,0,0,0
2017-01-19,-0.0014196229949654526,0.0035024646761317377,0.0049699588471400855,0.0005742092634895719,0,0,0,0
2017-01-20,0.005789157421113744,0.003529307415073467,0.00488576794169956,0.0006545063882172472,0,0,0,0
2017-01-23,0.0012968845627021608,0.003484091574649773,0.004790416841296946,0.0007132829735301548,0,0,0,0
2017-01-24,0.006126755439132658,0.0035069683511547035,0.004708763307289006,0.0007629008959922268,0,0,0,0
2017-01-25,0.008562832677620813,0.003608337085412731,0.004630343202944988,0.0007923077541776011,0,0,0,0
2017-02-02,0.008461450206516785,0.003592395715747317,0.004546806586801013,0.0008099587703101569,0,0,0,0
2017-02-03,-0.004024574077760912,0.003529052140689583,0.004459353492644256,0.000821189242053578,0,0,0,0
2017-02-06,-0.0004426358249447482,0.003514076362982445,0.0043666617575065635,0.0008178572931433683,0,0,0,0
2017-02-07,0.0026712759270899333,0.0032700908590187973,0.0042568705298251415,0.0008098715736578682,0,0,0,0
2017-02-08,0.00018520892991968907,0.003412304628981491,0.004166470334901697,0.0007974822958377449,0,0,0,0
2017-02-09,-0.001979944162725733,0.003399064380367137,0.004072991171825153,0.0007706091997390172,0,0,0,0
2017-02-10,0.004467280382501881,0.003380293861405047,0.003980321326004143,0.000734265985713139,0,0,0,0
2017-02-13,0.0030123049816703773,0.0033924839854405277,0.0038880200121326133,0.0006819440826354536,0,0,0,0
2017-02-14,0.0005099872503186997,0.0034665348854734913,0.003797038277911817,0.0006023279798936072,0,0,0,0
2017-02-15,0.0075184776144763266,0.0033768840858425402,0.003699611809327717,0.0004890345715759678,0,0,0,0
2017-02-16,-0.003119861714237615,0.0032664000011079918,0.003623296093852712,0.00042428013682866485,0,0,0,0
2017-02-17,-0.002142806794953045,0.0032841320987815423,0.003550125292879325,0.00033750394418988015,0,0,0,0
2017-02-20,0.0038992413432603623,0.0029440361532116275,0.003475191654995403,0.0002922334019312931,0,0,0,0
2017-02-21,0.008387396388916057,0.0027871920144533664,0.0033873673352904595,0.0002051987743768199,0,0,0,0
2017-02-22,0.0009629474565626683,0.0028346401186132857,0.00335403751972693,0.00023734805403739537,0,0,0,0
2017-02-23,-0.0005158663766661187,0.0028805599129412577,0.003322942281567406,0.0002568185948953639,0,0,0,0
2017-02-24,-0.0033478873435908163,0.002838968198905315,0.003288425320758999,0.0002734743282177852,0,0,0,0
2017-02-27,0.004156927512701802,0.0027894171991497156,0.0032536916019839956,0.00029087627626759726,0,0,0,0
2017-02-28,-0.009269067796610297,0.0030114870702502273,0.003228917537938772,0.0002892649479689698,0,0,0,0
2017-03-01,-0.0017867443267349792,0.0028330269650235804,0.0031901520319193148,0.0002876881403557103,0,0,0,0
2017-03-02,-0.002832901116247566,0.0025876723479896055,0.0031399158635314283,0.0003011585691789045,0,0,0,0
2017-03-03,0.007222512756003496,0.002732069271593826,0.003100066720076641,0.00029968280667195467,0,0,0,0
2017-03-06,0.00515000982290692,0.002663845586509891,0.0030575551812530135,0.0002981633411376565,0,0,0,0
2017-03-07,0.00034902064806163757,0.0027580171302813163,0.0030319514948161388,0.0003009254879308907,0,0,0,0
2017-03-08,8.373573003606083e-05,0.0027646004986869553,0.002999566288301412,0.00029257467358862166,0,0,0,0
2017-03-09,-0.0011163829193414632,0.0027967350703311886,0.0029694498227996148,0.0002800188527879578,0,0,0,0
2017-03-10,-0.0050153674210672294,0.0028094450461723,0.0029409073820379776,0.0002646065486728214,0,0,0,0
2017-03-13,-0.002864323724744211,0.002811046835599492,0.002911835524545926,0.00024347860180811508,0,0,0,0
2017-03-14,0.006392835518256312,0.002788016595189132,0.002877909610031708,0.0002065984095790613,0,0,0,0
2017-03-15,-0.0021966951630731923,0.002666424923056828,0.002842386651892422,0.0001749417629694335,0,0,0,0
2017-03-16,0.002496003589757878,0.002675240763629106,0.002812828690018478,0.0001472850357986023,0,0,0,0
2017-03-17,-0.006126559615061811,0.002716126445153424,0.002784428407337072,9.820967193132172e-05,0,0,0,0
2017-03-20,0.00637543276944319,0.0027809359038757147,0.0027762733948702763,9.074693964011839e-05,0,0,0,0
2017-03-21,0.0015522955794535775,0.0026062057705040676,0.0027672240826728113,9.830969155145999e-05,0,0,0,0
2017-03-22,-0.004524002345778877,0.0025453586139574874,0.0027527600074400216,0.0001086099463472429,0,0,0,0
2017-03-23,0.009285493870451855,0.0027228115550126768,0.0027448725895435925,0.00010449028038421839,0,0,0,0
2017-03-24,0.003585524487186742,0.0027198404929573297,0.002738916204246193,0.00010221473960112962,0,0,0,0
2017-03-27,0.0019109867892652677,0.002764199681512584,0.002737655328364337,0.0001017133004860265,0,0,0,0
2017-03-28,-0.005887881468376821,0.0025178368599844893,0.0027129728178510496,9.110957084489726e-05,0,0,0,0
2017-03-29,0.0016822845702528788,0.0025224195249652914,0.0026974424458481353,9.591439005603149e-05,0,0,0,0
2017-03-30,0.004705261842963493,0.0025181090097949103,0.0026939642789384007,0.00010121911827378739,0,0,0,0
2017-03-31,-0.002141298041057782,0.002422538260191004,0.002678487728368259,0.00011744887107412154,0,0,0,0
2017-04-03,9.69112984730014e-05,0.0025217569287092623,0.002671383295478228,0.00012256710319462095,0,0,0,0
2017-04-04,0.0024363908192364114,0.0024295013787618645,0.0026549575079022553,0.0001319961146311693,0,0,0,0
2017-04-05,-0.0012704725605545697,0.002354392609602092,0.002634447113448012,0.00014526575615698886,0,0,0,0
2017-04-07,0.006540195237963564,0.0023676408355177963,0.0026129924017073425,0.00015158509408068116,0,0,0,0
2017-04-10,0.00263754378734804,0.0023659704450229263,0.0025908186716498737,0.0001537557005661604,0,0,0,0
2017-04-11,0.002000356227821465,0.0023904725559110557,0.0025697899576654524,0.00015078208034906848,0,0,0,0
2017-04-12,-0.007862387704593021,0.002498018302331761,0.0025552900430225838,0.00014240284481651717,0,0,0,0
2017-04-13,-0.001695195567683827,0.0025170413872317053,0.0025478208662313277,0.0001401670169355693,0,0,0,0
2017-04-14,-0.008145233657762097,0.002681616429669325,0.0025481396495333386,0.00014047896455803683,0,0,0,0
2017-04-17,-0.010606166051917332,0.0030308872258318436,0.002563877688567259,0.0001739365267848222,1,1,0,0
2017-04-18,0.005767905124994588,0.003011415315639166,0.002575401659155432,0.0001953867975525922,1,0,0,0
2017-04-19,0.0025736785419552266,0.002972259029688159,0.0025937043221146367,0.00021462220691760727,0,0,0,0
2017-04-20,-0.0057340569499281235,0.0029900124069513058,0.0026159370117643274,0.00023170172331662712,0,0,0,0
2017-04-21,-0.0003507984171975398,0.0028756502744147062,0.002623578947734429,0.00023785100491744603,0,0,0,0
2017-04-24,-0.004239131960528275,0.002875823268005357,0.0026313780864868305,0.00024365995405365942,0,0,0,0
2017-04-25,-0.002551487898053151,0.0028558382507852358,0.002635960014950463,0.0002471260278164034,0,0,0,0
2017-04-26,0.003476638683964861,0.002820229929659399,0.0026510796684342084,0.00024876372664166306,0,0,0,0
2017-04-27,0.009140330122246576,0.0030086772139679887,0.0026753925528843433,0.000259075754742136,0,0,0,0
2017-04-28,0.0016747379732879875,0.0030577290591198595,0.0027023735553505903,0.00026971410676774043,0,0,0,0
2017-05-03,0.002521839689019423,0.0030464092022184034,0.0027335671024519607,0.0002717158223977351,0,0,0,0
2017-05-04,0.0034466464685771747,0.002905529940134262,0.0027527557530232106,0.0002695126065123171,0,0,0,0
2017-05-05,-0.002797706434724767,0.0028948712507694536,0.0027760242466235902,0.00026005857889128573,0,0,0,0
2017-05-08,-0.00158333333333327,0.0028787143309642257,0.002802240332691697,0.00024105089846381057,0,0,0,0
2017-05-09,0.004521047213643881,0.0028297971611805158,0.0028253481489748326,0.00021827172945895312,0,0,0,0
2017-05-10,0.0030466272451563636,0.002819625604838002,0.0028480309069655865,0.00018972599801888467,0,0,0,0
2017-05-11,0.0009388245364554404,0.0028724450844077737,0.0028721295333904223,0.00015619567075510972,0,0,0,0
2017-05-12,0.0005241451606228242,0.002839579215473851,0.002889207579047527,0.0001295359695652651,0,0,0,0
2017-05-15,-2.7572135599784886e-05,0.0029267562949815045,0.0029096933244350167,9.550990504407302e-05,0,0,0,0
2017-05-16,-0.00044116633349422507,0.0028133942929037944,0.00291628221759674,8.262370647287082e-05,0,0,0,0
2017-05-17,0.0029929796008441034,0.0022263635818931924,0.0028760560353998077,0.00017170926496945372,0,0,0,0
2017-05-18,-0.00028877887788780754,0.0021940335788187748,0.0028351869485587883,0.00022637000605671062,0,0,0,0
2017-05-19,0.0093949022682569,0.0026627147252795366,0.002819709733338357,0.00022708579896714095,0,0,0,0
2017-05-22,0.014008885012673389,0.00359284398648911,0.0028498513123152475,0.00028380446556788646,1,1,0,0
2017-05-23,-0.004260180083322185,0.0035239990815591213,0.002882268752672468,0.00032143971673460176,0,0,0,0
2017-05-24,0.002442875845221515,0.0035295731060259444,0.0029149562445734975,0.0003524902594739446,0,0,0,0
2017-05-25,-0.0011174839109244772,0.0035643357863366937,0.0029503811213510704,0.0003807083903816721,0,0,0,0
2017-05-26,0.002021808575164208,0.003578202267966361,0.0029882797382664184,0.0004040800238481766,0,0,0,0
2017-05-29,0.0038202337875465897,0.00331382431881804,0.003003537093508921,0.00041059905702210095,0,0,0,0
2017-05-30,-0.010773869346733633,0.0037097387062344695,0.0030361375758646515,0.0004399622140835202,0,0,0,0
2017-05-31,-0.000528304953874903,0.0037651454321098285,0.0030720743873592225,0.0004692259082425851,0,0,0,0
2017-06-01,0.005394269605052626,0.00379018816976926,0.0031163072988409724,0.0004937560365402199,0,0,0,0
2017-06-02,-0.004030736047452188,0.0037873987236789874,0.003160933672486449,0.0005126610125192968,0,0,0,0
2017-06-05,0.006334510902667789,0.003802701490005914,0.0032071330304385337,0.0005273137247936674,0,0,0,0
2017-06-06,0.010517962581877205,0.0040847466962623015,0.003269880507192623,0.0005540384745423697,0,0,0,0
2017-06-07,0.0028616682860604925,0.004087573441183972,0.003333277899009921,0.0005720563859589445,0,0,0,0
2017-06-08,-0.004419610861890577,0.004017784042197858,0.0033905448468994257,0.0005807578250712402,0,0,0,0
2017-06-09,-0.000546571927532491,0.004016674770770245,0.0034493996246642454,0.0005816270840670947,0,0,0,0
2017-06-12,0.0018273488769140478,0.003934983917656631,0.0034998110057980016,0.000577623130736288,0,0,0,0
2017-06-13,0.007722110532692339,0.0038858294202877078,0.003553432762167197,0.0005600590946043825,0,0,0,0
2017-06-14,0.005126240272694815,0.0038638373844845737,0.0036353064522967665,0.0004679647983357378,0,0,0,0
2017-06-15,-0.0002628915440934243,0.0038654575168216754,0.0037188776491969113,0.0003241871709853923,0,0,0,0
2017-06-16,0.0008809182586744235,0.003809390915254649,0.003776211458695667,0.00020822790273117785,0,0,0,0
2017-06-19,0.007343282013556829,0.0031658318963547843,0.003754860854188951,0.0002464101142879546,0,0,0,0
2017-06-20,0.0015127212028740455,0.0032182231944387144,0.0037395720598329303,0.00026985852230848524,0,0,0,0
2017-06-21,-0.0007552181669032709,0.0032819840801354668,0.003727192608538407,0.00028523960394030083,0,0,0,0
2017-06-22,-0.0014464236848621415,0.0032681545882881622,0.00371238354863598,0.00030137215984456,0,0,0,0
2017-06-23,0.0035364739658096944,0.003239610928604933,0.003695453981667909,0.0003183390715699618,0,0,0,0
2017-06-26,0.004564309956957668,0.0032419262696198855,0.003691859079208001,0.00032324369532885067,0,0,0,0
2017-06-27,-0.00648526898979962,0.002894901009883278,0.0036511171943904414,0.0003689863572186724,0,0,0,0
2017-06-28,0.0019934593686075086,0.002825324043338886,0.0036041261249518943,0.00041113683095862465,0,0,0,0
2017-06-29,0.00352387392073239,0.0028033668605176756,0.003554785059489315,0.00044541771535440867,0,0,0,0
2017-06-30,0.006115970197602794,0.0028513692595784866,0.00350798358628429,0.00046827898762622015,0,0,0,0
2017-07-03,0.0031037902301440656,0.0027965105802345374,0.003457674040795721,0.0004885603546732506,0,0,0,0
2017-07-04,-0.004288208709942509,0.002303887529684923,0.003368631082466852,0.0005288798198197468,0,0,0,0
2017-07-05,0.003584599118034104,0.00230040420796303,0.003279272620805805,0.0005515096630009348,0,0,0,0
2017-07-06,0.005563264467057127,0.0023396038977070792,0.003195363613581266,0.0005608198424984633,0,0,0,0
2017-07-07,-0.008841755574011345,0.0025154317055284805,0.003120301460319178,0.0005453597491891986,0,0,0,0
2017-07-10,-0.011821123328993433,0.003019212523447407,0.0030745128906087167,0.0005107016571253137,0,0,0,0
2017-07-11,0.00365268211229397,0.00292073649666996,0.0030262582444278295,0.0004743055821359922,0,0,0,0
2017-07-12,0.006251949672454904,0.002949819265748381,0.00298055733849102,0.0004314530263628969,0,0,0,0
2017-07-13,0.005334745598511992,0.0028008721089813706,0.0029273280680990046,0.00037901908830984785,0,0,0,0
2017-07-14,-0.0008993961197480971,0.0027996078361101017,0.002876838914141777,0.00031761847476608797,0,0,0,0
2017-07-17,-0.011175411522633794,0.003115528668063167,0.002874323752727196,0.00031540097694187074,0,0,0,0
2017-07-18,-0.0018467701031329442,0.0030982626732134573,0.0028683257266659333,0.00030960416465207463,0,0,0,0
2017-07-19,0.0049642340616815606,0.002952945417614381,0.002851873793539879,0.0002948571441132373,0,0,0,0
2017-07-20,-0.003746920783093466,0.00285239540387541,0.002831085834319242,0.00027814628490168504,0,0,0,0
2017-07-21,-0.008524095209588523,0.0029287598393799223,0.002815543279857991,0.0002623534978559133,0,0,0,0
2017-07-24,-0.002782663481479597,0.0029794232205055905,0.0028024181274022763,0.000245953203438985,0,0,0,0
2017-07-25,0.009911285439755613,0.0031493386366922595,0.002815140008742725,0.0002573069453389219,0,0,0,0
2017-07-26,0.008614959531846766,0.0031206986645252927,0.0028299087398020455,0.00026624390158513575,0,0,0,0
2017-07-27,-0.0030754122086111835,0.003138922758715224,0.002846686534711923,0.00027491489515488453,0,0,0,0
2017-07-28,0.007245625405055023,0.0031568204844427787,0.002861959095955138,0.0002835379774346891,0,0,0,0
2017-07-31,0.008313065410698872,0.0031408648667488473,0.002879176810280853,0.000289741975534612,0,0,0,0
2017-08-01,0.0041605513368643265,0.0031447008960898484,0.0029212174786010995,0.0002614991962619379,0,0,0,0
2017-08-02,-0.00073715382366768,0.0033201152339981358,0.0029722030299028546,0.000231809192939811,0,0,0,0
2017-08-03,0.0028744769342303744,0.003387086062447044,0.003024577138139853,0.00019709199843067108,0,0,0,0
2017-08-04,0.00024096691143826732,0.003515921408310239,0.0030746016232789408,0.00018781303680356155,1,0,0,0
2017-08-07,0.005452147892681447,0.0031660432342196987,0.0030819431588175556,0.00018840279526702484,0,0,0,0
2017-08-08,-0.0017781028525308828,0.003234727462233305,0.0030976427070957225,0.0001873418759424143,0,0,0,0
2017-08-09,-0.0226259206387307,0.005119085275152303,0.003206106007565919,0.0004864444105370744,1,1,1,1
2017-08-10,-0.0002972882144611777,0.00526075751514004,0.0033291002778738526,0.0006589769431616755,1,1,0,0
2017-08-11,-0.00174547147123838,0.005225408688629229,0.0034503903204998083,0.0007702412292935084,1,0,0,0
2017-08-14,0.005297378509998785,0.005052161396456149,0.0035472219569194574,0.0008441180514855511,0,0,0,0
2017-08-15,-0.00658360926085777,0.00499683914869233,0.0036421507806934017,0.0008961251775995028,0,0,0,0
2017-08-16,0.0032552589941121646,0.0050201154216625455,0.00374550928089581,0.000930983895858501,0,0,0,0
2017-08-17,-0.007730392853911083,0.005031626893219178,0.003854470855362998,0.0009483193691946253,0,0,0,0
2017-08-18,0.0017978347815890139,0.005048005528129185,0.003960433139800461,0.0009577909592094193,0,0,0,0
2017-08-21,-0.00023407935290076232,0.005144180872645146,0.004068671022407438,0.0009633952120647894,0,0,0,0
2017-08-22,-0.009794612312855278,0.005138498849753471,0.0041681290330605,0.0009661643639463084,0,0,0,0
2017-08-23,0.00620024695898902,0.005079412102883165,0.004266064704978393,0.0009535942126273502,0,0,0,0
2017-08-24,0.004947909867098366,0.005059833662976584,0.004362110250191461,0.0009305522350598067,0,0,0,0
2017-08-25,0.002416306169375382,0.0050655523591076924,0.004457546843924706,0.0008977330013935727,0,0,0,0
2017-08-28,0.007296243018026782,0.005033694819533558,0.0045521883415639425,0.0008501306739586265,0,0,0,0
2017-08-29,-0.004155623600854308,0.005033726510982338,0.004646639622308567,0.0007882077706335544,0,0,0,0
2017-08-30,0.0059687609007403886,0.0049481650898201696,0.0047280421150996685,0.0007255807707288822,0,0,0,0
2017-08-31,0.005278366403390411,0.004922058949434908,0.0048047907594490616,0.0006539175044883524,0,0,0,0
2017-09-01,0.007626858807297188,0.0048097706812742684,0.004869483223097263,0.0005794594690475319,0,0,0,0
2017-09-05,0.004538942350360564,0.00481482188059892,0.004951922155416224,0.00041958932080427203,0,0,0,0
2017-09-06,0.0015650439853087672,0.004823667514034609,0.005031369158006289,0.00012279719670558206,0,0,0,0
2017-09-07,0.003994707327830804,0.0026407800553417105,0.00490745389701576,0.0005470796238257276,0,0,0,0
2017-09-08,0.0056230545235465,0.002452655477872236,0.004767048795152369,0.0007675513410143346,0,0,0,0
2017-09-11,-0.004655516724912601,0.0023457398937442465,0.0046230653554081205,0.0009299571169072814,0,0,0,0
2017-09-12,0.0030972951960575035,0.002379834207103802,0.004489448995940503,0.0010493727572215299,0,0,0,0
2017-09-13,0.003550266269970237,0.002359302477478829,0.004357572162379827,0.0011437410897387915,0,0,0,0
2017-09-14,0.004409676374598437,0.0023364583104227405,0.004223389306817838,0.0012169973140219712,0,0,0,0
2017-09-15,-0.0006201012005159212,0.0023982793564860144,0.00409172192998118,0.001266400185288259,0,0,0,0
2017-09-18,0.0025439924548906756,0.0023613761588239897,0.003957390461515919,0.0013016252685724271,0,0,0,0
2017-09-19,-0.0024013764590837816,0.0022033277722471097,0.003810347806496018,0.0013263755927133726,0,0,0,0
2017-09-20,-8.685617857617789e-05,0.002047259910106098,0.0036557858595136494,0.001343461316575494,0,0,0,0
2017-09-21,-0.0023949569404115856,0.0020133382400993904,0.0035024821663744606,0.0013473904589528707,0,0,0,0
2017-09-22,0.0039804460587364865,0.0019973472357656705,0.003349357845013915,0.00133505186668799,0,0,0,0
2017-09-25,-0.0019203845724975466,0.002018528756029425,0.0031970066648600018,0.0013023555796323456,0,0,0,0
2017-09-26,-0.00028550857767073445,0.0019852182551069303,0.0030445828366386703,0.0012535595290483683,0,0,0,0
2017-09-27,-0.001961879927981691,0.002003817419877149,0.0028930873820834113,0.0011815311432075764,0,0,0,0
2017-09-28,0.001306343854585279,0.0019505850130463868,0.0027432083782447216,0.0010940026224347701,0,0,0,0
2017-09-29,-0.0004970055416119168,0.0019615023277038037,0.0025951805471581663,0.0009777908177525181,0,0,0,0
2017-10-02,-0.002722458417244611,0.001607991504748329,0.0024350915883318697,0.000849860237144585,0,0,0,0
2017-10-03,-0.005272802064245963,0.0016618491342707694,0.002277442951015462,0.0006553709999038382,0,0,0,0
2017-10-04,0.009598997493734274,0.0022530209077174226,0.0021489106206996024,0.00026632365696573865,0,0,0,0
2017-10-05,-0.0005337239033834651,0.0023085627938255558,0.002132299757623795,0.00024340483660146295,0,0,0,0
2017-10-06,0.0031916346882256974,0.0022183868238999926,0.0021205863249251825,0.00023257273684084302,0,0,0,0
2017-10-09,0.0014359990096559638,0.002189580037526951,0.002112778332114318,0.00022717465901847934,0,0,0,0
2017-10-10,0.002089102056962,0.0021889057810226395,0.00210323191081026,0.000219234559946009,0,0,0,0
2017-10-11,0.004070807376796548,0.002204586894895507,0.0020954961316810936,0.00021234479227623848,0,0,0,0
2017-10-12,0.002358867252288066,0.0021616047387830605,0.0020867534530991097,0.0002053872841222576,0,0,0,0
2017-10-13,0.006226482160148095,0.002270713861692749,0.0020803751783594468,0.0001970137837522305,0,0,0,0
2017-10-16,-0.001851513490468526,0.0022791874616214193,0.0020762657434993175,0.00019162754617877244,0,0,0,0
2017-10-17,0.010812393981182167,0.0029084840025522733,0.002111523555014576,0.00026648604374734935,1,1,0,0
2017-10-18,-0.0006881647732073226,0.0028783234470609624,0.0021530767318623193,0.00031611126846769084,1,0,0,0
2017-10-19,0.0014618470014013951,0.0028988656602992667,0.002197353102872313,0.000355117970472338,0,0,0,0
2017-10-20,-0.0025213226689828616,0.00289425125198264,0.002242198303683162,0.00038398941382998856,0,0,0,0
2017-10-23,-0.00822408204731273,0.003101670947198946,0.002296355413241638,0.00042497769828955497,0,0,0,0
2017-10-24,0.006341154090044432,0.0030817123105134955,0.002351180116011966,0.0004525587487928187,0,0,0,0
2017-10-25,0.00660413940187099,0.003121777450124026,0.0024070781175243097,0.00047583979382066646,0,0,0,0
2017-10-26,-0.0006982147371462633,0.0031510955088565936,0.0024671036423148203,0.0004907116920686177,0,0,0,0
2017-10-27,0.012359807736324058,0.003572987150890151,0.0025476778834741375,0.0005337386906657686,0,0,0,0
2017-10-30,0.005747468377024445,0.0035598697734916048,0.002645271796911301,0.0005313187813759301,0,0,0,0
2017-10-31,-0.009370563180312486,0.00371490976205448,0.002747924828300487,0.0005296446498622364,0,0,0,0
2017-11-01,0.006485285686986586,0.0035658732673575495,0.002813567446282493,0.0005461769686149493,0,0,0,0
2017-11-02,-0.011415552206571644,0.003730548682987088,0.0028846667407405697,0.0005690527232940584,0,0,0,0
2017-11-03,0.01277172934496873,0.004059914458538687,0.0029767431224725044,0.0006035123556502166,0,0,0,0
2017-11-06,0.006352743176134545,0.003936601055101033,0.0030640941733512087,0.0006099790122258146,0,0,0,0
2017-11-07,0.0014603870025557963,0.003971182748132885,0.003153208021706721,0.0006055638048360096,0,0,0,0
2017-11-08,0.011019251349476011,0.004105231694437794,0.003248240261683835,0.0005979476922787537,0,0,0,0
2017-11-09,0.0008142375247177647,0.004195596356246527,0.0033499398425570087,0.0005759723187156931,0,0,0,0
2017-11-10,0.00907717340771752,0.004246045819888883,0.003448706440466815,0.0005499434666730872,0,0,0,0
2017-11-13,0.012819479158268088,0.004347803269733713,0.00355213723087243,0.0005116001940573812,0,0,0,0
2017-11-14,0.0017740578160891918,0.004384093189571712,0.003625917690223402,0.0005202201218249082,0,0,0,0
2017-11-15,0.001918492450902587,0.00430768916109825,0.0036973859759252665,0.0005101966285939945,0,0,0,0
2017-11-16,0.011568225336792803,0.004282987391778239,0.0037665920624992146,0.0004896409034421275,0,0,0,0
2017-11-17,-0.0023633512544801727,0.004291754513267896,0.0038364672255634773,0.00045724474696348574,0,0,0,0
2017-11-20,0.014438244507067433,0.004601878915920174,0.003911477623999539,0.0004533954183046855,0,0,0,0
2017-11-21,0.01632449781417744,0.005018422699591515,0.00400831314345344,0.0004732338506049029,1,0,0,0
2017-11-22,0.015637591201132617,0.005306311064354641,0.0041175398241649706,0.0005086255463367156,1,0,0,0
2017-11-23,0.0011150901721956874,0.005275938052082751,0.004223781951326279,0.000517962761794814,1,0,0,0
2017-11-24,0.002002784620327658,0.005358102486304947,0.004313037718097018,0.0005525653281348663,0,0,0,0
2017-11-27,0.0032493560075674832,0.005435162169014714,0.0044068023378731735,0.0005766192599248756,0,0,0,0
2017-11-28,0.002770053589882915,0.0055216295300751774,0.0044971383262742085,0.0006034208692465096,0,0,0,0
2017-11-29,0.011612711297160017,0.005601784465200107,0.004598933886166337,0.000609743687540397,0,0,0,0
2017-11-30,-0.002321087235070518,0.00563837041252427,0.004694324972643197,0.0006159419901365258,0,0,0,0
2017-12-01,0.010948175128693727,0.005555459038205984,0.004769102201626561,0.0006255754684596322,0,0,0,0
2017-12-04,0.010090281465746198,0.005595986249309425,0.00485207146133698,0.0006193608665067331,0,0,0,0
2017-12-05,-0.017236758004989583,0.005855274225623012,0.004946276035211486,0.0006216070260848373,0,0,0,0
2017-12-06,-0.005937270533934669,0.0058254939494511845,0.005032289147962156,0.0006181131751656571,0,0,0,0
2017-12-07,-0.009486724916635048,0.00560447597184942,0.0051027331287423015,0.0005976845627354155,0,0,0,0
2017-12-08,0.001608693336174305,0.005784291464595488,0.005179645410977631,0.0005803632497233628,0,0,0,0
2017-12-11,-0.024155462899931868,0.006776368327456551,0.005301073663863773,0.0006473539194305519,1,0,0,0
2017-12-12,0.010681781023488934,0.006613717435854768,0.005412554876177925,0.0006726183758453951,0,0,0,0
2017-12-13,-0.0030736047452143422,0.006555492916758767,0.005524945063960952,0.0006660505015238481,0,0,0,0
2017-12-14,0.012386412808308211,0.006575993835742948,0.005639595386159187,0.0006377671937310081,0,0,0,0
2017-12-15,-0.0007372976438532186,0.006670077976638875,0.005758511559327736,0.0005934107967555601,0,0,0,0
2017-12-18,0.024487788185978854,0.007450761663198406,0.005900955696691647,0.0006411624228606671,1,0,0,0
2017-12-19,-0.006930672400475957,0.007278276203574266,0.006013948371890785,0.0006756476889473635,0,0,0,0
2017-12-20,0.002196716486935424,0.007236391253920131,0.006110452381369059,0.0007063937978775645,0,0,0,0
2017-12-21,-0.007813237407053975,0.007046099198552451,0.006198960438692545,0.0007072258268241738,0,0,0,0
2017-12-22,0.006616916474642354,0.0068965913607286124,0.006275884882413728,0.0006945084759009426,0,0,0,0
2017-12-25,0.006289902553763271,0.006802590822320994,0.006344256315079041,0.0006744046048213741,0,0,0,0
2017-12-26,0.007951497949515218,0.0066551566404915614,0.006400932670599861,0.0006487765753005126,0,0,0,0
2017-12-27,0.0026192374188607204,0.006781087674991032,0.006459897831089407,0.0006254956779123436,0,0,0,0
2017-12-28,0.008529004811762997,0.006614811488801592,0.0065087198849032735,0.0005953800688712174,0,0,0,0
2017-12-29,0.007699238266852371,0.006604047384422645,0.006561149302214106,0.0005515755097469875,0,0,0,0
2018-01-02,0.011714622449809031,0.006630344210037204,0.006612867200250496,0.0005026366644809753,0,0,0,0
2018-01-03,0.009942054892194019,0.006342434468228886,0.006637225212380788,0.0004750373506298777,0,0,0,0
2018-01-04,0.014000616504419972,0.006423842927450389,0.006667142661280749,0.0004386745878634873,0,0,0,0
2018-01-05,-0.006962490806570298,0.00643744438077424,0.00670879108172699,0.00036599406634780135,0,0,0,0
2018-01-08,0.01012195724090259,0.0062130754340739775,0.006730230280200915,0.0003184603711661075,0,0,0,0
2018-01-09,0.010421351060709627,0.0051457129105532805,0.0066486975093557514,0.00047586695801831764,0,0,0,0
2018-01-10,0.004402260149386494,0.005200644057651513,0.0065780438404455886,0.0005757527908737634,0,0,0,0
2018-01-11,0.009690687884713833,0.005063006872081327,0.006503419538211716,0.0006681390884764629,0,0,0,0
2018-01-12,0.0018508448057088511,0.00519209383888709,0.006434224538368924,0.0007291067386457861,0,0,0,0
2018-01-15,0.012722476692917928,0.004991566680363171,0.006350298973555139,0.0007942259035912338,0,0,0,0
2018-01-16,-0.00047956218793199223,0.003702149751754917,0.0061628683779829645,0.0009482441540820353,0,0,0,0
2018-01-17,-0.026595544517197256,0.00565428092850943,0.006081668614229722,0.0009167112580754833,0,0,0,0
2018-01-18,0.015038320656428406,0.005638176897245888,0.00600175789639601,0.0008796655212094768,0,0,0,0
2018-01-19,0.011254463223042022,0.005650201608344868,0.005931963016885631,0.000847222512220503,0,0,0,0
2018-01-22,0.023011665897728184,0.006389714849412032,0.005906619191319802,0.0008241140834285719,0,0,0,0
2018-01-23,0.0,0.00673097317608598,0.005903038309008051,0.0008201621887702365,0,0,0,0
2018-01-24,0.0,0.0070691578150522336,0.005923738367736084,0.0008449925932741604,0,0,0,0
2018-01-25,0.016622028329237537,0.00706057698740792,0.005937712833356929,0.000862056466272876,0,0,0,0
2018-01-26,0.010021999511122148,0.007051503271685763,0.005959547422501138,0.0008853253114700275,0,0,0,0
2018-01-29,-0.005234663511527127,0.007117400824265571,0.005985215094493284,0.0009120331522948067,0,0,0,0
2018-01-30,0.000684808073526666,0.007399634266044443,0.006023679597293646,0.0009558430999970282,0,0,0,0
2018-01-31,-0.00018008932430491065,0.007682234823165676,0.0060906696150404855,0.0010238866128731115,0,0,0,0
2018-02-01,-0.009627508195540035,0.007593076354504269,0.0061491312863931795,0.0010759670885871558,0,0,0,0
2018-02-02,0.004883283166768004,0.007632911595349793,0.006208904647121957,0.0011249191973445364,0,0,0,0
2018-02-05,-0.05097553029754576,0.012168635013562622,0.00650668262609639,0.0017439874903055158,1,1,1,0
2018-02-06,-0.03538633177904282,0.013362100612202462,0.0069175020111788485,0.0022890749776746876,1,1,0,0
2018-02-07,0.028618030842230135,0.013735704431427794,0.007344255029867663,0.0027091981824751777,1,0,0,0
2018-02-08,-0.01662582288212955,0.013731478182059451,0.007777678595366569,0.003002549335608562,0,0,0,0
2018-02-09,-0.018871243586611186,0.013497558134533036,0.008192951810148865,0.0031943493225400433,0,0,0,0
2018-02-12,0.03770145626232635,0.01446112367476802,0.008666429659869109,0.0033906292738843185,0,0,0,0
2018-02-13,0.01722036110924474,0.014018140899349055,0.009182229217248815,0.003380335744009309,0,0,0,0
2018-02-21,0.025874515206703697,0.01399151699999716,0.009599091020823203,0.0034359866405444584,0,0,0,0
2018-02-22,-0.010228579312882458,0.01405718255871283,0.01002004130389655,0.0034408982635005286,0,0,0,0
2018-02-23,0.024924955623913725,0.014138678008573649,0.010444465123907988,0.003396753822602198,0,0,0,0
2018-02-26,0.010590742168019363,0.014125860635571762,0.010831272413215975,0.003350884169568475,0,0,0,0
2018-02-27,0.0045579751105846444,0.013885230449589715,0.011188985276891161,0.0032710460715075647,0,0,0,0
2018-02-28,0.0046980645046041936,0.013629833122841464,0.011517019042280623,0.003163340526984781,0,0,0,0
2018-03-01,-0.0080720438806261,0.013765042556079021,0.011852242320714178,0.0030181380065556654,0,0,0,0
2018-03-02,0.00485754487851664,0.013935389706770164,0.012196436642468398,0.0028283991799184977,0,0,0,0
2018-03-05,-0.024732208952827794,0.01382488500223001,0.01253181085136662,0.0025813370517116636,0,0,0,0
2018-03-06,0.024518052456377726,0.013367276999344856,0.012830192988031642,0.0022847416957321397,0,0,0,0
2018-03-07,-0.007167786912317342,0.012957718390358145,0.013093967166391265,0.0019372267321824687,0,0,0,0
2018-03-08,0.0106899465952206,0.012921528767828856,0.013360389787057492,0.001444671076144246,0,0,0,0
2018-03-09,-0.0006582751412178567,0.013188664409271737,0.013638177427753589,0.0005299741577178404,0,0,0,0
2018-03-12,0.002563623254199232,0.011174047756089715,0.013588448064879943,0.0006958334453678621,0,0,0,0
2018-03-13,0.006232852995232019,0.010375054453386604,0.013439095756939152,0.0010007376906816365,0,0,0,0
2018-03-14,0.004217733894521292,0.010053480051421215,0.013254984537938825,0.0012507791417204835,0,0,0,0
2018-03-15,0.0005887056383941935,0.010403530700427994,0.013088587163857251,0.0013968856683509356,0,0,0,0
2018-03-16,0.010037233482033114,0.01030353340013801,0.012928885927137498,0.0015244270597626508,0,0,0,0
2018-03-19,0.007850876811657193,0.008365300241705235,0.012624094755484361,0.0017884760931094962,0,0,0,0
2018-03-20,0.00014665033384519965,0.008514759143394135,0.012348925667686615,0.001976216506901375,0,0,0,0
2018-03-21,0.00859934965800968,0.007611724699261453,0.012029936052649829,0.0021994147690630435,0,0,0,0
2018-03-22,0.0025655059177669415,0.00772783574204485,0.011713468711816428,0.0023430343386633867,0,0,0,0
2018-03-23,-0.016010440479033772,0.006942551794494293,0.011353662401112461,0.002498390901164657,0,0,0,0
2018-03-26,0.015282726098527322,0.007113031950562349,0.01100302096686199,0.0025796374700838716,0,0,0,0
2018-03-27,0.00043544338382206504,0.007281928243173785,0.010672855856541196,0.00261368140871162,0,0,0,0
2018-03-28,0.0004352538554104335,0.007444125854671752,0.010363570493132709,0.0026113428061140787,0,0,0,0
2018-03-29,-0.00444448235856143,0.0074808182654327844,0.010049359278600397,0.0025580501233143068,0,0,0,0
2018-03-30,0.006366588690950525,0.007459262500056947,0.009725552918264737,0.0024477610165431823,0,0,0,0
2018-04-02,0.018859731280758796,0.006842677858061769,0.009376442561056323,0.0023272756846621197,0,0,0,0
2018-04-03,-0.006952975489089908,0.005528827057517201,0.008984520063964942,0.002279350678669709,0,0,0,0
2018-04-04,0.0027350225954942964,0.005589390125974619,0.008616103650745766,0.0021973589421835707,0,0,0,0
2018-04-05,0.0013679775752388768,0.005591291055239979,0.008249591765116322,0.0020476626810001716,0,0,0,0
2018-04-06,0.005690723031923417,0.005458550237075604,0.007863086056506517,0.001778131302050429,0,0,0,0
2018-04-09,0.0036417880596018026,0.0054273420493257795,0.0075757507711683185,0.0016763434170790628,0,0,0,0
2018-04-10,-0.0051563940116081675,0.0054315323798425205,0.007328574667491113,0.0016047965712618158,0,0,0,0
2018-04-11,-0.025882215470904413,0.006981878917048324,0.00717499461077247,0.0014717590725156378,0,0,0,0
2018-04-12,0.005063790045497063,0.006830519696548763,0.006996344060578507,0.00126100039412613,0,0,0,0
2018-04-13,-0.013537706091967694,0.006946161267781169,0.006828475453960666,0.0009924381855065585,0,0,0,0
2018-04-16,-0.007475327099573215,0.006945816351798864,0.0067575012594653485,0.000925229110214375,0,0,0,0
2018-04-17,0.004170693693458238,0.0067768344354246085,0.006670605024066871,0.0008280073927939684,0,0,0,0
2018-04-18,-0.012789608768035476,0.006869149600268755,0.006633476269117235,0.0007997523111539784,0,0,0,0
2018-04-19,-0.03855849209067819,0.009570017471650445,0.006725585355597516,0.0010106913039746766,1,1,0,0
2018-04-20,0.023048884097822908,0.009935078880137161,0.0068752117098796585,0.001240001159957218,1,0,0,0
2018-04-23,-0.03846909435107959,0.011757900104289721,0.007107455117566028,0.0016530641745584325,1,1,0,0
2018-04-24,0.0036776314567508184,0.011622460052022394,0.007324481708008458,0.0019376141053854862,1,0,0,0
2018-04-26,-0.03319947443418414,0.0122835017497346,0.007566450502761601,0.002232996654322713,1,0,0,0
2018-04-27,0.005168156499435472,0.012257843494447581,0.007805301764212342,0.002466619719016187,0,0,0,0
2018-05-02,-0.02016643497800552,0.01224781991548464,0.008044729634983724,0.002656370239854958,0,0,0,0
2018-05-03,-0.0025459633847707552,0.012433582480557549,0.008324274866108514,0.0028127898145263713,0,0,0,0
2018-05-04,0.0003312355084463814,0.012687664122358574,0.008682216719350582,0.0028926961946682548,0,0,0,0
2018-05-07,0.03453447604207249,0.01335674716485385,0.009070584571294544,0.002975825414013537,0,0,0,0
2018-05-08,-0.0017039142959350828,0.013339930017575136,0.009458016519411302,0.0030032873031455884,0,0,0,0
2018-05-09,-0.0032816257249280723,0.013431756280751966,0.00985667682159512,0.0029734901900491163,0,0,0,0
2018-05-10,-0.02658542815784759,0.013469451272192475,0.010258782282738455,0.002885449804983227,0,0,0,0
2018-05-11,0.015531602632013808,0.013257674749461592,0.010650089401219408,0.002722413597748955,0,0,0,0
2018-05-14,0.021180073694788915,0.013110081773313386,0.010956499544032662,0.002631161750105644,0,0,0,0
2018-05-15,0.006110704980411885,0.013068027424032324,0.01126837493040684,0.0024817941950258135,0,0,0,0
2018-05-16,-0.017587331159757857,0.013065710424070176,0.01157435238822129,0.0022907501177837023,0,0,0,0
2018-05-17,-0.022738047827653318,0.012999098155417959,0.011877016478402244,0.0020323389373793645,0,0,0,0
2018-05-18,0.009605681906388108,0.012781252638323061,0.012177237388547169,0.001646060110097174,0,0,0,0
2018-05-21,-0.024564168604762848,0.012855792750718914,0.012476569546069675,0.0010754047080525286,0,0,0,0
2018-05-22,-0.028640958442530895,0.012170931272025932,0.012606615236088447,0.0008360478014327406,0,0,0,0
2018-05-23,0.0030733028369729354,0.012458895611122674,0.012732806072637725,0.0005547296468684112,0,0,0,0
2018-05-24,-0.0030537747487209277,0.011572811169776728,0.012723551625912075,0.0005730898833258948,0,0,0,0
2018-05-25,-0.022334469328140205,0.011434154737285929,0.012714136360175252,0.0005933214718749506,0,0,0,0
2018-05-28,-0.0333540823736902,0.011447082658986123,0.012672315405637827,0.0006518627592074143,0,0,0,0
2018-05-29,0.02192648242554318,0.011293785838171285,0.012624112522824013,0.0007165583872699424,0,0,0,0
2018-05-30,-0.0038648154760654307,0.01155805409926922,0.012589624232013244,0.0007513762151441991,0,0,0,0
2018-05-31,0.023985239852398532,0.011321544501891288,0.01253402233307993,0.0008029093108470566,0,0,0,0
2018-06-01,0.02225997425997428,0.01075140075506037,0.01243720916471502,0.0008948767032709373,0,0,0,0
2018-06-04,0.021060158933193573,0.010010995375301915,0.012269921575237423,0.0010181650789910103,0,0,0,0
2018-06-05,0.008838209473455816,0.009568788170931986,0.012081364482905265,0.0011502098319612034,0,0,0,0
2018-06-06,0.011498523573928887,0.009115392710488057,0.01186554630439207,0.0012810060050973326,0,0,0,0
2018-06-07,0.0021169647172547545,0.009452024764460784,0.011664674979005484,0.0013302975648038756,0,0,0,0
2018-06-08,0.0022378917516325814,0.009953138474312001,0.011499448165248007,0.0013272419274585826,0,0,0,0
2018-06-11,9.624546443154358e-06,0.01043167940069793,0.011365528046617232,0.001290800426861137,0,0,0,0
2018-06-12,-0.017574252661161416,0.010263336015324677,0.01122529347618185,0.0012477381124206756,0,0,0,0
2018-06-13,0.009571299815823497,0.010314038990370577,0.011087709904496871,0.0011842124400105656,0,0,0,0
2018-06-14,-0.014371245863778803,0.010135374675385377,0.010944523730495242,0.0011118574949578023,0,0,0,0
2018-06-15,0.0007777734021185978,0.010530383130806793,0.010831980255119427,0.0010268227277754876,0,0,0,0
2018-06-18,-0.028696225319967295,0.010790915629966992,0.010728736399081831,0.0009097604306153072,0,0,0,0
2018-06-19,-0.025502866287196002,0.01058713814723356,0.010649546742842212,0.0008441850870086082,0,0,0,0
2018-06-20,0.01952897646961005,0.010345875609484707,0.010543895742760314,0.0007303766481519422,0,0,0,0
2018-06-21,-0.01177430042305938,0.010010735675820592,0.010465791968062507,0.000697330987775742,0,0,0,0
2018-06-22,0.014204662677945068,0.009863965628871558,0.01038728251264179,0.0006704410732632947,0,0,0,0
2018-06-25,0.007475818017230074,0.008936023828160654,0.010261729571100515,0.0006961562898534334,0,0,0,0
2018-06-26,-0.00757178047894036,0.0087873174321477,0.010136406150799337,0.0007255730889847698,0,0,0,0
2018-06-27,-0.014353726272100298,0.008545320777984557,0.009985769484735103,0.0007276245240744453,0,0,0,0
2018-06-28,-0.011930932697567287,0.00815875269385148,0.009827629894333114,0.0007647787560815289,0,0,0,0
2018-06-29,0.003582806706011299,0.008059281077330461,0.009693023910446618,0.0008279389084640268,0,0,0,0
2018-07-02,-0.014186390224609213,0.007777791121279838,0.009581363697745513,0.0009274136251184544,0,0,0,0
2018-07-03,-0.04343556986749719,0.01055524165112818,0.009630686371755324,0.0009525989438824252,0,0,0,0
2018-07-04,0.009911590379797053,0.010573230997779931,0.009703578286119917,0.0009667647730267352,0,0,0,0
2018-07-05,-0.017038437578552834,0.010291988986601544,0.009745576497226956,0.000973483148947271,0,0,0,0
2018-07-06,0.02013564598621298,0.01001858545537807,0.009748848846280259,0.0009743272209428566,0,0,0,0
2018-07-09,-0.0026048762411309268,0.009835037294381198,0.009719016740964422,0.0009613676915378251,0,0,0,0
2018-07-10,-0.004371011452049989,0.010073007700644667,0.009709500325230422,0.0009566263036550399,0,0,0,0
2018-07-11,-0.019712002809728735,0.010090839319152273,0.009698340341669507,0.0009504847887158394,0,0,0,0
2018-07-12,0.005989968202785745,0.01027143532890947,0.00970514337434571,0.0009542569048467121,0,0,0,0
2018-07-13,0.012476210615352201,0.00979242144982635,0.009668245290296688,0.0009347357071778095,0,0,0,0
2018-07-16,0.001527942663676729,0.009635341277958374,0.009610466572696258,0.0008966256151609507,0,0,0,0
2018-07-17,0.011151233111259762,0.009208842988271624,0.009541551814748162,0.0008701857528043058,0,0,0,0
2018-07-18,0.022924875443681048,0.009372247388468645,0.009492870403697357,0.0008498164281534052,0,0,0,0
2018-07-19,0.0016765882490263895,0.009697760832872777,0.009477221661549969,0.0008426296325354377,0,0,0,0
2018-07-20,-0.011207983304554192,0.009690144283110404,0.00946853059426191,0.0008393206434658218,0,0,0,0
2018-07-23,0.0035890678065975123,0.009827106498048,0.009513084727756279,0.0008331940923500503,0,0,0,0
2018-07-24,-0.002839635331041701,0.00999409793376584,0.009573423752837183,0.000821483096953943,0,0,0,0
2018-07-25,-0.006958718739294323,0.010028745889552831,0.0096475950084156,0.0007901415633070443,0,0,0,0
2018-07-26,0.0027814312512126627,0.010208527022562863,0.009750083724851167,0.0007163527746845623,0,0,0,0
2018-07-27,0.005762449471058861,0.010137631280861484,0.009854001235027719,0.0005993622573442816,0,0,0,0
2018-07-30,0.015189413374379956,0.010156613978662868,0.009972942377896869,0.00034969560612269253,0,0,0,0
2018-07-31,0.0070125193476040515,0.006736234758119966,0.00978199203324646,0.0007857753935064056,0,0,0,0
2018-08-01,-0.0037850667614676148,0.00684269339187106,0.009595465152951016,0.0010012883352146886,0,0,0,0
2018-08-02,0.0008186655751125649,0.006792947710129416,0.009420513089127409,0.0011654179812242737,0,0,0,0
2018-08-03,0.006344711866184349,0.006182164741534594,0.009228692053435236,0.0013610964159873867,0,0,0,0
2018-08-06,0.0006565235514797152,0.006276927881307516,0.00905078658278155,0.0015028277848167877,0,0,0,0
2018-08-07,-0.00358247503202358,0.006298988094688402,0.008862085602483739,0.0016014242570696192,0,0,0,0
2018-08-08,0.00990813031072646,0.005627910856210805,0.008638939179336665,0.0017271942176078957,0,0,0,0
2018-08-09,-0.0028666935742597266,0.005694774075541727,0.008410106116668276,0.0018011191040142214,0,0,0,0
2018-08-10,0.005158277114686083,0.005533751160325876,0.008197172602193254,0.0018791428481724087,0,0,0,0
2018-08-13,0.009881565768686595,0.005470527517766937,0.007988931914183681,0.0019411250078584105,0,0,0,0
2018-08-14,0.00023516420596303433,0.005547565489192216,0.007805868039229712,0.001991999775056304,0,0,0,0
2018-08-15,-0.01727539431854186,0.004732963691914886,0.007573903854402024,0.0020686411529492856,0,0,0,0
2018-08-16,0.0030269303181917895,0.004679223474747933,0.007322976986495781,0.0021015704447218857,0,0,0,0
2018-08-17,0.004770398639399431,0.004516657679479685,0.007064302656314246,0.002113229845387768,0,0,0,0
2018-08-20,0.0007637684749401963,0.004626440788092299,0.00680426937081646,0.0020749991304831526,0,0,0,0
2018-08-21,0.009890472556259189,0.004682877635147097,0.006538708355885524,0.001983108272925247,0,0,0,0
2018-08-22,0.003002420318419796,0.004716283715053438,0.006273085247160554,0.0018417869881989124,0,0,0,0
2018-08-23,0.005304688693173132,0.004669430665859944,0.005996130429325407,0.0016222358436199355,0,0,0,0
2018-08-24,-0.0003139685626317723,0.0048257123518576145,0.0057305344828752144,0.0013140607722779412,0,0,0,0
2018-08-27,0.0049338939263461334,0.004251447227834621,0.005435276145333802,0.0008479798979367489,0,0,0,0
2018-08-28,0.0032966368255504808,0.00423896763679598,0.005310412789267602,0.0008300022771194754,0,0,0,0
2018-08-29,-0.007053929400416048,0.004261110049902802,0.005181333622169189,0.0007782942072112795,0,0,0,0
2018-08-30,0.010018519080725152,0.004287658442897389,0.0050560691588075884,0.0007032491221579744,0,0,0,0
2018-08-31,-0.008546494734838372,0.0043407444502188,0.004963998144241798,0.0006677016340962072,0,0,0,0
2018-09-04,-0.013743759726741578,0.004549720733643512,0.004877637786858598,0.0005968938468276572,0,0,0,0
2018-09-05,-0.007684898661802997,0.004518885192773635,0.00478863264176286,0.0004983864191124141,0,0,0,0
2018-09-06,-0.010584032051546788,0.004549056275531978,0.004734689912728919,0.0004596454002847186,0,0,0,0
2018-09-07,0.011177323912793913,0.004587036256436939,0.004679303021773679,0.00040084711843490416,0,0,0,0
2018-09-10,0.0014862214882858105,0.004728898873342215,0.004639060407424496,0.0003473871343872645,0,0,0,0
2018-09-11,0.01516994043325015,0.005055691230384895,0.004618318593055394,0.0003049174030878663,0,0,0,0
2018-09-12,0.0019795748482327458,0.004948311873846252,0.004588355912288096,0.00022872166008204638,0,0,0,0
2018-09-13,0.0009523713032288939,0.0044893794365600806,0.004576176699520355,0.00022709569352902725,0,0,0,0
2018-09-14,0.0034313477402703185,0.0044752949676178,0.004565980274163849,0.00022680338929461957,0,0,0,0
2018-09-17,-0.0037625839772429392,0.0044979178581921585,0.004565043283099472,0.0002270564485334034,0,0,0,0
2018-09-18,0.005953767175302049,0.004316577504183932,0.004549550118904054,0.00023313682593439,0,0,0,0
2018-09-19,0.002063432948494759,0.004339583950237976,0.004532385434658598,0.00023543016063774,0,0,0,0
2018-09-20,0.00924121582256876,0.004335258096574834,0.004513334153734667,0.00023518206094442663,0,0,0,0
2018-09-21,-0.0017616497800425623,0.004450432454224959,0.004502384243152919,0.00023261600681220496,0,0,0,0
2018-09-24,0.008295362772565484,0.00425227280954974,0.004473712266037525,0.00022590950025295177,0,0,0,0
2018-09-25,-0.0005438598226027436,0.004449205028497251,0.004483600156070656,0.00021991749575987527,0,0,0,0
2018-09-26,-0.0011179927577814608,0.0045530296122897026,0.004499303254845343,0.00021262198078753042,0,0,0,0
2018-09-27,0.005705173284733744,0.004550146568857243,0.004513755080793065,0.0002052759326268571,0,0,0,0
2018-09-28,0.001733358283187325,0.0045576067683471945,0.004527252497065554,0.0001983863372993067,0,0,0,0
2018-10-01,-0.004178423603669157,0.004520890722595941,0.004536259810684411,0.0001935021044869774,0,0,0,0
2018-10-02,0.005834847168470159,0.0040898042869776845,0.004513263988351121,0.0002176408685598879,0,0,0,0
2018-10-03,0.0015803060493331245,0.004117025160453704,0.004493170986735124,0.00023495603644736968,0,0,0,0
2018-10-04,0.003155625245002014,0.003899720224738823,0.004460704184195466,0.0002691958021750983,0,0,0,0
2018-10-05,-0.014878568218674948,0.004302482092051356,0.004446476475976187,0.00026968667029949825,0,0,0,0
2018-10-08,-0.012167911224823746,0.004546291289118958,0.004437346096765024,0.0002626204397890949,0,0,0,0
2018-10-09,7.027265791270665e-05,0.004022809802418735,0.0043857020253667165,0.00023469665139589103,0,0,0,0
2018-10-10,-0.0022385287947078725,0.004014949474028264,0.004339033905375817,0.00020824292363039445,0,0,0,0
2018-10-11,-0.04836210712704736,0.01054192833323495,0.00464166135020956,0.0014038586914697376,1,1,1,1
2018-10-12,0.02557379822178052,0.011304254111777852,0.004983109307417563,0.002045229309885794,1,1,1,0
2018-10-15,-0.01900874154708898,0.011521757810587799,0.005334301305037345,0.002508177077523456,1,0,0,0
2018-10-16,0.012326089697784814,0.011530701628388498,0.005695007511247573,0.002849612426837055,1,0,0,0
2018-10-17,0.00854292743182783,0.011416248174572636,0.006048840722464306,0.0031007383802405973,0,0,0,0
2018-10-18,-0.008367641004528581,0.011418219691784574,0.006402988802224794,0.003293234207821212,0,0,0,0
2018-10-19,-0.0053037458353659694,0.011322665457260347,0.006746600452376563,0.003434283823136617,0,0,0,0
2018-10-22,-0.005060728744939347,0.011363044715919039,0.007102139047695027,0.003529227853322675,0,0,0,0
2018-10-23,-0.014504305146249119,0.011225617148553952,0.007440959653697864,0.0035859562348703605,0,0,0,0
2018-10-24,-0.0180380555082581,0.01115953644234902,0.0077712849952008296,0.0036101314820344804,0,0,0,0
2018-10-25,-0.013611782428229358,0.011108303975154644,0.008099192865515699,0.003599981202557424,0,0,0,0
2018-10-26,-0.010272806179065341,0.010886087162881992,0.00841561688524244,0.0035500844545358437,0,0,0,0
2018-10-29,-0.01332119624342265,0.010746723652681799,0.008726908531746732,0.0034624756138068513,0,0,0,0
2018-10-30,-0.00014626133525352802,0.010994008377186178,0.009072118736257156,0.00331693909607471,0,0,0,0
2018-10-31,0.029335313776457372,0.011377608083915722,0.009435147882430257,0.00313860629430262,0,0,0,0
2018-11-01,-0.007433643797280065,0.011217639189752306,0.009801043830680933,0.002874798473031152,0,0,0,0
2018-11-02,0.018613154764526962,0.011273993882650045,0.010149619420210866,0.0025805972460495766,0,0,0,0
2018-11-05,0.000724433968384286,0.011635878407876507,0.010504098776148742,0.002234051407527811,0,0,0,0
2018-11-06,-0.003760007779326502,0.011447093150910142,0.010875312943573313,0.0016376308401880601,0,0,0,0
2018-11-07,0.00011929938723498346,0.011563383147402856,0.011252734627242042,0.0002823558533993904,0,0,0,0
2018-11-08,0.004467771319510705,0.008198710994842899,0.01113557376032244,0.0007277236721063249,0,0,0,0
2018-11-09,-0.012944250118754552,0.0074647001768110505,0.0109435960635741,0.0010947675600474578,0,0,0,0
2018-11-12,0.0041890428638615695,0.007287655995827229,0.010731890972836071,0.001355438364990458,0,0,0,0
2018-11-13,-0.011033416111183691,0.007267482103962169,0.010518729996614755,0.0015451507910762502,0,0,0,0
2018-11-14,-0.007775416028810933,0.007274766194270294,0.01031165589759964,0.0016893240161238816,0,0,0,0
2018-11-15,-0.0041956644800372755,0.007366702482215462,0.010109080037121184,0.0017895901412689841,0,0,0,0
2018-11-16,0.0011592264392801255,0.0075395958338085175,0.009919926555948592,0.001853359727503718,0,0,0,0
2018-11-19,0.019895567752925114,0.007851280517978319,0.009744338346051555,0.0018756610810563097,0,0,0,0
2018-11-20,0.0032312293954543936,0.007898553466706018,0.009577985161959159,0.0018848879992095753,0,0,0,0
2018-11-21,0.0038519292289611595,0.007698816219635978,0.009404949150823506,0.0018908977937256725,0,0,0,0
2018-11-22,0.002016129032258007,0.007730477485402969,0.009236057826335922,0.001881577543208111,0,0,0,0
2018-11-23,-0.006977347958719959,0.007712885719963275,0.009077397754189986,0.0018688631930907583,0,0,0,0
2018-11-26,0.003333442269355169,0.007656966481665775,0.008922909895639186,0.001851229877549337,0,0,0,0
2018-11-27,0.0022691986145946252,0.007567348541373052,0.008751576903848531,0.0018075133677090333,0,0,0,0
2018-11-28,0.00766964208336951,0.005534645821434629,0.008459428790724473,0.001832751488376322,0,0,0,0
2018-11-29,-0.003665878305740833,0.005557494961388461,0.008176421579306283,0.0018213964575366248,0,0,0,0
2018-11-30,-0.00026974827091363895,0.004851586819763231,0.007855301226161942,0.0018126662890653464,0,0,0,0
2018-12-03,0.02703606967858918,0.006769030623379675,0.007611958836937101,0.0015916282967031916,0,0,0,0
2018-12-04,0.007618827436185693,0.0067419712312232795,0.007376702740952758,0.0013193707965379411,0,0,0,0
2018-12-05,-0.0017729756789454099,0.006666921540482162,0.007131879660606721,0.0008840926478531524,0,0,0,0
2018-12-06,-0.002423887832500915,0.006719504249938793,0.007057919323361518,0.0008514167185430867,0,0,0,0
2018-12-07,0.00394838817787635,0.006576728188876685,0.007013520723964798,0.0008522400105568464,0,0,0,0
2018-12-10,-0.0028166369354990506,0.006606091474297181,0.006979442497888297,0.0008543255145878452,0,0,0,0
2018-12-11,-0.0013704505748568518,0.0065833046025481744,0.006945233622817596,0.0008558812967199426,0,0,0,0
2018-12-12,0.007018793605564788,0.006572703482893958,0.006910130487248779,0.0008560516915772527,0,0,0,0
2018-12-13,-0.0010714880159786722,0.006645237540825989,0.0068740572401793055,0.000850985502312875,0,0,0,0
2018-12-14,-0.008549856808122924,0.006598180280685886,0.0068269864625231744,0.0008381748182422627,0,0,0,0
2018-12-17,-0.019316415276669052,0.006534210071592506,0.006761132940203885,0.0008045269766757702,0,0,0,0
2018-12-18,-0.006854817115621414,0.00650909049354165,0.006691659791545665,0.0007598919258650643,0,0,0,0
2018-12-19,-0.008638447020760331,0.0065142332278585605,0.006632430641956793,0.0007225041727266563,0,0,0,0
2018-12-20,-0.0010878551847177675,0.0065490653607674035,0.006573360035725016,0.0006747198046844514,0,0,0,0
2018-12-21,-0.006512458616483752,0.006546931644876539,0.0065150623319706795,0.0006191631326309758,0,0,0,0
2018-12-24,-0.004055861267621141,0.006532479867224673,0.006458838001248623,0.0005580526049302469,0,0,0,0
2018-12-25,-0.011688826274544262,0.0065737217883818175,0.006409156663599062,0.0004948189168130827,0,0,0,0
2018-12-26,-0.006893556362340569,0.006569795874486802,0.006460914166251672,0.0004507028668576369,0,0,0,0
2018-12-27,0.010159798149705468,0.006576032032175623,0.00651184101979103,0.0003976737213762178,0,0,0,0
2018-12-28,-0.009180626325196228,0.006398707873121998,0.006589197072458967,8.62735268504134e-05,0,0,0,0
2019-01-02,-0.0008851143926321692,0.004591998773364334,0.006480345479958201,0.00045078334528495873,0,0,0,0
2019-01-03,-0.015172413793103412,0.005015206014866176,0.006394007219140347,0.0005520300609741697,0,0,0,0
2019-01-04,0.003051627154927017,0.004960011869170732,0.006308661735574775,0.000633544331594045,0,0,0,0
2019-01-07,0.00992167101827679,0.004916096585082374,0.006218491352331953,0.0006971378383783448,0,0,0,0
2019-01-08,-0.002472910390719729,0.004973610106010128,0.006138335448188625,0.0007443442347138546,0,0,0,0
2019-01-09,0.01076129090417366,0.004952916225732785,0.006055676685760405,0.0007805764424674267,0,0,0,0
2019-01-10,0.0014604399157180925,0.004947347638163685,0.0059738788375411815,0.0008076240777371196,0,0,0,0
2019-01-11,0.004909273071357134,0.004974672319076807,0.005893977279350324,0.0008241427411657333,0,0,0,0
2019-01-14,-0.0010080756832205884,0.004978756986790433,0.005810653251648546,0.0008284224777154281,0,0,0,0
2019-01-15,0.008738079396761966,0.004981760983633307,0.005729832286795917,0.0008263940449617331,0,0,0,0
2019-01-16,-0.001077301908363304,0.0042509648381043805,0.0056156700251215105,0.0008661767202612728,0,0,0,0
2019-01-17,-0.00749422251568177,0.00425833675629802,0.005503132338259329,0.0008898799136520472,0,0,0,0
2019-01-18,0.0004546008936787693,0.004408170724086743,0.005397829213070738,0.0008885434538371307,0,0,0,0
2019-01-21,0.009697439875872682,0.004338554131560848,0.005287303651610411,0.0008751866253188049,0,0,0,0
2019-01-22,-0.004939355688491354,0.0043483623690000585,0.005177375187816586,0.0008462407166972853,0,0,0,0
2019-01-23,0.0016215321824499807,0.004444577197837175,0.005072980054347211,0.0007976630664982611,0,0,0,0
2019-01-24,0.0008479989427545576,0.004385124069054045,0.004963550168380823,0.0007280284512525621,0,0,0,0
2019-01-25,9.903277985023884e-05,0.004535154457519215,0.0048618180975324434,0.0006268968026695847,0,0,0,0
2019-01-28,0.0036308423554263225,0.0043918907002690084,0.004752611030937113,0.00048724634965748915,0,0,0,0
2019-01-29,0.004111030717621533,0.004274815848223211,0.004646416429692173,0.0003081249452600394,0,0,0,0
2019-01-30,-9.826078412100703e-05,0.004314413778078139,0.004632537179927863,0.000316833881745514,0,0,0,0
2019-01-31,-0.005666928721174025,0.003540016670875725,0.004558777712728341,0.00038700244180189987,0,0,0,0
2019-02-01,-0.002174271125020555,0.0035591167821459606,0.004488732958377102,0.00043442973417950973,0,0,0,0
2019-02-11,0.01918188121100073,0.004761234700064173,0.004480989864126192,0.0004277402743959756,0,0,0,0
2019-02-12,0.012352877659000061,0.005041701042912387,0.004484394410971306,0.0004321161886262189,0,0,0,0
2019-02-13,0.008223649124304178,0.004919970606823973,0.0044827471300258655,0.0004302950805019845,0,0,0,0
2019-02-14,0.007500661200740666,0.004883664261269539,0.004479562961181157,0.0004268983242140231,0,0,0,0
2019-02-15,-0.0015225654703152625,0.004952194547007361,0.004478439072577685,0.0004255537248692005,0,0,0,0
2019-02-18,0.010947638528115755,0.00502636019456483,0.004480819232966405,0.00042862139591086,0,0,0,0
2019-02-19,0.0031727868511390867,0.004992707073097307,0.004481366537439605,0.0004293011611351542,0,0,0,0
2019-02-20,0.006460310053403973,0.004900696017697418,0.004513853096419257,0.0004354873248356556,0,0,0,0
2019-02-21,0.017504997012095957,0.005578406475556174,0.004579856582382164,0.0004911956993176827,1,0,0,0
2019-02-22,0.0013568658424212288,0.005534587276070724,0.004636177409981364,0.000533251448372637,0,0,0,0
2019-02-25,0.005581903307682268,0.005468164018196091,0.0046926579043131255,0.0005592573182463765,0,0,0,0
2019-02-26,-0.007411280834246803,0.005474435710501912,0.004748961571388219,0.0005791028122663553,0,0,0,0
2019-02-27,0.003252081940307683,0.005418066640106167,0.004797636043501668,0.0005929191361272923,0,0,0,0
2019-02-28,-0.02504367495733484,0.006735389736047511,0.004915149326851341,0.0007250424577902756,1,1,0,0
2019-03-01,0.014666431893274767,0.006707313702236849,0.005023757289087223,0.000821410468736047,1,0,0,0
2019-03-04,0.014658595592213386,0.006782691698879908,0.0051432973390177685,0.0008952619847659503,0,0,0,0
2019-03-05,-0.0015493113612812248,0.006894092765045705,0.005274261184858893,0.0009513530627914822,0,0,0,0
2019-03-06,0.0020555191697313457,0.006782794831620863,0.005397680237536029,0.0009799597687608548,0,0,0,0
2019-03-07,-0.0004625486430230863,0.006994312677321375,0.005570395037858312,0.0009388631141544831,0,0,0,0
2019-03-08,-0.008832731406496763,0.006846600991541506,0.005734769248328089,0.0008519605497489174,0,0,0,0
2019-03-11,-0.0006597310327327577,0.006585775797411895,0.005825996303195475,0.000839827485648584,0,0,0,0
2019-03-12,0.0169815153361772,0.006835916242349972,0.005915707063167354,0.0008474342926389877,0,0,0,0
2019-03-13,0.004084608317021399,0.00688781116587406,0.006014099091119858,0.0008399444906216028,0,0,0,0
2019-03-14,0.004127669309038184,0.0069337110138060955,0.006116601428746686,0.0008195729567927678,0,0,0,0
2019-03-15,-0.005388486073140686,0.006810608889282029,0.0062095221458604195,0.0007852393056049845,0,0,0,0
2019-03-18,0.007708242042783642,0.006767943268399988,0.006296601299552178,0.0007425319748998329,0,0,0,0
2019-03-19,-0.005208230387602986,0.0067137764498038785,0.006382654768387506,0.000680615507172024,0,0,0,0
2019-03-20,-0.0042619139868268485,0.006752161642094309,0.006475228049607351,0.0005880587710743077,0,0,0,0
2019-03-21,-0.020472912301706114,0.0070103748897091525,0.006546826470314999,0.0005596058657353029,0,0,0,0
2019-03-22,0.007058607834749209,0.006853530485163027,0.006612773630769614,0.0005095134098364863,0,0,0,0
2019-03-25,-0.018852848661387034,0.0072412801615631475,0.006701429437937968,0.0004507401300797464,0,0,0,0
2019-03-26,-0.00028863896419850654,0.007476069166905184,0.006801511110758132,0.0003807466978299046,0,0,0,0
2019-03-27,0.0063106445725362725,0.007398672998341422,0.006900541428669893,0.00022952313833016138,1,0,0,0
2019-03-28,0.00724452049881652,0.0062817498383450346,0.0068778594337847694,0.00026618899522420426,0,0,0,0
2019-03-29,-0.002258438625404424,0.006152661554371288,0.006850126826391492,0.00031015439363162007,0,0,0,0
2019-04-01,0.007922427505200114,0.005885504526610742,0.006805267467778034,0.0003779042383293576,0,0,0,0
2019-04-02,-0.002751560397762365,0.005837291116219285,0.006752427385336712,0.00043447896509514,0,0,0,0
2019-04-03,-0.0013694322435356954,0.005867628905364988,0.006706669089023919,0.0004772033212170017,0,0,0,0
2019-04-04,0.002488673993864543,0.005772584753880129,0.006645582692851856,0.0005151331427871102,0,0,0,0
2019-04-05,0.002381169508871128,0.005827927121541814,0.006594648999351872,0.0005437757081822018,0,0,0,0
2019-04-08,0.008390109779026655,0.005682340160761613,0.006549477217519357,0.0005808146402909951,0,0,0,0
2019-04-09,-0.009102209390913774,0.005189409703953755,0.006467151890599547,0.0006505768460055614,0,0,0,0
2019-04-10,-0.006646568468760217,0.005161218053216176,0.006380822234966653,0.0007041683109032668,0,0,0,0
2019-04-11,0.004114430039413142,0.005161540749712383,0.0062922137217619675,0.0007414473455342962,0,0,0,0
2019-04-12,-0.0030934631573610316,0.005213064228377527,0.006212336488716742,0.000768229741883786,0,0,0,0
2019-04-16,-0.005829687658968408,0.005205098531498707,0.006134194251871678,0.0007879709791353029,0,0,0,0
2019-04-17,-0.005188452367551166,0.005205319209422876,0.006058771389852628,0.0008016492267835616,0,0,0,0
2019-04-18,-0.010081267359325241,0.005247791587956463,0.005983552887145736,0.0008037389569493119,0,0,0,0
2019-04-19,0.004063181959887752,0.004126347920629919,0.005839351538691774,0.0008661134054901527,0,0,0,0
2019-04-22,-0.0003622400927334457,0.004285064735740605,0.0057109282512206525,0.0008976663870775996,0,0,0,0
2019-04-23,0.0022156420185119874,0.002950700879044497,0.00549639928709472,0.0010173939503749846,0,0,0,0
2019-04-24,0.009214876033057706,0.0029384897169739354,0.005269520314598158,0.001057829100902248,0,0,0,0
2019-04-25,-0.0028559145068173253,0.0029620206488677643,0.005047687697124476,0.0010530185953460736,0,0,0,0
2019-04-26,0.005656329237370805,0.002916191508488122,0.004879409780631629,0.0011126576191344687,0,0,0,0
2019-05-02,-0.001163692785104753,0.0029760538459116565,0.004720579395208648,0.0011475187070868675,0,0,0,0
2019-05-03,-0.004455799693408258,0.00288064999192794,0.004570336668474508,0.0011831273586230895,0,0,0,0
2019-05-06,-0.016599256780339577,0.0039030278375990313,0.004473623504543495,0.0011527786880604189,0,0,0,0
2019-05-07,-0.00042798835036594873,0.003957758661182548,0.004378129992334373,0.0011095176911114259,0,0,0,0
2019-05-08,-0.006620995029032017,0.003915492794204144,0.004285275394350574,0.0010634266905833695,0,0,0,0
2019-05-09,-0.004425895166207616,0.003858158568693205,0.004186786966708144,0.001002504894919689,0,0,0,0
2019-05-10,0.005849991024381884,0.0038002669594671967,0.004092683306643423,0.0009411894379880024,0,0,0,0
2019-05-13,0.006288383811873466,0.003706867760706647,0.004018556209481067,0.0009080650892413207,0,0,0,0
2019-05-14,0.0070941223110148055,0.0037170303432842128,0.003946346823984469,0.000868998812047514,0,0,0,0
2019-05-15,0.010669815816189088,0.0038936644148766237,0.003882953007242681,0.0008205814180888476,0,0,0,0
2019-05-16,5.1248411299331664e-05,0.0040532167469562634,0.003824960633171618,0.0007604103802693385,0,0,0,0
2019-05-17,0.0008096834035400402,0.004182222571007844,0.0037738168351470745,0.0006942165858875559,0,0,0,0
2019-05-20,0.01090652138292647,0.004372184631923913,0.003732160106272127,0.0006253813996593222,0,0,0,0
2019-05-21,-0.0008509517490098428,0.004349209992112618,0.003687231026479934,0.0005367629749801287,0,0,0,0
2019-05-22,-0.002544890448042625,0.0043800987908802335,0.00369991856999245,0.0005505116257623376,0,0,0,0
2019-05-23,-0.0010876415458740407,0.004342927369510313,0.003702811701680936,0.000553890300208617,0,0,0,0
2019-05-24,-0.012903094503973755,0.004631581165265478,0.0037868557159919844,0.0005612377734581322,0,0,0,0
2019-05-27,0.005267878313041985,0.004549391415658542,0.003867400800926215,0.000548526952732374,0,0,0,0
2019-05-28,-0.0032200504542937436,0.004539701976259603,0.003946284867295807,0.0005243831600168881,0,0,0,0
2019-05-29,-0.0004732510288065761,0.004667129137110363,0.004033831748726919,0.0004882736116141165,0,0,0,0
2019-05-30,-0.0022644461370606717,0.004624743842856754,0.004116266248574174,0.000436745460746964,0,0,0,0
2019-05-31,-0.009759217611983395,0.00473416069327269,0.004208941783641411,0.00034848969382022285,0,0,0,0
2019-06-03,-0.01397049631203895,0.004434008066697906,0.004235490795096355,0.00034415654000073643,0,0,0,0
2019-06-04,0.004955254788846952,0.004286687560262744,0.004251937240050364,0.0003379899574966355,0,0,0,0
2019-06-05,0.00026283695697881804,0.004432516486049558,0.0042777884246426355,0.00033059399014273225,0,0,0,0
2019-06-06,-0.0033634290158816027,0.004448403467484508,0.0043073006695822005,0.000317237762806891,0,0,0,0
2019-06-07,0.010620010335263164,0.004613852073639071,0.004347979925290795,0.00030052153860106305,0,0,0,0
2019-06-10,0.004821137872020653,0.004610113439488979,0.00439314220922991,0.00026485817873126647,0,0,0,0
2019-06-11,-0.0008619794371169665,0.004691987101405349,0.004441890047135967,0.0002197488066277997,0,0,0,0
2019-06-12,-0.00821146070452261,0.004565672649145868,0.00447549045884943,0.00017913421278624436,0,0,0,0
2019-06-13,-0.004286447907605462,0.0044269965546463496,0.004494179449233934,0.00014986718003432684,0,0,0,0
2019-06-14,0.0037154765914448884,0.004326285054735178,0.004501382573420301,0.00013699346800564064,0,0,0,0
2019-06-17,-0.006983987164564054,0.004139685473395947,0.004489757615493902,0.0001569456638108182,0,0,0,0
2019-06-18,-0.0031047045778552773,0.004049892451249763,0.004474791738450759,0.00018313858214841967,0,0,0,0
2019-06-19,0.0060168854143494155,0.004007263213845383,0.004456149959599018,0.00021025309482424365,0,0,0,0
2019-06-20,0.009992734471248488,0.0040084415696791725,0.00443942566960746,0.00023191994124153523,0,0,0,0
2019-06-21,2.085114368544083e-05,0.0038300324093782827,0.0043993482318131,0.0002640038590688857,0,0,0,0
2019-06-24,0.00380525437864887,0.0038407802942236084,0.0043639176757413545,0.00028915861721421076,0,0,0,0
2019-06-25,-0.0028249467726021438,0.00385161040693048,0.004329513097274898,0.0003074963867356502,0,0,0,0
2019-06-26,-0.0010415256267380935,0.0038182882521182954,0.004287071053025294,0.00031688170122083783,0,0,0,0
2019-06-27,-0.016702636764567846,0.004558263466888856,0.004283747034226899,0.0003134836241109336,0,0,0,0
2019-06-28,0.007241997221957286,0.004476216873488019,0.004270849843237666,0.00029894666776522497,0,0,0,0
2019-07-01,0.016495778680758688,0.004750760151184252,0.004286687447461983,0.0003159521779961801,0,0,0,0
2019-07-02,-0.003759281697579775,0.004769000379497947,0.004310803088423743,0.00033385186428613677,0,0,0,0
2019-07-03,-0.0016528410154057482,0.004695045196941249,0.004323929523968328,0.00034389916354510915,0,0,0,0
2019-07-04,0.013171732317079465,0.0049358434113270875,0.0043483015211604565,0.00036950400731669775,0,0,0,0
2019-07-05,0.002363726054427362,0.004897690718160203,0.004362493453386513,0.00038535111754640596,0,0,0,0
2019-07-08,-0.009217298583058198,0.004947305503998937,0.004379353056612011,0.0004036946960459309,0,0,0,0
2019-07-09,0.0027940187302737396,0.004858248094913782,0.004387666106287433,0.00041209586394588523,0,0,0,0
2019-07-10,0.004746917083741753,0.004843376425913363,0.0044015512951258075,0.0004229449769661107,0,0,0,0
2019-07-11,0.005114774302880987,0.004831506878838879,0.004421776811335434,0.00043375954592204507,0,0,0,0
2019-07-12,-0.003300532376894205,0.004842884234734641,0.004447606770335407,0.0004430556921578516,0,0,0,0
2019-07-15,-0.0029423826122616514,0.004884581151514445,0.004484851554241332,0.00044709919933358535,0,0,0,0
2019-07-16,0.009850595868508005,0.004920318821640583,0.004528372872760873,0.00044489007531945643,0,0,0,0
2019-07-17,0.00046837930578047526,0.005082148702443295,0.004582117147190768,0.00044354788832316267,0,0,0,0
2019-07-18,-0.006635659545884853,0.004993672817150364,0.0046313787095643285,0.00043101472841947406,0,0,0,0
2019-07-19,0.006444341990676783,0.004811935649226849,0.0046804738715567566,0.0003887861300315261,0,0,0,0
2019-07-22,-0.00030539324470146845,0.004958459357803433,0.004736357824735748,0.00033885789177020035,0,0,0,0
2019-07-23,0.007555700378803376,0.00491905084505753,0.0047897298466421006,0.000269042751190774,0,0,0,0
2019-07-24,-0.0010611848887273068,0.004917990715470222,0.004844714969809697,0.0001428250385140377,0,0,0,0
2019-07-25,0.006616687407047683,0.004243474443492686,0.004828975518639889,0.0001866691333267167,0,0,0,0
2019-07-26,-0.0016081210111060784,0.004314232433195108,0.004820876296625243,0.00020535870744433905,0,0,0,0
2019-07-29,0.004620727840136896,0.003416905627302197,0.00475418357043114,0.0003754667795007654,0,0,0,0
2019-07-30,-0.011944605888129622,0.0037689208231046745,0.0047041795926114766,0.000435228066961355,0,0,0,0
2019-07-31,0.005719965112269465,0.003680645381103211,0.004653459601819575,0.0004917816391112717,0,0,0,0
2019-08-01,0.005778190105479641,0.0031894897299026828,0.004566141917748354,0.0005851726709518521,0,0,0,0
2019-08-02,-0.006306459860235147,0.0031424327890407604,0.004478379021292382,0.000659708492161641,0,0,0,0
2019-08-05,-0.01811118958732727,0.004199554124718948,0.004440991452328383,0.0006528877258392105,0,0,0,0
2019-08-06,-0.008775625545907606,0.004202476056397754,0.004408202850402582,0.0006472724110680772,0,0,0,0
2019-08-07,0.0013684286913882016,0.004317399624770415,0.0043819040103454335,0.0006392967564632043,0,0,0,0
2019-08-08,0.009638379592724178,0.004401344120314349,0.004360395872419208,0.0006305507071825597,0,0,0,0
2019-08-09,-0.0009228497600590746,0.004507579338041438,0.004343630627584547,0.0006214387456089091,0,0,0,0
2019-08-12,0.0009955457027319703,0.004593507084590947,0.004329076924238373,0.0006114310541301657,0,0,0,0
2019-08-13,-0.008694671437799117,0.004546043955141936,0.00431036318091344,0.0005979620817326348,0,0,0,0
2019-08-14,0.0021513606321690304,0.004459272868371392,0.004279219389209844,0.0005712745151322737,0,0,0,0
2019-08-15,0.010805957209647943,0.004597593980261826,0.004259415447365417,0.0005517346625074833,0,0,0,0
2019-08-16,0.0006330535645000523,0.004747319096541099,0.004256184619731131,0.0005485087079336875,0,0,0,0
2019-08-19,0.0010510204081632946,0.004705628984371075,0.004243543101059512,0.0005341982935689787,0,0,0,0
2019-08-20,0.0037103860228535623,0.004705147695070362,0.004232847943560153,0.0005219633421954012,0,0,0,0
2019-08-21,0.009861171763128729,0.004677054586860923,0.004220801137129688,0.0005079093005681304,0,0,0,0
2019-08-22,0.002896277077173659,0.004723555753312517,0.004244805202620681,0.0005202322111346219,0,0,0,0
2019-08-23,-0.004823215610773479,0.004627853622305085,0.004260486262076179,0.0005271161639426602,0,0,0,0
2019-08-26,-0.009642803163887437,0.004688329313570399,0.004324057446389589,0.0004957595467323429,0,0,0,0
2019-08-27,-0.006196076835422448,0.004489041525433948,0.004360063481506053,0.0004791927103763425,0,0,0,0
2019-08-28,0.0004811679071243802,0.004650301339269918,0.0044085462794143885,0.0004552908176991828,0,0,0,0
2019-08-29,0.001360947956531522,0.004747385417997748,0.004486441063819142,0.0003587893376284873,0,0,0,0
2019-08-30,0.005589674940475575,0.004743055272907511,0.00456647218801248,0.00017430447950915373,0,0,0,0
2019-09-03,-0.004776131536694872,0.0036776107572247243,0.004540375019637768,0.00025330276392092343,0,0,0,0
2019-09-04,-0.0017664597288025163,0.0036038924617937005,0.0045104458399075655,0.00032150896441546895,0,0,0,0
2019-09-05,-0.0008592207685934605,0.003627919512438213,0.004475971834290955,0.0003756964764570998,0,0,0,0
2019-09-06,-0.0027743936772488542,0.0034192602685898022,0.0044268676417047285,0.00044394491175711544,0,0,0,0
2019-09-09,4.106438896189779e-05,0.0034663817309333457,0.0043748077613493235,0.0004923877800462191,0,0,0,0
2019-09-10,-0.0039625508150946676,0.0033958072443331555,0.0043149227693364345,0.0005353482470023817,0,0,0,0
2019-09-11,-0.0009791189990312477,0.0032832181900805165,0.004251781481083363,0.0005793198396889,0,0,0,0
2019-09-12,0.006974033075074049,0.0033387234078999036,0.004195754008059789,0.0006114890742676274,0,0,0,0
2019-09-13,0.011423361029434309,0.0034075065533924077,0.004136249636716318,0.0006280086386170663,0,0,0,0
2019-09-16,0.0026741759688821976,0.003331385654360815,0.004065452964607303,0.0006352645086519784,0,0,0,0
2019-09-17,0.0069504778453519656,0.0033090443658207133,0.0039956237336797856,0.0006379434525882076,0,0,0,0
2019-09-18,-0.0015952003531513048,0.003365138059143414,0.003928623251883439,0.0006298191790670201,0,0,0,0
2019-09-19,0.0019595035924233617,0.003131285967781578,0.0038513348209294708,0.0006279833646115778,0,0,0,0
2019-09-20,-0.006759602848259938,0.0031856883905479936,0.003774441452791244,0.0006094416354106575,0,0,0,0
2019-09-23,-0.002847449412334946,0.0031920385438411114,0.003702650698868046,0.0005878043714478284,0,0,0,0
2019-09-24,0.0005974441541609643,0.0029814218071021787,0.0036173053235446346,0.0005604367527968819,0,0,0,0
2019-09-25,-0.0008399704492324522,0.0029697194065608935,0.003541339217600982,0.0005386007335275156,0,0,0,0
2019-09-26,0.003494378608325688,0.0028968302704073697,0.0034536656641578553,0.0004890154453066325,0,0,0,0
2019-09-27,0.00715619480191787,0.002969869948292753,0.003364789890672605,0.00039376425221873977,0,0,0,0
2019-09-30,-0.0012827707848954706,0.002981838591325048,0.0032767290565934816,0.00023372244718141528,0,0,0,0
2019-10-01,0.003040459179577848,0.0029675275720729096,0.0032412248973358914,0.0002233225160885016,0,0,0,0
2019-10-02,-0.00840344541261917,0.0031413743643130985,0.003218098992461861,0.00020715265090472037,0,0,0,0
2019-10-03,0.0012711992655292104,0.0031228500476887925,0.00319284551922439,0.00018406190884073266,0,0,0,0
2019-10-04,-0.004896972139654454,0.0031239687901534535,0.003178080945302573,0.0001766378173210939,0,0,0,0
2019-10-07,-0.004556546745106749,0.0029941058645384447,0.0031544671519828276,0.00016739406929995075,0,0,0,0
2019-10-08,0.0052182404459408804,0.0030045889812358646,0.003134906238827963,0.0001604205909018846,0,0,0,0
2019-10-09,-0.00039464896480534417,0.0030396502126597614,0.0031227278399569252,0.0001577925956131994,0,0,0,0
2019-10-10,-0.0004555439701163788,0.0030665128805951935,0.0031091173135916897,0.00014971423113858224,0,0,0,0
2019-10-11,0.0045170045980271745,0.0024979372154170284,0.0030636388466929207,0.00018764633925070356,0,0,0,0
2019-10-14,0.0017442329407968415,0.0025215947313614023,0.00302314930054295,0.00021254686505508966,0,0,0,0
2019-10-15,-0.0005233652384835086,0.002453805618173382,0.0029803873631605833,0.00023666451956306158,0,0,0,0
2019-10-16,0.0014198680831780663,0.0024596870325544118,0.0029351148118311335,0.0002456243880117549,0,0,0,0
2019-10-17,-0.004665848802365091,0.002469862426992147,0.002902043634791662,0.00026181532904066325,0,0,0,0
2019-10-18,-0.0006263765129013166,0.0023844714401548787,0.002861982787272006,0.0002769882443834558,0,0,0,0
2019-10-21,-0.005701577031945071,0.002465347825263643,0.002825648251343133,0.00027906854313907906,0,0,0,0
2019-10-22,0.003690674691935625,0.002400195930916452,0.0027965869575338467,0.0002919588006218858,0,0,0,0
2019-10-23,0.0006077857352686511,0.0024127149131330573,0.0027687367328624547,0.0003010008817291012,0,0,0,0
2019-10-24,0.005881816985391586,0.00248683514769411,0.0027482369767267917,0.0003057419650413395,0,0,0,0
2019-10-25,0.002989130434782661,0.0023156623798311965,0.0027155265983037137,0.0003156184459640156,0,0,0,0
2019-10-28,-9.030976248536327e-05,0.002379240854095008,0.0026853967114422116,0.00031761403983512145,0,0,0,0
2019-10-29,-0.0006121547848426667,0.0024401150432637546,0.002659026085001754,0.00031483930430369707,0,0,0,0
2019-10-30,0.00504081858073846,0.002139215208442582,0.002608918127208228,0.00031377827398743405,0,0,0,0
2019-10-31,-0.002068159338188935,0.0021176269222546447,0.0025586569709365207,0.0003075708435196728,0,0,0,0
2019-11-01,0.016789811978134228,0.0037683138955473473,0.0025908742262062156,0.00039204793231755727,1,1,1,0
2019-11-04,0.006735001329276402,0.003835014695660832,0.002632919667762335,0.0004740787972437006,1,1,0,0
2019-11-05,0.0018680985495338476,0.003828650559102846,0.002674122746655684,0.0005393926323895724,1,0,0,0
2019-11-06,0.0005564558642638939,0.0038223068657182438,0.0027132555793086084,0.0005930311386464662,0,0,0,0
2019-11-07,-0.000858611975685819,0.0038073913388527833,0.0027502995022214874,0.000637715082049214,0,0,0,0
2019-11-08,-0.0015038621915373085,0.003818354806031787,0.002816320381752225,0.0006773326271836873,0,0,0,0
2019-11-11,-0.005613746833709854,0.0038387578180589183,0.002882178536087102,0.0007103957177968798,0,0,0,0
2019-11-12,0.001553970985984865,0.003804989728697972,0.002949737741613331,0.0007314503133392628,0,0,0,0
2019-11-13,-0.005459919672404889,0.003799128034784501,0.0030167097917248352,0.0007454063081215118,0,0,0,0
2019-11-14,-0.0004640737778568438,0.0038555049796941,0.003085991919359933,0.0007562203724483285,0,0,0,0
2019-11-15,-0.002242418255457901,0.003810199353497173,0.0031572783150270478,0.0007538053009540909,0,0,0,0
2019-11-18,-0.007049295565478286,0.003862438857061436,0.0032271328666169372,0.0007510384608206362,0,0,0,0
2019-11-19,0.005424215532799703,0.003884352368794684,0.003301340688510849,0.0007382444818556867,0,0,0,0
2019-11-20,-0.0077254921406259,0.003914921333309741,0.0033764510095196836,0.00071924988767107,0,0,0,0
2019-11-21,-0.01266290877108811,0.00435318125693568,0.003469768314981762,0.0007188261931061339,0,0,0,0
2019-11-22,-0.010233932927755096,0.004530449182508341,0.003580507655115618,0.0007020770008052875,0,0,0,0
2019-11-25,-0.001462496676143843,0.004466463027234417,0.003684868763772589,0.000668438099337979,0,0,0,0
2019-11-26,0.00045065806319444235,0.004474564178424638,0.0037865912205306334,0.000622247125527135,0,0,0,0
2019-11-27,0.0014127908762373576,0.004536890831980282,0.003906475001707518,0.0005087806673163153,0,0,0,0
2019-11-28,-0.007953627692527832,0.0045544013335077444,0.004028313722270174,0.00031129907643300735,0,0,0,0
2019-11-29,0.00037098486175657364,0.0036978616366484286,0.0040247911093252275,0.00031477524811818945,0,0,0,0
2019-12-02,-0.011784702549575088,0.004044792455690276,0.0040352799973267,0.00031159777640687195,0,0,0,0
2019-12-03,-0.006129405510210462,0.004020298938716883,0.0040448624163074015,0.0003078330514109336,0,0,0,0
2019-12-04,0.013079093378643547,0.004329566140942172,0.004070225380068598,0.00030942410024075324,0,0,0,0
2019-12-05,-0.002722849156227336,0.0042511774088901345,0.004092414683570465,0.00030547088775933313,0,0,0,0
2019-12-06,0.00030105785501466364,0.004315211518517839,0.004117257519194768,0.0003021957439571033,0,0,0,0
2019-12-09,0.0025945452281124215,0.004352802288919174,0.004142959742737781,0.00029910658677227247,0,0,0,0
2019-12-10,-0.005962362586174774,0.004277202597650218,0.004166570386185393,0.00028950760546190066,0,0,0,0
2019-12-11,0.0015411850463395993,0.004357262379206311,0.004194477103406483,0.0002789314456488605,0,0,0,0
2019-12-12,0.006643931044521656,0.00423008188892612,0.004213205948868084,0.0002673064950000306,0,0,0,0
2019-12-13,-0.0020554241507173554,0.004237599038649411,0.0042345759331256965,0.0002499104750745797,0,0,0,0
2019-12-16,-0.004874868037011648,0.0042203228951484826,0.004252470135030049,0.00023417972876922058,0,0,0,0
2019-12-17,-0.007738150956348111,0.004256356050173715,0.004271070319099001,0.00021758819573396702,0,0,0,0
2019-12-18,-0.003039736695910955,0.004249702962095797,0.004287809400538303,0.00020099206091292205,0,0,0,0
2019-12-19,0.001188060517489653,0.003945857061611548,0.004267443190772097,0.00021422082002779875,0,0,0,0
2019-12-20,0.004358053472790946,0.0037144571077662174,0.0042266435870349905,0.00023789094559672675,0,0,0,0
2019-12-23,0.003157641597222982,0.0036657266230011097,0.004186606766823325,0.00026160491254957933,0,0,0,0
2019-12-24,-0.0005732570380329038,0.0036589274187943856,0.004145824928841813,0.0002774477980666388,0,0,0,0
2019-12-25,0.002127482062406205,0.0036318740120032827,0.004100574087842963,0.000284033778985241,0,0,0,0
2019-12-26,-0.002424759605378135,0.003557594925176081,0.004050733767426379,0.0002876414632184248,0,0,0,0
2019-12-27,0.0051325384157980825,0.0034502650950579404,0.004038353940346856,0.0003082201280469306,0,0,0,0
2019-12-30,0.0015775653599858774,0.00302465794422562,0.003987347214773622,0.0003825467082819943,0,0,0,0
2019-12-31,-0.004186398350310316,0.002978823477805156,0.0039352734417280365,0.0004438052234853259,0,0,0,0
2020-01-02,0.0059105713899207935,0.0021008904190183784,0.0038238396556318456,0.0005939804630466691,0,0,0,0
2020-01-03,-0.0015827531629201141,0.002135569977119703,0.003718059284043325,0.0006938561291377007,0,0,0,0
2020-01-06,-0.009687713699566891,0.0024402918630440124,0.0036243133012696335,0.0007344035473269715,0,0,0,0
2020-01-07,0.00323292773517192,0.0024275908150468714,0.003528052727576018,0.0007596311216688771,0,0,0,0
2020-01-08,-0.010324545302853316,0.002795475577151732,0.003453966376551094,0.0007549631355405174,0,0,0,0
2020-01-09,0.011770532571813819,0.0032134071052155786,0.0033967736128515573,0.0007256910403448487,0,0,0,0
2020-01-10,0.00873821798677299,0.0033166892497575196,0.003351103980893127,0.0006987288741283378,0,0,0,0
2020-01-13,-0.0027877010758460274,0.0032900788937471697,0.003303727973648015,0.0006668535546586835,0,0,0,0
2020-01-14,0.0012010270852313987,0.003382283912470502,0.0032618260245141162,0.0006316265103281475,0,0,0,0
2020-01-15,0.0005791106514994038,0.0034044221289497145,0.003219229328452916,0.0005882643081755575,0,0,0,0
2020-01-16,0.006976311546570857,0.0034485975547630028,0.003179174058086276,0.0005396728253067418,0,0,0,0
2020-01-17,0.004772608307417547,0.003366370703709313,0.0031501997401911647,0.0005111461807290968,0,0,0,0
2020-01-20,-0.0003370924246138829,0.0034963200408897714,0.0031392928868473426,0.0005006927642934548,0,0,0,0
2020-01-21,0.00790901566475588,0.0035713667515413013,0.0031345748932743523,0.0004958926983268746,0,0,0,0
2020-01-22,0.005160335371108271,0.003444773348385889,0.0031238671897539268,0.0004861917646937799,0,0,0,0
2020-01-30,-0.03215460028644623,0.006959485984304395,0.003290247788368983,0.0009838569842264405,1,1,1,1
2020-01-31,-0.02392713478813646,0.00792024566687447,0.0035083803254539027,0.0014291198346040614,1,1,1,0
2020-02-03,-0.009053831863509276,0.007909756146034761,0.0037313548780027435,0.001734778390879984,1,0,0,0
2020-02-04,0.0010235524813066998,0.007932869652339336,0.003976765463408428,0.001961852561362859,1,0,0,0
2020-02-05,-0.00342270393610955,0.00795180788491007,0.004225414683763674,0.002136117842802397,0,0,0,0
2020-02-06,0.013640634618915515,0.008056250332155486,0.00452318267942053,0.002237072477911872,0,0,0,0
2020-02-07,0.002354721162656892,0.008026112434346519,0.004817709802281871,0.0022932425915114683,0,0,0,0
2020-02-10,-0.010651076268934356,0.008039951764901191,0.00509769279737473,0.002329255446251508,0,0,0,0
2020-02-11,0.004233236276900865,0.008011791949853284,0.005376902854115051,0.002327032805761339,0,0,0,0
2020-02-12,0.003220387944408154,0.008063002961991849,0.005640279223357057,0.002317559704204355,0,0,0,0
2020-02-13,0.0005972186673492974,0.008152397647757208,0.005887228750484137,0.0023084732479089673,0,0,0,0
2020-02-14,-0.0008420020463846267,0.008261248022731189,0.006134456689132821,0.0022833238364181555,0,0,0,0
2020-02-17,-0.002858819137020685,0.008259471402464066,0.006382926314568665,0.0022272031846768325,0,0,0,0
2020-02-18,-0.007317308000898692,0.008155948793241777,0.006621609558607229,0.0021429026865417986,0,0,0,0
2020-02-19,0.0008944640220707178,0.008143071823573102,0.006858542043338399,0.002027318931826804,0,0,0,0
2020-02-20,0.010088720444463517,0.008170932999609345,0.007094658815580716,0.0018788300528139077,0,0,0,0
2020-02-21,-0.005372389754085161,0.008162562677149508,0.007334468414252726,0.0016726933610183873,0,0,0,0
2020-02-24,-0.03188331243502773,0.009665423600466528,0.0076429235922315635,0.0014860621883929555,0,0,0,0
2020-02-25,0.00700732835920026,0.009672047665158053,0.007947957637912402,0.0012060830412084888,0,0,0,0
2020-02-26,-0.01506040652104601,0.009729931674681107,0.008262215554227164,0.0006712004840689329,1,0,0,0
2020-02-27,0.002756788731765658,0.008191345026505216,0.008323808506337203,0.0005978794179972047,0,0,0,0
2020-02-28,-0.01808690619295672,0.007674343493794669,0.008311513397683214,0.0006090395637487564,0,0,0,0
2020-03-02,0.0025391355603667787,0.007743681450238295,0.00830320966289339,0.0006158989922771433,0,0,0,0
2020-03-03,0.0069875513042299,0.007607248650230619,0.008286928612787955,0.000630338604116479,0,0,0,0
2020-03-04,-0.0013923041510874867,0.00767761732484237,0.00827321908478457,0.0006409041180096865,0,0,0,0
2020-03-05,0.004430102207180209,0.0075582131449885015,0.008248317225426221,0.0006591924758245338,0,0,0,0
2020-03-06,-0.0020933382588349536,0.007566759587176669,0.008225349583067728,0.0006751512608943459,0,0,0,0
2020-03-09,-0.06276361841514855,0.014612753150675518,0.008553989652356445,0.0015772264356728963,1,1,1,1
2020-03-10,0.002405773857257376,0.01465321687461108,0.008886060898594334,0.0020770220264252283,1,1,0,0
2020-03-11,-0.031223880597014864,0.015350001968427365,0.00925041084891611,0.00251748079518244,1,0,0,0
2020-03-12,-0.05188882726320332,0.017661134336370655,0.009725847683346781,0.003124018283270567,1,1,0,0
2020-03-13,-0.009710757231069289,0.01743931889879995,0.01018475122715022,0.0035434970180778735,1,0,0,0
2020-03-16,-0.018272992202473137,0.017268333150074276,0.01063519431453073,0.0038455955816975584,0,0,0,0
2020-03-17,-0.002781269221512117,0.017398437723797792,0.01109731876105853,0.004080164632630806,0,0,0,0
2020-03-18,0.002520850653007667,0.017335767818717953,0.011556953560815774,0.00424433066976883,0,0,0,0
2020-03-19,-0.029050637990530315,0.01760042367689153,0.012028428094679883,0.004370265227009782,0,0,0,0
2020-03-20,-0.022329669118659967,0.01749951326151979,0.012495275623898395,0.004433805957458029,0,0,0,0
2020-03-23,-0.060783678300198596,0.019887812789216523,0.013006395083335898,0.004673163874322532,0,0,0,0
2020-03-24,-0.011071273196417541,0.019793304274387906,0.013512457913797387,0.004838187042054478,0,0,0,0
2020-03-25,0.04708666434065001,0.02081972418067322,0.014066947539096994,0.005014150942862104,0,0,0,0
2020-03-26,0.005737051792828796,0.020703857315893824,0.014692573153566424,0.005023053182383749,0,0,0,0
2020-03-27,0.0026648996701283956,0.021049745494230592,0.015361343253588223,0.004928986368872017,0,0,0,0
2020-03-30,-0.04855903226733327,0.021674694861472273,0.01605789392414992,0.004777850244989362,0,0,0,0
2020-03-31,0.00040769486304470526,0.02194976960386257,0.016775019971831517,0.004511649274942294,0,0,0,0
2020-04-01,0.02671577136129688,0.021493395982554946,0.017465808904717148,0.004082705209222505,0,0,0,0
2020-04-03,0.031709862840509695,0.02117460285541323,0.018146628390238385,0.0034261037412939344,0,0,0,0
2020-04-06,0.04980051296665722,0.021324123579788152,0.01883449658986896,0.002424927005568911,0,0,0,0
2020-04-07,0.013491686460807673,0.0196157314788395,0.019084645506277156,0.00221550599355612,0,0,0,0
2020-04-08,0.0017811943376768724,0.01965139678937077,0.01933455450201514,0.001956035551803991,0,0,0,0
2020-04-09,0.016456779230501928,0.019618538846866974,0.01954798134593712,0.0017166122447788948,0,0,0,0
2020-04-10,-0.0031433719569133878,0.01880478071934269,0.019605163665085724,0.0016688343483270635,0,0,0,0
2020-04-13,0.010357020344618162,0.018786347286482433,0.01967251508446985,0.0016026951970341194,0,0,0,0
2020-04-14,0.0021154624635997266,0.01921767323496579,0.019769982088714423,0.001505093107687964,0,0,0,0
2020-04-15,0.012783257971618944,0.018889001122302098,0.01984451025863964,0.001415731460924024,0,0,0,0
2020-04-16,0.004477496719075713,0.018798949351692518,0.01991766933528837,0.0013133721120579833,0,0,0,0
2020-04-17,0.011400025618035103,0.01876727401123126,0.019976011852005354,0.0012281711856727063,0,0,0,0
2020-04-20,0.006800911854103253,0.01894887211163366,0.020048479794511045,0.001111580749458578,0,0,0,0
2020-04-21,-0.03538498308112259,0.016670691367596375,0.019887623723430038,0.001344438265539827,0,0,0,0
2020-04-22,0.0027124302331644756,0.01693244185190896,0.019744580602306095,0.0014983806661366247,0,0,0,0
2020-04-23,0.006489621807210133,0.015465173684573208,0.01947685307750109,0.0017529160230742799,0,0,0,0
2020-04-24,0.003553384760501821,0.015538938799895327,0.019218607151701168,0.0019337635433194008,0,0,0,0
2020-04-27,-0.007583756083743176,0.015379194197438755,0.018935079586861574,0.0020625693480061037,0,0,0,0
2020-04-28,-0.004618757865511025,0.013298415207918983,0.01851626560418391,0.0023123017060653933,0,0,0,0
2020-04-29,0.0024765057806859225,0.013206403182581978,0.01807909728311988,0.0024513305819630397,0,0,0,0
2020-05-04,-0.008633355436803547,0.012808824042696497,0.01764486868612696,0.002580480022155281,0,0,0,0
2020-05-05,0.0022164806484188393,0.012071114903951742,0.017189694288553884,0.002723993769067698,0,0,0,0
2020-05-06,0.02411798576214408,0.008481876889901752,0.016547581954059566,0.0031744797527048785,0,0,0,0
2020-05-07,0.01782542582961688,0.008655447562941175,0.015999567758264648,0.0035417432882063715,0,0,0,0
2020-05-08,0.02158083712054637,0.008885902546221961,0.015461293046107208,0.003768348437859023,0,0,0,0
2020-05-11,0.0179420692367247,0.008946625225682459,0.014927697365047982,0.0039019041652345386,0,0,0,0
2020-05-12,0.00843866574915797,0.00880051531051201,0.014427484094606449,0.004018238580153069,0,0,0,0
2020-05-13,-0.0013288320643586315,0.00904057705647765,0.013940195583106208,0.004052605800409414,0,0,0,0
2020-05-14,-0.002169717457235043,0.009038055291380406,0.01343121468592694,0.003993722967599772,0,0,0,0
2020-05-15,-0.0064512253724171575,0.009050995363918624,0.012939314398007764,0.003890651483502066,0,0,0,0
2020-05-18,0.012067276882337996,0.008974429817658548,0.012448088421306066,0.0037287301288125587,0,0,0,0
2020-05-19,0.010645034109508789,0.008970657514786479,0.011958257596483828,0.0034907914465856465,0,0,0,0
2020-05-20,0.008263192736901903,0.008947838661800784,0.011458205923992184,0.0031348614584278864,0,0,0,0
2020-05-21,0.01151352428743957,0.006733086543983174,0.010961325682811524,0.0030516494252783495,0,0,0,0
2020-05-22,-0.01157952082343261,0.006585417860527706,0.01044397448324246,0.002856939987686392,0,0,0,0
2020-05-25,0.007387949433590446,0.006567023762921863,0.009999066987159893,0.002723576089962855,0,0,0,0
2020-05-26,0.01174566958465273,0.006429344646909539,0.009543587279510605,0.0025009784426549,0,0,0,0
2020-05-27,-0.013404208806507611,0.006449286526729325,0.009097091895975132,0.0021809727035574157,0,0,0,0
2020-05-28,0.004559873116574131,0.0064519912210123515,0.008754770696629801,0.0020180496144123856,0,0,0,0
2020-05-29,0.0035756161552840116,0.006386940385063848,0.008413797556753895,0.001789476483726878,0,0,0,0
2020-06-01,0.016426249609587273,0.006518052985646395,0.008099259003901389,0.0015068474457858312,0,0,0,0
2020-06-02,-0.004404383898391928,0.006385868597071767,0.007814996688557391,0.0012287169471811,0,0,0,0
2020-06-03,0.007281664380429875,0.005594544359196567,0.007670630062022131,0.0013129718455390513,0,0,0,0
2020-06-04,0.0030981535912479874,0.005468368400271261,0.007511276103888636,0.001378905430016128,0,0,0,0
2020-06-05,0.0026247313044462928,0.004811619162387456,0.00730756193469691,0.001463499483122117,0,0,0,0
2020-06-08,0.015458915393468775,0.0045744306410270665,0.0070889522054641396,0.001530779951307106,0,0,0,0
2020-06-09,-0.0005444928438083085,0.004876220636170847,0.006892737471747084,0.0015512166062020805,0,0,0,0
2020-06-10,0.0006337346986424741,0.004926438068773268,0.006687030522361864,0.001523949123817132,0,0,0,0
2020-06-11,-0.036255555555555596,0.007908794295380505,0.0066305674725618685,0.0014514534537625383,0,0,0,0
2020-06-12,-0.004438705512065266,0.007960865702343278,0.006576060989483101,0.0013741873868484556,0,0,0,0
2020-06-15,-0.0359574763757643,0.009943993489704076,0.006624539173085378,0.0014765397336102702,1,0,0,0
2020-06-16,0.028421444616622882,0.010722558983048556,0.006712134246498481,0.0016632127956003708,1,0,0,0
2020-06-17,-0.001973999275810878,0.010909332394566658,0.006810208933136776,0.001849395127913988,1,0,0,0
2020-06-18,0.0009713964702027233,0.011138754232146414,0.007030492317544937,0.002086861728423697,0,0,0,0
2020-06-19,0.015538952611455992,0.01119330724583771,0.007260886786810439,0.002280514141282464,0,0,0,0
2020-06-22,0.003131620152896808,0.011300248218479214,0.007497548009588305,0.0024444240998174175,0,0,0,0
2020-06-23,-0.0035350289229638676,0.01140215093301305,0.00774618832389348,0.00257924305361924,0,0,0,0
2020-06-24,-0.009778852798894233,0.011375841631249103,0.00799251607911947,0.0026820679518005405,0,0,0,0
2020-06-25,-0.005955496620953626,0.01134540295452683,0.008237186665795194,0.002756309900693731,0,0,0,0
2020-06-26,-0.0030540961162662805,0.011361534382792133,0.008485916365681608,0.0028045869307431978,0,0,0,0
2020-06-29,-0.0265499190121834,0.011877898376676169,0.008753908635233097,0.002862140418595986,0,0,0,0
2020-06-30,-0.005124433297964748,0.011859589427795476,0.009027594676769283,0.002885395770680671,0,0,0,0
2020-07-01,0.02227581776975196,0.012115508813842471,0.009353642899501576,0.0028451981401707302,0,0,0,0
2020-07-02,-0.0013159610665212096,0.012185100424960432,0.009689479500736035,0.0027575157203285493,0,0,0,0
2020-07-03,0.006208599444431195,0.012078597966140834,0.010052828440923704,0.0025520670932848103,0,0,0,0
2020-07-06,0.015986125694600117,0.01208859415065075,0.01042853661640489,0.002236729866667861,0,0,0,0
2020-07-07,0.0026243671327046414,0.011999065545137499,0.010784678861853221,0.0018375878328338422,0,0,0,0
2020-07-08,0.0012508396840471558,0.01197044824813863,0.01113687937082149,0.0012304045483968185,0,0,0,0
2020-07-09,0.013834586466165533,0.01049009697638819,0.011265944504871875,0.0009848497009699434,0,0,0,0
2020-07-10,-0.005990005248385555,0.010449382920696177,0.011390370365789519,0.0006432745492702029,0,0,0,0
2020-07-13,-0.0028580939153590723,0.008670625602980153,0.011326701971453322,0.0008299071916230081,0,0,0,0
2020-07-14,-0.0007021825214108546,0.007510074731468844,0.011166077758874337,0.001187031347359425,0,0,0,0
2020-07-15,0.002073469951964668,0.007506301219496907,0.01099592620012085,0.0014422358382555273,0,0,0,0
2020-07-16,0.007954845903599406,0.007350468837354768,0.010806511930381266,0.0016554891831533538,0,0,0,0
2020-07-17,-0.0054856699702336975,0.007132991135921545,0.010603496124885458,0.0018438101332333273,0,0,0,0
2020-07-20,-0.012178619756427644,0.007142626911920468,0.010395615059557523,0.0019897228294644483,0,0,0,0
2020-07-21,0.00033666124912934414,0.007276209553504371,0.010189317990582088,0.002091176305298967,0,0,0,0
2020-07-22,-0.0076709721593613,0.00725787961979894,0.009983419890009579,0.0021694646498555403,0,0,0,0
2020-07-23,0.0019530336342796772,0.0073563937088809124,0.009783969427727284,0.0022204269317158817,0,0,0,0
2020-07-24,-0.032203093084330336,0.009146565740146913,0.009673220995595023,0.002192665853917652,0,0,0,0
2020-07-27,-0.05305369289401318,0.012980778381123697,0.009728364995817399,0.0022637463555202847,0,0,0,0
2020-07-28,0.03590305284205986,0.014138441398159833,0.009842307594335617,0.002428053169239132,0,0,0,0
2020-07-29,-0.0276876167994492,0.014402969105001013,0.009956680608893544,0.0025892893514153715,0,0,0,0
2020-07-30,0.013011481462748442,0.014188006691752167,0.010056825922233132,0.0027156626740842127,0,0,0,0
2020-07-31,-0.003420169011271623,0.014266036118792458,0.010166197829865711,0.002842462751934617,0,0,0,0
2020-08-03,0.02036598654792776,0.014358769897334011,0.010279706617199876,0.0029659174799295794,0,0,0,0
2020-08-04,0.015859571595163713,0.014182220418860145,0.010388864360886008,0.0030708457093858985,0,0,0,0
2020-08-05,0.01236149207921966,0.013904845334634215,0.010485584215210786,0.0031526546379465506,0,0,0,0
2020-08-06,0.0026736691334448004,0.01412331514945881,0.010667245123864317,0.0032559132143440755,0,0,0,0
2020-08-07,0.0016903956954432697,0.01427058971144918,0.010858305463401968,0.003353121040541264,0,0,0,0
2020-08-10,0.0020678344781688285,0.014301129299209885,0.011139830648213455,0.003395871779683301,0,0,0,0
2020-08-11,-0.00014231499051231555,0.014326854387818803,0.011480669631030952,0.0033542237771317478,0,0,0,0
2020-08-12,0.004554727902452704,0.014238596771660133,0.011817284408639113,0.0032711650384500378,0,0,0,0
2020-08-13,0.009599489916402915,0.014212476390738282,0.012160384786308289,0.003135031598656234,0,0,0,0
2020-08-14,-0.005040640898193005,0.014225385635646416,0.012515004511294534,0.0029309103846283163,0,0,0,0
2020-08-17,-0.000693513882032204,0.014493352261889329,0.012882540778792976,0.002671134576258733,0,0,0,0
2020-08-18,-0.004375698406163697,0.014342085324850998,0.013235834567360305,0.0023369709254175254,0,0,0,0
2020-08-19,0.005647247852746284,0.014386625194708258,0.013592271846105775,0.0018752494859704887,0,0,0,0
2020-08-20,-0.003524394685212817,0.014329509637595043,0.01394092764254148,0.0011707122930559866,0,0,0,0
2020-08-21,0.007745723346812561,0.013602099465740519,0.014163704328821159,0.0003385019344112056,0,0,0,0
2020-08-24,0.016261494185638492,0.009573718272446984,0.013993351323387327,0.0010579359970484992,0,0,0,0
2020-08-25,0.0062623750978496595,0.007322220137115835,0.013652540260335124,0.001827066090237803,0,0,0,0
2020-08-26,-0.0007436049970255265,0.005873590836286169,0.013226071346899381,0.002510364153415364,0,0,0,0
2020-08-27,0.0014196251731599663,0.0058000824672994585,0.012806675135676748,0.0029950728228103902,0,0,0,0
2020-08-28,0.004881617907649405,0.005772057438967303,0.012381976201685489,0.00335753270183519,0,0,0,0
2020-08-31,0.00303761177728723,0.00476080692166804,0.01190207805290219,0.003725841157230734,0,0,0,0
2020-09-01,0.011433108376339929,0.00433416373612891,0.011409675218765628,0.004045667085225389,0,0,0,0
2020-09-03,0.013726127863815218,0.004461578308025898,0.010937511867435213,0.004283213459739397,0,0,0,0
2020-09-04,-0.0026881423056075437,0.004461135141402706,0.01045440286703241,0.004446753162716774,0,0,0,0
2020-09-07,-0.014741442420746709,0.004846777998980207,0.009983212281408959,0.004519783549674146,0,0,0,0
2020-09-08,0.0021277793414016255,0.004844282260203795,0.009510369929458654,0.00453891373496988,0,0,0,0
2020-09-09,-0.0009212034062057173,0.0047981965798030695,0.009033937039057867,0.004506716094283081,0,0,0,0
2020-09-10,-0.000562227319749975,0.004941155489609917,0.008569064974955357,0.004420285572428695,0,0,0,0
2020-09-11,0.0001687630791387118,0.005006198537228797,0.008108751082279882,0.004278758511187271,0,0,0,0
2020-09-14,0.006299425177452633,0.005010675518538419,0.007648015576424483,0.004076808758125137,0,0,0,0
2020-09-15,0.001889175805135368,0.004958895530390572,0.0071712927398495455,0.0037809387749783434,0,0,0,0
2020-09-16,0.0013500546716354034,0.005038042634147791,0.006706090605314384,0.0034060062395977965,0,0,0,0
2020-09-17,-0.0038218547695187954,0.005047404173411217,0.006239129554249533,0.0029002383587676253,0,0,0,0
2020-09-18,0.007728960672900742,0.0050623445959705315,0.005775771302168307,0.0021939249107391996,0,0,0,0
2020-09-21,0.007758477162994604,0.005062657683842435,0.005348799213073402,0.0011934875691517427,0,0,0,0
2020-09-22,-0.0019274401392161966,0.004416114654376528,0.00509091903216988,0.0006787664760195416,0,0,0,0
2020-09-23,0.006963219633851603,0.0044321297251740015,0.004946414511572789,0.00044670856218220225,0,0,0,0
2020-09-24,-0.0042958904109589025,0.0043349471329886145,0.004869482326407911,0.00040957535433470916,0,0,0,0
2020-09-25,-0.00034119174976343647,0.004386746374804714,0.004798815521783173,0.0003594168433152376,0,0,0,0
2020-09-28,0.004657205456527258,0.0043869029760253055,0.004729557798636074,0.000288459460765122,0,0,0,0
2020-09-29,-0.00933698630136981,0.004477257329452339,0.004715380319025289,0.00029376210838121664,0,0,0,0
2020-09-30,0.001360649571893191,0.004294529063763571,0.004713398585407022,0.00029658925174020435,0,0,0,0
2020-10-01,0.009809878370764746,0.003932103343385366,0.0046869248371749946,0.0003406132331162961,0,0,0,0
2020-10-02,-0.004572853876533056,0.003910497107159078,0.004659392935462814,0.0003798219138025312,0,0,0,0
2020-10-05,0.005242276708685489,0.0030975608544275466,0.00457193207823518,0.0005125913163458073,0,0,0,0
2020-10-06,0.001082345738400381,0.0031403514865770495,0.004486735539553843,0.000599224352106767,0,0,0,0
2020-10-07,0.004422990815468486,0.0030558796186315345,0.004399619691495266,0.0006735953777729163,0,0,0,0
2020-10-08,-0.000956812943069596,0.0030324802795776654,0.004304185930993654,0.0007260035168934996,0,0,0,0
2020-10-09,0.005615776413739004,0.0028928244197050416,0.004198517225117466,0.0007708622353707745,0,0,0,0
2020-10-12,0.0019805194805195825,0.002910351331801074,0.0040935010157805984,0.0007970189630959793,0,0,0,0
2020-10-13,0.004352850955358978,0.002856554155845058,0.003988383947053324,0.0008153037286411887,0,0,0,0
2020-10-14,0.011098444927193363,0.0031310392232056605,0.0038930337765062163,0.0007974006040826976,0,0,0,0
2020-10-15,0.002744155374502899,0.00315910841332076,0.003798618988501694,0.000764642989486118,0,0,0,0
2020-10-16,0.0005727862870719136,0.0032161391795673864,0.0037063087176815368,0.0007138021147312368,0,0,0,0
2020-10-19,0.00041344217110150794,0.0032383060967038717,0.0036150911383246082,0.0006445596914280403,0,0,0,0
2020-10-20,0.000773559113691924,0.0032887000413244294,0.003558720407672004,0.0006196359716508016,0,0,0,0
2020-10-21,-0.0057072065394633276,0.0032413853683470172,0.003499183189830654,0.0005876800998317718,0,0,0,0
2020-10-22,0.011575775001863686,0.0036617657506578267,0.0034655241207141147,0.0005557007504400794,0,0,0,0
2020-10-23,0.011959153595115346,0.003908735213654943,0.003441623562656626,0.0005233306318651181,0,0,0,0
2020-10-26,-0.010881551297255765,0.004128987400888126,0.0034287277838997675,0.0005015352172812321,0,0,0,0
2020-10-27,-0.0045540597391668936,0.0040151095419436586,0.0034056203945243336,0.0004595744163261165,0,0,0,0
2020-10-28,-0.02685769226705559,0.0062371265153125695,0.003502750267101783,0.0007626666611844559,1,1,1,1
2020-10-29,-0.002138863253894896,0.006243115199551483,0.003618300859910089,0.0009762917325666417,1,1,0,0
2020-10-30,0.00695260477869164,0.006239665163366922,0.0037347592627204806,0.0011384358236612455,1,0,0,0
2020-11-02,0.008871168163203436,0.006269342831304538,0.0038933483615643306,0.0012594854500000154,0,0,0,0
2020-11-03,0.0018528832148059227,0.006238688732016458,0.004048265223836301,0.0013493351355327624,0,0,0,0
2020-11-04,0.004650367218652862,0.006235459300881353,0.004207244207948792,0.0014121074814679184,0,0,0,0
2020-11-05,-0.002138843960160064,0.006188316556508226,0.00436503602179532,0.0014497461751997716,0,0,0,0
2020-11-06,0.0005758464409491015,0.006318237272759111,0.004536306664448023,0.0014688776765086737,0,0,0,0
2020-11-09,0.014601029532447463,0.006519272531187113,0.004716752724417325,0.0014802495916156069,0,0,0,0
2020-11-10,-9.453880818077742e-05,0.006666585316746403,0.004907254282462392,0.0014734015382837898,0,0,0,0
2020-11-11,0.00033616976573180857,0.006705922065390526,0.005085998424571636,0.0014633883942694807,0,0,0,0
2020-11-12,0.00741425300875842,0.006671005588758343,0.0052615932833435155,0.0014303344799049085,0,0,0,0
2020-11-13,0.00730756400633803,0.006543632685447478,0.00542796795863752,0.001372232327460026,0,0,0,0
2020-11-16,-0.016040733113247607,0.006711611783294781,0.005601633242967066,0.0012983256308222448,0,0,0,0
2020-11-17,0.019047318545630576,0.007018344841244982,0.005788115482963092,0.0012137206535040843,0,0,0,0
2020-11-18,0.004778614924140667,0.0070385920600048325,0.005977975817545984,0.0010844876823494112,0,0,0,0
2020-11-19,0.009994555894528245,0.007006675638510753,0.00614522131193863,0.0009591698787572973,0,0,0,0
2020-11-20,0.006854748489717899,0.006949613273118033,0.006297265214911784,0.0008163770949092919,0,0,0,0
2020-11-23,0.004232323232323365,0.0069533387865858805,0.006438482784196673,0.0006486064201089958,0,0,0,0
2020-11-24,0.0015791750067892796,0.007050026573888957,0.0065902286357939375,0.0003271750973206931,0,0,0,0
2020-11-25,0.004197798666345287,0.005363251775387398,0.0065465348987976775,0.0004215532430166957,0,0,0,0
2020-11-26,0.00603036182170924,0.005278737011700313,0.0064983159894051205,0.0005049847471087722,0,0,0,0
2020-11-27,0.004224778074892965,0.005298301037073788,0.006451247783090463,0.0005700419936762112,0,0,0,0
2020-11-30,-0.007067767416998216,0.005266435850478043,0.006401102434049138,0.0006280466124211369,0,0,0,0
2020-12-01,0.005772221557602597,0.00517012327158464,0.006347674161027547,0.0006854214332016582,0,0,0,0
2020-12-02,0.005402083519184808,0.005159862519455781,0.00629389432195627,0.0007350870761150902,0,0,0,0
2020-12-03,0.005402634277151153,0.0050693353401147605,0.006237945261136596,0.0007844709671350041,0,0,0,0
2020-12-04,0.0016571876838595845,0.005007681520746395,0.00617241747353596,0.0008307803405964228,0,0,0,0
2020-12-07,0.008311388266160291,0.0046646349205080725,0.006079685593002008,0.0008913277876279948,0,0,0,0
2020-12-08,-0.000699042699858321,0.004624179039824533,0.005977565279155915,0.0009364073603425212,0,0,0,0
2020-12-09,0.009589413753570586,0.004454004229623078,0.005864969387367542,0.000978653589382574,0,0,0,0
2020-12-10,-0.007910463560863445,0.00445910117751151,0.0057543741668052,0.0010073320448100605,0,0,0,0
2020-12-11,0.014598752558419248,0.0047882525793616695,0.00566660516150091,0.0010114094664626775,0,0,0,0
2020-12-14,0.017333358828253376,0.004921175627555135,0.005577083353713928,0.00099311780022239,0,0,0,0
2020-12-15,-0.008288772566230285,0.004077644104776487,0.005430048316890502,0.0009861694549057542,0,0,0,0
2020-12-16,0.011106162403934583,0.004165549673382933,0.005286396197559408,0.0009480422736562531,0,0,0,0
2020-12-17,-0.014264426095839777,0.004427599955194695,0.005157442413393605,0.0008742662174969872,0,0,0,0
2020-12-18,0.01491771014575427,0.004747525057481173,0.005047338002611762,0.0007690110937819254,0,0,0,0
2020-12-21,0.01275926030015162,0.0048088878769782396,0.00494011545713138,0.0006253533390076627,0,0,0,0
2020-12-22,0.0021922521922523863,0.0047672047241033135,0.004825974364642098,0.00038029618613853375,0,0,0,0
2020-12-23,-0.004199547741012499,0.0047671296512533,0.004796168258435393,0.00035871893406598537,0,0,0,0
2020-12-24,-0.010547780146445529,0.004771604111867312,0.004770811613443743,0.00034026133967380234,0,0,0,0
2020-12-25,0.015831085131894573,0.004950736482358863,0.004753433385707996,0.00032018626295226963,0,0,0,0
2020-12-28,0.006372069862230267,0.00496665117060062,0.004738444151714125,0.0003013707603690853,0,0,0,0
2020-12-29,0.007477115079765229,0.004925364440251821,0.004726206210147485,0.0002875723576096645,0,0,0,0
2020-12-30,-0.0017735495547935853,0.005125426214066842,0.0047244843948780375,0.0002849301743024505,0,0,0,0
2020-12-31,0.005767443555587892,0.005113478332219052,0.004726691544483252,0.0002878976023192493,0,0,0,0
2021-01-04,0.015038002663357197,0.005006762215516427,0.004726645579221754,0.0002878504482648097,0,0,0,0
2021-01-05,0.01078119003632394,0.005007688073749807,0.004743798236883841,0.0002941137462917669,0,0,0,0
2021-01-06,0.00941238797404087,0.004553514522318189,0.004740265011008523,0.00029604449215934873,0,0,0,0
2021-01-07,0.011616413432352646,0.0045662468043917905,0.00474587713974696,0.0002913590357829476,0,0,0,0
2021-01-08,0.009684476303297052,0.00453842956702948,0.004749843559222857,0.00028776736402464346,0,0,0,0
2021-01-11,0.014729936883933314,0.004545214146379676,0.004737691637573758,0.0002911714651227949,0,0,0,0
2021-01-12,0.006236865869405417,0.004299869086496391,0.004706626310520821,0.0003034500514424105,0,0,0,0
2021-01-13,-0.005225282651726171,0.00440420526226784,0.0047229543683953885,0.0002753050467440331,0,0,0,0
2021-01-14,0.0011382319463766333,0.004761954786090657,0.0047527746240307745,0.0002420418180623073,0,0,0,0
2021-01-15,0.005726798046151282,0.004646296263659082,0.004763709439453994,0.00023127885473865203,0,0,0,0
2021-01-18,-0.0018924803215542019,0.004622724266783201,0.0047574693999190955,0.00023341226089209805,0,0,0,0
2021-01-19,-0.0511267345671762,0.010701239491290067,0.005052086980634687,0.0013499495711657128,1,1,1,1
2021-01-20,0.0032537577365163717,0.010663887485046387,0.0053469211186818405,0.0018395868625317425,1,1,0,0
2021-01-21,0.026024958578630075,0.011156120949174312,0.005666370683577891,0.002243906376527956,1,0,0,0
2021-01-22,0.002207505518763808,0.011327796894727895,0.00599418032272092,0.002562576386969069,1,0,0,0
2021-01-25,-0.0006256535079449677,0.01146524296558045,0.006319905646881998,0.002823687107126391,0,0,0,0
2021-01-26,-0.02566785300801855,0.01196220345611044,0.00666968326115749,0.003069787477656597,0,0,0,0
2021-01-27,-0.034283350350314934,0.013028066803679865,0.007074818379328893,0.0033494069533741137,0,0,0,0
2021-01-28,-0.0667444425203022,0.01760953029861702,0.007699023583556402,0.0040557911455857175,1,0,0,0
2021-01-29,0.031906166376935996,0.01782879820831145,0.00833478957736102,0.004590509180791381,1,0,0,0
2021-02-01,-0.019969525179583725,0.017839194792368635,0.008976411206203632,0.0049810541175515834,0,0,0,0
2021-02-02,0.038647622910449986,0.018414075096129037,0.009646730557322594,0.005310066299838901,0,0,0,0
2021-02-03,0.033248723884968356,0.01857879964742506,0.010347994813577937,0.005523847131798643,0,0,0,0
2021-02-04,0.0008098696109926085,0.018973039585912874,0.011068334452653992,0.00566768243243954,0,0,0,0
2021-02-05,0.013235148670640795,0.01889816794277387,0.01178632137144121,0.005706350983087089,0,0,0,0
2021-02-08,-0.03880522845657597,0.019363835550296967,0.012527252441637073,0.005678639104813808,0,0,0,0
2021-02-09,0.029311841060580823,0.019165803087750635,0.013270549141699789,0.005515636231343995,0,0,0,0
2021-02-17,0.036639071511215926,0.01904935891021548,0.014002806824097169,0.0052419420867577905,0,0,0,0
2021-02-18,0.01609302808492985,0.018426780793212364,0.014686048124453255,0.0048499756145798465,0,0,0,0
2021-02-19,-0.0007493315621861507,0.018715237347245853,0.015389495178632593,0.004307056627054578,0,0,0,0
2021-02-22,0.0013123135918193807,0.01875100816358218,0.016095909373472543,0.0035382123970843877,0,0,0,0
2021-02-23,0.0022126906318082895,0.018142605363072505,0.016467977667061665,0.0033259569054791376,0,0,0,0
2021-02-24,-0.013272307326517518,0.01775853639840454,0.016822710112729573,0.0030404221853904245,0,0,0,0
2021-02-25,0.002943176048398888,0.01819957549881617,0.017174882840211667,0.0027428777356916824,0,0,0,0
2021-02-26,0.002608479273744413,0.018178648946715285,0.017517425442811034,0.0023777102080616416,0,0,0,0
2021-03-01,0.015148014069680915,0.017626593291334904,0.01782549295909876,0.001904309569958996,0,0,0,0
2021-03-02,0.0003709417705723972,0.018186373046714565,0.018136701438628965,0.0013122211004661958,0,0,0,0
2021-03-03,0.00028653053657068384,0.018360735545056583,0.0184033348756978,0.0005254940415228404,0,0,0,0
2021-03-04,-0.01552719154134552,0.014375137149252147,0.018241615218229555,0.001034151623576154,0,0,0,0
2021-03-05,0.0001454831752987218,0.014239022660995249,0.018062126440863746,0.0013674010481259484,0,0,0,0
2021-03-08,-0.0003593767380571933,0.01448423820258323,0.017894378611374474,0.0015847086058170365,0,0,0,0
2021-03-09,-0.00539258904191664,0.013251788950379274,0.017636264304086983,0.001887156317309252,0,0,0,0
2021-03-10,0.006979526149556214,0.012237768924850706,0.01731921276795827,0.0022232120706217476,0,0,0,0
2021-03-11,0.009956584165185411,0.012041251054876195,0.016972623341406434,0.0024775839079447656,0,0,0,0
2021-03-12,-0.00014385688778317807,0.012242738345216832,0.016639851861528582,0.0026465406547351443,0,0,0,0
2021-03-15,0.002539016215850287,0.010264020507732164,0.016184861109400345,0.002921518872553915,0,0,0,0
2021-03-16,-0.003933950158708566,0.008993688348262549,0.015676255372425937,0.003242996767283869,0,0,0,0
2021-03-17,0.005246207305703798,0.005626705499674765,0.015005122701898901,0.0038418113638925755,0,0,0,0
2021-03-18,0.012520129163891447,0.005312648940824174,0.014349416109279492,0.004316846176758703,0,0,0,0
2021-03-19,-0.005737172548170633,0.005214705954624023,0.013674389539648401,0.004641559257606943,0,0,0,0
2021-03-22,0.00031824462962193323,0.005259577816711886,0.012999818022304887,0.0048410168545517775,0,0,0,0
2021-03-23,-0.009192669306698598,0.00527673973544827,0.012356524740923676,0.004974644082535403,0,0,0,0
2021-03-24,-0.01828552114580262,0.005756120996823942,0.011756403970844645,0.005012485947344245,0,0,0,0
2021-03-25,0.0011103364577684793,0.005819607477291882,0.011137405569768432,0.004938800221503015,0,0,0,0
2021-03-26,-0.00076519645774209,0.005886853417682959,0.010522815793316815,0.004778669615965255,0,0,0,0
2021-03-29,0.0115899880400272,0.0056345974468656156,0.00992321600109335,0.004588994892342618,0,0,0,0
2021-03-30,0.009084104518236158,0.005551759862597533,0.0092914853418875,0.004248633218066885,0,0,0,0
2021-03-31,0.004282005462085792,0.005407024787758031,0.008643799804022571,0.0037515933712524673,0,0,0,0
2021-04-01,0.020697643188074766,0.005972707715525215,0.008223678332336224,0.0035405252940790364,0,0,0,0
2021-04-02,0.006866211660225385,0.0057876618431543965,0.007801110291444181,0.00327951859241425,0,0,0,0
2021-04-05,0.009473641226673157,0.005614210951362042,0.007357608928883123,0.002906744087706885,0,0,0,0
2021-04-06,0.003163302455402306,0.00567391622161798,0.006978715292445058,0.002572693835866333,0,0,0,0
2021-04-07,0.0019516758605115925,0.0057894744704128556,0.006656300569723166,0.002264531338113915,0,0,0,0
2021-04-08,-0.006028751267728061,0.005744738922212538,0.0063414749630899825,0.0018818368840118806,0,0,0,0
2021-04-09,-0.0026156175853719876,0.00562277670167265,0.006010476880912774,0.0012729020754529594,0,0,0,0
2021-04-12,0.01687965834727123,0.0059591416747590414,0.005795232939264118,0.0007870236072819431,0,0,0,0
2021-04-13,-0.003289552477144908,0.005981065699867826,0.005644601806844381,0.00024271914248493126,0,0,0,0
2021-04-14,0.006040069532895931,0.0059682569598255375,0.00566167937985192,0.0002531837870721976,0,0,0,0
2021-04-15,-0.006863767746661642,0.0058504328613623,0.005688568575878826,0.0002424961880159529,0,0,0,0
2021-04-16,-0.006847063539787479,0.005840965758619546,0.005719881566078602,0.0002172014191606867,0,0,0,0
2021-04-19,0.017655464152222855,0.0060385518533458546,0.005758830267910301,0.00019943127770861925,0,0,0,0
2021-04-20,0.0061082993542656006,0.006049470476006356,0.005797466804938206,0.00017439952094993637,0,0,0,0
2021-04-22,-0.03190147286088252,0.007786939328479845,0.0058990077215210004,0.0004772712434417816,1,1,1,1
2021-04-23,0.016867293251453752,0.0077799284159237115,0.005997023768452592,0.0006352531326064414,1,1,0,0
2021-04-26,-0.026238856895709373,0.008347982448014574,0.006120080219969173,0.0008233243176569931,1,1,0,0
2021-04-27,0.0032736455086077587,0.008508069246642368,0.00626375380995801,0.0009715248938541324,1,0,0,0
2021-04-28,0.008034433285509346,0.008519236282796269,0.006412127630967946,0.00107784682431831,0,0,0,0
2021-04-29,0.008002927900451429,0.008422030257314425,0.006562877904445767,0.0011389812091250977,0,0,0,0
2021-05-04,0.0022672443702143052,0.008247075362769644,0.006676596286807989,0.0011893799471961455,0,0,0,0
2021-05-05,0.011455482208984069,0.008233230060589408,0.0067988746976797385,0.0012185351987726613,0,0,0,0
2021-05-06,-0.004664008341093484,0.008311531878599046,0.006933740744041589,0.0012297337993547178,0,0,0,0
2021-05-07,-0.00700480580855134,0.008200856830611164,0.007060087774491247,0.0012232788776095297,0,0,0,0
2021-05-10,0.014309757531345335,0.008050552374835755,0.007173141669712393,0.0012040010344297031,0,0,0,0
2021-05-11,-0.0028104606297336687,0.00817203283874083,0.007294506365538807,0.0011744116712519958,0,0,0,0
2021-05-12,0.010389796503295967,0.00797703286304578,0.007412219173607465,0.0011144894735156383,0,0,0,0
2021-05-13,-0.0055945598814898245,0.00790417572290615,0.007509470876014819,0.0010647727234950396,0,0,0,0
2021-05-14,0.003462784966600241,0.007896548406854343,0.007605245011364145,0.001004501212533693,0,0,0,0
2021-05-17,-0.006048832875327648,0.00789631795840496,0.007701648061293117,0.0009287953049815102,0,0,0,0
2021-05-18,-0.004782712322237259,0.00795318898390993,0.0078067858674204975,0.0008209670038343001,0,0,0,0
2021-05-19,0.007831209886004276,0.007936424010087326,0.007911558779993886,0.0006781771112402946,0,0,0,0
2021-05-20,0.012459504629739548,0.00775333359890965,0.007997297867272078,0.0005185209800813566,0,0,0,0
2021-05-21,0.0044671496299542035,0.007801607347582347,0.008084904710850877,0.00025122648425178067,0,0,0,0
2021-05-24,0.01094296418029006,0.005797651512828493,0.007985440320068309,0.0005686577318331045,0,0,0,0
2021-05-25,0.008166535693924226,0.00545675508285149,0.007869281653414698,0.0008021752621497734,0,0,0,0
2021-05-26,0.0062051995292609075,0.0034079485856657347,0.007622279960297256,0.0012707304040440735,0,0,0,0
2021-05-27,-0.009971899445583743,0.0033396744641758713,0.007363860221173931,0.001571134879460875,0,0,0,0
2021-05-28,0.012956726527919571,0.0035596346936714656,0.007115880141717691,0.0017593088805117293,0,0,0,0
2021-05-31,0.005747996910167696,0.0035848142747148984,0.006874019342587715,0.0018973756406571608,0,0,0,0
2021-06-01,0.007326531380595691,0.0033619900981025556,0.006629765079354359,0.0020216787681584677,0,0,0,0
2021-06-02,0.0022425211918253307,0.003468561362584764,0.006391531644454128,0.0021019229465772974,0,0,0,0
2021-06-03,0.017527111084592484,0.004079325584444028,0.006179921329746377,0.002111470413724349,0,0,0,0
2021-06-04,0.007161286539419942,0.004077440853840588,0.005973750530907848,0.0021050560030013363,0,0,0,0
2021-06-07,-0.011113132709872242,0.00387557958598234,0.0057650018914651765,0.0020952534109451846,0,0,0,0
2021-06-08,-0.028628622735100473,0.005884270613227689,0.00565061378018952,0.0020179508172022205,0,0,0,0
2021-06-09,0.009864533139376297,0.005879622534620308,0.0055457432637682465,0.0019438248684993525,0,0,0,0
2021-06-10,-0.006992272488558937,0.005843646335090333,0.0054427167943774555,0.0018652627975734512,0,0,0,0
2021-06-11,0.021275631242539284,0.0062661797969805685,0.005361198363883767,0.001786334049921667,0,0,0,0
2021-06-14,0.0073830766271620885,0.006227926322268087,0.0052777787820769235,0.0016985133884328087,0,0,0,0
2021-06-15,0.004141820638604132,0.00625858211642975,0.005193048438702915,0.0015972769211489196,0,0,0,0
2021-06-16,-0.007927685466885048,0.006256761875885457,0.005109065331992821,0.001485701875605651,0,0,0,0
2021-06-17,0.002506413469760993,0.006454032820821925,0.005044100293088435,0.0013892683601425797,0,0,0,0
2021-06-18,0.013125772104241262,0.00637964331654107,0.004973002091536371,0.0012721717005929657,0,0,0,0
2021-06-21,-0.003730666221502754,0.006529216458469059,0.005009580338818399,0.0013071663407283175,0,0,0,0
2021-06-22,0.0053473987891856645,0.006594166659183773,0.005066450917635013,0.0013516316904241376,0,0,0,0
2021-06-23,-0.002246425646934447,0.0067575234904259495,0.005233929662873024,0.0013428048054212511,0,0,0,0
2021-06-24,0.0020699121921461394,0.006948233731120561,0.005414357626220259,0.0013170725281801848,0,0,0,0
2021-06-25,0.007537761284898359,0.006889826128843641,0.0055808671979788674,0.0012802430328738477,0,0,0,0
2021-06-28,0.011286795384571224,0.0068764469791380125,0.005745448833200023,0.0012203101341150705,0,0,0,0
2021-06-29,0.003008941464351489,0.006997523472330908,0.00592722550191144,0.0011126057574649937,0,0,0,0
2021-06-30,-0.0010567076111316354,0.007060358147999094,0.006106815341182157,0.0009764018234413908,0,0,0,0
2021-07-01,0.006055873060949235,0.006765004749702393,0.006241099299445075,0.0008607128272985446,0,0,0,0
2021-07-02,0.0022511079120444144,0.00688969323690097,0.006381711918598094,0.0007041053638115725,0,0,0,0
2021-07-05,-0.0064353960866594395,0.006853374605202881,0.006530601669559122,0.0003918865414581615,0,0,0,0
2021-07-06,-0.03992544981681356,0.00884893969363546,0.0066788351235795105,0.0006255696514642153,1,1,1,0
2021-07-07,0.024918991135157498,0.009605200658900085,0.006865114029793498,0.0008785840358747031,1,1,1,0
2021-07-08,-0.009988837276295293,0.009596238510609473,0.007052743638569456,0.0010356242849093363,1,0,0,0
2021-07-09,-0.020033753309861124,0.009517074222704473,0.007215288359855651,0.0011540241344058795,0,0,0,0
2021-07-12,-0.037739210475526086,0.011459772096426566,0.007476880648563576,0.0014685440380033858,1,1,0,0
2021-07-13,0.0009565686955179675,0.011575313349760882,0.007742717210230131,0.0016994631967031393,1,0,0,0
2021-07-14,-0.013587249718698402,0.011580677388539995,0.00800891298586286,0.0018634998091784083,0,0,0,0
2021-07-15,0.010946082146400915,0.011419408650830545,0.00825718177736329,0.0019729897128578527,0,0,0,0
2021-07-16,0.004165636206256762,0.01151165416272048,0.00851378231967226,0.002048242414758977,0,0,0,0
2021-07-19,-0.042945871270135605,0.013445734130464406,0.008859608203272026,0.0022676718756179915,1,0,0,0
2021-07-20,0.02394833978013855,0.01355867360833152,0.009207833550729414,0.0024303795611408997,0,0,0,0
2021-07-21,-0.0019634176032168327,0.013571239002474445,0.009548519326331838,0.0025437446826920202,0,0,0,0
2021-07-22,0.018004548351812755,0.013327910521761629,0.009867503165863893,0.002599892730960577,0,0,0,0
2021-07-23,-0.0192011873197957,0.013269752674521663,0.010186499493147793,0.0026067015867353507,0,0,0,0
2021-07-26,0.0030579352631954215,0.013513695802339427,0.010518361934307864,0.0025855275764269975,0,0,0,0
2021-07-27,0.003315759285304587,0.013500120378282398,0.01084349177960544,0.0025276835217628506,0,0,0,0
2021-07-28,0.0001096379597940178,0.013551411799427964,0.011168044462176884,0.0024312498152782034,0,0,0,0
2021-07-29,0.012943691418638048,0.013412936709851293,0.011500441060184328,0.0022448956152993937,0,0,0,0
2021-07-30,0.012716450216450292,0.013097130633533295,0.011810812930015945,0.0019883261712237417,0,0,0,0
2021-08-02,0.003183084615091092,0.013233063373130195,0.012129797368412309,0.0016307402006793766,0,0,0,0
2021-08-03,0.013863736665094217,0.011882616051530534,0.012281481186307064,0.0014393688373577447,0,0,0,0
2021-08-04,0.0017261565248716249,0.011880263838096233,0.012395234345266872,0.0012998698846794746,0,0,0,0
2021-08-05,0.008098955601840041,0.011910606483787053,0.01251095274392575,0.0011294210009596562,0,0,0,0
2021-08-06,-0.0030470811192448988,0.011960065779896958,0.012633102321785375,0.0008967192135383117,0,0,0,0
2021-08-09,0.013723955421372391,0.010307614317825255,0.012575494432855308,0.0010063696838827978,0,0,0,0
2021-08-10,0.0018899004309267387,0.010263794376483797,0.012509918484191454,0.0011121437270546631,0,0,0,0
2021-08-11,-0.003405679557848873,0.010361015074813356,0.012448935368505122,0.001196053329297009,0,0,0,0
2021-08-12,-0.0034909669389228126,0.010463063444290014,0.012401118108178096,0.0012569461738088847,0,0,0,0
2021-08-13,0.0029562839510735017,0.010500402553881537,0.012350555527736149,0.0013136690685264523,0,0,0,0
2021-08-16,0.01025017501197456,0.007015558034720798,0.01202904672294897,0.0017469405716694756,0,0,0,0
2021-08-17,-0.005740503005193576,0.005942512734519088,0.011648238679258347,0.0021738889251510097,0,0,0,0
2021-08-18,-0.001577298637654101,0.005960795599159106,0.011267716509092581,0.0024660132349659386,0,0,0,0
2021-08-19,0.010220876746954266,0.005444107652052081,0.010873526365607103,0.0027348194166406307,0,0,0,0
2021-08-20,-0.0330363312361347,0.007574755413450545,0.010588776502553547,0.0027684676283207138,0,0,0,0
2021-08-23,-0.022994817327727013,0.00825235413921989,0.01032570941939757,0.0027255465692026695,0,0,0,0
2021-08-24,-9.238871009953353e-05,0.008387543815764684,0.010070080591271683,0.0026508802602829046,0,0,0,0
2021-08-25,0.00832345196113149,0.008165968108377952,0.009800808406719184,0.0025502526614966992,0,0,0,0
2021-08-26,-0.006437325798938631,0.008115950860153502,0.009535959114234294,0.00242747817195764,0,0,0,0
2021-08-27,0.009284308903098948,0.008054568810209014,0.009283831023068078,0.0022964682081195974,0,0,0,0
2021-08-30,0.011376789521778896,0.007995884815996284,0.009021972095211385,0.002113770959343875,0,0,0,0
2021-08-31,0.0025072658002920356,0.008003911862074194,0.008828036885738567,0.0020130295470254167,0,0,0,0
2021-09-01,0.00238833770193847,0.007977881466721544,0.008632917767169833,0.001886778326949969,0,0,0,0
2021-09-06,0.008796313640280218,0.0079796666040844,0.008436370773184699,0.0017251940545014383,0,0,0,0
2021-09-07,-0.003334843544589572,0.007970373844480013,0.008236886176413853,0.0015140472171305043,0,0,0,0
2021-09-08,-0.00617780758625841,0.007867652370759303,0.008114888079060556,0.0014346315938386482,0,0,0,0
2021-09-09,0.007775886503550655,0.007747493973941163,0.007989073058933423,0.0013437140234271296,0,0,0,0
2021-09-10,0.000989598059494945,0.007841308239771139,0.007863087717181312,0.0012222511488555888,0,0,0,0
2021-09-13,-0.0028840936289775687,0.007860368399768208,0.007732952964955223,0.0010584370822633068,0,0,0,0
2021-09-14,-0.0012896684881059661,0.007923639395461,0.007604114807034196,0.000837637365133627,0,0,0,0
2021-09-15,0.004575651265208647,0.007931894499223444,0.007649931630259328,0.0008287640633230512,0,0,0,0
2021-09-16,2.972143584245579e-05,0.008099221709643785,0.007757767079015562,0.0007292447495504932,0,0,0,0
2021-09-17,0.005030203511483533,0.008009256281536065,0.007860190113134411,0.0005950891552575153,0,0,0,0
2021-09-20,-0.0015968772178850399,0.008079942525618307,0.007991981856812722,0.00017650799018807358,0,0,0,0
2021-09-21,-0.00787868017297566,0.005276299152531723,0.00787705904376678,0.0006294799828566464,0,0,0,0
2021-09-22,0.008090518270838398,0.003434289869867524,0.007636155830299161,0.0011690148863629326,0,0,0,0
2021-09-23,0.0015399650546390475,0.003340659194485983,0.007383811599235226,0.0014969877739327776,0,0,0,0
2021-09-24,-0.0011753747893195055,0.0033504706197311426,0.007143036724802887,0.0017331913879766857,0,0,0,0
2021-09-27,-0.01937580023239127,0.004692467909501905,0.006971862577270308,0.0017998217629278408,0,0,0,0
2021-09-28,0.010807628736820618,0.0047721461276397925,0.006807741443141846,0.0018449874329402754,0,0,0,0
2021-09-29,-7.466531273558896e-05,0.004693310740892412,0.006642612739386653,0.0018805007265776602,0,0,0,0
2021-09-30,0.002128120309734749,0.004703880608997698,0.006477611176732828,0.0018994516290225445,0,0,0,0
2021-10-01,-0.005342533120724746,0.004670529238142077,0.0063122435653038544,0.0019059217769955984,0,0,0,0
2021-10-04,0.0034834330918651624,0.0045903332993500025,0.0061427769000671345,0.001900533373081123,0,0,0,0
2021-10-05,0.011265061140391497,0.004805568122381382,0.005984536613962203,0.0018718936640776675,0,0,0,0
2021-10-06,0.006045931361331025,0.004804066353392913,0.005831357313093884,0.0018346638731439125,0,0,0,0
2021-10-07,0.002326059200774999,0.004797001010613392,0.005683832664927494,0.0017905730021137575,0,0,0,0
2021-10-08,0.004934150323208764,0.004712591139727231,0.005527396809925299,0.0017277312100844218,0,0,0,0
2021-10-11,0.015560233986289917,0.005237157682522728,0.005396236274063025,0.0016385723590402437,0,0,0,0
2021-10-12,0.0005092928003214148,0.005273955003806086,0.00526375205448028,0.0015267718428563044,0,0,0,0
2021-10-13,-0.002071981646113996,0.005328691071895674,0.005133591883113892,0.0013923855430420606,0,0,0,0
2021-10-14,-4.3106235317114105e-05,0.005327973533107361,0.00499502947428707,0.0012073207754979564,0,0,0,0
2021-10-15,0.0006106979918814037,0.00543743519005873,0.004866438419713203,0.000986068536891814,0,0,0,0
2021-10-18,0.002032024125798726,0.005422928950914302,0.004733587740978003,0.0006531050953290552,0,0,0,0
2021-10-19,-0.00014331472630468856,0.005501960816062079,0.004744870824154521,0.000664818708660484,0,0,0,0
2021-10-20,-0.0010965148029498106,0.005509290530415609,0.004848620857181925,0.0006091032258394143,0,0,0,0
2021-10-21,-0.006478691347395538,0.005478896092423728,0.004955532702078812,0.0005100992524290552,0,0,0,0
2021-10-22,0.0032279728763622284,0.005426892740042864,0.005059353808094399,0.0003534940820883495,0,0,0,0
2021-10-25,-0.00276410123520765,0.004230543274739745,0.00503625757635629,0.00039174751364957135,0,0,0,0
2021-10-26,0.004496896203262546,0.0039240215004436,0.004993851344996481,0.0004615308985845787,0,0,0,0
2021-10-27,0.02255628292002898,0.00565815227038252,0.005042093421470986,0.0004785740740398869,0,0,0,0
2021-10-28,0.010533934870908368,0.005756217748584561,0.005094710278450329,0.0004969297693578152,0,0,0,0
2021-10-29,0.004353238155506478,0.005759866405536403,0.005149177136820045,0.0005075749912463574,0,0,0,0
2021-11-01,-0.003669673952931163,0.005757049663033806,0.0052075129550042355,0.0005070116931496464,0,0,0,0
2021-11-02,0.009374761113852381,0.005667681882206217,0.0052506186429954775,0.0005076877443326034,0,0,0,0
2021-11-03,-0.005618054886193158,0.005664894880870511,0.005293660069369357,0.0005043158281222331,0,0,0,0
2021-11-04,0.002797202797202747,0.005653633124972693,0.0053364916750873225,0.0004962265021108453,0,0,0,0
2021-11-05,0.005640940663103944,0.005654463884898438,0.005383585312345883,0.00047826838541879297,0,0,0,0
2021-11-08,0.007593494037116066,0.005142044070639421,0.005378829631751718,0.00048026972202810323,0,0,0,0
2021-11-09,-0.004136088908876512,0.005046548115611944,0.00536745928734201,0.00048554623259645366,0,0,0,0
2021-11-10,0.002408484433800817,0.0050369577194206575,0.005352872619718259,0.0004911222717412715,0,0,0,0
2021-11-11,-0.0018225007167138596,0.004960320721050911,0.005334489979115438,0.0004989219551523837,0,0,0,0
2021-11-12,0.007535815639210908,0.004873770363839955,0.005306306737804498,0.000508626539394707,0,0,0,0
2021-11-15,0.0021718916497552865,0.004868759927421002,0.005278598286629833,0.0005169653088387548,0,0,0,0
2021-11-16,-0.006853721801201362,0.004714697008820381,0.005239235096267748,0.0005288972687415595,0,0,0,0
2021-11-17,0.006410037846499961,0.0045862427196434715,0.005193082705729142,0.0005441450242126054,0,0,0,0
2021-11-18,-0.004079005318968765,0.004605022821890476,0.005149389042202478,0.0005549644251495708,0,0,0,0
2021-11-19,-0.011892531789390648,0.0047456197927202275,0.005115325394836346,0.0005579350751478714,0,0,0,0
2021-11-22,-0.0035115502461526837,0.004718882597637387,0.005139742360981229,0.0005270046010095195,0,0,0,0
2021-11-23,0.01131801692865797,0.004821546507852484,0.0051846186113516735,0.0004507267215855927,0,0,0,0
2021-11-24,0.017244795474265828,0.003974964826678746,0.005100459239166485,0.0005107944857861337,0,0,0,0
2021-11-25,0.008019504725059967,0.003877510399519464,0.00500652387171323,0.0005547126664475221,0,0,0,0
2021-11-26,-0.0051838673782823586,0.003859714585551896,0.0049115162807140044,0.0005809943573708365,0,0,0,0
2021-11-29,-0.005485489240001917,0.0038140854852165068,0.004814368071823139,0.0005944571421457292,0,0,0,0
2021-11-30,-0.004310228711510877,0.0037779773305368345,0.00471988284423967,0.0006018226145423296,0,0,0,0
2021-12-01,0.004565623224479953,0.0037938300652341317,0.004626329603457852,0.0005925458254998113,0,0,0,0
2021-12-02,-0.0021142076098008555,0.003828504722519842,0.00453507318333521,0.0005659513593607215,0,0,0,0
2021-12-03,-0.026132721568098205,0.005884792290627818,0.004546589603621678,0.0005916867703173509,1,0,0,0
2021-12-06,-0.020605271180334284,0.006611954649773824,0.004620085132578397,0.0007417939260314576,1,1,0,0
2021-12-07,0.023479392747492334,0.007415262106438396,0.004738520832119721,0.0009680558293499118,1,1,0,0
2021-12-08,0.004216288698272619,0.007344479807949298,0.004853896936546152,0.0011295372686608183,1,0,0,0
2021-12-09,0.010400104620509776,0.007160804787353522,0.004963921139861284,0.0012420192745450514,0,0,0,0
2021-12-10,-0.0030245643673619815,0.007288435528149206,0.005084654398076745,0.0013458187739623481,0,0,0,0
2021-12-13,0.008657091709143527,0.007108317833366171,0.0051966322933740036,0.0014181373545457895,0,0,0,0
2021-12-14,-0.000128707975152631,0.0073874500554217334,0.005330269945704072,0.0014942239312274717,0,0,0,0
2021-12-15,-0.000352298749339397,0.007621389117824196,0.0054820272656131075,0.0015670361370438053,0,0,0,0
2021-12-16,0.000752287360216819,0.007763358622658709,0.00563994405565152,0.001631805982985398,0,0,0,0
2021-12-17,0.002153581514414915,0.007848930677313654,0.005795109599881191,0.0016888380253442528,0,0,0,0
2021-12-20,-0.0016623980429655294,0.007916214992965711,0.005954976219647607,0.0017323695431558724,0,0,0,0
2021-12-21,0.0009544245361565729,0.008025363856626144,0.00611516708708629,0.0017697695393020458,0,0,0,0
2021-12-22,-0.0007235890014470892,0.007814000759965644,0.006307118883750634,0.0017332394451520388,0,0,0,0
2021-12-23,-0.01401530788335692,0.007982663007866092,0.006512376514167967,0.0016723777170104255,0,0,0,0
2021-12-24,0.01377525807160107,0.008112954274411612,0.006725038498610952,0.0015854740085708386,0,0,0,0
2021-12-27,0.00802285667860514,0.008101675679756835,0.006939418008337969,0.0014557172188473975,0,0,0,0
2021-12-28,0.003700768362796092,0.008115448528673993,0.007156291568244827,0.0012713605975178917,0,0,0,0
2021-12-29,-0.005734781415828616,0.008097603700780824,0.007371480250022162,0.0010095490240130732,0,0,0,0
2021-12-30,0.00010095435517087914,0.008180564158224475,0.007589083221807393,0.0005857750386078982,0,0,0,0
2021-12-31,0.008284151093225223,0.006907307552430126,0.007640208984897509,0.0004604030918941729,0,0,0,0
2022-01-04,0.01822089329097354,0.0066681524026119265,0.007643018872539413,0.00045392314707630297,0,0,0,0
2022-01-05,-0.0020189042855831563,0.005380537648720098,0.007541282649653498,0.0006795827360756674,0,0,0,0
2022-01-06,0.003986863711001654,0.005383314462806596,0.007443224382396365,0.0008335279514039204,0,0,0,0
2022-01-07,-5.8878559699548916e-05,0.005367667818557805,0.007353567533956577,0.0009533325283404181,0,0,0,0
2022-01-10,-0.016205642206636672,0.00591715472807206,0.00728500349395272,0.0010061137923856028,0,0,0,0
2022-01-11,-0.007581249044031124,0.005891543555874801,0.007224164780078151,0.0010530537072222315,0,0,0,0
2022-01-12,0.012195857429086576,0.005938670369745979,0.007151725795794364,0.001090398424636974,0,0,0,0
2022-01-13,-0.009572925700591206,0.005832056046149753,0.007062259142210642,0.0011227612750564812,0,0,0,0
2022-01-14,-2.0052805721704203e-05,0.005872106212477468,0.00696769652170158,0.001140114178614528,0,0,0,0
2022-01-17,-0.02886325049130367,0.007620622086985386,0.006956281092185166,0.00113194007609299,0,0,0,0
2022-01-18,-0.009567467856061107,0.007490242615552498,0.006934982473314507,0.0011168340491316403,0,0,0,0
2022-01-19,0.002675580635745689,0.007412336180909486,0.0069043310895286715,0.0010935021581385117,0,0,0,0
2022-01-20,0.015601716119463038,0.00736192506990043,0.006881727305025412,0.0010782751125195088,0,0,0,0
2022-01-21,0.005179826656657394,0.007310690359394084,0.006848128672601811,0.0010523217355100176,0,0,0,0
2022-01-24,-0.02252714051965865,0.007878628910858216,0.006836412404424142,0.0010387148229463847,0,0,0,0
2022-01-25,0.0276930770780226,0.008909716596817352,0.006876814450277167,0.0011041713682040319,0,0,0,0
2022-01-26,0.0013517349518106236,0.009011877788092948,0.006921635913248116,0.0011731378436154558,0,0,0,0
2022-01-27,-0.007303014349545722,0.008980753916642242,0.006965793424041186,0.0012347355268006557,0,0,0,0
2022-01-28,0.005575348799260249,0.008745089673290563,0.00699401969979449,0.0012699183014508583,0,0,0,0
2022-02-07,0.01264402012224819,0.008748524014729277,0.007086080522909448,0.0013286799909052796,0,0,0,0
2022-02-08,0.0022234686110331747,0.008731188754667552,0.007189232340512229,0.001373840775984128,0,0,0,0
2022-02-09,0.0029247363406819105,0.008691823003109299,0.007354796608231689,0.0013435910788016845,0,0,0,0
2022-02-10,0.0009366405824442481,0.008822887740409931,0.007526775272111856,0.0012972951467882048,0,0,0,0
2022-02-11,-0.0033714054380503677,0.008665319420754115,0.007691657852221673,0.0012154126814349687,0,0,0,0
2022-02-14,-0.01981074907938285,0.008843422699988269,0.007837971250817482,0.001165668555682393,0,0,0,0
2022-02-15,0.014124025109377936,0.008874833935013263,0.007987135769774405,0.0010920377579830354,0,0,0,0
2022-02-16,-0.0004354379500921546,0.009122353361590455,0.008146319919366629,0.0010064031694049628,0,0,0,0
2022-02-17,0.010649420280142152,0.009125235858550984,0.00831097890998669,0.0008676740512685511,0,0,0,0
2022-02-18,-0.0020888732683904676,0.00902117538273312,0.008468432368499474,0.000663513538074064,0,0,0,0
2022-02-21,0.003987134844900542,0.007895915914150639,0.008482197059857737,0.0006476661571584338,0,0,0,0
2022-02-22,-0.004878081067485551,0.007933135501557902,0.008504341704158007,0.0006188973574129155,0,0,0,0
2022-02-23,0.005873080274298781,0.007845577775471365,0.008526003783886101,0.0005853363305876991,0,0,0,0
2022-02-24,-0.011538715863254723,0.007702184056332142,0.008543016733207686,0.0005538175958729669,0,0,0,0
2022-02-25,0.0027026123022377835,0.00777383797550253,0.008566174114013109,0.0005073069788217962,0,0,0,0
2022-02-28,-0.005844324800352241,0.00700493814561929,0.008522489575751161,0.0005989648794478141,0,0,0,0
2022-03-01,0.005804862662988963,0.005102221558962722,0.008332114823858431,0.0009635421829207085,0,0,0,0
2022-03-02,-0.008847195719184908,0.005001382820315706,0.008131590075469567,0.001202351899724145,0,0,0,0
2022-03-03,0.013113253271581637,0.005210095913548784,0.007943057175314894,0.0013488885784581548,0,0,0,0
2022-03-04,0.00021926910299008284,0.005413746416219147,0.007776490012461325,0.0014467708496810371,0,0,0,0
2022-03-07,-0.004171842718872276,0.005244826506112418,0.0076013051370304825,0.0015324635676010868,0,0,0,0
2022-03-08,-0.016904039224842293,0.005672237880230367,0.007448357593308623,0.0015660418022872527,0,0,0,0
2022-03-09,2.035678661327367e-05,0.005815052695598346,0.007304519077933075,0.001577888994446557,0,0,0,0
2022-03-10,0.0036234342557031063,0.0057032535020997525,0.007148537366017565,0.0015740818887484346,0,0,0,0
2022-03-11,-0.008478243232279525,0.005651020627336442,0.006997822426346683,0.0015654925368796249,0,0,0,0
2022-03-14,-0.013835285774680517,0.005075371430893319,0.006809419862891936,0.0015584107579436843,0,0,0,0
2022-03-15,0.0044874675885910875,0.004799067250572479,0.006605631528669896,0.0015404925109960006,0,0,0,0
2022-03-16,0.004536255627297425,0.004616049970835948,0.00638031635913217,0.0014814366041600176,0,0,0,0
2022-03-17,0.001377344397771596,0.004651331328739621,0.006156621132641602,0.0013794058393055866,0,0,0,0
2022-03-18,0.005310194752761177,0.00455938445790218,0.005933531586400055,0.0012461005271449323,0,0,0,0
2022-03-21,0.017595806956640203,0.00517364868322335,0.005797418224853691,0.0011666076953957883,0,0,0,0
2022-03-22,0.0059065520585972475,0.005156970725691956,0.005658609986060393,0.0010593450547193492,0,0,0,0
2022-03-23,-0.0009575868810597354,0.005328269989866916,0.0055327445967801704,0.0009271200862148961,0,0,0,0
2022-03-24,-0.0027157634090817506,0.0052771210175412385,0.005411491444840625,0.000774471321867052,0,0,0,0
2022-03-25,0.00016018581554599898,0.00539814725058422,0.00529270690859471,0.0005396691167091151,0,0,0,0
2022-03-28,-0.010223556890223473,0.005471472608006558,0.0052160336317140735,0.00036391568525758914,0,0,0,0
2022-03-29,0.009830229641715649,0.0055216760174954934,0.005237006354640712,0.00036906174576082756,0,0,0,0
2022-03-30,-0.004840561905779306,0.005509121845854016,0.005262393305917628,0.0003694635738917401,0,0,0,0
2022-03-31,0.0011002945300602196,0.005394103363924031,0.00527159367843639,0.0003703826542819622,0,0,0,0
2022-04-01,0.01627852427704979,0.005703729262798937,0.005286092820765379,0.00038174200168188696,0,0,0,0
2022-04-04,0.005446967898499189,0.005682036243210464,0.005307953307620282,0.0003916444969918246,0,0,0,0
2022-04-05,-0.0030628976192038637,0.005193307588850436,0.005284006793051285,0.0003827390555515999,0,0,0,0
2022-04-06,0.0018881206291980757,0.005096206589765808,0.0052480644877596575,0.0003635147638929352,0,0,0,0
2022-04-07,-0.013493991726311716,0.005318595553979233,0.005228831590353632,0.00034800908892154995,0,0,0,0
2022-04-08,-0.013545445468765571,0.005530440039480554,0.005222802560960837,0.00034128960407903223,0,0,0,0
2022-04-12,-0.018049932523616752,0.005880642662027933,0.005263066122517568,0.00036932996628107084,0,0,0,0
2022-04-13,0.015083319017350938,0.00611131401897583,0.005328678460937736,0.00039800937687252587,0,0,0,0
2022-04-14,-0.0034389385323586596,0.006144819247042148,0.005405116924748045,0.0004007366545918216,0,0,0,0
2022-04-15,-0.009211205608238404,0.005980451608572333,0.005471572938739682,0.0003787581298820877,0,0,0,0
2022-04-18,-0.01779837648091276,0.006336395826662394,0.005560423507177692,0.0003615492272481509,1,0,0,0
2022-04-19,-0.018253525059332643,0.006387417421234636,0.005621111944078256,0.0003936536998512253,0,0,0,0
2022-04-20,-0.015450247075971424,0.006533240854371262,0.0056899254505122215,0.00042711686911423984,0,0,0,0
2022-04-21,-0.01047865272401638,0.006254114520663435,0.005736217677052048,0.0004359383592146402,0,0,0,0
2022-04-22,0.006582932543186759,0.006090393864278489,0.0057768813193889105,0.0004287314949403879,0,0,0,0
2022-04-25,-0.04952763498473778,0.010455581503051557,0.006029753032012277,0.0011229734273734986,1,1,1,1
2022-04-26,0.023205077350257675,0.010727196585993004,0.0062925392309115995,0.001527527831386055,1,1,0,0
2022-04-27,0.00926685255043469,0.01073621967920005,0.006553266413996828,0.0018082555826313647,1,0,0,0
2022-04-28,-0.0020535246016679665,0.010862316613222203,0.006820926152365238,0.002028362287525082,0,0,0,0
2022-04-29,0.011702529256323091,0.01052180857971123,0.007077311413154597,0.002158421173134225,0,0,0,0
2022-05-04,-0.013257243195785695,0.010496805130503809,0.00731696520653984,0.0022615130915010803,0,0,0,0
2022-05-05,0.008897588753447705,0.010393283327715304,0.007552527560765082,0.0023266797645726074,0,0,0,0
2022-05-06,-0.02309139547873129,0.010328579342710635,0.007809291148458092,0.0023359583813819577,0,0,0,0
2022-05-09,-0.04486706889547576,0.011969808956550313,0.008152971266797317,0.002419918330129394,0,0,0,0
2022-05-10,0.018856035664214454,0.011962219183137732,0.008485152448255243,0.0024659138054883593,0,0,0,0
2022-05-11,0.006161291320077922,0.01217453145615746,0.008817357019089088,0.002494286962066757,0,0,0,0
2022-05-12,-0.048166388788579595,0.01411518097292772,0.009229083934634078,0.002658255739001972,0,0,0,0
2022-05-13,-0.04526008201220488,0.01537022797211074,0.009692029632290823,0.0028834092975547213,0,0,0,0
2022-05-16,-0.00914801694327716,0.015111453191550482,0.010140361329516238,0.0029976689044197533,0,0,0,0
2022-05-17,0.048141985579589486,0.016177758518836773,0.010650226675029462,0.00311769500613314,0,0,0,0
2022-05-18,0.010086537443929844,0.016361696916797997,0.01115149172953624,0.0031926465140593692,0,0,0,0
2022-05-19,0.0007092427222026298,0.016982166258183936,0.011681229171383705,0.0032391906868445837,0,0,0,0
2022-05-20,-0.0007490093746980175,0.017510595746006656,0.012230096915965476,0.003250986771148449,0,0,0,0
2022-05-23,-0.017651183596489206,0.017388909788631727,0.012786836679363891,0.0031246994476160656,0,0,0,0
2022-05-24,0.011954283276310651,0.017213503267852422,0.013342992149542588,0.002847695639880084,0,0,0,0
2022-05-25,0.028417843649159114,0.015914737237928425,0.01361594993628643,0.002817844007689247,0,0,0,0
2022-05-26,0.00011037266542102131,0.01642937087323813,0.013901058650648687,0.0027985837964685906,0,0,0,0
2022-05-27,0.013306321290902368,0.016341895701502518,0.014181342451763812,0.0027451359247484338,0,0,0,0
2022-05-30,0.006589132210510051,0.016137255027187193,0.014445089372462059,0.0026615989098737413,0,0,0,0
2022-05-31,-0.0009583281810312538,0.01654412160167572,0.014746205023560282,0.002531885690002659,0,0,0,0
2022-06-01,0.005291332735092968,0.01675427793035113,0.015059078663552652,0.0023599243615599896,0,0,0,0
2022-06-02,-0.008387712386111912,0.016768311535176897,0.01537783007392573,0.0021143046451135373,0,0,0,0
2022-06-03,-0.0004966553367167226,0.017121756293840804,0.015717488921482236,0.0017796271279176452,0,0,0,0
2022-06-06,0.0015761114303016743,0.016016363648303573,0.015919816656069903,0.0015457900775485004,0,0,0,0
2022-06-07,0.0010387516375840455,0.016232017697749956,0.016133306581800514,0.0012338046650396475,0,0,0,0
2022-06-08,0.012823789057962776,0.016147893141292363,0.016331974666057257,0.0008098777424389135,0,0,0,0
2022-06-09,-8.41036462754241e-05,0.014181375756608635,0.016335284405241304,0.0008004215830033589,0,0,0,0
2022-06-10,-0.018137329866952157,0.011852304471537154,0.016159388230212623,0.0012715470349412001,0,0,0,0
2022-06-13,-0.04442090835461965,0.014153751326259876,0.016111503136948094,0.0013297874242740272,0,0,0,0
2022-06-14,0.0026649497978876724,0.011338090053312017,0.015869519713671856,0.0017046117080619981,0,0,0,0
2022-06-15,-0.01331371768090961,0.011373191529311426,0.015620094444297527,0.0019726923876843333,0,0,0,0
2022-06-16,0.018699595528572477,0.011358246519482399,0.015338898457362452,0.00216023237442576,0,0,0,0
2022-06-17,-0.015631191221303187,0.011183428742107556,0.015022540107167495,0.002285140576638103,0,0,0,0
2022-06-20,-0.030312987759796184,0.01190993067251196,0.014748591151361507,0.0023147485149360033,0,0,0,0
2022-06-21,-0.006718061674008902,0.011961736078036023,0.014486002791870687,0.002318289632550879,0,0,0,0
2022-06-22,-0.0027292809197677625,0.01141023118505044,0.01426077748922679,0.0023898847110314305,0,0,0,0
2022-06-23,0.016771147810172193,0.011244545649413473,0.014001536228035554,0.0024232445227602047,0,0,0,0
2022-06-24,-0.0028598344660522024,0.011373543381643592,0.01375311861204261,0.002425359485254741,0,0,0,0
2022-06-27,0.01462698653709893,0.011371008853669689,0.013514806303366735,0.0024128983374136354,0,0,0,0
2022-06-28,0.012703480154969027,0.01113257972072268,0.013244229209319083,0.002358115911453998,0,0,0,0
2022-06-29,-8.209506608625183e-06,0.01134737212124176,0.012973883918863612,0.0022415853841274147,0,0,0,0
2022-06-30,-0.01682141713666474,0.011393962332621355,0.012705166458735836,0.002079014005522585,0,0,0,0
2022-07-01,0.0010855043420174848,0.011364423648963961,0.012417299826491994,0.0018174254059728561,0,0,0,0
2022-07-04,-0.0028109100008342214,0.011310030571612423,0.012181983172657437,0.0016209641912523797,0,0,0,0
2022-07-05,-0.011911035273058812,0.011027730610934048,0.011921768818316641,0.001327805121933637,0,0,0,0
2022-07-06,-0.026818139491572857,0.01149949021113247,0.011689348671808647,0.0008806717631448718,0,0,0,0
2022-07-07,0.014674541801132701,0.01109560848739481,0.011535060308347956,0.0006650010988054525,0,0,0,0
2022-07-08,0.0041406625060009805,0.011240529916205515,0.011504471580581373,0.0006637094185959747,0,0,0,0
2022-07-11,-0.013676994134772191,0.008478186301126022,0.011220693329324679,0.0006843672128472816,0,0,0,0
2022-07-12,0.016904846402201912,0.00829769508586327,0.011068673580952242,0.0009449797497400872,0,0,0,0
2022-07-13,-0.0007660748029484354,0.00867186830967132,0.010933607419970239,0.001082245102885583,0,0,0,0
2022-07-14,0.00702773613193397,0.008556201566328917,0.010793505172312564,0.0011994077973776446,0,0,0,0
2022-07-15,-0.002470033920671355,0.008682400011602401,0.010668453735787307,0.0012840103622624654,0,0,0,0
2022-07-18,-0.0023404706381174867,0.007453558652194911,0.010445635134771454,0.001435018658093712,0,0,0,0
2022-07-19,0.0015639741944257768,0.007619966822818051,0.010228546672010555,0.0015195148768464607,0,0,0,0
2022-07-20,0.013417293966885513,0.007558484509619239,0.010035959338238995,0.001603624837972551,0,0,0,0
2022-07-21,0.0036260404977639382,0.007433213129370228,0.009845392712236833,0.0016772147020015498,0,0,0,0
2022-07-22,-0.003095613573973477,0.0074239571081724035,0.009647913398563274,0.0017197931072819527,0,0,0,0
2022-07-25,-0.00523954601761023,0.007313764923067863,0.009445051202033181,0.0017449507314393647,0,0,0,0
2022-07-26,-0.0028859907446361355,0.007314821298973202,0.009254163280945709,0.0017593894128963476,0,0,0,0
2022-07-27,0.005037677099243076,0.007125383202654806,0.00904306383501636,0.0017482697140650465,0,0,0,0
2022-07-28,0.014340408382589986,0.006980468475960298,0.008822389142183307,0.0017141227975609212,0,0,0,0
2022-07-29,-0.0014816408965996342,0.006961272757072756,0.008602231597588748,0.001652088792912409,0,0,0,0
2022-08-01,0.02074059336997336,0.0074353194336564355,0.008408496040690949,0.0015413150504161664,0,0,0,0
2022-08-02,0.008340439355179363,0.007394590378516731,0.008226839029070083,0.0014261656205688915,0,0,0,0
2022-08-03,0.006555951096148593,0.005998934475179867,0.007951811242272452,0.0012852508753697367,0,0,0,0
2022-08-04,0.0035126744334912363,0.005804193254305465,0.007687240480617985,0.0011405071490924053,0,0,0,0
2022-08-05,-0.0011242674321254587,0.005916625851063157,0.007421045277360867,0.0008524388298498722,0,0,0,0
2022-08-08,0.0032009834442900953,0.005727842536024687,0.007283528089105799,0.0008937666024047985,0,0,0,0
2022-08-09,0.0016709767256812835,0.005217233174591814,0.007129504993542228,0.0009718169025350824,0,0,0,0
2022-08-10,-0.0018667831751201236,0.005171136721330261,0.006954468414125175,0.0009943974466715246,0,0,0,0
2022-08-11,-0.0035256665340230864,0.005175152289092681,0.006785415950263364,0.0009951604321379616,0,0,0,0
2022-08-12,0.008194430023880539,0.0051685853192472726,0.006609725215645607,0.0009518621501250871,0,0,0,0
2022-08-15,0.009403246377730268,0.005176290704579878,0.006495861818264855,0.0009813570536329635,0,0,0,0
2022-08-16,0.00038455501491130306,0.005235166479231818,0.006376621801085542,0.0009824659820077853,0,0,0,0
2022-08-17,0.00046285763597420093,0.0050520145061734275,0.006251298300913252,0.00098363488466453,0,0,0,0
2022-08-18,-0.0012703092654161585,0.005118513528540578,0.00613556332087177,0.0009733718147958393,0,0,0,0
2022-08-19,-0.003517422231992806,0.005110610280017561,0.006019895979464028,0.0009493652343144788,0,0,0,0
2022-08-22,-0.006894215162545847,0.00512571477608253,0.0059104934721147615,0.0009179690862627387,0,0,0,0
2022-08-23,0.008235284783764119,0.00513703657981328,0.005801604236156764,0.000870560594588529,0,0,0,0
2022-08-24,0.0049968130562398905,0.005137233248767153,0.005702196738462383,0.0008236951490544752,0,0,0,0
2022-08-25,0.009176610604779478,0.0047865970406342365,0.005592503166696079,0.0007898930923992753,0,0,0,0
2022-08-26,-0.004895723418782305,0.004706169397692852,0.005479747998727085,0.0007438333730870442,0,0,0,0
2022-08-29,-0.009176887031506986,0.0031873331892603098,0.005267348686507278,0.0007623064142996367,0,0,0,0
2022-08-30,0.006759521561221282,0.003114203571091286,0.005053329346136006,0.0007339834153842159,0,0,0,0
2022-08-31,0.0008754171910050346,0.003197904045622331,0.004913277824658129,0.0008075970477602177,0,0,0,0
2022-09-05,-0.002467766749185918,0.0032225881012237483,0.004784197567004043,0.0008621733254517919,0,0,0,0
2022-09-06,3.914353935896564e-05,0.003289176833507295,0.00465282511612625,0.0008805211607889951,0,0,0,0
2022-09-07,-0.026796618130577765,0.005983368381985653,0.004665601408424298,0.000898608603801273,0,0,0,0
2022-09-08,-0.006893666996468872,0.005919688810873626,0.004700724190238389,0.0009343226210857279,0,0,0,0
2022-09-09,0.011485501376964358,0.005974511796050117,0.004740892943974382,0.0009721163235830218,0,0,0,0
2022-09-12,0.0006726565127563866,0.0060767359449950785,0.004785972126769502,0.0010133437478565366,0,0,0,0
2022-09-13,-0.0009762967942252843,0.0061614267458591524,0.004835614198100096,0.0010564748066410063,0,0,0,0
2022-09-14,-0.006111823133611138,0.006102927200850778,0.0048819460229136405,0.0010919256367907903,0,0,0,0
2022-09-15,0.003941101090451982,0.0059936616996273786,0.004919870783933419,0.0011177070427409058,0,0,0,0
2022-09-16,-0.009336416036478723,0.005906972799314479,0.00496261869859047,0.0011391703438941674,0,0,0,0
2022-09-19,-0.02317609782582264,0.006889006331811915,0.005051143338754038,0.001217988122248988,0,0,0,0
2022-09-20,0.01119932306313931,0.006879907949257362,0.005139608222216029,0.0012849478634571734,0,0,0,0
2022-09-21,-0.006874882068699684,0.00688002927152069,0.005227323946987937,0.0013425372808276903,0,0,0,0
2022-09-22,0.003428193796208401,0.006944174883966226,0.005317680862195583,0.0013958935743335276,0,0,0,0
2022-09-23,-0.009401498312340606,0.006931645033893211,0.005407401451451886,0.0014406354933637448,0,0,0,0
2022-09-26,-0.02404261684728415,0.007837914791821434,0.005559967339011247,0.0015302158748692729,0,0,0,0
2022-09-27,-0.006650487503725433,0.007806055082531869,0.005714961623253197,0.0015948127511664222,0,0,0,0
2022-09-28,-0.01964784748058368,0.008194251440926854,0.005965307535836524,0.0015699419616346621,0,0,0,0
2022-09-29,-0.015346006540634116,0.008292888464507254,0.006224241780507322,0.0015004830414444507,0,0,0,0
2022-09-30,0.005363787331160497,0.008106758983289533,0.006469684527390683,0.001375688265805319,0,0,0,0
2022-10-03,-0.04034060294494335,0.010422790272620419,0.006829694635960516,0.0014225460894486516,1,1,0,0
2022-10-04,-0.007639630352343385,0.010113588259490278,0.007170915207259665,0.0013449549319611176,1,0,0,0
2022-10-05,0.02422690930676885,0.009929918835878963,0.00736824272995433,0.001447179509968558,0,0,0,0
2022-10-06,-0.026932063101081316,0.010404399997941256,0.007592478289307712,0.0015543919597348584,0,0,0,0
2022-10-07,-0.035932323269925126,0.01160383992640868,0.007873944695825641,0.001744092174888185,1,0,0,0
2022-10-10,0.00634224980934639,0.011325438088240436,0.008136379802987908,0.0018510409078765062,0,0,0,0
2022-10-11,-0.034801626889724435,0.011741861157401449,0.008415401523565024,0.001955325928116097,0,0,0,0
2022-10-12,0.028433710991850436,0.011809498437566547,0.008700730085400812,0.0020155552822790253,0,0,0,0
2022-10-13,0.01563572056706075,0.011403447174536523,0.008971219359146269,0.001996048336839039,0,0,0,0
2022-10-14,0.01033311449205021,0.011366919653187814,0.009244216701839936,0.0019270811338726987,0,0,0,0
2022-10-17,-0.009671799218345378,0.011430885973281712,0.009471310683913426,0.0019023844499903115,0,0,0,0
2022-10-18,0.01148747598851263,0.011423220055125834,0.009698476289206849,0.0018471138672251158,0,0,0,0
2022-10-19,-0.0033751386721322385,0.011613743948252668,0.009935162023043448,0.0017685701482101075,0,0,0,0
2022-10-20,-0.001528200967860549,0.011737300635107186,0.010174818310600495,0.0016635719939384643,0,0,0,0
2022-10-21,-0.036496764136236926,0.012377755803927633,0.010447123849102216,0.0015463661711811476,0,0,0,0
2022-10-24,-0.03301563020925269,0.01275705018959323,0.010693080618990807,0.001500028271889933,0,0,0,0
2022-10-25,0.01171221416620205,0.012554860651087966,0.010930520897418613,0.0013908604348665272,0,0,0,0
2022-10-26,-0.004350005011526492,0.012966982209767542,0.011169157435860647,0.0013033644403869227,0,0,0,0
2022-10-27,0.034881613916404985,0.013470788820675591,0.011428052453669063,0.0012130967257810107,0,0,0,0
2022-10-28,-0.0006322895691677211,0.013763550574737363,0.011710892033241455,0.0010458958954329303,0,0,0,0
2022-10-31,0.0005645538078182799,0.01336872843210389,0.011858188941215628,0.0010622556450975004,0,0,0,0
2022-11-01,0.00565208086075053,0.013448336689951247,0.012024926362738676,0.0010353810644725492,0,0,0,0
2022-11-02,-0.010215235792019328,0.013405986306644224,0.01219872973627694,0.0009537290468883796,0,0,0,0
2022-11-03,-0.003303394286496286,0.013442231395157881,0.01235062130613777,0.0008928852990685444,0,0,0,0
2022-11-04,-0.022219825261568293,0.012639741844746396,0.012402416402054656,0.0008771932694103093,0,0,0,0
2022-11-07,-0.02202276487990762,0.012610840174914376,0.012466686506388354,0.0008404521922131484,0,0,0,0
2022-11-08,0.006624350126641865,0.011834206438883789,0.012471303770462471,0.0008365049698542973,0,0,0,0
2022-11-09,0.004013650486425879,0.011478453988175789,0.012454751547992932,0.000853394324768403,0,0,0,0
2022-11-10,-0.03891070323359613,0.012915146847032785,0.012530336531617748,0.00082173810490901,0,0,0,0
2022-11-11,0.007696043241417039,0.012963095274919985,0.012610145312704355,0.0007792090866705068,0,0,0,0
2022-11-14,-0.014132609766062898,0.01293357629930343,0.012685279829005441,0.0007304367949503249,0,0,0,0
2022-11-15,-0.03096574003230468,0.013484456949024228,0.01278834167370036,0.0006871250034365845,0,0,0,0
2022-11-16,0.03399495558723542,0.013873699696928105,0.012901339461134132,0.000669391980958767,0,0,0,0
2022-11-17,0.027956305016438643,0.01366508993906215,0.012997728926331881,0.0006306277859270173,0,0,0,0
2022-11-18,7.222004415741168e-05,0.013420611719674212,0.013049871722119211,0.0006196867818601657,0,0,0,0
2022-11-21,-0.008954638771110024,0.012847908285910651,0.013054414626935079,0.000617757168464785,0,0,0,0
2022-11-22,-0.008879404569822502,0.012895135079394692,0.013071428348350417,0.0006078816076626043,0,0,0,0
2022-11-23,-0.006427761206570626,0.012818881528093504,0.013064023314266714,0.0006101188469089388,0,0,0,0
2022-11-24,0.0018076109936575602,0.012154542946165255,0.012998211020541198,0.0006344382655200637,0,0,0,0
2022-11-25,0.025060408774836285,0.012099767881155653,0.01291502188586211,0.0006378736527790778,0,0,0,0
2022-11-28,0.03523562472978825,0.012552715089627959,0.012874221218738316,0.0006334074865786864,0,0,0,0
2022-11-29,0.026320237846652494,0.012532089837159683,0.012828408876098738,0.0006227429025240298,0,0,0,0
2022-11-30,0.0157533715702991,0.012441171273256084,0.012780168124429331,0.0006129385476445783,0,0,0,0
2022-12-01,-0.011579328894908647,0.012093807079987565,0.012712746908670813,0.0006104368971558761,0,0,0,0
2022-12-02,0.042199019570000385,0.013277388110096567,0.012744629221938322,0.0006229467837278133,0,0,0,0
2022-12-05,0.01264803103674983,0.013309329764261054,0.012779553701405658,0.0006345236099399966,0,0,0,0
2022-12-06,-0.041127579617252,0.013981628167178439,0.01288692478782039,0.0006476887894011279,0,0,0,0
2022-12-07,-0.007313886849307338,0.013805280517609889,0.013003266114292094,0.0005875639162760704,0,0,0,0
2022-12-08,0.00913527117634616,0.013235521322289024,0.013019284838054906,0.0005893993929882472,0,0,0,0
2022-12-09,0.0012184326006872137,0.013584929253352706,0.013050376536976544,0.000602534284124322,0,0,0,0
2022-12-12,-0.01876764814938059,0.013554279742950181,0.01308141170915888,0.00061211093828442,0,0,0,0
2022-12-13,0.014902089974517363,0.013234600828027358,0.013068918903109036,0.0006059710020542862,0,0,0,0
2022-12-14,0.002845004534822726,0.013018398026604747,0.01302615381959287,0.0005756058335529106,0,0,0,0
2022-12-15,0.004655236426986953,0.012925929339270876,0.012989195789603305,0.0005558117391831358,0,0,0,0
2022-12-16,-0.002691126861994353,0.01278192608318801,0.012957261507778994,0.0005480132613756392,0,0,0,0
2022-12-19,-0.013377926421404562,0.012712152758321691,0.012950473731399547,0.0005502750915865781,0,0,0,0
2022-12-20,-0.014705315870570224,0.012628648872721027,0.012937149421065863,0.0005548925443785964,0,0,0,0
2022-12-21,-0.004153919834234188,0.012723445652835867,0.012932377627302982,0.0005563714958297752,0,0,0,0
2022-12-22,0.0036608825376884813,0.012626582831532018,0.01295597962157132,0.000531075283063397,0,0,0,0
2022-12-23,-0.002219810093779584,0.012736203458200935,0.012987801400423585,0.0004949071510320311,0,0,0,0
2022-12-26,-0.034429699903953614,0.012667319220232126,0.012993531606953792,0.0004902459479073063,0,0,0,0
2022-12-27,0.019650632859999462,0.012416343345484717,0.012987744282370045,0.000496621672116573,0,0,0,0
2022-12-28,0.011039549259882264,0.012423083335420438,0.012986839885478264,0.0004976847549638297,0,0,0,0
2022-12-29,-0.006271783864679081,0.012525149814556073,0.013008407022206686,0.0004652367531594743,0,0,0,0
2022-12-30,-0.0021797501213723924,0.010743887001302278,0.012881731966766974,0.0006823808243487416,0,0,0,0
2023-01-03,0.03655085444200634,0.012135284205332506,0.012823029688820545,0.0006940595088525903,0,0,0,0
2023-01-04,0.002346968100392477,0.010285049400183122,0.01263820075047078,0.0008450603284965188,0,0,0,0
2023-01-05,0.009050508911931932,0.010263102188182995,0.012461091833999436,0.0009520083715083409,0,0,0,0
2023-01-06,-0.004148434392225786,0.010363020472077182,0.012317466791488842,0.001041498874337513,0,0,0,0
2023-01-09,0.0026344822338888463,0.010301330852931133,0.012153286871467764,0.0010889135171166413,0,0,0,0
2023-01-10,-0.0008157767427743323,0.010326392319848478,0.011991892500312679,0.001109355434556202,0,0,0,0
2023-01-11,0.0022879384819860515,0.01037169069376916,0.011848746993599769,0.0011251581715175556,0,0,0,0
2023-01-12,0.0005967265287565304,0.010453611178247325,0.011720507651181898,0.0011309765489940676,0,0,0,0
2023-01-13,0.0035782239513815206,0.01047922672292608,0.011598172520364658,0.0011260426827754627,0,0,0,0
2023-01-16,0.0061405246328418706,0.010401150211015432,0.01147913372675603,0.0011201422740724067,0,0,0,0
2023-01-17,0.020259121760977994,0.010664350174845082,0.011376743597582197,0.0010948087336520387,0,0,0,0
2023-01-18,0.009179538542116505,0.010589238938705312,0.011274773100881413,0.0010666833552805573,0,0,0,0
2023-01-19,0.008923043304075451,0.01052646258428565,0.011164923947453902,0.0010218258674524992,0,0,0,0
2023-01-27,0.008140206483286283,0.01044756367371586,0.011055972989563094,0.0009727656397837155,0,0,0,0
2023-01-30,-0.013006892847551632,0.010328501024024663,0.010935587867854282,0.0009001571877722001,0,0,0,0
2023-01-31,0.007809027998222362,0.008592266839980328,0.010731835248841689,0.0009474990253859537,0,0,0,0
2023-02-01,-0.03168703540380502,0.00974199650940488,0.010598117907037699,0.000883829595134921,0,0,0,0
2023-02-02,0.0015056181863806195,0.009886251085024795,0.010471276294517917,0.0007846024798265364,0,0,0,0
2023-02-03,-0.00040831856271850153,0.010052449202266342,0.01034764126390343,0.0006218701529993896,0,0,0,0
2023-02-06,0.011270482291231287,0.009953696701568253,0.010308131748916729,0.0006204704859571964,0,0,0,0
2023-02-07,-0.0215277841529804,0.008174308324878718,0.01011008295489404,0.0006384577909077627,0,0,0,0
2023-02-08,0.005985889064024752,0.008075531962069409,0.009999607082988355,0.0007816859237573015,0,0,0,0
2023-02-09,-0.007638357799705342,0.008076158163487905,0.0098902598817536,0.000888544482543585,0,0,0,0
2023-02-10,-0.008204655883762735,0.008015075214266016,0.009772862618863041,0.0009738120229945999,0,0,0,0
2023-02-13,-0.010992134937932274,0.007905907769217305,0.009653091464677351,0.001049742485092244,0,0,0,0
2023-02-14,-0.004848136437673567,0.007735852482856579,0.009523564472827756,0.0011197780055987622,0,0,0,0
2023-02-15,0.009204344142339949,0.007563289466885671,0.009383144411483581,0.0011821736668737987,0,0,0,0
2023-02-16,0.009626025567639696,0.00726461026673546,0.009223694365907985,0.0012436567151450884,0,0,0,0
2023-02-17,0.0009638189910137207,0.007408286218338418,0.009070147340678604,0.0012697859318340726,0,0,0,0
2023-02-20,0.025847013622074755,0.008159159681755459,0.008958047814215605,0.0012448160662733238,0,0,0,0
2023-02-21,-0.00410420635139741,0.007976397027695334,0.008823650156858117,0.001195004726987221,0,0,0,0
2023-02-22,-0.02582630309638434,0.00871576241318052,0.008729976330581878,0.0011204212073797786,0,0,0,0
2023-02-23,-0.0005880790681791481,0.00900841385275687,0.008654073894005439,0.0010409123263910678,0,0,0,0
2023-02-24,-0.01338192585843645,0.009013643237012123,0.008582377872170251,0.0009568684968492731,0,0,0,0
2023-02-27,-0.017613220978106026,0.00913317615730498,0.008522611628834269,0.0008759758978180502,0,0,0,0
2023-02-28,0.0033586291309670724,0.009267005822625969,0.008556348577966551,0.0008916527802546335,0,0,0,0
2023-03-01,0.015487762033024932,0.007953680026507896,0.008466932753821701,0.000855428286194878,0,0,0,0
2023-03-02,-0.0028254288597376886,0.00788538220922451,0.008366889310031687,0.0007956115225459137,0,0,0,0
2023-03-03,-0.012374591609564223,0.007568078820374361,0.008242670790937087,0.0007076773513887804,0,0,0,0
2023-03-06,0.0023517472213276935,0.007785114209004256,0.008134241666308887,0.0005876782281581209,0,0,0,0
2023-03-07,0.010377927919157148,0.007311330034530373,0.00809109275179147,0.0006155994056833902,0,0,0,0
2023-03-08,0.010926539736375585,0.007266832825216417,0.008050657794948821,0.0006426406260586716,0,0,0,0
2023-03-09,0.006452658266455691,0.007290426891200326,0.008011371231334441,0.0006646401712508435,0,0,0,0
2023-03-10,-0.002793692883185761,0.007450137848579353,0.007983124363050109,0.0006763756378723909,0,0,0,0
2023-03-13,-0.00018993352326690527,0.007722634974414429,0.007973960723309964,0.000678714300796242,0,0,0,0
2023-03-14,-0.01203457446808498,0.007688500509293045,0.007971593124631788,0.000679670540511553,0,0,0,0
2023-03-15,0.021208887350619543,0.00813491661830796,0.008000174482202903,0.0006735887248943692,0,0,0,0
2023-03-16,-0.013924062550014549,0.008183461339553133,0.008046117035843788,0.0006517603138744123,0,0,0,0
2023-03-17,-0.002157723887721952,0.008117152373941547,0.008081560343623943,0.000634289155970884,0,0,0,0
2023-03-20,-0.021088083893067044,0.0076927194927321136,0.008058238334172777,0.0006398367045710266,0,0,0,0
2023-03-21,0.009119343172710348,0.0075728279810674155,0.008038059881841381,0.0006488536845243655,0,0,0,0
2023-03-22,0.007855254109237375,0.006628967835854435,0.007933720152975075,0.000699914846970252,0,0,0,0
2023-03-23,0.004382339938877822,0.006417268266478385,0.007804162873661151,0.000729696875436812,0,0,0,0
2023-03-24,0.0016170701368289908,0.006579407244055362,0.007682451074013314,0.0007202923905526115,0,0,0,0
2023-03-27,0.005215945891726248,0.006293788559592764,0.007540481694127701,0.0006988063373404041,0,0,0,0
2023-03-28,0.0019387027797577172,0.006359970435029241,0.007395129924747866,0.0006185064427341651,0,0,0,0
2023-03-29,0.0019349514839370752,0.006265727349983988,0.007310732290921671,0.0006525079923756423,0,0,0,0
2023-03-30,0.002944155708916929,0.0062610815728091586,0.0072295172591009035,0.0006778135668116028,0,0,0,0
2023-03-31,0.0049082534168995995,0.006179989156686075,0.00716011277591649,0.0007115490535662005,0,0,0,0
2023-04-03,0.013751127141568897,0.006237520295478686,0.007082733080240211,0.0007240433544931351,0,0,0,0
2023-04-04,-0.0007690312059891458,0.00639187858361603,0.007036760507694492,0.000737823635466016,0,0,0,0
2023-04-05,0.0022346886735591376,0.006424909049800187,0.006994664318923682,0.0007479543251271021,0,0,0,0
2023-04-06,-0.00920563255185669,0.00644594471068664,0.006952440209897996,0.0007541896305828188,0,0,0,0
2023-04-07,-0.0011205423424938132,0.0065134166401901086,0.006905604149478535,0.0007507331294980262,0,0,0,0
2023-04-10,-0.00407587103046636,0.006359486640667816,0.006837446732791205,0.0007343525862724806,0,0,0,0
2023-04-11,0.003857887079363742,0.006286228106897778,0.00676733311267144,0.0007155208536018915,0,0,0,0
2023-04-12,-9.350513343164835e-06,0.00543448472313241,0.006632311517912663,0.0006984575227421966,0,0,0,0
2023-04-13,-0.004815559399691471,0.005070119679020585,0.006476644434886036,0.0006812816122262215,0,0,0,0
2023-04-14,-0.010720661467631176,0.005164795908495879,0.0063290266116137524,0.000624609684065036,0,0,0,0
2023-04-17,0.0008737854856630811,0.0037555030278653306,0.006132165788370414,0.0007746268907865905,0,0,0,0
2023-04-18,0.0011482145737846672,0.0036689857427884033,0.005936973676456464,0.0008775155944358131,0,0,0,0
2023-04-19,-0.005725009952417981,0.0035863283095029282,0.005784841700138888,0.0010056271599370012,0,0,0,0
2023-04-20,0.0002573928959559435,0.003684237722234311,0.005648190172926684,0.0010967304189137609,0,0,0,0
2023-04-21,-0.006042411246128143,0.0036755612012313553,0.005502997870785484,0.0011574931705614932,0,0,0,0
2023-04-24,-0.0014862260405981154,0.003709220702311765,0.005373769477921434,0.0012077448629186707,0,0,0,0
2023-04-25,-0.0062514404240607835,0.0037151079212145795,0.005241526352230701,0.0012384860530899934,0,0,0,0
2023-04-26,0.005749625549596571,0.0036956184992173054,0.005113020909692367,0.001259776020218641,0,0,0,0
2023-04-27,-0.0011241352805532179,0.003752661053248692,0.004987599883714343,0.001264320158048756,0,0,0,0
2023-04-28,0.009128247549608837,0.003909562427139335,0.004874078547237006,0.001253505284805875,0,0,0,0
2023-05-04,-0.008111560164709486,0.003366603444403267,0.004730532704683235,0.0012535346674654125,0,0,0,0
2023-05-05,-0.0002882924438549761,0.00339351210368845,0.0045806143806868555,0.0012233189963299957,0,0,0,0
2023-05-08,0.012621237900241278,0.0038546305781109944,0.004452100457102396,0.0011523201093271741,0,0,0,0
2023-05-09,0.00031325941676785263,0.003811762382002084,0.004320391340668169,0.0010592118015091934,0,0,0,0
2023-05-10,0.0042608918454691835,0.0037428977084752266,0.004181865394082425,0.0009306764190347998,0,0,0,0
2023-05-11,-0.0010772399977322378,0.0038135557444285975,0.0040545688492704636,0.0007788839127078985,0,0,0,0
2023-05-12,0.009251551384894974,0.003975859333592924,0.003939050410605221,0.0005751679293590146,0,0,0,0
2023-05-15,-0.0011153810104039819,0.0039179245137506815,0.0038632224001361347,0.000455069084940314,0,0,0,0
2023-05-16,0.0001876683150201508,0.004034364637268304,0.003811434648048521,0.00035936484667770054,0,0,0,0
2023-05-17,-0.005131765346042427,0.0037487013889878932,0.0037406299220731215,0.00016635430540831467,0,0,0,0
2023-05-18,0.007421447700954209,0.0037465549894175215,0.0037401825201507305,0.00016632422955548698,0,0,0,0
2023-05-19,-0.0011607117784163679,0.0037459965773092635,0.003744033061876774,0.0001654784969540851,0,0,0,0
2023-05-22,0.0033456099412412232,0.003737310546954003,0.003751582173749328,0.0001612964168384896,0,0,0,0
2023-05-23,-0.004473959500859492,0.00361929582457099,0.003748335078866162,0.00016336392665960493,0,0,0,0
2023-05-24,-0.0038091663930196473,0.003601243450964798,0.003744619191352834,0.0001659314112377518,0,0,0,0
2023-05-25,0.0026747285244730357,0.0035616888042775538,0.0037372425964511237,0.00017079591112971064,0,0,0,0
2023-05-26,-0.0008171853132075135,0.00361783772155804,0.003732379086468296,0.00017283215582074502,0,0,0,0
2023-05-29,0.010547491915469775,0.003882169845564736,0.0037417066537856676,0.00017575311453730863,0,0,0,0
2023-05-30,0.002855867085899133,0.0038254953288012106,0.003745348367563294,0.00017674383629991648,0,0,0,0
2023-05-31,-0.0026714901906218502,0.0036776985585182604,0.0037337551741322395,0.00017296964844081106,0,0,0,0
2023-06-01,0.0029948752290336333,0.00356055418168072,0.0037434527109961127,0.0001558961923628911,0,0,0,0
2023-06-02,0.011544988362280684,0.0038459992090426314,0.0037660770662638217,0.00013369032552976756,0,0,0,0
2023-06-05,0.006398738586777197,0.003369247765667538,0.0037418079256416486,0.00015851961613386916,0,0,0,0
2023-06-06,0.009555300504636488,0.003454859196551917,0.0037239627663691404,0.0001699098612821811,0,0,0,0
2023-06-07,0.0011097978002545528,0.003540243956878154,0.0037138300787892867,0.00017469650375106664,0,0,0,0
2023-06-08,-0.007408475584476437,0.0035097413432625254,0.0036986393587309834,0.00017873095689478803,0,0,0,0
2023-06-09,0.005638688119711022,0.0033539554235604754,0.003667544163229361,0.00018203068294492383,0,0,0,0
2023-06-12,0.0076657065722824935,0.003321275300839082,0.003637711702583781,0.00018764194796768016,0,0,0,0
2023-06-13,0.005770505904912238,0.0031364342161672495,0.003592815181528728,0.0001950185049036612,0,0,0,0
2023-06-14,-0.004490137733193178,0.003139908221224127,0.00356237552314054,0.000215809964747607,0,0,0,0
2023-06-15,-0.00040271339335262724,0.00325885655873594,0.0035379906016064612,0.00022138488452105555,0,0,0,0
2023-06-16,-0.0015667385874285067,0.0032363970188679972,0.003512510623684397,0.00022547280061384995,0,0,0,0
2023-06-19,-0.008805437492154011,0.0033371088507882845,0.0034925005388761116,0.00022220715785865462,0,0,0,0
2023-06-20,0.005717387371087401,0.0033371968651157123,0.003478395590903348,0.0002226878384564308,0,0,0,0
2023-06-21,0.006062677652646453,0.0033285604647159866,0.0034647614415909073,0.0002231177128899953,0,0,0,0
2023-06-22,0.0061155517407862625,0.0032778022659907613,0.003450567114676567,0.00022564270821864743,0,0,0,0
2023-06-23,0.003625699813383232,0.0031275354243762298,0.003426051999817477,0.00023302678901265166,0,0,0,0
2023-06-26,0.002346420159733631,0.0029711841852893845,0.0033805027168037098,0.00022816138094922526,0,0,0,0
2023-06-27,0.002031748275222345,0.0030099521704392727,0.0033397255588856123,0.00021705304346822821,0,0,0,0
2023-06-28,0.003543942239030873,0.002979126837043338,0.0033047969728118667,0.00021600853018109955,0,0,0,0
2023-06-29,-0.01138489919620489,0.0032404521085712848,0.0032887918691563945,0.00020776242276041802,0,0,0,0
2023-06-30,-0.00462950621562308,0.0029213786981221903,0.0032425608436103723,0.00017798662369608375,0,0,0,0
2023-07-03,0.0047492367298112015,0.002909416070447619,0.0032195692588493766,0.00019005111921032014,0,0,0,0
2023-07-04,0.005775211017325699,0.0027237326408432513,0.0031830129310639428,0.00021151513885067636,0,0,0,0
2023-07-05,0.002314487632508744,0.0026467566659016026,0.0031383385665151157,0.0002259570551258964,0,0,0,0
2023-07-06,-0.007403359715146829,0.002646512115788351,0.003095177105141407,0.0002335954920891107,0,0,0,0
2023-07-07,0.01052192289250753,0.002919520075506323,0.0030734553377386995,0.00022840668887767616,0,0,0,0
2023-07-10,0.00962155227710082,0.003035291710843742,0.003059156158238932,0.00022090425320255434,0,0,0,0
2023-07-11,0.0023933438930567874,0.003103485569032318,0.003057508725882186,0.0002204199353785385,0,0,0,0
2023-07-12,0.002109796226677174,0.003175932828698336,0.003059309956255896,0.00022127426575362623,0,0,0,0
2023-07-13,0.009721018887541177,0.003140656151660453,0.003053399935902122,0.00021720515443447182,0,0,0,0
2023-07-14,0.0025570180707383816,0.0030822812694911,0.003045694148433277,0.00021306560874784618,0,0,0,0
2023-07-17,0.004048271140020487,0.0030020970302355432,0.0030289435574056404,0.0002018217886314702,0,0,0,0
2023-07-18,0.0008183236299470487,0.003164607289496867,0.0030203140786246975,0.000191366806967779,0,0,0,0
2023-07-19,-0.0009454130432929864,0.003286246576554969,0.003018198384216647,0.00018798356269580571,0,0,0,0
2023-07-20,-0.0001449300073318449,0.0034315686383610683,0.0030258867028351622,0.00020179681857436716,1,0,0,0
2023-07-21,0.011161228161424397,0.003727486383917548,0.003055884250812228,0.00025522227216365656,1,1,0,0
2023-07-24,0.0040644236444893345,0.0036848245344228217,0.0030915662682688997,0.00029024104390844616,1,0,0,0
2023-07-25,0.004350309056705193,0.0036225717488495824,0.003122197247189416,0.00031263718924336197,0,0,0,0
2023-07-26,0.004130780165565451,0.0036115545278563336,0.0031538186317300655,0.0003289617956172505,0,0,0,0
2023-07-27,-0.0029229539322473963,0.0033261136081743393,0.003158101706710218,0.00033070217970024806,0,0,0,0
2023-07-28,0.008635881503010978,0.0034391535515828314,0.0031839904493832496,0.00033146108117012657,0,0,0,0
2023-07-31,0.012611060968642063,0.0038441267276799465,0.0032307259822448664,0.00035571774248080977,0,0,0,0
2023-08-01,-0.004366669392427913,0.003848105284747236,0.0032869446144400656,0.00036019522461049937,0,0,0,0
2023-08-02,0.002357173363119802,0.0038464075146951377,0.0033469271568797422,0.0003476440569385588,0,0,0,0
2023-08-03,-0.0077677539883483915,0.0038580184946960332,0.003407502475825127,0.00032391658743265774,0,0,0,0
2023-08-04,0.012411742846525353,0.004013617830920853,0.0034622073635958523,0.00032950630234433454,0,0,0,0
2023-08-07,0.012594006427511184,0.004229094846824904,0.0035218975203949107,0.00035522526606757094,0,0,0,0
2023-08-08,0.0006524786132009464,0.0043135939155078415,0.003582402937718687,0.0003822379607331972,0,0,0,0
2023-08-09,-0.006633232171176062,0.004249081504899809,0.0036360603715287613,0.00039720545341528294,0,0,0,0
2023-08-10,-0.010842875550045039,0.0043126547525201165,0.0036946603015717444,0.00040661289307870397,0,0,0,0
2023-08-11,0.009503444998812283,0.00432583770975912,0.003756838123585145,0.000403106493844095,0,0,0,0
2023-08-14,0.0037574764041843345,0.0043333954508961775,0.0038234030446181767,0.00038124232669752375,0,0,0,0
2023-08-15,-0.0022557485204229843,0.004253529361295697,0.0038778491482081186,0.00035933255078791486,0,0,0,0
2023-08-16,0.007463230825331291,0.004083669909287533,0.003917720314844746,0.0003335496604219679,0,0,0,0
2023-08-17,-0.007866415713527308,0.0038141688724100367,0.003936850326547195,0.00031463533153162405,0,0,0,0
2023-08-18,-0.04498654214093456,0.009339260021371249,0.004217439008419879,0.0012449584547595115,1,1,1,1
2023-08-21,0.0015025594444775248,0.009420638273813465,0.004504229695389412,0.0016950878875258255,1,1,0,0
2023-08-22,0.0006187699193056506,0.009540845023596709,0.004800143359126768,0.0020187543225856277,1,0,0,0
2023-08-23,-0.00671754949216008,0.009500310596824175,0.005094581162575161,0.002252214904380011,0,0,0,0
2023-08-24,0.014353210070273681,0.009502143462058237,0.005403382655269356,0.0024145276123996914,0,0,0,0
2023-08-25,-0.0050614180378179,0.009540808383265138,0.005708465396853471,0.002535718670353769,0,0,0,0
2023-08-28,0.01550656176850862,0.009624621736625876,0.005997490147300767,0.0026393512959494857,0,0,0,0
2023-08-29,0.002255101021868766,0.009687890555128418,0.006289479410819826,0.002711101691851938,0,0,0,0
2023-08-30,0.007248241906960162,0.00957900029181633,0.006576109049675887,0.002742075583694229,0,0,0,0
2023-08-31,0.008976557090573323,0.00957462914651327,0.006861939582266748,0.002741779255827099,0,0,0,0
2023-09-05,0.008929373800089957,0.009542084003221938,0.007138362890881803,0.0027180852071484484,0,0,0,0
2023-09-06,0.008518356572576158,0.009502169373179957,0.007402016617199555,0.002676459085184089,0,0,0,0
2023-09-07,-0.0018948213568846795,0.009450835403306126,0.007658878691589469,0.00261015196762065,0,0,0,0
2023-09-08,-0.001335328281609538,0.00958640286718975,0.007925744759703967,0.0025142672388041593,0,0,0,0
2023-09-11,-0.014378000451074402,0.00966454159416349,0.008193339101786134,0.0023912792833387948,0,0,0,0
2023-09-12,0.017824015429500628,0.0098796159741986,0.008471028015008108,0.0022359485874674356,0,0,0,0
2023-09-13,-0.005660650051387384,0.009834792434243168,0.008746097864175458,0.0020289540648390056,0,0,0,0
2023-09-14,-0.011773350883001465,0.009712244797769592,0.009019033635999154,0.0017392803530061952,0,0,0,0
2023-09-15,0.002900777081409567,0.009819144151400713,0.009305807348104812,0.0013000891723167903,0,0,0,0
2023-09-18,-0.012669469430321989,0.009837983818414553,0.009606998095405038,0.0001495971056162418,0,0,0,0
2023-09-19,-0.00025581568067600813,0.005520131315625721,0.00941604166011776,0.0009269848060411103,0,0,0,0
2023-09-20,0.012059430458109643,0.005428589867566442,0.00921643923980541,0.0012861538732360709,0,0,0,0
2023-09-21,-0.010904404988133165,0.005179306178987607,0.008998362297574955,0.0015672922864257267,0,0,0,0
2023-09-22,-0.016235961541633093,0.005441348128621402,0.008795414174164816,0.0017509145880428702,0,0,0,0
2023-09-25,-0.033401785340094636,0.007655763180278602,0.008703095160075834,0.0017603411465433511,0,0,0,0
2023-09-26,-0.013215400624349671,0.007602045526253078,0.008606157017225233,0.0017651572894445621,0,0,0,0
2023-09-27,0.01396358395725672,0.007554073901729743,0.008502629625480426,0.0017629979692725484,0,0,0,0
2023-09-28,-0.0012306625644580294,0.007614158416602808,0.008398943018554145,0.0017505577204822503,0,0,0,0
2023-09-29,0.0014924984597763924,0.007835898739235653,0.00831178794092511,0.0017320076252297215,0,0,0,0
2023-10-02,0.0009530823549797063,0.008086037208295928,0.008237358344014244,0.0017066828097380062,0,0,0,0
2023-10-03,-0.032157541657649946,0.009540202410336535,0.008237264264369973,0.0017066071525010293,0,0,0,0
2023-10-04,0.0094535372506932,0.00953153779324053,0.008238732685373003,0.0017077650429177028,0,0,0,0
2023-10-05,-0.013095058786004699,0.009314266320838527,0.008231904231249624,0.001702929587828063,0,0,0,0
2023-10-06,0.013152106581439726,0.009022597110661359,0.008203713943423202,0.0016838872519628805,0,0,0,0
2023-10-09,0.00781540751767773,0.009044700177037974,0.008172721872566926,0.0016611359385417068,0,0,0,0
2023-10-10,0.005565520151930903,0.00900964326558589,0.008129223237136291,0.0016250860193945877,0,0,0,0
2023-10-11,0.006225463193697545,0.008993233719917516,0.008087145301420007,0.001589096459808734,0,0,0,0
2023-10-12,0.0006951625376907522,0.009275047090125442,0.008065285416037802,0.0015684375196479998,0,0,0,0
2023-10-13,0.0027092505275223555,0.009283262376180339,0.008038491327276782,0.001541240405369554,0,0,0,0
2023-10-16,-0.011526504031245333,0.009271824484630943,0.008010183360587602,0.001511359241622846,0,0,0,0
2023-10-17,-0.017320530567188186,0.00908157544666542,0.008188255567139587,0.0014088677048964256,0,0,0,0
2023-10-18,-0.016270672669727593,0.009152106247633999,0.008374431386142965,0.0012635222414337935,0,0,0,0
2023-10-19,-0.014092804060177766,0.009171332835735693,0.008574032718980369,0.0010250210171635678,0,0,0,0
2023-10-20,0.018550351610975735,0.009248133162828355,0.008764371970690717,0.0007210668878311687,0,0,0,0
2023-10-23,-0.013086288277393221,0.007722449985621923,0.008767706310957883,0.0007158056665888834,0,0,0,0
2023-10-24,0.01131198961162494,0.007700590093767626,0.008772633539333611,0.0007076522971100265,0,0,0,0
2023-10-25,-0.003833981372637685,0.007795640786502957,0.00878471188357227,0.0006875346199586584,0,0,0,0
2023-10-26,-0.04194579089737305,0.010293642199206468,0.008918686072702454,0.0007081877104173087,0,0,0,0
2023-10-27,0.004898384575299453,0.010136543407062692,0.009033718306093806,0.00070989868118793,0,0,0,0
2023-10-30,-0.01717863136655895,0.009830941931217965,0.009120963542239909,0.0006943530890890946,0,0,0,0
2023-10-31,-0.013632003069838916,0.0087484395010621,0.009081375396776186,0.0006917584968656698,0,0,0,0
2023-11-01,0.01115552572968026,0.008729414680596822,0.009041269241144002,0.0006875251815438926,0,0,0,0
2023-11-02,0.03444395283073298,0.010049674872898191,0.009078039668746983,0.000721709952513801,0,0,0,0
2023-11-03,0.0012180720987102767,0.010405083933571169,0.009147164009892475,0.0007799746611394262,0,0,0,0
2023-11-06,0.011961589182562848,0.010344317708859768,0.009212144886483564,0.0008238892626097333,0,0,0,0
2023-11-07,-0.008599012536020467,0.01025324489595166,0.009274324968001851,0.0008541734045670748,0,0,0,0
2023-11-08,0.03067694785659425,0.010839824350613684,0.00936665449953666,0.0009194939419297328,0,0,0,0
2023-11-09,0.0004131377814502457,0.010858560139706623,0.00944583015201572,0.0009775352441745973,0,0,0,0
2023-11-10,-0.010961585075725644,0.010549687023582147,0.00950915138438581,0.001007022919831502,0,0,0,0
2023-11-13,-0.00146140440055198,0.01093958963506879,0.009592539641907703,0.001054278639940781,0,0,0,0
2023-11-14,0.008781259374403438,0.010975939637099493,0.009687257851429406,0.001090433180839744,0,0,0,0
2023-11-15,0.01150730357834795,0.01096944160466957,0.009778124619281185,0.001118841469972658,0,0,0,0
2023-11-16,0.002699331848552422,0.011229018786822902,0.009881008916835545,0.0011541575306791424,0,0,0,0
2023-11-17,-0.021625367604595103,0.011330819262941282,0.009985143221841191,0.0011875239999110266,0,0,0,0
2023-11-20,0.0022430279969851696,0.01158650968803688,0.01017834620696194,0.0011119470302975013,0,0,0,0
2023-11-21,0.00616131779714757,0.01167187440717119,0.010376910422632118,0.0009945878262670946,0,0,0,0
2023-11-22,0.0030257731030383095,0.011703973369802305,0.010572327051797085,0.0008312730848802751,0,0,0,0
2023-11-23,-0.022741556086261605,0.009764815977933024,0.010545885740733413,0.0008488292221771466,0,0,0,0
2023-11-24,0.006541171714944394,0.009715188382646742,0.010524817989512615,0.0008646060822491573,0,0,0,0
2023-11-27,-0.00689113827000476,0.00966262053015573,0.010516401919459503,0.0008724989441021108,0,0,0,0
2023-11-28,0.006773523518923685,0.009679894149980802,0.010562974651905439,0.0007945375182128769,0,0,0,0
2023-11-29,0.006727951580657754,0.009714538434481224,0.01061223083959966,0.0006997701086875133,0,0,0,0
2023-11-30,-0.007861806311207697,0.0078783728947581,0.010503665740692654,0.0009241117592507931,0,0,0,0
2023-12-01,0.007339164450293811,0.007678827019169075,0.010367352894972549,0.0011197753515275366,0,0,0,0
2023-12-04,0.016630979168178683,0.007835017135083503,0.010241887866283736,0.0012549146381625803,0,0,0,0
2023-12-05,-0.004033949432837414,0.007928072589841828,0.010125629250978246,0.001357332815548621,0,0,0,0
2023-12-06,0.00937301181931427,0.006124363127746689,0.009889856189834895,0.001612336850865146,0,0,0,0
2023-12-07,-0.004385536606802076,0.005919888366773186,0.009642922601188222,0.0018208688718663786,0,0,0,0
2023-12-08,0.00263042916120515,0.006021529325234955,0.009416514716270863,0.0019770094701534497,0,0,0,0
2023-12-11,0.0009426914730887859,0.006052085781701651,0.009172139523602506,0.002078309062271961,0,0,0,0
2023-12-12,0.0018924922256775556,0.006196344810779392,0.0089331597822865,0.0021340280123986247,0,0,0,0
2023-12-13,-0.011909934996408467,0.006210341103826937,0.00869520475724437,0.002160193480772682,0,0,0,0
2023-12-14,-0.0036528450906478938,0.006174120027645648,0.008442459819285507,0.0021437833774247844,0,0,0,0
2023-12-15,-0.007053228000324374,0.005227771819125808,0.008137307447094734,0.002145369253883641,0,0,0,0
2023-12-18,-0.009452961988569264,0.005134549270554401,0.007814709426220609,0.0020836171279405512,0,0,0,0
2023-12-19,0.0040480638898046095,0.005180774494319161,0.007490154430578008,0.0019526084983990727,0,0,0,0
2023-12-20,0.004068229499224696,0.005141713375075848,0.0071620414308416844,0.0017478808453166015,0,0,0,0
2023-12-21,0.001517133616773858,0.003787486624249684,0.006863174963157517,0.0017899341803343592,0,0,0,0
2023-12-22,0.0005714648549113299,0.0039879737525836435,0.006576814231654364,0.0017676355767857334,0,0,0,0
2023-12-25,0.013235907384911094,0.004311243611178972,0.0063092453857055255,0.0016787357883099009,0,0,0,0
2023-12-26,0.004106794552905191,0.004333915398757568,0.006041946448144363,0.0015330843372429906,0,0,0,0
2023-12-27,-0.00023167743372687344,0.0045215223553508755,0.005782295644187846,0.0013004450825295768,0,0,0,0
2023-12-28,0.006185438372890983,0.004495718144927459,0.005613162906696315,0.0012316359468149678,0,0,0,0
2023-12-29,0.0008857945133888823,0.004599480892033265,0.005459195600339523,0.0011495555062491594,0,0,0,0
2024-01-02,0.0015841689308186968,0.0038200432815575507,0.005258446907663226,0.0010598999700567027,0,0,0,0
2024-01-03,0.01100095429965009,0.004075941698488537,0.005065840363095562,0.0008847789688471311,0,0,0,0
2024-01-04,0.00572467378099395,0.003946519607664599,0.004956948187091457,0.0008816581579144643,0,0,0,0
2024-01-05,0.0034413236929922153,0.003956793890153238,0.00485879346326046,0.0008780801088246646,0,0,0,0
2024-01-08,0.004771884851214159,0.003926507246351201,0.004754042359316272,0.0008567753467976394,0,0,0,0
2024-01-09,-0.001379084460303992,0.0039050164703144596,0.004646688893746913,0.000819263109370291,0,0,0,0
2024-01-10,0.0025461983963266377,0.0038817514654325364,0.00453095922647957,0.0007493322464368827,0,0,0,0
2024-01-11,0.0005854296881726562,0.0036175014936513984,0.004401317245970792,0.0006627859133968593,0,0,0,0
2024-01-12,-0.006470375660374117,0.003645636420532933,0.004274893065615157,0.0005358210872158031,0,0,0,0
2024-01-15,-0.0005022949683901601,0.0036927616194521143,0.004198142555631472,0.0005009499816749312,0,0,0,0
2024-01-16,0.007798149239247154,0.0035838067076646926,0.004120605427486987,0.00046726402275083816,0,0,0,0
2024-01-17,-0.0005072563450030376,0.003669445389293129,0.004045038972235685,0.0004048234715214569,0,0,0,0
2024-01-18,0.005617059344705133,0.0036904499637728906,0.003972475801670537,0.00031883745763463964,0,0,0,0
2024-01-19,0.01064102783432852,0.003932089016313559,0.003979705921273731,0.000316049110732942,0,0,0,0
2024-01-22,0.001151079136690658,0.0039045082753863328,0.003975532647413865,0.00031648495200984765,0,0,0,0
2024-01-23,-0.004531390020796944,0.0033097397693889184,0.003925457455324363,0.0003390015975824404,0,0,0,0
2024-01-24,-0.0038471337579617515,0.003309738312220821,0.0038742486009975255,0.0003511893189020361,0,0,0,0
2024-01-25,-0.002216595479850425,0.0032202883795159946,0.0038091869022057814,0.00034545050538305926,0,0,0,0
2024-01-26,0.004528482445722348,0.0031840939963690973,0.003743605694777863,0.00033251696276946326,0,0,0,0
2024-01-29,1.701157637779005e-05,0.0032341548364766574,0.0036753393920000337,0.0002841974056241954,0,0,0,0
2024-01-30,0.0033682348238055493,0.003189969792491903,0.0036438357175467505,0.0003016960778402313,0,0,0,0
2024-01-31,-0.013003857076251513,0.003441759212463442,0.003612126593245496,0.00028685223668764457,0,0,0,0
2024-02-01,0.007480825553332071,0.003506315671755438,0.003590116396450038,0.0002765471498693333,0,0,0,0
2024-02-02,-0.0004006751803038444,0.0036063598626207725,0.0035725946950734147,0.00026285471886259405,0,0,0,0
2024-02-05,0.011521896720822156,0.003972902003099497,0.0035749144329108294,0.0002663242665952821,0,0,0,0
2024-02-06,0.0020403689526669044,0.00394906769051802,0.003577116993921007,0.0002693627923503479,0,0,0,0
2024-02-07,0.008456179321486124,0.004020467161093156,0.003584052778704038,0.0002792249679154301,0,0,0,0
2024-02-15,0.00331239101232339,0.003917276421307393,0.003599041525086838,0.00028899016560718913,0,0,0,0
2024-02-16,0.0059875259875259434,0.003908375855303873,0.0036121784968253857,0.00029707840924716875,0,0,0,0
2024-02-19,0.012622964371331813,0.004132598705865335,0.003634170351146046,0.000318840561110129,0,0,0,0
2024-02-20,0.0041552038009093906,0.004103954842679743,0.003660177757896799,0.00033530504827335026,0,0,0,0
2024-02-21,-1.62593694615909e-05,0.0041352962265475465,0.0036834702997595196,0.0003517595510009249,0,0,0,0
2024-02-22,-0.0022194400182108387,0.004188685939470101,0.0037083820985443798,0.0003694763738056979,0,0,0,0
2024-02-23,-0.012474435961574493,0.004334416891114508,0.0037284984922844274,0.00039253054964717726,0,0,0,0
2024-02-26,0.01004125412541268,0.004356631811039625,0.0037511046690670924,0.00041554502280158556,0,0,0,0
2024-02-27,0.010856335312905863,0.004501218068474664,0.00381067858402138,0.0004339392247024229,0,0,0,0
2024-02-28,0.013810547411633456,0.004800177308777759,0.0038852005338492262,0.00046987444651296447,0,0,0,0
2024-02-29,-0.0014507193814514707,0.00483843247349299,0.003966107738548076,0.0004883097246498546,0,0,0,0
2024-03-01,0.004430324172008282,0.004840467570968048,0.004048926417278024,0.0004891594460331613,0,0,0,0
2024-03-04,0.002487522649966767,0.004698905640909538,0.004122163957499667,0.00047002843282097073,0,0,0,0
2024-03-05,0.006793984509398054,0.00464054974323222,0.004194692955036683,0.0004287151291600183,0,0,0,0
2024-03-06,-0.005708751318918459,0.004397507433625872,0.0042424803660948045,0.00039207198159940584,0,0,0,0
2024-03-07,0.004537787175405761,0.004405618956881399,0.004287445530351102,0.00035280281946529276,0,0,0,0
2024-03-08,-0.01664222758305356,0.004768844311213122,0.00434556975278072,0.0003296908722614126,0,0,0,0
2024-03-11,-0.009508157293462105,0.004688445027051333,0.004381346903978312,0.0003259243910459416,0,0,0,0
2024-03-12,0.0076973508486510855,0.00454985088760814,0.004411386063832819,0.00031134586593898716,0,0,0,0
2024-03-13,0.02048995983935753,0.005439028590336989,0.004482314135295011,0.0003730672624440465,1,1,0,0
2024-03-14,-0.004919284381862399,0.0053814007658055,0.004555520352519915,0.00039909836605509804,1,0,0,0
2024-03-15,-0.00037966873902517406,0.005623777286775478,0.004641290424093495,0.00043537989362723846,1,0,0,0
2024-03-18,-0.015999620187057917,0.005830589916697814,0.0047261899846351195,0.0004927401736067484,1,0,0,0
2024-03-19,-0.0008845572388946898,0.005980107458121523,0.004819997615407208,0.0005439717350263013,1,0,0,0
2024-03-20,0.014181543067784741,0.005876653872315574,0.00490706549769561,0.0005674638802545028,0,0,0,0
2024-03-21,0.012967430639324595,0.005784392833564792,0.004986850842400344,0.0005732919662362908,0,0,0,0
2024-03-22,0.004214913586436886,0.005804042674075028,0.00506033213154837,0.0005794167813794635,0,0,0,0
2024-03-25,-0.010875331564986768,0.0058194317009332966,0.005133472126043054,0.0005782369375775039,0,0,0,0
2024-03-26,0.011318284353162067,0.005830425785412609,0.0051999325118899506,0.0005781304130721135,0,0,0,0
2024-03-27,0.0006863150341986923,0.0059347396133719735,0.0052566606271196616,0.0005923297618495669,0,0,0,0
2024-03-28,0.005525723059177645,0.005772710041686705,0.005303374505529348,0.0005944473271230053,0,0,0,0
2024-03-29,-0.004720271590010761,0.00576359747243713,0.005349531000602802,0.0005924480336173907,0,0,0,0
2024-04-01,-0.002001417346136125,0.005789155100661176,0.005404043473590384,0.0005794472218215179,0,0,0,0
2024-04-02,0.004307384980335893,0.005842930351017364,0.005464162503979641,0.0005580433690578508,0,0,0,0
2024-04-03,-0.01209752610641468,0.005892506324186943,0.0055389124485076945,0.0005052779296844932,0,0,0,0
2024-04-04,-0.002532501749943017,0.005974549474315434,0.005617358974379396,0.0004372857833429911,0,0,0,0
2024-04-05,-0.010360733293908964,0.005658464783984187,0.00566183999801795,0.00038901356996087397,0,0,0,0
2024-04-08,-0.00379249627522682,0.005710863709905747,0.00571296093216067,0.00031438646610518434,0,0,0,0
2024-04-09,0.00997320750189945,0.005737664142547573,0.0057723515949076425,0.00015477970895265978,0,0,0,0
2024-04-10,-0.003373402385138058,0.004936170429283857,0.0057472086868549845,0.00023290271377901886,0,0,0,0
2024-04-11,-0.00028604118993125205,0.005131735119443764,0.005734725404536898,0.00025879329670380947,0,0,0,0
2024-04-12,0.014624066126212032,0.005221790604056403,0.005714626070400944,0.00028239748004808775,0,0,0,0
2024-04-15,-0.046992010026633224,0.010192306571614494,0.005932711903146778,0.0010412584705265817,1,1,1,1
2024-04-16,-0.0007644191647281362,0.010197242489222784,0.006143568654701842,0.0014122570258435143,1,1,0,0
2024-04-17,-0.018647999473545673,0.010369227861613307,0.006368197354166728,0.0016962919220786525,1,0,0,0
2024-04-19,-0.015222001492024462,0.010426690509412372,0.006600312237959108,0.0019156380275678645,0,0,0,0
2024-04-22,0.013082521172915751,0.010395814060311624,0.0068299008072709375,0.0020830302148370523,0,0,0,0
2024-04-23,-0.010771117944581632,0.010395145743977206,0.007058686509423133,0.0022134082832189054,0,0,0,0
2024-04-24,0.023959571938168667,0.010881032384514731,0.0073112168393782385,0.0023498109730018405,0,0,0,0
2024-04-25,-0.0005308516020934295,0.010888229106197599,0.0075588913140195195,0.002455756876182583,0,0,0,0
2024-04-26,0.0037760276189449105,0.010934509705158552,0.007816981297193111,0.002528326282867314,0,0,0,0
2024-05-02,0.0056551359216878705,0.01091231903929961,0.008074417375536236,0.002570024636144471,0,0,0,0
2024-05-03,0.0038393238843763555,0.010847744456958693,0.008327346843351112,0.0025821753283372948,0,0,0,0
2024-05-06,0.016830053315643356,0.010849338354488173,0.008577667243524652,0.0025712977362373703,0,0,0,0
2024-05-07,0.005678248683129716,0.010905470151480112,0.008828315434889312,0.002539912512149197,0,0,0,0
2024-05-08,0.001465606304509759,0.010949194715636055,0.009077047696955342,0.002488803874829811,0,0,0,0
2024-05-09,-0.0014554643891047103,0.011133868145497694,0.009350817865031018,0.0023922412849845887,0,0,0,0
2024-05-10,-0.0031554331112250145,0.011153564262976895,0.009622952892684574,0.002262427990182724,0,0,0,0
2024-05-13,-0.0036313971238048914,0.011244268009702534,0.009898283086042323,0.0020934746681021653,0,0,0,0
2024-05-14,0.002499637149445899,0.011271753834406248,0.010215062256298441,0.0017550973365991248,0,0,0,0
2024-05-15,0.008936040151856561,0.011057734261867557,0.01051136221341963,0.0012904706321154326,0,0,0,0
2024-05-16,0.011471711349739566,0.011011863272519613,0.010800865846842794,0.00034302531891898996,0,0,0,0
2024-05-17,0.003412727186746345,0.006793418277058366,0.010630921432114988,0.0009555194390633622,0,0,0,0
2024-05-20,0.0035110870231165325,0.006671667960956527,0.010454642705701674,0.001302092595255919,0,0,0,0
2024-05-21,-0.0003444011333927355,0.006364671086622659,0.010254414866952142,0.0015916262092070404,0,0,0,0
2024-05-22,-0.008010085033747338,0.006069481889192659,0.010036554435941154,0.0018448638173989504,0,0,0,0
2024-05-23,0.011145227364216748,0.005975322667515055,0.009815529866301327,0.0020526545891099675,0,0,0,0
2024-05-24,-0.01490987720818393,0.0061983847676919225,0.009605691817487062,0.0021995402671063907,0,0,0,0
2024-05-27,0.004556512643332011,0.004691986937990448,0.009296239545160848,0.0024335847313631366,0,0,0,0
2024-05-28,0.011083238672220164,0.004668549574933485,0.008985255568597642,0.002610416595853739,0,0,0,0
2024-05-29,-0.0070919772494986155,0.004634132999148738,0.008670236733297153,0.0027397575754055537,0,0,0,0
2024-05-30,-0.004966054815187415,0.004642783285363256,0.008356759945600334,0.002827005614535983,0,0,0,0
2024-05-31,-0.003632573125276317,0.00464901022970187,0.008046823234237494,0.0028788561596089666,0,0,0,0
2024-06-03,0.014488159021018854,0.004394739123252973,0.007724093272675733,0.0029097746138013244,0,0,0,0
2024-06-04,0.00275000000000003,0.004463806005725174,0.007402010065387987,0.002895573210491855,0,0,0,0
2024-06-05,0.0006466591872349436,0.004512298172905658,0.0070801652382514665,0.0028377045407618853,0,0,0,0
2024-06-06,-0.0006150971308443998,0.004561322764142371,0.0067515379691837005,0.002721753659356725,0,0,0,0
2024-06-07,0.0031319143631773905,0.004562109312801639,0.006421965221674937,0.0025546069333486176,0,0,0,0
2024-06-10,0.002399850883052057,0.004604469810077947,0.006089975311693708,0.0023151520863935347,0,0,0,0
2024-06-11,-0.004850194085242565,0.004540509575937626,0.005753413098770277,0.0019884295234390047,0,0,0,0
2024-06-12,0.012285796591431142,0.0047093626974217,0.0054359945205479845,0.0015570267649265455,0,0,0,0
2024-06-13,0.001015236234704009,0.004681263964534248,0.005119464555148716,0.0008441063814319588,0,0,0,0
2024-06-14,-0.016596107598097487,0.005231773805234734,0.0050413823315575345,0.0007478513682913573,0,0,0,0
2024-06-17,-0.004015907368486893,0.005218295276132665,0.004968713697316341,0.0006445808128067525,0,0,0,0
2024-06-18,0.0037104732618433722,0.005063794185717431,0.00490366985227108,0.0005558271830762896,0,0,0,0
2024-06-19,0.00022665103556063215,0.005245164506291762,0.0048624539831260355,0.0004916919889197752,0,0,0,0
2024-06-20,0.0019612592690987363,0.005191721993452464,0.004823273949422906,0.0004250509839698389,0,0,0,0
2024-06-21,-0.0002183576386181052,0.004855445163909081,0.004756126969233764,0.00027650348109081984,0,0,0,0
2024-06-24,-0.021762531005756647,0.006128014179883422,0.004827928331328413,0.00041214976769531314,1,1,1,0
2024-06-25,0.001945587344113875,0.00605931565346497,0.004897466635254986,0.0004932002275196697,1,0,0,0
2024-06-26,0.003724454065066496,0.00605706632888417,0.004968613301741758,0.0005523048694049491,0,0,0,0
2024-06-27,-0.001704671593035445,0.006108713626000922,0.005041909818773642,0.0006018387906295536,0,0,0,0
2024-06-28,-0.010936469990231013,0.00623440200612793,0.005121179407594945,0.0006498575894112519,0,0,0,0
2024-07-01,0.00741977965502838,0.0058856242236725,0.005195723662615921,0.0006476478215647181,0,0,0,0
2024-07-02,0.012139714322152884,0.006060552149384669,0.005275560969798895,0.0006510821460609226,0,0,0,0
2024-07-03,0.005559974483969832,0.005949237775921777,0.005347407949949702,0.0006416377822382765,0,0,0,0
2024-07-04,0.0023808591455536376,0.005880779267757897,0.005413380775130478,0.0006241536837731987,0,0,0,0
2024-07-05,0.0024611490049926132,0.005899275957930579,0.005480239107386925,0.0005992898820857188,0,0,0,0
2024-07-08,0.00040528744232437575,0.00597729460506633,0.005548880347136344,0.0005716862777144681,0,0,0,0
2024-07-09,0.007907694225435469,0.00599172043851748,0.005621440890265336,0.0005273405914465366,0,0,0,0
2024-07-10,-0.006005982793670928,0.005802050210579374,0.00567607526592322,0.0004825758017909449,0,0,0,0
2024-07-11,-0.0016641522932641095,0.005776792777606163,0.005730851706576816,0.0004220996395080759,0,0,0,0
2024-07-12,-0.002375759464090965,0.00520368362008531,0.005729447197319345,0.00042389062607843086,0,0,0,0
2024-07-15,-0.0007261370290845282,0.005285331246335413,0.005732798995829481,0.0004198821886764375,0,0,0,0
2024-07-16,0.0010626494350769455,0.005345868694919233,0.005746902721289572,0.0004005186975961984,0,0,0,0
2024-07-17,-0.009772241215129762,0.005358198648619691,0.005752554428405969,0.0003938073332837636,0,0,0,0
2024-07-18,0.0045559882080306036,0.005309218561705041,0.005758429256818598,0.00038579538465789573,0,0,0,0
2024-07-19,-0.007579799755186634,0.0051970052329991905,0.005775507260273103,0.00034957922045295644,0,0,0,0
2024-07-22,-0.008017204573127268,0.0036162069024650565,0.005649916896402185,0.0005869082736989668,0,0,0,0
2024-07-23,-0.018196454759931258,0.0046041351938622,0.005577157873422046,0.0006225981060537308,0,0,0,0
2024-07-24,0.005406677977934926,0.004580878950405402,0.005503348504498108,0.0006496251040155217,0,0,0,0
2024-07-25,-0.004263324908960198,0.004495000797617376,0.00542266286307893,0.0006703627239900349,0,0,0,0
2024-07-26,0.00723327305605781,0.0043524438620653515,0.005328564955875801,0.000682398918813696,0,0,0,0
2024-07-29,0.0036148167231566664,0.004359077438846158,0.005252237616634485,0.0007019060953495771,0,0,0,0
2024-07-30,-0.001235360179688727,0.004171551573082052,0.0051577875878193544,0.0007143957678419478,0,0,0,0
2024-07-31,0.005180473230205873,0.004169834824586729,0.0050688174402526015,0.000721409748087215,0,0,0,0
2024-08-01,-0.019616303505365473,0.005242580108158273,0.00503690748227262,0.0006973164733136151,0,0,0,0
2024-08-02,0.007856816848144987,0.00519688239729811,0.0050017878042409964,0.0006686986483998571,0,0,0,0
2024-08-05,-0.039244703218502375,0.008888886162410492,0.005147367382108204,0.0010816666385685526,1,1,1,0
2024-08-06,0.018694184686087523,0.009199937823590907,0.005307778251361877,0.0014034883942420193,1,1,0,0
2024-08-07,0.004627028456225091,0.009225652027707433,0.005478958342218279,0.0016534683080734784,1,0,0,0
2024-08-08,-0.006217718853834375,0.009102235824173851,0.005645230494546663,0.001841505351862254,0,0,0,0
2024-08-09,0.012678760593220373,0.00901218036022554,0.005835655331553675,0.001984782271533428,0,0,0,0
2024-08-12,0.0054264326108985905,0.008836707849171803,0.006013224161695494,0.002089078095192464,0,0,0,0
2024-08-13,0.00011379523360544042,0.008886930708571187,0.0061902772623780924,0.002177716917200213,0,0,0,0
2024-08-14,-4.8763836738796584e-05,0.009132481007418737,0.006378991380318044,0.0022636546620268256,0,0,0,0
2024-08-15,-0.0055268376735264635,0.009110223054098235,0.0065690416049377035,0.0023277654403928267,0,0,0,0
2024-08-16,0.023431625747817986,0.009650152769757852,0.006791698981775637,0.0024014314044917703,0,0,0,0
2024-08-19,0.007498622457535742,0.009655979203917718,0.007093687596848271,0.0023604971799181264,0,0,0,0
2024-08-20,0.008663464434615964,0.009453138893647678,0.007336137781837544,0.0023402708930283104,0,0,0,0
2024-08-21,0.009036973006954607,0.009408610139214887,0.0075775243412780175,0.0022895509813141255,0,0,0,0
2024-08-22,-0.0009890580584868136,0.009532390210694706,0.007829393811931885,0.002208233573528753,0,0,0,0
2024-08-23,0.0019800745256395302,0.00966514117298688,0.008095028677477962,0.002084013897491309,0,0,0,0
2024-08-26,-0.004123486758161321,0.009650649883656414,0.008359607299718474,0.0019136868977055106,0,0,0,0
2024-08-27,0.00042186840830615857,0.009687228803803656,0.008635391161254554,0.0016588421236000271,0,0,0,0
2024-08-28,0.0006871993502843843,0.009833157523399172,0.008918557296195177,0.001301278243888913,0,0,0,0
2024-08-29,2.341116244219954e-05,0.009678250790699016,0.009140340830322214,0.0009801649563313222,0,0,0,0
2024-08-30,0.0018728491498043454,0.009770557681177782,0.009369024594516199,0.0003288038190307006,0,0,0,0
2024-09-04,-0.006285683129911845,0.006314365243069728,0.009240298548549158,0.0007547439446580777,0,0,0,0
2024-09-05,-0.00594920833986512,0.005554447329036151,0.00905802402382142,0.0011178579185429586,0,0,0,0
2024-09-06,0.004533949424779804,0.005555062321718937,0.008874494538521998,0.0013632681377785043,0,0,0,0
2024-09-09,-0.00489026343056298,0.005551140829539374,0.008696939788790273,0.001550446460199054,0,0,0,0
2024-09-10,-0.00986014372145494,0.005384809854475953,0.008515571263502794,0.0017150531300276464,0,0,0,0
2024-09-11,-0.0015614668228133288,0.005440342497190495,0.008345752995903729,0.0018448202867235373,0,0,0,0
2024-09-12,0.0024575709942789015,0.005356991130131167,0.008169256016981727,0.001955837099260948,0,0,0,0
2024-09-13,-0.003693238349186001,0.005240710554316151,0.007974667494326598,0.0020464598276790464,0,0,0,0
2024-09-16,-0.009946393333919223,0.005348425364981619,0.007786577609870766,0.0021085298432757535,0,0,0,0
2024-09-17,0.0158885141132612,0.004138785789579262,0.007511009260861838,0.002209867564355652,0,0,0,0
2024-09-18,0.004726160689463521,0.004097558432606876,0.0072330882222962955,0.002274489263833543,0,0,0,0
2024-09-19,0.005035971223021463,0.004000383090834592,0.00696045043215564,0.0023207060745650872,0,0,0,0
2024-09-20,0.0006056935190792423,0.003963166808815075,0.006688178265635651,0.002337738870656521,0,0,0,0
2024-09-23,-0.0027986541303731682,0.003904381850174379,0.006406777847609633,0.002315982166429889,0,0,0,0
2024-09-24,0.006708816851664912,0.0038953923274371114,0.006118290405332146,0.0022470720140819645,0,0,0,0
2024-09-25,0.008214629715189714,0.003975452948520306,0.005834530558575341,0.0021329632952959685,0,0,0,0
2024-09-26,0.003114611489110519,0.0038630960712441624,0.005543323921947366,0.0019706846262583194,0,0,0,0
2024-09-27,-0.0004413506879650253,0.0038777133941349145,0.005245551715484152,0.0017227056502493916,0,0,0,0
2024-09-30,-0.0023084311963561532,0.0037573194862049212,0.004949505150259448,0.0013992427104433912,0,0,0,0
2024-10-01,0.00330760749724357,0.0037069318283731913,0.004646323857619218,0.0008479941075422117,0,0,0,0
2024-10-02,-0.0033740906980344043,0.0037157572196504047,0.004516393456448253,0.0007748935459402068,0,0,0,0
2024-10-03,-0.00756305131072188,0.003755433386279588,0.004426442759310424,0.0007521345754073518,0,0,0,0
2024-10-04,-0.0058680854393240445,0.0037576041808442175,0.004336569852266688,0.0007167338972517686,0,0,0,0
2024-10-07,-0.0005273099323153119,0.0038956458009553755,0.004253795100837488,0.0006626358959184324,0,0,0,0
2024-10-08,0.0016142622034285292,0.003777634071466336,0.004173436311687007,0.0006139185842516811,0,0,0,0
2024-10-09,0.007759555967861154,0.0037791677295812066,0.004090377573306542,0.0005416080290376958,0,0,0,0
2024-10-10,0.0035183523813238082,0.0037519421610407843,0.0040101251248520235,0.0004562354771461402,0,0,0,0
2024-10-11,0.0015780963338414278,0.003815556941803454,0.003938867444226389,0.0003536894667725457,0,0,0,0
2024-10-14,-0.001591133119630106,0.003670741957876633,0.003854983273871139,0.000130007125908719,0,0,0,0
2024-10-15,-0.0040891210721892834,0.00246495910347827,0.00377129193956609,0.000327082296142958,0,0,0,0
2024-10-16,-0.001248946201642287,0.0025136846472390475,0.0036920982502976984,0.0004219233660392007,0,0,0,0
2024-10-17,0.005502235283083801,0.002530169085547509,0.0036185875500333448,0.0004882477040295426,0,0,0,0
2024-10-18,-0.000823928116158279,0.002517073103816254,0.0035462828647834033,0.0005389741937369168,0,0,0,0
2024-10-21,-0.004426431005243314,0.0025161959880443097,0.0034768735716768995,0.0005783761997211644,0,0,0,0
2024-10-22,-0.007720137212155254,0.0025893858184716147,0.0034115732462286254,0.000601885434664637,0,0,0,0
2024-10-23,0.0007953444786557018,0.00244017971648287,0.003334809584626753,0.0006236922034774342,0,0,0,0
2024-10-24,-0.010614525139664766,0.002928188650699576,0.0032880642135995237,0.0006170131239160413,0,0,0,0
2024-10-25,-0.0037298892167233477,0.0028240682880462543,0.0032353819582950907,0.0006089463017097124,0,0,0,0
2024-10-28,0.0016364391084999763,0.002847873242511745,0.0031899096461104324,0.0006018342999448418,0,0,0,0
2024-10-29,0.005586681224447609,0.002869931784570417,0.003148059643920293,0.0005930266439594148,0,0,0,0
2024-10-30,-0.002496473236221708,0.0028863201243537217,0.003106587789155459,0.0005800980022615947,0,0,0,0
2024-10-31,0.004647910823673218,0.002764471025279826,0.003057039671105471,0.0005638543626589671,0,0,0,0
2024-11-01,-0.00758414526129314,0.0028574728589376005,0.0030120331050101402,0.0005404300219504037,0,0,0,0
2024-11-04,-0.00811226482002414,0.00289296395231357,0.00296189901257805,0.0004990709835647511,0,0,0,0
2024-11-05,0.0008435699881899072,0.0029348035793569072,0.0029197574879725784,0.00046067212911765013,0,0,0,0
2024-11-06,0.012458258412535228,0.0033867347807574836,0.002900135840531392,0.000429438988252715,0,0,0,0
2024-11-07,-0.0012130534060637022,0.0034585858674227293,0.0028854680258504897,0.00040301028961160215,0,0,0,0
2024-11-08,-0.005707481643183243,0.0034082383910406765,0.002865102098312351,0.0003617106011117959,0,0,0,0
2024-11-11,-0.001788337484831093,0.0033995280195463096,0.0028515414013958345,0.0003339346179408921,0,0,0,0
2024-11-12,-0.004398873888284638,0.0033980170454963213,0.002898194298496737,0.0003421598697208896,0,0,0,0
2024-11-13,0.0009800613743353725,0.003412336545517934,0.0029431268934106813,0.00034796475691539167,0,0,0,0
2024-11-14,-0.01135597573111602,0.0037339083114977076,0.0030033138547081915,0.00037577020294187244,0,0,0,0
2024-11-15,-0.01081265372719975,0.003834296305246274,0.0030691750147796926,0.0004006711198999388,0,0,0,0
2024-11-18,-0.0011899193316756707,0.0039419115340488,0.0031404607920799167,0.0004232990461691365,0,0,0,0
2024-11-19,-0.009834691731299916,0.00404064697448814,0.0032130238498807432,0.0004475549455582581,0,0,0,0
2024-11-20,0.009451105671492988,0.0039972894468324974,0.0032908793363982244,0.000441430574680747,0,0,0,0
2024-11-21,0.00969141992864997,0.003942783114218636,0.0033416090595741778,0.00045562692487617553,0,0,0,0
2024-11-22,-0.00018724609836118233,0.004110810586899515,0.0034059461745168406,0.0004693421628661284,0,0,0,0
2024-11-25,0.0053741551990882375,0.004009695343097085,0.0034640372795461073,0.00046853272550351926,0,0,0,0
2024-11-26,0.006017656110796299,0.004010293133367542,0.0035210553469859638,0.0004617671035711725,0,0,0,0
2024-11-27,-0.00012881099401840235,0.004142820247727167,0.0035838803531546364,0.00045630734459015766,0,0,0,0
2024-11-28,0.00011272413987439833,0.004317471804056389,0.003661530392093464,0.0004414238720260723,0,0,0,0
2024-11-29,0.00672243199072553,0.00429838781396587,0.0037335761398448776,0.00042037030823607386,0,0,0,0
2024-12-02,0.0005997792812244551,0.004369113975530584,0.0038073836410057287,0.00039375662207250396,0,0,0,0
2024-12-03,-0.0011029323614741848,0.004356671825221122,0.003878477053298939,0.00035430267695073795,0,0,0,0
2024-12-04,-0.007537025035404654,0.004037989371657135,0.0039110397828439215,0.00033619421399809024,0,0,0,0
2024-12-05,0.021863738602558636,0.005479571128439189,0.0040120890458947445,0.0004700986126258745,1,1,1,0
2024-12-06,0.002059122860997409,0.0055411920212937995,0.004118736727407401,0.0005593655777955606,1,1,0,0
2024-12-09,0.0029130647015287447,0.005506493654209565,0.004224085009140564,0.0006126538498923385,1,0,0,0
2024-12-10,-0.0013894994661809434,0.005582119471850831,0.004333290130458289,0.0006511085367877233,0,0,0,0
2024-12-11,-0.002523446036774679,0.0055272357003535244,0.004439035088200069,0.0006652508352960932,0,0,0,0
2024-12-12,-0.001190044606970031,0.005431167864392554,0.004523898065844811,0.0006786869667643041,0,0,0,0
2024-12-13,-0.0037716495048722987,0.005262534517673969,0.004595309976466196,0.000677446598339642,0,0,0,0
2024-12-16,0.0009662830575729586,0.005270578732973721,0.004661743336412442,0.0006751426563141594,0,0,0,0
2024-12-17,-0.0016379303523528232,0.005165631620661473,0.004717992568721108,0.0006674932568405842,0,0,0,0
2024-12-18,0.0033921947817265874,0.005020932572980176,0.004769174725028492,0.0006482918894424488,0,0,0,0
2024-12-19,-0.008949447077409078,0.004978913416972165,0.004820981240166168,0.0006195394736452248,0,0,0,0
2024-12-20,0.0022555731786046973,0.004918369752348499,0.004861359198438618,0.000596714187245729,0,0,0,0
2024-12-23,0.004182902584493053,0.0049083790511360815,0.004906293383840568,0.0005620351425444393,0,0,0,0
2024-12-24,-0.0019005986885869408,0.0049041285177026765,0.004950985153057324,0.000521083268460859,0,0,0,0
2024-12-25,0.010854041702370809,0.0050697673464777165,0.004997332507994852,0.0004854214029176097,0,0,0,0
2024-12-26,-0.0009183385137044864,0.005037878994915683,0.005033352867537817,0.0004582879435354633,0,0,0,0
2024-12-27,0.0017833714362034403,0.005035821004218147,0.005070224527050431,0.00042446071176640817,0,0,0,0
2024-12-30,-0.002446790156375056,0.004985135596033449,0.005101025608075574,0.0003920177902592025,0,0,0,0
2024-12-31,-0.004119432084401242,0.004932432195470212,0.005129813626588028,0.00035375186026969735,0,0,0,0
2025-01-02,0.0023129509464943077,0.004891971177299354,0.005172512716870139,0.0002519076454671197,0,0,0,0
2025-01-03,-0.011908231013381121,0.003200260420150144,0.005058547181455687,0.0004995483836008896,0,0,0,0
2025-01-06,-0.006567882734598518,0.003246423111831105,0.004943808735982552,0.0006294932192480251,0,0,0,0
2025-01-07,0.00048140570465760035,0.0033259173070884196,0.004834779918626495,0.0007105292781372061,0,0,0,0
2025-01-08,0.0032639640723364227,0.0032841950061785153,0.00471988369534288,0.0007668788268763763,0,0,0,0
2025-01-09,-0.004196575594315077,0.003272022323390842,0.004607123026494745,0.0008066873616910436,0,0,0,0
2025-01-10,-0.012273533637830347,0.003706640138597043,0.00452089664020497,0.000806136505138057,0,0,0,0
2025-01-13,0.0042016123789090365,0.0037039939939727934,0.004442969614019911,0.000806001044707803,0,0,0,0
2025-01-14,-0.005325132521345144,0.003616629099738525,0.0043602721323581515,0.0008014539524361417,0,0,0,0
2025-01-15,0.005784861724718704,0.00355325839726211,0.004279653471188183,0.0007972624283097067,0,0,0,0
2025-01-16,0.004999271950686612,0.003536546874650473,0.004205434186271698,0.0007937075848355974,0,0,0,0
2025-01-17,0.005433207765864978,0.003411740211274411,0.00412707552598681,0.0007906806290876631,0,0,0,0
2025-01-20,0.00035225080257150765,0.003510407561472796,0.004056677416443025,0.0007791140797595747,0,0,0,0
2025-01-21,-0.0027689968388620034,0.0035347866457005953,0.0039879977961712505,0.0007604013044905063,0,0,0,0
2025-01-22,-0.002856936497363738,0.003502748358550712,0.0039179287882136525,0.0007357048512105699,0,0,0,0
2025-01-23,0.013762243165155175,0.003820165406625513,0.003855448691221042,0.0006839791200980595,0,0,0,0
2025-01-24,0.00430285083715054,0.003713198177113612,0.0037892146503309384,0.0006250505714314149,0,0,0,0
2025-02-03,-0.00950160072724393,0.003766687351779613,0.003725757967709012,0.0005519830845200225,0,0,0,0
2025-02-04,0.00929746294980971,0.0038007899633841,0.0036665406860765444,0.00046670655984815487,0,0,0,0
2025-02-05,0.0038982193123950903,0.003805905717578215,0.0036102143621819446,0.00036215534979238274,0,0,0,0
2025-02-06,0.001472893250683338,0.003849344323764432,0.0035580830195051983,0.00021174743121819242,0,0,0,0
2025-02-07,0.0029257243527227583,0.003594135338075924,0.0035777767654014874,0.00019431504566162558,0,0,0,0
2025-02-10,-0.00936323713927234,0.0037034997484489207,0.0036006305972323786,0.0001796155945907978,0,0,0,0
2025-02-11,0.004108417902886297,0.0035390899233959474,0.0036112892280477545,0.00016843258984582365,0,0,0,0
2025-02-12,-0.0012140801765934128,0.0036357536373141735,0.0036288671596045375,0.00014981557309703362,0,0,0,0
2025-02-13,0.0027152678564379418,0.003676461555338726,0.0036490891212019316,0.0001242234505493695,0,0,0,0
2025-02-14,0.004510567953713629,0.0032945240943050348,0.0036284833189873314,0.0001463791228748313,0,0,0,0
2025-02-17,-0.0026330637577580696,0.003331483014775224,0.0036098577700274534,0.0001593868517727748,0,0,0,0
2025-02-18,0.004258595763404482,0.00333220386921546,0.0035956365085012994,0.0001710155662328428,0,0,0,0
2025-02-19,0.008152471560235908,0.0034098856384909056,0.00358846787056274,0.0001758228546284726,0,0,0,0
2025-02-20,0.0034301856335754444,0.0034261319794085046,0.003582947125800641,0.00017923924430333064,0,0,0,0
2025-02-21,0.0029157450231247495,0.003449660946320779,0.0035848431625529593,0.0001775252281881106,0,0,0,0
2025-02-24,0.006022749180643938,0.003301451872602412,0.0035743953781094406,0.00018797756959383345,0,0,0,0
2025-02-25,-0.001073158766173976,0.003382695086064335,0.0035667908001276267,0.00019268181091595756,0,0,0,0
2025-02-26,-0.00015347309616631222,0.0035207070880539444,0.0035676887366027895,0.00019240930512790915,0,0,0,0
2025-02-27,0.003714619021305321,0.002819400255729684,0.003517650479057998,0.0002459696291303119,0,0,0,0
2025-02-28,-0.0018657287046949245,0.002870707183926828,0.003475525929398658,0.0002804439414717381,0,0,0,0
2025-03-03,0.0030719495005209208,0.0025872144988120936,0.003416552286750282,0.00033474984337399636,0,0,0,0
2025-03-04,0.0019398642095054264,0.002274550757317482,0.0033402403264469515,0.0004084083541154543,0,0,0,0
2025-03-05,-0.0054881813539038315,0.0023176095358872382,0.003265825517362402,0.00045232315483490295,0,0,0,0
2025-03-06,0.010354791486230752,0.0027152081570218658,0.003209118709025274,0.0004463713658900296,0,0,0,0
2025-03-07,0.005939827949811072,0.0027362665423696533,0.0031662252692399606,0.00044863858111174126,0,0,0,0
2025-03-10,0.0031899249651219375,0.002450012388426602,0.0031035509012388445,0.0004571070615883131,0,0,0,0
2025-03-11,0.001698890459151503,0.0024948289506101094,0.0030513378525995525,0.0004643226290843171,0,0,0,0
2025-03-12,0.0014033349843156628,0.0024851754814490213,0.0029938089448062954,0.0004593543002589381,0,0,0,0
2025-03-13,-0.00610007419009162,0.0025275685758469335,0.002936364295831706,0.00044096120077714276,0,0,0,0
2025-03-14,-9.047931416672483e-05,0.0026607245871488085,0.0029046743204738943,0.00043661994482871403,0,0,0,0
2025-03-17,0.007623571994118228,0.0027888068102910404,0.002877540510249685,0.00042541851180006587,0,0,0,0
2025-03-18,-0.00395881041114754,0.0027877213606280864,0.0028503163848203165,0.0004120017209344689,0,0,0,0
2025-03-19,-0.004763443203077422,0.002613807649776768,0.0028105124853846095,0.00039311807298886037,0,0,0,0
2025-03-20,-0.0005284494538098095,0.0027106470317958134,0.002774738238003975,0.0003657497259620005,0,0,0,0
2025-03-21,-0.0015484202336981667,0.0027456929031626867,0.0027395398358460703,0.0003294516015704435,0,0,0,0
2025-03-24,0.006384845825642138,0.0027641511056643443,0.002712674797499167,0.0003019807217280154,0,0,0,0
2025-03-25,0.001202718143003212,0.002758199708682505,0.0026814500286300755,0.00025816155450281055,0,0,0,0
2025-03-26,-0.004377139768154348,0.002643685686722356,0.0026375989585634965,0.0001662141584712984,0,0,0,0
2025-03-27,-0.001719340316268081,0.002682934112685045,0.002630775651411264,0.00016107994046568805,0,0,0,0
2025-03-28,-0.0047967608644744475,0.002659573069612081,0.0026202189456955268,0.000151139786721913,0,0,0,0
2025-03-31,-0.008045785071273626,0.002815025422484375,0.0026316094918791407,0.00015699259897308197,0,0,0,0
2025-04-01,0.008011569716725564,0.002900700225438502,0.0026629169652851916,0.0001439302776481222,0,0,0,0
2025-04-02,0.0003795556162844438,0.0030187735556352208,0.0026979751662725908,0.0001407531834962198,1,0,0,0
2025-04-03,-0.06676885485988326,0.014329980207639216,0.0032787137688034583,0.002605000409451832,1,1,1,1
2025-04-04,-0.015587393482078826,0.014456832961791836,0.003864742089774568,0.003603521898389091,1,1,0,0
2025-04-08,-0.06432801671801569,0.019202638002067455,0.00470237337045661,0.0049520814284826796,1,1,0,0
2025-04-09,-0.03397805418480038,0.01977498459182746,0.005566381152517477,0.005952970363068657,1,0,0,0
2025-04-10,0.06765969112674775,0.023153479169652387,0.006599796336927646,0.00707766135973041,1,0,0,0
2025-04-11,0.04632213225602144,0.02403394383368443,0.007675115099819521,0.008000041997591753,1,0,0,0
2025-04-14,0.015526070382670953,0.02369414993630574,0.008726786367277367,0.008661341463758047,0,0,0,0
2025-04-15,-0.010995295785539483,0.023627020208207953,0.009768697037173212,0.009149068671322268,0,0,0,0
2025-04-16,-0.014245107062282658,0.02340834312433452,0.010799728125358534,0.009476977964323662,0,0,0,0
2025-04-17,0.005742377922829167,0.023378323606120306,0.011837953923175711,0.009668458292929638,0,0,0,0
2025-04-18,0.0015362497432735989,0.02333767518239212,0.012869305330705526,0.009743458731278036,0,0,0,0
2025-04-21,-0.009884178751886519,0.023083446960795586,0.013886193033587171,0.009692440683242319,0,0,0,0
2025-04-22,-0.008234816539222978,0.023032305744492616,0.014899600765528584,0.009526518052855312,0,0,0,0
2025-04-23,0.01158604328686108,0.02271376665136732,0.015897379112662823,0.009228310885770592,0,0,0,0
2025-04-24,0.010198183319570564,0.022539855629131758,0.016892187609783296,0.0087861791594238,0,0,0,0
2025-04-25,0.00480647402623946,0.022416310995479645,0.017878856453923026,0.008194621748067277,0,0,0,0
2025-04-28,-0.0019768472946478655,0.022528416270506096,0.018872298613967727,0.007420235347143582,0,0,0,0
2025-04-29,-0.0004075643951744201,0.02280990583225698,0.01987204263445636,0.0064228905022030765,0,0,0,0
2025-05-05,0.011212590720052207,0.022733134182916562,0.020863664332330258,0.005048762409651941,0,0,0,0
2025-05-06,0.0015321962824079716,0.02268199537271635,0.021846825423184318,0.002808297122551068,0,0,0,0
2025-05-07,0.006779661016949046,0.019996931177178878,0.0221301729716613,0.002237921402886191,0,0,0,0
2025-05-08,0.015539400337500231,0.01999712852783506,0.02240718774996346,0.0014380641199514732,0,0,0,0
2025-05-09,-0.001968813986454543,0.016866212080363357,0.022290366453878253,0.001768925749367377,0,0,0,0
2025-05-12,0.012593703148425783,0.016198091704801923,0.02211152180952698,0.0021716089766123108,0,0,0,0
2025-05-13,0.00792512818914326,0.009833788542968411,0.021445537278192782,0.0034821966486965135,0,0,0,0
2025-05-14,0.012602150870166806,0.0049452681526779415,0.020491103494142456,0.0050143390825388035,0,0,0,0
2025-05-15,0.0026494010215847297,0.004785779594149648,0.01954568497703465,0.006053488342322571,0,0,0,0
2025-05-16,-0.008993298812062123,0.004732119857209479,0.018600939959484728,0.0068101443389466205,0,0,0,0
2025-05-19,-0.003918886728805471,0.004518326824212526,0.01765643914447863,0.007393277473367409,0,0,0,0
2025-05-20,0.01454921352475158,0.00480867522980202,0.016727956725662713,0.007792148436726897,0,0,0,0
2025-05-21,0.006006919362810281,0.004619760290460994,0.01579206098106616,0.008075420777307576,0,0,0,0
2025-05-22,-0.006961188163712606,0.004592121732097221,0.014867494719631242,0.00825327325215617,0,0,0,0
2025-05-23,0.00047189916580414604,0.004849572168283511,0.013958358040820785,0.008307821018009434,0,0,0,0
2025-05-26,0.013731874686182977,0.004975359172709712,0.013071437666887903,0.008270691579977854,0,0,0,0
2025-05-27,0.005478382901441536,0.004939531116998763,0.012191421441281252,0.008145618257989621,0,0,0,0
2025-05-28,0.0015375314410250862,0.005068517955393745,0.011324031789276958,0.007920031003390324,0,0,0,0
2025-05-29,-7.452286734155322e-06,0.005185781966303336,0.010456900074066822,0.007570414929371536,0,0,0,0
2025-05-30,-0.006900868943108818,0.004966883346216536,0.0095647489497648,0.0070730672334623915,0,0,0,0
2025-06-02,0.0027765270898993943,0.004954582653338453,0.008675821373285894,0.006417823621102449,0,0,0,0
2025-06-03,0.008194267754246809,0.004814637136111514,0.007782453461455651,0.005550507087755964,0,0,0,0
2025-06-04,-0.0011208016329560255,0.004990070242336847,0.007032110414713549,0.0047721676312375,0,0,0,0
2025-06-05,-0.0027122623983830696,0.0046029897126063785,0.006262403473952116,0.0036896587442450724,0,0,0,0
2025-06-06,-0.009090299458307416,0.0045453429785776165,0.005646360018862829,0.002729713695637872,0,0,0,0
2025-06-09,-0.014527517313462135,0.00470166470174171,0.005071538668709819,0.0011360229871935662,0,0,0,0
2025-06-10,0.0043187315442898555,0.004713587407979144,0.004815528611960355,0.0001861943775307574,0,0,0,0
2025-06-11,-0.0007825380062754794,0.004625614018674998,0.004799545905260208,0.0001881803228576168,0,0,0,0
2025-06-12,0.005923053527980615,0.0045681887642139785,0.004788666363763424,0.0001951779446169484,0,0,0,0
2025-06-13,-0.0056689770897738745,0.0045098261714452866,0.0047775516794752145,0.00020466632568840726,0,0,0,0
2025-06-16,0.01719511360785697,0.005158961340481954,0.004809583405288686,0.00021196238088478397,0,0,0,0
2025-06-17,0.0071593516228114495,0.004796304755959479,0.004808964881596559,0.00021198321850297462,0,0,0,0
2025-06-18,-0.0006381289465678952,0.004945483324544315,0.004825251033300724,0.00020917569382071716,0,0,0,0
2025-06-19,0.0038683427010091087,0.004954288577616083,0.004843359375576667,0.00020353172808212553,0,0,0,0
2025-06-20,-0.001989586106919905,0.004882629039460059,0.0048450122191354954,0.000203718974681135,0,0,0,0
2025-06-23,0.006543891503316468,0.004509096422576085,0.004821699081628814,0.0002144154892678544,0,0,0,0
2025-06-24,0.006324640327497022,0.004514611507803995,0.004800453101169075,0.00022300538044556865,0,0,0,0
2025-06-25,-1.4633039940870063e-05,0.004594679478845876,0.004776761177341682,0.00021814462451927508,0,0,0,0
2025-06-26,-0.0007901957197731235,0.004550454989310875,0.0047449948284920595,0.00020103533775250025,0,0,0,0
2025-06-27,0.004225032401678375,0.004541071998233723,0.0047237042610929186,0.00019883518362268164,0,0,0,0
2025-06-30,0.003376013533220368,0.00452623498097724,0.0047022868774748575,0.0001957022944277885,0,0,0,0
2025-07-01,0.0012862717739650087,0.004551084135020834,0.004689109227420324,0.00019661009401891725,0,0,0,0
2025-07-02,0.0048989723044765565,0.004464520281451295,0.004662831729376047,0.00018925165318265524,0,0,0,0
2025-07-03,-0.0018994792682309747,0.004490702260823953,0.0046572173567869255,0.00019275354318493306,0,0,0,0
2025-07-04,0.0036252858259284704,0.004395645579900419,0.004649732486853066,0.00020009314833503293,0,0,0,0
2025-07-07,0.010879831575304477,0.004029119984098481,0.004616105250970904,0.00024285096100635378,0,0,0,0
2025-07-08,0.009557365590630917,0.0041793769155467975,0.004589394726349286,0.00026031509464377855,0,0,0,0
2025-07-09,0.011204838003193274,0.004295979478743274,0.0045729129993527,0.0002682165999596045,0,0,0,0
2025-07-10,0.010004750859346823,0.004419636154226428,0.004565485368853322,0.00027040231472279225,0,0,0,0
2025-07-11,0.008383829999169867,0.004464700692844715,0.004563229094923294,0.0002710786071237159,0,0,0,0
2025-07-14,0.008684557128745496,0.0036402106550698496,0.004487291560652688,0.0003059002729865548,0,0,0,0
2025-07-15,-0.0066443601147970766,0.003627926596900081,0.004428872652699719,0.0003518887513476546,0,0,0,0
2025-07-16,0.010146167802005834,0.0036158296934906704,0.004362389971147037,0.00037405611044771797,0,0,0,0
2025-07-17,0.00985448704480607,0.0037014578629025745,0.004299748435411361,0.0003746190733956338,0,0,0,0
2025-07-18,0.004879161884819627,0.0035907324078667457,0.004235153603831696,0.0003801629592609745,0,0,0,0
2025-07-21,-0.008168144902756969,0.0036181074467622845,0.004190604155041006,0.0003981511125815511,0,0,0,0
2025-07-22,0.01649102723814022,0.004283279207790781,0.004179037540040345,0.0003915484798681984,0,0,0,0
2025-07-23,0.0018349960915244878,0.004149869506513089,0.004156797041423706,0.0003791329295397416,0,0,0,0
2025-07-24,0.0057594011809747325,0.003910327458841114,0.004124790664900217,0.00037108562633715966,0,0,0,0
2025-07-25,0.006646855399666141,0.003854025030497804,0.0040904383165134214,0.00036221602328070565,0,0,0,0
2025-07-28,0.017170325184667545,0.004335748328131199,0.00408091398387112,0.0003525286486082029,0,0,0,0
2025-07-29,-0.04110002439932714,0.008386514769904853,0.00427268551561532,0.0010245118032150646,1,1,1,1
2025-07-30,0.00952183258448791,0.008304976199542607,0.004464708311519886,0.0013655146853644962,1,1,0,0
2025-07-31,-0.003389425787494349,0.008233705387117657,0.004651858467834571,0.0016047976821700293,1,0,0,0
2025-08-01,-0.004865159864760549,0.008186148713635858,0.004841383624521343,0.0017864888116748245,0,0,0,0
2025-08-04,0.02205710234682745,0.008601724091677922,0.005070013829900315,0.0019611255629799727,0,0,0,0
2025-08-05,0.012406834228728236,0.008603339695892038,0.005291211968917577,0.002099960416038957,0,0,0,0
2025-08-06,0.017167049090262676,0.008714820468627512,0.0055121540184117895,0.002218832562819953,0,0,0,0
2025-08-07,0.005147072840612221,0.008818683192742417,0.0057321063703375886,0.0023205387311157153,0,0,0,0
2025-08-08,0.0019850677388562055,0.009032674909629194,0.005960505081176812,0.002412219071819167,0,0,0,0
2025-08-11,0.007514432631944068,0.009050161390059252,0.006231002617926282,0.002441484101007306,0,0,0,0
2025-08-12,0.007113961148754511,0.00903985964754109,0.006501599270458333,0.002437700272671823,0,0,0,0
2025-08-13,0.0021017025033887027,0.00924070472881574,0.006782843022224585,0.0024115767005579046,0,0,0,0
2025-08-14,0.018050384710846412,0.009402155763106648,0.00706787791723479,0.0023646442747693366,0,0,0,0
2025-08-15,-0.006515551383869056,0.009356131653978887,0.007356147879540397,0.002267886579648433,0,0,0,0
2025-08-18,0.003907975460122559,0.009465864902306755,0.00764853575231762,0.0021335789983396207,0,0,0,0
2025-08-19,0.010896068737510589,0.009362765390238385,0.00790251006144,0.0020106898547529633,0,0,0,0
2025-08-20,0.0061419417240962115,0.009207083575118983,0.008155370764870296,0.001823175805817514,0,0,0,0
2025-08-21,0.014203657862481789,0.009173111273052623,0.00841850995558087,0.0015353036517356579,0,0,0,0
2025-08-22,-0.025195497630331687,0.009646444211036382,0.008708130914607799,0.0011187794727404094,0,0,0,0
2025-08-25,-0.019107002862404077,0.00971244680898909,0.008976965838650694,0.0004716800470747769,0,0,0,0
2025-08-26,0.03320880033208806,0.00855605907754502,0.008985443054032703,0.0004619325561793574,0,0,0,0
2025-08-27,0.0030882150117230722,0.00875398148022802,0.009007893318066975,0.0004373792209642039,0,0,0,0
2025-08-28,0.004830282523702989,0.008692001791147793,0.00903080813826848,0.0004055295303899913,0,0,0,0
2025-08-29,0.0008031602869960075,0.008894755757024052,0.00906623849043789,0.00035574860358292254,0,0,0,0
2025-09-03,-0.0005409550531741969,0.008796841278376048,0.009075994349772796,0.0003448479455504451,0,0,0,0
2025-09-04,0.008915719978588088,0.008781114190786971,0.009084883074517543,0.00033414885614785637,0,0,0,0
2025-09-05,-0.01728478031468672,0.008786335317184098,0.009088458816945371,0.0003303413239352036,0,0,0,0
2025-09-08,-0.025459366395316096,0.00937131382074596,0.00911609034834555,0.00032970005913641364,0,0,0,0
2025-09-09,0.007873046358023439,0.009168683869276446,0.009122890796327911,0.0003292913820910293,0,0,0,0
2025-09-10,0.0036278797058608703,0.00928990397631928,0.009134877925640914,0.00033086437692491104,0,0,0,0
2025-09-11,0.008817837712839172,0.009260705340156161,0.009145920210271666,0.0003312114054190418,0,0,0,0
2025-09-12,0.005736691298446672,0.009110744195750564,0.009139422183618408,0.00033052809949404117,0,0,0,0
2025-09-15,0.010580233436896513,0.008967563531888375,0.009117692572057495,0.00032660861887616504,0,0,0,0
2025-09-16,-0.002374028132233419,0.009119135093836083,0.009105842744050355,0.0003217657798989263,0,0,0,0
2025-09-17,-0.005907549527039091,0.009052278729137076,0.009085163435391872,0.0003105031229855246,0,0,0,0
2025-09-18,-0.0034650532325535277,0.00919644299992237,0.00907684731587607,0.00030485274595096147,0,0,0,0
2025-09-19,-0.003939514046529591,0.009262534516185358,0.009079619862929388,0.0003063480348228691,0,0,0,0
2025-09-22,-0.014572355331540554,0.0092711846102698,0.009084523529790247,0.0003086992012367514,0,0,0,0
2025-09-23,0.0004955795527548101,0.008811562439363724,0.009042779441206614,0.0002841895462984575,0,0,0,0
2025-09-24,0.0135758228049363,0.00856195180662901,0.008985254691088611,0.0002566042580213624,0,0,0,0
2025-09-25,0.005206762154139399,0.006358668051225264,0.008875385139772622,0.0006376103122455421,0,0,0,0
2025-09-26,-0.003235119351295501,0.006353562977261278,0.008755364214624285,0.000851659031620318,0,0,0,0
2025-09-29,0.0034804600469682256,0.0063889434926637885,0.008640211299700084,0.0010029395578412489,0,0,0,0
2025-09-30,-0.0028683212519802215,0.006294497627314683,0.008510198393214615,0.0011288415116947098,0,0,0,0
2025-10-01,0.0020160077029547363,0.006218104827388952,0.008381261570665263,0.001236514939120219,0,0,0,0
2025-10-02,-0.007411188853187589,0.006208808389999277,0.008252646280625876,0.0013234573451940078,0,0,0,0
2025-10-03,-0.004168910456159969,0.00578778897860934,0.00810271896369714,0.001425710922768825,0,0,0,0
2025-10-06,0.03018556099694991,0.006627807400529259,0.007965543642686304,0.001429207931258863,0,0,0,0
2025-10-07,-0.006015924506045489,0.006627600676690904,0.007838489483057027,0.0014295704303359394,0,0,0,0
2025-10-08,0.0074348780632527145,0.006583683598233678,0.007703178464152746,0.0014129385771118096,0,0,0,0
2025-10-09,0.010978719895395894,0.006631359376631616,0.007571711165976519,0.0013823844047653538,0,0,0,0
2025-10-10,0.018106928754944684,0.00705290865948122,0.007468819389163052,0.0013376638163825714,0,0,0,0
2025-10-13,0.010054075705988375,0.007042970378282228,0.007372589731482746,0.0012926402125290116,0,0,0,0
2025-10-14,-0.002300126903553301,0.007045971656023666,0.0072689315595921246,0.0012266517112675917,0,0,0,0
2025-10-15,-0.0017659818518391823,0.00716349778071105,0.0071744925121708224,0.0011525995441747931,0,0,0,0
2025-10-16,0.005062715094285908,0.007124184816780955,0.007070879603013752,0.0010498311359407892,0,0,0,0
2025-10-17,-0.02018281121770371,0.00759030097752267,0.006987267926080618,0.0009252991528006941,0,0,0,0
2025-10-20,-0.054736915069980796,0.01281138769896062,0.007164278080515158,0.0015277233790388397,1,1,1,1
2025-10-21,0.016499330860470618,0.012654823820948631,0.007356441149594403,0.0019336201336095076,1,1,0,0
2025-10-22,0.009059593731025606,0.012651700077674787,0.007560928563146693,0.002257024808366626,1,0,0,0
2025-10-23,0.005099791480488447,0.012654317562023825,0.00787571103868662,0.002505829831489609,0,0,0,0
2025-10-24,-0.0022998589261792324,0.012686338892613159,0.008192349834454216,0.0026962399045186037,0,0,0,0
2025-10-27,-0.01820363835121619,0.012654999723615086,0.00850565264600178,0.002836085881306697,0,0,0,0
2025-10-28,0.016919408909920497,0.012526958869209015,0.008817275708096498,0.002921461403983599,0,0,0,0
2025-10-29,0.0031716750966974683,0.01247899102047186,0.009130320017750642,0.002963429138594783,0,0,0,0
2025-10-30,-0.009645100632922676,0.012441146601273299,0.009441936928314344,0.0029677261668442393,0,0,0,0
2025-10-31,-0.017920781997759816,0.01233049448732687,0.00976907220375022,0.0029036382911495967,0,0,0,0
2025-11-03,-0.013813923703229425,0.011675295748694081,0.010021446621158461,0.002834779095625147,0,0,0,0
2025-11-04,0.021632653061224527,0.011743402868081006,0.010277236730727966,0.002741703747262756,0,0,0,0
2025-11-05,0.0017615225365925635,0.011957688134596882,0.010545936957546128,0.00262136400068544,0,0,0,0
2025-11-06,-0.007402304684903549,0.012015490739948554,0.010815143525711973,0.002470304289941923,0,0,0,0
