batch_idx,timestep,trigger,rebalanced,selected_stocks,risk_eta,dir_logit_bear,dir_logit_side,dir_logit_bull,c_mkt_norm,c_mkt_diff,raw_return,turnover_penalty,symdiff_penalty,net_reward,baseline,advantage,advantage_norm,pg_loss,risk_loss,dir_loss,grad_norm,skipped_update
0,0,Schedule | Regime Shift (Initial),True,"30,108,58,66,115,37,97,18,10,50",1.097214698791504,-1.872305154800415,-1.294331431388855,-0.6066930294036865,7.999809265136719,0.0,0.017299849539995193,0.0,0.0,0.017299849539995193,0.014465689659118652,0.002834159880876541,0.21840408444404602,1.0336443185806274,0.5373024344444275,0.3415454030036926,2.7323873043060303,0.0
0,1,None,False,"30,108,58,66,115,37,97,18,10,50",1.0555037260055542,-2.3261375427246094,-1.3491909503936768,-0.7201536893844604,7.999699592590332,5.836601734161377,0.022216135635972023,0.0,0.0,0.022216135635972023,0.02477264404296875,-0.002556508406996727,0.19943346083164215,0.0,0.7775317430496216,0.33278363943099976,2.7323873043060303,0.0
0,2,None,False,"30,108,58,66,115,37,97,18,10,50",1.1470296382904053,-1.7635295391082764,-1.032224416732788,-0.9866312742233276,7.999752998352051,5.477145671844482,0.023660147562623024,0.0,0.0,0.023660147562623024,0.024372220039367676,-0.0007120724767446518,0.0077272686176002026,0.0,0.782505214214325,0.4259617328643799,2.7323873043060303,0.0
0,3,None,False,"30,108,58,66,115,37,97,18,10,50",1.1106913089752197,-2.1712398529052734,-1.356170892715454,-0.5764526128768921,7.999764919281006,4.7769880294799805,0.023348737508058548,0.0,0.0,0.023348737508058548,0.015082478523254395,0.008266258984804153,0.3478798568248749,0.0,0.9469917416572571,0.4146231412887573,2.7323873043060303,0.0
0,4,None,False,"30,108,58,66,115,37,97,18,10,50",1.10103178024292,-1.9917937517166138,-0.9453569650650024,-0.7399579286575317,7.999765396118164,6.085535526275635,0.039367884397506714,0.0,0.0,0.039367884397506714,0.02168118953704834,0.017686694860458374,0.6614464521408081,0.0,0.9215143322944641,0.4501801133155823,2.7323873043060303,0.0
0,5,None,False,"30,108,58,66,115,37,97,18,10,50",1.089285969734192,-1.95693039894104,-1.1551626920700073,-0.7204703688621521,7.999819755554199,4.428886413574219,0.036213796585798264,0.0,0.0,0.036213796585798264,0.021342158317565918,0.014871638268232346,0.7074059844017029,0.0,0.9653037190437317,0.4663454592227936,2.7323873043060303,0.0
0,6,None,False,"30,108,58,66,115,37,97,18,10,50",1.0912024974822998,-1.9722075462341309,-1.2640182971954346,-0.6844443082809448,7.999764919281006,2.9181463718414307,0.04929779842495918,0.0,0.0,0.04929779842495918,0.016625165939331055,0.03267263248562813,1.272447109222412,0.0,0.9765889644622803,0.46007248759269714,2.7323873043060303,0.0
0,7,None,False,"30,108,58,66,115,37,97,18,10,50",1.139158844947815,-1.7945685386657715,-0.8595848083496094,-0.8378785848617554,7.999819755554199,4.030028820037842,0.022729117423295975,0.0,0.0,0.022729117423295975,0.004214882850646973,0.018514234572649002,1.0116608142852783,0.0,0.8842052221298218,0.44171279668807983,2.7323873043060303,0.0
0,8,None,False,"30,108,58,66,115,37,97,18,10,50",1.103594183921814,-1.9049893617630005,-0.9598434567451477,-0.8357726335525513,7.999817371368408,3.9236133098602295,0.021245384588837624,0.0,0.0,0.021245384588837624,0.010186076164245605,0.011059308424592018,0.5512493848800659,0.0,0.9789190292358398,0.4691121578216553,2.7323873043060303,0.0
0,9,None,False,"30,108,58,66,115,37,97,18,10,50",1.0948517322540283,-2.0178160667419434,-1.3430966138839722,-0.5214440822601318,7.999823093414307,4.490980625152588,0.010912900790572166,0.0,0.0,0.010912900790572166,0.008364081382751465,0.0025488194078207016,0.2472996711730957,0.0,1.0160138607025146,0.5292247533798218,2.7323873043060303,0.0
0,10,None,False,"30,108,58,66,115,37,97,18,10,50",1.1444635391235352,-2.195831060409546,-1.298495888710022,-0.7490862011909485,7.9997382164001465,4.28594446182251,0.00538784870877862,0.0,0.0,0.00538784870877862,0.007823944091796875,-0.0024360953830182552,0.26027143001556396,0.0,1.082064151763916,0.5119435787200928,2.7323873043060303,0.0
0,11,None,False,"30,108,58,66,115,37,97,18,10,50",1.102568507194519,-2.1244213581085205,-1.116698980331421,-0.6728459596633911,7.999795913696289,4.440526008605957,-0.0007440865156240761,0.0,0.0,-0.0007440865156240761,0.008397698402404785,-0.009141785092651844,0.04552185907959938,0.0,1.0292203426361084,0.45100730657577515,2.7323873043060303,0.0
0,12,None,False,"30,108,58,66,115,37,97,18,10,50",0.9827062487602234,-1.8309881687164307,-1.225964069366455,-0.7242769002914429,7.9996514320373535,6.619480133056641,0.016153043136000633,0.0,0.0,0.016153043136000633,0.016896486282348633,-0.0007434431463479996,0.3124357759952545,0.0,0.99868243932724,0.4357810616493225,2.7323873043060303,0.0
0,13,None,False,"30,108,58,66,115,37,97,18,10,50",1.117532730102539,-1.914339303970337,-1.1793962717056274,-0.5427526235580444,7.999800205230713,7.529566764831543,0.013594090938568115,0.0,0.0,0.013594090938568115,0.023203611373901367,-0.009609520435333252,0.19756340980529785,0.0,1.1743961572647095,0.5085219740867615,2.7323873043060303,0.0
0,14,Schedule,True,"68,76,133,131,100,92,55,6,118,19",1.047956109046936,-1.8469995260238647,-0.6718965172767639,-0.8386703729629517,7.999707221984863,7.033875942230225,0.029770631343126297,0.10333333333333332,0.02,-0.09356269240379333,0.02707076072692871,-0.12063345313072205,-0.8649329543113708,-4.345460414886475,1.131675362586975,0.4416210651397705,2.7323873043060303,0.0
0,15,None,False,"68,76,133,131,100,92,55,6,118,19",1.0703728199005127,-1.9297208786010742,-1.1288938522338867,-0.7058850526809692,7.999813556671143,4.996613502502441,0.010034906677901745,0.0,0.0,0.010034906677901745,0.01188671588897705,-0.001851809211075306,0.1457771360874176,0.0,0.9077885746955872,0.38359886407852173,2.7323873043060303,0.0
0,16,None,False,"68,76,133,131,100,92,55,6,118,19",1.0612986087799072,-2.032231092453003,-1.2928566932678223,-0.6639869213104248,7.999768257141113,2.9832935333251953,-0.006671100854873657,0.0,0.0,-0.006671100854873657,-0.0051239728927612305,-0.0015471279621124268,0.098494753241539,0.0,0.8221360445022583,0.38141220808029175,2.7323873043060303,0.0
0,17,None,False,"68,76,133,131,100,92,55,6,118,19",1.0690959692001343,-1.8190172910690308,-1.1419532299041748,-0.6092207431793213,7.999793529510498,4.40626859664917,-0.007975715212523937,0.0,0.0,-0.007975715212523937,-0.0038726329803466797,-0.0041030822321772575,0.09421363472938538,0.0,0.7501517534255981,0.3148091733455658,2.7323873043060303,0.0
0,18,None,False,"68,76,133,131,100,92,55,6,118,19",1.0728803873062134,-1.9984583854675293,-1.1935771703720093,-0.5803364515304565,7.999768257141113,3.343320369720459,-0.022889811545610428,0.0,0.0,-0.022889811545610428,-0.007268011569976807,-0.015621799975633621,0.03807472810149193,0.0,0.7256238460540771,0.3807080388069153,2.7323873043060303,0.0
0,19,None,False,"68,76,133,131,100,92,55,6,118,19",1.0685572624206543,-1.9361761808395386,-1.2167587280273438,-0.8362340927124023,7.999818325042725,5.064361572265625,-0.03542066365480423,0.0,0.0,-0.03542066365480423,-0.012857675552368164,-0.022562988102436066,-0.21673588454723358,0.0,0.810803234577179,0.4043163061141968,2.7323873043060303,0.0
0,20,None,False,"68,76,133,131,100,92,55,6,118,19",1.0897201299667358,-1.9577915668487549,-1.2336277961730957,-0.7345253229141235,7.999815940856934,3.2036452293395996,-0.025387877598404884,0.0,0.0,-0.025387877598404884,-0.0015456080436706543,-0.02384226955473423,-0.5177631974220276,0.0,0.6979683041572571,0.3090686798095703,2.7323873043060303,0.0
0,21,None,False,"68,76,133,131,100,92,55,6,118,19",1.0175113677978516,-2.015591621398926,-1.3823211193084717,-0.7287914752960205,7.999765872955322,4.482232570648193,-0.022889334708452225,0.0,0.0,-0.022889334708452225,-0.003858029842376709,-0.019031304866075516,-0.5503513216972351,0.0,0.700206458568573,0.3966909945011139,2.7323873043060303,0.0
0,22,None,False,"68,76,133,131,100,92,55,6,118,19",0.9465142488479614,-2.112285852432251,-1.1602636575698853,-0.6820327043533325,7.999636650085449,7.127082347869873,-0.01649222895503044,0.0,0.0,-0.01649222895503044,-0.014763593673706055,-0.0017286352813243866,0.12450993061065674,0.0,0.7870939373970032,0.380375474691391,2.7323873043060303,0.0
0,23,None,False,"68,76,133,131,100,92,55,6,118,19",1.1484582424163818,-1.71867835521698,-1.0134087800979614,-0.9670654535293579,7.999782085418701,7.452873706817627,-0.011940574273467064,0.0,0.0,-0.011940574273467064,-0.022024154663085938,0.010083580389618874,0.5210513472557068,0.0,0.9815151691436768,0.3904472887516022,2.7323873043060303,0.0
0,24,None,False,"68,76,133,131,100,92,55,6,118,19",1.1205235719680786,-1.874153971672058,-1.0909850597381592,-0.8100372552871704,7.999802589416504,3.0178613662719727,-0.006328475661575794,0.0,0.0,-0.006328475661575794,-0.02499157190322876,0.01866309717297554,0.7616129517555237,0.0,0.8266482353210449,0.3906901478767395,2.7323873043060303,0.0
0,25,None,False,"68,76,133,131,100,92,55,6,118,19",1.1463676691055298,-2.1140196323394775,-0.9870450496673584,-1.1332952976226807,7.999619007110596,4.408962726593018,-0.00022052526765037328,0.0,0.0,-0.00022052526765037328,-0.03321337699890137,0.03299285098910332,1.9160417318344116,0.0,0.9351550936698914,0.36585330963134766,2.7323873043060303,0.0
0,26,None,False,"68,76,133,131,100,92,55,6,118,19",1.086422085762024,-2.0492985248565674,-1.1403307914733887,-0.8995108604431152,7.999806880950928,4.8565168380737305,0.0066082836128771305,0.0,0.0,0.0066082836128771305,-0.02327960729598999,0.029887890443205833,1.2952065467834473,0.0,0.9464517831802368,0.3823493719100952,2.7323873043060303,0.0
0,27,Struct Break (DC),True,"43,14,65,138,93,124,73,91,23,84",1.0774726867675781,-2.1248390674591064,-1.1672556400299072,-0.8260108232498169,7.99979829788208,4.886358737945557,0.006848835851997137,0.10333333333333332,0.02,-0.11648449301719666,-0.005807220935821533,-0.11067727208137512,-2.987119197845459,-14.87131118774414,0.9143790006637573,0.47256535291671753,2.7323873043060303,0.0
0,28,None,False,"43,14,65,138,93,124,73,91,23,84",1.1085059642791748,-2.165118455886841,-1.1442489624023438,-0.8950854539871216,7.999807834625244,3.5165724754333496,0.013779896311461926,0.0,0.0,0.013779896311461926,0.01138150691986084,0.0023983893916010857,0.7740777134895325,0.0,0.9760472774505615,0.44462722539901733,2.7323873043060303,0.0
0,29,None,False,"43,14,65,138,93,124,73,91,23,84",1.0127224922180176,-1.8995616436004639,-1.2535755634307861,-0.8389606475830078,7.999764919281006,3.53601336479187,0.012362843379378319,0.0,0.0,0.012362843379378319,0.01322793960571289,-0.0008650962263345718,0.21952475607395172,0.0,0.9180697202682495,0.4104447364807129,2.7323873043060303,0.0
0,30,None,False,"43,14,65,138,93,124,73,91,23,84",1.1653270721435547,-2.254081964492798,-1.1622769832611084,-0.7253851890563965,7.999782085418701,5.330060005187988,0.029603630304336548,0.0,0.0,0.029603630304336548,0.028043270111083984,0.0015603601932525635,0.1520993709564209,0.0,0.8921438455581665,0.39588236808776855,2.7323873043060303,0.0
0,31,None,False,"43,14,65,138,93,124,73,91,23,84",1.0958328247070312,-1.8092139959335327,-0.9953123331069946,-0.8661624789237976,7.999820709228516,5.056159973144531,0.026149099692702293,0.0,0.0,0.026149099692702293,0.03877890110015869,-0.012629801407456398,-0.23641622066497803,0.0,0.9050995111465454,0.37094753980636597,2.7323873043060303,0.0
0,32,None,False,"43,14,65,138,93,124,73,91,23,84",1.0430057048797607,-2.0604987144470215,-0.8418872952461243,-0.8048433065414429,7.999729156494141,5.396121501922607,0.018943315371870995,0.0,0.0,0.018943315371870995,0.030022740364074707,-0.011079424992203712,-0.15472178161144257,0.0,0.645463228225708,0.3631126880645752,2.7323873043060303,0.0
0,33,None,False,"43,14,65,138,93,124,73,91,23,84",1.0913197994232178,-2.00152850151062,-1.121451735496521,-0.7986664772033691,7.999804496765137,4.474212169647217,0.011879568919539452,0.0,0.0,0.011879568919539452,0.011586308479309082,0.00029326044023036957,0.43404874205589294,0.0,0.7612038254737854,0.4084032475948334,2.7323873043060303,0.0
0,34,None,False,"43,14,65,138,93,124,73,91,23,84",1.1292685270309448,-1.8383235931396484,-1.082327961921692,-0.6942561864852905,7.999817371368408,3.0160939693450928,0.020521897822618484,0.0,0.0,0.020521897822618484,0.013164043426513672,0.007357854396104813,0.46889737248420715,0.0,0.6987829208374023,0.38691332936286926,2.7323873043060303,0.0
0,35,None,False,"43,14,65,138,93,124,73,91,23,84",1.0808067321777344,-2.225992202758789,-1.0831533670425415,-0.7386906743049622,7.999763488769531,5.171253681182861,0.02105150744318962,0.0,0.0,0.02105150744318962,0.013614773750305176,0.007436733692884445,0.5674270391464233,0.0,0.5936235189437866,0.3112896978855133,2.7323873043060303,0.0
0,36,None,False,"43,14,65,138,93,124,73,91,23,84",1.0485671758651733,-2.271430253982544,-1.2157585620880127,-0.9875894784927368,7.999800682067871,5.969277858734131,0.024406999349594116,0.0,0.0,0.024406999349594116,0.016050100326538086,0.00835689902305603,0.5872111916542053,0.0,0.5804210305213928,0.3304566740989685,2.7323873043060303,0.0
0,37,None,False,"43,14,65,138,93,124,73,91,23,84",1.1513392925262451,-2.032545328140259,-1.0810909271240234,-0.8490298390388489,7.999817848205566,4.902163028717041,0.0169520266354084,0.0,0.0,0.0169520266354084,0.013165116310119629,0.0037869103252887726,0.4234374463558197,0.0,0.557864248752594,0.3155915439128876,2.7323873043060303,0.0
0,38,None,False,"43,14,65,138,93,124,73,91,23,84",1.1047769784927368,-2.027517557144165,-1.1664950847625732,-0.7021799087524414,7.999833106994629,3.6437337398529053,0.0033951043151319027,0.0,0.0,0.0033951043151319027,-0.000662684440612793,0.004057788755744696,0.30372798442840576,0.0,0.47295767068862915,0.31836891174316406,2.7323873043060303,0.0
0,39,None,False,"43,14,65,138,93,124,73,91,23,84",1.0921564102172852,-1.9395183324813843,-1.2822006940841675,-0.6522732973098755,7.999814510345459,3.301342248916626,-0.018499935045838356,0.0,0.0,-0.018499935045838356,-0.006643772125244141,-0.011856162920594215,-0.8050272464752197,0.0,0.5862499475479126,0.34449294209480286,2.7323873043060303,0.0
0,40,None,False,"43,14,65,138,93,124,73,91,23,84",1.0973801612854004,-1.991685152053833,-1.1505128145217896,-0.738006591796875,7.999730587005615,4.752010345458984,-0.02279980108141899,0.0,0.0,-0.02279980108141899,-0.01507711410522461,-0.007722686976194382,-0.009202997200191021,0.0,0.5848149657249451,0.30356651544570923,2.7323873043060303,0.0
0,41,Schedule,True,"83,73,108,139,19,30,39,32,75,134",1.080143928527832,-1.8662227392196655,-1.0156745910644531,-0.8868973255157471,7.999785423278809,4.270280361175537,-0.01723431423306465,0.09299999753634133,0.017999999523162842,-0.12823429703712463,-0.013956248760223389,-0.11427804827690125,-3.3861591815948486,-16.849178314208984,0.5287229418754578,0.3235008716583252,2.7323873043060303,0.0
0,42,None,False,"83,73,108,139,19,30,39,32,75,134",1.0049113035202026,-2.1696979999542236,-1.2481625080108643,-0.6955174207687378,7.999749183654785,6.479964733123779,0.001093786908313632,0.0,0.0,0.001093786908313632,-0.014081120491027832,0.015174907632172108,0.748052179813385,0.0,0.413662850856781,0.3232857286930084,2.7323873043060303,0.0
0,43,None,False,"83,73,108,139,19,30,39,32,75,134",1.0933829545974731,-1.7620337009429932,-0.9479080438613892,-0.8139393329620361,7.9997782707214355,5.307186603546143,0.028086716309189796,0.0,0.0,0.028086716309189796,0.004176616668701172,0.023910099640488625,0.7744937539100647,0.0,0.4867899417877197,0.35425713658332825,2.7323873043060303,0.0
0,44,None,False,"83,73,108,139,19,30,39,32,75,134",1.1259162425994873,-2.0246593952178955,-1.2984224557876587,-0.8542059063911438,7.999711990356445,6.265501499176025,0.007908863015472889,0.0,0.0,0.007908863015472889,-0.005769193172454834,0.013678056187927723,0.5662536025047302,0.0,0.6067559123039246,0.338779091835022,2.7323873043060303,0.0
0,45,None,False,"83,73,108,139,19,30,39,32,75,134",1.039802074432373,-2.1057703495025635,-1.0754547119140625,-0.6738036870956421,7.999790668487549,5.155754566192627,-0.002197265625,0.0,0.0,-0.002197265625,-0.000847935676574707,-0.001349329948425293,0.2177475094795227,0.0,0.815343976020813,0.3151823878288269,2.7323873043060303,0.0
0,46,None,False,"83,73,108,139,19,30,39,32,75,134",1.085369348526001,-1.7975465059280396,-1.039855718612671,-0.8214356899261475,7.999786376953125,3.865600347518921,-0.017209535464644432,0.0,0.0,-0.017209535464644432,-0.011947154998779297,-0.005262380465865135,0.11421775072813034,0.0,0.796231746673584,0.3192509412765503,2.7323873043060303,0.0
0,47,None,False,"83,73,108,139,19,30,39,32,75,134",1.059850811958313,-2.17571759223938,-1.3853425979614258,-0.6465827822685242,7.9997382164001465,6.63611364364624,-0.03584156557917595,0.0,0.0,-0.03584156557917595,-0.015515267848968506,-0.020326297730207443,0.06481679528951645,0.0,0.7160192728042603,0.3484172821044922,2.7323873043060303,0.0
0,48,None,False,"83,73,108,139,19,30,39,32,75,134",1.0650150775909424,-2.0546681880950928,-1.039426326751709,-0.7009543180465698,7.999806880950928,5.134783744812012,-0.04929756373167038,0.0,0.0,-0.04929756373167038,-0.016587018966674805,-0.032710544764995575,-0.5874976515769958,0.0,0.7313954830169678,0.33276838064193726,2.7323873043060303,0.0
0,49,None,False,"83,73,108,139,19,30,39,32,75,134",1.1044461727142334,-1.9406592845916748,-0.9989204406738281,-0.7881244421005249,7.999773979187012,4.900691986083984,-0.026129741221666336,0.0,0.0,-0.026129741221666336,-0.003695547580718994,-0.022434193640947342,-0.13860176503658295,0.0,0.5472484827041626,0.31797704100608826,2.7323873043060303,0.0
0,50,None,False,"83,73,108,139,19,30,39,32,75,134",1.0612740516662598,-1.9512602090835571,-1.114296793937683,-0.8508363962173462,7.999744415283203,5.492432117462158,-0.016273653134703636,0.0,0.0,-0.016273653134703636,-0.004838109016418457,-0.01143554411828518,0.1682458370923996,0.0,0.6807994842529297,0.3394366204738617,2.7323873043060303,0.0
0,51,Struct Break (DC),True,"66,123,52,13,93,127,40,41,30,57",1.1020065546035767,-2.155785322189331,-1.1056302785873413,-0.7255516052246094,7.999723434448242,5.259857177734375,0.009356403723359108,0.09299999753634133,0.017999999523162842,-0.10164359211921692,0.003512740135192871,-0.10515633225440979,-2.234269857406616,-11.145524024963379,0.4429354667663574,0.3425709903240204,2.7323873043060303,0.0
0,52,None,False,"66,123,52,13,93,127,40,41,30,57",1.0565292835235596,-2.3936948776245117,-1.3933823108673096,-0.6924059987068176,7.999770164489746,5.584798336029053,0.008997445926070213,0.0,0.0,0.008997445926070213,0.00756072998046875,0.0014367159456014633,0.3426540493965149,0.0,0.645074725151062,0.3970903754234314,2.7323873043060303,0.0
0,53,None,False,"66,123,52,13,93,127,40,41,30,57",1.1265052556991577,-1.81361722946167,-1.0196294784545898,-0.7838951945304871,7.999837875366211,4.5763397216796875,0.007926160469651222,0.0,0.0,0.007926160469651222,0.007462024688720703,0.0004641357809305191,0.0332222618162632,0.0,0.6087559461593628,0.38909757137298584,2.7323873043060303,0.0
0,54,None,False,"66,123,52,13,93,127,40,41,30,57",1.1335772275924683,-2.2542059421539307,-1.1998447179794312,-0.7063009738922119,7.9997334480285645,4.041595935821533,0.009404647164046764,0.0,0.0,0.009404647164046764,0.009378194808959961,2.6452355086803436e-05,0.2773401737213135,0.0,0.541610598564148,0.3922756016254425,2.7323873043060303,0.0
0,55,None,False,"66,123,52,13,93,127,40,41,30,57",1.1118746995925903,-1.9625194072723389,-1.1173540353775024,-0.7124639749526978,7.999780654907227,3.2674975395202637,0.00894477404654026,0.0,0.0,0.00894477404654026,0.01023101806640625,-0.0012862440198659897,0.055654093623161316,0.0,0.7105099558830261,0.3996134400367737,2.7323873043060303,0.0
0,56,None,False,"66,123,52,13,93,127,40,41,30,57",1.0514609813690186,-1.9390171766281128,-0.8708940744400024,-0.7542775869369507,7.9996843338012695,4.525060176849365,0.002451431704685092,0.0,0.0,0.002451431704685092,0.006562709808349609,-0.004111277870833874,0.3167876899242401,0.0,0.8525850772857666,0.39498651027679443,2.7323873043060303,0.0
0,57,None,False,"66,123,52,13,93,127,40,41,30,57",1.1099568605422974,-1.7379705905914307,-1.1142137050628662,-0.799441397190094,7.9997758865356445,5.4943037033081055,0.008379632607102394,0.0,0.0,0.008379632607102394,0.008807897567749023,-0.00042826496064662933,0.1496744006872177,0.0,0.7786397933959961,0.3869403004646301,2.7323873043060303,0.0
0,58,None,False,"66,123,52,13,93,127,40,41,30,57",1.1359437704086304,-2.11582088470459,-1.2044649124145508,-0.8750298023223877,7.999749660491943,4.522723197937012,0.0061528743244707584,0.0,0.0,0.0061528743244707584,0.01199960708618164,-0.005846732761710882,-0.009684963151812553,0.0,0.8537011742591858,0.3765496611595154,2.7323873043060303,0.0
0,59,None,False,"66,123,52,13,93,127,40,41,30,57",1.1397883892059326,-1.988663911819458,-1.1697152853012085,-0.6770834922790527,7.999787330627441,5.249928951263428,0.0038133442867547274,0.0,0.0,0.0038133442867547274,0.007746696472167969,-0.003933352418243885,0.2013631910085678,0.0,0.8237683773040771,0.41555747389793396,2.7323873043060303,0.0
0,60,None,False,"66,123,52,13,93,127,40,41,30,57",1.1504884958267212,-2.123702049255371,-1.3751816749572754,-0.5969645977020264,7.999730587005615,5.661676406860352,-0.010387646965682507,0.0,0.0,-0.010387646965682507,-0.003118455410003662,-0.0072691915556788445,-0.008960447274148464,0.0,0.7496353387832642,0.3647826015949249,2.7323873043060303,0.0
0,61,None,False,"66,123,52,13,93,127,40,41,30,57",1.0204378366470337,-2.223177909851074,-0.9551486968994141,-0.7202475070953369,7.999763488769531,6.949802875518799,-0.011357259936630726,0.0,0.0,-0.011357259936630726,0.001526474952697754,-0.01288373488932848,0.12902456521987915,0.0,0.8323835134506226,0.34196433424949646,2.7323873043060303,0.0
0,62,None,False,"66,123,52,13,93,127,40,41,30,57",1.1404942274093628,-2.045081615447998,-1.2715201377868652,-0.5831903219223022,7.999802112579346,5.145383358001709,-0.006741833873093128,0.0,0.0,-0.006741833873093128,0.008223414421081543,-0.014965248294174671,-0.2514845132827759,0.0,0.7716402411460876,0.423211932182312,2.7323873043060303,0.0
0,63,None,False,"66,123,52,13,93,127,40,41,30,57",1.0910648107528687,-1.826263427734375,-1.1047565937042236,-0.7535942792892456,7.999786376953125,3.942237138748169,0.004767715930938721,0.0,0.0,0.004767715930938721,0.008160829544067383,-0.003393113613128662,0.05075015127658844,0.0,0.9159897565841675,0.3288688063621521,2.7323873043060303,0.0
0,64,None,False,"66,123,52,13,93,127,40,41,30,57",1.0316317081451416,-2.4696784019470215,-1.1160482168197632,-0.8635300993919373,7.9997053146362305,6.438503265380859,0.0031550168059766293,0.0,0.0,0.0031550168059766293,0.012775182723999023,-0.009620165452361107,-0.02078123576939106,0.0,0.868269145488739,0.38175493478775024,2.7323873043060303,0.0
0,65,Schedule,True,"86,5,49,128,99,85,32,102,14,97",1.1514248847961426,-2.080092191696167,-1.130918025970459,-0.794743001461029,7.999771595001221,7.489452362060547,0.02074161171913147,0.10333333333333332,0.02,-0.10259172320365906,0.023265361785888672,-0.12585708498954773,-2.6197593212127686,-13.06557846069336,0.8155524730682373,0.39017969369888306,2.7323873043060303,0.0
0,66,None,False,"86,5,49,128,99,85,32,102,14,97",1.0887196063995361,-1.9701908826828003,-1.1928813457489014,-0.8450803160667419,7.999843597412109,5.303354263305664,0.010204458609223366,0.0,0.0,0.010204458609223366,0.015317559242248535,-0.005113100633025169,0.3847797214984894,0.0,0.771725058555603,0.31656140089035034,2.7323873043060303,0.0
0,67,None,False,"86,5,49,128,99,85,32,102,14,97",1.0829811096191406,-1.9700413942337036,-1.3008880615234375,-0.7200174331665039,7.999771595001221,3.937513589859009,-3.069639205932617e-06,0.0,0.0,-3.069639205932617e-06,0.008082151412963867,-0.0080852210521698,0.19170424342155457,0.0,0.6125394105911255,0.3450266122817993,2.7323873043060303,0.0
0,68,None,False,"86,5,49,128,99,85,32,102,14,97",1.120488166809082,-1.672865867614746,-1.147018313407898,-0.8949338793754578,7.9997453689575195,4.915483474731445,-0.0017512202030047774,0.0,0.0,-0.0017512202030047774,0.006798148155212402,-0.008549368008971214,0.241805300116539,0.0,0.5475776195526123,0.32154378294944763,2.7323873043060303,0.0
0,69,None,False,"86,5,49,128,99,85,32,102,14,97",1.1231682300567627,-2.1581151485443115,-1.1054610013961792,-0.7122212648391724,7.999811172485352,4.27363920211792,-0.01640680432319641,0.0,0.0,-0.01640680432319641,0.00499880313873291,-0.02140560746192932,-0.19180411100387573,0.0,0.731992244720459,0.34498274326324463,2.7323873043060303,0.0
0,70,None,False,"86,5,49,128,99,85,32,102,14,97",1.1087734699249268,-2.2372231483459473,-1.264051914215088,-0.5451983213424683,7.999807834625244,3.3299312591552734,-0.022959941998124123,0.0,0.0,-0.022959941998124123,0.0001621246337890625,-0.023122066631913185,-0.08955268561840057,0.0,0.6924127340316772,0.4632259011268616,2.7323873043060303,0.0
0,71,None,False,"86,5,49,128,99,85,32,102,14,97",1.129957914352417,-2.006155252456665,-0.970131516456604,-0.762843132019043,7.999756336212158,4.039201259613037,-0.017581671476364136,0.0,0.0,-0.017581671476364136,0.003574967384338379,-0.021156638860702515,-0.35943904519081116,0.0,0.8301904797554016,0.5174882411956787,2.7323873043060303,0.0
0,72,None,False,"86,5,49,128,99,85,32,102,14,97",1.106845498085022,-1.9932751655578613,-1.0508193969726562,-0.8920479416847229,7.999812126159668,5.167300701141357,-0.02242112159729004,0.0,0.0,-0.02242112159729004,-0.00044661760330200195,-0.021974503993988037,-0.25275951623916626,0.0,0.8700305819511414,0.4853154420852661,2.7323873043060303,0.0
0,73,None,False,"86,5,49,128,99,85,32,102,14,97",1.1105709075927734,-2.0622808933258057,-1.103054165840149,-0.7935548424720764,7.999812126159668,3.0367724895477295,-0.029776811599731445,0.0,0.0,-0.029776811599731445,-0.004588067531585693,-0.025188744068145752,-0.02564852312207222,0.0,1.0193158388137817,0.5485926866531372,2.7323873043060303,0.0
0,74,None,False,"86,5,49,128,99,85,32,102,14,97",1.1523137092590332,-2.117434024810791,-0.8865700364112854,-0.7082260251045227,7.999728202819824,4.5382843017578125,-0.02124943770468235,0.0,0.0,-0.02124943770468235,-0.004917502403259277,-0.016331935301423073,-0.08384494483470917,0.0,0.9955525398254395,0.5002561211585999,2.7323873043060303,0.0
0,75,None,False,"86,5,49,128,99,85,32,102,14,97",1.0659024715423584,-2.0574564933776855,-1.142638087272644,-0.821918249130249,7.999802589416504,6.162429332733154,-0.01598304510116577,0.0,0.0,-0.01598304510116577,-0.006541609764099121,-0.00944143533706665,0.19836796820163727,0.0,1.2312830686569214,0.48418810963630676,2.7323873043060303,0.0
0,76,None,False,"86,5,49,128,99,85,32,102,14,97",1.0265370607376099,-2.249668598175049,-1.4741508960723877,-0.717902660369873,7.99968147277832,5.6838202476501465,-0.014941370114684105,0.0,0.0,-0.014941370114684105,-0.015154004096984863,0.00021263398230075836,0.34893813729286194,0.0,1.1262602806091309,0.4947139322757721,2.7323873043060303,0.0
0,77,None,False,"86,5,49,128,99,85,32,102,14,97",1.0606404542922974,-1.9358059167861938,-1.3816534280776978,-0.673987865447998,7.999797821044922,4.955811977386475,-0.0002666890504769981,0.0,0.0,-0.0002666890504769981,-0.003763914108276367,0.003497224999591708,0.3538997769355774,0.0,1.0377098321914673,0.5014837384223938,2.7323873043060303,0.0
0,78,None,False,"86,5,49,128,99,85,32,102,14,97",1.1141455173492432,-1.8203314542770386,-1.0789462327957153,-0.847402811050415,7.999807357788086,4.3542561531066895,0.0075629414059221745,0.0,0.0,0.0075629414059221745,-0.004295706748962402,0.01185864768922329,0.5326621532440186,0.0,1.019623041152954,0.520499050617218,2.7323873043060303,0.0
0,79,Schedule,True,"25,104,64,112,43,87,108,8,92,53",1.142195701599121,-2.005627393722534,-1.1063638925552368,-0.8928908109664917,7.999791145324707,4.280089855194092,-0.008894747123122215,0.10333333333333332,0.02,-0.1322280764579773,-0.0021712183952331543,-0.13005685806274414,-4.618838310241699,-22.979280471801758,1.1938928365707397,0.45210960507392883,2.7323873043060303,0.0
0,80,None,False,"25,104,64,112,43,87,108,8,92,53",1.1090205907821655,-1.7731170654296875,-1.0701054334640503,-1.0120587348937988,7.9997358322143555,5.2626423835754395,-0.007067829370498657,0.0,0.0,-0.007067829370498657,0.004878640174865723,-0.01194646954536438,-0.02761007286608219,0.0,1.058011770248413,0.5264061689376831,2.7323873043060303,0.0
0,81,None,False,"25,104,64,112,43,87,108,8,92,53",1.0978283882141113,-2.297786235809326,-0.9484195709228516,-0.8681908845901489,7.999797821044922,6.707610607147217,-0.0030299187637865543,0.0,0.0,-0.0030299187637865543,0.014352202415466309,-0.017382120713591576,-0.29900285601615906,0.0,1.2137811183929443,0.559007465839386,2.7323873043060303,0.0
0,82,None,False,"25,104,64,112,43,87,108,8,92,53",1.1474592685699463,-2.0022106170654297,-1.0821261405944824,-0.891272246837616,7.999701976776123,5.83173942565918,-0.0025702952407300472,0.0,0.0,-0.0025702952407300472,0.007866621017456055,-0.01043691672384739,0.14791466295719147,0.0,1.0684672594070435,0.5360578894615173,2.7323873043060303,0.0
0,83,None,False,"25,104,64,112,43,87,108,8,92,53",1.0648269653320312,-1.937157392501831,-0.9411735534667969,-0.8794741630554199,7.999776840209961,6.544524192810059,0.0007823586347512901,0.0,0.0,0.0007823586347512901,0.012246489524841309,-0.011464131064713001,-0.09761565178632736,0.0,0.9555342197418213,0.4702970087528229,2.7323873043060303,0.0
0,84,None,False,"25,104,64,112,43,87,108,8,92,53",1.0070394277572632,-2.190408945083618,-1.425408124923706,-0.7065792679786682,7.999746322631836,6.5811686515808105,-0.0024768649600446224,0.0,0.0,-0.0024768649600446224,0.012325286865234375,-0.014802152290940285,-0.2653124928474426,0.0,0.8333867788314819,0.4698840379714966,2.7323873043060303,0.0
0,85,None,False,"25,104,64,112,43,87,108,8,92,53",1.1561777591705322,-1.682968258857727,-1.0051205158233643,-0.717345118522644,7.999748229980469,6.466522216796875,-0.00959119200706482,0.0,0.0,-0.00959119200706482,0.00862133502960205,-0.01821252703666687,-0.0743049755692482,0.0,0.8074700832366943,0.3643719553947449,2.7323873043060303,0.0
0,86,None,False,"25,104,64,112,43,87,108,8,92,53",1.1265347003936768,-1.900331974029541,-1.108399748802185,-0.5914796590805054,7.999760627746582,4.211127281188965,-0.0041224719025194645,0.0,0.0,-0.0041224719025194645,0.009335637092590332,-0.01345810852944851,0.20243343710899353,0.0,0.6943682432174683,0.3907172381877899,2.7323873043060303,0.0
0,87,None,False,"25,104,64,112,43,87,108,8,92,53",1.064557433128357,-1.8728935718536377,-1.1164531707763672,-0.7190251350402832,7.999810218811035,5.464051723480225,-0.012560415081679821,0.0,0.0,-0.012560415081679821,0.0036056041717529297,-0.016166020184755325,-0.1301373988389969,0.0,0.7825261950492859,0.46311789751052856,2.7323873043060303,0.0
0,88,None,False,"25,104,64,112,43,87,108,8,92,53",1.0747967958450317,-2.308124542236328,-1.2209773063659668,-0.878868043422699,7.999786376953125,4.956069469451904,-0.0157854612916708,0.0,0.0,-0.0157854612916708,0.000997304916381836,-0.016782766208052635,-0.20778952538967133,0.0,0.9371685981750488,0.4458054304122925,2.7323873043060303,0.0
0,89,None,False,"25,104,64,112,43,87,108,8,92,53",1.107582926750183,-1.7672529220581055,-1.1187025308609009,-1.131983757019043,7.999726295471191,6.33740758895874,-0.016099387779831886,0.0,0.0,-0.016099387779831886,-0.008032739162445068,-0.008066648617386818,0.22443963587284088,0.0,1.0748443603515625,0.4410788118839264,2.7323873043060303,0.0
0,90,None,False,"25,104,64,112,43,87,108,8,92,53",1.0959863662719727,-2.1820132732391357,-0.902665376663208,-0.9849464297294617,7.999769687652588,5.338835716247559,-0.019896049052476883,0.0,0.0,-0.019896049052476883,-0.02416980266571045,0.004273753613233566,0.5055022835731506,0.0,1.0650951862335205,0.4480430483818054,2.7323873043060303,0.0
0,91,None,False,"25,104,64,112,43,87,108,8,92,53",1.076594352722168,-2.2334516048431396,-1.3369114398956299,-0.7704437971115112,7.999810218811035,4.68412971496582,-0.02263237163424492,0.0,0.0,-0.02263237163424492,-0.025134384632110596,0.002502012997865677,0.31423941254615784,0.0,0.8119919896125793,0.42452770471572876,2.7323873043060303,0.0
0,92,None,False,"25,104,64,112,43,87,108,8,92,53",1.0357089042663574,-2.22575044631958,-1.4480664730072021,-0.7798407077789307,7.999621391296387,4.860054969787598,-0.023462438955903053,0.0,0.0,-0.023462438955903053,-0.020337939262390137,-0.0031244996935129166,-0.13010136783123016,0.0,0.8557308316230774,0.45331478118896484,2.7323873043060303,0.0
0,93,Schedule,True,"35,83,113,133,106,85,138,31,107,102",1.059217929840088,-1.8124934434890747,-1.0339843034744263,-0.7876050472259521,7.9997100830078125,6.315454006195068,-0.015038358978927135,0.10333333333333332,0.02,-0.13837169110774994,-0.029116034507751465,-0.10925565659999847,-3.111354112625122,-15.499045372009277,0.9204554557800293,0.4343191981315613,2.7323873043060303,0.0
0,94,None,False,"35,83,113,133,106,85,138,31,107,102",1.078885555267334,-2.301913022994995,-1.4461283683776855,-0.6489624977111816,7.999743938446045,6.357403755187988,0.004843664355576038,0.0,0.0,0.004843664355576038,-0.022608458995819092,0.027452122420072556,1.1970441341400146,0.0,1.0920829772949219,0.43427640199661255,2.7323873043060303,0.0
0,95,Struct Break (DC),True,"103,5,0,73,88,126,111,100,32,33",1.085793137550354,-2.0692641735076904,-1.113454818725586,-0.7066746950149536,7.999815464019775,5.526921272277832,-0.03057393990457058,0.10333333333333332,0.02,-0.15390726923942566,-0.014813482761383057,-0.1390937864780426,-3.226414680480957,-16.045185089111328,0.9243413805961609,0.4419217109680176,2.7323873043060303,0.0
0,96,Vol Shock,True,"140,12,26,123,106,78,134,59,2,87",1.1151409149169922,-1.8151812553405762,-0.9690661430358887,-0.8312525749206543,7.999748706817627,4.128161907196045,-0.006292796228080988,0.10333333333333332,0.02,-0.12962612509727478,-0.02446889877319336,-0.10515722632408142,-2.1887588500976562,-10.91108226776123,0.8270472288131714,0.33217304944992065,2.7323873043060303,0.0
0,97,Vol Shock,True,"86,56,87,97,60,132,4,29,34,102",1.0632193088531494,-2.0152015686035156,-1.0427744388580322,-0.8223253488540649,7.999792575836182,4.636531352996826,-0.015959108248353004,0.09299999753634133,0.017999999523162842,-0.12695910036563873,-0.026588857173919678,-0.10037024319171906,-2.150526762008667,-10.723898887634277,0.6367107629776001,0.47712481021881104,2.7323873043060303,0.0
0,98,None,False,"86,56,87,97,60,132,4,29,34,102",1.0226792097091675,-1.9329898357391357,-1.237647294998169,-0.7379447221755981,7.9997878074646,4.374847412109375,-0.021735936403274536,0.0,0.0,-0.021735936403274536,-0.025606870651245117,0.003870934247970581,0.3516140580177307,0.0,0.605852484703064,0.3773496747016907,2.7323873043060303,0.0
0,99,None,False,"86,56,87,97,60,132,4,29,34,102",1.054175615310669,-2.1314210891723633,-1.2940657138824463,-0.6279031038284302,7.999820709228516,2.87520694732666,-0.024307042360305786,0.0,0.0,-0.024307042360305786,-0.017727375030517578,-0.006579667329788208,-0.004824263043701649,0.0,0.600496768951416,0.29603463411331177,2.7323873043060303,0.0
0,100,None,False,"86,56,87,97,60,132,4,29,34,102",0.99151211977005,-2.2403006553649902,-1.535085678100586,-0.9300033450126648,7.9996418952941895,5.376308441162109,0.004392468836158514,0.0,0.0,0.004392468836158514,0.004525661468505859,-0.00013319263234734535,0.4492323398590088,0.0,0.5849126577377319,0.30136826634407043,2.7323873043060303,0.0
0,101,None,False,"86,56,87,97,60,132,4,29,34,102",1.0487456321716309,-2.295962333679199,-1.0901628732681274,-0.9243113994598389,7.9997639656066895,6.325394153594971,0.03528422862291336,0.0,0.0,0.03528422862291336,0.0164564847946167,0.01882774382829666,0.7701168656349182,0.0,0.5856707096099854,0.39162012934684753,2.7323873043060303,0.0
0,102,None,False,"86,56,87,97,60,132,4,29,34,102",1.1196916103363037,-1.9472817182540894,-1.2200405597686768,-0.6830582022666931,7.999820232391357,4.725234031677246,0.031249631196260452,0.0,0.0,0.031249631196260452,0.02228415012359619,0.00896548107266426,0.6211814284324646,0.0,0.6482976078987122,0.3503355383872986,2.7323873043060303,0.0
0,103,None,False,"86,56,87,97,60,132,4,29,34,102",1.068833827972412,-1.9882862567901611,-1.1111263036727905,-0.7155055999755859,7.999842166900635,2.9461655616760254,0.035065870732069016,0.0,0.0,0.035065870732069016,0.03137040138244629,0.0036954693496227264,0.5662492513656616,0.0,0.6567440032958984,0.37987086176872253,2.7323873043060303,0.0
0,104,None,False,"86,56,87,97,60,132,4,29,34,102",1.0882642269134521,-1.8604044914245605,-1.1384495496749878,-0.6962512731552124,7.999798774719238,4.312283515930176,0.03494664281606674,0.0,0.0,0.03494664281606674,0.02662646770477295,0.008320175111293793,0.5794218182563782,0.0,0.5717379450798035,0.37428194284439087,2.7323873043060303,0.0
0,105,None,False,"86,56,87,97,60,132,4,29,34,102",1.139495849609375,-2.23110294342041,-1.1857242584228516,-0.7247645258903503,7.999744892120361,4.464849948883057,0.022343475371599197,0.0,0.0,0.022343475371599197,0.01760697364807129,0.004736501723527908,0.399760365486145,0.0,0.6135612726211548,0.4003913700580597,2.7323873043060303,0.0
0,106,None,False,"86,56,87,97,60,132,4,29,34,102",1.128661036491394,-1.8077095746994019,-1.2490781545639038,-0.6109619140625,7.999772548675537,4.0716047286987305,-0.010274464264512062,0.0,0.0,-0.010274464264512062,0.013752222061157227,-0.02402668632566929,-0.5294234156608582,0.0,0.7984839677810669,0.3960496187210083,2.7323873043060303,0.0
0,107,None,False,"86,56,87,97,60,132,4,29,34,102",1.0615284442901611,-2.20940899848938,-1.2506046295166016,-0.8130302429199219,7.999767303466797,4.762479305267334,-0.015409177169203758,0.0,0.0,-0.015409177169203758,0.014296650886535645,-0.029705828055739403,-0.1841631829738617,0.0,0.7632473111152649,0.37526828050613403,2.7323873043060303,0.0
0,108,None,False,"86,56,87,97,60,132,4,29,34,102",1.0870786905288696,-2.127980947494507,-1.3733961582183838,-0.6093382835388184,7.9997663497924805,6.004746913909912,0.006885075476020575,0.0,0.0,0.006885075476020575,0.02634584903717041,-0.01946077309548855,-0.030624914914369583,0.0,0.6509527564048767,0.3900289833545685,2.7323873043060303,0.0
0,109,None,False,"86,56,87,97,60,132,4,29,34,102",1.1058100461959839,-2.0646588802337646,-1.2165827751159668,-0.626014232635498,7.999820709228516,4.697439670562744,0.013154983520507812,0.0,0.0,0.013154983520507812,0.018804311752319336,-0.0056493282318115234,-0.07438478618860245,0.0,0.8421540856361389,0.37881553173065186,2.7323873043060303,0.0
0,110,None,False,"86,56,87,97,60,132,4,29,34,102",1.0789802074432373,-2.025803327560425,-1.1095932722091675,-0.7615092992782593,7.99981689453125,4.0763139724731445,0.010618060827255249,0.0,0.0,0.010618060827255249,0.01586735248565674,-0.005249291658401489,0.196330264210701,0.0,0.818591833114624,0.37985044717788696,2.7323873043060303,0.0
0,111,Schedule,True,"114,131,107,43,55,89,27,16,134,35",1.1040207147598267,-1.8815295696258545,-1.10433030128479,-0.6899341344833374,7.999723434448242,4.670430660247803,0.0035013495944440365,0.10333333333333332,0.02,-0.11983197927474976,0.016521453857421875,-0.13635343313217163,-2.294708490371704,-11.447355270385742,0.6990946531295776,0.38354313373565674,2.7323873043060303,0.0
0,112,None,False,"114,131,107,43,55,89,27,16,134,35",1.0678282976150513,-1.9740068912506104,-1.159650206565857,-0.6337437629699707,7.999761581420898,4.642104625701904,0.011191713623702526,0.0,0.0,0.011191713623702526,0.02142965793609619,-0.010237944312393665,-0.49890220165252686,0.0,0.7839193940162659,0.3944399058818817,2.7323873043060303,0.0
0,113,None,False,"114,131,107,43,55,89,27,16,134,35",1.1138628721237183,-1.8798942565917969,-0.9838451147079468,-0.9264668822288513,7.999756813049316,5.92812967300415,0.003249740693718195,0.0,0.0,0.003249740693718195,0.011718273162841797,-0.00846853293478489,-0.5698847770690918,0.0,0.871494472026825,0.3683032691478729,2.7323873043060303,0.0
0,114,None,False,"114,131,107,43,55,89,27,16,134,35",1.13885498046875,-1.863786220550537,-1.0113598108291626,-0.8581816554069519,7.9997687339782715,3.3477213382720947,0.017523080110549927,0.0,0.0,0.017523080110549927,0.029552221298217773,-0.012029141187667847,-0.40838077664375305,0.0,0.9316271543502808,0.37371036410331726,2.7323873043060303,0.0
0,115,None,False,"114,131,107,43,55,89,27,16,134,35",1.0394282341003418,-2.209791898727417,-1.2422337532043457,-0.6022219657897949,7.999798774719238,5.570250988006592,0.0355052724480629,0.0,0.0,0.0355052724480629,0.04352104663848877,-0.008015774190425873,-0.14243176579475403,0.0,0.8239393830299377,0.34854426980018616,2.7323873043060303,0.0
0,116,None,False,"114,131,107,43,55,89,27,16,134,35",1.1272140741348267,-1.8449662923812866,-1.0780599117279053,-0.7901757955551147,7.999747276306152,5.554381370544434,0.04205668717622757,0.0,0.0,0.04205668717622757,0.038637518882751465,0.0034191682934761047,0.3906700909137726,0.0,0.8599892854690552,0.39004769921302795,2.7323873043060303,0.0
0,117,None,False,"114,131,107,43,55,89,27,16,134,35",1.1151286363601685,-1.8795510530471802,-0.8898834586143494,-0.7642443776130676,7.999819278717041,4.110166072845459,0.035959791392087936,0.0,0.0,0.035959791392087936,0.03984260559082031,-0.003882814198732376,0.42026272416114807,0.0,0.7784438729286194,0.36100900173187256,2.7323873043060303,0.0
0,118,None,False,"114,131,107,43,55,89,27,16,134,35",1.1108386516571045,-2.1013712882995605,-0.8976693153381348,-0.9294531941413879,7.999772548675537,3.5067386627197266,0.03571360185742378,0.0,0.0,0.03571360185742378,0.04086744785308838,-0.0051538459956645966,0.36004364490509033,0.0,0.8684308528900146,0.35628870129585266,2.7323873043060303,0.0
0,119,None,False,"114,131,107,43,55,89,27,16,134,35",1.0739915370941162,-2.086642265319824,-1.0968796014785767,-0.8065789937973022,7.999782562255859,4.643062591552734,0.03515380620956421,0.0,0.0,0.03515380620956421,0.0345151424407959,0.0006386637687683105,0.2999720871448517,0.0,0.926242470741272,0.3201027512550354,2.7323873043060303,0.0
0,120,None,False,"114,131,107,43,55,89,27,16,134,35",1.0859746932983398,-2.1471269130706787,-1.2372715473175049,-0.6389884948730469,7.999791145324707,3.954460859298706,0.042138077318668365,0.0,0.0,0.042138077318668365,0.03333759307861328,0.008800484240055084,0.5923184156417847,0.0,0.6509743928909302,0.29437121748924255,2.7323873043060303,0.0
0,121,None,False,"114,131,107,43,55,89,27,16,134,35",0.9954065680503845,-2.145564079284668,-1.1897220611572266,-0.7919126749038696,7.999725818634033,5.619855880737305,0.021650439128279686,0.0,0.0,0.021650439128279686,0.0230405330657959,-0.0013900939375162125,0.4015044569969177,0.0,0.654439389705658,0.3980426788330078,2.7323873043060303,0.0
0,122,None,False,"114,131,107,43,55,89,27,16,134,35",1.032439112663269,-2.0091552734375,-1.3619658946990967,-0.6556230783462524,7.999800205230713,4.2195916175842285,0.020648736506700516,0.0,0.0,0.020648736506700516,0.012151479721069336,0.00849725678563118,0.6502122282981873,0.0,0.6900607347488403,0.5231600999832153,2.7323873043060303,0.0
0,123,None,False,"114,131,107,43,55,89,27,16,134,35",1.0799968242645264,-1.9589266777038574,-1.2966060638427734,-0.736290693283081,7.99976921081543,2.8102126121520996,0.013011431321501732,0.0,0.0,0.013011431321501732,0.012189269065856934,0.0008221622556447983,0.36397528648376465,0.0,0.6907579898834229,0.4111140966415405,2.7323873043060303,0.0
0,124,None,False,"114,131,107,43,55,89,27,16,134,35",1.0687483549118042,-2.2390589714050293,-1.184680700302124,-0.7725317478179932,7.999746799468994,4.577682018280029,-0.0031446933280676603,0.0,0.0,-0.0031446933280676603,0.0011641979217529297,-0.004308891482651234,0.5394681692123413,0.0,0.743982195854187,0.4049423933029175,2.7323873043060303,0.0
0,125,Schedule,True,"50,125,55,86,113,124,51,74,21,59",0.9430004358291626,-2.1938114166259766,-1.1148017644882202,-1.1395862102508545,7.999582290649414,7.55725622177124,-0.03355173394083977,0.09299999753634133,0.017999999523162842,-0.14455172419548035,-0.031174778938293457,-0.11337694525718689,-1.7423604726791382,-8.7030668258667,0.7685520648956299,0.3603946566581726,2.7323873043060303,0.0
0,126,None,False,"50,125,55,86,113,124,51,74,21,59",1.1098883152008057,-1.7763675451278687,-0.9405450820922852,-0.8896026611328125,7.999814987182617,7.962337017059326,-0.020338088274002075,0.0,0.0,-0.020338088274002075,-0.021789491176605225,0.0014514029026031494,0.32369840145111084,0.0,0.6599947214126587,0.3706129193305969,2.7323873043060303,0.0
0,127,None,False,"50,125,55,86,113,124,51,74,21,59",1.0861965417861938,-2.164064645767212,-0.9930647611618042,-0.9390790462493896,7.999792575836182,4.061081886291504,-0.018109440803527832,0.0,0.0,-0.018109440803527832,-0.02218306064605713,0.004073619842529297,0.5358526110649109,0.0,0.6596958637237549,0.3884408175945282,2.7323873043060303,0.0
0,0,Schedule | Regime Shift (Initial),True,"137,101,127,125,86,68,48,142,76,118",1.0182136297225952,-2.0387754440307617,-1.0455206632614136,-0.7813917398452759,7.999581813812256,4.262063980102539,0.016532665118575096,0.0,0.0,0.016532665118575096,0.002696514129638672,0.013836150988936424,1.3626725673675537,6.715980052947998,1.2386168241500854,0.3638871908187866,2.5935144424438477,0.0
0,1,None,False,"137,101,127,125,86,68,48,142,76,118",1.0119088888168335,-2.204160451889038,-1.0831153392791748,-0.8717457056045532,7.999670028686523,4.806966781616211,0.015131151303648949,0.0,0.0,0.015131151303648949,0.0011333227157592773,0.013997828587889671,1.5594124794006348,0.0,1.1025035381317139,0.35875970125198364,2.5935144424438477,0.0
0,2,None,False,"137,101,127,125,86,68,48,142,76,118",1.1141191720962524,-2.2196767330169678,-1.1201441287994385,-0.6501315832138062,7.999269962310791,6.089819431304932,0.00018408894538879395,0.0,0.0,0.00018408894538879395,-0.010152339935302734,0.010336428880691528,0.6568766832351685,0.0,1.0310574769973755,0.35976117849349976,2.5935144424438477,0.0
0,3,None,False,"137,101,127,125,86,68,48,142,76,118",1.0996291637420654,-1.9088958501815796,-1.0336058139801025,-0.7765239477157593,7.999505043029785,5.619446277618408,-0.004995596595108509,0.0,0.0,-0.004995596595108509,-0.020277202129364014,0.015281605534255505,0.7326721549034119,0.0,0.961555004119873,0.2569473385810852,2.5935144424438477,0.0
0,4,None,False,"137,101,127,125,86,68,48,142,76,118",1.024505853652954,-2.058497905731201,-1.0514487028121948,-0.8806784749031067,7.999587059020996,4.775102138519287,-0.00465088477358222,0.0,0.0,-0.00465088477358222,-0.01594620943069458,0.011295324191451073,0.6200289726257324,0.0,1.081943392753601,0.33646252751350403,2.5935144424438477,0.0
0,5,None,False,"137,101,127,125,86,68,48,142,76,118",1.0684009790420532,-2.146664619445801,-1.2954306602478027,-0.9406819939613342,7.999396800994873,4.895522594451904,-0.0014627277851104736,0.0,0.0,-0.0014627277851104736,-0.013296365737915039,0.011833637952804565,0.48718979954719543,0.0,0.8909308910369873,0.32421165704727173,2.5935144424438477,0.0
0,6,None,False,"137,101,127,125,86,68,48,142,76,118",1.0732835531234741,-2.2479400634765625,-0.9727376699447632,-0.7476198673248291,7.999382495880127,5.8011250495910645,-0.008197903633117676,0.0,0.0,-0.008197903633117676,-0.01162731647491455,0.003429412841796875,0.294770210981369,0.0,0.8833715319633484,0.3004385232925415,2.5935144424438477,0.0
0,7,None,False,"137,101,127,125,86,68,48,142,76,118",1.051928997039795,-2.0001871585845947,-1.082818865776062,-0.8438882231712341,7.999465465545654,5.751242637634277,-0.010237932205200195,0.0,0.0,-0.010237932205200195,-0.0048719048500061035,-0.005366027355194092,0.014430101960897446,0.0,0.8218847513198853,0.28251099586486816,2.5935144424438477,0.0
0,8,Struct Break (DC),True,"43,16,98,103,129,114,64,63,130,39",1.0992027521133423,-2.120037078857422,-1.0662076473236084,-0.7401769161224365,7.999451160430908,4.7990498542785645,-0.02130793407559395,0.10333333333333332,0.02,-0.14464126527309418,-0.01139986515045166,-0.13324140012264252,-2.729616165161133,-13.597956657409668,0.901568591594696,0.4279178977012634,2.5935144424438477,0.0
0,9,None,False,"43,16,98,103,129,114,64,63,130,39",1.032414197921753,-2.1550543308258057,-1.1366032361984253,-0.8366407752037048,7.999454975128174,5.110829830169678,-0.03305292874574661,0.0,0.0,-0.03305292874574661,-0.015968799591064453,-0.01708412915468216,-0.15898668766021729,0.0,0.9763806462287903,0.4016229808330536,2.5935144424438477,0.0
0,10,None,False,"43,16,98,103,129,114,64,63,130,39",0.999968409538269,-1.9572007656097412,-1.1334165334701538,-0.947624683380127,7.999621391296387,4.806728363037109,-0.03477887436747551,0.0,0.0,-0.03477887436747551,-0.012903332710266113,-0.021875541657209396,-0.41382455825805664,0.0,0.6623096466064453,0.3557381331920624,2.5935144424438477,0.0
0,11,None,False,"43,16,98,103,129,114,64,63,130,39",1.0778136253356934,-2.077986478805542,-1.1501940488815308,-0.8840103149414062,7.999459266662598,4.315704822540283,-0.03451269865036011,0.0,0.0,-0.03451269865036011,-0.012334883213043213,-0.022177815437316895,-0.6128087043762207,0.0,0.7473598718643188,0.3796772360801697,2.5935144424438477,0.0
0,12,None,False,"43,16,98,103,129,114,64,63,130,39",1.1106946468353271,-1.9909932613372803,-1.0399622917175293,-0.5924948453903198,7.999483108520508,4.703701496124268,-0.057455677539110184,0.0,0.0,-0.057455677539110184,-0.021807849407196045,-0.03564782813191414,-1.9588427543640137,0.0,0.8093737363815308,0.3975864052772522,2.5935144424438477,0.0
0,13,None,False,"43,16,98,103,129,114,64,63,130,39",1.025064468383789,-1.9819728136062622,-1.161100149154663,-0.7880953550338745,7.999417304992676,4.3266706466674805,-0.05125588923692703,0.0,0.0,-0.05125588923692703,-0.022218942642211914,-0.02903694659471512,-1.7170265913009644,0.0,0.9756069779396057,0.4179912209510803,2.5935144424438477,0.0
0,14,None,False,"43,16,98,103,129,114,64,63,130,39",0.9483191967010498,-2.222137928009033,-1.382432222366333,-0.8371099233627319,7.999242305755615,5.944845199584961,-0.01964361034333706,0.0,0.0,-0.01964361034333706,-0.00790029764175415,-0.011743312701582909,0.7517764568328857,0.0,1.0753114223480225,0.40592870116233826,2.5935144424438477,0.0
0,15,None,False,"43,16,98,103,129,114,64,63,130,39",1.1016994714736938,-1.9689700603485107,-1.0431177616119385,-0.9112914204597473,7.999541759490967,5.781898021697998,-0.02705984190106392,0.0,0.0,-0.02705984190106392,-0.010489284992218018,-0.0165705569088459,-0.8626390099525452,0.0,1.0138581991195679,0.39413565397262573,2.5935144424438477,0.0
0,16,None,False,"43,16,98,103,129,114,64,63,130,39",1.057605504989624,-1.7384394407272339,-1.0442824363708496,-0.9405440092086792,7.9994916915893555,4.410193920135498,-0.009499942883849144,0.0,0.0,-0.009499942883849144,-0.0015211701393127441,-0.0079787727445364,-0.26667243242263794,0.0,1.1673794984817505,0.4109076261520386,2.5935144424438477,0.0
0,17,None,False,"43,16,98,103,129,114,64,63,130,39",1.0229836702346802,-1.9905539751052856,-0.7513041496276855,-1.034683346748352,7.999567031860352,5.632373332977295,0.04485061764717102,0.0,0.0,0.04485061764717102,0.01766979694366455,0.02718082070350647,1.0668911933898926,0.0,0.9950223565101624,0.41446128487586975,2.5935144424438477,0.0
0,18,None,False,"43,16,98,103,129,114,64,63,130,39",1.1071592569351196,-1.9106664657592773,-1.0157520771026611,-0.9956528544425964,7.999663352966309,4.8889970779418945,0.05243905633687973,0.0,0.0,0.05243905633687973,0.025389671325683594,0.027049385011196136,0.9040346145629883,0.0,1.0624157190322876,0.39278730750083923,2.5935144424438477,0.0
0,19,None,False,"43,16,98,103,129,114,64,63,130,39",1.0785664319992065,-2.008157253265381,-0.8157690167427063,-0.9185183644294739,7.999576091766357,4.065266132354736,0.02558518573641777,0.0,0.0,0.02558518573641777,0.012202262878417969,0.013382922857999802,0.5588656663894653,0.0,1.1016063690185547,0.39136767387390137,2.5935144424438477,0.0
0,20,None,False,"43,16,98,103,129,114,64,63,130,39",1.0643913745880127,-1.7683082818984985,-1.173377275466919,-0.771878719329834,7.999497413635254,4.129075527191162,0.01063681859523058,0.0,0.0,0.01063681859523058,0.004654645919799805,0.005982172675430775,0.4224390685558319,0.0,1.0988470315933228,0.3357967138290405,2.5935144424438477,0.0
0,21,None,False,"43,16,98,103,129,114,64,63,130,39",1.1162679195404053,-2.0258138179779053,-0.9747704267501831,-0.8327512741088867,7.999297142028809,5.483649253845215,0.00536192674189806,0.0,0.0,0.00536192674189806,-0.0013818740844726562,0.006743800826370716,0.324090838432312,0.0,0.9575564861297607,0.4200790524482727,2.5935144424438477,0.0
0,22,Schedule,True,"68,60,115,46,117,18,100,81,137,112",1.1191651821136475,-1.9501984119415283,-1.0975291728973389,-0.7679595351219177,7.999582290649414,5.0652594566345215,-0.0018039882415905595,0.10333333333333332,0.02,-0.1251373142004013,-0.008931636810302734,-0.11620567739009857,-2.5782108306884766,-12.860274314880371,0.9794896841049194,0.41760605573654175,2.5935144424438477,0.0
0,23,None,False,"68,60,115,46,117,18,100,81,137,112",1.058098554611206,-1.945910930633545,-1.0127445459365845,-0.8111092448234558,7.999636650085449,3.644402027130127,0.008336258120834827,0.0,0.0,0.008336258120834827,-0.004313468933105469,0.012649727053940296,0.6008420586585999,0.0,0.9180598855018616,0.3533935844898224,2.5935144424438477,0.0
0,24,None,False,"68,60,115,46,117,18,100,81,137,112",1.024997353553772,-2.0671091079711914,-1.2658302783966064,-0.8342705965042114,7.999499797821045,4.201664924621582,-0.004627794027328491,0.0,0.0,-0.004627794027328491,-0.005433440208435059,0.0008056461811065674,0.2364124357700348,0.0,1.000976800918579,0.25564342737197876,2.5935144424438477,0.0
0,25,None,False,"68,60,115,46,117,18,100,81,137,112",1.0439594984054565,-2.4280521869659424,-1.4189541339874268,-0.5990778207778931,7.999282360076904,5.610726833343506,-0.0041138590313494205,0.0,0.0,-0.0041138590313494205,0.0027464628219604492,-0.00686032185330987,0.16496573388576508,0.0,1.1767654418945312,0.34129685163497925,2.5935144424438477,0.0
0,26,None,False,"68,60,115,46,117,18,100,81,137,112",1.084585189819336,-1.9156633615493774,-1.1278233528137207,-0.7702003121376038,7.999556064605713,5.512990474700928,0.005393463186919689,0.0,0.0,0.005393463186919689,0.007449626922607422,-0.0020561637356877327,-0.009667335078120232,0.0,1.0196096897125244,0.3339693546295166,2.5935144424438477,0.0
0,27,None,False,"68,60,115,46,117,18,100,81,137,112",1.0265703201293945,-2.1281685829162598,-0.9894316792488098,-0.8600480556488037,7.999602317810059,4.610899925231934,0.10941173881292343,0.0,0.0,0.10941173881292343,0.031407952308654785,0.07800378650426865,2.363006114959717,0.0,1.0084228515625,0.33186066150665283,2.5935144424438477,0.0
0,28,None,False,"68,60,115,46,117,18,100,81,137,112",1.05526602268219,-1.9027658700942993,-1.4003405570983887,-0.6474672555923462,7.999323844909668,5.567729949951172,0.10921549797058105,0.0,0.0,0.10921549797058105,0.03394210338592529,0.07527339458465576,1.8456449508666992,0.0,0.9942057728767395,0.36259743571281433,2.5935144424438477,0.0
0,29,None,False,"68,60,115,46,117,18,100,81,137,112",1.06838858127594,-1.815305233001709,-1.1175763607025146,-0.9379287362098694,7.999518871307373,5.1824564933776855,0.12202372401952744,0.0,0.0,0.12202372401952744,0.03475141525268555,0.08727230876684189,3.4632482528686523,0.0,0.8729876279830933,0.3348301351070404,2.5935144424438477,0.0
0,30,None,False,"68,60,115,46,117,18,100,81,137,112",1.0742595195770264,-2.037655830383301,-1.0488933324813843,-0.972046971321106,7.999605655670166,2.836469888687134,0.1282489001750946,0.0,0.0,0.1282489001750946,0.030156850814819336,0.09809204936027527,2.5430102348327637,0.0,0.7957015037536621,0.3751528859138489,2.5935144424438477,0.0
0,31,None,False,"68,60,115,46,117,18,100,81,137,112",1.0392299890518188,-2.067143201828003,-1.205458641052246,-0.7763010859489441,7.999467849731445,3.3300669193267822,0.13573475182056427,0.0,0.0,0.13573475182056427,0.02871537208557129,0.10701937973499298,2.372992992401123,0.0,0.8768841624259949,0.40660518407821655,2.5935144424438477,0.0
0,32,None,False,"68,60,115,46,117,18,100,81,137,112",1.076271653175354,-1.9464548826217651,-1.1951160430908203,-0.7557792663574219,7.999311447143555,3.2734036445617676,0.016544699668884277,0.0,0.0,0.016544699668884277,0.005548715591430664,0.010995984077453613,0.5064936280250549,0.0,0.8974362015724182,0.47419917583465576,2.5935144424438477,0.0
0,33,None,False,"68,60,115,46,117,18,100,81,137,112",1.0679956674575806,-2.0682733058929443,-1.1674610376358032,-0.6126442551612854,7.999481201171875,4.4271745681762695,0.016726762056350708,0.0,0.0,0.016726762056350708,0.010553240776062012,0.006173521280288696,0.28509125113487244,0.0,0.9195317029953003,0.47464004158973694,2.5935144424438477,0.0
0,34,None,False,"68,60,115,46,117,18,100,81,137,112",1.0221410989761353,-1.956163763999939,-1.1637827157974243,-0.7968178987503052,7.99949312210083,4.600555896759033,0.026010315865278244,0.0,0.0,0.026010315865278244,0.009955525398254395,0.01605479046702385,0.6423228979110718,0.0,1.0088882446289062,0.4096686542034149,2.5935144424438477,0.0
0,35,None,False,"68,60,115,46,117,18,100,81,137,112",0.9505658149719238,-2.115682363510132,-1.2120678424835205,-0.7608593702316284,7.999572277069092,3.4215991497039795,0.019981568679213524,0.0,0.0,0.019981568679213524,0.010578632354736328,0.009402936324477196,0.4889214038848877,0.0,0.9358232617378235,0.4653130769729614,2.5935144424438477,0.0
0,36,Schedule,True,"93,133,64,50,57,89,47,35,28,41",1.1114306449890137,-1.7931264638900757,-0.8216894865036011,-0.7398614287376404,7.999423027038574,5.511102676391602,-0.002233272884041071,0.10333333333333332,0.02,-0.12556660175323486,-0.0022149085998535156,-0.12335169315338135,-2.652596950531006,-13.196916580200195,0.8906154632568359,0.49299025535583496,2.5935144424438477,0.0
0,37,None,False,"93,133,64,50,57,89,47,35,28,41",1.0019997358322144,-1.9360119104385376,-1.1467044353485107,-0.7682541012763977,7.999650955200195,4.696093559265137,-0.0021469772327691317,0.0,0.0,-0.0021469772327691317,-0.0009557604789733887,-0.001191216753795743,0.3303701877593994,0.0,0.9262779951095581,0.4262242317199707,2.5935144424438477,0.0
0,38,None,False,"93,133,64,50,57,89,47,35,28,41",1.0641117095947266,-1.794956922531128,-0.9249835014343262,-0.7881261706352234,7.9994940757751465,3.483901262283325,-0.009831368923187256,0.0,0.0,-0.009831368923187256,-0.014088034629821777,0.0042566657066345215,0.4341145157814026,0.0,0.7857636213302612,0.39744922518730164,2.5935144424438477,0.0
0,39,None,False,"93,133,64,50,57,89,47,35,28,41",1.0969029664993286,-1.9854695796966553,-1.2056132555007935,-0.7679633498191833,7.999542236328125,3.5801737308502197,-0.018556511029601097,0.0,0.0,-0.018556511029601097,-0.017726778984069824,-0.0008297320455312729,0.34239569306373596,0.0,0.7617190480232239,0.4231196343898773,2.5935144424438477,0.0
0,40,None,False,"93,133,64,50,57,89,47,35,28,41",1.0878876447677612,-1.9920765161514282,-1.040252685546875,-0.848107099533081,7.999552249908447,2.8840956687927246,-0.014803528785705566,0.0,0.0,-0.014803528785705566,-0.011887013912200928,-0.0029165148735046387,0.29218122363090515,0.0,0.8250539302825928,0.4792449474334717,2.5935144424438477,0.0
0,41,None,False,"93,133,64,50,57,89,47,35,28,41",1.0605535507202148,-2.1924517154693604,-1.213495135307312,-1.0066964626312256,7.999537944793701,4.76874303817749,-0.011196816340088844,0.0,0.0,-0.011196816340088844,-0.003258049488067627,-0.007938766852021217,0.03600739687681198,0.0,0.926001787185669,0.5093646049499512,2.5935144424438477,0.0
0,42,None,False,"93,133,64,50,57,89,47,35,28,41",1.0428978204727173,-2.1827423572540283,-1.486503005027771,-0.8292737603187561,7.999289512634277,4.55527925491333,-0.0029606937896460295,0.0,0.0,-0.0029606937896460295,0.0035430192947387695,-0.006503713317215443,0.16131320595741272,0.0,0.9298380613327026,0.4029311239719391,2.5935144424438477,0.0
0,43,None,False,"93,133,64,50,57,89,47,35,28,41",1.1254183053970337,-2.1583380699157715,-1.07973051071167,-0.8653477430343628,7.999319553375244,5.298736095428467,0.01549307070672512,0.0,0.0,0.01549307070672512,0.020305156707763672,-0.004812086001038551,-0.1511707454919815,0.0,0.9621961116790771,0.4362170696258545,2.5935144424438477,0.0
0,44,None,False,"93,133,64,50,57,89,47,35,28,41",1.1811884641647339,-1.9947216510772705,-0.9888355731964111,-0.6666790246963501,7.999268531799316,5.610567092895508,0.026536673307418823,0.0,0.0,0.026536673307418823,0.03184378147125244,-0.005307108163833618,-0.10924245417118073,0.0,0.8886128664016724,0.48791617155075073,2.5935144424438477,0.0
0,45,None,False,"93,133,64,50,57,89,47,35,28,41",1.121145248413086,-2.0936272144317627,-1.138179063796997,-0.6183714866638184,7.999443531036377,5.096950054168701,0.007040911819785833,0.0,0.0,0.007040911819785833,0.027257204055786133,-0.020216291770339012,0.1973515748977661,0.0,0.8230044841766357,0.4461798071861267,2.5935144424438477,0.0
0,46,None,False,"93,133,64,50,57,89,47,35,28,41",1.0670174360275269,-2.2056052684783936,-1.1832656860351562,-0.8784130811691284,7.999464988708496,4.287756443023682,0.013405447825789452,0.0,0.0,0.013405447825789452,0.02784121036529541,-0.014435762539505959,-0.027508776634931564,0.0,0.746099054813385,0.3412014842033386,2.5935144424438477,0.0
0,47,None,False,"93,133,64,50,57,89,47,35,28,41",1.0472302436828613,-1.7905402183532715,-0.8036144375801086,-1.0758838653564453,7.999666213989258,4.967012405395508,0.015687668696045876,0.0,0.0,0.015687668696045876,0.02398681640625,-0.008299147710204124,0.13340970873832703,0.0,0.8885927200317383,0.33544179797172546,2.5935144424438477,0.0
0,48,None,False,"93,133,64,50,57,89,47,35,28,41",1.003594994544983,-1.7558965682983398,-1.2032381296157837,-0.7034077644348145,7.999370098114014,5.238743782043457,0.0002573728561401367,0.0,0.0,0.0002573728561401367,0.018419742584228516,-0.01816236972808838,0.02324395626783371,0.0,0.725429356098175,0.3304373621940613,2.5935144424438477,0.0
0,49,None,False,"93,133,64,50,57,89,47,35,28,41",1.0320162773132324,-2.2695553302764893,-0.9829450845718384,-1.037928581237793,7.9995269775390625,7.013526439666748,-0.0007840752368792892,0.0,0.0,-0.0007840752368792892,0.016434311866760254,-0.017218386754393578,-0.022837229073047638,0.0,0.7066457271575928,0.3523363769054413,2.5935144424438477,0.0
0,50,Schedule,True,"55,119,114,74,138,23,131,50,53,44",0.9750102758407593,-2.053332567214966,-1.454844355583191,-0.8184022903442383,7.999307632446289,6.865107536315918,0.021826034411787987,0.09299999753634133,0.017999999523162842,-0.08917395770549774,0.021541595458984375,-0.11071555316448212,-2.3151440620422363,-11.534844398498535,0.7249117493629456,0.273979127407074,2.5935144424438477,0.0
0,51,None,False,"55,119,114,74,138,23,131,50,53,44",1.1058470010757446,-2.2006595134735107,-0.8632723093032837,-0.7554962635040283,7.999388694763184,7.448047637939453,0.021178048104047775,0.0,0.0,0.021178048104047775,0.033011794090270996,-0.01183374598622322,0.11526801437139511,0.0,0.7377520203590393,0.34915071725845337,2.5935144424438477,0.0
0,52,None,False,"55,119,114,74,138,23,131,50,53,44",1.0649442672729492,-1.790114402770996,-1.0265440940856934,-0.7593374848365784,7.999532222747803,4.852956771850586,0.01870139315724373,0.0,0.0,0.01870139315724373,0.02772533893585205,-0.009023945778608322,0.13132549822330475,0.0,0.7671323418617249,0.36446523666381836,2.5935144424438477,0.0
0,53,None,False,"55,119,114,74,138,23,131,50,53,44",0.9755809903144836,-2.186508893966675,-1.3502302169799805,-0.9281862378120422,7.9992780685424805,5.213373184204102,0.02531035616993904,0.0,0.0,0.02531035616993904,0.03064417839050293,-0.0053338222205638885,0.22220391035079956,0.0,0.7281692028045654,0.2607031464576721,2.5935144424438477,0.0
0,54,None,False,"55,119,114,74,138,23,131,50,53,44",1.1047358512878418,-1.9691835641860962,-1.0598491430282593,-0.8553577065467834,7.999505043029785,4.713006496429443,0.028542036190629005,0.0,0.0,0.028542036190629005,0.019495368003845215,0.00904666818678379,0.642523467540741,0.0,0.6360243558883667,0.33486512303352356,2.5935144424438477,0.0
0,55,None,False,"55,119,114,74,138,23,131,50,53,44",1.0917887687683105,-1.8846590518951416,-1.065445065498352,-0.7673897743225098,7.9994025230407715,4.2907819747924805,0.028530681505799294,0.0,0.0,0.028530681505799294,0.020432472229003906,0.008098209276795387,0.3670603930950165,0.0,0.5078935027122498,0.3579970896244049,2.5935144424438477,0.0
0,56,None,False,"55,119,114,74,138,23,131,50,53,44",1.0638494491577148,-2.211982011795044,-0.9805030822753906,-0.9308580160140991,7.999565124511719,3.7821462154388428,0.02787368930876255,0.0,0.0,0.02787368930876255,0.02043449878692627,0.007439190521836281,0.4406498670578003,0.0,0.5229806303977966,0.27309802174568176,2.5935144424438477,0.0
0,57,None,False,"55,119,114,74,138,23,131,50,53,44",1.090625524520874,-1.9017082452774048,-1.1153501272201538,-0.8247889876365662,7.9995341300964355,3.930163621902466,0.041928481310606,0.0,0.0,0.041928481310606,0.030266284942626953,0.01166219636797905,0.5944347381591797,0.0,0.5462174415588379,0.26461419463157654,2.5935144424438477,0.0
0,58,None,False,"55,119,114,74,138,23,131,50,53,44",1.062939167022705,-1.9871032238006592,-1.1286414861679077,-0.5382041335105896,7.999307632446289,4.393899440765381,0.03611517697572708,0.0,0.0,0.03611517697572708,0.02102077007293701,0.01509440690279007,0.6272686123847961,0.0,0.3896828293800354,0.2865044176578522,2.5935144424438477,0.0
0,59,None,False,"55,119,114,74,138,23,131,50,53,44",1.011724591255188,-1.9070292711257935,-1.4116272926330566,-0.7415058612823486,7.999237537384033,5.065898895263672,0.03451625257730484,0.0,0.0,0.03451625257730484,0.023798108100891113,0.010718144476413727,0.6263679265975952,0.0,0.5720934867858887,0.33220764994621277,2.5935144424438477,0.0
0,60,None,False,"55,119,114,74,138,23,131,50,53,44",1.0922706127166748,-1.7010246515274048,-0.9139218330383301,-1.0442564487457275,7.9994306564331055,5.232470512390137,0.019114499911665916,0.0,0.0,0.019114499911665916,0.010439157485961914,0.008675342425704002,0.3039299547672272,0.0,0.5958507061004639,0.34637439250946045,2.5935144424438477,0.0
0,61,None,False,"55,119,114,74,138,23,131,50,53,44",0.9936227202415466,-2.3475160598754883,-1.379420280456543,-0.6823515892028809,7.999239444732666,5.98452615737915,0.024095792323350906,0.0,0.0,0.024095792323350906,0.004201531410217285,0.01989426091313362,0.7017641663551331,0.0,0.6853145956993103,0.36264604330062866,2.5935144424438477,0.0
0,62,None,False,"55,119,114,74,138,23,131,50,53,44",1.0599843263626099,-2.2673399448394775,-0.8395140171051025,-0.8548048734664917,7.9994707107543945,5.385562419891357,0.0059111774899065495,0.0,0.0,0.0059111774899065495,-0.01209867000579834,0.018009847030043602,0.6546072959899902,0.0,0.8644272089004517,0.33479398488998413,2.5935144424438477,0.0
0,63,None,False,"55,119,114,74,138,23,131,50,53,44",1.1312358379364014,-1.949745774269104,-1.0782561302185059,-0.9862662553787231,7.99945592880249,5.788247108459473,-0.0007425606017932296,0.0,0.0,-0.0007425606017932296,-0.011439383029937744,0.01069682277739048,0.4258277118206024,0.0,0.7603710889816284,0.3294451832771301,2.5935144424438477,0.0
0,64,Schedule,True,"35,115,77,23,64,113,5,126,8,106",1.0280805826187134,-2.131762981414795,-1.2428507804870605,-0.6728416085243225,7.999448299407959,5.037292003631592,-0.014321262016892433,0.09299999753634133,0.017999999523162842,-0.12532125413417816,-0.008724629878997803,-0.11659662425518036,-2.2615840435028076,-11.277460098266602,0.624788761138916,0.3232179284095764,2.5935144424438477,0.0
0,65,None,False,"35,115,77,23,64,113,5,126,8,106",1.0457444190979004,-1.879778504371643,-0.9980152249336243,-0.9159387946128845,7.999463081359863,3.9124350547790527,-0.010205984115600586,0.0,0.0,-0.010205984115600586,-0.00025773048400878906,-0.009948253631591797,0.12891724705696106,0.0,0.6414999961853027,0.370961993932724,2.5935144424438477,0.0
0,66,None,False,"35,115,77,23,64,113,5,126,8,106",1.1124478578567505,-1.7926026582717896,-0.9484620094299316,-1.1522538661956787,7.999474048614502,3.670259714126587,-0.0013608813751488924,0.0,0.0,-0.0013608813751488924,0.0006014108657836914,-0.001962292240932584,0.23338359594345093,0.0,0.5595493912696838,0.32246801257133484,2.5935144424438477,0.0
0,67,None,False,"35,115,77,23,64,113,5,126,8,106",1.0941872596740723,-2.198498249053955,-1.0732229948043823,-0.8400563597679138,7.99942684173584,5.0547075271606445,0.01869046688079834,0.0,0.0,0.01869046688079834,0.014977693557739258,0.003712773323059082,0.42707133293151855,0.0,0.4986374080181122,0.33782899379730225,2.5935144424438477,0.0
0,68,None,False,"35,115,77,23,64,113,5,126,8,106",1.016526222229004,-1.8429877758026123,-1.2500884532928467,-0.7673838138580322,7.999350070953369,5.173574924468994,0.02271917462348938,0.0,0.0,0.02271917462348938,0.02140629291534424,0.0013128817081451416,0.2843446135520935,0.0,0.5700249075889587,0.3480989933013916,2.5935144424438477,0.0
0,69,None,False,"35,115,77,23,64,113,5,126,8,106",1.0147827863693237,-2.0705771446228027,-1.0263326168060303,-0.7630287408828735,7.9995293617248535,5.246230125427246,0.016126442700624466,0.0,0.0,0.016126442700624466,0.020980000495910645,-0.004853557795286179,-0.14646512269973755,0.0,0.5235982537269592,0.3268687129020691,2.5935144424438477,0.0
0,70,None,False,"35,115,77,23,64,113,5,126,8,106",1.0481544733047485,-2.0705742835998535,-0.9558035135269165,-0.8568853139877319,7.999472141265869,4.563499927520752,0.0245260838419199,0.0,0.0,0.0245260838419199,0.01896536350250244,0.005560720339417458,0.18857400119304657,0.0,0.7209895849227905,0.3250519335269928,2.5935144424438477,0.0
0,71,None,False,"35,115,77,23,64,113,5,126,8,106",1.0782444477081299,-2.1332595348358154,-1.1341512203216553,-0.819365918636322,7.999536514282227,3.700033664703369,0.020068293437361717,0.0,0.0,0.020068293437361717,0.010058999061584473,0.010009294375777245,0.35126230120658875,0.0,0.7626765966415405,0.3331260681152344,2.5935144424438477,0.0
0,72,None,False,"35,115,77,23,64,113,5,126,8,106",1.0718907117843628,-1.9302754402160645,-0.9824612736701965,-0.9093179702758789,7.999666690826416,3.2789664268493652,0.018093138933181763,0.0,0.0,0.018093138933181763,0.007376670837402344,0.010716468095779419,0.468765527009964,0.0,0.6741775274276733,0.34484291076660156,2.5935144424438477,0.0
0,73,None,False,"35,115,77,23,64,113,5,126,8,106",1.0039888620376587,-2.3078420162200928,-1.025245189666748,-0.9939278960227966,7.9995341300964355,4.074579238891602,0.01837105117738247,0.0,0.0,0.01837105117738247,0.002553701400756836,0.015817349776625633,0.6895021200180054,0.0,0.5415019989013672,0.28015851974487305,2.5935144424438477,0.0
0,74,None,False,"35,115,77,23,64,113,5,126,8,106",1.0859589576721191,-1.9867033958435059,-1.2447481155395508,-0.7037561535835266,7.999349594116211,4.805455207824707,0.03346056491136551,0.0,0.0,0.03346056491136551,0.012272834777832031,0.021187730133533478,0.9164024591445923,0.0,0.605128824710846,0.274295836687088,2.5935144424438477,0.0
0,75,None,False,"35,115,77,23,64,113,5,126,8,106",1.0545645952224731,-2.2086918354034424,-1.0737690925598145,-0.8563975095748901,7.99946403503418,4.101866245269775,0.03567435219883919,0.0,0.0,0.03567435219883919,0.017008423805236816,0.01866592839360237,0.8316007256507874,0.0,0.725875198841095,0.2624836266040802,2.5935144424438477,0.0
0,76,None,False,"35,115,77,23,64,113,5,126,8,106",1.0660589933395386,-1.8979943990707397,-1.2152330875396729,-0.7895069122314453,7.999471664428711,4.0709099769592285,0.04046745225787163,0.0,0.0,0.04046745225787163,0.027800917625427246,0.012666534632444382,0.8051316738128662,0.0,0.6686241030693054,0.28996506333351135,2.5935144424438477,0.0
0,77,None,False,"35,115,77,23,64,113,5,126,8,106",1.0747395753860474,-1.9405707120895386,-1.1095302104949951,-0.8185973167419434,7.999585151672363,3.4163718223571777,0.023570334538817406,0.0,0.0,0.023570334538817406,0.023672103881835938,-0.0001017693430185318,0.27522334456443787,0.0,0.6315001845359802,0.25558698177337646,2.5935144424438477,0.0
0,78,Schedule,True,"66,43,20,81,54,94,21,46,59,18",1.0621367692947388,-1.9153965711593628,-0.9568543434143066,-0.8684669733047485,7.999582290649414,3.9439313411712646,0.014522617682814598,0.10333333333333332,0.02,-0.10881070792675018,0.015566110610961914,-0.1243768185377121,-2.813706159591675,-14.006441116333008,0.745954155921936,0.29541197419166565,2.5935144424438477,0.0
0,79,None,False,"66,43,20,81,54,94,21,46,59,18",1.116121768951416,-2.204085350036621,-1.0526071786880493,-0.6811674237251282,7.999354362487793,4.2883992195129395,0.0070899007841944695,0.0,0.0,0.0070899007841944695,0.00912320613861084,-0.0020333053544163704,0.13318270444869995,0.0,0.6923128366470337,0.3426873981952667,2.5935144424438477,0.0
0,80,None,False,"66,43,20,81,54,94,21,46,59,18",1.1162140369415283,-1.933227300643921,-1.1156249046325684,-0.7446574568748474,7.999356269836426,5.593125820159912,0.015339684672653675,0.0,0.0,0.015339684672653675,0.009502172470092773,0.005837512202560902,0.3489519953727722,0.0,0.6340460777282715,0.3464580178260803,2.5935144424438477,0.0
0,81,None,False,"66,43,20,81,54,94,21,46,59,18",1.0842649936676025,-2.0597078800201416,-0.891739010810852,-0.7740309834480286,7.999338150024414,5.630234718322754,0.02117910422384739,0.0,0.0,0.02117910422384739,0.005473136901855469,0.01570596732199192,0.7602325677871704,0.0,0.6432256102561951,0.26277488470077515,2.5935144424438477,0.0
0,82,None,False,"66,43,20,81,54,94,21,46,59,18",1.066496729850769,-1.9306354522705078,-1.0128825902938843,-0.813849687576294,7.999558448791504,6.0675554275512695,0.016765177249908447,0.0,0.0,0.016765177249908447,0.004057049751281738,0.012708127498626709,0.6792895793914795,0.0,0.6604996919631958,0.2808636426925659,2.5935144424438477,0.0
0,83,None,False,"66,43,20,81,54,94,21,46,59,18",0.9526283144950867,-1.8880844116210938,-1.3125255107879639,-0.628346860408783,7.999445915222168,3.44118595123291,0.010800844058394432,0.0,0.0,0.010800844058394432,0.011199235916137695,-0.00039839185774326324,0.28899645805358887,0.0,0.8755759000778198,0.3429020047187805,2.5935144424438477,0.0
0,84,None,False,"66,43,20,81,54,94,21,46,59,18",1.041104793548584,-2.0985500812530518,-1.431395173072815,-0.819616973400116,7.999233245849609,4.295672416687012,0.009473430924117565,0.0,0.0,0.009473430924117565,0.011242985725402832,-0.0017695548012852669,0.2770027220249176,0.0,0.9952306151390076,0.34679877758026123,2.5935144424438477,0.0
0,85,None,False,"66,43,20,81,54,94,21,46,59,18",1.112518548965454,-2.212576389312744,-0.9998096227645874,-0.8392239212989807,7.999518394470215,5.074621200561523,0.0013350307708606124,0.0,0.0,0.0013350307708606124,0.0028564929962158203,-0.001521462225355208,0.38801684975624084,0.0,0.8413931727409363,0.3627871572971344,2.5935144424438477,0.0
0,86,None,False,"66,43,20,81,54,94,21,46,59,18",1.0484987497329712,-1.937252163887024,-0.9606609344482422,-0.7553234100341797,7.999497890472412,3.3301026821136475,0.0006821214919909835,0.0,0.0,0.0006821214919909835,0.0018062591552734375,-0.001124137663282454,0.264152467250824,0.0,0.904242992401123,0.33859091997146606,2.5935144424438477,0.0
0,87,None,False,"66,43,20,81,54,94,21,46,59,18",1.018927812576294,-2.256624221801758,-1.2522224187850952,-0.7843383550643921,7.999399185180664,4.903400897979736,0.01638009026646614,0.0,0.0,0.01638009026646614,0.005572676658630371,0.01080741360783577,0.6741760969161987,0.0,0.8620479702949524,0.32407820224761963,2.5935144424438477,0.0
0,88,None,False,"66,43,20,81,54,94,21,46,59,18",1.0158940553665161,-1.8902571201324463,-1.069665789604187,-0.9290919303894043,7.9994049072265625,5.915433406829834,0.011166912503540516,0.0,0.0,0.011166912503540516,0.004398941993713379,0.006767970509827137,0.5831495523452759,0.0,1.0913002490997314,0.3381906747817993,2.5935144424438477,0.0
0,89,None,False,"66,43,20,81,54,94,21,46,59,18",1.017731785774231,-2.088108777999878,-1.1416020393371582,-0.8494763374328613,7.999614715576172,4.896785259246826,0.00739062437787652,0.0,0.0,0.00739062437787652,-0.0015183687210083008,0.008908992633223534,0.6173360347747803,0.0,1.0129613876342773,0.33916229009628296,2.5935144424438477,0.0
0,90,None,False,"66,43,20,81,54,94,21,46,59,18",1.080549716949463,-1.9526350498199463,-1.0915861129760742,-0.9971990585327148,7.999471187591553,3.837470769882202,0.013085240498185158,0.0,0.0,0.013085240498185158,0.006647944450378418,0.00643729604780674,0.6793242692947388,0.0,1.0989270210266113,0.40590447187423706,2.5935144424438477,0.0
0,91,None,False,"66,43,20,81,54,94,21,46,59,18",1.022825837135315,-2.3516852855682373,-1.511193871498108,-0.7735006809234619,7.99929666519165,6.365373611450195,0.008929205127060413,0.0,0.0,0.008929205127060413,0.0070334672927856445,0.0018957378342747688,0.512384831905365,0.0,1.173401951789856,0.4142228960990906,2.5935144424438477,0.0
0,92,Schedule,True,"29,77,48,63,9,128,54,102,7,98",1.0655583143234253,-1.9987605810165405,-0.9558827877044678,-0.8803825378417969,7.999604225158691,6.510239124298096,-0.013471156358718872,0.09299999753634133,0.017999999523162842,-0.12447115033864975,-0.0009615421295166016,-0.12350960820913315,-2.621429920196533,-13.05910873413086,1.0036284923553467,0.4086485505104065,2.5935144424438477,0.0
0,93,None,False,"29,77,48,63,9,128,54,102,7,98",1.1562546491622925,-1.976887822151184,-1.007659673690796,-0.6837485432624817,7.999373435974121,4.996514797210693,-0.013902431353926659,0.0,0.0,-0.013902431353926659,-0.0026592016220092773,-0.011243229731917381,-0.043176550418138504,0.0,1.1501580476760864,0.46527427434921265,2.5935144424438477,0.0
0,94,None,False,"29,77,48,63,9,128,54,102,7,98",1.0412209033966064,-2.0293915271759033,-1.1331501007080078,-0.9460877776145935,7.99948787689209,6.005362510681152,-0.02107422426342964,0.0,0.0,-0.02107422426342964,-0.009316205978393555,-0.011758018285036087,0.013415414839982986,0.0,1.06328547000885,0.45487862825393677,2.5935144424438477,0.0
0,95,None,False,"29,77,48,63,9,128,54,102,7,98",1.135064721107483,-2.222846508026123,-1.0617411136627197,-0.7978338599205017,7.99931001663208,7.323571681976318,-0.025654714554548264,0.0,0.0,-0.025654714554548264,-0.024122655391693115,-0.0015320591628551483,0.5093546509742737,0.0,1.1408883333206177,0.4716711640357971,2.5935144424438477,0.0
0,96,None,False,"29,77,48,63,9,128,54,102,7,98",1.0462819337844849,-1.951231598854065,-0.9996696710586548,-0.8812940120697021,7.999533176422119,6.477071285247803,-0.0218255165964365,0.0,0.0,-0.0218255165964365,-0.022385001182556152,0.0005594845861196518,0.40262600779533386,0.0,1.0264760255813599,0.5669302940368652,2.5935144424438477,0.0
0,97,None,False,"29,77,48,63,9,128,54,102,7,98",1.081195592880249,-2.519853115081787,-1.2265384197235107,-0.7226824760437012,7.999381065368652,4.530287742614746,-0.006154126022011042,0.0,0.0,-0.006154126022011042,-0.009826838970184326,0.0036727129481732845,0.33512914180755615,0.0,1.0560181140899658,0.45077449083328247,2.5935144424438477,0.0
0,98,None,False,"29,77,48,63,9,128,54,102,7,98",1.1167678833007812,-2.022346258163452,-0.8825822472572327,-0.8913276195526123,7.999516487121582,5.49558687210083,-0.004582029767334461,0.0,0.0,-0.004582029767334461,-0.012758016586303711,0.00817598681896925,0.5633153915405273,0.0,0.9905691146850586,0.47653329372406006,2.5935144424438477,0.0
0,99,None,False,"29,77,48,63,9,128,54,102,7,98",1.0892539024353027,-1.8858364820480347,-1.22493577003479,-0.7836157083511353,7.999545574188232,3.9242236614227295,-0.0006530165555886924,0.0,0.0,-0.0006530165555886924,-0.0033302903175354004,0.002677273703739047,0.46223047375679016,0.0,0.9573579430580139,0.4186244606971741,2.5935144424438477,0.0
0,100,Struct Break (DC),True,"77,31,73,43,83,105,84,114,76,36",1.0974738597869873,-1.5528913736343384,-0.9729571342468262,-0.9680842757225037,7.999608516693115,2.652144193649292,0.01188632845878601,0.09299999753634133,0.017999999523162842,-0.09911366552114487,0.003488302230834961,-0.10260196775197983,-1.9856785535812378,-9.904230117797852,1.0025458335876465,0.4324231743812561,2.5935144424438477,0.0
0,101,None,False,"77,31,73,43,83,105,84,114,76,36",1.061942219734192,-1.8571257591247559,-1.099346399307251,-0.8609148859977722,7.999561309814453,3.754971981048584,0.00755839329212904,0.0,0.0,0.00755839329212904,-0.0020132064819335938,0.009571599774062634,0.5618547201156616,0.0,1.069631576538086,0.48241859674453735,2.5935144424438477,0.0
0,102,None,False,"77,31,73,43,83,105,84,114,76,36",1.0385262966156006,-2.091580390930176,-0.9720304012298584,-0.9727810621261597,7.9995808601379395,4.789407253265381,-0.0010384678607806563,0.0,0.0,-0.0010384678607806563,-0.00047528743743896484,-0.0005631804233416915,0.3573373854160309,0.0,1.0797386169433594,0.4963616132736206,2.5935144424438477,0.0
0,103,None,False,"77,31,73,43,83,105,84,114,76,36",1.1011416912078857,-1.795642614364624,-0.9807428121566772,-0.929381251335144,7.999526500701904,4.01590633392334,0.009215259924530983,0.0,0.0,0.009215259924530983,0.014002442359924316,-0.0047871824353933334,0.28320005536079407,0.0,0.7930538058280945,0.461458295583725,2.5935144424438477,0.0
0,104,None,False,"77,31,73,43,83,105,84,114,76,36",1.0166528224945068,-1.8720693588256836,-1.2897908687591553,-0.7738054990768433,7.999337196350098,4.581984996795654,-0.008179688826203346,0.0,0.0,-0.008179688826203346,0.012392759323120117,-0.020572448149323463,0.09797043353319168,0.0,0.8185828328132629,0.40966540575027466,2.5935144424438477,0.0
0,105,None,False,"77,31,73,43,83,105,84,114,76,36",1.1026959419250488,-2.0522308349609375,-1.1329081058502197,-0.8368227481842041,7.999502658843994,5.377885341644287,-0.009201914072036743,0.0,0.0,-0.009201914072036743,0.020910978317260742,-0.030112892389297485,0.08146287500858307,0.0,0.8200881481170654,0.4093802869319916,2.5935144424438477,0.0
0,106,None,False,"77,31,73,43,83,105,84,114,76,36",1.0796726942062378,-1.9722623825073242,-1.1385023593902588,-0.7977793216705322,7.999622821807861,3.9247195720672607,0.003933030180633068,0.0,0.0,0.003933030180633068,0.024500489234924316,-0.020567458122968674,0.052690114825963974,0.0,0.8302451372146606,0.397090345621109,2.5935144424438477,0.0
0,107,None,False,"77,31,73,43,83,105,84,114,76,36",1.0526173114776611,-2.134025812149048,-0.9318481683731079,-0.9065345525741577,7.999627113342285,4.080341815948486,0.0030894458759576082,0.0,0.0,0.0030894458759576082,0.020259499549865723,-0.017170052975416183,-0.10950766503810883,0.0,0.81019526720047,0.32210883498191833,2.5935144424438477,0.0
0,108,None,False,"77,31,73,43,83,105,84,114,76,36",1.0918664932250977,-1.975684404373169,-1.1984000205993652,-0.892242431640625,7.999467849731445,5.53427267074585,0.006154912523925304,0.0,0.0,0.006154912523925304,0.016449689865112305,-0.010294777341187,-0.18173032999038696,0.0,0.8148901462554932,0.33896252512931824,2.5935144424438477,0.0
0,109,None,False,"77,31,73,43,83,105,84,114,76,36",1.1382882595062256,-1.980578064918518,-0.9808327555656433,-0.993107259273529,7.99940299987793,5.932794094085693,0.031982798129320145,0.0,0.0,0.031982798129320145,0.03040170669555664,0.001581091433763504,0.4244704842567444,0.0,0.7310599088668823,0.4000706374645233,2.5935144424438477,0.0
0,110,None,False,"77,31,73,43,83,105,84,114,76,36",1.10980224609375,-2.1691431999206543,-1.16238534450531,-0.8908798694610596,7.999576091766357,4.823049545288086,0.03345993161201477,0.0,0.0,0.03345993161201477,0.03037583827972412,0.0030840933322906494,0.4280271530151367,0.0,0.7590473294258118,0.34273988008499146,2.5935144424438477,0.0
0,111,None,False,"77,31,73,43,83,105,84,114,76,36",1.0824074745178223,-1.928006649017334,-1.1255898475646973,-0.9488446712493896,7.999587535858154,4.323199272155762,0.03128911182284355,0.0,0.0,0.03128911182284355,0.029688239097595215,0.0016008727252483368,0.3390941619873047,0.0,0.9198563694953918,0.37122735381126404,2.5935144424438477,0.0
0,112,None,False,"77,31,73,43,83,105,84,114,76,36",1.1219760179519653,-2.201852798461914,-1.153665542602539,-0.8682623505592346,7.999544620513916,4.237730979919434,0.026950985193252563,0.0,0.0,0.026950985193252563,0.033661723136901855,-0.006710737943649292,0.1775883138179779,0.0,0.9325559139251709,0.3427547812461853,2.5935144424438477,0.0
0,113,None,False,"77,31,73,43,83,105,84,114,76,36",1.1062986850738525,-1.9340133666992188,-1.2346796989440918,-0.9006689786911011,7.99945068359375,3.7443974018096924,0.032471317797899246,0.0,0.0,0.032471317797899246,0.04076051712036133,-0.008289199322462082,0.3286459147930145,0.0,0.9315903186798096,0.3400871753692627,2.5935144424438477,0.0
0,114,Schedule,True,"24,54,25,60,103,124,78,76,77,51",1.0427217483520508,-1.7492458820343018,-1.186821460723877,-0.6375066041946411,7.9993896484375,5.155737400054932,0.022926753386855125,0.08266666789849599,0.01600000023841858,-0.07573991268873215,0.023769617080688477,-0.09950952976942062,-2.255084991455078,-11.256734848022461,0.968275785446167,0.3276490867137909,2.5935144424438477,0.0
0,115,None,False,"24,54,25,60,103,124,78,76,77,51",1.0264203548431396,-2.0471339225769043,-1.1443208456039429,-0.8022226095199585,7.999535083770752,5.065356731414795,0.01788095198571682,0.0,0.0,0.01788095198571682,0.021952509880065918,-0.004071557894349098,0.3665865659713745,0.0,0.8025196194648743,0.3298162519931793,2.5935144424438477,0.0
0,116,None,False,"24,54,25,60,103,124,78,76,77,51",1.1516119241714478,-1.9350875616073608,-1.0761687755584717,-1.1161785125732422,7.999460697174072,6.03750467300415,0.013027560897171497,0.0,0.0,0.013027560897171497,0.011499404907226562,0.0015281559899449348,0.5308563709259033,0.0,0.9385431408882141,0.32671546936035156,2.5935144424438477,0.0
0,117,None,False,"24,54,25,60,103,124,78,76,77,51",0.9879240989685059,-2.0272693634033203,-1.1614530086517334,-0.7974470853805542,7.9994306564331055,6.5553059577941895,0.013973891735076904,0.0,0.0,0.013973891735076904,0.011912226676940918,0.0020616650581359863,0.3740365505218506,0.0,1.151819109916687,0.3444857895374298,2.5935144424438477,0.0
0,118,None,False,"24,54,25,60,103,124,78,76,77,51",1.1128039360046387,-2.027468204498291,-1.1176762580871582,-0.6871415376663208,7.999467372894287,4.1719136238098145,-0.0007580936071462929,0.0,0.0,-0.0007580936071462929,0.004590034484863281,-0.005348128266632557,0.32736092805862427,0.0,0.9610341787338257,0.346964567899704,2.5935144424438477,0.0
0,119,None,False,"24,54,25,60,103,124,78,76,77,51",1.1009832620620728,-2.188689947128296,-1.204237937927246,-0.685307502746582,7.9994425773620605,3.643383026123047,0.009793984703719616,0.0,0.0,0.009793984703719616,0.004304409027099609,0.0054895756766200066,0.595919132232666,0.0,0.8945058584213257,0.3406681418418884,2.5935144424438477,0.0
0,120,None,False,"24,54,25,60,103,124,78,76,77,51",1.0715326070785522,-2.052734375,-0.9351036548614502,-0.9989128708839417,7.999485015869141,4.855752944946289,0.031475793570280075,0.0,0.0,0.031475793570280075,0.011382818222045898,0.020092975348234177,1.0156325101852417,0.0,0.7304307818412781,0.3281206488609314,2.5935144424438477,0.0
0,121,None,False,"24,54,25,60,103,124,78,76,77,51",1.126707673072815,-1.9724171161651611,-0.8964282274246216,-0.6292800903320312,7.999413013458252,5.186823844909668,0.03942849114537239,0.0,0.0,0.03942849114537239,0.028179168701171875,0.011249322444200516,0.622072696685791,0.0,0.8006840944290161,0.38975954055786133,2.5935144424438477,0.0
0,122,None,False,"24,54,25,60,103,124,78,76,77,51",1.0967108011245728,-1.672284722328186,-0.8500916361808777,-0.8903709053993225,7.999466419219971,5.244901657104492,0.020142395049333572,0.0,0.0,0.020142395049333572,0.022061705589294434,-0.0019193105399608612,0.31075918674468994,0.0,0.6337023973464966,0.32926708459854126,2.5935144424438477,0.0
0,123,None,False,"24,54,25,60,103,124,78,76,77,51",1.0936064720153809,-2.01979923248291,-1.093151330947876,-0.813373327255249,7.99953031539917,3.0426700115203857,0.02999408170580864,0.0,0.0,0.02999408170580864,0.02290356159210205,0.007090520113706589,0.38763418793678284,0.0,0.6167184114456177,0.27650129795074463,2.5935144424438477,0.0
0,124,None,False,"24,54,25,60,103,124,78,76,77,51",0.9442912936210632,-2.279458522796631,-1.0788352489471436,-0.9543550610542297,7.9994730949401855,4.355388164520264,0.010509401559829712,0.0,0.0,0.010509401559829712,0.014943480491638184,-0.004434078931808472,0.03606867790222168,0.0,0.8147745132446289,0.3545079231262207,2.5935144424438477,0.0
0,125,None,False,"24,54,25,60,103,124,78,76,77,51",1.0784159898757935,-2.2744390964508057,-1.4801892042160034,-0.6131875514984131,7.99929141998291,5.282606601715088,0.005538314580917358,0.0,0.0,0.005538314580917358,0.005183577537536621,0.0003547370433807373,0.24339336156845093,0.0,0.7276449203491211,0.3319361209869385,2.5935144424438477,0.0
0,126,None,False,"24,54,25,60,103,124,78,76,77,51",1.1173250675201416,-2.2104403972625732,-1.1536762714385986,-0.9738034009933472,7.999456882476807,6.5202484130859375,7.106065459083766e-05,0.0,0.0,7.106065459083766e-05,0.0015915632247924805,-0.0015205026138573885,0.15197567641735077,0.0,0.7831129431724548,0.2790200114250183,2.5935144424438477,0.0
0,127,None,False,"24,54,25,60,103,124,78,76,77,51",1.0517103672027588,-2.008587598800659,-1.0892412662506104,-0.711269736289978,7.999294281005859,4.846269130706787,0.0015956342685967684,0.0,0.0,0.0015956342685967684,0.0036797523498535156,-0.0020841180812567472,0.4859408140182495,0.0,0.8693807721138,0.27089881896972656,2.5935144424438477,0.0
0,0,Schedule | Regime Shift (Initial),True,"29,120,47,137,112,12,52,21,77,94",1.07371985912323,-1.886293888092041,-0.8947669267654419,-0.9485101699829102,7.999296188354492,4.926577091217041,-0.015561675652861595,0.0,0.0,-0.015561675652861595,-0.00790029764175415,-0.007661378011107445,-0.28065794706344604,-1.4435654878616333,0.9941937923431396,0.37561243772506714,2.2773094177246094,0.0
0,1,None,False,"29,120,47,137,112,12,52,21,77,94",1.0090911388397217,-2.250434160232544,-1.0387682914733887,-0.766154408454895,7.998961448669434,5.396047115325928,-0.020729178562760353,0.0,0.0,-0.020729178562760353,-0.010489284992218018,-0.010239893570542336,-0.12581869959831238,0.0,1.0440810918807983,0.4569300413131714,2.2773094177246094,0.0
0,2,None,False,"29,120,47,137,112,12,52,21,77,94",1.0591683387756348,-1.9499365091323853,-1.05234694480896,-0.8025259971618652,7.999138832092285,6.314244270324707,-0.0014552951324731112,0.0,0.0,-0.0014552951324731112,-0.0015211701393127441,6.587500683963299e-05,0.18447627127170563,0.0,1.1857974529266357,0.2841973602771759,2.2773094177246094,0.0
0,3,None,False,"29,120,47,137,112,12,52,21,77,94",1.0778602361679077,-1.9010934829711914,-0.935793936252594,-1.0694400072097778,7.999320983886719,4.341543674468994,0.0344284251332283,0.0,0.0,0.0344284251332283,0.01766979694366455,0.01675862818956375,0.9149823188781738,0.0,1.2046574354171753,0.30632418394088745,2.2773094177246094,0.0
0,4,None,False,"29,120,47,137,112,12,52,21,77,94",1.011512279510498,-1.9906667470932007,-1.1400883197784424,-0.7294816374778748,7.999237537384033,3.771267890930176,0.04669738933444023,0.0,0.0,0.04669738933444023,0.025389671325683594,0.021307718008756638,0.9474524259567261,0.0,1.0939249992370605,0.2902965247631073,2.2773094177246094,0.0
0,5,None,False,"29,120,47,137,112,12,52,21,77,94",1.0985040664672852,-2.0611183643341064,-1.1119636297225952,-0.8063098788261414,7.999114990234375,4.842695236206055,0.025581438094377518,0.0,0.0,0.025581438094377518,0.012202262878417969,0.013379175215959549,0.5729610919952393,0.0,1.064071774482727,0.3062131702899933,2.2773094177246094,0.0
0,6,None,False,"29,120,47,137,112,12,52,21,77,94",1.0688326358795166,-2.2727293968200684,-1.2567214965820312,-0.7751601934432983,7.998927593231201,5.393433570861816,0.016825944185256958,0.0,0.0,0.016825944185256958,0.004654645919799805,0.012171298265457153,0.5534109473228455,0.0,0.9377810955047607,0.2958279848098755,2.2773094177246094,0.0
0,7,None,False,"29,120,47,137,112,12,52,21,77,94",1.0615285634994507,-1.7815148830413818,-0.6775349378585815,-1.0421168804168701,7.999294281005859,5.344135761260986,-0.00904536247253418,0.0,0.0,-0.00904536247253418,-0.0013818740844726562,-0.0076634883880615234,-0.007505746558308601,0.0,0.931735634803772,0.31791526079177856,2.2773094177246094,0.0
0,8,None,False,"29,120,47,137,112,12,52,21,77,94",1.069047212600708,-1.8771334886550903,-0.856049120426178,-0.813480019569397,7.999351978302002,5.484798908233643,-0.01855219528079033,0.0,0.0,-0.01855219528079033,-0.008931636810302734,-0.009620558470487595,-0.18902012705802917,0.0,0.9331579208374023,0.30875903367996216,2.2773094177246094,0.0
0,9,None,False,"29,120,47,137,112,12,52,21,77,94",1.015278935432434,-1.896296501159668,-0.8456969261169434,-0.8424406051635742,7.999316692352295,5.159806251525879,-0.020957523956894875,0.0,0.0,-0.020957523956894875,-0.004313468933105469,-0.016644055023789406,-0.8014485836029053,0.0,0.8142304420471191,0.3145560324192047,2.2773094177246094,0.0
0,10,None,False,"29,120,47,137,112,12,52,21,77,94",0.9381638169288635,-2.016058921813965,-1.0523136854171753,-0.8059948682785034,7.9993510246276855,4.093703269958496,-0.021701615303754807,0.0,0.0,-0.021701615303754807,-0.005433440208435059,-0.016268175095319748,-0.4128735661506653,0.0,0.71101313829422,0.32525917887687683,2.2773094177246094,0.0
0,11,None,False,"29,120,47,137,112,12,52,21,77,94",1.0632922649383545,-2.1742451190948486,-1.049282193183899,-0.8340661525726318,7.999022006988525,5.01842737197876,0.005674439482390881,0.0,0.0,0.005674439482390881,0.0027464628219604492,0.0029279766604304314,-0.0035593966022133827,0.0,0.8068493008613586,0.28898417949676514,2.2773094177246094,0.0
0,12,None,False,"29,120,47,137,112,12,52,21,77,94",1.0591222047805786,-1.874908685684204,-0.91933274269104,-0.9160929918289185,7.999270439147949,5.01778507232666,0.016142606735229492,0.0,0.0,0.016142606735229492,0.007449626922607422,0.00869297981262207,0.16207355260849,0.0,0.7241790294647217,0.317104697227478,2.2773094177246094,0.0
0,13,None,False,"29,120,47,137,112,12,52,21,77,94",1.0537915229797363,-1.9134042263031006,-0.9245343208312988,-0.9271125793457031,7.999369144439697,3.7671031951904297,0.1231963038444519,0.0,0.0,0.1231963038444519,0.031407952308654785,0.09178835153579712,2.4528214931488037,0.0,0.7852257490158081,0.36769789457321167,2.2773094177246094,0.0
0,14,Schedule,True,"26,137,75,25,2,71,40,21,100,58",1.0833261013031006,-1.9230586290359497,-0.9302423596382141,-1.0351940393447876,7.999589443206787,3.542097806930542,0.1309410035610199,0.08266666789849599,0.01600000023841858,0.032274335622787476,0.03394210338592529,-0.0016677677631378174,0.8628543615341187,4.231680393218994,0.7731164693832397,0.37588590383529663,2.2773094177246094,0.0
0,15,None,False,"26,137,75,25,2,71,40,21,100,58",1.0990263223648071,-1.864243745803833,-1.0873236656188965,-0.838505744934082,7.999340534210205,3.2548727989196777,0.13835647702217102,0.0,0.0,0.13835647702217102,0.03475141525268555,0.10360506176948547,3.767237901687622,0.0,0.7902231812477112,0.31532567739486694,2.2773094177246094,0.0
0,16,None,False,"26,137,75,25,2,71,40,21,100,58",1.075743317604065,-2.0599682331085205,-0.9525870084762573,-0.7891403436660767,7.999195575714111,4.1416802406311035,0.12778586149215698,0.0,0.0,0.12778586149215698,0.030156850814819336,0.09762901067733765,3.113945245742798,0.0,0.7404978275299072,0.3006768524646759,2.2773094177246094,0.0
0,17,None,False,"26,137,75,25,2,71,40,21,100,58",1.1046955585479736,-1.9919450283050537,-1.000316858291626,-1.0865370035171509,7.999244689941406,6.325562000274658,0.11910855770111084,0.0,0.0,0.11910855770111084,0.02871537208557129,0.09039318561553955,2.1627578735351562,0.0,0.8022404313087463,0.28560885787010193,2.2773094177246094,0.0
0,18,None,False,"26,137,75,25,2,71,40,21,100,58",1.0739202499389648,-2.037538528442383,-1.113261103630066,-0.7409865856170654,7.999209403991699,5.579787731170654,0.015128254890441895,0.0,0.0,0.015128254890441895,0.005548715591430664,0.00957953929901123,0.524436891078949,0.0,0.8695903420448303,0.3492293357849121,2.2773094177246094,0.0
0,19,None,False,"26,137,75,25,2,71,40,21,100,58",0.9700603485107422,-2.198788642883301,-1.244755506515503,-0.9014951586723328,7.9991865158081055,5.178871154785156,0.0009470403310842812,0.0,0.0,0.0009470403310842812,0.010553240776062012,-0.009606200270354748,-0.14143049716949463,0.0,1.0557430982589722,0.46161890029907227,2.2773094177246094,0.0
0,20,None,False,"26,137,75,25,2,71,40,21,100,58",1.0601223707199097,-2.034759759902954,-1.0314267873764038,-0.8341359496116638,7.999294281005859,5.020636558532715,-0.003541195299476385,0.0,0.0,-0.003541195299476385,0.009955525398254395,-0.013496721163392067,-0.18147534132003784,0.0,0.9171924591064453,0.4282073974609375,2.2773094177246094,0.0
0,21,None,False,"26,137,75,25,2,71,40,21,100,58",1.1564054489135742,-2.019934892654419,-1.0023517608642578,-0.7896661758422852,7.999198913574219,4.6429314613342285,-0.000376152980607003,0.0,0.0,-0.000376152980607003,0.010578632354736328,-0.010954785160720348,-0.25687459111213684,0.0,0.9208374619483948,0.3282040059566498,2.2773094177246094,0.0
0,22,None,False,"26,137,75,25,2,71,40,21,100,58",1.0102514028549194,-2.3899407386779785,-0.833321213722229,-1.2808136940002441,7.999441146850586,6.7143754959106445,-0.012428170070052147,0.0,0.0,-0.012428170070052147,-0.0022149085998535156,-0.010213261470198631,-0.22641906142234802,0.0,0.8652805089950562,0.4500064253807068,2.2773094177246094,0.0
0,23,None,False,"26,137,75,25,2,71,40,21,100,58",1.0750547647476196,-1.9690073728561401,-1.0481534004211426,-0.8495829701423645,7.999211311340332,5.735680103302002,-0.012719154357910156,0.0,0.0,-0.012719154357910156,-0.0009557604789733887,-0.011763393878936768,-0.004984403029084206,0.0,0.8035469055175781,0.3716540038585663,2.2773094177246094,0.0
0,24,None,False,"26,137,75,25,2,71,40,21,100,58",1.1176116466522217,-1.8506438732147217,-0.755323052406311,-1.2643144130706787,7.999338150024414,4.527467250823975,-0.025317197665572166,0.0,0.0,-0.025317197665572166,-0.014088034629821777,-0.011229163035750389,-0.07316896319389343,0.0,0.8077550530433655,0.2934454679489136,2.2773094177246094,0.0
0,25,None,False,"26,137,75,25,2,71,40,21,100,58",1.0732313394546509,-1.9515612125396729,-0.8198363184928894,-1.2226179838180542,7.999438762664795,4.863469123840332,-0.027486782521009445,0.0,0.0,-0.027486782521009445,-0.017726778984069824,-0.009760003536939621,-0.23442508280277252,0.0,0.6724541187286377,0.31372249126434326,2.2773094177246094,0.0
0,26,None,False,"26,137,75,25,2,71,40,21,100,58",1.0405317544937134,-2.160440444946289,-0.9308737516403198,-1.0002473592758179,7.99922513961792,3.847384452819824,-0.02271801233291626,0.0,0.0,-0.02271801233291626,-0.011887013912200928,-0.010830998420715332,-0.2509947717189789,0.0,0.6918026208877563,0.3552113473415375,2.2773094177246094,0.0
0,27,None,False,"26,137,75,25,2,71,40,21,100,58",0.9177680015563965,-2.1906821727752686,-1.1012734174728394,-0.9538045525550842,7.999208927154541,5.6722025871276855,-0.00983249582350254,0.0,0.0,-0.00983249582350254,-0.003258049488067627,-0.006574446335434914,0.12493529170751572,0.0,0.8751547336578369,0.3151538670063019,2.2773094177246094,0.0
0,28,Schedule,True,"81,75,43,89,24,119,32,70,129,48",1.0515801906585693,-1.9580920934677124,-1.0401108264923096,-1.0133088827133179,7.999378204345703,5.370322227478027,0.01584681309759617,0.09299999753634133,0.017999999523162842,-0.09515318274497986,0.0035430192947387695,-0.09869620203971863,-0.729441225528717,-3.6679270267486572,0.9150871634483337,0.37861019372940063,2.2773094177246094,0.0
0,29,None,False,"81,75,43,89,24,119,32,70,129,48",1.0690419673919678,-1.9219708442687988,-1.0792081356048584,-0.9549980163574219,7.999249458312988,4.289066314697266,0.0524919256567955,0.0,0.0,0.0524919256567955,0.020305156707763672,0.03218676894903183,1.6653636693954468,0.0,0.9268914461135864,0.3505745828151703,2.2773094177246094,0.0
0,30,None,False,"81,75,43,89,24,119,32,70,129,48",0.9916550517082214,-2.109405517578125,-1.2005716562271118,-0.6436319947242737,7.998863220214844,6.685859203338623,0.05410658195614815,0.0,0.0,0.05410658195614815,0.03184378147125244,0.022262800484895706,1.2877472639083862,0.0,0.820609450340271,0.29625099897384644,2.2773094177246094,0.0
0,31,None,False,"81,75,43,89,24,119,32,70,129,48",0.9545402526855469,-2.0298662185668945,-0.8718907833099365,-1.0012942552566528,7.999581336975098,5.737149238586426,0.044465504586696625,0.0,0.0,0.044465504586696625,0.027257204055786133,0.017208300530910492,0.9271523952484131,0.0,0.7240911722183228,0.2999691069126129,2.2773094177246094,0.0
0,32,None,False,"81,75,43,89,24,119,32,70,129,48",1.0151067972183228,-2.3215503692626953,-1.1518032550811768,-0.9053565263748169,7.999109268188477,5.749988079071045,0.04303831607103348,0.0,0.0,0.04303831607103348,0.02784121036529541,0.015197105705738068,0.8433272838592529,0.0,0.5900982618331909,0.31762000918388367,2.2773094177246094,0.0
0,33,None,False,"81,75,43,89,24,119,32,70,129,48",1.071026086807251,-2.075829267501831,-1.021594524383545,-0.8641494512557983,7.999316692352295,4.862117767333984,0.0372421070933342,0.0,0.0,0.0372421070933342,0.02398681640625,0.013255290687084198,0.7680848240852356,0.0,0.5227252244949341,0.3249800205230713,2.2773094177246094,0.0
0,34,None,False,"81,75,43,89,24,119,32,70,129,48",1.0606350898742676,-2.0672507286071777,-0.8458789587020874,-0.880142092704773,7.999485492706299,4.168220043182373,0.013867855072021484,0.0,0.0,0.013867855072021484,0.018419742584228516,-0.004551887512207031,-0.026782860979437828,0.0,0.591045081615448,0.3103448152542114,2.2773094177246094,0.0
0,35,None,False,"81,75,43,89,24,119,32,70,129,48",1.0265034437179565,-1.9001777172088623,-0.910413384437561,-0.9687162041664124,7.999312400817871,3.903963327407837,0.019972896203398705,0.0,0.0,0.019972896203398705,0.016434311866760254,0.0035385843366384506,-0.09000948071479797,0.0,0.6329841017723083,0.29740312695503235,2.2773094177246094,0.0
0,36,None,False,"81,75,43,89,24,119,32,70,129,48",0.9111241102218628,-2.4896392822265625,-1.0194778442382812,-0.861746072769165,7.998967170715332,7.171446323394775,0.0284956693649292,0.0,0.0,0.0284956693649292,0.021541595458984375,0.006954073905944824,0.25904133915901184,0.0,0.6193972229957581,0.3151665925979614,2.2773094177246094,0.0
0,37,None,False,"81,75,43,89,24,119,32,70,129,48",1.0961295366287231,-1.856528878211975,-1.0224323272705078,-1.0851322412490845,7.999146938323975,6.7319016456604,0.033541690558195114,0.0,0.0,0.033541690558195114,0.033011794090270996,0.000529896467924118,0.24551837146282196,0.0,0.6528998017311096,0.3189023435115814,2.2773094177246094,0.0
0,38,None,False,"81,75,43,89,24,119,32,70,129,48",0.9928534626960754,-1.7373461723327637,-0.8482472896575928,-0.8561086654663086,7.999227046966553,5.474406719207764,0.03396139666438103,0.0,0.0,0.03396139666438103,0.02772533893585205,0.0062360577285289764,0.41620880365371704,0.0,0.589514434337616,0.2828085124492645,2.2773094177246094,0.0
0,39,None,False,"81,75,43,89,24,119,32,70,129,48",1.085214376449585,-2.11660099029541,-1.09804368019104,-0.9326919913291931,7.999143123626709,5.290188789367676,0.034129656851291656,0.0,0.0,0.034129656851291656,0.03064417839050293,0.003485478460788727,0.39703571796417236,0.0,0.5460093021392822,0.3256962299346924,2.2773094177246094,0.0
0,40,None,False,"81,75,43,89,24,119,32,70,129,48",1.0837105512619019,-1.863129734992981,-0.8356425166130066,-1.0386024713516235,7.999388217926025,4.769617557525635,0.023215526714920998,0.0,0.0,0.023215526714920998,0.019495368003845215,0.0037201587110757828,0.6020151376724243,0.0,0.6273738145828247,0.24678121507167816,2.2773094177246094,0.0
0,41,None,False,"81,75,43,89,24,119,32,70,129,48",1.040661096572876,-1.6904011964797974,-0.9201177954673767,-1.0762158632278442,7.9993391036987305,3.4450132846832275,0.024458546191453934,0.0,0.0,0.024458546191453934,0.020432472229003906,0.0040260739624500275,0.5011101961135864,0.0,0.576844334602356,0.26643627882003784,2.2773094177246094,0.0
0,42,Schedule,True,"72,33,122,34,51,70,30,36,54,80",0.9742679595947266,-2.137516975402832,-0.8649996519088745,-1.054930567741394,7.999678134918213,4.803102016448975,0.015017693862318993,0.09299999753634133,0.017999999523162842,-0.09598229825496674,0.02043449878692627,-0.116416797041893,-1.4505752325057983,-7.244863986968994,0.5552670955657959,0.23385852575302124,2.2773094177246094,0.0
0,43,None,False,"72,33,122,34,51,70,30,36,54,80",1.0890791416168213,-1.9597368240356445,-1.081421136856079,-1.0307101011276245,7.999192237854004,5.464161396026611,0.032199304550886154,0.0,0.0,0.032199304550886154,0.030266284942626953,0.001933019608259201,0.23660840094089508,0.0,0.4927968680858612,0.23460063338279724,2.2773094177246094,0.0
0,44,None,False,"72,33,122,34,51,70,30,36,54,80",0.9972663521766663,-2.012547016143799,-1.2240040302276611,-0.8256611824035645,7.999496936798096,5.074420928955078,0.0235078576952219,0.0,0.0,0.0235078576952219,0.02102077007293701,0.0024870876222848892,0.23912635445594788,0.0,0.655173659324646,0.24191129207611084,2.2773094177246094,0.0
0,45,None,False,"72,33,122,34,51,70,30,36,54,80",1.0580800771713257,-1.929816722869873,-0.9479188919067383,-0.7818453907966614,7.99922513961792,4.5093464851379395,0.02387126162648201,0.0,0.0,0.02387126162648201,0.023798108100891113,7.31535255908966e-05,0.26203233003616333,0.0,0.6374156475067139,0.24975034594535828,2.2773094177246094,0.0
0,46,None,False,"72,33,122,34,51,70,30,36,54,80",1.0517326593399048,-2.24910306930542,-0.9621155261993408,-0.9225351214408875,7.999222278594971,5.304932117462158,0.00867551565170288,0.0,0.0,0.00867551565170288,0.010439157485961914,-0.0017636418342590332,0.36197715997695923,0.0,0.637277364730835,0.23278646171092987,2.2773094177246094,0.0
0,47,None,False,"72,33,122,34,51,70,30,36,54,80",0.9950751066207886,-1.9730393886566162,-1.0696665048599243,-0.7061296105384827,7.999220848083496,4.876343250274658,0.0009587287786416709,0.0,0.0,0.0009587287786416709,0.004201531410217285,-0.0032428025733679533,0.048033181577920914,0.0,0.8104667067527771,0.32781368494033813,2.2773094177246094,0.0
0,48,None,False,"72,33,122,34,51,70,30,36,54,80",1.0806255340576172,-2.00620436668396,-0.9267958998680115,-0.8644580841064453,7.999302864074707,4.088748931884766,-0.021157223731279373,0.0,0.0,-0.021157223731279373,-0.01209867000579834,-0.009058553725481033,-0.2948274612426758,0.0,0.6807907819747925,0.31229835748672485,2.2773094177246094,0.0
0,49,None,False,"72,33,122,34,51,70,30,36,54,80",1.1084288358688354,-2.2196972370147705,-1.0892388820648193,-0.9770752787590027,7.999320983886719,3.4218571186065674,-0.021906476467847824,0.0,0.0,-0.021906476467847824,-0.011439383029937744,-0.01046709343791008,-0.17200849950313568,0.0,0.7967077493667603,0.2954297363758087,2.2773094177246094,0.0
0,50,None,False,"72,33,122,34,51,70,30,36,54,80",1.0735914707183838,-2.0921552181243896,-1.1084414720535278,-0.7475521564483643,7.999068737030029,4.689017295837402,-0.021527672186493874,0.0,0.0,-0.021527672186493874,-0.008724629878997803,-0.01280304230749607,-0.4403414726257324,0.0,0.8154979348182678,0.3276349604129791,2.2773094177246094,0.0
0,51,None,False,"72,33,122,34,51,70,30,36,54,80",1.0291045904159546,-1.8938411474227905,-1.0323057174682617,-0.8469535112380981,7.999454021453857,3.414954423904419,-0.0010056734317913651,0.0,0.0,-0.0010056734317913651,-0.00025773048400878906,-0.0007479429477825761,0.37413984537124634,0.0,0.7636762857437134,0.30777707695961,2.2773094177246094,0.0
0,52,None,False,"72,33,122,34,51,70,30,36,54,80",1.0067615509033203,-1.8352844715118408,-1.2080707550048828,-0.986889660358429,7.999042987823486,4.653574466705322,0.019181877374649048,0.0,0.0,0.019181877374649048,0.0006014108657836914,0.018580466508865356,0.7650499939918518,0.0,0.7596476078033447,0.38723936676979065,2.2773094177246094,0.0
0,53,None,False,"72,33,122,34,51,70,30,36,54,80",1.1440565586090088,-2.125185489654541,-1.0162794589996338,-0.9899712204933167,7.999002456665039,4.92426061630249,0.02946833334863186,0.0,0.0,0.02946833334863186,0.014977693557739258,0.014490639790892601,0.6783679127693176,0.0,0.7720921039581299,0.3757639527320862,2.2773094177246094,0.0
0,54,None,False,"72,33,122,34,51,70,30,36,54,80",1.0457911491394043,-2.025721549987793,-0.9085977673530579,-1.203758955001831,7.999514102935791,5.463703632354736,0.0449204221367836,0.0,0.0,0.0449204221367836,0.02140629291534424,0.02351412922143936,0.9506067037582397,0.0,0.8759521245956421,0.3668960928916931,2.2773094177246094,0.0
0,55,None,False,"72,33,122,34,51,70,30,36,54,80",1.0613651275634766,-2.2561440467834473,-1.258056879043579,-0.7967700958251953,7.998898983001709,5.799206733703613,0.05593867972493172,0.0,0.0,0.05593867972493172,0.020980000495910645,0.03495867922902107,1.1958779096603394,0.0,0.9857460260391235,0.37894049286842346,2.2773094177246094,0.0
0,56,Schedule,True,"75,51,32,45,69,59,72,70,33,130",1.0021100044250488,-2.0618066787719727,-1.3973236083984375,-0.8113712072372437,7.999002933502197,5.054450988769531,0.04999065399169922,0.062000002463658645,0.012000000476837159,-0.024009348824620247,0.01896536350250244,-0.04297471046447754,-0.42279380559921265,-2.1508522033691406,1.0657562017440796,0.46017202734947205,2.2773094177246094,0.0
0,57,None,False,"75,51,32,45,69,59,72,70,33,130",1.0085498094558716,-1.739104151725769,-1.047534704208374,-0.8782275319099426,7.999022006988525,3.735586166381836,0.02423453889787197,0.0,0.0,0.02423453889787197,0.010058999061584473,0.014175539836287498,0.7975679636001587,0.0,1.2257757186889648,0.47471368312835693,2.2773094177246094,0.0
0,58,None,False,"75,51,32,45,69,59,72,70,33,130",1.0792711973190308,-1.91610848903656,-0.935570240020752,-0.8189170360565186,7.999322891235352,4.756153106689453,0.030318867415189743,0.0,0.0,0.030318867415189743,0.007376670837402344,0.0229421965777874,0.9779177308082581,0.0,1.2250938415527344,0.4112740159034729,2.2773094177246094,0.0
0,59,None,False,"75,51,32,45,69,59,72,70,33,130",0.9914326667785645,-2.0549309253692627,-0.8333666920661926,-1.126929521560669,7.999383926391602,4.655398368835449,0.014961856417357922,0.0,0.0,0.014961856417357922,0.002553701400756836,0.012408155016601086,0.7705159187316895,0.0,1.1793386936187744,0.4143255949020386,2.2773094177246094,0.0
0,60,None,False,"75,51,32,45,69,59,72,70,33,130",1.0204577445983887,-2.150351047515869,-0.8969036340713501,-0.9250996708869934,7.999314308166504,3.6826090812683105,0.018386494368314743,0.0,0.0,0.018386494368314743,0.012272834777832031,0.006113659590482712,0.5723469257354736,0.0,1.1435582637786865,0.4135874807834625,2.2773094177246094,0.0
0,61,None,False,"75,51,32,45,69,59,72,70,33,130",1.0779623985290527,-1.9203710556030273,-1.0913019180297852,-0.8922656774520874,7.999424934387207,3.961484909057617,0.033188603818416595,0.0,0.0,0.033188603818416595,0.017008423805236816,0.01618018001317978,0.9283468127250671,0.0,0.980337917804718,0.3899041414260864,2.2773094177246094,0.0
0,62,None,False,"75,51,32,45,69,59,72,70,33,130",0.9980072975158691,-2.207095146179199,-1.2518503665924072,-0.9363166689872742,7.9990315437316895,4.397701263427734,0.0587959885597229,0.0,0.0,0.0587959885597229,0.027800917625427246,0.030995070934295654,1.1829955577850342,0.0,1.2542210817337036,0.3470776677131653,2.2773094177246094,0.0
0,63,None,False,"75,51,32,45,69,59,72,70,33,130",1.102508783340454,-2.163567543029785,-0.9825578927993774,-0.6811456680297852,7.99903678894043,4.760197639465332,0.054040879011154175,0.0,0.0,0.054040879011154175,0.023672103881835938,0.030368775129318237,1.053598403930664,0.0,1.2763392925262451,0.37491583824157715,2.2773094177246094,0.0
0,64,None,False,"75,51,32,45,69,59,72,70,33,130",1.09454345703125,-1.8599032163619995,-0.9360085725784302,-0.782677948474884,7.999346733093262,4.360091209411621,0.0404268316924572,0.0,0.0,0.0404268316924572,0.015566110610961914,0.024860721081495285,0.917630672454834,0.0,1.30818772315979,0.35662758350372314,2.2773094177246094,0.0
0,65,None,False,"75,51,32,45,69,59,72,70,33,130",1.0979341268539429,-1.9924445152282715,-1.015120506286621,-1.070696234703064,7.9992241859436035,3.8875293731689453,0.021861404180526733,0.0,0.0,0.021861404180526733,0.00912320613861084,0.012738198041915894,0.5569353699684143,0.0,1.1415126323699951,0.3815874457359314,2.2773094177246094,0.0
0,66,None,False,"75,51,32,45,69,59,72,70,33,130",1.0714306831359863,-2.0496113300323486,-0.9117746353149414,-0.9364194869995117,7.999542713165283,4.178643703460693,0.015135550871491432,0.0,0.0,0.015135550871491432,0.009502172470092773,0.005633378401398659,0.3810079097747803,0.0,1.09574556350708,0.3624080419540405,2.2773094177246094,0.0
0,67,None,False,"75,51,32,45,69,59,72,70,33,130",1.1057828664779663,-2.1059648990631104,-1.1085025072097778,-0.9023779034614563,7.999223232269287,3.4136099815368652,0.009007096290588379,0.0,0.0,0.009007096290588379,0.005473136901855469,0.00353395938873291,0.46308785676956177,0.0,1.174405574798584,0.38001033663749695,2.2773094177246094,0.0
0,68,None,False,"75,51,32,45,69,59,72,70,33,130",0.9110145568847656,-1.920554757118225,-1.173356533050537,-0.5325841903686523,7.998610973358154,6.630389213562012,-0.006336235906928778,0.0,0.0,-0.006336235906928778,0.004057049751281738,-0.010393286123871803,0.05023123323917389,0.0,0.9638238549232483,0.30969876050949097,2.2773094177246094,0.0
0,69,None,False,"75,51,32,45,69,59,72,70,33,130",1.0872602462768555,-1.8885711431503296,-0.8704022169113159,-0.8644570708274841,7.999241828918457,6.640769004821777,-0.008027022704482079,0.0,0.0,-0.008027022704482079,0.011199235916137695,-0.019226258620619774,-0.29354235529899597,0.0,0.903468132019043,0.274280846118927,2.2773094177246094,0.0
0,70,Schedule,True,"130,31,121,45,133,43,74,64,30,24",0.9758185148239136,-2.1398515701293945,-1.2134147882461548,-0.6073281764984131,7.999120712280273,4.453982830047607,-0.005092525389045477,0.08266666789849599,0.01600000023841858,-0.10375919193029404,0.011242985725402832,-0.11500217765569687,-1.6438922882080078,-8.207985877990723,0.8191198110580444,0.24234198033809662,2.2773094177246094,0.0
0,71,None,False,"130,31,121,45,133,43,74,64,30,24",1.014121413230896,-1.9826632738113403,-0.9335488677024841,-0.8157919645309448,7.999374866485596,4.023674488067627,0.0007524609682150185,0.0,0.0,0.0007524609682150185,0.0028564929962158203,-0.0021040320862084627,0.3788939416408539,0.0,0.9816792011260986,0.2779424488544464,2.2773094177246094,0.0
0,72,None,False,"130,31,121,45,133,43,74,64,30,24",1.0813435316085815,-2.041311264038086,-1.0294394493103027,-0.9084457755088806,7.999520778656006,3.6425371170043945,-0.012457567267119884,0.0,0.0,-0.012457567267119884,0.0018062591552734375,-0.014263826422393322,-0.10797629505395889,0.0,1.193793773651123,0.41306132078170776,2.2773094177246094,0.0
0,73,None,False,"130,31,121,45,133,43,74,64,30,24",1.037363886833191,-2.057168960571289,-0.872219443321228,-0.9126554727554321,7.999392986297607,3.237962245941162,0.009528189897537231,0.0,0.0,0.009528189897537231,0.005572676658630371,0.00395551323890686,0.5483155846595764,0.0,1.4666171073913574,0.42382779717445374,2.2773094177246094,0.0
0,74,None,False,"130,31,121,45,133,43,74,64,30,24",1.0389877557754517,-2.214529275894165,-0.9487106800079346,-0.7457430362701416,7.999285697937012,4.374386310577393,0.009880530647933483,0.0,0.0,0.009880530647933483,0.004398941993713379,0.005481588654220104,0.4384252429008484,0.0,1.2778626680374146,0.43855929374694824,2.2773094177246094,0.0
0,75,None,False,"130,31,121,45,133,43,74,64,30,24",1.0373464822769165,-2.3378725051879883,-1.0176059007644653,-0.870014488697052,7.999070644378662,5.026273250579834,0.0005308091640472412,0.0,0.0,0.0005308091640472412,-0.0015183687210083008,0.002049177885055542,0.4581436812877655,0.0,1.2763569355010986,0.43133166432380676,2.2773094177246094,0.0
0,76,None,False,"130,31,121,45,133,43,74,64,30,24",1.138043761253357,-1.790012240409851,-1.063601016998291,-1.084620714187622,7.999250411987305,6.622410297393799,-0.008931743912398815,0.0,0.0,-0.008931743912398815,0.006647944450378418,-0.015579688362777233,-0.26517248153686523,0.0,1.2538117170333862,0.478382408618927,2.2773094177246094,0.0
0,77,None,False,"130,31,121,45,133,43,74,64,30,24",1.0025901794433594,-2.045893430709839,-1.0401649475097656,-0.8858329057693481,7.999239444732666,4.762881278991699,-0.0023492216132581234,0.0,0.0,-0.0023492216132581234,0.0070334672927856445,-0.009382689371705055,0.06306474655866623,0.0,1.3978831768035889,0.5258466005325317,2.2773094177246094,0.0
0,78,None,False,"130,31,121,45,133,43,74,64,30,24",1.0383424758911133,-1.7628991603851318,-0.7378527522087097,-0.9261350035667419,7.999523639678955,3.8291547298431396,-0.02217341586947441,0.0,0.0,-0.02217341586947441,-0.0009615421295166016,-0.02121187373995781,-0.07375940680503845,0.0,1.2315666675567627,0.47470614314079285,2.2773094177246094,0.0
0,79,None,False,"130,31,121,45,133,43,74,64,30,24",1.0561496019363403,-1.852501630783081,-0.9644758701324463,-0.9681968688964844,7.999085426330566,3.939309597015381,-0.01707681454718113,0.0,0.0,-0.01707681454718113,-0.0026592016220092773,-0.014417612925171852,-0.0740031823515892,0.0,1.1439399719238281,0.5460375547409058,2.2773094177246094,0.0
0,80,None,False,"130,31,121,45,133,43,74,64,30,24",1.0851101875305176,-1.933937907218933,-0.9865507483482361,-0.844298243522644,7.999250888824463,4.945670127868652,-0.0278046615421772,0.0,0.0,-0.0278046615421772,-0.009316205978393555,-0.018488455563783646,-0.044005025178194046,0.0,1.1633628606796265,0.5195678472518921,2.2773094177246094,0.0
0,81,None,False,"130,31,121,45,133,43,74,64,30,24",1.0462473630905151,-1.8517605066299438,-1.1500277519226074,-0.7198983430862427,7.999327659606934,3.7678122520446777,-0.035563480108976364,0.0,0.0,-0.035563480108976364,-0.024122655391693115,-0.011440824717283249,0.1700180172920227,0.0,1.231837272644043,0.4182013273239136,2.2773094177246094,0.0
0,82,None,False,"130,31,121,45,133,43,74,64,30,24",0.9947890043258667,-1.9406970739364624,-0.886755645275116,-0.980251133441925,7.999515056610107,3.6601598262786865,-0.028617877513170242,0.0,0.0,-0.028617877513170242,-0.022385001182556152,-0.00623287633061409,0.04680319130420685,0.0,1.3555171489715576,0.5077958703041077,2.2773094177246094,0.0
0,83,None,False,"130,31,121,45,133,43,74,64,30,24",1.0415098667144775,-1.9662744998931885,-0.986042857170105,-0.889236569404602,7.999383449554443,4.599083423614502,-0.016746139153838158,0.0,0.0,-0.016746139153838158,-0.009826838970184326,-0.0069193001836538315,0.371117502450943,0.0,1.1948386430740356,0.5391668677330017,2.2773094177246094,0.0
0,84,Schedule,True,"67,42,101,55,27,118,48,3,97,94",1.10197114944458,-1.9558911323547363,-0.9462786912918091,-0.6910021305084229,7.999155521392822,5.539930820465088,0.010222053155303001,0.10333333333333332,0.02,-0.11311127245426178,-0.012758016586303711,-0.10035325586795807,-1.8264907598495483,-9.116006851196289,1.0742387771606445,0.4894109070301056,2.2773094177246094,0.0
0,85,None,False,"67,42,101,55,27,118,48,3,97,94",1.1091707944869995,-2.00669264793396,-0.9638082981109619,-0.7944961786270142,7.999223709106445,4.249154090881348,0.008142220787703991,0.0,0.0,0.008142220787703991,-0.0033302903175354004,0.011472511105239391,0.6197954416275024,0.0,0.9047071933746338,0.40554091334342957,2.2773094177246094,0.0
0,86,Struct Break (DC),True,"15,51,10,73,89,78,126,124,61,131",1.0906680822372437,-2.0618720054626465,-1.0603530406951904,-0.7964080572128296,7.999296188354492,2.8587396144866943,-0.003555548144504428,0.10333333333333332,0.02,-0.12688888609409332,0.003488302230834961,-0.13037718832492828,-3.690157651901245,-18.366771697998047,1.1517667770385742,0.3535833954811096,2.2773094177246094,0.0
0,87,None,False,"15,51,10,73,89,78,126,124,61,131",1.0609474182128906,-2.1876707077026367,-1.0482181310653687,-0.8186265230178833,7.999237537384033,4.31417179107666,-0.007361930795013905,0.0,0.0,-0.007361930795013905,-0.0020132064819335938,-0.005348724313080311,0.245017871260643,0.0,0.9430195093154907,0.41747400164604187,2.2773094177246094,0.0
0,88,None,False,"15,51,10,73,89,78,126,124,61,131",1.0015051364898682,-1.9770103693008423,-1.02781081199646,-1.0795093774795532,7.999114513397217,5.662240982055664,-0.0014674663543701172,0.0,0.0,-0.0014674663543701172,-0.00047528743743896484,-0.0009921789169311523,0.2797256112098694,0.0,0.904233455657959,0.4255412518978119,2.2773094177246094,0.0
0,89,None,False,"15,51,10,73,89,78,126,124,61,131",1.0093742609024048,-1.5391567945480347,-1.0385524034500122,-0.8025451898574829,7.998907089233398,6.944493293762207,0.010334456339478493,0.0,0.0,0.010334456339478493,0.014002442359924316,-0.0036679860204458237,0.19045840203762054,0.0,1.0737031698226929,0.44196659326553345,2.2773094177246094,0.0
0,90,None,False,"15,51,10,73,89,78,126,124,61,131",1.0609791278839111,-2.127607583999634,-0.9608783721923828,-0.8207293152809143,7.999364852905273,5.980004787445068,0.00047830940457060933,0.0,0.0,0.00047830940457060933,0.012392759323120117,-0.011914449743926525,-0.20263458788394928,0.0,1.0365722179412842,0.3553088307380676,2.2773094177246094,0.0
0,91,None,False,"15,51,10,73,89,78,126,124,61,131",1.0444490909576416,-1.7652779817581177,-0.8558968305587769,-0.9854235649108887,7.9994354248046875,3.4245736598968506,0.006997573189437389,0.0,0.0,0.006997573189437389,0.020910978317260742,-0.013913405127823353,-0.022485624998807907,0.0,1.0428566932678223,0.383357971906662,2.2773094177246094,0.0
0,92,None,False,"15,51,10,73,89,78,126,124,61,131",0.9834445118904114,-2.1917030811309814,-1.2548617124557495,-0.7093100547790527,7.999125957489014,4.355579376220703,0.01968710497021675,0.0,0.0,0.01968710497021675,0.024500489234924316,-0.004813384264707565,0.25990015268325806,0.0,1.0249279737472534,0.26406601071357727,2.2773094177246094,0.0
0,93,None,False,"15,51,10,73,89,78,126,124,61,131",1.1225372552871704,-1.775895118713379,-0.8198686838150024,-1.2096283435821533,7.999447345733643,5.126018524169922,0.01627069152891636,0.0,0.0,0.01627069152891636,0.020259499549865723,-0.003988808020949364,0.19689707458019257,0.0,0.8832870721817017,0.33634814620018005,2.2773094177246094,0.0
0,94,None,False,"15,51,10,73,89,78,126,124,61,131",0.9851483106613159,-2.1667184829711914,-0.8655198216438293,-1.0424213409423828,7.999486923217773,5.682408809661865,0.010269147343933582,0.0,0.0,0.010269147343933582,0.016449689865112305,-0.006180542521178722,0.1838473230600357,0.0,1.008528709411621,0.32931429147720337,2.2773094177246094,0.0
0,95,None,False,"15,51,10,73,89,78,126,124,61,131",1.0320626497268677,-2.06307315826416,-1.0906283855438232,-0.8166735172271729,7.999325752258301,4.231818675994873,0.034607887268066406,0.0,0.0,0.034607887268066406,0.03040170669555664,0.004206180572509766,0.4706222712993622,0.0,0.7789574861526489,0.33080726861953735,2.2773094177246094,0.0
0,96,None,False,"15,51,10,73,89,78,126,124,61,131",1.063591480255127,-2.171767473220825,-1.0465065240859985,-1.067585825920105,7.99937629699707,3.8237171173095703,0.03828420117497444,0.0,0.0,0.03828420117497444,0.03037583827972412,0.00790836289525032,0.38919228315353394,0.0,0.7447381019592285,0.2926069498062134,2.2773094177246094,0.0
0,97,None,False,"15,51,10,73,89,78,126,124,61,131",1.022276759147644,-2.232428550720215,-1.1238377094268799,-1.104645848274231,7.999029636383057,4.942326545715332,0.018755584955215454,0.0,0.0,0.018755584955215454,0.029688239097595215,-0.01093265414237976,0.20463111996650696,0.0,0.56516033411026,0.23084023594856262,2.2773094177246094,0.0
0,98,None,False,"15,51,10,73,89,78,126,124,61,131",1.0840312242507935,-1.6999049186706543,-1.0869500637054443,-0.8124330639839172,7.9992265701293945,5.889798164367676,0.03086606226861477,0.0,0.0,0.03086606226861477,0.033661723136901855,-0.0027956608682870865,0.36007964611053467,0.0,0.595380961894989,0.337057501077652,2.2773094177246094,0.0
0,99,None,False,"15,51,10,73,89,78,126,124,61,131",1.0678825378417969,-2.0893354415893555,-1.0270211696624756,-0.8693328499794006,7.999345302581787,3.753952980041504,0.035851407796144485,0.0,0.0,0.035851407796144485,0.04076051712036133,-0.004909109324216843,0.33806389570236206,0.0,0.723757266998291,0.37171435356140137,2.2773094177246094,0.0
0,100,Schedule,True,"22,126,30,108,37,77,60,53,33,117",1.0462921857833862,-1.855650544166565,-1.0170707702636719,-1.064180850982666,7.998931884765625,4.871812343597412,0.011359232477843761,0.09299999753634133,0.017999999523162842,-0.09964076429605484,0.023769617080688477,-0.12341038137674332,-2.9197943210601807,-14.53006649017334,0.7129198312759399,0.2936922609806061,2.2773094177246094,0.0
0,101,None,False,"22,126,30,108,37,77,60,53,33,117",1.080029845237732,-2.334043502807617,-1.0082314014434814,-0.9574593901634216,7.998961448669434,6.09391450881958,0.0038115798961371183,0.0,0.0,0.0038115798961371183,0.021952509880065918,-0.01814093068242073,-0.4117870330810547,0.0,0.6918245553970337,0.3115566074848175,2.2773094177246094,0.0
0,102,None,False,"22,126,30,108,37,77,60,53,33,117",0.9911620020866394,-2.1817901134490967,-1.0764343738555908,-0.8993338346481323,7.999297618865967,4.65164041519165,0.004785758443176746,0.0,0.0,0.004785758443176746,0.011499404907226562,-0.006713646464049816,0.16305509209632874,0.0,0.6942156553268433,0.2939075827598572,2.2773094177246094,0.0
0,103,None,False,"22,126,30,108,37,77,60,53,33,117",1.0415314435958862,-1.8390322923660278,-0.9799214601516724,-1.091389536857605,7.999173164367676,5.250207901000977,0.017116164788603783,0.0,0.0,0.017116164788603783,0.011912226676940918,0.005203938111662865,0.6493250131607056,0.0,0.7963736057281494,0.2867203950881958,2.2773094177246094,0.0
0,104,None,False,"22,126,30,108,37,77,60,53,33,117",1.0369106531143188,-1.92986261844635,-0.979044497013092,-0.9324872493743896,7.999367713928223,3.5783536434173584,0.014233541674911976,0.0,0.0,0.014233541674911976,0.004590034484863281,0.009643507190048695,0.5935835242271423,0.0,0.7476072311401367,0.3534092307090759,2.2773094177246094,0.0
0,105,None,False,"22,126,30,108,37,77,60,53,33,117",1.0295294523239136,-2.1413686275482178,-1.1011663675308228,-0.7346125841140747,7.999151706695557,4.881182670593262,0.006716495845466852,0.0,0.0,0.006716495845466852,0.004304409027099609,0.002412086818367243,0.37839311361312866,0.0,0.7089147567749023,0.376809298992157,2.2773094177246094,0.0
0,106,None,False,"22,126,30,108,37,77,60,53,33,117",1.0337507724761963,-1.8862934112548828,-0.9874945282936096,-1.1122912168502808,7.9995856285095215,5.450716972351074,0.03190113231539726,0.0,0.0,0.03190113231539726,0.011382818222045898,0.020518314093351364,0.8370076417922974,0.0,0.6929217576980591,0.38505229353904724,2.2773094177246094,0.0
0,107,None,False,"22,126,30,108,37,77,60,53,33,117",1.1072567701339722,-1.9897047281265259,-1.0170260667800903,-1.0820928812026978,7.999253273010254,3.8082468509674072,0.035924218595027924,0.0,0.0,0.035924218595027924,0.028179168701171875,0.007745049893856049,0.5405998826026917,0.0,0.8068603277206421,0.38239508867263794,2.2773094177246094,0.0
0,108,None,False,"22,126,30,108,37,77,60,53,33,117",1.0818703174591064,-1.9506248235702515,-1.099723219871521,-0.8600329756736755,7.999327659606934,3.7504336833953857,0.027225876227021217,0.0,0.0,0.027225876227021217,0.022061705589294434,0.005164170637726784,0.45389214158058167,0.0,0.7393985986709595,0.3547789454460144,2.2773094177246094,0.0
0,109,None,False,"22,126,30,108,37,77,60,53,33,117",0.9782912731170654,-2.0034656524658203,-1.1512870788574219,-0.9413516521453857,7.999258995056152,4.026841163635254,0.0238206684589386,0.0,0.0,0.0238206684589386,0.02290356159210205,0.0009171068668365479,0.21872290968894958,0.0,0.8120818138122559,0.41200941801071167,2.2773094177246094,0.0
0,110,None,False,"22,126,30,108,37,77,60,53,33,117",1.0205224752426147,-1.9461771249771118,-0.8753260374069214,-0.925284206867218,7.999351501464844,4.00102424621582,0.014735233969986439,0.0,0.0,0.014735233969986439,0.014943480491638184,-0.00020824652165174484,-0.11040688306093216,0.0,0.7035818099975586,0.34489768743515015,2.2773094177246094,0.0
0,111,None,False,"22,126,30,108,37,77,60,53,33,117",1.0386964082717896,-2.127521514892578,-0.9999160766601562,-0.9799504280090332,7.999362945556641,2.67311429977417,0.0014200567966327071,0.0,0.0,0.0014200567966327071,0.005183577537536621,-0.003763520624488592,0.1526874154806137,0.0,0.7064631581306458,0.36568376421928406,2.2773094177246094,0.0
0,112,None,False,"22,126,30,108,37,77,60,53,33,117",1.0644288063049316,-1.9261797666549683,-1.1169710159301758,-0.9268685579299927,7.998931884765625,3.9136836528778076,-0.0035178721882402897,0.0,0.0,-0.0035178721882402897,0.0015915632247924805,-0.00510943541303277,0.17929348349571228,0.0,0.6107156872749329,0.3189625144004822,2.2773094177246094,0.0
0,113,None,False,"22,126,30,108,37,77,60,53,33,117",1.0026273727416992,-2.010960340499878,-1.0687661170959473,-0.8287349343299866,7.999523162841797,4.263890743255615,-0.0013891219859942794,0.0,0.0,-0.0013891219859942794,0.0036797523498535156,-0.005068874452263117,0.20659156143665314,0.0,0.5619592666625977,0.2388109266757965,2.2773094177246094,0.0
0,114,Schedule,True,"137,130,93,78,121,120,21,109,54,81",0.9746191501617432,-2.050638198852539,-1.1243420839309692,-1.1126315593719482,7.99922513961792,5.881368160247803,0.006443798542022705,0.10333333333333332,0.02,-0.11688953638076782,0.005321025848388672,-0.1222105622291565,-2.8144378662109375,-14.007303237915039,0.5188397169113159,0.2778952717781067,2.2773094177246094,0.0
0,115,None,False,"137,130,93,78,121,120,21,109,54,81",1.0745333433151245,-1.8617740869522095,-0.9447656869888306,-0.9800924062728882,7.9994964599609375,5.1243181228637695,0.023853396996855736,0.0,0.0,0.023853396996855736,0.024676084518432617,-0.0008226875215768814,0.29906201362609863,0.0,0.5154087543487549,0.2925470471382141,2.2773094177246094,0.0
0,116,None,False,"137,130,93,78,121,120,21,109,54,81",1.0315918922424316,-2.1008949279785156,-1.0957274436950684,-0.933340847492218,7.99936580657959,4.294805526733398,0.03532906621694565,0.0,0.0,0.03532906621694565,0.031354427337646484,0.003974638879299164,0.41405776143074036,0.0,0.5527469515800476,0.22806867957115173,2.2773094177246094,0.0
0,117,None,False,"137,130,93,78,121,120,21,109,54,81",1.0289758443832397,-1.8654217720031738,-0.8548176884651184,-0.8257353901863098,7.9992852210998535,4.727529048919678,0.03210676461458206,0.0,0.0,0.03210676461458206,0.026105642318725586,0.006001122295856476,0.5521559715270996,0.0,0.49841243028640747,0.23008306324481964,2.2773094177246094,0.0
0,118,None,False,"137,130,93,78,121,120,21,109,54,81",1.07196843624115,-2.163713216781616,-1.0828721523284912,-0.7548198699951172,7.9990973472595215,5.577427864074707,0.019687796011567116,0.0,0.0,0.019687796011567116,0.02117002010345459,-0.001482224091887474,0.3523158133029938,0.0,0.4171350598335266,0.23443305492401123,2.2773094177246094,0.0
0,119,None,False,"137,130,93,78,121,120,21,109,54,81",1.0569339990615845,-2.1135616302490234,-0.8320083022117615,-0.957513153553009,7.999345302581787,3.5291945934295654,0.016944164410233498,0.0,0.0,0.016944164410233498,0.011930704116821289,0.0050134602934122086,0.5344504714012146,0.0,0.42959511280059814,0.24041984975337982,2.2773094177246094,0.0
0,120,None,False,"137,130,93,78,121,120,21,109,54,81",1.0721042156219482,-2.088763475418091,-1.126866102218628,-0.8925402760505676,7.999068737030029,4.688329696655273,0.018028074875473976,0.0,0.0,0.018028074875473976,0.009580612182617188,0.008447462692856789,0.6214606761932373,0.0,0.38396215438842773,0.2487916350364685,2.2773094177246094,0.0
0,121,None,False,"137,130,93,78,121,120,21,109,54,81",1.115692377090454,-1.9321129322052002,-0.6482601761817932,-1.2633333206176758,7.999493598937988,5.241621971130371,0.012301182374358177,0.0,0.0,0.012301182374358177,0.008851408958435059,0.0034497734159231186,0.4292932450771332,0.0,0.3790058195590973,0.2358313798904419,2.2773094177246094,0.0
0,122,None,False,"137,130,93,78,121,120,21,109,54,81",1.067826509475708,-2.1095118522644043,-1.159175992012024,-0.8522481322288513,7.999438285827637,4.944451332092285,0.012812095694243908,0.0,0.0,0.012812095694243908,0.009927153587341309,0.0028849421069025993,0.39893481135368347,0.0,0.5017844438552856,0.23848719894886017,2.2773094177246094,0.0
0,123,None,False,"137,130,93,78,121,120,21,109,54,81",1.076724886894226,-2.0601131916046143,-1.1334023475646973,-0.673467218875885,7.999163627624512,3.8660776615142822,0.014848476275801659,0.0,0.0,0.014848476275801659,0.014465689659118652,0.0003827866166830063,0.29236236214637756,0.0,0.5067945718765259,0.2293379157781601,2.2773094177246094,0.0
0,124,None,False,"137,130,93,78,121,120,21,109,54,81",0.9799127578735352,-1.9984374046325684,-1.1378461122512817,-0.8951249122619629,7.9993205070495605,5.407388210296631,0.026531273499131203,0.0,0.0,0.026531273499131203,0.02477264404296875,0.0017586294561624527,0.285170316696167,0.0,0.5877445340156555,0.2272319197654724,2.2773094177246094,0.0
0,125,None,False,"137,130,93,78,121,120,21,109,54,81",1.063971996307373,-1.957116723060608,-1.048633337020874,-0.886821985244751,7.999344825744629,4.0664591789245605,0.030651962384581566,0.0,0.0,0.030651962384581566,0.024372220039367676,0.00627974234521389,0.49804624915122986,0.0,0.4810081422328949,0.20786291360855103,2.2773094177246094,0.0
0,126,None,False,"137,130,93,78,121,120,21,109,54,81",0.9100831747055054,-2.1605918407440186,-1.1587331295013428,-0.9514173269271851,7.99940824508667,4.990712642669678,0.03624711558222771,0.0,0.0,0.03624711558222771,0.015082478523254395,0.021164637058973312,1.1537171602249146,0.0,0.5894479155540466,0.2508608400821686,2.2773094177246094,0.0
0,127,None,False,"137,130,93,78,121,120,21,109,54,81",1.0336049795150757,-2.2996699810028076,-1.0180034637451172,-1.0107074975967407,7.999046802520752,6.0507659912109375,0.07181322574615479,0.0,0.0,0.07181322574615479,0.02168118953704834,0.050132036209106445,1.6183125972747803,0.0,0.6510255336761475,0.2543644309043884,2.2773094177246094,0.0
