batch_idx,timestep,trigger,rebalanced,selected_stocks,risk_eta,dir_logit_bear,dir_logit_side,dir_logit_bull,c_mkt_norm,c_mkt_diff,raw_return,turnover_penalty,symdiff_penalty,net_reward,baseline,advantage,advantage_norm,pg_loss,risk_loss,dir_loss,grad_norm,skipped_update
0,0,Schedule | Regime Shift (Initial),True,"43,66,114,42,41,51,131,45,112,105",1.608083963394165,-1.692992925643921,-0.7470567226409912,-0.9703431725502014,7.999793529510498,0.0,4.046739101409912,0.0,0.0,4.046739101409912,2.4484634399414062,1.5982756614685059,0.1891966462135315,0.888822615146637,4.380487442016602,0.5253815650939941,22.822465896606445,0.0
0,1,None,False,"43,66,114,42,41,51,131,45,112,105",1.3913077116012573,-1.4655613899230957,-0.8123491406440735,-0.9192068576812744,7.999711036682129,4.152133941650391,0.8933658003807068,0.0,0.0,0.8933658003807068,1.0297417640686035,-0.13637596368789673,-0.13781382143497467,0.0,4.444071292877197,0.5969412326812744,22.822465896606445,0.0
0,2,None,False,"43,66,114,42,41,51,131,45,112,105",1.4499599933624268,-1.4851847887039185,-1.04286527633667,-0.9479166269302368,7.999770641326904,6.034283638000488,1.4097529649734497,0.0,0.0,1.4097529649734497,1.8944501876831055,-0.48469722270965576,-0.17378313839435577,0.0,4.599738597869873,0.6446789503097534,22.822465896606445,0.0
0,3,None,False,"43,66,114,42,41,51,131,45,112,105",1.5027486085891724,-1.5104987621307373,-0.7874051332473755,-0.9513986110687256,7.999792575836182,4.2273850440979,0.7674235105514526,0.0,0.0,0.7674235105514526,1.690506935119629,-0.9230834245681763,-0.2915005683898926,0.0,5.1279754638671875,0.6036171913146973,22.822465896606445,0.0
0,4,None,False,"43,66,114,42,41,51,131,45,112,105",1.528115153312683,-1.5279983282089233,-0.7895636558532715,-0.8803657293319702,7.999780654907227,3.534156084060669,1.4598172903060913,0.0,0.0,1.4598172903060913,4.16792631149292,-2.708108901977539,-0.9122387766838074,0.0,5.323582649230957,0.6063916087150574,22.822465896606445,0.0
0,5,None,False,"43,66,114,42,41,51,131,45,112,105",1.5466021299362183,-1.6758456230163574,-0.8274189829826355,-0.9682221412658691,7.999820709228516,4.989302158355713,0.6918030977249146,0.0,0.0,0.6918030977249146,4.432129859924316,-3.7403268814086914,-1.071454405784607,0.0,4.261019706726074,0.5956928730010986,22.822465896606445,0.0
0,6,None,False,"43,66,114,42,41,51,131,45,112,105",1.5437355041503906,-1.3699535131454468,-0.8579675555229187,-1.0184910297393799,7.999826431274414,4.68569278717041,1.8790353536605835,0.0,0.0,1.8790353536605835,3.6960482597351074,-1.817012906074524,-0.42158326506614685,0.0,4.126094818115234,0.6067348122596741,22.822465896606445,0.0
0,7,None,False,"43,66,114,42,41,51,131,45,112,105",1.5779017210006714,-1.3796552419662476,-0.6396453976631165,-0.9342438578605652,7.999832630157471,4.008579254150391,0.9753656387329102,0.0,0.0,0.9753656387329102,1.7160534858703613,-0.7406878471374512,-0.13484157621860504,0.0,4.334966659545898,0.5989380478858948,22.822465896606445,0.0
0,8,None,False,"43,66,114,42,41,51,131,45,112,105",1.6634955406188965,-1.4355602264404297,-0.8175668716430664,-1.072227120399475,7.9997663497924805,4.59708309173584,0.21042346954345703,0.0,0.0,0.21042346954345703,0.33113956451416016,-0.12071609497070312,0.02540150098502636,0.0,4.266833782196045,0.5812540054321289,22.822465896606445,0.0
0,9,None,False,"43,66,114,42,41,51,131,45,112,105",1.4540495872497559,-1.5831713676452637,-1.0099841356277466,-1.1057419776916504,7.9998273849487305,4.383268356323242,2.311631441116333,0.0,0.0,2.311631441116333,3.0080080032348633,-0.6963765621185303,-0.22346174716949463,0.0,4.544734954833984,0.5340218544006348,22.822465896606445,0.0
0,10,None,False,"43,66,114,42,41,51,131,45,112,105",1.4827460050582886,-1.443212628364563,-0.707664430141449,-1.03179132938385,7.999811172485352,3.384300470352173,1.3062375783920288,0.0,0.0,1.3062375783920288,3.3008456230163574,-1.9946080446243286,-0.5604288578033447,0.0,4.633039951324463,0.608841598033905,22.822465896606445,0.0
0,11,None,False,"43,66,114,42,41,51,131,45,112,105",1.475366473197937,-1.3925292491912842,-0.8241117596626282,-0.831433892250061,7.999794960021973,3.9095194339752197,1.0226792097091675,0.0,0.0,1.0226792097091675,1.7984628677368164,-0.7757836580276489,-0.0961880162358284,0.0,4.255158424377441,0.5926294922828674,22.822465896606445,0.0
0,12,None,False,"43,66,114,42,41,51,131,45,112,105",1.6724056005477905,-1.4958531856536865,-0.5766618251800537,-0.8593143224716187,7.999810695648193,4.291539669036865,1.1354255676269531,0.0,0.0,1.1354255676269531,3.941798210144043,-2.80637264251709,-0.9353223443031311,0.0,4.567034721374512,0.6423131823539734,22.822465896606445,0.0
0,13,None,False,"43,66,114,42,41,51,131,45,112,105",1.6100819110870361,-1.4573290348052979,-0.6526298522949219,-0.8887560963630676,7.999803066253662,4.533516883850098,1.898970127105713,0.0,0.0,1.898970127105713,5.106747150421143,-3.2077770233154297,-1.0807511806488037,0.0,3.9101157188415527,0.5663880109786987,22.822465896606445,0.0
0,14,Schedule,True,"58,104,120,19,95,86,85,9,0,84",1.3485031127929688,-1.613139033317566,-0.9825403690338135,-0.9209847450256348,7.99971866607666,5.764284610748291,4.501985549926758,0.4,1.0,3.101985454559326,7.7315568923950195,-4.629571437835693,-1.3415558338165283,-6.710364818572998,4.301211357116699,0.6273729801177979,22.822465896606445,0.0
0,15,None,False,"58,104,120,19,95,86,85,9,0,84",1.4223651885986328,-1.6552573442459106,-0.6462540626525879,-0.9315478205680847,7.999786376953125,4.7781901359558105,5.271934509277344,0.0,0.0,5.271934509277344,8.879399299621582,-3.6074647903442383,-1.1223598718643188,0.0,3.8216466903686523,0.5489615201950073,22.822465896606445,0.0
0,16,None,False,"58,104,120,19,95,86,85,9,0,84",1.5858840942382812,-1.605702519416809,-0.7941754460334778,-1.0553226470947266,7.999800205230713,3.8838906288146973,4.1780877113342285,0.0,0.0,4.1780877113342285,7.3783278465271,-3.200240135192871,-1.0901645421981812,0.0,3.314488172531128,0.5603163838386536,22.822465896606445,0.0
0,17,None,False,"58,104,120,19,95,86,85,9,0,84",1.644500970840454,-1.7000318765640259,-0.6668754816055298,-1.031707525253296,7.9997687339782715,3.658658027648926,5.706883430480957,0.0,0.0,5.706883430480957,6.39646053314209,-0.6895771026611328,-0.3194085359573364,0.0,3.492051124572754,0.4961560070514679,22.822465896606445,0.0
0,18,None,False,"58,104,120,19,95,86,85,9,0,84",1.728729248046875,-1.555117130279541,-0.6827172636985779,-1.1756256818771362,7.999813079833984,3.754154920578003,6.796389579772949,0.0,0.0,6.796389579772949,5.588483810424805,1.2079057693481445,0.47692638635635376,0.0,3.631481647491455,0.4943602383136749,22.822465896606445,0.0
0,19,None,False,"58,104,120,19,95,86,85,9,0,84",1.4508434534072876,-1.6308969259262085,-0.5879040956497192,-0.9148643016815186,7.999778747558594,4.39076566696167,8.16053295135498,0.0,0.0,8.16053295135498,6.91150426864624,1.2490286827087402,0.5469574928283691,0.0,2.9782655239105225,0.4264540672302246,22.822465896606445,0.0
0,20,None,False,"58,104,120,19,95,86,85,9,0,84",1.5694400072097778,-1.6420427560806274,-0.9250410199165344,-1.0748893022537231,7.999764442443848,3.7768681049346924,9.20779037475586,0.0,0.0,9.20779037475586,8.24887752532959,0.9589128494262695,0.49889087677001953,0.0,2.694129467010498,0.5229614973068237,22.822465896606445,0.0
0,21,None,False,"58,104,120,19,95,86,85,9,0,84",1.4987720251083374,-1.9447336196899414,-1.0822614431381226,-0.8098042011260986,7.999661922454834,6.980683326721191,7.7130632400512695,0.0,0.0,7.7130632400512695,7.2960615158081055,0.41700172424316406,0.13993151485919952,0.0,3.329942226409912,0.50151127576828,22.822465896606445,0.0
0,22,Struct Break (DC),True,"31,127,140,102,108,141,48,115,37,17",1.4177095890045166,-1.7774494886398315,-0.9325118064880371,-1.0655746459960938,7.999765396118164,6.178750514984131,6.07431697845459,0.4,1.0,4.674316883087158,7.761073112487793,-3.0867562294006348,-1.116366982460022,-5.5914082527160645,2.8293023109436035,0.3906685709953308,22.822465896606445,0.0
0,23,None,False,"31,127,140,102,108,141,48,115,37,17",1.426194667816162,-1.537140965461731,-0.731173038482666,-0.6285108327865601,7.999691486358643,6.426297187805176,7.374452114105225,0.0,0.0,7.374452114105225,6.2323689460754395,1.1420831680297852,0.2798697054386139,0.0,3.2615108489990234,0.4376775622367859,22.822465896606445,0.0
0,24,None,False,"31,127,140,102,108,141,48,115,37,17",1.1675548553466797,-1.6991641521453857,-0.9879614114761353,-0.9495176076889038,7.999674320220947,4.507680892944336,6.6456990242004395,0.0,0.0,6.6456990242004395,4.635357856750488,2.010341167449951,0.5262871384620667,0.0,2.9083597660064697,0.38389086723327637,22.822465896606445,0.0
0,25,None,False,"31,127,140,102,108,141,48,115,37,17",1.5383415222167969,-1.7069249153137207,-0.783038854598999,-0.9953504204750061,7.999789714813232,5.702547073364258,6.426413536071777,0.0,0.0,6.426413536071777,4.245150089263916,2.1812634468078613,0.5745318531990051,0.0,2.8483920097351074,0.3464674651622772,22.822465896606445,0.0
0,26,Struct Break (DC),True,"26,95,137,113,27,59,38,30,39,102",1.6685205698013306,-1.2679098844528198,-0.9951854944229126,-1.0598739385604858,7.999659538269043,5.65066385269165,1.278802752494812,0.35999999046325687,0.8999999761581421,0.018802762031555176,3.98712158203125,-3.9683189392089844,-1.1264135837554932,-5.647045135498047,3.2581818103790283,0.5341086983680725,22.822465896606445,0.0
0,27,None,False,"26,95,137,113,27,59,38,30,39,102",1.417628288269043,-1.2468249797821045,-0.7637117505073547,-0.9198805093765259,7.999751091003418,6.494733810424805,0.39642810821533203,0.0,0.0,0.39642810821533203,2.527451515197754,-2.131023406982422,-0.6707843542098999,0.0,4.086201190948486,0.531802773475647,22.822465896606445,0.0
0,28,None,False,"26,95,137,113,27,59,38,30,39,102",1.5996177196502686,-1.6389925479888916,-0.8212195634841919,-0.8202533721923828,7.999768257141113,5.374040603637695,-1.8303805589675903,0.0,0.0,-1.8303805589675903,0.9660601615905762,-2.796440601348877,-0.8564555644989014,0.0,4.320512771606445,0.6024743914604187,22.822465896606445,0.0
0,29,None,False,"26,95,137,113,27,59,38,30,39,102",1.4872647523880005,-1.5801913738250732,-1.0009559392929077,-0.7418332695960999,7.9997358322143555,5.01118278503418,-0.696377158164978,0.0,0.0,-0.696377158164978,0.8234620094299316,-1.5198391675949097,-0.3624763488769531,0.0,4.7333550453186035,0.6510955095291138,22.822465896606445,0.0
0,30,None,False,"26,95,137,113,27,59,38,30,39,102",1.4394506216049194,-1.821151852607727,-1.0253658294677734,-1.0643130540847778,7.9997992515563965,5.317098140716553,0.07149696350097656,0.0,0.0,0.07149696350097656,1.3319015502929688,-1.2604045867919922,-0.3457752466201782,0.0,4.8817057609558105,0.5578323006629944,22.822465896606445,0.0
0,31,None,False,"26,95,137,113,27,59,38,30,39,102",1.500407338142395,-1.6478118896484375,-1.1024878025054932,-1.0423191785812378,7.999773979187012,3.559640645980835,0.16874849796295166,0.0,0.0,0.16874849796295166,0.41794776916503906,-0.2491992712020874,-0.13336235284805298,0.0,4.065950393676758,0.6597005128860474,22.822465896606445,0.0
0,32,None,False,"26,95,137,113,27,59,38,30,39,102",1.586313247680664,-1.6003787517547607,-1.1115787029266357,-0.7415958046913147,7.999726295471191,4.202458381652832,-1.1343693733215332,0.0,0.0,-1.1343693733215332,-0.1131892204284668,-1.0211801528930664,-0.3315434455871582,0.0,4.634330749511719,0.6527259945869446,22.822465896606445,0.0
0,33,None,False,"26,95,137,113,27,59,38,30,39,102",1.5933902263641357,-1.6014516353607178,-0.7572078704833984,-0.8481560349464417,7.999765396118164,5.118985652923584,-1.3058513402938843,0.0,0.0,-1.3058513402938843,-2.0502805709838867,0.7444292306900024,0.02256936766207218,0.0,5.383209228515625,0.5683344602584839,22.822465896606445,0.0
0,34,None,False,"26,95,137,113,27,59,38,30,39,102",1.5374785661697388,-1.779914140701294,-0.7863841652870178,-0.9294314384460449,7.999754905700684,5.314127445220947,-1.7734795808792114,0.0,0.0,-1.7734795808792114,-4.574995994567871,2.801516532897949,0.5037621259689331,0.0,5.261510848999023,0.7298786044120789,22.822465896606445,0.0
0,35,None,False,"26,95,137,113,27,59,38,30,39,102",1.5357189178466797,-1.7471935749053955,-0.8370499014854431,-1.3198012113571167,7.999688148498535,6.86161994934082,-1.2823957204818726,0.0,0.0,-1.2823957204818726,-4.775786399841309,3.4933905601501465,0.9312090873718262,0.0,4.816017150878906,0.6738126277923584,22.822465896606445,0.0
0,36,None,False,"26,95,137,113,27,59,38,30,39,102",1.5744454860687256,-2.0006494522094727,-1.1921229362487793,-1.1945596933364868,7.99967098236084,6.925388336181641,1.5568387508392334,0.0,0.0,1.5568387508392334,-3.1615793704986572,4.718418121337891,1.5436151027679443,0.0,4.374220848083496,0.6051749587059021,22.822465896606445,0.0
0,37,None,False,"26,95,137,113,27,59,38,30,39,102",1.6278765201568604,-1.7358193397521973,-0.8288503289222717,-1.1468474864959717,7.999786853790283,6.4356489181518555,0.5008751153945923,0.0,0.0,0.5008751153945923,-4.388916492462158,4.889791488647461,1.331926941871643,0.0,4.593877792358398,0.6195929050445557,22.822465896606445,0.0
0,38,Struct Break (DC),True,"119,39,94,17,62,97,107,46,96,64",1.4943214654922485,-1.7276101112365723,-0.7339027523994446,-1.1331231594085693,7.99971866607666,4.298325061798096,1.977270245552063,0.35999999046325687,0.8999999761581421,0.7172702550888062,-2.704101800918579,3.4213719367980957,0.7790294289588928,3.813671112060547,3.809558153152466,0.5177507400512695,22.822465896606445,0.0
0,39,None,False,"119,39,94,17,62,97,107,46,96,64",1.4649304151535034,-1.8827073574066162,-1.0212863683700562,-0.9557769298553467,7.999756813049316,4.857245445251465,2.6431400775909424,0.0,0.0,2.6431400775909424,-0.33732056617736816,2.9804606437683105,0.6648244261741638,0.0,4.298954010009766,0.6194701790809631,22.822465896606445,0.0
0,40,Struct Break (DC),True,"41,5,44,71,77,19,135,34,45,46",1.6045677661895752,-1.3712937831878662,-0.6064165830612183,-0.7790148854255676,7.999748229980469,5.709548473358154,-1.7128705978393555,0.35999999046325687,0.8999999761581421,-2.9728705883026123,-2.667289972305298,-0.30558061599731445,-0.2108863890171051,-1.0981742143630981,4.597019195556641,0.6401567459106445,22.822465896606445,0.0
0,41,None,False,"41,5,44,71,77,19,135,34,45,46",1.5282773971557617,-1.686076045036316,-0.8990496397018433,-0.6610890626907349,7.999767303466797,4.884420871734619,-2.3022007942199707,0.0,0.0,-2.3022007942199707,-4.3939056396484375,2.091704845428467,0.37221479415893555,0.0,4.08042049407959,0.7344974279403687,22.822465896606445,0.0
0,42,None,False,"41,5,44,71,77,19,135,34,45,46",1.6943962574005127,-1.6300667524337769,-0.7691754102706909,-1.0632669925689697,7.9997782707214355,5.824951648712158,-3.8890342712402344,0.0,0.0,-3.8890342712402344,-5.8612823486328125,1.9722480773925781,0.5558733940124512,0.0,3.604295015335083,0.5854109525680542,22.822465896606445,0.0
0,43,None,False,"41,5,44,71,77,19,135,34,45,46",1.5165547132492065,-1.7007874250411987,-0.8248814344406128,-0.9006288647651672,7.999779224395752,5.279177665710449,-4.558790683746338,0.0,0.0,-4.558790683746338,-7.306509971618652,2.7477192878723145,0.7896595597267151,0.0,4.414086818695068,0.5513503551483154,22.822465896606445,0.0
0,44,None,False,"41,5,44,71,77,19,135,34,45,46",1.5651342868804932,-1.786123275756836,-0.7943167090415955,-0.8236421942710876,7.999729156494141,5.396468639373779,-5.203075408935547,0.0,0.0,-5.203075408935547,-9.235578536987305,4.032503128051758,1.160502552986145,0.0,4.312015533447266,0.5906988978385925,22.822465896606445,0.0
0,45,None,False,"41,5,44,71,77,19,135,34,45,46",1.4898545742034912,-1.797023892402649,-0.9334652423858643,-0.9825011491775513,7.99973726272583,5.898459434509277,-4.745771884918213,0.0,0.0,-4.745771884918213,-7.120215892791748,2.374444007873535,0.8609237670898438,0.0,4.247088432312012,0.6014126539230347,22.822465896606445,0.0
0,46,None,False,"41,5,44,71,77,19,135,34,45,46",1.515371561050415,-1.576910376548767,-0.7995970249176025,-0.9802741408348083,7.999809265136719,4.824143409729004,-4.9147257804870605,0.0,0.0,-4.9147257804870605,-7.78045654296875,2.8657307624816895,0.9019851088523865,0.0,4.500360488891602,0.5521326661109924,22.822465896606445,0.0
0,47,Struct Break (DC),True,"27,60,66,124,17,92,81,97,68,84",1.407808780670166,-1.7002323865890503,-1.2618905305862427,-0.9566969871520996,7.999758243560791,5.065488815307617,-0.9552407264709473,0.4,1.0,-2.355240821838379,-8.754396438598633,6.399155616760254,2.276822090148926,11.235095977783203,4.103693008422852,0.5975492000579834,22.822465896606445,0.0
0,48,None,False,"27,60,66,124,17,92,81,97,68,84",1.3459945917129517,-1.7215938568115234,-1.0226367712020874,-0.9989909529685974,7.9997992515563965,3.9105594158172607,-0.690004825592041,0.0,0.0,-0.690004825592041,-8.723979949951172,8.033975601196289,2.6275930404663086,0.0,3.4856653213500977,0.4739866852760315,22.822465896606445,0.0
0,49,None,False,"27,60,66,124,17,92,81,97,68,84",1.4908511638641357,-1.7860915660858154,-1.0043708086013794,-1.1423821449279785,7.999785900115967,3.8382058143615723,-4.802051067352295,0.0,0.0,-4.802051067352295,-12.289434432983398,7.4873833656311035,2.3333332538604736,0.0,3.366943836212158,0.34750744700431824,22.822465896606445,0.0
0,50,None,False,"27,60,66,124,17,92,81,97,68,84",1.667518138885498,-1.3717525005340576,-0.8961943984031677,-0.8502315282821655,7.999730587005615,5.612269401550293,-6.657032489776611,0.0,0.0,-6.657032489776611,-12.70013427734375,6.043101787567139,1.857674241065979,0.0,3.7893762588500977,0.46994444727897644,22.822465896606445,0.0
0,51,None,False,"27,60,66,124,17,92,81,97,68,84",1.31490159034729,-1.7290282249450684,-0.9212668538093567,-0.9776374697685242,7.999759197235107,6.318727493286133,-2.8078246116638184,0.0,0.0,-2.8078246116638184,-9.175741195678711,6.367916584014893,1.838941216468811,0.0,3.814516544342041,0.47369515895843506,22.822465896606445,0.0
0,52,None,False,"27,60,66,124,17,92,81,97,68,84",1.3558917045593262,-1.4432759284973145,-0.7077099084854126,-1.1019715070724487,7.99976110458374,5.656676769256592,-2.149925708770752,0.0,0.0,-2.149925708770752,-7.9418840408325195,5.791958332061768,1.9070698022842407,0.0,3.3242714405059814,0.4028998017311096,22.822465896606445,0.0
0,53,Struct Break (DC),True,"81,129,105,44,121,60,18,125,45,116",1.3406392335891724,-1.4104090929031372,-0.9011341333389282,-1.0644572973251343,7.999675750732422,5.815439701080322,-5.108695030212402,0.3200000047683716,0.800000011920929,-6.228694915771484,-7.104599475860596,0.8759045600891113,0.4020475149154663,1.9434584379196167,3.5038061141967773,0.46683967113494873,22.822465896606445,0.0
0,54,None,False,"81,129,105,44,121,60,18,125,45,116",1.329848051071167,-1.8433829545974731,-1.0738801956176758,-1.1196578741073608,7.999715805053711,3.191240072250366,-5.359847068786621,0.0,0.0,-5.359847068786621,-7.878619194030762,2.5187721252441406,0.8638200163841248,0.0,2.972011089324951,0.41818729043006897,22.822465896606445,0.0
0,55,None,False,"81,129,105,44,121,60,18,125,45,116",1.3090049028396606,-1.681337833404541,-0.8744667768478394,-1.337093472480774,7.999738693237305,5.174912929534912,-3.642596960067749,0.0,0.0,-3.642596960067749,-6.939286231994629,3.29668927192688,0.6924086213111877,0.0,3.5989575386047363,0.3995867669582367,22.822465896606445,0.0
0,56,Struct Break (DC),True,"67,58,92,81,112,124,37,14,95,41",1.4415833950042725,-1.783657431602478,-1.194373369216919,-0.8125166893005371,7.9997968673706055,5.238317012786865,-4.8401007652282715,0.35999999046325687,0.8999999761581421,-6.100100517272949,-6.72432804107666,0.6242275238037109,-0.08465907722711563,-0.47034937143325806,3.7033891677856445,0.5810648202896118,22.822465896606445,0.0
0,57,None,False,"67,58,92,81,112,124,37,14,95,41",1.5798180103302002,-1.6426221132278442,-0.9090590476989746,-0.8904590010643005,7.99976921081543,5.724282741546631,-4.340782642364502,0.0,0.0,-4.340782642364502,-5.47000789642334,1.129225254058838,0.21721579134464264,0.0,3.9662718772888184,0.5769507884979248,22.822465896606445,0.0
0,58,None,False,"67,58,92,81,112,124,37,14,95,41",1.6207128763198853,-1.7933236360549927,-1.1433268785476685,-1.3870277404785156,7.999807357788086,5.388699054718018,-3.665727376937866,0.0,0.0,-3.665727376937866,-3.178924322128296,-0.4868030548095703,-0.15353406965732574,0.0,4.513641834259033,0.5266412496566772,22.822465896606445,0.0
0,59,None,False,"67,58,92,81,112,124,37,14,95,41",1.513171911239624,-1.4481183290481567,-0.966545581817627,-1.0145982503890991,7.999773025512695,3.941798686981201,-3.469064712524414,0.0,0.0,-3.469064712524414,-2.3267149925231934,-1.1423497200012207,-0.2739740312099457,0.0,3.9317727088928223,0.7056180238723755,22.822465896606445,0.0
0,60,None,False,"67,58,92,81,112,124,37,14,95,41",1.4976630210876465,-1.55451238155365,-1.059348702430725,-1.0131016969680786,7.999837398529053,4.860901832580566,-2.2971320152282715,0.0,0.0,-2.2971320152282715,-0.9483933448791504,-1.348738670349121,-0.3326583206653595,0.0,4.370370388031006,0.5941604375839233,22.822465896606445,0.0
0,61,None,False,"67,58,92,81,112,124,37,14,95,41",1.6124637126922607,-1.9542168378829956,-1.1994359493255615,-0.9254907369613647,7.999641418457031,6.458027362823486,-0.8074831962585449,0.0,0.0,-0.8074831962585449,0.9493708610534668,-1.7568540573120117,-0.49480482935905457,0.0,4.783138275146484,0.5747843980789185,22.822465896606445,0.0
0,62,None,False,"67,58,92,81,112,124,37,14,95,41",1.6010584831237793,-2.060903549194336,-1.0576834678649902,-1.0371007919311523,7.999754428863525,5.5219197273254395,1.6044576168060303,0.0,0.0,1.6044576168060303,1.876676082611084,-0.2722184658050537,-0.2279546856880188,0.0,4.217202186584473,0.6472936868667603,22.822465896606445,0.0
0,63,None,False,"67,58,92,81,112,124,37,14,95,41",1.4914226531982422,-1.8379701375961304,-1.4156181812286377,-1.040640115737915,7.999805927276611,5.834218978881836,3.1948435306549072,0.0,0.0,3.1948435306549072,6.687784194946289,-3.492940664291382,-1.0061653852462769,0.0,4.839585781097412,0.5205614566802979,22.822465896606445,0.0
0,64,None,False,"67,58,92,81,112,124,37,14,95,41",1.6566171646118164,-1.6266628503799438,-1.033052682876587,-0.8656935691833496,7.9997358322143555,6.140350818634033,3.863400936126709,0.0,0.0,3.863400936126709,6.281375885009766,-2.4179749488830566,-0.5651723742485046,0.0,3.8869950771331787,0.5638384819030762,22.822465896606445,0.0
0,65,Struct Break (DC),True,"61,55,111,138,136,101,70,134,83,130",1.6144087314605713,-1.4448535442352295,-0.9561069011688232,-0.8061423301696777,7.99983549118042,4.941328525543213,2.57611083984375,0.4,1.0,1.176110863685608,3.3413290977478027,-2.1652183532714844,-0.6761789917945862,-3.408465623855591,3.849705457687378,0.44379353523254395,22.822465896606445,0.0
0,66,Vol Shock,True,"86,23,71,108,6,113,140,74,111,32",1.559471845626831,-1.6236621141433716,-1.019052267074585,-0.972025454044342,7.9997687339782715,4.552258014678955,1.4450031518936157,0.35999999046325687,0.8999999761581421,0.1850031614303589,1.2000322341918945,-1.0150290727615356,-0.04310408607125282,-0.2633928954601288,3.053022623062134,0.422929048538208,22.822465896606445,0.0
0,67,Vol Shock,True,"138,139,110,30,98,57,48,92,68,40",1.4478286504745483,-1.611823320388794,-0.8281914591789246,-0.7793354392051697,7.999816417694092,4.716838836669922,1.1569076776504517,0.4,1.0,-0.24309229850769043,-0.8092880249023438,0.5661957263946533,0.42498937249183655,2.0608975887298584,3.4803619384765625,0.4752112627029419,22.822465896606445,0.0
0,68,Vol Shock,True,"54,13,135,85,120,105,27,16,4,12",1.5265135765075684,-1.8836921453475952,-1.2798694372177124,-0.7693867087364197,7.999808311462402,4.800986289978027,1.4063239097595215,0.4,1.0,0.0063239336013793945,1.3049960136413574,-1.298672080039978,-0.23684686422348022,-1.2260065078735352,3.5457100868225098,0.5151739120483398,22.822465896606445,0.0
0,69,Vol Shock,True,"46,68,60,79,61,138,63,96,132,0",1.622356653213501,-1.7616164684295654,-1.1109697818756104,-0.775101363658905,7.99984073638916,4.849063873291016,4.939768314361572,0.4,1.0,3.5397682189941406,1.936650276184082,1.6031179428100586,0.6059906482696533,2.96235990524292,4.047682285308838,0.6173498034477234,22.822465896606445,0.0
0,70,Vol Shock | Struct Break (DC),True,"38,28,61,134,94,80,120,54,127,82",1.439651370048523,-1.6688880920410156,-1.1230392456054688,-1.0691368579864502,7.999810218811035,4.7206854820251465,7.661999702453613,0.35999999046325687,0.8999999761581421,6.401999473571777,3.3231139183044434,3.078885555267334,0.9882036447525024,4.857979774475098,4.226947784423828,0.6597460508346558,22.822465896606445,0.0
0,71,Vol Shock,True,"44,66,58,33,22,71,137,76,27,124",1.5660169124603271,-1.6200871467590332,-0.9992854595184326,-0.8588449358940125,7.999821662902832,4.976262092590332,3.56288743019104,0.4,1.0,2.1628875732421875,2.4137496948242188,-0.25086212158203125,0.03049653396010399,0.10162018239498138,3.3384475708007812,0.6329525709152222,22.822465896606445,0.0
0,72,Vol Shock,True,"139,16,43,53,59,85,138,105,88,89",1.5892210006713867,-1.7593896389007568,-1.0658023357391357,-1.087559700012207,7.999847888946533,4.010044574737549,4.3883466720581055,0.4,1.0,2.988346576690674,2.784132957458496,0.20421361923217773,0.1669529676437378,0.7782163023948669,3.677503824234009,0.5480753183364868,22.822465896606445,0.0
0,73,Vol Shock | Struct Break (DC),True,"36,91,71,138,8,21,79,50,103,61",1.5716609954833984,-1.4671366214752197,-0.7750094532966614,-0.7078746557235718,7.999857425689697,2.782618761062622,2.411808967590332,0.35999999046325687,0.8999999761581421,1.1518089771270752,-0.3246784210205078,1.476487398147583,0.5898439884185791,2.875596046447754,3.611201047897339,0.5852922201156616,22.822465896606445,0.0
0,74,Vol Shock,True,"114,89,6,34,44,59,43,23,82,94",1.5519096851348877,-1.7506937980651855,-0.9762953519821167,-0.936877965927124,7.999798774719238,3.847992420196533,-0.41869938373565674,0.4,1.0,-1.8186993598937988,-1.9481420516967773,0.12944269180297852,0.16196726262569427,0.7559889554977417,3.2668182849884033,0.5244508981704712,22.822465896606445,0.0
0,75,Vol Shock,True,"42,113,19,33,63,119,142,3,49,0",1.6244620084762573,-1.3241909742355347,-0.8423171639442444,-1.0085512399673462,7.999860763549805,3.995879650115967,1.3052624464035034,0.4,1.0,-0.09473752975463867,-1.6483962535858154,1.5536587238311768,0.566474199295044,2.759133815765381,3.6641149520874023,0.40437260270118713,22.822465896606445,0.0
0,76,Vol Shock,True,"19,97,18,17,74,107,49,43,142,135",1.4242806434631348,-1.5555754899978638,-1.1751549243927002,-0.9994184970855713,7.999823570251465,3.4108285903930664,2.313667058944702,0.27999999523162844,0.699999988079071,1.3336670398712158,-0.5646347999572754,1.8983018398284912,0.6549916863441467,3.192949056625366,3.000802993774414,0.46644139289855957,22.822465896606445,0.0
0,77,Vol Shock,True,"142,75,24,131,86,141,12,34,36,126",1.5794572830200195,-1.6060214042663574,-0.9605619311332703,-0.9720408320426941,7.999849319458008,4.194512367248535,6.136707782745361,0.35999999046325687,0.8999999761581421,4.876708030700684,0.35222768783569336,4.52448034286499,1.2044001817703247,5.923834800720215,3.16939115524292,0.45774078369140625,22.822465896606445,0.0
0,78,Vol Shock,True,"24,83,22,74,50,108,114,48,126,139",1.5777816772460938,-1.5463149547576904,-1.0311073064804077,-0.9448775053024292,7.999843597412109,2.35189151763916,1.2133842706680298,0.3200000047683716,0.800000011920929,0.0933842658996582,1.1948227882385254,-1.1014385223388672,-0.30353987216949463,-1.5561630725860596,3.2982020378112793,0.5522381067276001,22.822465896606445,0.0
0,79,Vol Shock,True,"118,52,106,50,26,31,76,129,64,65",1.5037784576416016,-1.7160158157348633,-0.9647713899612427,-1.0502837896347046,7.999800682067871,4.669496059417725,4.802410125732422,0.35999999046325687,0.8999999761581421,3.542410135269165,3.041863441467285,0.5005466938018799,0.04099666327238083,0.1536634862422943,4.013108253479004,0.5189814567565918,22.822465896606445,0.0
0,80,Vol Shock,True,"35,118,84,132,14,106,27,68,104,100",1.3180100917816162,-1.5427757501602173,-0.9216367602348328,-0.8900331258773804,7.999817848205566,6.687241077423096,3.845881223678589,0.3200000047683716,0.800000011920929,2.7258810997009277,3.038346767425537,-0.3124656677246094,-0.13829421997070312,-0.7364457845687866,4.107099533081055,0.5312851667404175,22.822465896606445,0.0
0,81,Vol Shock,True,"46,21,86,113,71,127,108,119,23,81",1.6101423501968384,-1.8365156650543213,-0.9383717775344849,-0.7893139123916626,7.9998040199279785,4.964320659637451,7.1754350662231445,0.4,1.0,5.775434970855713,3.625631332397461,2.149803638458252,0.5057920217514038,2.461449146270752,4.126484394073486,0.6154845952987671,22.822465896606445,0.0
0,82,Vol Shock,True,"41,137,51,124,105,33,70,121,4,108",1.524231195449829,-1.5124460458755493,-0.6041851043701172,-0.6506255865097046,7.999828815460205,4.516436576843262,3.414309024810791,0.35999999046325687,0.8999999761581421,2.154309034347534,2.7791619300842285,-0.6248528957366943,-0.15629464387893677,-0.8249096870422363,3.5339043140411377,0.48901477456092834,22.822465896606445,0.0
0,83,None,False,"41,137,51,124,105,33,70,121,4,108",1.5584871768951416,-1.7003203630447388,-0.8055459260940552,-0.6692070960998535,7.9998650550842285,3.734144926071167,4.243395805358887,0.0,0.0,4.243395805358887,3.297269344329834,0.9461264610290527,0.22800901532173157,0.0,3.1357171535491943,0.46503978967666626,22.822465896606445,0.0
0,84,None,False,"41,137,51,124,105,33,70,121,4,108",1.5788354873657227,-1.554686188697815,-0.9963029623031616,-0.9396843910217285,7.999856948852539,2.793307065963745,3.6757607460021973,0.0,0.0,3.6757607460021973,3.1638503074645996,0.5119104385375977,0.015359431505203247,0.0,2.8691368103027344,0.4459132254123688,22.822465896606445,0.0
0,85,None,False,"41,137,51,124,105,33,70,121,4,108",1.6639283895492554,-1.8011075258255005,-1.000800371170044,-0.9062460064888,7.9998393058776855,3.813837766647339,2.710608720779419,0.0,0.0,2.710608720779419,3.4598708152770996,-0.7492620944976807,-0.49092891812324524,0.0,2.9628114700317383,0.4087328314781189,22.822465896606445,0.0
0,86,None,False,"41,137,51,124,105,33,70,121,4,108",1.5162612199783325,-1.79402494430542,-1.1236693859100342,-0.7276310324668884,7.999764919281006,4.559348106384277,3.3590219020843506,0.0,0.0,3.3590219020843506,3.860592842102051,-0.5015709400177002,-0.2612958252429962,0.0,2.915485382080078,0.40233737230300903,22.822465896606445,0.0
0,87,None,False,"41,137,51,124,105,33,70,121,4,108",1.4977097511291504,-1.7507269382476807,-1.2181233167648315,-0.8939015865325928,7.999753952026367,4.5724334716796875,5.012028217315674,0.0,0.0,5.012028217315674,4.981589317321777,0.030438899993896484,-0.10742250829935074,0.0,2.727163314819336,0.464485764503479,22.822465896606445,0.0
0,88,Struct Break (DC),True,"61,85,1,100,98,124,87,131,67,40",1.544432520866394,-1.5641041994094849,-1.0513925552368164,-0.8793299198150635,7.999855041503906,4.1275105476379395,7.86036491394043,0.35999999046325687,0.8999999761581421,6.600364685058594,5.955207347869873,0.6451573371887207,0.0576731413602829,0.23662331700325012,2.422250270843506,0.44146984815597534,22.822465896606445,0.0
0,89,None,False,"61,85,1,100,98,124,87,131,67,40",1.4923748970031738,-1.6911604404449463,-1.009346842765808,-0.9777118563652039,7.999807834625244,4.084942817687988,7.29984188079834,0.0,0.0,7.29984188079834,4.942786693572998,2.357055187225342,0.4558389484882355,0.0,2.342987060546875,0.4475224018096924,22.822465896606445,0.0
0,90,None,False,"61,85,1,100,98,124,87,131,67,40",1.5826284885406494,-1.498525619506836,-0.72770756483078,-1.0771853923797607,7.999810218811035,6.775570392608643,5.381253242492676,0.0,0.0,5.381253242492676,4.737913608551025,0.6433396339416504,-0.14236102998256683,0.0,3.3936691284179688,0.4625903367996216,22.822465896606445,0.0
0,91,None,False,"61,85,1,100,98,124,87,131,67,40",1.5844602584838867,-1.7379628419876099,-0.8291658759117126,-0.8433809280395508,7.999792575836182,4.194759368896484,5.44367790222168,0.0,0.0,5.44367790222168,5.482578277587891,-0.03890037536621094,-0.25896281003952026,0.0,2.846135139465332,0.37593352794647217,22.822465896606445,0.0
0,92,None,False,"61,85,1,100,98,124,87,131,67,40",1.6114600896835327,-1.727372169494629,-0.765842080116272,-0.9790471792221069,7.999762535095215,4.132735252380371,3.4693875312805176,0.0,0.0,3.4693875312805176,5.568420886993408,-2.0990333557128906,-0.7952319979667664,0.0,3.164363384246826,0.355493426322937,22.822465896606445,0.0
0,93,Struct Break (DC),True,"50,119,33,27,16,98,57,12,71,41",1.5239096879959106,-1.366992473602295,-0.8261980414390564,-0.8613610863685608,7.999765872955322,4.973021030426025,-1.266946792602539,0.35999999046325687,0.8999999761581421,-2.526946783065796,2.979564666748047,-5.506511688232422,-1.7090007066726685,-8.52444076538086,3.3498361110687256,0.4529120922088623,22.822465896606445,0.0
0,94,None,False,"50,119,33,27,16,98,57,12,71,41",1.6225378513336182,-1.7729352712631226,-0.5934746861457825,-0.8980715274810791,7.999749183654785,4.242075443267822,-1.3745301961898804,0.0,0.0,-1.3745301961898804,3.2558441162109375,-4.630374431610107,-1.479790210723877,0.0,3.899786949157715,0.5613381862640381,22.822465896606445,0.0
0,95,None,False,"50,119,33,27,16,98,57,12,71,41",1.5273945331573486,-1.6534345149993896,-1.138903021812439,-0.6913884878158569,7.999746799468994,6.651426315307617,-0.5958467721939087,0.0,0.0,-0.5958467721939087,1.6121625900268555,-2.2080092430114746,-0.938004732131958,0.0,3.523388147354126,0.3884342908859253,22.822465896606445,0.0
0,96,None,False,"50,119,33,27,16,98,57,12,71,41",1.5262267589569092,-1.482164978981018,-0.890110969543457,-0.7960913181304932,7.999794006347656,5.025469779968262,0.14970362186431885,0.0,0.0,0.14970362186431885,2.9216527938842773,-2.771949291229248,-0.9900994896888733,0.0,3.885481834411621,0.45556166768074036,22.822465896606445,0.0
0,97,None,False,"50,119,33,27,16,98,57,12,71,41",1.6288671493530273,-1.700287938117981,-1.0563673973083496,-0.7640458345413208,7.999821186065674,3.294430732727051,1.026788353919983,0.0,0.0,1.026788353919983,2.5789499282836914,-1.5521615743637085,-0.6475653648376465,0.0,3.1135897636413574,0.45962047576904297,22.822465896606445,0.0
0,98,None,False,"50,119,33,27,16,98,57,12,71,41",1.5362257957458496,-1.7530593872070312,-0.7010266780853271,-0.9674756526947021,7.999814033508301,4.155917167663574,-0.9262365102767944,0.0,0.0,-0.9262365102767944,2.0174384117126465,-2.9436750411987305,-0.9202982783317566,0.0,2.5760772228240967,0.3577420115470886,22.822465896606445,0.0
0,99,None,False,"50,119,33,27,16,98,57,12,71,41",1.4514468908309937,-1.604686975479126,-0.8501293659210205,-1.0560786724090576,7.999764442443848,4.970219135284424,-0.2564215660095215,0.0,0.0,-0.2564215660095215,3.683149814605713,-3.9395713806152344,-1.4496396780014038,0.0,2.9181575775146484,0.37687012553215027,22.822465896606445,0.0
0,100,None,False,"50,119,33,27,16,98,57,12,71,41",1.4476094245910645,-1.6825921535491943,-0.6951342225074768,-0.8445422649383545,7.99977970123291,5.390732765197754,-0.6729090213775635,0.0,0.0,-0.6729090213775635,3.072214126586914,-3.7451231479644775,-1.363694429397583,0.0,2.8112456798553467,0.5258886218070984,22.822465896606445,0.0
0,101,None,False,"50,119,33,27,16,98,57,12,71,41",1.5393385887145996,-1.630035161972046,-0.798234760761261,-0.8965414762496948,7.999751567840576,5.860002040863037,-0.059362053871154785,0.0,0.0,-0.059362053871154785,3.7367939949035645,-3.7961559295654297,-1.2547041177749634,0.0,3.2448668479919434,0.48871633410453796,22.822465896606445,0.0
0,102,None,False,"50,119,33,27,16,98,57,12,71,41",1.6425926685333252,-1.7537380456924438,-0.8587431907653809,-0.9983054995536804,7.999781131744385,6.4448323249816895,0.4403477907180786,0.0,0.0,0.4403477907180786,2.9851555824279785,-2.5448079109191895,-0.9161034226417542,0.0,4.127535820007324,0.503684401512146,22.822465896606445,0.0
0,103,None,False,"50,119,33,27,16,98,57,12,71,41",1.5218874216079712,-1.7213040590286255,-1.0879617929458618,-1.0546995401382446,7.999740123748779,6.725693702697754,0.6312847137451172,0.0,0.0,0.6312847137451172,3.4228086471557617,-2.7915239334106445,-0.9240745902061462,0.0,3.8299944400787354,0.5913656949996948,22.822465896606445,0.0
0,104,None,False,"50,119,33,27,16,98,57,12,71,41",1.4784408807754517,-1.5867722034454346,-1.043022632598877,-1.2050358057022095,7.999786853790283,5.27460241317749,0.6796360015869141,0.0,0.0,0.6796360015869141,2.5464296340942383,-1.8667936325073242,-0.7210144996643066,0.0,3.384995937347412,0.5411441922187805,22.822465896606445,0.0
0,105,None,False,"50,119,33,27,16,98,57,12,71,41",1.3573355674743652,-1.7205215692520142,-1.0470314025878906,-1.094859004020691,7.999746322631836,6.435621738433838,0.8853226900100708,0.0,0.0,0.8853226900100708,1.4200091361999512,-0.5346864461898804,-0.2965056002140045,0.0,3.7625112533569336,0.5807647705078125,22.822465896606445,0.0
0,106,None,False,"50,119,33,27,16,98,57,12,71,41",1.4345524311065674,-1.5844285488128662,-0.7581669688224792,-1.1234911680221558,7.999762535095215,5.865698337554932,-0.05563616752624512,0.0,0.0,-0.05563616752624512,0.6381750106811523,-0.6938111782073975,-0.44303297996520996,0.0,3.555133581161499,0.48371198773384094,22.822465896606445,0.0
0,107,Schedule,True,"24,81,117,84,0,91,53,127,31,1",1.4085469245910645,-1.6971931457519531,-0.7874113917350769,-0.9933069944381714,7.99977445602417,3.6151649951934814,4.387454986572266,0.4,1.0,2.987454891204834,2.1149039268493652,0.8725509643554688,0.027394970878958702,0.0865294486284256,2.7674646377563477,0.517045259475708,22.822465896606445,0.0
0,108,None,False,"24,81,117,84,0,91,53,127,31,1",1.1709303855895996,-1.5683248043060303,-0.7612027525901794,-1.0540504455566406,7.99974250793457,2.6790106296539307,4.752686023712158,0.0,0.0,4.752686023712158,1.7996668815612793,2.953019142150879,0.5062297582626343,0.0,2.4513766765594482,0.44805708527565,22.822465896606445,0.0
0,109,None,False,"24,81,117,84,0,91,53,127,31,1",1.4067243337631226,-1.6775586605072021,-0.45304256677627563,-1.0555779933929443,7.999742031097412,4.149879455566406,4.941014766693115,0.0,0.0,4.941014766693115,1.4775872230529785,3.4634275436401367,0.7423924803733826,0.0,2.924734354019165,0.4481673240661621,22.822465896606445,0.0
0,110,None,False,"24,81,117,84,0,91,53,127,31,1",1.5065219402313232,-1.4476325511932373,-0.6324561834335327,-1.041995882987976,7.999786376953125,4.968161106109619,4.4709792137146,0.0,0.0,4.4709792137146,-0.3073275089263916,4.77830696105957,1.020340085029602,0.0,3.0418941974639893,0.48933708667755127,22.822465896606445,0.0
0,111,None,False,"24,81,117,84,0,91,53,127,31,1",1.3538451194763184,-1.3615572452545166,-0.7244597673416138,-0.935890257358551,7.9997358322143555,4.778306484222412,3.106745481491089,0.0,0.0,3.106745481491089,-0.9005963802337646,4.0073418617248535,0.8697068691253662,0.0,2.9772651195526123,0.4338853359222412,22.822465896606445,0.0
0,112,None,False,"24,81,117,84,0,91,53,127,31,1",1.4778796434402466,-1.7584571838378906,-0.8272963166236877,-0.7749522924423218,7.999770641326904,4.432088375091553,3.694542169570923,0.0,0.0,3.694542169570923,0.28203725814819336,3.4125049114227295,0.6667000651359558,0.0,3.3365848064422607,0.4716336727142334,22.822465896606445,0.0
0,113,None,False,"24,81,117,84,0,91,53,127,31,1",1.4542686939239502,-1.3975392580032349,-0.70754474401474,-0.7847366333007812,7.999778747558594,3.0274159908294678,1.1466360092163086,0.0,0.0,1.1466360092163086,-1.9159436225891113,3.06257963180542,0.6767575144767761,0.0,3.4151148796081543,0.5045722723007202,22.822465896606445,0.0
0,114,None,False,"24,81,117,84,0,91,53,127,31,1",1.5979210138320923,-1.7307273149490356,-0.9186803102493286,-1.3034440279006958,7.999744892120361,5.011416912078857,-1.1680656671524048,0.0,0.0,-1.1680656671524048,-2.7464747428894043,1.5784090757369995,0.2397945374250412,0.0,2.836729049682617,0.5583353042602539,22.822465896606445,0.0
0,115,None,False,"24,81,117,84,0,91,53,127,31,1",1.648761510848999,-1.597227931022644,-0.607837438583374,-1.1409510374069214,7.999788284301758,5.2539896965026855,-2.124345302581787,0.0,0.0,-2.124345302581787,-3.166550397872925,1.0422050952911377,0.09113102406263351,0.0,2.9141287803649902,0.5992391109466553,22.822465896606445,0.0
0,116,None,False,"24,81,117,84,0,91,53,127,31,1",1.4712215662002563,-1.527701735496521,-0.8724884986877441,-0.9509001970291138,7.999715328216553,4.670601844787598,-2.1518003940582275,0.0,0.0,-2.1518003940582275,-3.5861194133758545,1.434319019317627,0.2551479935646057,0.0,3.329423666000366,0.5235568284988403,22.822465896606445,0.0
0,117,None,False,"24,81,117,84,0,91,53,127,31,1",1.2344520092010498,-1.6658192873001099,-0.7600940465927124,-1.0364549160003662,7.999719619750977,3.612516164779663,-1.717650294303894,0.0,0.0,-1.717650294303894,-4.552459716796875,2.8348093032836914,0.6667739748954773,0.0,3.367671489715576,0.5600007176399231,22.822465896606445,0.0
0,118,None,False,"24,81,117,84,0,91,53,127,31,1",1.1815475225448608,-1.7525595426559448,-0.676162600517273,-0.8162103891372681,7.999641418457031,6.072493553161621,-2.3341095447540283,0.0,0.0,-2.3341095447540283,-5.298471450805664,2.9643619060516357,0.7872765064239502,0.0,3.6052660942077637,0.6824408173561096,22.822465896606445,0.0
0,119,None,False,"24,81,117,84,0,91,53,127,31,1",1.5498273372650146,-1.8726563453674316,-0.6943864226341248,-1.080693006515503,7.99977445602417,5.247661590576172,-2.2646336555480957,0.0,0.0,-2.2646336555480957,-5.487728118896484,3.2230944633483887,1.2801142930984497,0.0,4.267284393310547,0.615286111831665,22.822465896606445,0.0
0,120,None,False,"24,81,117,84,0,91,53,127,31,1",1.4072017669677734,-1.9397847652435303,-0.8509693145751953,-0.9460597038269043,7.999774932861328,3.12418532371521,-3.210090398788452,0.0,0.0,-3.210090398788452,-5.145502090454102,1.9354116916656494,0.913056492805481,0.0,3.3459229469299316,0.7175443768501282,22.822465896606445,0.0
0,121,Schedule,True,"137,82,10,65,76,132,20,35,1,44",1.4842009544372559,-1.7520356178283691,-0.7499786615371704,-1.0698113441467285,7.999773025512695,3.6340484619140625,-3.0649805068969727,0.35999999046325687,0.8999999761581421,-4.324980735778809,-6.0349884033203125,1.710007667541504,0.8544341921806335,4.1895527839660645,3.769317865371704,0.5859521627426147,22.822465896606445,0.0
0,122,None,False,"137,82,10,65,76,132,20,35,1,44",1.5517899990081787,-1.572089433670044,-0.884907603263855,-1.2750012874603271,7.999789714813232,3.713207244873047,-3.439746379852295,0.0,0.0,-3.439746379852295,-6.170284748077393,2.7305383682250977,1.1587934494018555,0.0,3.5990586280822754,0.48940712213516235,22.822465896606445,0.0
0,123,None,False,"137,82,10,65,76,132,20,35,1,44",1.3418620824813843,-1.7422676086425781,-0.9375823736190796,-0.9232926368713379,7.999724864959717,4.291237831115723,-3.491722345352173,0.0,0.0,-3.491722345352173,-6.847363471984863,3.3556411266326904,1.2460416555404663,0.0,3.314145803451538,0.49083760380744934,22.822465896606445,0.0
0,124,None,False,"137,82,10,65,76,132,20,35,1,44",1.3790425062179565,-1.8065177202224731,-0.8259347081184387,-0.962324857711792,7.99980354309082,4.1087493896484375,-2.3985867500305176,0.0,0.0,-2.3985867500305176,-4.838073253631592,2.439486503601074,0.9227911233901978,0.0,3.25795316696167,0.42740267515182495,22.822465896606445,0.0
0,125,Struct Break (DC),True,"141,126,67,112,24,3,124,57,89,62",1.4029678106307983,-1.4942539930343628,-0.996897280216217,-1.035144329071045,7.999802589416504,3.9329898357391357,-2.052067518234253,0.4,1.0,-3.4520673751831055,-6.09736442565918,2.645297050476074,0.9225203990936279,4.531728744506836,2.8862171173095703,0.45012348890304565,22.822465896606445,0.0
0,126,None,False,"141,126,67,112,24,3,124,57,89,62",1.3752847909927368,-1.7215875387191772,-0.9895250201225281,-0.874923050403595,7.999805927276611,3.1586923599243164,-2.9145264625549316,0.0,0.0,-2.9145264625549316,-7.183283805847168,4.268757343292236,1.275295615196228,0.0,3.492267608642578,0.3702927231788635,22.822465896606445,0.0
0,127,None,False,"141,126,67,112,24,3,124,57,89,62",1.552734136581421,-1.865959644317627,-1.1890076398849487,-0.9650971293449402,7.999751567840576,3.1986634731292725,-3.9480674266815186,0.0,0.0,-3.9480674266815186,-6.093436241149902,2.145368814468384,0.5800673961639404,0.0,2.9824142456054688,0.370031476020813,22.822465896606445,0.0
0,0,Schedule | Regime Shift (Initial),True,"119,16,81,19,7,116,108,13,77,135",1.2847001552581787,-1.3199386596679688,-0.8700934648513794,-0.9905964732170105,7.999314785003662,7.5740132331848145,2.2718567848205566,0.0,0.0,2.2718567848205566,1.4643549919128418,0.8075017929077148,0.33759185671806335,1.6258114576339722,2.196990966796875,0.514022946357727,17.74869728088379,0.0
0,1,None,False,"119,16,81,19,7,116,108,13,77,135",1.102231740951538,-1.215743899345398,-0.6876019835472107,-1.0621161460876465,7.9993720054626465,6.155128479003906,-0.17403602600097656,0.0,0.0,-0.17403602600097656,0.8926153182983398,-1.0666513442993164,-0.370798259973526,0.0,2.594730854034424,0.5240383744239807,17.74869728088379,0.0
0,2,None,False,"119,16,81,19,7,116,108,13,77,135",1.3631891012191772,-1.5082497596740723,-0.7956519722938538,-0.9287605285644531,7.9993720054626465,5.643547534942627,1.3984626531600952,0.0,0.0,1.3984626531600952,1.2897253036499023,0.10873734951019287,0.007325002923607826,0.0,3.013307809829712,0.5582407712936401,17.74869728088379,0.0
0,3,None,False,"119,16,81,19,7,116,108,13,77,135",1.437299132347107,-1.383636474609375,-0.5728134512901306,-1.018397331237793,7.999251365661621,3.6530075073242188,1.467016339302063,0.0,0.0,1.467016339302063,1.2952566146850586,0.1717597246170044,-0.06620632112026215,0.0,2.9652609825134277,0.5027458667755127,17.74869728088379,0.0
0,4,None,False,"119,16,81,19,7,116,108,13,77,135",1.246528148651123,-1.2760757207870483,-0.467659592628479,-0.9038285613059998,7.999190330505371,6.539303779602051,0.9868901968002319,0.0,0.0,0.9868901968002319,0.7190942764282227,0.2677959203720093,-0.14123095571994781,0.0,2.8299574851989746,0.560479462146759,17.74869728088379,0.0
0,5,None,False,"119,16,81,19,7,116,108,13,77,135",1.2155170440673828,-1.6577346324920654,-0.83710116147995,-1.261630654335022,7.999374866485596,5.157958030700684,0.8288282155990601,0.0,0.0,0.8288282155990601,-5.9604644775390625e-06,0.8288341760635376,0.03679796680808067,0.0,2.8476834297180176,0.544747531414032,17.74869728088379,0.0
0,6,None,False,"119,16,81,19,7,116,108,13,77,135",1.1795549392700195,-1.431710124015808,-0.6343157291412354,-0.8988401293754578,7.999392986297607,3.9430134296417236,-0.3538566827774048,0.0,0.0,-0.3538566827774048,-0.32986998558044434,-0.02398669719696045,-0.1482694000005722,0.0,2.9061479568481445,0.5245761871337891,17.74869728088379,0.0
0,7,Struct Break (DC),True,"118,37,66,142,84,96,43,47,45,76",1.335661768913269,-1.4418747425079346,-0.725936770439148,-1.1664918661117554,7.999162673950195,5.417079448699951,-2.331793785095215,0.4,1.0,-3.7317938804626465,2.585434913635254,-6.3172287940979,-1.7291396856307983,-8.625347137451172,2.4670419692993164,0.5370001792907715,17.74869728088379,0.0
0,8,None,False,"118,37,66,142,84,96,43,47,45,76",1.455728530883789,-1.3873265981674194,-0.6662719249725342,-1.1275911331176758,7.9992547035217285,4.431557655334473,1.1766958236694336,0.0,0.0,1.1766958236694336,6.09743595123291,-4.920740127563477,-1.4473904371261597,0.0,2.603461503982544,0.5042235851287842,17.74869728088379,0.0
0,9,None,False,"118,37,66,142,84,96,43,47,45,76",1.2232526540756226,-1.4429205656051636,-0.748612642288208,-1.009941577911377,7.99930477142334,4.657299995422363,3.2872517108917236,0.0,0.0,3.2872517108917236,6.433725357055664,-3.1464736461639404,-0.949600875377655,0.0,2.7576744556427,0.45460882782936096,17.74869728088379,0.0
0,10,None,False,"118,37,66,142,84,96,43,47,45,76",1.2738944292068481,-1.2734074592590332,-0.6836663484573364,-0.9650266170501709,7.999343395233154,4.047521114349365,3.9060611724853516,0.0,0.0,3.9060611724853516,6.810402870178223,-2.904341697692871,-1.062058448791504,0.0,2.340297222137451,0.39869773387908936,17.74869728088379,0.0
0,11,Struct Break (DC),True,"55,1,67,142,87,27,122,36,138,52",1.3469935655593872,-1.134216070175171,-0.7262352108955383,-0.9649392366409302,7.999368190765381,3.672760009765625,8.788243293762207,0.35999999046325687,0.8999999761581421,7.528243064880371,4.609119892120361,2.9191231727600098,0.751563310623169,3.6843318939208984,2.4169209003448486,0.5728230476379395,17.74869728088379,0.0
0,12,None,False,"55,1,67,142,87,27,122,36,138,52",1.0967676639556885,-1.2538039684295654,-0.6067790985107422,-0.9620622396469116,7.99953031539917,4.903923034667969,6.329295635223389,0.0,0.0,6.329295635223389,3.511214256286621,2.8180813789367676,0.8421344757080078,0.0,2.6422977447509766,0.6162385940551758,17.74869728088379,0.0
0,13,None,False,"55,1,67,142,87,27,122,36,138,52",1.049015998840332,-1.5299407243728638,-1.0428454875946045,-1.0999641418457031,7.999373435974121,6.14982271194458,5.916560649871826,0.0,0.0,5.916560649871826,4.548001289367676,1.3685593605041504,0.3003174662590027,0.0,2.5609805583953857,0.5730990171432495,17.74869728088379,0.0
0,14,None,False,"55,1,67,142,87,27,122,36,138,52",1.1578530073165894,-1.5531877279281616,-0.7565958499908447,-1.2387275695800781,7.999292373657227,6.2831196784973145,6.227681636810303,0.0,0.0,6.227681636810303,3.418111801147461,2.809569835662842,0.8955957293510437,0.0,2.208174705505371,0.5508402585983276,17.74869728088379,0.0
0,15,None,False,"55,1,67,142,87,27,122,36,138,52",1.3208699226379395,-1.6245417594909668,-0.9503364562988281,-1.0979706048965454,7.999074459075928,6.113003730773926,6.9010009765625,0.0,0.0,6.9010009765625,3.7372589111328125,3.1637420654296875,1.1968961954116821,0.0,2.325911283493042,0.5941708087921143,17.74869728088379,0.0
0,16,None,False,"55,1,67,142,87,27,122,36,138,52",1.435256838798523,-1.7163172960281372,-0.7831932902336121,-1.1963520050048828,7.999261379241943,6.270519733428955,7.348804950714111,0.0,0.0,7.348804950714111,4.9306511878967285,2.418153762817383,0.8509088158607483,0.0,2.529972553253174,0.6502549648284912,17.74869728088379,0.0
0,17,None,False,"55,1,67,142,87,27,122,36,138,52",1.1238840818405151,-1.4984530210494995,-1.1120493412017822,-0.8798866271972656,7.99933385848999,5.506688117980957,4.038629055023193,0.0,0.0,4.038629055023193,4.2037129402160645,-0.1650838851928711,-0.3281998038291931,0.0,2.643066883087158,0.5192902088165283,17.74869728088379,0.0
0,18,None,False,"55,1,67,142,87,27,122,36,138,52",1.3348308801651,-1.8043632507324219,-0.9057175517082214,-0.8828468322753906,7.9992828369140625,6.543240547180176,1.3529616594314575,0.0,0.0,1.3529616594314575,4.34415340423584,-2.991191864013672,-1.4050021171569824,0.0,3.1581735610961914,0.5993964076042175,17.74869728088379,0.0
0,19,None,False,"55,1,67,142,87,27,122,36,138,52",1.1150169372558594,-1.9494092464447021,-1.0084476470947266,-0.9912910461425781,7.999281406402588,4.657927989959717,2.8439748287200928,0.0,0.0,2.8439748287200928,8.055901527404785,-5.211926460266113,-1.796983242034912,0.0,2.342447280883789,0.48380735516548157,17.74869728088379,0.0
0,20,Struct Break (DC),True,"5,50,107,35,138,41,22,46,4,34",1.2063994407653809,-1.3748747110366821,-1.1567060947418213,-1.09241783618927,7.999314785003662,6.469268321990967,4.0694732666015625,0.35999999046325687,0.8999999761581421,2.8094732761383057,7.761931419372559,-4.952458381652832,-1.6077666282653809,-8.020340919494629,2.7048797607421875,0.535058856010437,17.74869728088379,0.0
0,21,None,False,"5,50,107,35,138,41,22,46,4,34",1.4974039793014526,-1.707006573677063,-1.1584455966949463,-0.9519056081771851,7.999204635620117,5.841065406799316,2.9381275177001953,0.0,0.0,2.9381275177001953,6.0948967933654785,-3.156769275665283,-1.1444456577301025,0.0,2.479553699493408,0.5119357109069824,17.74869728088379,0.0
0,22,Struct Break (DC),True,"68,69,91,45,101,96,95,43,134,126",1.5232350826263428,-1.4417799711227417,-0.8960376381874084,-0.9819132089614868,7.999255657196045,4.230069637298584,2.0778310298919678,0.4,1.0,0.6778310537338257,3.932666778564453,-3.254835605621338,-1.1409245729446411,-5.705489158630371,2.8231489658355713,0.5768532752990723,17.74869728088379,0.0
0,23,None,False,"68,69,91,45,101,96,95,43,134,126",1.3821736574172974,-1.813063144683838,-0.9839118123054504,-1.0284183025360107,7.9993109703063965,4.27822208404541,3.4969427585601807,0.0,0.0,3.4969427585601807,5.6070685386657715,-2.110125780105591,-0.9888430833816528,0.0,3.176003932952881,0.5845907926559448,17.74869728088379,0.0
0,24,None,False,"68,69,91,45,101,96,95,43,134,126",1.3227049112319946,-1.5354336500167847,-0.9429463148117065,-0.7156522870063782,7.999149322509766,5.014358043670654,2.927776575088501,0.0,0.0,2.927776575088501,4.005193710327148,-1.0774171352386475,-0.42374327778816223,0.0,2.326460838317871,0.5534670948982239,17.74869728088379,0.0
0,25,None,False,"68,69,91,45,101,96,95,43,134,126",1.4220607280731201,-1.6775305271148682,-0.9159661531448364,-0.927765429019928,7.999192714691162,6.152772426605225,3.889704942703247,0.0,0.0,3.889704942703247,4.249465465545654,-0.3597605228424072,-0.27558284997940063,0.0,2.6995182037353516,0.5035476684570312,17.74869728088379,0.0
0,26,None,False,"68,69,91,45,101,96,95,43,134,126",1.437814712524414,-2.0040767192840576,-0.9999554753303528,-0.9785344004631042,7.999334335327148,4.368472576141357,3.4822373390197754,0.0,0.0,3.4822373390197754,3.910994529724121,-0.4287571907043457,-0.2929111421108246,0.0,2.5132555961608887,0.6104623675346375,17.74869728088379,0.0
0,27,None,False,"68,69,91,45,101,96,95,43,134,126",1.4390828609466553,-1.5247974395751953,-0.5419677495956421,-0.8360505104064941,7.999277591705322,2.920783758163452,1.4838403463363647,0.0,0.0,1.4838403463363647,2.115762233734131,-0.6319218873977661,-0.287702351808548,0.0,2.25716495513916,0.4318443536758423,17.74869728088379,0.0
0,28,None,False,"68,69,91,45,101,96,95,43,134,126",1.372475266456604,-1.6085772514343262,-0.8073736429214478,-0.7859157919883728,7.999317169189453,3.2191503047943115,3.436779260635376,0.0,0.0,3.436779260635376,2.094912528991699,1.3418667316436768,0.2059234082698822,0.0,3.4804372787475586,0.5868443846702576,17.74869728088379,0.0
0,29,None,False,"68,69,91,45,101,96,95,43,134,126",1.3976333141326904,-1.5243638753890991,-0.7043233513832092,-0.9108532667160034,7.999260425567627,4.611965179443359,3.440209150314331,0.0,0.0,3.440209150314331,1.7256379127502441,1.714571237564087,0.3273535370826721,0.0,3.481832981109619,0.5555117130279541,17.74869728088379,0.0
0,30,None,False,"68,69,91,45,101,96,95,43,134,126",1.228722333908081,-1.5833491086959839,-0.8371617794036865,-1.0644357204437256,7.999300956726074,5.159631729125977,4.150717258453369,0.0,0.0,4.150717258453369,-0.3594338893890381,4.510150909423828,1.1730502843856812,0.0,2.3463234901428223,0.6120457053184509,17.74869728088379,0.0
0,31,None,False,"68,69,91,45,101,96,95,43,134,126",1.2906781435012817,-1.758901834487915,-0.7585455179214478,-1.0109511613845825,7.999210357666016,4.470623970031738,5.0135602951049805,0.0,0.0,5.0135602951049805,0.7054686546325684,4.308091640472412,1.1650375127792358,0.0,3.318066120147705,0.6199984550476074,17.74869728088379,0.0
0,32,None,False,"68,69,91,45,101,96,95,43,134,126",1.0640476942062378,-1.4957906007766724,-0.6537312865257263,-1.0344133377075195,7.999405860900879,4.9731950759887695,6.567302227020264,0.0,0.0,6.567302227020264,1.5618443489074707,5.005457878112793,1.6164674758911133,0.0,3.3240084648132324,0.5825153589248657,17.74869728088379,0.0
0,33,None,False,"68,69,91,45,101,96,95,43,134,126",1.2123442888259888,-1.5277650356292725,-0.8694213032722473,-0.8893033862113953,7.999332427978516,4.763223171234131,6.191773414611816,0.0,0.0,6.191773414611816,0.7132530212402344,5.478520393371582,1.8372398614883423,0.0,3.244175434112549,0.6525425910949707,17.74869728088379,0.0
0,34,None,False,"68,69,91,45,101,96,95,43,134,126",1.5300977230072021,-1.7894788980484009,-0.6240247488021851,-1.181607723236084,7.999214172363281,6.35719633102417,6.8354172706604,0.0,0.0,6.8354172706604,1.2644290924072266,5.570988178253174,1.705688714981079,0.0,3.6384952068328857,0.7961540222167969,17.74869728088379,0.0
0,35,None,False,"68,69,91,45,101,96,95,43,134,126",1.2576013803482056,-1.5294488668441772,-0.8884149193763733,-0.9903606176376343,7.999275207519531,6.187763690948486,8.480237007141113,0.0,0.0,8.480237007141113,2.054595947265625,6.425641059875488,1.7686102390289307,0.0,2.6102182865142822,0.6372754573822021,17.74869728088379,0.0
0,36,Schedule,True,"17,79,128,114,36,49,53,93,25,42",1.2002907991409302,-1.453977108001709,-0.8137263655662537,-0.7492223978042603,7.999279022216797,6.679215908050537,5.8235697746276855,0.4,1.0,4.423569679260254,0.990593433380127,3.432976245880127,1.03152334690094,5.0678839683532715,3.7648069858551025,0.5891193151473999,17.74869728088379,0.0
0,37,None,False,"17,79,128,114,36,49,53,93,25,42",1.6514537334442139,-1.6943421363830566,-0.5965791344642639,-1.0776081085205078,7.998959064483643,5.695382595062256,3.091162919998169,0.0,0.0,3.091162919998169,-0.7523298263549805,3.8434927463531494,1.2536993026733398,0.0,3.4856245517730713,0.6856412291526794,17.74869728088379,0.0
0,38,None,False,"17,79,128,114,36,49,53,93,25,42",1.2351746559143066,-1.4450287818908691,-0.5923970341682434,-1.0127270221710205,7.999335289001465,5.669550895690918,1.7889450788497925,0.0,0.0,1.7889450788497925,0.35341978073120117,1.4355252981185913,0.7007986307144165,0.0,2.604644298553467,0.5070719718933105,17.74869728088379,0.0
0,39,None,False,"17,79,128,114,36,49,53,93,25,42",0.9673232436180115,-1.4555898904800415,-0.9833258390426636,-0.9319624304771423,7.999413967132568,4.173340320587158,3.322842597961426,0.0,0.0,3.322842597961426,1.400160789489746,1.9226818084716797,0.9236360192298889,0.0,3.113701343536377,0.5301521420478821,17.74869728088379,0.0
0,40,None,False,"17,79,128,114,36,49,53,93,25,42",1.4440947771072388,-1.5968682765960693,-0.6091018319129944,-0.9763604998588562,7.999183177947998,6.077165126800537,3.9418511390686035,0.0,0.0,3.9418511390686035,2.675604820251465,1.2662463188171387,0.43226370215415955,0.0,2.4592525959014893,0.5674437284469604,17.74869728088379,0.0
0,41,Struct Break (DC),True,"102,112,64,97,62,34,85,60,71,142",1.1610462665557861,-1.7945101261138916,-0.8211628794670105,-1.096977710723877,7.999396324157715,4.834017753601074,4.85709810256958,0.4,1.0,3.4570980072021484,3.0783891677856445,0.3787088394165039,0.43832704424858093,2.126251697540283,2.6399364471435547,0.5856326818466187,17.74869728088379,0.0
0,42,None,False,"102,112,64,97,62,34,85,60,71,142",1.4006143808364868,-1.8649194240570068,-0.7577266097068787,-1.242618203163147,7.999110698699951,5.463855266571045,4.038832664489746,0.0,0.0,4.038832664489746,1.9554495811462402,2.083383083343506,0.857650876045227,0.0,2.739154100418091,0.6315587759017944,17.74869728088379,0.0
0,43,None,False,"102,112,64,97,62,34,85,60,71,142",1.1887223720550537,-1.6008692979812622,-0.6731876134872437,-1.1029651165008545,7.999317169189453,5.20252799987793,3.522508144378662,0.0,0.0,3.522508144378662,2.212798595428467,1.3097095489501953,0.4748328626155853,0.0,3.595961332321167,0.5772044658660889,17.74869728088379,0.0
0,44,None,False,"102,112,64,97,62,34,85,60,71,142",1.1556156873703003,-1.782565712928772,-0.9171722531318665,-1.0690433979034424,7.99937105178833,3.711562395095825,3.7623860836029053,0.0,0.0,3.7623860836029053,3.7528514862060547,0.009534597396850586,-0.05814112350344658,0.0,2.984656810760498,0.6246806979179382,17.74869728088379,0.0
0,45,None,False,"102,112,64,97,62,34,85,60,71,142",1.2861368656158447,-1.7105274200439453,-0.7158434987068176,-1.0073570013046265,7.9993085861206055,4.897525310516357,3.9715490341186523,0.0,0.0,3.9715490341186523,2.795541286468506,1.1760077476501465,0.2740834653377533,0.0,2.686842441558838,0.5841092467308044,17.74869728088379,0.0
0,46,None,False,"102,112,64,97,62,34,85,60,71,142",1.350554347038269,-1.59490966796875,-0.834884762763977,-1.1433924436569214,7.999111175537109,5.333820819854736,2.315389633178711,0.0,0.0,2.315389633178711,0.7729887962341309,1.54240083694458,0.35290950536727905,0.0,3.1228697299957275,0.5133672952651978,17.74869728088379,0.0
0,47,Struct Break (DC),True,"83,58,135,19,5,49,108,103,21,115",1.1339274644851685,-1.5098021030426025,-0.6591612100601196,-0.8646061420440674,7.999419689178467,4.0469560623168945,6.088632583618164,0.4,1.0,4.688632488250732,1.2968182563781738,3.3918142318725586,1.186144232749939,5.835207462310791,2.717449188232422,0.4996321201324463,17.74869728088379,0.0
0,48,None,False,"83,58,135,19,5,49,108,103,21,115",1.142025351524353,-1.6037969589233398,-1.114373803138733,-0.8601420521736145,7.999332427978516,5.4764556884765625,4.236756801605225,0.0,0.0,4.236756801605225,1.3131976127624512,2.9235591888427734,1.064003348350525,0.0,2.318866729736328,0.40798839926719666,17.74869728088379,0.0
0,49,None,False,"83,58,135,19,5,49,108,103,21,115",1.2887566089630127,-1.5443638563156128,-0.639032781124115,-0.9919862151145935,7.999242305755615,5.543200969696045,3.7040610313415527,0.0,0.0,3.7040610313415527,0.487673282623291,3.2163877487182617,1.1606895923614502,0.0,2.317570924758911,0.5501458048820496,17.74869728088379,0.0
0,50,None,False,"83,58,135,19,5,49,108,103,21,115",1.2284390926361084,-1.6704533100128174,-0.8186631202697754,-1.1678155660629272,7.999268054962158,5.240350246429443,3.744105577468872,0.0,0.0,3.744105577468872,1.6707301139831543,2.0733754634857178,0.7277932167053223,0.0,2.7197694778442383,0.5934510231018066,17.74869728088379,0.0
0,51,None,False,"83,58,135,19,5,49,108,103,21,115",1.3296438455581665,-1.5843442678451538,-0.9442443251609802,-0.7524830102920532,7.999286651611328,4.148878574371338,3.9020168781280518,0.0,0.0,3.9020168781280518,0.11610984802246094,3.785907030105591,1.1865344047546387,0.0,2.9563217163085938,0.701194167137146,17.74869728088379,0.0
0,52,None,False,"83,58,135,19,5,49,108,103,21,115",1.257173776626587,-1.6933575868606567,-0.8226332664489746,-0.855918288230896,7.999274253845215,2.2679154872894287,1.3966691493988037,0.0,0.0,1.3966691493988037,-0.5411207675933838,1.9377899169921875,0.6835954785346985,0.0,3.0569276809692383,0.722079873085022,17.74869728088379,0.0
0,53,None,False,"83,58,135,19,5,49,108,103,21,115",1.26282799243927,-1.8141295909881592,-0.7579564452171326,-0.9126706123352051,7.999320983886719,4.223616600036621,0.2740824222564697,0.0,0.0,0.2740824222564697,-0.9030699729919434,1.177152395248413,0.4245959520339966,0.0,2.948030471801758,0.6488173007965088,17.74869728088379,0.0
0,54,None,False,"83,58,135,19,5,49,108,103,21,115",0.9598829746246338,-1.5332410335540771,-0.8680172562599182,-1.1170316934585571,7.999250888824463,6.292402267456055,2.6680405139923096,0.0,0.0,2.6680405139923096,-0.18058419227600098,2.8486247062683105,0.845839262008667,0.0,2.6453847885131836,0.6672243475914001,17.74869728088379,0.0
0,55,None,False,"83,58,135,19,5,49,108,103,21,115",1.1055796146392822,-1.6741273403167725,-0.9317218661308289,-1.1199880838394165,7.999309539794922,4.828444480895996,0.6798332929611206,0.0,0.0,0.6798332929611206,0.38422346115112305,0.29560983180999756,0.2453126162290573,0.0,2.6210126876831055,0.6066114902496338,17.74869728088379,0.0
0,56,None,False,"83,58,135,19,5,49,108,103,21,115",1.5638401508331299,-1.7652769088745117,-0.7293655872344971,-1.2780876159667969,7.999113082885742,5.681171417236328,2.436349868774414,0.0,0.0,2.436349868774414,2.681291103363037,-0.24494123458862305,0.12102868407964706,0.0,3.1676723957061768,0.6560885906219482,17.74869728088379,0.0
0,57,None,False,"83,58,135,19,5,49,108,103,21,115",1.0563013553619385,-1.712620496749878,-1.0648245811462402,-0.8793244361877441,7.999324321746826,6.771541118621826,3.1714015007019043,0.0,0.0,3.1714015007019043,3.6023378372192383,-0.430936336517334,0.12627017498016357,0.0,2.38234543800354,0.5168952345848083,17.74869728088379,0.0
0,58,None,False,"83,58,135,19,5,49,108,103,21,115",1.0693005323410034,-1.8091135025024414,-1.0388362407684326,-1.0743516683578491,7.999345779418945,6.29673433303833,3.2647740840911865,0.0,0.0,3.2647740840911865,3.8053274154663086,-0.5405533313751221,0.136860653758049,0.0,1.9665029048919678,0.5994476079940796,17.74869728088379,0.0
0,59,None,False,"83,58,135,19,5,49,108,103,21,115",0.9398398399353027,-1.7249053716659546,-0.7591687440872192,-0.9844712018966675,7.999452590942383,6.3809685707092285,3.453277826309204,0.0,0.0,3.453277826309204,3.8953542709350586,-0.4420764446258545,0.10853075236082077,0.0,2.105853796005249,0.49579089879989624,17.74869728088379,0.0
0,60,None,False,"83,58,135,19,5,49,108,103,21,115",1.323045015335083,-1.9240530729293823,-0.7159925699234009,-1.0500319004058838,7.999176502227783,5.585588455200195,6.4190850257873535,0.0,0.0,6.4190850257873535,6.761431694030762,-0.3423466682434082,0.08292040228843689,0.0,1.9732630252838135,0.512302577495575,17.74869728088379,0.0
0,61,Schedule,True,"63,35,86,59,107,124,117,57,3,113",1.1733626127243042,-1.6439017057418823,-0.7274883985519409,-0.9904536604881287,7.999347686767578,4.716861724853516,4.578645706176758,0.4,1.0,3.178645610809326,5.1432013511657715,-1.9645557403564453,-0.44023603200912476,-2.237537145614624,2.5811614990234375,0.6048071980476379,17.74869728088379,0.0
0,62,None,False,"63,35,86,59,107,124,117,57,3,113",1.074353575706482,-1.511757493019104,-0.7262595891952515,-1.1431403160095215,7.999448299407959,4.503946781158447,2.7304017543792725,0.0,0.0,2.7304017543792725,3.863072395324707,-1.1326706409454346,-0.14214132726192474,0.0,2.0424013137817383,0.6025266647338867,17.74869728088379,0.0
0,63,None,False,"63,35,86,59,107,124,117,57,3,113",1.277815341949463,-1.673053503036499,-0.94048011302948,-0.9532601237297058,7.9992499351501465,5.401978015899658,3.012446641921997,0.0,0.0,3.012446641921997,5.186724662780762,-2.1742780208587646,-0.45471814274787903,0.0,2.7025246620178223,0.5520876049995422,17.74869728088379,0.0
0,64,None,False,"63,35,86,59,107,124,117,57,3,113",1.1630271673202515,-1.3443188667297363,-0.9265094995498657,-0.7467207908630371,7.999191761016846,4.72008752822876,4.345029830932617,0.0,0.0,4.345029830932617,6.77717924118042,-2.4321494102478027,-0.5213786363601685,0.0,2.337561845779419,0.49142855405807495,17.74869728088379,0.0
0,65,None,False,"63,35,86,59,107,124,117,57,3,113",1.1176824569702148,-1.7356488704681396,-1.0847474336624146,-1.0535579919815063,7.999329566955566,6.014735698699951,4.493338584899902,0.0,0.0,4.493338584899902,7.397270202636719,-2.9039316177368164,-0.6868445873260498,0.0,1.5587592124938965,0.5477713346481323,17.74869728088379,0.0
0,66,None,False,"63,35,86,59,107,124,117,57,3,113",1.1425241231918335,-1.697754144668579,-1.0047147274017334,-0.9813892841339111,7.999207973480225,5.016881465911865,4.729756832122803,0.0,0.0,4.729756832122803,6.9679975509643555,-2.2382407188415527,-0.5793392658233643,0.0,1.8593610525131226,0.5475233793258667,17.74869728088379,0.0
0,67,None,False,"63,35,86,59,107,124,117,57,3,113",1.2160813808441162,-1.56839120388031,-0.862998902797699,-1.0388827323913574,7.999232769012451,5.022006034851074,4.364503383636475,0.0,0.0,4.364503383636475,8.244967460632324,-3.8804640769958496,-1.2301890850067139,0.0,2.633155345916748,0.5171222686767578,17.74869728088379,0.0
0,68,None,False,"63,35,86,59,107,124,117,57,3,113",1.3164348602294922,-1.6215009689331055,-0.9193969964981079,-0.8183388710021973,7.999111175537109,4.223714351654053,3.9941470623016357,0.0,0.0,3.9941470623016357,5.973494052886963,-1.9793469905853271,-0.571264386177063,0.0,2.073481321334839,0.5011244416236877,17.74869728088379,0.0
0,69,None,False,"63,35,86,59,107,124,117,57,3,113",1.10727858543396,-1.8394246101379395,-0.7628867626190186,-0.9625003337860107,7.999212265014648,6.834803104400635,3.517038345336914,0.0,0.0,3.517038345336914,4.428565502166748,-0.911527156829834,-0.18061837553977966,0.0,2.156076192855835,0.4775961935520172,17.74869728088379,0.0
0,70,None,False,"63,35,86,59,107,124,117,57,3,113",1.144766926765442,-1.4572172164916992,-0.9873098134994507,-0.9152771234512329,7.9993181228637695,6.398641586303711,2.124842405319214,0.0,0.0,2.124842405319214,3.009521961212158,-0.8846795558929443,-0.28780505061149597,0.0,1.9135373830795288,0.4819430112838745,17.74869728088379,0.0
0,71,None,False,"63,35,86,59,107,124,117,57,3,113",1.210768699645996,-1.5074946880340576,-0.6161512136459351,-0.9068244695663452,7.999382019042969,3.991849660873413,-0.8081215620040894,0.0,0.0,-0.8081215620040894,0.2947688102722168,-1.1028903722763062,-0.3725068271160126,0.0,1.8164491653442383,0.387295663356781,17.74869728088379,0.0
0,72,None,False,"63,35,86,59,107,124,117,57,3,113",1.1624773740768433,-1.6861917972564697,-0.9183253049850464,-0.9610602259635925,7.999279975891113,4.3277692794799805,-2.1759283542633057,0.0,0.0,-2.1759283542633057,-0.24276375770568848,-1.9331645965576172,-0.8365916013717651,0.0,1.6457675695419312,0.40950027108192444,17.74869728088379,0.0
0,73,None,False,"63,35,86,59,107,124,117,57,3,113",1.0311411619186401,-1.7833101749420166,-0.7288185358047485,-1.0606329441070557,7.999250411987305,5.6387939453125,-2.6564300060272217,0.0,0.0,-2.6564300060272217,-0.1339733600616455,-2.522456645965576,-0.9266778826713562,0.0,1.3422062397003174,0.30730295181274414,17.74869728088379,0.0
0,74,None,False,"63,35,86,59,107,124,117,57,3,113",1.1314520835876465,-1.4652925729751587,-0.5983051061630249,-1.1811769008636475,7.999289035797119,5.485093593597412,-3.026667833328247,0.0,0.0,-3.026667833328247,-0.757819414138794,-2.268848419189453,-0.9019275903701782,0.0,1.2800371646881104,0.3223118484020233,17.74869728088379,0.0
0,75,Schedule,True,"51,44,32,116,104,18,5,27,57,110",1.4063023328781128,-1.9595381021499634,-1.083864688873291,-0.9095413684844971,7.999098300933838,5.847023010253906,-6.492562770843506,0.35999999046325687,0.8999999761581421,-7.752562522888184,-0.23382306098937988,-7.518739700317383,-2.32222318649292,-11.559329986572266,1.4025802612304688,0.37007492780685425,17.74869728088379,0.0
0,76,None,False,"51,44,32,116,104,18,5,27,57,110",1.2416280508041382,-1.9418179988861084,-1.2691596746444702,-0.8329837322235107,7.999261856079102,5.070459842681885,-3.642813205718994,0.0,0.0,-3.642813205718994,-0.0046312808990478516,-3.6381819248199463,-1.492918848991394,0.0,1.590625524520874,0.3864375054836273,17.74869728088379,0.0
0,77,None,False,"51,44,32,116,104,18,5,27,57,110",1.241477131843567,-1.6999406814575195,-0.682897686958313,-1.0480775833129883,7.999309539794922,5.635947227478027,-5.218040943145752,0.0,0.0,-5.218040943145752,-1.596611738204956,-3.621429204940796,-1.13662588596344,0.0,1.795280933380127,0.3859310448169708,17.74869728088379,0.0
0,78,None,False,"51,44,32,116,104,18,5,27,57,110",1.376391887664795,-1.4859672784805298,-0.5994328856468201,-1.1703554391860962,7.999235153198242,4.454795837402344,-8.074119567871094,0.0,0.0,-8.074119567871094,-5.787116050720215,-2.287003517150879,-0.8979291915893555,0.0,1.8383374214172363,0.47254452109336853,17.74869728088379,0.0
0,79,None,False,"51,44,32,116,104,18,5,27,57,110",1.566802740097046,-2.1277122497558594,-0.7059775590896606,-1.163564682006836,7.9990315437316895,4.9566264152526855,-5.603851795196533,0.0,0.0,-5.603851795196533,-5.261826515197754,-0.3420252799987793,-0.3948662281036377,0.0,2.1446962356567383,0.5240323543548584,17.74869728088379,0.0
0,80,None,False,"51,44,32,116,104,18,5,27,57,110",1.060086965560913,-1.9117785692214966,-1.1442327499389648,-1.0455520153045654,7.999233722686768,7.914191246032715,-4.670301914215088,0.0,0.0,-4.670301914215088,-4.9085259437561035,0.23822402954101562,-0.17053362727165222,0.0,1.4830809831619263,0.46597275137901306,17.74869728088379,0.0
0,81,None,False,"51,44,32,116,104,18,5,27,57,110",1.1864399909973145,-1.4198874235153198,-0.9538195133209229,-1.1190834045410156,7.999237060546875,5.980302810668945,-4.901819229125977,0.0,0.0,-4.901819229125977,-6.84632682800293,1.9445075988769531,0.5501164197921753,0.0,1.9654523134231567,0.5226936340332031,17.74869728088379,0.0
0,82,None,False,"51,44,32,116,104,18,5,27,57,110",1.20478355884552,-1.7297178506851196,-1.1820378303527832,-1.066686987876892,7.999227046966553,5.418086528778076,-4.195911407470703,0.0,0.0,-4.195911407470703,-5.735593795776367,1.539682388305664,0.2400701344013214,0.0,2.4781980514526367,0.5202751159667969,17.74869728088379,0.0
0,83,Struct Break (DC),True,"25,134,52,129,93,130,17,126,138,45",1.2674180269241333,-1.7803261280059814,-1.0421067476272583,-1.177737832069397,7.999276161193848,4.941086769104004,-9.658982276916504,0.4,1.0,-11.058981895446777,-3.4713566303253174,-7.587625503540039,-2.8033478260040283,-13.949625968933105,2.500298261642456,0.47651711106300354,17.74869728088379,0.0
0,84,None,False,"25,134,52,129,93,130,17,126,138,45",1.509714961051941,-1.6789672374725342,-0.8216747641563416,-1.0572429895401,7.999310493469238,4.160211086273193,-7.7389607429504395,0.0,0.0,-7.7389607429504395,-1.7041385173797607,-6.034822463989258,-2.012847661972046,0.0,2.5560131072998047,0.4565681219100952,17.74869728088379,0.0
0,85,None,False,"25,134,52,129,93,130,17,126,138,45",1.2710990905761719,-1.7360230684280396,-0.8618627190589905,-1.1440967321395874,7.999293327331543,4.133580207824707,-3.7224926948547363,0.0,0.0,-3.7224926948547363,1.5956878662109375,-5.318180561065674,-1.9363579750061035,0.0,2.787944793701172,0.39323189854621887,17.74869728088379,0.0
0,86,None,False,"25,134,52,129,93,130,17,126,138,45",1.3090879917144775,-1.945357084274292,-0.8779411911964417,-1.2048723697662354,7.999175548553467,4.713613033294678,-5.211371898651123,0.0,0.0,-5.211371898651123,0.9871959686279297,-6.198567867279053,-1.9102622270584106,0.0,2.5674400329589844,0.48464083671569824,17.74869728088379,0.0
0,87,None,False,"25,134,52,129,93,130,17,126,138,45",1.1643078327178955,-1.7459583282470703,-0.8851460814476013,-1.0777405500411987,7.999363422393799,4.531231880187988,-2.728530168533325,0.0,0.0,-2.728530168533325,1.6774773597717285,-4.406007766723633,-1.425623893737793,0.0,2.123661518096924,0.5076272487640381,17.74869728088379,0.0
0,88,None,False,"25,134,52,129,93,130,17,126,138,45",1.3768101930618286,-1.7920551300048828,-0.8481504321098328,-0.807861328125,7.999155044555664,5.701366424560547,-2.004722833633423,0.0,0.0,-2.004722833633423,0.30483007431030273,-2.3095529079437256,-0.857530951499939,0.0,2.688676118850708,0.5086708068847656,17.74869728088379,0.0
0,89,None,False,"25,134,52,129,93,130,17,126,138,45",1.2394224405288696,-1.4756642580032349,-0.941344141960144,-0.9248923659324646,7.999264240264893,6.5671162605285645,-1.9663702249526978,0.0,0.0,-1.9663702249526978,0.5128145217895508,-2.479184627532959,-0.7992224097251892,0.0,2.613522529602051,0.5833159685134888,17.74869728088379,0.0
0,90,None,False,"25,134,52,129,93,130,17,126,138,45",1.34331476688385,-1.6834214925765991,-0.9858143329620361,-1.0131407976150513,7.999307632446289,5.421937465667725,-1.6044836044311523,0.0,0.0,-1.6044836044311523,1.2909531593322754,-2.8954367637634277,-0.7678458094596863,0.0,2.6456093788146973,0.548151969909668,17.74869728088379,0.0
0,91,None,False,"25,134,52,129,93,130,17,126,138,45",1.2411022186279297,-1.4827808141708374,-0.9870250821113586,-1.0797368288040161,7.999231815338135,5.993167400360107,-0.2044510841369629,0.0,0.0,-0.2044510841369629,2.1438002586364746,-2.3482513427734375,-0.6751639246940613,0.0,2.307053565979004,0.6017493009567261,17.74869728088379,0.0
0,92,None,False,"25,134,52,129,93,130,17,126,138,45",1.1527085304260254,-1.7972345352172852,-1.040924072265625,-1.0225344896316528,7.999143123626709,4.6878342628479,0.6737810373306274,0.0,0.0,0.6737810373306274,3.4006714820861816,-2.7268905639648438,-0.876432478427887,0.0,1.9804654121398926,0.5964186191558838,17.74869728088379,0.0
0,93,None,False,"25,134,52,129,93,130,17,126,138,45",1.2397843599319458,-1.8139159679412842,-1.3299760818481445,-0.8266743421554565,7.999200344085693,4.8094305992126465,2.6030306816101074,0.0,0.0,2.6030306816101074,4.361855983734131,-1.7588253021240234,-0.6030572652816772,0.0,2.0557329654693604,0.45819246768951416,17.74869728088379,0.0
0,94,None,False,"25,134,52,129,93,130,17,126,138,45",1.6214337348937988,-1.4984875917434692,-0.5764702558517456,-1.1279809474945068,7.999005317687988,6.058907985687256,3.960221290588379,0.0,0.0,3.960221290588379,4.562139511108398,-0.6019182205200195,-0.32619956135749817,0.0,2.1062421798706055,0.5011835098266602,17.74869728088379,0.0
0,95,None,False,"25,134,52,129,93,130,17,126,138,45",1.1291489601135254,-1.8178478479385376,-0.7219247221946716,-0.9321206212043762,7.999317646026611,6.38632869720459,4.879861831665039,0.0,0.0,4.879861831665039,4.958629608154297,-0.07876777648925781,-0.12748169898986816,0.0,1.8366875648498535,0.4781757593154907,17.74869728088379,0.0
0,96,None,False,"25,134,52,129,93,130,17,126,138,45",1.1965441703796387,-1.7901068925857544,-0.8485713601112366,-1.113695502281189,7.999216556549072,6.0523529052734375,7.315336227416992,0.0,0.0,7.315336227416992,6.0829758644104,1.2323603630065918,0.4743002951145172,0.0,1.832454800605774,0.5002813339233398,17.74869728088379,0.0
0,97,Schedule,True,"62,83,61,96,124,9,76,112,34,29",1.3804336786270142,-1.5104303359985352,-0.7618403434753418,-0.896798849105835,7.99924898147583,5.707461833953857,5.943723201751709,0.4,1.0,4.543723106384277,5.036532878875732,-0.4928097724914551,-0.18535062670707703,-0.9673457741737366,1.910078763961792,0.46590322256088257,17.74869728088379,0.0
0,98,Struct Break (DC),True,"125,70,11,137,27,93,43,49,122,62",1.3493683338165283,-1.2872592210769653,-1.010287880897522,-0.8142876029014587,7.999285697937012,3.9240846633911133,1.7985796928405762,0.35999999046325687,0.8999999761581421,0.5385797023773193,3.7542343139648438,-3.2156546115875244,-0.9152779579162598,-4.580202579498291,1.7086529731750488,0.5100348591804504,17.74869728088379,0.0
0,99,None,False,"125,70,11,137,27,93,43,49,122,62",1.3917087316513062,-1.6101408004760742,-0.8710605502128601,-0.8507455587387085,7.999258995056152,3.429448366165161,1.7192881107330322,0.0,0.0,1.7192881107330322,2.1795034408569336,-0.46021533012390137,-0.0601695217192173,0.0,1.7554653882980347,0.4535149037837982,17.74869728088379,0.0
0,100,None,False,"125,70,11,137,27,93,43,49,122,62",1.280446171760559,-1.755186915397644,-1.0153981447219849,-0.7932796478271484,7.9993815422058105,2.712789535522461,2.3607497215270996,0.0,0.0,2.3607497215270996,2.0557761192321777,0.3049736022949219,0.11722274869680405,0.0,1.6895055770874023,0.5045609474182129,17.74869728088379,0.0
0,101,None,False,"125,70,11,137,27,93,43,49,122,62",1.1017109155654907,-1.5274025201797485,-1.098067283630371,-0.760726809501648,7.999309539794922,4.858680725097656,2.7638769149780273,0.0,0.0,2.7638769149780273,0.7703185081481934,1.993558406829834,0.5324162840843201,0.0,1.3583135604858398,0.5106211304664612,17.74869728088379,0.0
0,102,None,False,"125,70,11,137,27,93,43,49,122,62",1.3253672122955322,-1.4894484281539917,-0.902959942817688,-1.0576993227005005,7.999324321746826,5.072938919067383,1.4245408773422241,0.0,0.0,1.4245408773422241,0.8798003196716309,0.5447405576705933,0.1153065413236618,0.0,2.023104667663574,0.4911545515060425,17.74869728088379,0.0
0,103,None,False,"125,70,11,137,27,93,43,49,122,62",1.2640800476074219,-1.6203871965408325,-1.0550117492675781,-0.931371808052063,7.999297618865967,3.949803590774536,1.498897671699524,0.0,0.0,1.498897671699524,0.11658668518066406,1.3823109865188599,0.47914353013038635,0.0,1.7155265808105469,0.4795430302619934,17.74869728088379,0.0
0,104,None,False,"125,70,11,137,27,93,43,49,122,62",1.348585605621338,-1.5777256488800049,-0.8813388347625732,-0.7565190196037292,7.999294281005859,4.633518218994141,1.8360251188278198,0.0,0.0,1.8360251188278198,0.8204102516174316,1.0156148672103882,0.572116494178772,0.0,1.9709625244140625,0.3617412745952606,17.74869728088379,0.0
0,105,None,False,"125,70,11,137,27,93,43,49,122,62",1.2368313074111938,-1.7054975032806396,-0.9257220029830933,-0.8271233439445496,7.999316215515137,3.4285049438476562,3.921494960784912,0.0,0.0,3.921494960784912,0.694572925567627,3.226922035217285,0.9469482898712158,0.0,1.965156078338623,0.41581976413726807,17.74869728088379,0.0
0,106,None,False,"125,70,11,137,27,93,43,49,122,62",1.3200455904006958,-1.666972041130066,-1.1305495500564575,-1.108552098274231,7.999393939971924,3.9813380241394043,2.8234739303588867,0.0,0.0,2.8234739303588867,0.31627416610717773,2.507199764251709,0.6565046906471252,0.0,2.166133403778076,0.46693259477615356,17.74869728088379,0.0
0,107,None,False,"125,70,11,137,27,93,43,49,122,62",1.2862465381622314,-1.4326555728912354,-0.7792029976844788,-0.916753888130188,7.999328136444092,2.576103687286377,1.3349151611328125,0.0,0.0,1.3349151611328125,0.08497238159179688,1.2499427795410156,0.24316316843032837,0.0,1.6758257150650024,0.3560798168182373,17.74869728088379,0.0
0,108,None,False,"125,70,11,137,27,93,43,49,122,62",1.1968564987182617,-1.4469904899597168,-1.1034817695617676,-1.0236883163452148,7.9993977546691895,2.420891046524048,-0.35285115242004395,0.0,0.0,-0.35285115242004395,-0.6250083446502686,0.2721571922302246,0.073560930788517,0.0,2.0009419918060303,0.33034294843673706,17.74869728088379,0.0
0,109,None,False,"125,70,11,137,27,93,43,49,122,62",1.239753007888794,-1.7436877489089966,-1.0715713500976562,-1.1377075910568237,7.999322414398193,3.728639841079712,-0.35576701164245605,0.0,0.0,-0.35576701164245605,-0.3522932529449463,-0.0034737586975097656,0.08088097721338272,0.0,1.3436768054962158,0.3937336206436157,17.74869728088379,0.0
0,110,None,False,"125,70,11,137,27,93,43,49,122,62",1.3596014976501465,-1.348528265953064,-0.8023349046707153,-0.7970161437988281,7.999283790588379,5.8204545974731445,-1.213686466217041,0.0,0.0,-1.213686466217041,-2.4619877338409424,1.2483012676239014,0.49377813935279846,0.0,1.5627000331878662,0.4114230275154114,17.74869728088379,0.0
0,111,None,False,"125,70,11,137,27,93,43,49,122,62",1.2121044397354126,-1.4762561321258545,-0.9044786691665649,-0.8702566027641296,7.999438762664795,5.898078441619873,0.24398565292358398,0.0,0.0,0.24398565292358398,-1.725316047668457,1.969301700592041,0.689731240272522,0.0,1.3273260593414307,0.3948807120323181,17.74869728088379,0.0
0,112,Schedule,True,"139,108,97,118,112,40,81,25,34,72",1.3094854354858398,-1.521594524383545,-0.8731852173805237,-0.8662886619567871,7.999405384063721,3.040447473526001,-0.20620107650756836,0.4,1.0,-1.6062010526657104,-1.3825476169586182,-0.22365343570709229,-0.01180054061114788,-0.10806320607662201,1.5480536222457886,0.44248300790786743,17.74869728088379,0.0
0,113,None,False,"139,108,97,118,112,40,81,25,34,72",1.332053780555725,-1.5628710985183716,-0.8244860768318176,-0.8519994020462036,7.999385833740234,2.4375839233398438,-0.9631698727607727,0.0,0.0,-0.9631698727607727,-0.9116053581237793,-0.05156451463699341,-0.0257106926292181,0.0,2.4527039527893066,0.5600393414497375,17.74869728088379,0.0
0,114,None,False,"139,108,97,118,112,40,81,25,34,72",1.2013731002807617,-1.502123236656189,-0.7567973732948303,-0.9982892274856567,7.999386310577393,2.541555404663086,-0.1358485221862793,0.0,0.0,-0.1358485221862793,0.32727718353271484,-0.46312570571899414,-0.07016809284687042,0.0,2.5863730907440186,0.6551793813705444,17.74869728088379,0.0
0,115,None,False,"139,108,97,118,112,40,81,25,34,72",1.288654088973999,-1.7083266973495483,-0.6955685615539551,-1.1542084217071533,7.999185085296631,5.584334850311279,0.4304999113082886,0.0,0.0,0.4304999113082886,1.4355897903442383,-1.0050898790359497,-0.1931096613407135,0.0,2.5035035610198975,0.6163699626922607,17.74869728088379,0.0
0,116,None,False,"139,108,97,118,112,40,81,25,34,72",1.264862060546875,-1.513071060180664,-1.122342586517334,-1.0357340574264526,7.999213695526123,6.40828275680542,-0.4569995105266571,0.0,0.0,-0.4569995105266571,1.979219913482666,-2.4362194538116455,-0.6075454950332642,0.0,2.429779529571533,0.7451648712158203,17.74869728088379,0.0
0,117,None,False,"139,108,97,118,112,40,81,25,34,72",1.3063923120498657,-1.7901945114135742,-0.6909343004226685,-0.8777519464492798,7.999223709106445,5.021695137023926,0.12599170207977295,0.0,0.0,0.12599170207977295,3.5703420639038086,-3.444350242614746,-0.8810429573059082,0.0,2.6842803955078125,0.6277928352355957,17.74869728088379,0.0
0,118,None,False,"139,108,97,118,112,40,81,25,34,72",1.0519638061523438,-1.616890549659729,-0.8843173980712891,-0.9987873435020447,7.999317646026611,6.155663967132568,-0.6916755437850952,0.0,0.0,-0.6916755437850952,3.100275993347168,-3.7919516563415527,-0.8699849247932434,0.0,2.813398838043213,0.6668024063110352,17.74869728088379,0.0
0,119,None,False,"139,108,97,118,112,40,81,25,34,72",1.2432042360305786,-1.5907156467437744,-0.8088770508766174,-1.0694491863250732,7.999258995056152,5.183827877044678,-0.6974208354949951,0.0,0.0,-0.6974208354949951,3.249478340148926,-3.946899175643921,-0.9160161018371582,0.0,2.643911600112915,0.5661908388137817,17.74869728088379,0.0
0,120,Struct Break (DC),True,"73,58,14,96,123,16,80,141,30,22",1.272518277168274,-1.796682596206665,-0.9747720956802368,-0.9346425533294678,7.999337673187256,4.504392623901367,-1.1401647329330444,0.4,1.0,-2.5401647090911865,3.936290740966797,-6.4764556884765625,-1.5228465795516968,-7.604665756225586,2.02274489402771,0.4357724189758301,17.74869728088379,0.0
0,121,None,False,"73,58,14,96,123,16,80,141,30,22",1.2161216735839844,-1.6225899457931519,-1.2224112749099731,-0.8138502836227417,7.999337673187256,5.80741024017334,0.05550801753997803,0.0,0.0,0.05550801753997803,3.536367416381836,-3.4808592796325684,-0.8563331961631775,0.0,2.421900749206543,0.5459430813789368,17.74869728088379,0.0
0,122,None,False,"73,58,14,96,123,16,80,141,30,22",1.4225401878356934,-1.68772292137146,-0.8227963447570801,-1.0359936952590942,7.999223232269287,7.378524303436279,1.2364518642425537,0.0,0.0,1.2364518642425537,4.1971564292907715,-2.9607045650482178,-0.7840408086776733,0.0,2.6628899574279785,0.49340641498565674,17.74869728088379,0.0
0,123,None,False,"73,58,14,96,123,16,80,141,30,22",1.6175687313079834,-1.9681859016418457,-0.6814335584640503,-0.8775160312652588,7.999167442321777,5.5966033935546875,4.097811698913574,0.0,0.0,4.097811698913574,4.703009128570557,-0.6051974296569824,-0.3989066183567047,0.0,3.0093507766723633,0.472942978143692,17.74869728088379,0.0
0,124,None,False,"73,58,14,96,123,16,80,141,30,22",1.1557719707489014,-1.5149651765823364,-0.6888166666030884,-1.1426951885223389,7.999301910400391,6.149535179138184,5.115477561950684,0.0,0.0,5.115477561950684,5.528903007507324,-0.4134254455566406,-0.3821795582771301,0.0,2.4170374870300293,0.5843445062637329,17.74869728088379,0.0
0,125,None,False,"73,58,14,96,123,16,80,141,30,22",1.079423189163208,-1.5717120170593262,-0.7326771020889282,-0.891190230846405,7.999382972717285,6.229711532592773,4.196304798126221,0.0,0.0,4.196304798126221,3.961181640625,0.2351231575012207,-0.13489922881126404,0.0,3.0775904655456543,0.5974903106689453,17.74869728088379,0.0
0,126,None,False,"73,58,14,96,123,16,80,141,30,22",1.1490838527679443,-1.500999093055725,-0.690859854221344,-0.6946685314178467,7.999463081359863,5.933703422546387,3.7821459770202637,0.0,0.0,3.7821459770202637,1.6310930252075195,2.151052951812744,0.2415105700492859,0.0,2.6067755222320557,0.5477747917175293,17.74869728088379,0.0
0,127,Struct Break (DC),True,"44,92,66,31,34,20,81,80,109,125",1.5212432146072388,-1.7450259923934937,-0.6356843709945679,-1.1370364427566528,7.998961448669434,6.398100852966309,1.4952510595321655,0.35999999046325687,0.8999999761581421,0.2352510690689087,2.076387405395508,-1.8411363363265991,-0.7905757427215576,-3.9730803966522217,2.3315694332122803,0.6000910997390747,17.74869728088379,0.0
0,0,Schedule | Regime Shift (Initial),True,"5,35,7,75,9,31,99,46,102,116",1.004249930381775,-1.4372808933258057,-0.8803758025169373,-1.1190882921218872,7.999332427978516,7.590148448944092,-4.438512802124023,0.0,0.0,-4.438512802124023,-1.0307669639587402,-3.407745838165283,-1.136029839515686,-5.6929802894592285,2.556612491607666,0.5387469530105591,11.093513488769531,0.0
0,1,Struct Break (DC),True,"89,62,17,138,133,137,46,60,27,101",1.294177532196045,-1.6128202676773071,-0.8012226223945618,-1.1502196788787842,7.99885892868042,6.27667760848999,-1.5294456481933594,0.35999999046325687,0.8999999761581421,-2.789445638656616,1.19551420211792,-3.984959840774536,-1.2672306299209595,-6.348377227783203,2.751314878463745,0.6561306118965149,11.093513488769531,0.0
0,2,None,False,"89,62,17,138,133,137,46,60,27,101",1.1355199813842773,-1.2327470779418945,-0.7013750076293945,-0.9967749714851379,7.999060153961182,4.472599506378174,-1.7366994619369507,0.0,0.0,-1.7366994619369507,-0.9613633155822754,-0.7753361463546753,-0.3458824157714844,0.0,1.7776216268539429,0.48745977878570557,11.093513488769531,0.0
0,3,None,False,"89,62,17,138,133,137,46,60,27,101",1.2028909921646118,-1.3190641403198242,-0.7927715182304382,-0.9588878154754639,7.999000549316406,2.821178913116455,-1.8380945920944214,0.0,0.0,-1.8380945920944214,-0.8572161197662354,-0.980878472328186,-0.38461291790008545,0.0,1.7407217025756836,0.4786927402019501,11.093513488769531,0.0
0,4,None,False,"89,62,17,138,133,137,46,60,27,101",1.014766812324524,-1.0560976266860962,-0.707427442073822,-0.8322566151618958,7.999199390411377,3.8348989486694336,-4.149232387542725,0.0,0.0,-4.149232387542725,-2.0182907581329346,-2.13094162940979,-0.6615501046180725,0.0,1.7841784954071045,0.4510471522808075,11.093513488769531,0.0
0,5,None,False,"89,62,17,138,133,137,46,60,27,101",0.8911052346229553,-1.3584396839141846,-0.7565026879310608,-0.9918962121009827,7.999044895172119,5.985040664672852,-4.1361212730407715,0.0,0.0,-4.1361212730407715,-2.8195083141326904,-1.316612958908081,-0.5072833299636841,0.0,1.3640154600143433,0.5263809561729431,11.093513488769531,0.0
0,6,None,False,"89,62,17,138,133,137,46,60,27,101",0.9864761233329773,-1.4555912017822266,-0.9748367071151733,-1.0386900901794434,7.99906063079834,4.926849842071533,-3.903102159500122,0.0,0.0,-3.903102159500122,-2.088266611099243,-1.814835548400879,-0.7559054493904114,0.0,1.4674386978149414,0.48510515689849854,11.093513488769531,0.0
0,7,None,False,"89,62,17,138,133,137,46,60,27,101",1.1882001161575317,-1.3748859167099,-0.5539000034332275,-1.058233380317688,7.998936176300049,7.015817165374756,-3.0999672412872314,0.0,0.0,-3.0999672412872314,-1.1553764343261719,-1.9445908069610596,-0.7692174911499023,0.0,1.4705246686935425,0.4335134029388428,11.093513488769531,0.0
0,8,Struct Break (DC),True,"19,107,130,5,78,138,117,52,105,67",1.0643001794815063,-1.0620536804199219,-0.624702513217926,-0.9137845039367676,7.998910427093506,5.790396213531494,-5.09348726272583,0.35999999046325687,0.8999999761581421,-6.353487014770508,-1.8043339252471924,-4.5491533279418945,-1.7628099918365479,-8.79036808013916,1.5188798904418945,0.4785725772380829,11.093513488769531,0.0
0,9,None,False,"19,107,130,5,78,138,117,52,105,67",1.2785756587982178,-1.277883529663086,-0.7188090682029724,-0.8697975277900696,7.9989705085754395,5.805404186248779,-5.8976850509643555,0.0,0.0,-5.8976850509643555,-2.3499608039855957,-3.5477242469787598,-1.3806599378585815,0.0,2.0169944763183594,0.5117732286453247,11.093513488769531,0.0
0,10,None,False,"19,107,130,5,78,138,117,52,105,67",1.052520990371704,-1.4821765422821045,-0.6545726656913757,-1.153289556503296,7.99896764755249,5.606975555419922,-3.739361047744751,0.0,0.0,-3.739361047744751,-0.9724915027618408,-2.76686954498291,-0.9984655976295471,0.0,1.581181526184082,0.4873378574848175,11.093513488769531,0.0
0,11,None,False,"19,107,130,5,78,138,117,52,105,67",1.1525485515594482,-1.6153240203857422,-0.8903003931045532,-1.2472469806671143,7.998878002166748,4.106252670288086,-3.646563768386841,0.0,0.0,-3.646563768386841,0.1740574836730957,-3.8206212520599365,-1.1509380340576172,0.0,1.7836426496505737,0.43701493740081787,11.093513488769531,0.0
0,12,None,False,"19,107,130,5,78,138,117,52,105,67",0.84147047996521,-1.4902129173278809,-0.7031123042106628,-0.8115664720535278,7.999204158782959,6.130691051483154,-3.2026331424713135,0.0,0.0,-3.2026331424713135,-0.462871789932251,-2.7397613525390625,-0.6918336749076843,0.0,1.887098789215088,0.4987400472164154,11.093513488769531,0.0
0,13,Struct Break (DC),True,"115,29,112,140,99,127,87,83,85,72",1.3107932806015015,-1.555991291999817,-0.8683604598045349,-1.2298431396484375,7.998820781707764,6.156578540802002,2.1798527240753174,0.4,1.0,0.7798527479171753,0.0965118408203125,0.6833409070968628,0.35847195982933044,1.7298879623413086,2.2889904975891113,0.49208053946495056,11.093513488769531,0.0
0,14,None,False,"115,29,112,140,99,127,87,83,85,72",0.8636158108711243,-1.5615019798278809,-0.7501385807991028,-0.9858384132385254,7.999184608459473,5.2411208152771,0.6534302234649658,0.0,0.0,0.6534302234649658,-0.3397822380065918,0.9932124614715576,0.5281171202659607,0.0,1.4285356998443604,0.5096789002418518,11.093513488769531,0.0
0,15,None,False,"115,29,112,140,99,127,87,83,85,72",0.8597970008850098,-1.5272949934005737,-0.7604275345802307,-0.9286407232284546,7.99922513961792,4.582835674285889,-0.8723664283752441,0.0,0.0,-0.8723664283752441,-1.1256814002990723,0.2533149719238281,0.29296430945396423,0.0,2.1555967330932617,0.5460187792778015,11.093513488769531,0.0
0,16,None,False,"115,29,112,140,99,127,87,83,85,72",0.8401593565940857,-1.7492003440856934,-0.832285463809967,-0.9193897247314453,7.999004364013672,5.348517417907715,-0.3770703077316284,0.0,0.0,-0.3770703077316284,-0.3773212432861328,0.00025093555450439453,0.0957123264670372,0.0,2.220755100250244,0.596564531326294,11.093513488769531,0.0
0,17,None,False,"115,29,112,140,99,127,87,83,85,72",0.9749892354011536,-1.4736799001693726,-0.8186865448951721,-0.9251390099525452,7.999005317687988,3.1979634761810303,0.2026909440755844,0.0,0.0,0.2026909440755844,-0.3414034843444824,0.544094443321228,0.21632660925388336,0.0,2.041649580001831,0.7097637057304382,11.093513488769531,0.0
0,18,None,False,"115,29,112,140,99,127,87,83,85,72",0.8869598507881165,-1.9038468599319458,-0.8967108726501465,-1.0801833868026733,7.9990105628967285,3.9333596229553223,2.9734890460968018,0.0,0.0,2.9734890460968018,1.565384864807129,1.4081041812896729,0.4776027798652649,0.0,2.354142665863037,0.7060244083404541,11.093513488769531,0.0
0,19,None,False,"115,29,112,140,99,127,87,83,85,72",0.9549033045768738,-1.8128936290740967,-0.9153361320495605,-1.0745810270309448,7.999072551727295,5.4624857902526855,2.8136889934539795,0.0,0.0,2.8136889934539795,2.3261308670043945,0.48755812644958496,0.3328741788864136,0.0,2.170029640197754,0.7532004117965698,11.093513488769531,0.0
0,20,None,False,"115,29,112,140,99,127,87,83,85,72",1.0377514362335205,-1.9085931777954102,-0.6967106461524963,-1.0554007291793823,7.998596668243408,5.546957969665527,1.673969030380249,0.0,0.0,1.673969030380249,1.7173290252685547,-0.043359994888305664,0.24060696363449097,0.0,2.6207451820373535,0.823489785194397,11.093513488769531,0.0
0,21,None,False,"115,29,112,140,99,127,87,83,85,72",0.9162880778312683,-1.1755056381225586,-0.8189273476600647,-0.9232469201087952,7.999113082885742,6.510071754455566,0.9080827236175537,0.0,0.0,0.9080827236175537,0.2566218376159668,0.6514608860015869,0.31892430782318115,0.0,2.252274513244629,0.7860485315322876,11.093513488769531,0.0
0,22,None,False,"115,29,112,140,99,127,87,83,85,72",1.0083039999008179,-1.5709983110427856,-0.8000762462615967,-0.9711867570877075,7.998812198638916,6.063146114349365,-2.2218847274780273,0.0,0.0,-2.2218847274780273,-1.6512513160705566,-0.5706334114074707,-0.1914568543434143,0.0,2.506396770477295,0.8031686544418335,11.093513488769531,0.0
0,23,None,False,"115,29,112,140,99,127,87,83,85,72",1.1257448196411133,-1.7336256504058838,-0.9812754392623901,-1.1872880458831787,7.998874664306641,4.197458744049072,-1.1018544435501099,0.0,0.0,-1.1018544435501099,-1.7903387546539307,0.6884843111038208,0.33952078223228455,0.0,2.9393749237060547,0.6920859217643738,11.093513488769531,0.0
0,24,None,False,"115,29,112,140,99,127,87,83,85,72",1.1049790382385254,-1.546777606010437,-0.702491819858551,-0.8583922982215881,7.998912811279297,4.260653972625732,-2.5391435623168945,0.0,0.0,-2.5391435623168945,-1.9316554069519043,-0.6074881553649902,-0.32108113169670105,0.0,2.4079229831695557,0.7653627395629883,11.093513488769531,0.0
0,25,None,False,"115,29,112,140,99,127,87,83,85,72",1.0124608278274536,-1.410275936126709,-0.6889287233352661,-1.0423662662506104,7.998984336853027,3.3576977252960205,-2.6847283840179443,0.0,0.0,-2.6847283840179443,-1.8639445304870605,-0.8207838535308838,-0.49830371141433716,0.0,2.014755964279175,0.6549984216690063,11.093513488769531,0.0
0,26,None,False,"115,29,112,140,99,127,87,83,85,72",1.0433374643325806,-1.7462180852890015,-0.8673600554466248,-1.1316202878952026,7.998946666717529,3.2843244075775146,-3.2393434047698975,0.0,0.0,-3.2393434047698975,-1.1752307415008545,-2.064112663269043,-0.8938617706298828,0.0,1.8102878332138062,0.5315152406692505,11.093513488769531,0.0
0,27,Schedule,True,"132,64,35,127,109,27,45,85,121,126",0.9832677841186523,-1.6609829664230347,-1.0677894353866577,-0.9977779388427734,7.998847007751465,5.008557319641113,-1.451975703239441,0.3200000047683716,0.800000011920929,-2.5719757080078125,-2.083742618560791,-0.4882330894470215,-0.32588714361190796,-1.665167212486267,1.8690516948699951,0.5885498523712158,11.093513488769531,0.0
0,28,None,False,"132,64,35,127,109,27,45,85,121,126",1.0721945762634277,-1.7026383876800537,-0.9142010807991028,-0.8374559879302979,7.9989519119262695,5.815913200378418,-1.8633419275283813,0.0,0.0,-1.8633419275283813,-3.4257113933563232,1.562369465827942,0.234218031167984,0.0,1.959261178970337,0.5543681383132935,11.093513488769531,0.0
0,29,None,False,"132,64,35,127,109,27,45,85,121,126",1.0305730104446411,-1.782622218132019,-0.7754161357879639,-1.0133633613586426,7.999084949493408,5.8517165184021,-3.7266831398010254,0.0,0.0,-3.7266831398010254,-3.1190037727355957,-0.6076793670654297,-0.36799561977386475,0.0,1.7995423078536987,0.5395411849021912,11.093513488769531,0.0
0,30,None,False,"132,64,35,127,109,27,45,85,121,126",0.9640213251113892,-1.842381477355957,-0.7365617752075195,-0.8779513835906982,7.998991966247559,4.513153076171875,-1.975961446762085,0.0,0.0,-1.975961446762085,-2.132922410964966,0.15696096420288086,-0.12518766522407532,0.0,2.0666332244873047,0.5295755863189697,11.093513488769531,0.0
0,31,None,False,"132,64,35,127,109,27,45,85,121,126",1.4419634342193604,-1.912226676940918,-0.7071287631988525,-1.050764560699463,7.998525619506836,5.6196818351745605,-2.3486125469207764,0.0,0.0,-2.3486125469207764,-1.6639649868011475,-0.6846475601196289,-0.3743533194065094,0.0,2.214153289794922,0.4721788465976715,11.093513488769531,0.0
0,32,Struct Break (DC),True,"120,11,41,74,29,47,118,69,56,44",1.0860296487808228,-1.4846150875091553,-0.6837918758392334,-1.0171407461166382,7.999101161956787,5.524500370025635,-6.011222839355469,0.4,1.0,-7.4112229347229,-3.2570242881774902,-4.15419864654541,-1.3844813108444214,-6.920604705810547,1.4884090423583984,0.47408273816108704,11.093513488769531,0.0
0,33,None,False,"120,11,41,74,29,47,118,69,56,44",1.1646230220794678,-1.5778547525405884,-0.6436727643013,-0.8465823531150818,7.998785972595215,3.8804242610931396,-8.2250337600708,0.0,0.0,-8.2250337600708,-4.171794891357422,-4.053238868713379,-1.2675044536590576,0.0,1.5895730257034302,0.48415231704711914,11.093513488769531,0.0
0,34,None,False,"120,11,41,74,29,47,118,69,56,44",0.9889902472496033,-1.7943954467773438,-0.8506212830543518,-0.8470006585121155,7.998974323272705,3.8742270469665527,-5.9267988204956055,0.0,0.0,-5.9267988204956055,-1.9227981567382812,-4.004000663757324,-1.4278966188430786,0.0,1.634522795677185,0.4064333736896515,11.093513488769531,0.0
0,35,None,False,"120,11,41,74,29,47,118,69,56,44",1.0870715379714966,-1.5817203521728516,-0.7419582605361938,-1.0092167854309082,7.9989752769470215,6.094085216522217,-6.377507209777832,0.0,0.0,-6.377507209777832,-1.4721810817718506,-4.905325889587402,-1.2980093955993652,0.0,1.599171757698059,0.4753037989139557,11.093513488769531,0.0
0,36,Struct Break (DC),True,"39,88,109,138,115,15,78,107,113,14",0.7942953109741211,-1.7655596733093262,-1.0671396255493164,-0.9825360178947449,7.9990081787109375,5.896623134613037,3.1182069778442383,0.4,1.0,1.7182070016860962,1.4835596084594727,0.23464739322662354,-0.06401611119508743,-0.36729103326797485,1.3251967430114746,0.5218722820281982,11.093513488769531,0.0
0,37,None,False,"39,88,109,138,115,15,78,107,113,14",0.8756817579269409,-1.681894063949585,-1.1175801753997803,-0.9747179746627808,7.999374866485596,5.255055904388428,4.194600582122803,0.0,0.0,4.194600582122803,2.441287040710449,1.7533135414123535,0.2677823305130005,0.0,1.186723232269287,0.5463145971298218,11.093513488769531,0.0
0,38,None,False,"39,88,109,138,115,15,78,107,113,14",1.0889437198638916,-1.7793006896972656,-0.8390772342681885,-0.9369611740112305,7.998435974121094,6.800546169281006,2.595308303833008,0.0,0.0,2.595308303833008,-0.3623545169830322,2.95766282081604,0.6290943026542664,0.0,1.1610310077667236,0.584938645362854,11.093513488769531,0.0
0,39,None,False,"39,88,109,138,115,15,78,107,113,14",1.2988611459732056,-1.741112232208252,-0.8579835295677185,-0.8964785933494568,7.998804092407227,6.478394031524658,2.0340049266815186,0.0,0.0,2.0340049266815186,0.06003379821777344,1.9739711284637451,0.2865533232688904,0.0,1.4836766719818115,0.47996625304222107,11.093513488769531,0.0
0,40,None,False,"39,88,109,138,115,15,78,107,113,14",1.432753086090088,-1.929229497909546,-0.8009870648384094,-1.052133321762085,7.998469352722168,4.469487190246582,3.5577874183654785,0.0,0.0,3.5577874183654785,-0.1488327980041504,3.706620216369629,1.0487357378005981,0.0,1.644007921218872,0.4945141673088074,11.093513488769531,0.0
0,41,None,False,"39,88,109,138,115,15,78,107,113,14",1.017968773841858,-1.7082692384719849,-0.8536615967750549,-1.0733953714370728,7.999088764190674,5.94248104095459,4.9036173820495605,0.0,0.0,4.9036173820495605,0.6300926208496094,4.273524761199951,1.2079713344573975,0.0,1.1536751985549927,0.5018421411514282,11.093513488769531,0.0
0,42,None,False,"39,88,109,138,115,15,78,107,113,14",1.1562069654464722,-1.8200212717056274,-0.8335076570510864,-1.1791496276855469,7.998922824859619,5.220827102661133,3.3353657722473145,0.0,0.0,3.3353657722473145,1.68229341506958,1.6530723571777344,0.26724687218666077,0.0,1.1212513446807861,0.5448444485664368,11.093513488769531,0.0
0,43,None,False,"39,88,109,138,115,15,78,107,113,14",1.1069930791854858,-1.5277886390686035,-0.8290002346038818,-0.9752832055091858,7.999165058135986,4.671444416046143,2.254850149154663,0.0,0.0,2.254850149154663,1.5806317329406738,0.6742184162139893,-0.09168688207864761,0.0,1.3495181798934937,0.6139612197875977,11.093513488769531,0.0
0,44,None,False,"39,88,109,138,115,15,78,107,113,14",1.178402066230774,-1.6113449335098267,-1.008084774017334,-0.7946147918701172,7.99885368347168,3.106290102005005,0.6688916683197021,0.0,0.0,0.6688916683197021,0.6996512413024902,-0.030759572982788086,-0.19178256392478943,0.0,1.5605217218399048,0.5301406979560852,11.093513488769531,0.0
0,45,None,False,"39,88,109,138,115,15,78,107,113,14",1.1254122257232666,-1.3914430141448975,-0.8030109405517578,-0.8911077380180359,7.998856544494629,4.200442790985107,3.483907461166382,0.0,0.0,3.483907461166382,0.2488255500793457,3.235081911087036,0.7214531898498535,0.0,1.2985284328460693,0.5398123860359192,11.093513488769531,0.0
0,46,None,False,"39,88,109,138,115,15,78,107,113,14",1.2308948040008545,-1.9010950326919556,-0.943347156047821,-1.015852689743042,7.998749732971191,3.8095600605010986,4.235939025878906,0.0,0.0,4.235939025878906,0.7836580276489258,3.4522809982299805,0.9280685186386108,0.0,1.2220401763916016,0.546022355556488,11.093513488769531,0.0
0,47,None,False,"39,88,109,138,115,15,78,107,113,14",1.1949187517166138,-1.731454610824585,-0.9486280679702759,-1.1242774724960327,7.999011516571045,4.3596577644348145,5.440871238708496,0.0,0.0,5.440871238708496,2.6502132415771484,2.7906579971313477,0.5996853113174438,0.0,0.9674853682518005,0.44229280948638916,11.093513488769531,0.0
0,48,Struct Break (DC),True,"120,56,27,136,16,61,71,114,108,65",1.0952173471450806,-1.2898921966552734,-0.8350152373313904,-0.7917268872261047,7.998933792114258,4.230110168457031,2.5250720977783203,0.4,1.0,1.1250721216201782,1.4372825622558594,-0.31221044063568115,-0.09890131652355194,-0.5407499670982361,1.1269277334213257,0.44855624437332153,11.093513488769531,0.0
0,49,None,False,"120,56,27,136,16,61,71,114,108,65",1.071669340133667,-1.679746389389038,-0.6779028177261353,-0.8396642208099365,7.998867988586426,4.094771862030029,2.824084758758545,0.0,0.0,2.824084758758545,1.485145092010498,1.3389396667480469,0.38429489731788635,0.0,0.9352403283119202,0.4388614296913147,11.093513488769531,0.0
0,50,None,False,"120,56,27,136,16,61,71,114,108,65",1.3042962551116943,-1.649449110031128,-0.6397754549980164,-0.9320921897888184,7.998872756958008,5.58244514465332,1.4050859212875366,0.0,0.0,1.4050859212875366,0.6872177124023438,0.7178682088851929,0.21766997873783112,0.0,1.450829267501831,0.4481772780418396,11.093513488769531,0.0
0,51,None,False,"120,56,27,136,16,61,71,114,108,65",1.17457115650177,-1.6589462757110596,-0.7172468304634094,-0.9353620409965515,7.998928070068359,5.316988468170166,0.6201076507568359,0.0,0.0,0.6201076507568359,1.2219429016113281,-0.6018352508544922,-0.2929127514362335,0.0,1.2701033353805542,0.5055323839187622,11.093513488769531,0.0
0,52,None,False,"120,56,27,136,16,61,71,114,108,65",1.0483194589614868,-1.8364354372024536,-0.9525759220123291,-0.9849244356155396,7.998806476593018,4.6367716789245605,1.7220426797866821,0.0,0.0,1.7220426797866821,2.7782082557678223,-1.0561655759811401,-0.30587494373321533,0.0,1.1915481090545654,0.457511842250824,11.093513488769531,0.0
0,53,None,False,"120,56,27,136,16,61,71,114,108,65",1.1450265645980835,-1.4772042036056519,-0.8301690220832825,-0.8320770263671875,7.998889923095703,3.340305805206299,0.9104430675506592,0.0,0.0,0.9104430675506592,3.031766414642334,-2.121323347091675,-0.6875482797622681,0.0,1.2582331895828247,0.495400071144104,11.093513488769531,0.0
0,54,None,False,"120,56,27,136,16,61,71,114,108,65",1.0726592540740967,-1.476666808128357,-1.0826284885406494,-1.0563580989837646,7.998723030090332,5.007746696472168,2.1770243644714355,0.0,0.0,2.1770243644714355,3.434479236602783,-1.2574548721313477,-0.3080492913722992,0.0,1.2313934564590454,0.4754870533943176,11.093513488769531,0.0
0,55,None,False,"120,56,27,136,16,61,71,114,108,65",1.1097798347473145,-1.8468739986419678,-0.9790585041046143,-0.9241505861282349,7.998996734619141,4.847306251525879,2.088578939437866,0.0,0.0,2.088578939437866,3.1142354011535645,-1.0256564617156982,-0.3121733069419861,0.0,1.5267430543899536,0.47602254152297974,11.093513488769531,0.0
0,56,None,False,"120,56,27,136,16,61,71,114,108,65",1.2893011569976807,-1.5340687036514282,-0.9736350774765015,-0.9140048623085022,7.998814105987549,5.545015811920166,2.3903965950012207,0.0,0.0,2.3903965950012207,2.338290214538574,0.052106380462646484,0.08853071928024292,0.0,0.9764880537986755,0.45525744557380676,11.093513488769531,0.0
0,57,None,False,"120,56,27,136,16,61,71,114,108,65",0.9294341206550598,-1.6865757703781128,-0.8727624416351318,-0.8682268857955933,7.99905252456665,4.092619895935059,1.7500828504562378,0.0,0.0,1.7500828504562378,3.140735626220703,-1.3906527757644653,-0.41692590713500977,0.0,1.6862261295318604,0.4653927981853485,11.093513488769531,0.0
0,58,None,False,"120,56,27,136,16,61,71,114,108,65",1.1430913209915161,-1.6579948663711548,-0.8664501905441284,-0.7756361961364746,7.999004364013672,3.2191555500030518,0.6789284944534302,0.0,0.0,0.6789284944534302,2.9811739921569824,-2.302245616912842,-0.4398139417171478,0.0,1.4028050899505615,0.4658781886100769,11.093513488769531,0.0
0,59,None,False,"120,56,27,136,16,61,71,114,108,65",1.0151468515396118,-1.516560435295105,-1.13771390914917,-1.041318416595459,7.999020099639893,3.61541485786438,0.690237283706665,0.0,0.0,0.690237283706665,2.6462197303771973,-1.9559824466705322,-0.2731512784957886,0.0,1.7502033710479736,0.4809700846672058,11.093513488769531,0.0
0,60,None,False,"120,56,27,136,16,61,71,114,108,65",1.1283811330795288,-1.5822721719741821,-0.8020082712173462,-0.9676781892776489,7.998926162719727,3.8663547039031982,-0.09558677673339844,0.0,0.0,-0.09558677673339844,3.217172622680664,-3.3127593994140625,-0.5849262475967407,0.0,1.850365161895752,0.49114128947257996,11.093513488769531,0.0
0,61,None,False,"120,56,27,136,16,61,71,114,108,65",0.8114491105079651,-1.3100234270095825,-0.8516625761985779,-0.9128372669219971,7.999094486236572,4.6789774894714355,-0.4596078395843506,0.0,0.0,-0.4596078395843506,2.25294828414917,-2.7125561237335205,-0.5187021493911743,0.0,1.1456272602081299,0.5675085186958313,11.093513488769531,0.0
0,62,Schedule,True,"128,76,73,134,107,95,41,34,62,100",0.9470964074134827,-1.4591732025146484,-0.9150353074073792,-0.9800201654434204,7.9990234375,3.958751678466797,1.400754451751709,0.4,1.0,0.0007544755935668945,2.4692296981811523,-2.468475341796875,-0.45725953578948975,-2.3191866874694824,1.1431089639663696,0.524836540222168,11.093513488769531,0.0
0,63,None,False,"128,76,73,134,107,95,41,34,62,100",1.0621591806411743,-1.746673345565796,-0.8750472664833069,-0.9529048204421997,7.999088287353516,4.321859836578369,1.6780425310134888,0.0,0.0,1.6780425310134888,3.1769275665283203,-1.4988850355148315,-0.13331598043441772,0.0,1.3264338970184326,0.5519449710845947,11.093513488769531,0.0
0,64,None,False,"128,76,73,134,107,95,41,34,62,100",1.0483745336532593,-1.5773262977600098,-0.6943343877792358,-1.0426807403564453,7.998819351196289,4.399270534515381,3.4794933795928955,0.0,0.0,3.4794933795928955,3.4392476081848145,0.040245771408081055,0.2607140839099884,0.0,0.9225879907608032,0.5410234928131104,11.093513488769531,0.0
0,65,None,False,"128,76,73,134,107,95,41,34,62,100",0.9969756603240967,-1.6399632692337036,-0.7911111116409302,-0.9097641110420227,7.999044418334961,4.325983047485352,2.8618783950805664,0.0,0.0,2.8618783950805664,2.604842185974121,0.2570362091064453,0.2231048047542572,0.0,1.1739180088043213,0.4514696002006531,11.093513488769531,0.0
0,66,None,False,"128,76,73,134,107,95,41,34,62,100",0.8943792581558228,-1.6904288530349731,-0.8791016340255737,-1.1477770805358887,7.999070644378662,5.924991130828857,2.4208033084869385,0.0,0.0,2.4208033084869385,2.785313129425049,-0.36450982093811035,0.0004351492680143565,0.0,1.1503504514694214,0.4967663884162903,11.093513488769531,0.0
0,67,None,False,"128,76,73,134,107,95,41,34,62,100",1.002456784248352,-1.3257005214691162,-1.043785572052002,-0.8083441257476807,7.99884557723999,6.520636558532715,2.0696730613708496,0.0,0.0,2.0696730613708496,2.1464943885803223,-0.07682132720947266,0.07061003148555756,0.0,1.034508228302002,0.5540847778320312,11.093513488769531,0.0
0,68,None,False,"128,76,73,134,107,95,41,34,62,100",1.0670669078826904,-1.751647710800171,-0.9404577612876892,-0.8197839260101318,7.99888801574707,5.662271976470947,2.014472007751465,0.0,0.0,2.014472007751465,2.195143699645996,-0.18067169189453125,0.015448279678821564,0.0,1.3823151588439941,0.4127686023712158,11.093513488769531,0.0
0,69,None,False,"128,76,73,134,107,95,41,34,62,100",1.1463514566421509,-1.7491345405578613,-0.8917205929756165,-0.9277790784835815,7.998846054077148,3.670058250427246,2.8698344230651855,0.0,0.0,2.8698344230651855,2.275693416595459,0.5941410064697266,0.14351886510849,0.0,1.550606369972229,0.5308319926261902,11.093513488769531,0.0
0,70,None,False,"128,76,73,134,107,95,41,34,62,100",1.3503844738006592,-2.086487293243408,-0.9128395318984985,-1.124863624572754,7.998756408691406,4.549389362335205,4.73445463180542,0.0,0.0,4.73445463180542,3.8115382194519043,0.9229164123535156,0.0817287489771843,0.0,1.572398066520691,0.43285679817199707,11.093513488769531,0.0
0,71,None,False,"128,76,73,134,107,95,41,34,62,100",1.3229786157608032,-1.6330255270004272,-0.4413447976112366,-1.015872836112976,7.9984846115112305,5.494304656982422,7.235373020172119,0.0,0.0,7.235373020172119,3.0947089195251465,4.140664100646973,0.8909591436386108,0.0,1.3419557809829712,0.53118896484375,11.093513488769531,0.0
0,72,None,False,"128,76,73,134,107,95,41,34,62,100",0.7107834815979004,-1.64271080493927,-0.929993212223053,-1.0235341787338257,7.999264240264893,6.303494930267334,6.327900409698486,0.0,0.0,6.327900409698486,3.363168239593506,2.9647321701049805,0.9764055609703064,0.0,1.27591872215271,0.438413143157959,11.093513488769531,0.0
0,73,None,False,"128,76,73,134,107,95,41,34,62,100",0.8656493425369263,-1.7276309728622437,-0.6548992395401001,-0.8966797590255737,7.9990668296813965,5.227799892425537,6.924156188964844,0.0,0.0,6.924156188964844,4.288375377655029,2.6357808113098145,0.7132022380828857,0.0,1.5602093935012817,0.4675089120864868,11.093513488769531,0.0
0,74,None,False,"128,76,73,134,107,95,41,34,62,100",0.9455169439315796,-1.4724818468093872,-0.7470980286598206,-0.823651134967804,7.999037742614746,3.6965880393981934,5.944889068603516,0.0,0.0,5.944889068603516,3.3645987510681152,2.5802903175354004,0.6155738234519958,0.0,1.906886339187622,0.5001928210258484,11.093513488769531,0.0
0,75,None,False,"128,76,73,134,107,95,41,34,62,100",1.0839550495147705,-1.6705553531646729,-0.5888187885284424,-0.8786567449569702,7.998791217803955,5.463697910308838,8.261358261108398,0.0,0.0,8.261358261108398,3.009521961212158,5.25183629989624,1.555426001548767,0.0,2.14729905128479,0.6179026961326599,11.093513488769531,0.0
0,76,Schedule,True,"67,64,63,113,39,24,101,108,35,37",0.8167108297348022,-1.5306639671325684,-0.7258365154266357,-0.8834269046783447,7.99924898147583,6.558829307556152,7.119200229644775,0.4,1.0,5.719200134277344,2.7814745903015137,2.93772554397583,0.8336971402168274,4.087621212005615,2.1160876750946045,0.6446660757064819,11.093513488769531,0.0
0,77,None,False,"67,64,63,113,39,24,101,108,35,37",1.1550825834274292,-1.4785081148147583,-0.534580409526825,-1.1041065454483032,7.998831748962402,5.228728771209717,8.044490814208984,0.0,0.0,8.044490814208984,2.7635812759399414,5.280909538269043,1.6694225072860718,0.0,2.086036205291748,0.5591493844985962,11.093513488769531,0.0
0,78,None,False,"67,64,63,113,39,24,101,108,35,37",0.7500755190849304,-1.6149264574050903,-0.657065212726593,-0.9020585417747498,7.998796463012695,5.175291538238525,8.243646621704102,0.0,0.0,8.243646621704102,1.9994854927062988,6.244161128997803,1.9579998254776,0.0,1.9422258138656616,0.7025586366653442,11.093513488769531,0.0
0,79,None,False,"67,64,63,113,39,24,101,108,35,37",0.8310689926147461,-1.6357243061065674,-0.7633167505264282,-1.1871007680892944,7.99883508682251,4.454068660736084,7.710639476776123,0.0,0.0,7.710639476776123,2.3588061332702637,5.351833343505859,1.5864665508270264,0.0,2.2439157962799072,0.6859314441680908,11.093513488769531,0.0
0,80,None,False,"67,64,63,113,39,24,101,108,35,37",1.1084846258163452,-1.5467945337295532,-0.7451769709587097,-1.0143094062805176,7.998783111572266,5.808504104614258,6.066187381744385,0.0,0.0,6.066187381744385,2.061295509338379,4.004891872406006,1.2072776556015015,0.0,2.32706356048584,0.6751476526260376,11.093513488769531,0.0
0,81,None,False,"67,64,63,113,39,24,101,108,35,37",0.6713205575942993,-1.7750530242919922,-0.7527243494987488,-1.065386414527893,7.998889923095703,5.232839584350586,7.360480785369873,0.0,0.0,7.360480785369873,2.212536334991455,5.147944450378418,1.1324840784072876,0.0,1.995185375213623,0.6879556179046631,11.093513488769531,0.0
0,82,None,False,"67,64,63,113,39,24,101,108,35,37",1.2565351724624634,-1.5370986461639404,-0.697216272354126,-1.0755082368850708,7.99887228012085,5.582927227020264,5.781362533569336,0.0,0.0,5.781362533569336,1.2463569641113281,4.535005569458008,0.9383178949356079,0.0,1.5489556789398193,0.6190127730369568,11.093513488769531,0.0
0,83,None,False,"67,64,63,113,39,24,101,108,35,37",0.8491771221160889,-1.555924415588379,-0.8065698146820068,-1.0699609518051147,7.999279975891113,6.757225036621094,5.647899627685547,0.0,0.0,5.647899627685547,1.2659430503845215,4.381956577301025,0.9144102334976196,0.0,2.5951755046844482,0.645592451095581,11.093513488769531,0.0
0,84,None,False,"67,64,63,113,39,24,101,108,35,37",1.0535167455673218,-1.4825525283813477,-1.057132363319397,-1.2865937948226929,7.998928070068359,5.3424272537231445,4.947326183319092,0.0,0.0,4.947326183319092,0.5299806594848633,4.4173455238342285,0.9070185422897339,0.0,2.398066997528076,0.6760951280593872,11.093513488769531,0.0
0,85,None,False,"67,64,63,113,39,24,101,108,35,37",1.1669822931289673,-1.2979354858398438,-1.012243628501892,-1.0510239601135254,7.998854637145996,5.407859802246094,4.243246555328369,0.0,0.0,4.243246555328369,0.9519696235656738,3.2912769317626953,0.6368647217750549,0.0,3.3381752967834473,0.7928425073623657,11.093513488769531,0.0
0,86,None,False,"67,64,63,113,39,24,101,108,35,37",1.2766444683074951,-1.7507424354553223,-0.7216386795043945,-1.1156861782073975,7.99880838394165,4.634125709533691,5.218299388885498,0.0,0.0,5.218299388885498,1.420152187347412,3.798147201538086,0.8193652629852295,0.0,2.380730628967285,0.8253575563430786,11.093513488769531,0.0
0,87,None,False,"67,64,63,113,39,24,101,108,35,37",0.9432659149169922,-1.509426236152649,-0.7796765565872192,-0.9965701699256897,7.999154567718506,5.340604782104492,5.1260666847229,0.0,0.0,5.1260666847229,0.6984353065490723,4.427631378173828,1.1835334300994873,0.0,2.716787338256836,0.7492921948432922,11.093513488769531,0.0
0,88,None,False,"67,64,63,113,39,24,101,108,35,37",1.1206008195877075,-1.5400599241256714,-0.9803420305252075,-1.1633858680725098,7.99876070022583,6.894757270812988,6.460638523101807,0.0,0.0,6.460638523101807,1.022040843963623,5.438597679138184,1.524727463722229,0.0,2.4878671169281006,0.7918038368225098,11.093513488769531,0.0
0,89,None,False,"67,64,63,113,39,24,101,108,35,37",1.0992283821105957,-1.5674166679382324,-0.9221197962760925,-0.9761567115783691,7.998772621154785,5.650967597961426,4.943166255950928,0.0,0.0,4.943166255950928,1.125955581665039,3.8172106742858887,1.0571868419647217,0.0,2.468277931213379,0.8168491721153259,11.093513488769531,0.0
0,90,Schedule,True,"15,110,46,55,26,39,98,31,54,139",0.9103295803070068,-1.6363499164581299,-0.7032108306884766,-1.2083594799041748,7.99900484085083,4.11721658706665,-1.6769517660140991,0.35999999046325687,0.8999999761581421,-2.9369516372680664,0.22796392440795898,-3.1649155616760254,-1.0713714361190796,-5.366054534912109,2.4834980964660645,0.6693991422653198,11.093513488769531,0.0
0,91,None,False,"15,110,46,55,26,39,98,31,54,139",0.8921735286712646,-1.3718608617782593,-0.5874189734458923,-0.9173094034194946,7.999102592468262,4.0104241371154785,-2.3291797637939453,0.0,0.0,-2.3291797637939453,-0.8903741836547852,-1.4388055801391602,-0.6298118233680725,0.0,1.902065396308899,0.6722128987312317,11.093513488769531,0.0
0,92,None,False,"15,110,46,55,26,39,98,31,54,139",1.1499683856964111,-1.6489386558532715,-0.6822562217712402,-1.0572471618652344,7.998984336853027,3.4654977321624756,-1.4280980825424194,0.0,0.0,-1.4280980825424194,-0.35274624824523926,-1.0753518342971802,-0.578096330165863,0.0,1.9095587730407715,0.6836096048355103,11.093513488769531,0.0
0,93,None,False,"15,110,46,55,26,39,98,31,54,139",1.2483412027359009,-1.742685317993164,-0.7258189916610718,-0.9798723459243774,7.9987101554870605,3.9376676082611084,-3.5168356895446777,0.0,0.0,-3.5168356895446777,-0.5203306674957275,-2.99650502204895,-1.0505934953689575,0.0,1.9203922748565674,0.6895231008529663,11.093513488769531,0.0
0,94,None,False,"15,110,46,55,26,39,98,31,54,139",1.3393627405166626,-1.727339267730713,-0.874794602394104,-0.9693736433982849,7.998785495758057,3.5404999256134033,-3.8895719051361084,0.0,0.0,-3.8895719051361084,0.06297826766967773,-3.952550172805786,-1.1885091066360474,0.0,2.4660120010375977,0.6449854373931885,11.093513488769531,0.0
0,95,None,False,"15,110,46,55,26,39,98,31,54,139",1.0129643678665161,-1.6730363368988037,-0.8426331281661987,-0.9732460379600525,7.998836994171143,3.879772901535034,-2.43880033493042,0.0,0.0,-2.43880033493042,-0.961768627166748,-1.4770317077636719,-0.36218351125717163,0.0,2.0215342044830322,0.6677259206771851,11.093513488769531,0.0
0,96,None,False,"15,110,46,55,26,39,98,31,54,139",0.9813029170036316,-1.7009690999984741,-1.0028066635131836,-1.0949573516845703,7.998993873596191,4.141933917999268,-0.1711726188659668,0.0,0.0,-0.1711726188659668,0.6021380424499512,-0.773310661315918,-0.08079475164413452,0.0,1.4310181140899658,0.6148029565811157,11.093513488769531,0.0
0,97,None,False,"15,110,46,55,26,39,98,31,54,139",1.2129335403442383,-1.862736463546753,-0.9578046798706055,-1.04137122631073,7.999031066894531,5.10085391998291,0.47862887382507324,0.0,0.0,0.47862887382507324,0.9386301040649414,-0.46000123023986816,-0.057955753058195114,0.0,1.751370906829834,0.49612173438072205,11.093513488769531,0.0
0,98,None,False,"15,110,46,55,26,39,98,31,54,139",0.8404802083969116,-1.6680374145507812,-0.7792148590087891,-0.7167035341262817,7.999182224273682,5.665493011474609,-0.07760345935821533,0.0,0.0,-0.07760345935821533,0.7674455642700195,-0.8450490236282349,-0.40861889719963074,0.0,1.7618300914764404,0.5988900661468506,11.093513488769531,0.0
0,99,None,False,"15,110,46,55,26,39,98,31,54,139",1.3783769607543945,-1.6036224365234375,-0.7679283618927002,-0.9189148545265198,7.998693943023682,6.235145092010498,0.2233642339706421,0.0,0.0,0.2233642339706421,0.9738326072692871,-0.750468373298645,-0.6492804288864136,0.0,1.369476556777954,0.6051682233810425,11.093513488769531,0.0
0,100,None,False,"15,110,46,55,26,39,98,31,54,139",0.8862445950508118,-1.5544533729553223,-0.927196741104126,-0.6878267526626587,7.99889612197876,5.613038539886475,0.6580418348312378,0.0,0.0,0.6580418348312378,0.8166790008544922,-0.1586371660232544,0.17204496264457703,0.0,1.5297240018844604,0.47443997859954834,11.093513488769531,0.0
0,101,None,False,"15,110,46,55,26,39,98,31,54,139",1.1413320302963257,-1.9928984642028809,-0.8412962555885315,-0.9834685325622559,7.998889446258545,4.495532035827637,1.0305559635162354,0.0,0.0,1.0305559635162354,0.9740948677062988,0.05646109580993652,0.14912696182727814,0.0,1.9064972400665283,0.5417526960372925,11.093513488769531,0.0
0,102,None,False,"15,110,46,55,26,39,98,31,54,139",0.9931772947311401,-1.5688505172729492,-0.6773732900619507,-0.7965920567512512,7.999127388000488,3.2841367721557617,0.7795554399490356,0.0,0.0,0.7795554399490356,0.3711819648742676,0.40837347507476807,0.5123529434204102,0.0,1.7006549835205078,0.5544208288192749,11.093513488769531,0.0
0,103,None,False,"15,110,46,55,26,39,98,31,54,139",1.1113024950027466,-1.7805283069610596,-0.7049371600151062,-1.1499378681182861,7.998924255371094,3.5738658905029297,0.6963157653808594,0.0,0.0,0.6963157653808594,0.6524205207824707,0.04389524459838867,0.3550138473510742,0.0,1.0066826343536377,0.4989822506904602,11.093513488769531,0.0
0,104,Schedule,True,"107,137,127,130,24,40,90,71,36,32",0.9603854417800903,-1.9172205924987793,-0.7920130491256714,-1.040701150894165,7.998936653137207,4.218307018280029,3.0978496074676514,0.4,1.0,1.6978496313095093,1.635754108428955,0.0620955228805542,0.2743530571460724,1.313134789466858,1.57626211643219,0.4743708372116089,11.093513488769531,0.0
0,105,None,False,"107,137,127,130,24,40,90,71,36,32",0.8929035067558289,-1.5880635976791382,-1.1338051557540894,-0.9909498691558838,7.998729228973389,4.932462215423584,2.7711312770843506,0.0,0.0,2.7711312770843506,1.709449291229248,1.0616819858551025,0.5123875141143799,0.0,1.2595629692077637,0.45283979177474976,11.093513488769531,0.0
0,106,None,False,"107,137,127,130,24,40,90,71,36,32",1.0715868473052979,-1.7459733486175537,-0.6787109375,-0.9280429482460022,7.9989166259765625,5.5777668952941895,2.7532906532287598,0.0,0.0,2.7532906532287598,1.0731697082519531,1.6801209449768066,0.5619983673095703,0.0,1.421986699104309,0.5039828419685364,11.093513488769531,0.0
0,107,None,False,"107,137,127,130,24,40,90,71,36,32",0.9686904549598694,-1.7667657136917114,-0.8610332012176514,-1.2774770259857178,7.998951435089111,4.5843048095703125,3.239626407623291,0.0,0.0,3.239626407623291,1.5424847602844238,1.6971416473388672,0.473700612783432,0.0,1.2970280647277832,0.5694498419761658,11.093513488769531,0.0
0,108,None,False,"107,137,127,130,24,40,90,71,36,32",0.7400065660476685,-1.5685181617736816,-0.7754098176956177,-0.9308050274848938,7.9991021156311035,4.7223734855651855,1.3012027740478516,0.0,0.0,1.3012027740478516,1.1609673500061035,0.14023542404174805,0.022623375058174133,0.0,1.6520928144454956,0.541958749294281,11.093513488769531,0.0
0,109,None,False,"107,137,127,130,24,40,90,71,36,32",1.0662180185317993,-1.6902755498886108,-0.71205735206604,-1.0398945808410645,7.998763084411621,4.7585625648498535,1.2801861763000488,0.0,0.0,1.2801861763000488,2.450251579284668,-1.1700654029846191,-0.41948845982551575,0.0,1.5139477252960205,0.4437866806983948,11.093513488769531,0.0
0,110,None,False,"107,137,127,130,24,40,90,71,36,32",1.4564741849899292,-1.6719322204589844,-0.5950711965560913,-0.9661709070205688,7.998642921447754,5.701318264007568,-0.06864309310913086,0.0,0.0,-0.06864309310913086,2.069735527038574,-2.138378620147705,-0.557464599609375,0.0,1.6959327459335327,0.4707457423210144,11.093513488769531,0.0
0,111,None,False,"107,137,127,130,24,40,90,71,36,32",1.0771167278289795,-1.5468276739120483,-0.8671382069587708,-0.9885320663452148,7.998947620391846,5.459061145782471,1.1497783660888672,0.0,0.0,1.1497783660888672,2.1153926849365234,-0.9656143188476562,-0.34759530425071716,0.0,1.5429145097732544,0.47751951217651367,11.093513488769531,0.0
0,112,None,False,"107,137,127,130,24,40,90,71,36,32",0.9989224076271057,-1.7719167470932007,-0.7535220384597778,-1.2531328201293945,7.998970985412598,5.253448009490967,1.957610845565796,0.0,0.0,1.957610845565796,1.7729401588439941,0.18467068672180176,-0.07891926169395447,0.0,1.3306028842926025,0.4083094596862793,11.093513488769531,0.0
0,113,None,False,"107,137,127,130,24,40,90,71,36,32",0.862568199634552,-1.3309341669082642,-1.0213446617126465,-0.9264516830444336,7.9991044998168945,7.757354259490967,0.33645451068878174,0.0,0.0,0.33645451068878174,0.6656885147094727,-0.3292340040206909,-0.10137595236301422,0.0,1.042014479637146,0.47172075510025024,11.093513488769531,0.0
0,114,None,False,"107,137,127,130,24,40,90,71,36,32",0.9757037162780762,-1.6318373680114746,-0.7004384994506836,-1.1509758234024048,7.998940467834473,6.210768699645996,-0.21608532965183258,0.0,0.0,-0.21608532965183258,-0.5109727382659912,0.2948874235153198,0.1292586326599121,0.0,1.3936891555786133,0.30124369263648987,11.093513488769531,0.0
0,115,None,False,"107,137,127,130,24,40,90,71,36,32",0.9408319592475891,-1.6043692827224731,-0.722506046295166,-1.016805648803711,7.999009609222412,4.002232074737549,-2.4039340019226074,0.0,0.0,-2.4039340019226074,-1.753932237625122,-0.6500017642974854,-0.2598315477371216,0.0,1.4545764923095703,0.4129473567008972,11.093513488769531,0.0
0,116,None,False,"107,137,127,130,24,40,90,71,36,32",1.1151024103164673,-1.811840534210205,-0.9955598711967468,-0.9487354755401611,7.998887062072754,5.176995754241943,-1.2874722480773926,0.0,0.0,-1.2874722480773926,-0.6020128726959229,-0.6854593753814697,-0.3184110224246979,0.0,1.7236405611038208,0.38021641969680786,11.093513488769531,0.0
0,117,None,False,"107,137,127,130,24,40,90,71,36,32",1.0675700902938843,-1.6441302299499512,-0.7045738697052002,-1.0575602054595947,7.998927116394043,4.043432712554932,-1.4811229705810547,0.0,0.0,-1.4811229705810547,-0.5135595798492432,-0.9675633907318115,-0.3481011986732483,0.0,1.5486886501312256,0.4384443461894989,11.093513488769531,0.0
0,118,Schedule,True,"8,63,133,127,138,107,38,25,37,103",0.9435024857521057,-1.685422658920288,-0.7370359897613525,-0.9185341596603394,7.998804569244385,4.632961750030518,-3.6333866119384766,0.3200000047683716,0.800000011920929,-4.753386497497559,-1.5472769737243652,-3.2061095237731934,-0.8129182457923889,-4.082744121551514,1.287124752998352,0.5045979022979736,11.093513488769531,0.0
0,119,None,False,"8,63,133,127,138,107,38,25,37,103",0.9223476052284241,-1.8314365148544312,-0.7696229815483093,-1.061112642288208,7.99902868270874,5.283190727233887,-1.9605000019073486,0.0,0.0,-1.9605000019073486,-1.370614767074585,-0.5898852348327637,-0.2573258578777313,0.0,1.5143182277679443,0.49574971199035645,11.093513488769531,0.0
0,120,None,False,"8,63,133,127,138,107,38,25,37,103",1.0358422994613647,-1.6150480508804321,-0.8204203248023987,-0.981192946434021,7.998908996582031,4.462071895599365,-1.9195477962493896,0.0,0.0,-1.9195477962493896,-1.7982423305511475,-0.12130546569824219,-0.08974165469408035,0.0,1.2265136241912842,0.5193195939064026,11.093513488769531,0.0
0,121,None,False,"8,63,133,127,138,107,38,25,37,103",1.0137676000595093,-1.7532281875610352,-0.6819877624511719,-1.0177332162857056,7.998995780944824,4.555148124694824,-2.1229500770568848,0.0,0.0,-2.1229500770568848,-2.2868573665618896,0.16390728950500488,-0.05090130493044853,0.0,1.2684454917907715,0.5732467770576477,11.093513488769531,0.0
0,122,None,False,"8,63,133,127,138,107,38,25,37,103",1.163645625114441,-1.8696019649505615,-0.8045885562896729,-0.9742859601974487,7.998628616333008,5.52882719039917,-1.9524593353271484,0.0,0.0,-1.9524593353271484,-1.8224120140075684,-0.13004732131958008,-0.14574632048606873,0.0,1.406050682067871,0.5258898138999939,11.093513488769531,0.0
0,123,None,False,"8,63,133,127,138,107,38,25,37,103",0.8978688716888428,-1.691813349723816,-0.6836265325546265,-0.8156619071960449,7.9987874031066895,5.5920796394348145,-1.5645067691802979,0.0,0.0,-1.5645067691802979,-1.5688002109527588,0.0042934417724609375,-0.22842712700366974,0.0,1.1427963972091675,0.5933737754821777,11.093513488769531,0.0
0,124,None,False,"8,63,133,127,138,107,38,25,37,103",1.0237162113189697,-1.538053274154663,-0.9333958625793457,-1.0367234945297241,7.998795032501221,5.600188255310059,-2.710590362548828,0.0,0.0,-2.710590362548828,-1.6633272171020508,-1.0472631454467773,-0.4961310029029846,0.0,1.262558937072754,0.48393598198890686,11.093513488769531,0.0
0,125,None,False,"8,63,133,127,138,107,38,25,37,103",0.987490713596344,-1.4396077394485474,-0.7247898578643799,-0.8038265705108643,7.998743057250977,5.021674156188965,-2.0394325256347656,0.0,0.0,-2.0394325256347656,-1.612156629562378,-0.4272758960723877,-0.43703651428222656,0.0,1.4497973918914795,0.5217167735099792,11.093513488769531,0.0
0,126,None,False,"8,63,133,127,138,107,38,25,37,103",0.9687851667404175,-1.9608428478240967,-0.7927586436271667,-1.0905084609985352,7.9988017082214355,4.850020408630371,-2.432455539703369,0.0,0.0,-2.432455539703369,-0.4906594753265381,-1.941796064376831,-1.0564121007919312,0.0,1.7563090324401855,0.5726751089096069,11.093513488769531,0.0
0,127,None,False,"8,63,133,127,138,107,38,25,37,103",0.8173881769180298,-1.8185272216796875,-0.46618688106536865,-0.9621526598930359,7.998960494995117,4.642211437225342,-1.815651774406433,0.0,0.0,-1.815651774406433,-0.6005465984344482,-1.2151051759719849,-0.5617994666099548,0.0,1.673789143562317,0.5539236068725586,11.093513488769531,0.0
0,0,Schedule | Regime Shift (Initial),True,"24,76,80,125,30,58,81,75,106,88",0.9421641826629639,-1.4162794351577759,-0.6880742311477661,-1.1255035400390625,7.998770713806152,5.992917060852051,-1.682477593421936,0.0,0.0,-1.682477593421936,-8.723979949951172,7.041502475738525,1.6936450004577637,8.352123260498047,1.8726688623428345,0.6286466121673584,3.920372486114502,0.0
0,1,None,False,"24,76,80,125,30,58,81,75,106,88",1.2811954021453857,-1.5886955261230469,-0.7729572057723999,-1.3484824895858765,7.998358249664307,4.626037120819092,-4.314648151397705,0.0,0.0,-4.314648151397705,-12.289434432983398,7.974786281585693,2.215583086013794,0.0,2.0213730335235596,0.5812395811080933,3.920372486114502,0.0
0,2,None,False,"24,76,80,125,30,58,81,75,106,88",0.707969069480896,-1.0830073356628418,-0.6955920457839966,-1.0314836502075195,7.9986748695373535,7.449594020843506,-5.72216796875,0.0,0.0,-5.72216796875,-12.70013427734375,6.97796630859375,2.377488374710083,0.0,1.8117544651031494,0.5883411169052124,3.920372486114502,0.0
0,3,None,False,"24,76,80,125,30,58,81,75,106,88",1.0191526412963867,-1.4498908519744873,-0.7703443765640259,-1.1636037826538086,7.99854850769043,5.926397800445557,-3.7323720455169678,0.0,0.0,-3.7323720455169678,-9.175741195678711,5.443368911743164,1.7650774717330933,0.0,1.4651026725769043,0.5184076428413391,3.920372486114502,0.0
0,4,None,False,"24,76,80,125,30,58,81,75,106,88",1.3213672637939453,-1.3236595392227173,-0.5083904266357422,-1.0504120588302612,7.998341083526611,5.651848793029785,-3.0409622192382812,0.0,0.0,-3.0409622192382812,-7.9418840408325195,4.900921821594238,1.460729956626892,0.0,1.5204272270202637,0.5769425630569458,3.920372486114502,0.0
0,5,Struct Break (DC),True,"13,33,135,25,108,67,34,136,80,22",1.5363047122955322,-1.0862890481948853,-0.5874372124671936,-1.0379955768585205,7.997972011566162,6.242147922515869,-2.387627363204956,0.35999999046325687,0.8999999761581421,-3.647627353668213,-7.104599475860596,3.456972122192383,1.1312893629074097,5.574026107788086,2.0128777027130127,0.47048234939575195,3.920372486114502,0.0
0,6,None,False,"13,33,135,25,108,67,34,136,80,22",0.877339780330658,-1.198550820350647,-0.6658146381378174,-1.027826189994812,7.998655319213867,5.825251579284668,-5.194058895111084,0.0,0.0,-5.194058895111084,-7.878619194030762,2.6845602989196777,0.7418596148490906,0.0,1.3184454441070557,0.46843260526657104,3.920372486114502,0.0
0,7,None,False,"13,33,135,25,108,67,34,136,80,22",1.0328161716461182,-1.43306565284729,-0.6299268007278442,-1.1162117719650269,7.998473167419434,4.483094215393066,-3.44092059135437,0.0,0.0,-3.44092059135437,-6.939286231994629,3.498365640640259,1.0867401361465454,0.0,1.1113967895507812,0.44209402799606323,3.920372486114502,0.0
0,8,Struct Break (DC),True,"132,5,84,19,127,55,112,56,107,20",0.8881769180297852,-1.2567238807678223,-0.8702830076217651,-0.9720048904418945,7.998916149139404,4.724320888519287,-2.2641401290893555,0.4,1.0,-3.664140224456787,-6.72432804107666,3.060187816619873,1.043835163116455,5.130794048309326,1.068873405456543,0.44837141036987305,3.920372486114502,0.0
0,9,None,False,"132,5,84,19,127,55,112,56,107,20",0.8950371742248535,-1.317996621131897,-0.8592870831489563,-1.0673785209655762,7.998985767364502,5.536524772644043,-2.645250082015991,0.0,0.0,-2.645250082015991,-5.47000789642334,2.8247578144073486,0.9233463406562805,0.0,1.1093937158584595,0.4440954327583313,3.920372486114502,0.0
0,10,None,False,"132,5,84,19,127,55,112,56,107,20",1.0911530256271362,-1.4826445579528809,-0.953892707824707,-1.1800469160079956,7.998565673828125,4.6405768394470215,-3.2376837730407715,0.0,0.0,-3.2376837730407715,-3.178924322128296,-0.058759450912475586,0.09191127121448517,0.0,1.2624256610870361,0.3268549144268036,3.920372486114502,0.0
0,11,None,False,"132,5,84,19,127,55,112,56,107,20",1.1312752962112427,-1.1561845541000366,-0.6905312538146973,-0.9449127912521362,7.998395919799805,3.9344987869262695,-1.7883121967315674,0.0,0.0,-1.7883121967315674,-2.3267149925231934,0.538402795791626,0.4052411615848541,0.0,0.9095512628555298,0.48803770542144775,3.920372486114502,0.0
0,12,None,False,"132,5,84,19,127,55,112,56,107,20",0.9255146980285645,-1.4696037769317627,-0.769529402256012,-1.073805332183838,7.998964309692383,7.214588165283203,-1.7027944326400757,0.0,0.0,-1.7027944326400757,-0.9483933448791504,-0.7544010877609253,-0.20038002729415894,0.0,1.4552454948425293,0.5498237609863281,3.920372486114502,0.0
0,13,None,False,"132,5,84,19,127,55,112,56,107,20",0.973354160785675,-1.3414591550827026,-0.9321890473365784,-1.0673333406448364,7.998781204223633,6.675022125244141,0.7658910751342773,0.0,0.0,0.7658910751342773,0.9493708610534668,-0.18347978591918945,0.030194710940122604,0.0,0.6808652877807617,0.44523483514785767,3.920372486114502,0.0
0,14,None,False,"132,5,84,19,127,55,112,56,107,20",0.8411664962768555,-1.6703529357910156,-1.0385481119155884,-1.037728190422058,7.998982906341553,4.014576435089111,4.806255340576172,0.0,0.0,4.806255340576172,1.876676082611084,2.929579257965088,1.1423403024673462,0.0,0.9198110103607178,0.5123914480209351,3.920372486114502,0.0
0,15,None,False,"132,5,84,19,127,55,112,56,107,20",0.9425458908081055,-1.8931159973144531,-1.3374388217926025,-0.9986847043037415,7.998804092407227,2.5397839546203613,8.68245792388916,0.0,0.0,8.68245792388916,6.687784194946289,1.994673728942871,0.7407494187355042,0.0,1.0374772548675537,0.4448472261428833,3.920372486114502,0.0
0,16,None,False,"132,5,84,19,127,55,112,56,107,20",1.0535407066345215,-1.547271490097046,-0.794947624206543,-0.9508704543113708,7.998709201812744,1.9427227973937988,6.083216190338135,0.0,0.0,6.083216190338135,6.281375885009766,-0.19815969467163086,-0.07674523442983627,0.0,0.6953620910644531,0.5423544645309448,3.920372486114502,0.0
0,17,Struct Break (DC),True,"14,17,107,104,76,79,43,8,112,124",0.9309183955192566,-1.2458646297454834,-0.7179579734802246,-0.7684349417686462,7.998778343200684,1.826535940170288,0.09200870990753174,0.3200000047683716,0.800000011920929,-1.0279912948608398,3.3413290977478027,-4.369320392608643,-1.2540215253829956,-6.274541854858398,1.1169999837875366,0.5656046271324158,3.920372486114502,0.0
0,18,None,False,"14,17,107,104,76,79,43,8,112,124",1.213756799697876,-1.5208159685134888,-0.7823314070701599,-1.017277717590332,7.998220443725586,3.3947813510894775,-0.7798433303833008,0.0,0.0,-0.7798433303833008,1.2000322341918945,-1.9798755645751953,-0.6009100079536438,0.0,0.8778403997421265,0.7084653377532959,3.920372486114502,0.0
0,19,None,False,"14,17,107,104,76,79,43,8,112,124",1.022462248802185,-1.207012414932251,-0.9522194862365723,-0.9722226858139038,7.9986467361450195,3.8991570472717285,-1.0131299495697021,0.0,0.0,-1.0131299495697021,-0.8092880249023438,-0.2038419246673584,0.06873473525047302,0.0,1.6351128816604614,0.5566425323486328,3.920372486114502,0.0
0,20,Vol Shock,True,"21,89,40,17,141,30,36,31,53,20",1.2515958547592163,-1.7475706338882446,-1.1011173725128174,-1.0328255891799927,7.998424053192139,6.051458358764648,2.199282169342041,0.35999999046325687,0.8999999761581421,0.9392821788787842,1.3049960136413574,-0.36571383476257324,0.024122873321175575,0.07010743767023087,1.4190524816513062,0.5385901927947998,3.920372486114502,0.0
0,21,Vol Shock,True,"15,104,54,46,92,30,106,114,27,21",1.0028008222579956,-1.6962162256240845,-0.937269926071167,-1.109809160232544,7.998795986175537,4.663148880004883,-0.2139115184545517,0.3200000047683716,0.800000011920929,-1.3339115381240845,1.936650276184082,-3.270561695098877,-0.8508217334747314,-4.274303913116455,1.3266143798828125,0.6601543426513672,3.920372486114502,0.0
0,22,Vol Shock | Struct Break (DC),True,"67,91,3,106,8,45,21,87,96,68",1.073436975479126,-1.8839317560195923,-0.9577349424362183,-0.9851144552230835,7.998692035675049,3.522918462753296,1.553175449371338,0.3200000047683716,0.800000011920929,0.4331754446029663,3.3231139183044434,-2.8899383544921875,-0.8699213266372681,-4.375676155090332,1.482564091682434,0.6011104583740234,3.920372486114502,0.0
0,23,Vol Shock,True,"72,33,120,79,31,46,40,1,69,102",0.9548261165618896,-1.6683809757232666,-0.8619583249092102,-0.7191784381866455,7.998833656311035,3.7977893352508545,3.7623324394226074,0.4,1.0,2.362332344055176,2.4137496948242188,-0.05141735076904297,-0.20917227864265442,-1.087339997291565,1.6781303882598877,0.6156376600265503,3.920372486114502,0.0
0,24,Vol Shock,True,"134,114,119,70,13,14,65,75,122,37",0.8044764995574951,-1.808079719543457,-1.0778403282165527,-1.04326593875885,7.998849391937256,5.443423748016357,3.2915213108062744,0.4,1.0,1.8915213346481323,2.784132957458496,-0.8926116228103638,-0.32871517539024353,-1.6797508001327515,1.5495585203170776,0.7107459902763367,3.920372486114502,0.0
0,25,Vol Shock | Struct Break (DC),True,"29,44,36,55,62,84,8,46,97,16",0.9614123702049255,-1.4060293436050415,-0.8386030197143555,-0.7286994457244873,7.999038219451904,4.334967613220215,3.537534475326538,0.4,1.0,2.1375346183776855,-0.3246784210205078,2.4622130393981934,0.5509922504425049,2.6824450492858887,1.7538859844207764,0.7186092138290405,3.920372486114502,0.0
0,26,Vol Shock,True,"33,46,65,100,4,52,81,127,101,123",0.9289295673370361,-1.6218851804733276,-0.827434778213501,-0.9680179953575134,7.99886417388916,4.785467147827148,1.4881008863449097,0.35999999046325687,0.8999999761581421,0.22810089588165283,-1.9481420516967773,2.1762428283691406,0.40602633357048035,1.964985728263855,1.7072234153747559,0.6845173835754395,3.920372486114502,0.0
0,27,Vol Shock,True,"78,55,133,138,32,112,139,19,136,111",0.9368634819984436,-1.6984045505523682,-0.8885060548782349,-0.8905830383300781,7.998720169067383,4.746987342834473,0.11574805527925491,0.4,1.0,-1.2842519283294678,-1.6483962535858154,0.36414432525634766,0.1348923146724701,0.6202501058578491,1.8375523090362549,0.6997289061546326,3.920372486114502,0.0
0,28,Vol Shock,True,"104,112,130,45,18,10,54,76,105,98",1.2488360404968262,-1.8715622425079346,-0.8857125043869019,-0.9990205764770508,7.998702526092529,3.766771078109741,-0.6512457132339478,0.35999999046325687,0.8999999761581421,-1.9112457036972046,-0.5646347999572754,-1.3466109037399292,-0.34964489936828613,-1.785656213760376,1.5375066995620728,0.7961260080337524,3.920372486114502,0.0
0,29,Vol Shock,True,"104,76,62,28,29,129,91,39,72,34",1.0849546194076538,-1.7841894626617432,-0.8704832196235657,-0.8612866401672363,7.998413562774658,5.967316150665283,2.474879026412964,0.3200000047683716,0.800000011920929,1.3548790216445923,0.35222768783569336,1.002651333808899,0.43440210819244385,2.105985403060913,1.617305040359497,0.7487143874168396,3.920372486114502,0.0
0,30,Vol Shock,True,"29,53,73,8,23,140,97,12,74,102",1.0039390325546265,-1.6616753339767456,-0.8910213112831116,-0.8576689958572388,7.998888969421387,4.961833953857422,4.133214950561523,0.35999999046325687,0.8999999761581421,2.8732149600982666,1.1948227882385254,1.6783921718597412,0.7725748419761658,3.7822954654693604,1.7965497970581055,0.8253135681152344,3.920372486114502,0.0
0,31,None,False,"29,53,73,8,23,140,97,12,74,102",0.9639260768890381,-1.5987640619277954,-0.882157564163208,-1.075029969215393,7.998578071594238,3.8029937744140625,3.319870710372925,0.0,0.0,3.319870710372925,3.041863441467285,0.27800726890563965,0.30606043338775635,0.0,2.0339598655700684,0.7431724071502686,3.920372486114502,0.0
0,32,None,False,"29,53,73,8,23,140,97,12,74,102",0.9937556982040405,-1.7092475891113281,-0.9963158369064331,-1.0483770370483398,7.998681545257568,4.466914653778076,3.1822361946105957,0.0,0.0,3.1822361946105957,3.038346767425537,0.1438894271850586,0.5548063516616821,0.0,1.7207179069519043,0.7896029949188232,3.920372486114502,0.0
0,33,None,False,"29,53,73,8,23,140,97,12,74,102",1.1335551738739014,-1.5382369756698608,-0.8102268576622009,-0.9007306098937988,7.998599529266357,5.040524959564209,3.132462501525879,0.0,0.0,3.132462501525879,3.625631332397461,-0.49316883087158203,-0.03585531935095787,0.0,1.6853830814361572,0.7615255117416382,3.920372486114502,0.0
0,34,None,False,"29,53,73,8,23,140,97,12,74,102",1.0105899572372437,-1.5490548610687256,-0.7115899920463562,-0.6700596809387207,7.998696327209473,3.7166831493377686,3.2915360927581787,0.0,0.0,3.2915360927581787,2.7791619300842285,0.5123741626739502,0.30312034487724304,0.0,1.6791627407073975,0.534717321395874,3.920372486114502,0.0
0,35,None,False,"29,53,73,8,23,140,97,12,74,102",1.2993208169937134,-1.8082044124603271,-0.7735182046890259,-0.842092752456665,7.998391628265381,4.469631671905518,1.2679362297058105,0.0,0.0,1.2679362297058105,3.297269344329834,-2.0293331146240234,-0.5139280557632446,0.0,1.6793630123138428,0.6711353063583374,3.920372486114502,0.0
0,36,None,False,"29,53,73,8,23,140,97,12,74,102",1.1649326086044312,-1.6379231214523315,-0.9344419240951538,-0.9000892639160156,7.998766899108887,3.8259031772613525,1.3735181093215942,0.0,0.0,1.3735181093215942,3.1638503074645996,-1.7903321981430054,-0.3765107989311218,0.0,1.2684029340744019,0.5134841799736023,3.920372486114502,0.0
0,37,None,False,"29,53,73,8,23,140,97,12,74,102",1.3323999643325806,-1.5416553020477295,-0.6683948636054993,-1.0388294458389282,7.998381614685059,3.9052536487579346,2.1318037509918213,0.0,0.0,2.1318037509918213,3.4598708152770996,-1.3280670642852783,-0.2750619947910309,0.0,1.019295573234558,0.4243074655532837,3.920372486114502,0.0
0,38,None,False,"29,53,73,8,23,140,97,12,74,102",1.1180800199508667,-1.759699821472168,-0.7151502370834351,-0.8999917507171631,7.998536109924316,6.0008039474487305,1.6334682703018188,0.0,0.0,1.6334682703018188,3.860592842102051,-2.2271246910095215,-0.4678756296634674,0.0,0.7801001071929932,0.4159364700317383,3.920372486114502,0.0
0,39,None,False,"29,53,73,8,23,140,97,12,74,102",0.9701387286186218,-2.012378692626953,-1.0082457065582275,-0.8125581741333008,7.998694896697998,5.118001461029053,1.8833130598068237,0.0,0.0,1.8833130598068237,4.981589317321777,-3.098276138305664,-0.6651963591575623,0.0,1.0287094116210938,0.44958817958831787,3.920372486114502,0.0
0,40,Struct Break (DC),True,"103,14,41,43,59,17,26,10,74,45",1.223064661026001,-1.7036659717559814,-1.0015493631362915,-1.0333765745162964,7.998007297515869,6.824721813201904,4.981632709503174,0.35999999046325687,0.8999999761581421,3.721632719039917,5.955207347869873,-2.233574628829956,-0.47626784443855286,-2.4175922870635986,0.8534592986106873,0.46196335554122925,3.920372486114502,0.0
0,41,None,False,"103,14,41,43,59,17,26,10,74,45",1.0603965520858765,-1.54725980758667,-0.8257683515548706,-0.885316014289856,7.998575210571289,8.05615520477295,3.347249746322632,0.0,0.0,3.347249746322632,4.942786693572998,-1.5955369472503662,-0.44987931847572327,0.0,0.7719554901123047,0.4681798815727234,3.920372486114502,0.0
0,42,None,False,"103,14,41,43,59,17,26,10,74,45",1.3263936042785645,-1.63693368434906,-0.9644793272018433,-0.8835515975952148,7.998241901397705,5.746931552886963,3.3116698265075684,0.0,0.0,3.3116698265075684,4.737913608551025,-1.426243782043457,-0.33073580265045166,0.0,0.7954138517379761,0.4834046959877014,3.920372486114502,0.0
0,43,None,False,"103,14,41,43,59,17,26,10,74,45",1.3024922609329224,-1.7691617012023926,-0.7315810918807983,-0.8718312978744507,7.998239040374756,4.975391864776611,3.3157448768615723,0.0,0.0,3.3157448768615723,5.482578277587891,-2.1668334007263184,-0.4229888916015625,0.0,0.9632198810577393,0.3899334669113159,3.920372486114502,0.0
0,44,None,False,"103,14,41,43,59,17,26,10,74,45",0.9064340591430664,-1.4858816862106323,-0.6763195395469666,-0.9236335754394531,7.999072074890137,5.372572422027588,2.5222480297088623,0.0,0.0,2.5222480297088623,5.568420886993408,-3.046172857284546,-0.6863754987716675,0.0,1.032148838043213,0.4464799463748932,3.920372486114502,0.0
0,45,Struct Break (DC),True,"74,125,134,3,131,4,123,110,72,111",0.9869625568389893,-1.433530330657959,-0.8586978912353516,-0.9955894947052002,7.998754501342773,4.09271764755249,4.406320095062256,0.35999999046325687,0.8999999761581421,3.146320104598999,2.979564666748047,0.16675543785095215,0.13754157721996307,0.6333630681037903,0.7856144905090332,0.5338590145111084,3.920372486114502,0.0
0,46,None,False,"74,125,134,3,131,4,123,110,72,111",0.9700116515159607,-1.6572661399841309,-0.753139853477478,-1.2414817810058594,7.998774528503418,5.920346736907959,6.371447563171387,0.0,0.0,6.371447563171387,3.2558441162109375,3.115603446960449,1.0138609409332275,0.0,1.3149577379226685,0.4835066795349121,3.920372486114502,0.0
0,47,None,False,"74,125,134,3,131,4,123,110,72,111",0.9690085053443909,-1.541056752204895,-0.5998737215995789,-0.9485220313072205,7.9986653327941895,5.716223239898682,6.884695053100586,0.0,0.0,6.884695053100586,1.6121625900268555,5.2725324630737305,1.7584697008132935,0.0,1.120688796043396,0.4831165671348572,3.920372486114502,0.0
0,48,None,False,"74,125,134,3,131,4,123,110,72,111",1.025081992149353,-1.4923324584960938,-0.5903215408325195,-0.9247245788574219,7.998530387878418,3.3349404335021973,7.817649841308594,0.0,0.0,7.817649841308594,2.9216527938842773,4.895997047424316,1.5322339534759521,0.0,0.8017165660858154,0.5824216604232788,3.920372486114502,0.0
0,49,None,False,"74,125,134,3,131,4,123,110,72,111",1.1143786907196045,-1.373699426651001,-0.7348911762237549,-0.9199916124343872,7.998350143432617,3.0386178493499756,6.172125339508057,0.0,0.0,6.172125339508057,2.5789499282836914,3.5931754112243652,1.1430914402008057,0.0,0.8411690592765808,0.5190094709396362,3.920372486114502,0.0
0,50,None,False,"74,125,134,3,131,4,123,110,72,111",0.9696505069732666,-1.8020439147949219,-0.6803076267242432,-0.8978214263916016,7.998661518096924,3.2163243293762207,4.168242454528809,0.0,0.0,4.168242454528809,2.0174384117126465,2.150804042816162,0.4064755141735077,0.0,1.1354761123657227,0.5595795512199402,3.920372486114502,0.0
0,51,None,False,"74,125,134,3,131,4,123,110,72,111",0.8493099212646484,-1.6718441247940063,-0.8127207159996033,-0.8786664605140686,7.998810768127441,2.737226724624634,5.1944403648376465,0.0,0.0,5.1944403648376465,3.683149814605713,1.5112905502319336,0.4294894337654114,0.0,1.3918671607971191,0.5726600885391235,3.920372486114502,0.0
0,52,None,False,"74,125,134,3,131,4,123,110,72,111",0.9885631799697876,-1.5550535917282104,-0.8010990023612976,-0.9075905680656433,7.998316287994385,4.446197986602783,4.9620208740234375,0.0,0.0,4.9620208740234375,3.072214126586914,1.8898067474365234,0.4866357445716858,0.0,1.3421046733856201,0.6368616819381714,3.920372486114502,0.0
0,53,None,False,"74,125,134,3,131,4,123,110,72,111",0.7174679040908813,-1.5737029314041138,-0.6816232204437256,-1.024544596672058,7.999101638793945,5.656921863555908,5.57548713684082,0.0,0.0,5.57548713684082,3.7367939949035645,1.8386931419372559,0.4424888789653778,0.0,1.2407876253128052,0.6807467937469482,3.920372486114502,0.0
0,54,None,False,"74,125,134,3,131,4,123,110,72,111",0.954858660697937,-1.2852011919021606,-0.8511691689491272,-1.0193253755569458,7.998734951019287,5.366389274597168,5.985320568084717,0.0,0.0,5.985320568084717,2.9851555824279785,3.0001649856567383,0.9799000024795532,0.0,1.3377084732055664,0.6165673136711121,3.920372486114502,0.0
0,55,None,False,"74,125,134,3,131,4,123,110,72,111",0.8575141429901123,-1.7325549125671387,-0.8346413373947144,-1.0252536535263062,7.998960018157959,4.053533554077148,7.031439781188965,0.0,0.0,7.031439781188965,3.4228086471557617,3.608631134033203,1.1857548952102661,0.0,1.5553559064865112,0.6778409481048584,3.920372486114502,0.0
0,56,None,False,"74,125,134,3,131,4,123,110,72,111",1.2325819730758667,-1.6669963598251343,-0.8124799728393555,-1.0845928192138672,7.998456001281738,5.576805114746094,5.470066070556641,0.0,0.0,5.470066070556641,2.5464296340942383,2.9236364364624023,0.8693041801452637,0.0,1.4281147718429565,0.6758891940116882,3.920372486114502,0.0
0,57,None,False,"74,125,134,3,131,4,123,110,72,111",0.6999334096908569,-1.4054927825927734,-0.8231015205383301,-1.1020785570144653,7.998813152313232,5.58642053604126,4.982150554656982,0.0,0.0,4.982150554656982,1.4200091361999512,3.5621414184570312,1.2881765365600586,0.0,1.6693658828735352,0.6071932315826416,3.920372486114502,0.0
0,58,None,False,"74,125,134,3,131,4,123,110,72,111",0.7561516761779785,-1.476101279258728,-0.5353126525878906,-1.2009856700897217,7.998859882354736,3.472574472427368,5.40329647064209,0.0,0.0,5.40329647064209,0.6381750106811523,4.7651214599609375,1.5762275457382202,0.0,1.4196902513504028,0.7061609625816345,3.920372486114502,0.0
0,59,Schedule,True,"89,21,33,12,108,51,18,128,5,105",0.9692512154579163,-1.6546939611434937,-0.7581485509872437,-0.8980099558830261,7.998780250549316,5.469438552856445,0.25335371494293213,0.4,1.0,-1.14664626121521,2.1149039268493652,-3.261550188064575,-0.9439466595649719,-4.743616104125977,1.2725844383239746,0.6711547374725342,3.920372486114502,0.0
0,60,None,False,"89,21,33,12,108,51,18,128,5,105",0.7859220504760742,-1.5499624013900757,-0.7423489093780518,-0.715694785118103,7.99908447265625,5.2083635330200195,1.4857876300811768,0.0,0.0,1.4857876300811768,1.7996668815612793,-0.31387925148010254,-0.09699879586696625,0.0,1.2180284261703491,0.6516561508178711,3.920372486114502,0.0
0,61,None,False,"89,21,33,12,108,51,18,128,5,105",0.8607606291770935,-1.6806731224060059,-0.7199598550796509,-0.9729048609733582,7.998735427856445,6.0227742195129395,1.307823657989502,0.0,0.0,1.307823657989502,1.4775872230529785,-0.16976356506347656,-0.060153137892484665,0.0,1.1890127658843994,0.6261712312698364,3.920372486114502,0.0
0,62,None,False,"89,21,33,12,108,51,18,128,5,105",0.7632386088371277,-1.346013069152832,-0.7653858661651611,-0.9103685021400452,7.998924255371094,5.469487190246582,1.6770368814468384,0.0,0.0,1.6770368814468384,-0.3073275089263916,1.98436439037323,0.5159772634506226,0.0,1.1653811931610107,0.6064561605453491,3.920372486114502,0.0
0,63,None,False,"89,21,33,12,108,51,18,128,5,105",0.8628149032592773,-1.3935922384262085,-0.8050353527069092,-0.9256817102432251,7.999022483825684,4.423917293548584,1.1958837509155273,0.0,0.0,1.1958837509155273,-0.9005963802337646,2.096480131149292,0.6414650678634644,0.0,1.6899425983428955,0.5626899003982544,3.920372486114502,0.0
0,64,None,False,"89,21,33,12,108,51,18,128,5,105",0.8453724384307861,-1.5829412937164307,-0.8014984130859375,-0.9386734962463379,7.99893856048584,3.874323606491089,2.8265011310577393,0.0,0.0,2.8265011310577393,0.28203725814819336,2.544463872909546,0.7640898823738098,0.0,1.6478445529937744,0.6317873001098633,3.920372486114502,0.0
0,65,None,False,"89,21,33,12,108,51,18,128,5,105",0.9642946124076843,-1.5019444227218628,-0.7035273909568787,-0.8597381711006165,7.998614311218262,3.075500249862671,2.2491018772125244,0.0,0.0,2.2491018772125244,-1.9159436225891113,4.165045738220215,1.4392528533935547,0.0,1.604623556137085,0.49067258834838867,3.920372486114502,0.0
0,66,None,False,"89,21,33,12,108,51,18,128,5,105",0.6287634968757629,-1.4917551279067993,-0.8054501414299011,-1.0666511058807373,7.999074935913086,5.976576805114746,2.022994041442871,0.0,0.0,2.022994041442871,-2.7464747428894043,4.769468784332275,1.560469388961792,0.0,0.958440363407135,0.4711862802505493,3.920372486114502,0.0
0,67,None,False,"89,21,33,12,108,51,18,128,5,105",0.9511253237724304,-1.7457036972045898,-0.7377078533172607,-1.0637925863265991,7.998661518096924,6.014777660369873,3.1158792972564697,0.0,0.0,3.1158792972564697,-3.166550397872925,6.2824296951293945,1.998092770576477,0.0,0.9394876956939697,0.5497082471847534,3.920372486114502,0.0
0,68,None,False,"89,21,33,12,108,51,18,128,5,105",0.6179177761077881,-1.882869005203247,-0.8896747827529907,-0.9243526458740234,7.998802661895752,5.210598945617676,2.6338367462158203,0.0,0.0,2.6338367462158203,-3.5861194133758545,6.219956398010254,2.3141136169433594,0.0,1.3595266342163086,0.5198853015899658,3.920372486114502,0.0
0,69,None,False,"89,21,33,12,108,51,18,128,5,105",0.8447189927101135,-1.7145578861236572,-0.7003078460693359,-1.0433526039123535,7.998897552490234,4.386474132537842,2.530208110809326,0.0,0.0,2.530208110809326,-4.552459716796875,7.082667827606201,2.2128798961639404,0.0,0.837256669998169,0.49541783332824707,3.920372486114502,0.0
0,70,None,False,"89,21,33,12,108,51,18,128,5,105",0.7641643285751343,-1.4675467014312744,-0.8972244262695312,-1.06389319896698,7.998681545257568,3.635655164718628,1.1823111772537231,0.0,0.0,1.1823111772537231,-5.298471450805664,6.480782508850098,2.034782648086548,0.0,1.0515295267105103,0.49589240550994873,3.920372486114502,0.0
0,71,None,False,"89,21,33,12,108,51,18,128,5,105",0.8999167680740356,-1.8032302856445312,-0.6182690262794495,-1.265923261642456,7.9984917640686035,4.504436016082764,1.6325761079788208,0.0,0.0,1.6325761079788208,-5.487728118896484,7.120304107666016,2.108520984649658,0.0,1.4057841300964355,0.6076675653457642,3.920372486114502,0.0
0,72,None,False,"89,21,33,12,108,51,18,128,5,105",1.0216659307479858,-1.8489651679992676,-0.6870628595352173,-0.9088428020477295,7.998331546783447,4.74984884262085,2.754356861114502,0.0,0.0,2.754356861114502,-5.145502090454102,7.8998589515686035,2.4882054328918457,0.0,1.4863306283950806,0.5882116556167603,3.920372486114502,0.0
0,73,Schedule,True,"32,44,12,31,22,6,125,62,4,137",0.8005053997039795,-1.5815857648849487,-0.6876697540283203,-1.0171878337860107,7.9989094734191895,5.429704666137695,-3.4442007541656494,0.35999999046325687,0.8999999761581421,-4.704200744628906,-6.0349884033203125,1.3307876586914062,0.7434238791465759,3.6460518836975098,1.2931838035583496,0.4799383878707886,3.920372486114502,0.0
0,74,None,False,"32,44,12,31,22,6,125,62,4,137",0.8161184191703796,-1.7016088962554932,-0.6620920300483704,-1.0906175374984741,7.998687744140625,3.9085075855255127,-4.191098213195801,0.0,0.0,-4.191098213195801,-6.170284748077393,1.9791865348815918,0.6490234732627869,0.0,1.2382138967514038,0.6044151782989502,3.920372486114502,0.0
0,75,None,False,"32,44,12,31,22,6,125,62,4,137",0.7837028503417969,-1.458530306816101,-1.1787947416305542,-0.9949499368667603,7.999046325683594,4.885767936706543,-3.9463162422180176,0.0,0.0,-3.9463162422180176,-6.847363471984863,2.9010472297668457,0.7806667685508728,0.0,0.9354543685913086,0.4970438778400421,3.920372486114502,0.0
0,76,None,False,"32,44,12,31,22,6,125,62,4,137",1.087278962135315,-1.5569640398025513,-0.8382861018180847,-0.8165152668952942,7.998310565948486,6.57460355758667,-2.392216920852661,0.0,0.0,-2.392216920852661,-4.838073253631592,2.4458563327789307,0.4626029431819916,0.0,1.3417797088623047,0.5068022012710571,3.920372486114502,0.0
0,77,Struct Break (DC),True,"91,78,65,125,39,128,12,82,24,35",0.8309576511383057,-1.6386945247650146,-0.8699748516082764,-0.9677019119262695,7.9987616539001465,6.774576187133789,-2.1746039390563965,0.3200000047683716,0.800000011920929,-3.2946038246154785,-6.09736442565918,2.802760601043701,0.5514619946479797,2.686781883239746,1.255367398262024,0.4867640733718872,3.920372486114502,0.0
0,78,None,False,"91,78,65,125,39,128,12,82,24,35",0.8544551134109497,-1.716232419013977,-0.8596563339233398,-0.9083612561225891,7.998667240142822,5.166070938110352,-3.1505374908447266,0.0,0.0,-3.1505374908447266,-7.183283805847168,4.032746315002441,0.97428297996521,0.0,1.5752668380737305,0.4791249930858612,3.920372486114502,0.0
0,79,None,False,"91,78,65,125,39,128,12,82,24,35",0.9240887761116028,-1.7694438695907593,-1.077375888824463,-1.0957238674163818,7.9984917640686035,4.631811141967773,-1.9854437112808228,0.0,0.0,-1.9854437112808228,-6.093436241149902,4.107992649078369,0.9627243280410767,0.0,1.0614287853240967,0.46868592500686646,3.920372486114502,0.0
0,80,None,False,"91,78,65,125,39,128,12,82,24,35",0.6967905759811401,-1.7600029706954956,-0.8993735313415527,-1.0686206817626953,7.998863220214844,5.012930393218994,-1.4027982950210571,0.0,0.0,-1.4027982950210571,-5.323076248168945,3.9202780723571777,0.913133978843689,0.0,1.2934863567352295,0.5417967438697815,3.920372486114502,0.0
0,81,None,False,"91,78,65,125,39,128,12,82,24,35",1.041968822479248,-1.703371524810791,-0.8923704624176025,-0.8087137937545776,7.9987263679504395,5.08553409576416,-0.7048594951629639,0.0,0.0,-0.7048594951629639,-4.649991035461426,3.945131540298462,0.9149940609931946,0.0,1.4228326082229614,0.6376529335975647,3.920372486114502,0.0
0,82,None,False,"91,78,65,125,39,128,12,82,24,35",0.8375287055969238,-1.545533299446106,-0.9150062799453735,-0.8940829038619995,7.998932361602783,3.7326292991638184,0.35171806812286377,0.0,0.0,0.35171806812286377,-3.0233919620513916,3.375110149383545,0.6911038756370544,0.0,1.3140621185302734,0.5944098234176636,3.920372486114502,0.0
0,83,None,False,"91,78,65,125,39,128,12,82,24,35",1.0479599237442017,-1.6992144584655762,-1.0014678239822388,-1.1261634826660156,7.998751640319824,2.827799081802368,1.3134026527404785,0.0,0.0,1.3134026527404785,-0.9865224361419678,2.2999250888824463,0.494066447019577,0.0,1.6165223121643066,0.6228891611099243,3.920372486114502,0.0
0,84,None,False,"91,78,65,125,39,128,12,82,24,35",1.2850912809371948,-1.9663925170898438,-0.7809749841690063,-1.1684502363204956,7.998060703277588,4.3407721519470215,2.143911600112915,0.0,0.0,2.143911600112915,-0.8758068084716797,3.0197184085845947,0.6502689123153687,0.0,1.4747875928878784,0.5720552802085876,3.920372486114502,0.0
0,85,None,False,"91,78,65,125,39,128,12,82,24,35",1.2947208881378174,-1.6244919300079346,-0.9521646499633789,-0.9079442024230957,7.998494625091553,4.388453960418701,1.6189372539520264,0.0,0.0,1.6189372539520264,-0.6153583526611328,2.234295606613159,0.3039592206478119,0.0,1.8443506956100464,0.7114038467407227,3.920372486114502,0.0
0,86,None,False,"91,78,65,125,39,128,12,82,24,35",1.042465329170227,-1.5417906045913696,-1.0569427013397217,-0.8818639516830444,7.99859094619751,5.614924907684326,0.4187983572483063,0.0,0.0,0.4187983572483063,-1.4049172401428223,1.8237155675888062,0.1784590184688568,0.0,1.1421337127685547,0.6017017364501953,3.920372486114502,0.0
0,87,None,False,"91,78,65,125,39,128,12,82,24,35",0.9296352863311768,-1.6919574737548828,-0.9586442112922668,-0.9864647388458252,7.998865604400635,6.108031272888184,-0.332295298576355,0.0,0.0,-0.332295298576355,-1.7601728439331055,1.4278775453567505,0.11492742598056793,0.0,1.3908305168151855,0.5871208906173706,3.920372486114502,0.0
0,88,None,False,"91,78,65,125,39,128,12,82,24,35",0.9730521440505981,-1.7359315156936646,-0.9774774312973022,-0.8840411901473999,7.998839378356934,5.291003227233887,0.5300134420394897,0.0,0.0,0.5300134420394897,-0.953453779220581,1.4834672212600708,0.3588557243347168,0.0,1.5399084091186523,0.5844809412956238,3.920372486114502,0.0
0,89,None,False,"91,78,65,125,39,128,12,82,24,35",0.9179044365882874,-1.9009419679641724,-0.9387671947479248,-1.0878740549087524,7.9986491203308105,4.542546272277832,1.0530298948287964,0.0,0.0,1.0530298948287964,0.7185459136962891,0.3344839811325073,-0.06232680752873421,0.0,1.444711685180664,0.5439457297325134,3.920372486114502,0.0
0,90,None,False,"91,78,65,125,39,128,12,82,24,35",1.0279003381729126,-1.4460082054138184,-0.593346357345581,-0.9964522123336792,7.998761177062988,4.882623195648193,0.7509851455688477,0.0,0.0,0.7509851455688477,-0.7402420043945312,1.491227149963379,0.3538530766963959,0.0,1.225710153579712,0.5678793787956238,3.920372486114502,0.0
0,91,Schedule,True,"62,71,133,90,68,59,119,15,63,93",1.1743624210357666,-1.8677668571472168,-0.948739767074585,-1.0543015003204346,7.998400688171387,2.634495735168457,0.3426980972290039,0.4,1.0,-1.0573018789291382,1.962125301361084,-3.0194272994995117,-1.044209599494934,-5.232270240783691,1.6216673851013184,0.6885831356048584,3.920372486114502,0.0
0,92,None,False,"62,71,133,90,68,59,119,15,63,93",1.1596343517303467,-1.6111403703689575,-1.0152037143707275,-1.355662226676941,7.998406887054443,4.04999303817749,3.8009068965911865,0.0,0.0,3.8009068965911865,3.281402587890625,0.5195043087005615,-0.1487482488155365,0.0,1.3725759983062744,0.6031877994537354,3.920372486114502,0.0
0,93,None,False,"62,71,133,90,68,59,119,15,63,93",0.968892514705658,-1.733786702156067,-0.8078894019126892,-0.8112581372261047,7.998736381530762,4.975905418395996,3.9049365520477295,0.0,0.0,3.9049365520477295,2.7687549591064453,1.1361815929412842,-0.005284260958433151,0.0,1.3297619819641113,0.5576490163803101,3.920372486114502,0.0
0,94,None,False,"62,71,133,90,68,59,119,15,63,93",0.9849538207054138,-1.9041807651519775,-0.8033667206764221,-1.1384633779525757,7.998692989349365,4.892226696014404,3.685628652572632,0.0,0.0,3.685628652572632,2.1681904792785645,1.5174381732940674,0.07776611298322678,0.0,1.476106882095337,0.5758169889450073,3.920372486114502,0.0
0,95,None,False,"62,71,133,90,68,59,119,15,63,93",1.1052350997924805,-1.5370770692825317,-0.7235381007194519,-0.9759265780448914,7.998575687408447,4.3380632400512695,0.894237756729126,0.0,0.0,0.894237756729126,0.3415346145629883,0.5527031421661377,-0.07206948101520538,0.0,1.3456676006317139,0.6218241453170776,3.920372486114502,0.0
0,96,Struct Break (DC),True,"55,119,114,68,127,35,73,66,43,140",0.78476482629776,-1.4656596183776855,-0.7510575652122498,-0.7935559153556824,7.999073028564453,3.5920569896698,-0.5735975503921509,0.3200000047683716,0.800000011920929,-1.6935975551605225,0.3527998924255371,-2.0463974475860596,-0.7494540214538574,-3.7683985233306885,1.5401763916015625,0.5339169502258301,3.920372486114502,0.0
0,97,None,False,"55,119,114,68,127,35,73,66,43,140",1.2331382036209106,-1.626837134361267,-0.7413958311080933,-0.934926450252533,7.998531341552734,4.179083824157715,-2.947127342224121,0.0,0.0,-2.947127342224121,-2.0360231399536133,-0.9111042022705078,-0.3493717312812805,0.0,1.5481278896331787,0.5062853097915649,3.920372486114502,0.0
0,98,None,False,"55,119,114,68,127,35,73,66,43,140",1.032283902168274,-1.7347599267959595,-0.9517168998718262,-1.1087558269500732,7.998500347137451,3.496669292449951,-3.486849784851074,0.0,0.0,-3.486849784851074,-1.4308929443359375,-2.0559568405151367,-0.6482875347137451,0.0,1.5135163068771362,0.5922220349311829,3.920372486114502,0.0
0,99,None,False,"55,119,114,68,127,35,73,66,43,140",1.0379340648651123,-1.6265645027160645,-0.8918499946594238,-0.9489065408706665,7.998631477355957,4.943802356719971,-2.2121567726135254,0.0,0.0,-2.2121567726135254,-1.5928924083709717,-0.6192643642425537,-0.2768990695476532,0.0,1.3682775497436523,0.5748015642166138,3.920372486114502,0.0
0,100,None,False,"55,119,114,68,127,35,73,66,43,140",0.9098734259605408,-1.873780608177185,-0.8520992398262024,-1.0436211824417114,7.998838901519775,3.767902135848999,-1.056399941444397,0.0,0.0,-1.056399941444397,-0.369030237197876,-0.687369704246521,-0.2810063362121582,0.0,1.3957852125167847,0.6256476640701294,3.920372486114502,0.0
0,101,Struct Break (DC),True,"78,69,102,9,141,33,7,72,88,142",1.0498028993606567,-1.662600040435791,-0.7996621131896973,-0.9939678907394409,7.998318672180176,4.962138652801514,-1.8670624494552612,0.4,1.0,-3.2670624256134033,-0.6911635398864746,-2.5758988857269287,-0.7743521928787231,-3.8863425254821777,1.4357616901397705,0.5476784110069275,3.920372486114502,0.0
0,102,None,False,"78,69,102,9,141,33,7,72,88,142",1.044754981994629,-1.6425725221633911,-0.8432519435882568,-0.7860409021377563,7.998777866363525,3.8150875568389893,-3.1894338130950928,0.0,0.0,-3.1894338130950928,-2.32083797454834,-0.8685958385467529,-0.31587010622024536,0.0,1.2195876836776733,0.44747641682624817,3.920372486114502,0.0
0,103,None,False,"78,69,102,9,141,33,7,72,88,142",0.7060024738311768,-1.5453439950942993,-0.85341477394104,-0.8151040077209473,7.998941898345947,4.185600280761719,-4.100496292114258,0.0,0.0,-4.100496292114258,-4.3387770652771,0.2382807731628418,-0.0598423145711422,0.0,1.188232183456421,0.5278995633125305,3.920372486114502,0.0
0,104,None,False,"78,69,102,9,141,33,7,72,88,142",0.9897404313087463,-1.6363277435302734,-0.8404635787010193,-0.8775302767753601,7.998779773712158,5.604402542114258,-6.130557060241699,0.0,0.0,-6.130557060241699,-7.638192176818848,1.5076351165771484,0.22485089302062988,0.0,1.271771788597107,0.5307719111442566,3.920372486114502,0.0
0,105,Struct Break (DC),True,"79,131,83,93,44,130,118,51,128,13",1.0327109098434448,-1.472861886024475,-0.7319961786270142,-0.7082496881484985,7.998761177062988,3.812887668609619,-7.238128662109375,0.4,1.0,-8.638128280639648,-7.0311784744262695,-1.606949806213379,-0.6759088039398193,-3.4011588096618652,1.35178542137146,0.536705732345581,3.920372486114502,0.0
0,106,None,False,"79,131,83,93,44,130,118,51,128,13",0.6564120054244995,-1.497035264968872,-0.8202589154243469,-0.7830515503883362,7.998712539672852,5.216203689575195,-9.412522315979004,0.0,0.0,-9.412522315979004,-8.630603790283203,-0.7819185256958008,-0.5156276226043701,0.0,1.298447608947754,0.5808955430984497,3.920372486114502,0.0
0,107,None,False,"79,131,83,93,44,130,118,51,128,13",0.7061886191368103,-1.3904743194580078,-0.7574082612991333,-1.0339951515197754,7.9990434646606445,5.068681240081787,-9.763481140136719,0.0,0.0,-9.763481140136719,-9.869962692260742,0.10648155212402344,-0.16008219122886658,0.0,1.6043601036071777,0.5231928825378418,3.920372486114502,0.0
0,108,None,False,"79,131,83,93,44,130,118,51,128,13",1.0709614753723145,-1.6703776121139526,-0.8859963417053223,-0.8528414964675903,7.998730659484863,4.349278926849365,-7.900913715362549,0.0,0.0,-7.900913715362549,-9.082365036010742,1.1814513206481934,0.23519659042358398,0.0,1.579265832901001,0.4354408383369446,3.920372486114502,0.0
0,109,None,False,"79,131,83,93,44,130,118,51,128,13",0.8224125504493713,-1.6651111841201782,-0.8831208944320679,-0.8008093237876892,7.998830318450928,2.9580109119415283,-3.476858139038086,0.0,0.0,-3.476858139038086,-4.84086275100708,1.3640046119689941,0.29042762517929077,0.0,1.076491117477417,0.4594671130180359,3.920372486114502,0.0
0,110,None,False,"79,131,83,93,44,130,118,51,128,13",1.0327168703079224,-1.4649003744125366,-0.7041282057762146,-0.8636319041252136,7.998679161071777,3.70497727394104,-5.55910062789917,0.0,0.0,-5.55910062789917,-6.4117431640625,0.8526425361633301,0.16527917981147766,0.0,1.298900842666626,0.4942653179168701,3.920372486114502,0.0
0,111,Struct Break (DC),True,"116,133,80,22,20,73,14,59,1,26",0.9431027770042419,-1.6236138343811035,-1.0363576412200928,-0.8932601809501648,7.998504161834717,4.041017532348633,-2.6221370697021484,0.4,1.0,-4.02213716506958,-4.00981330871582,-0.012323856353759766,-0.042619720101356506,-0.261170357465744,1.1360509395599365,0.4338044226169586,3.920372486114502,0.0
0,112,None,False,"116,133,80,22,20,73,14,59,1,26",1.010803461074829,-1.6351094245910645,-0.8528795838356018,-0.997312605381012,7.998569488525391,4.989954948425293,-1.9515703916549683,0.0,0.0,-1.9515703916549683,-3.674650192260742,1.723079800605774,0.687022864818573,0.0,0.9307193756103516,0.44746875762939453,3.920372486114502,0.0
0,113,None,False,"116,133,80,22,20,73,14,59,1,26",1.2825742959976196,-1.9492740631103516,-0.923149585723877,-0.8468091487884521,7.9983038902282715,4.814191818237305,-1.2630057334899902,0.0,0.0,-1.2630057334899902,-2.2621572017669678,0.9991514682769775,0.5121859312057495,0.0,1.0122997760772705,0.40513771772384644,3.920372486114502,0.0
0,114,None,False,"116,133,80,22,20,73,14,59,1,26",1.1870415210723877,-1.572778582572937,-0.806249737739563,-0.9015183448791504,7.998446464538574,4.156925201416016,-3.1210052967071533,0.0,0.0,-3.1210052967071533,-4.200178146362305,1.0791728496551514,0.7158145308494568,0.0,1.0706573724746704,0.3921762704849243,3.920372486114502,0.0
0,115,None,False,"116,133,80,22,20,73,14,59,1,26",0.9652159214019775,-1.7101261615753174,-0.8951345086097717,-0.7581323981285095,7.998913288116455,2.7946152687072754,-1.2724274396896362,0.0,0.0,-1.2724274396896362,-4.268604278564453,2.9961767196655273,1.0806137323379517,0.0,0.7485668659210205,0.3818591833114624,3.920372486114502,0.0
0,116,None,False,"116,133,80,22,20,73,14,59,1,26",1.1729329824447632,-1.7475428581237793,-1.0875535011291504,-0.9892599582672119,7.998284339904785,3.715663433074951,-0.6329083442687988,0.0,0.0,-0.6329083442687988,-2.5242745876312256,1.8913662433624268,0.6594604849815369,0.0,0.9420948028564453,0.36654359102249146,3.920372486114502,0.0
0,117,None,False,"116,133,80,22,20,73,14,59,1,26",0.9182113409042358,-1.6644632816314697,-0.8763591051101685,-1.113647222518921,7.998770236968994,4.754092216491699,1.5831947326660156,0.0,0.0,1.5831947326660156,-0.16387104988098145,1.747065782546997,0.3992950916290283,0.0,0.6817957758903503,0.3576749861240387,3.920372486114502,0.0
0,118,None,False,"116,133,80,22,20,73,14,59,1,26",1.000240445137024,-1.722313642501831,-1.0962677001953125,-0.8416520357131958,7.998417854309082,5.451066017150879,6.679610729217529,0.0,0.0,6.679610729217529,3.491854667663574,3.187756061553955,0.8171024322509766,0.0,0.6617686748504639,0.32860368490219116,3.920372486114502,0.0
0,119,None,False,"116,133,80,22,20,73,14,59,1,26",1.0368000268936157,-1.375352144241333,-0.9429288506507874,-0.8525615334510803,7.998844623565674,6.391322135925293,4.337056636810303,0.0,0.0,4.337056636810303,1.4969110488891602,2.8401455879211426,0.6273899674415588,0.0,1.001299262046814,0.3572123646736145,3.920372486114502,0.0
0,120,None,False,"116,133,80,22,20,73,14,59,1,26",1.1991699934005737,-1.5500571727752686,-0.8927568197250366,-0.9587377309799194,7.998372554779053,5.7635498046875,6.812463760375977,0.0,0.0,6.812463760375977,3.5150527954101562,3.2974109649658203,0.6962211728096008,0.0,0.6049239039421082,0.3582245707511902,3.920372486114502,0.0
0,121,None,False,"116,133,80,22,20,73,14,59,1,26",1.0547239780426025,-1.7595652341842651,-0.8510550260543823,-0.87547767162323,7.998722076416016,4.836444854736328,7.304202556610107,0.0,0.0,7.304202556610107,4.822981357574463,2.4812211990356445,0.4635576605796814,0.0,0.8539125323295593,0.4712560474872589,3.920372486114502,0.0
0,122,None,False,"116,133,80,22,20,73,14,59,1,26",1.0249381065368652,-1.70691978931427,-1.005064606666565,-0.9769071340560913,7.99838399887085,5.5344061851501465,8.378623008728027,0.0,0.0,8.378623008728027,5.792391300201416,2.5862317085266113,0.4690594971179962,0.0,0.8429974317550659,0.4241733253002167,3.920372486114502,0.0
0,123,Struct Break (DC),True,"94,64,136,105,33,32,31,4,119,139",1.249023199081421,-1.2585572004318237,-0.6543369889259338,-0.8474041819572449,7.998300075531006,7.167569637298584,2.689176321029663,0.4,1.0,1.289176344871521,2.153611183166504,-0.8644348382949829,-0.5532245635986328,-2.7901456356048584,1.2888073921203613,0.4129551649093628,3.920372486114502,0.0
0,124,None,False,"94,64,136,105,33,32,31,4,119,139",0.9289442300796509,-1.9516299962997437,-1.1272588968276978,-0.844657301902771,7.9984965324401855,7.723659992218018,4.665042877197266,0.0,0.0,4.665042877197266,4.273533821105957,0.3915090560913086,-0.22359496355056763,0.0,1.2811769247055054,0.4029504060745239,3.920372486114502,0.0
0,125,None,False,"94,64,136,105,33,32,31,4,119,139",1.111270785331726,-1.6773004531860352,-0.7617868781089783,-0.9414434432983398,7.99876594543457,6.247815132141113,3.344531774520874,0.0,0.0,3.344531774520874,3.4255385398864746,-0.08100676536560059,-0.37500253319740295,0.0,1.0372915267944336,0.4142414629459381,3.920372486114502,0.0
0,126,None,False,"94,64,136,105,33,32,31,4,119,139",0.9414150714874268,-1.5928348302841187,-0.9763897657394409,-1.0942195653915405,7.998924732208252,3.6827034950256348,4.046667575836182,0.0,0.0,4.046667575836182,5.2959442138671875,-1.2492766380310059,-0.721971869468689,0.0,1.241798758506775,0.4361911416053772,3.920372486114502,0.0
0,127,None,False,"94,64,136,105,33,32,31,4,119,139",1.0616344213485718,-1.3020988702774048,-0.9297606945037842,-0.8954671621322632,7.9988322257995605,3.1730477809906006,2.059292793273926,0.0,0.0,2.059292793273926,3.222382068634033,-1.1630892753601074,-0.6671711206436157,0.0,1.2896525859832764,0.4702274799346924,3.920372486114502,0.0
0,0,Schedule | Regime Shift (Initial),True,"37,128,123,49,20,115,101,50,130,86",0.8781148791313171,-1.2150590419769287,-0.7313513159751892,-0.9165781736373901,7.998898029327393,3.4533851146698,-5.31433629989624,0.0,0.0,-5.31433629989624,-5.489766597747803,0.1754302978515625,-0.053559765219688416,-0.31531888246536255,0.8412664532661438,0.5880239009857178,2.4947400093078613,0.0
0,1,None,False,"37,128,123,49,20,115,101,50,130,86",0.8348443508148193,-1.3213297128677368,-0.7668240070343018,-1.1919187307357788,7.9988789558410645,3.451364517211914,-6.4486188888549805,0.0,0.0,-6.4486188888549805,-6.027710437774658,-0.42090845108032227,-0.15584243834018707,0.0,0.7471442818641663,0.4722384512424469,2.4947400093078613,0.0
0,2,None,False,"37,128,123,49,20,115,101,50,130,86",0.8201965689659119,-1.3048534393310547,-0.7804737091064453,-1.0318570137023926,7.998665809631348,5.07717752456665,-4.810171604156494,0.0,0.0,-4.810171604156494,-6.365644931793213,1.5554733276367188,0.6232919692993164,0.0,1.238126516342163,0.46982288360595703,2.4947400093078613,0.0
0,3,None,False,"37,128,123,49,20,115,101,50,130,86",0.8737604022026062,-1.3493036031723022,-0.9402276873588562,-1.0328900814056396,7.998684883117676,5.34912633895874,-4.934993267059326,0.0,0.0,-4.934993267059326,-6.291210651397705,1.356217384338379,0.7709729671478271,0.0,1.1533122062683105,0.5336637496948242,2.4947400093078613,0.0
0,4,None,False,"37,128,123,49,20,115,101,50,130,86",0.843520998954773,-1.3851492404937744,-0.6913853287696838,-0.9477517604827881,7.998661041259766,3.3590033054351807,-7.730968475341797,0.0,0.0,-7.730968475341797,-7.541632652282715,-0.18933582305908203,-0.0993478074669838,0.0,0.7608896493911743,0.5546980500221252,2.4947400093078613,0.0
0,5,Struct Break (DC),True,"110,13,104,56,124,36,123,69,105,111",0.9454583525657654,-1.204893708229065,-0.6713926792144775,-1.1881728172302246,7.998667240142822,5.146424293518066,-3.5351521968841553,0.35999999046325687,0.8999999761581421,-4.795152187347412,-6.037097930908203,1.241945743560791,0.5740442276000977,2.797497272491455,1.1338447332382202,0.5214301347732544,2.4947400093078613,0.0
0,6,None,False,"110,13,104,56,124,36,123,69,105,111",0.9044716358184814,-1.2172629833221436,-0.7273996472358704,-1.0476560592651367,7.998692989349365,4.061882495880127,-3.5385518074035645,0.0,0.0,-3.5385518074035645,-8.431190490722656,4.892638683319092,1.6257810592651367,0.0,1.0414083003997803,0.5354695916175842,2.4947400093078613,0.0
0,7,None,False,"110,13,104,56,124,36,123,69,105,111",0.8143571615219116,-1.3136143684387207,-0.9022232294082642,-1.0954328775405884,7.9986982345581055,2.9406518936157227,-3.5896687507629395,0.0,0.0,-3.5896687507629395,-6.69681453704834,3.1071457862854004,1.1321721076965332,0.0,1.0063438415527344,0.5838282108306885,2.4947400093078613,0.0
0,8,None,False,"110,13,104,56,124,36,123,69,105,111",1.2851274013519287,-1.4299349784851074,-0.7376675605773926,-1.2921777963638306,7.997832775115967,5.919776916503906,-2.0403265953063965,0.0,0.0,-2.0403265953063965,-5.673212051391602,3.632885456085205,1.4234241247177124,0.0,1.120398759841919,0.7166717052459717,2.4947400093078613,0.0
0,9,None,False,"110,13,104,56,124,36,123,69,105,111",0.7707266807556152,-1.254734992980957,-0.6661442518234253,-1.0056695938110352,7.99879789352417,6.7235589027404785,-2.743682861328125,0.0,0.0,-2.743682861328125,-6.667703628540039,3.924020767211914,1.150023102760315,0.0,1.1340564489364624,0.7541893720626831,2.4947400093078613,0.0
0,10,None,False,"110,13,104,56,124,36,123,69,105,111",0.9944274425506592,-1.239211916923523,-0.8038662672042847,-1.0762296915054321,7.998623371124268,4.209957599639893,-0.8422863483428955,0.0,0.0,-0.8422863483428955,-5.282711982727051,4.440425872802734,1.1354708671569824,0.0,1.4648311138153076,0.6910338401794434,2.4947400093078613,0.0
0,11,None,False,"110,13,104,56,124,36,123,69,105,111",0.7421069145202637,-1.3776884078979492,-0.7895783185958862,-1.3554189205169678,7.998683452606201,5.876395225524902,0.6841766834259033,0.0,0.0,0.6841766834259033,-4.53515625,5.219332695007324,1.406135082244873,0.0,1.1516079902648926,0.7825283408164978,2.4947400093078613,0.0
0,12,None,False,"110,13,104,56,124,36,123,69,105,111",0.7735363841056824,-1.235575795173645,-0.8037385940551758,-1.1822857856750488,7.998767375946045,5.292990207672119,1.0726630687713623,0.0,0.0,1.0726630687713623,-4.330599308013916,5.403262138366699,1.4238903522491455,0.0,0.981408953666687,0.5676159858703613,2.4947400093078613,0.0
0,13,None,False,"110,13,104,56,124,36,123,69,105,111",0.8168799877166748,-1.2780944108963013,-0.6467322111129761,-1.0202964544296265,7.99877405166626,5.302639007568359,2.1742587089538574,0.0,0.0,2.1742587089538574,-2.953273057937622,5.127532005310059,1.5022929906845093,0.0,1.1525440216064453,0.6770775318145752,2.4947400093078613,0.0
0,14,None,False,"110,13,104,56,124,36,123,69,105,111",0.7509902715682983,-1.8099935054779053,-0.6609069108963013,-1.0715246200561523,7.998903274536133,4.537384033203125,0.6936788558959961,0.0,0.0,0.6936788558959961,-1.3904690742492676,2.0841479301452637,0.8627400398254395,0.0,1.3534789085388184,0.6677974462509155,2.4947400093078613,0.0
0,15,None,False,"110,13,104,56,124,36,123,69,105,111",0.8693511486053467,-1.7186203002929688,-0.7788074016571045,-1.0603426694869995,7.998228549957275,7.559689998626709,-1.6637331247329712,0.0,0.0,-1.6637331247329712,-0.40290355682373047,-1.2608295679092407,-0.3802746534347534,0.0,0.9570115804672241,0.5880857110023499,2.4947400093078613,0.0
0,16,None,False,"110,13,104,56,124,36,123,69,105,111",0.9780358076095581,-1.785709023475647,-0.8547792434692383,-0.9310023784637451,7.998178005218506,6.323010444641113,-0.5528020858764648,0.0,0.0,-0.5528020858764648,1.4995694160461426,-2.0523715019226074,-0.7082748413085938,0.0,1.017064094543457,0.6235567331314087,2.4947400093078613,0.0
0,17,None,False,"110,13,104,56,124,36,123,69,105,111",0.7984144687652588,-1.7711410522460938,-0.6346303820610046,-0.9077173471450806,7.9988837242126465,5.3997578620910645,0.38305342197418213,0.0,0.0,0.38305342197418213,3.057563304901123,-2.6745100021362305,-0.8137232065200806,0.0,1.0531139373779297,0.6703696846961975,2.4947400093078613,0.0
0,18,None,False,"110,13,104,56,124,36,123,69,105,111",0.9051743745803833,-1.659687876701355,-0.7707921862602234,-1.0650765895843506,7.9984822273254395,6.215007781982422,2.316025972366333,0.0,0.0,2.316025972366333,4.242563247680664,-1.926537275314331,-0.7592388391494751,0.0,1.3568419218063354,0.6797508597373962,2.4947400093078613,0.0
0,19,Schedule,True,"23,4,53,42,41,5,51,118,95,90",0.8004566431045532,-1.756791591644287,-0.8686981797218323,-1.013840913772583,7.998830795288086,5.402573585510254,-0.018272995948791504,0.4,1.0,-1.4182729721069336,2.5238990783691406,-3.942172050476074,-1.309053659439087,-6.547682285308838,1.225566029548645,0.6417726278305054,2.4947400093078613,0.0
0,20,None,False,"23,4,53,42,41,5,51,118,95,90",0.7716809511184692,-1.7656409740447998,-1.007485270500183,-0.8789047002792358,7.998267650604248,6.4684953689575195,1.6845952272415161,0.0,0.0,1.6845952272415161,4.329133033752441,-2.644537925720215,-0.8893005847930908,0.0,1.1593844890594482,0.6767772436141968,2.4947400093078613,0.0
0,21,None,False,"23,4,53,42,41,5,51,118,95,90",1.0290979146957397,-1.6075454950332642,-0.7926684021949768,-1.042917251586914,7.998472690582275,6.696797847747803,1.8934279680252075,0.0,0.0,1.8934279680252075,2.8637051582336426,-0.9702771902084351,-0.3657837212085724,0.0,1.5281392335891724,0.5794073343276978,2.4947400093078613,0.0
0,22,None,False,"23,4,53,42,41,5,51,118,95,90",0.928550660610199,-1.8808486461639404,-0.8829082250595093,-1.1184669733047485,7.998754978179932,6.098715782165527,0.8794307708740234,0.0,0.0,0.8794307708740234,2.44596004486084,-1.5665292739868164,-0.4627004861831665,0.0,1.0325534343719482,0.473708838224411,2.4947400093078613,0.0
0,23,None,False,"23,4,53,42,41,5,51,118,95,90",0.8637629151344299,-1.987961769104004,-0.8579932451248169,-1.1902284622192383,7.9987406730651855,4.673182487487793,0.6679642200469971,0.0,0.0,0.6679642200469971,4.199182987213135,-3.5312187671661377,-0.8468767404556274,0.0,0.8792246580123901,0.4701833128929138,2.4947400093078613,0.0
0,24,None,False,"23,4,53,42,41,5,51,118,95,90",0.8777520656585693,-1.4853651523590088,-0.8911539912223816,-0.8555320501327515,7.998602390289307,4.509881496429443,1.413123607635498,0.0,0.0,1.413123607635498,2.6071786880493164,-1.1940550804138184,-0.28927507996559143,0.0,1.0909115076065063,0.466623455286026,2.4947400093078613,0.0
0,25,None,False,"23,4,53,42,41,5,51,118,95,90",0.7734673023223877,-1.9436767101287842,-0.7803622484207153,-0.8323325514793396,7.998981952667236,5.559746742248535,-0.7833969593048096,0.0,0.0,-0.7833969593048096,-0.4819631576538086,-0.301433801651001,-0.034730516374111176,0.0,0.8336111903190613,0.4131403863430023,2.4947400093078613,0.0
0,26,Struct Break (DC),True,"29,124,49,106,70,28,94,85,84,96",0.94537353515625,-1.5562201738357544,-0.6878576278686523,-0.8286066055297852,7.998782157897949,4.848825931549072,-4.354668617248535,0.4,1.0,-5.754668712615967,0.3869295120239258,-6.141598224639893,-1.0937256813049316,-5.478183746337891,1.0953874588012695,0.41071081161499023,2.4947400093078613,0.0
0,27,None,False,"29,124,49,106,70,28,94,85,84,96",0.6947342753410339,-1.5755832195281982,-0.8691638708114624,-0.9630078077316284,7.999161243438721,4.557450294494629,-5.03187894821167,0.0,0.0,-5.03187894821167,-0.853729248046875,-4.178149700164795,-0.8621821999549866,0.0,1.1400254964828491,0.4746209681034088,2.4947400093078613,0.0
0,28,None,False,"29,124,49,106,70,28,94,85,84,96",0.8986740708351135,-1.4822310209274292,-0.8078253865242004,-1.0872478485107422,7.998403072357178,6.616400241851807,-3.8777568340301514,0.0,0.0,-3.8777568340301514,-1.1723875999450684,-2.705369234085083,-0.922092854976654,0.0,1.1209570169448853,0.5037369728088379,2.4947400093078613,0.0
0,29,None,False,"29,124,49,106,70,28,94,85,84,96",0.82121741771698,-1.5585139989852905,-0.7454233169555664,-0.8646518588066101,7.998691558837891,5.8507232666015625,-2.5127148628234863,0.0,0.0,-2.5127148628234863,-0.7446169853210449,-1.7680978775024414,-0.6871921420097351,0.0,1.2108336687088013,0.4524584114551544,2.4947400093078613,0.0
0,30,None,False,"29,124,49,106,70,28,94,85,84,96",0.7774477601051331,-1.3143994808197021,-0.7568389177322388,-1.0750749111175537,7.998782157897949,4.004651069641113,-3.266345262527466,0.0,0.0,-3.266345262527466,-2.27280855178833,-0.9935367107391357,-0.505129337310791,0.0,1.308506727218628,0.4563038945198059,2.4947400093078613,0.0
0,31,None,False,"29,124,49,106,70,28,94,85,84,96",0.8430421948432922,-1.414027452468872,-0.8150036931037903,-1.064415693283081,7.99898624420166,4.55294942855835,-4.080913066864014,0.0,0.0,-4.080913066864014,-4.200398921966553,0.11948585510253906,-0.28327304124832153,0.0,1.1158819198608398,0.39158350229263306,2.4947400093078613,0.0
0,32,None,False,"29,124,49,106,70,28,94,85,84,96",0.8630294799804688,-1.628556728363037,-0.8187918663024902,-1.0038923025131226,7.998985290527344,4.306318759918213,-4.849966049194336,0.0,0.0,-4.849966049194336,-4.486900329589844,-0.3630657196044922,-0.34245067834854126,0.0,1.291215419769287,0.5676801204681396,2.4947400093078613,0.0
0,33,None,False,"29,124,49,106,70,28,94,85,84,96",1.0785235166549683,-1.6043421030044556,-0.963220477104187,-0.7607176303863525,7.998288154602051,4.54852819442749,-5.006771087646484,0.0,0.0,-5.006771087646484,-3.7784814834594727,-1.2282896041870117,-0.5305359363555908,0.0,1.1311330795288086,0.5901260375976562,2.4947400093078613,0.0
0,34,None,False,"29,124,49,106,70,28,94,85,84,96",1.1029108762741089,-1.8742808103561401,-0.7496579885482788,-1.0923336744308472,7.997752666473389,5.838744640350342,-5.274526119232178,0.0,0.0,-5.274526119232178,-4.410928726196289,-0.8635973930358887,-0.49783042073249817,0.0,1.272324562072754,0.7448044419288635,2.4947400093078613,0.0
0,35,None,False,"29,124,49,106,70,28,94,85,84,96",0.810457170009613,-1.4661424160003662,-0.959762454032898,-0.911342978477478,7.999196529388428,7.0425825119018555,-5.944703102111816,0.0,0.0,-5.944703102111816,-5.966109275817871,0.021406173706054688,-0.3136962652206421,0.0,1.3485957384109497,0.7308593988418579,2.4947400093078613,0.0
0,36,None,False,"29,124,49,106,70,28,94,85,84,96",0.8233694434165955,-1.5463582277297974,-0.7195486426353455,-0.9165212512016296,7.998874187469482,5.594318389892578,-4.033694267272949,0.0,0.0,-4.033694267272949,-4.352772235870361,0.3190779685974121,-0.18129993975162506,0.0,1.3870282173156738,0.6211867332458496,2.4947400093078613,0.0
0,37,None,False,"29,124,49,106,70,28,94,85,84,96",0.7491039037704468,-1.4192991256713867,-0.9861487150192261,-0.9004233479499817,7.998632907867432,6.013907432556152,-3.4022045135498047,0.0,0.0,-3.4022045135498047,-2.769690752029419,-0.6325137615203857,-0.42088159918785095,0.0,1.299329400062561,0.7343437671661377,2.4947400093078613,0.0
0,38,None,False,"29,124,49,106,70,28,94,85,84,96",0.9890925288200378,-1.6955986022949219,-1.0389032363891602,-0.846627950668335,7.998389720916748,5.7111945152282715,-2.6516640186309814,0.0,0.0,-2.6516640186309814,-1.749664545059204,-0.9019994735717773,-0.5171526074409485,0.0,1.474075198173523,0.6245262622833252,2.4947400093078613,0.0
0,39,Struct Break (DC),True,"2,48,103,99,83,108,55,46,40,42",0.9686011075973511,-1.6133378744125366,-0.8939372301101685,-1.0345369577407837,7.998654842376709,4.628152370452881,2.1732192039489746,0.4,1.0,0.7732192277908325,3.0710816383361816,-2.2978625297546387,-0.8648192882537842,-4.346555233001709,1.6515618562698364,0.7067404985427856,2.4947400093078613,0.0
0,40,None,False,"2,48,103,99,83,108,55,46,40,42",1.054968237876892,-1.616525650024414,-0.7405574917793274,-0.8527456521987915,7.998124599456787,3.8591785430908203,2.4533915519714355,0.0,0.0,2.4533915519714355,1.8727779388427734,0.5806136131286621,-0.11910400539636612,0.0,1.1054176092147827,0.7574099898338318,2.4947400093078613,0.0
0,41,None,False,"2,48,103,99,83,108,55,46,40,42",1.1810340881347656,-1.8154001235961914,-0.6484262943267822,-1.1091614961624146,7.998010158538818,4.864308834075928,2.9478585720062256,0.0,0.0,2.9478585720062256,3.258669376373291,-0.31081080436706543,-0.3266197741031647,0.0,1.6033978462219238,0.8050490617752075,2.4947400093078613,0.0
0,42,None,False,"2,48,103,99,83,108,55,46,40,42",0.8812410831451416,-1.6414275169372559,-0.6823018789291382,-0.8156187534332275,7.998904705047607,4.891643524169922,1.4719194173812866,0.0,0.0,1.4719194173812866,2.441287040710449,-0.9693676233291626,-0.21125899255275726,0.0,1.3502421379089355,0.8080528974533081,2.4947400093078613,0.0
0,43,None,False,"2,48,103,99,83,108,55,46,40,42",0.869315505027771,-1.5255318880081177,-0.7737277150154114,-0.8773174285888672,7.998847961425781,5.047518730163574,2.4938721656799316,0.0,0.0,2.4938721656799316,3.329038619995117,-0.8351664543151855,-0.17558570206165314,0.0,1.5662078857421875,0.8092443346977234,2.4947400093078613,0.0
0,44,None,False,"2,48,103,99,83,108,55,46,40,42",0.9262919425964355,-1.6323068141937256,-0.6352155208587646,-0.6855385899543762,7.998929023742676,3.8905820846557617,1.4183294773101807,0.0,0.0,1.4183294773101807,3.2428741455078125,-1.8245446681976318,-0.4418729543685913,0.0,1.3747644424438477,0.8119610548019409,2.4947400093078613,0.0
0,45,None,False,"2,48,103,99,83,108,55,46,40,42",1.0196444988250732,-1.764007329940796,-0.7664365172386169,-1.042326807975769,7.998177528381348,5.891097545623779,2.487208843231201,0.0,0.0,2.487208843231201,5.615234375,-3.128025531768799,-1.0609210729599,0.0,1.8111886978149414,0.8318304419517517,2.4947400093078613,0.0
0,46,None,False,"2,48,103,99,83,108,55,46,40,42",0.8750491738319397,-1.4814313650131226,-0.9003370404243469,-0.82269287109375,7.999027252197266,6.404048919677734,2.691570997238159,0.0,0.0,2.691570997238159,5.064284801483154,-2.372713804244995,-0.8232531547546387,0.0,1.467515468597412,0.7316041588783264,2.4947400093078613,0.0
0,47,None,False,"2,48,103,99,83,108,55,46,40,42",0.8282615542411804,-1.3998653888702393,-0.684018611907959,-0.9670106172561646,7.998790740966797,5.204567909240723,4.529454708099365,0.0,0.0,4.529454708099365,4.452908039093018,0.07654666900634766,0.15387046337127686,0.0,1.778093695640564,0.7120444774627686,2.4947400093078613,0.0
0,48,None,False,"2,48,103,99,83,108,55,46,40,42",0.8826586604118347,-1.4229902029037476,-0.7270805239677429,-1.109885334968567,7.9990081787109375,3.755363941192627,6.351727485656738,0.0,0.0,6.351727485656738,5.870401859283447,0.481325626373291,0.17980046570301056,0.0,1.3237144947052002,0.6925914287567139,2.4947400093078613,0.0
0,49,None,False,"2,48,103,99,83,108,55,46,40,42",0.880317211151123,-1.724930763244629,-0.8083616495132446,-1.1411781311035156,7.998394966125488,4.356115818023682,7.681849002838135,0.0,0.0,7.681849002838135,9.286319732666016,-1.6044707298278809,-0.420138418674469,0.0,1.1549440622329712,0.6561793684959412,2.4947400093078613,0.0
0,50,None,False,"2,48,103,99,83,108,55,46,40,42",0.7818883657455444,-1.4023982286453247,-0.6937812566757202,-0.9113684296607971,7.9992780685424805,5.396829128265381,6.58795690536499,0.0,0.0,6.58795690536499,8.012008666992188,-1.4240517616271973,-0.4862827956676483,0.0,1.2156344652175903,0.7060946822166443,2.4947400093078613,0.0
0,51,Struct Break (DC),True,"16,77,41,1,49,52,74,126,50,6",0.9398589134216309,-1.3230419158935547,-0.8081167340278625,-0.7745479345321655,7.998631954193115,5.871248722076416,8.560748100280762,0.4,1.0,7.16074800491333,4.430103302001953,2.730644702911377,0.8924832344055176,4.384486675262451,1.4061775207519531,0.6042822599411011,2.4947400093078613,0.0
0,52,None,False,"16,77,41,1,49,52,74,126,50,6",1.1339044570922852,-1.6347849369049072,-0.4572003483772278,-1.0673391819000244,7.998129844665527,8.625628471374512,7.143922328948975,0.0,0.0,7.143922328948975,3.8982272148132324,3.245695114135742,0.8691489696502686,0.0,1.1621875762939453,0.5790938138961792,2.4947400093078613,0.0
0,53,None,False,"16,77,41,1,49,52,74,126,50,6",0.8502799868583679,-1.5714155435562134,-0.7456616163253784,-0.8071742057800293,7.998909950256348,7.049959182739258,7.769118309020996,0.0,0.0,7.769118309020996,3.422820568084717,4.346297740936279,1.164188027381897,0.0,1.2805474996566772,0.6188674569129944,2.4947400093078613,0.0
0,54,None,False,"16,77,41,1,49,52,74,126,50,6",1.005784273147583,-1.3978900909423828,-0.6937506794929504,-0.9714614748954773,7.998253345489502,4.831151485443115,7.662613868713379,0.0,0.0,7.662613868713379,3.5044431686401367,4.158170700073242,1.2044010162353516,0.0,1.2101716995239258,0.4211990237236023,2.4947400093078613,0.0
0,55,None,False,"16,77,41,1,49,52,74,126,50,6",1.0766749382019043,-1.4449152946472168,-0.6068158149719238,-0.9513329267501831,7.998260021209717,3.5124807357788086,6.28422737121582,0.0,0.0,6.28422737121582,3.399169445037842,2.8850579261779785,0.8708195090293884,0.0,1.1808720827102661,0.44161465764045715,2.4947400093078613,0.0
0,56,None,False,"16,77,41,1,49,52,74,126,50,6",0.9955934882164001,-1.5404068231582642,-0.7585604786872864,-0.856894314289093,7.998324871063232,5.527297496795654,2.8604416847229004,0.0,0.0,2.8604416847229004,2.4484634399414062,0.41197824478149414,0.08604108542203903,0.0,1.033490777015686,0.4923529624938965,2.4947400093078613,0.0
0,57,None,False,"16,77,41,1,49,52,74,126,50,6",1.0736792087554932,-1.829568862915039,-0.7574201822280884,-0.9332845211029053,7.998310089111328,7.058175563812256,0.7831727862358093,0.0,0.0,0.7831727862358093,1.0297417640686035,-0.2465689778327942,0.13733328878879547,0.0,0.83863365650177,0.4585856795310974,2.4947400093078613,0.0
0,58,None,False,"16,77,41,1,49,52,74,126,50,6",0.9689301252365112,-1.7670750617980957,-0.854162335395813,-0.817448079586029,7.9985246658325195,5.882084846496582,1.7956799268722534,0.0,0.0,1.7956799268722534,1.8944501876831055,-0.09877026081085205,0.09392917901277542,0.0,1.0152034759521484,0.37936604022979736,2.4947400093078613,0.0
0,59,None,False,"16,77,41,1,49,52,74,126,50,6",0.9566341042518616,-1.46482515335083,-0.8938939571380615,-0.8125090599060059,7.9987711906433105,5.152848720550537,1.2634271383285522,0.0,0.0,1.2634271383285522,1.690506935119629,-0.42707979679107666,-0.03975944593548775,0.0,0.8603834509849548,0.47755733132362366,2.4947400093078613,0.0
0,60,None,False,"16,77,41,1,49,52,74,126,50,6",0.9310099482536316,-1.549850344657898,-0.9609005451202393,-1.061470627784729,7.9988932609558105,6.455212116241455,2.2405128479003906,0.0,0.0,2.2405128479003906,4.16792631149292,-1.9274134635925293,-0.6245340704917908,0.0,0.9686419367790222,0.43340057134628296,2.4947400093078613,0.0
0,61,None,False,"16,77,41,1,49,52,74,126,50,6",0.8764694333076477,-1.762649416923523,-0.9254032969474792,-0.8254327774047852,7.998742580413818,4.448613166809082,1.0377329587936401,0.0,0.0,1.0377329587936401,4.432129859924316,-3.3943967819213867,-1.2579337358474731,0.0,1.0564934015274048,0.391238808631897,2.4947400093078613,0.0
0,62,None,False,"16,77,41,1,49,52,74,126,50,6",0.965604305267334,-1.7161186933517456,-0.8416980504989624,-0.9577659368515015,7.998448848724365,5.149303436279297,0.1936185359954834,0.0,0.0,0.1936185359954834,3.6960482597351074,-3.502429723739624,-1.2540698051452637,0.0,1.3126081228256226,0.3914755582809448,2.4947400093078613,0.0
0,63,None,False,"16,77,41,1,49,52,74,126,50,6",0.9710496664047241,-1.42145574092865,-0.6848323941230774,-1.0735417604446411,7.998678207397461,3.734672784805298,-1.474522352218628,0.0,0.0,-1.474522352218628,1.7160534858703613,-3.1905758380889893,-1.2824044227600098,0.0,0.8048535585403442,0.4314393997192383,2.4947400093078613,0.0
0,64,None,False,"16,77,41,1,49,52,74,126,50,6",0.9650809168815613,-1.7562224864959717,-0.8196747303009033,-0.8960360288619995,7.998759746551514,4.495800018310547,-1.1722230911254883,0.0,0.0,-1.1722230911254883,0.33113956451416016,-1.5033626556396484,-0.5782462358474731,0.0,0.8501163721084595,0.5731484889984131,2.4947400093078613,0.0
0,65,Schedule,True,"5,81,48,73,103,135,54,118,13,7",0.910630464553833,-1.695733666419983,-0.6445276737213135,-1.0853599309921265,7.998387813568115,4.5091705322265625,3.1930911540985107,0.4,1.0,1.7930911779403687,3.0080080032348633,-1.2149168252944946,-0.42909643054008484,-2.1809804439544678,0.9716925024986267,0.5738644599914551,2.4947400093078613,0.0
0,66,None,False,"5,81,48,73,103,135,54,118,13,7",0.7891899347305298,-1.4248400926589966,-1.104973554611206,-1.0175275802612305,7.998974800109863,6.694801330566406,1.6062110662460327,0.0,0.0,1.6062110662460327,3.3008456230163574,-1.6946345567703247,-0.5998900532722473,0.0,0.9317905306816101,0.4776064455509186,2.4947400093078613,0.0
0,67,None,False,"5,81,48,73,103,135,54,118,13,7",0.8658015727996826,-1.4058482646942139,-0.7686992883682251,-0.9375782012939453,7.998993396759033,4.853597164154053,-1.6663694381713867,0.0,0.0,-1.6663694381713867,1.7984628677368164,-3.464832305908203,-1.0012935400009155,0.0,1.1047539710998535,0.5354151129722595,2.4947400093078613,0.0
0,68,None,False,"5,81,48,73,103,135,54,118,13,7",1.2428526878356934,-1.6839969158172607,-0.8710302710533142,-0.9804663062095642,7.997878074645996,6.8841872215271,-1.4998888969421387,0.0,0.0,-1.4998888969421387,3.941798210144043,-5.441687107086182,-1.6215808391571045,0.0,0.8497000932693481,0.45396021008491516,2.4947400093078613,0.0
0,69,None,False,"5,81,48,73,103,135,54,118,13,7",1.2269001007080078,-1.5485283136367798,-0.6394134759902954,-1.0211831331253052,7.997922897338867,5.5973711013793945,0.23448704183101654,0.0,0.0,0.23448704183101654,5.106747150421143,-4.872260093688965,-1.4177632331848145,0.0,0.8329664468765259,0.38065916299819946,2.4947400093078613,0.0
0,70,None,False,"5,81,48,73,103,135,54,118,13,7",1.2093603610992432,-1.4969335794448853,-0.6241524815559387,-0.9432406425476074,7.9978413581848145,6.084889888763428,1.9493509531021118,0.0,0.0,1.9493509531021118,7.7315568923950195,-5.782206058502197,-1.5962716341018677,0.0,0.902787983417511,0.4567468464374542,2.4947400093078613,0.0
0,71,None,False,"5,81,48,73,103,135,54,118,13,7",1.120965600013733,-1.7132676839828491,-0.7048817276954651,-0.9436187744140625,7.998134136199951,3.964118242263794,4.675506591796875,0.0,0.0,4.675506591796875,8.879399299621582,-4.203892707824707,-1.151625394821167,0.0,1.054928183555603,0.41638869047164917,2.4947400093078613,0.0
0,72,None,False,"5,81,48,73,103,135,54,118,13,7",0.884324848651886,-1.4763834476470947,-0.7609915137290955,-1.1507807970046997,7.998825550079346,5.264316082000732,3.734060049057007,0.0,0.0,3.734060049057007,7.3783278465271,-3.6442677974700928,-1.0960261821746826,0.0,1.0589427947998047,0.4034825563430786,2.4947400093078613,0.0
0,73,None,False,"5,81,48,73,103,135,54,118,13,7",0.8392987847328186,-1.464246153831482,-0.6507087349891663,-0.743942379951477,7.998768329620361,5.935853004455566,4.6837358474731445,0.0,0.0,4.6837358474731445,6.39646053314209,-1.7127246856689453,-0.5920184850692749,0.0,0.9052516222000122,0.3430395722389221,2.4947400093078613,0.0
0,74,None,False,"5,81,48,73,103,135,54,118,13,7",0.8169252276420593,-1.544356346130371,-0.55130934715271,-0.9914883971214294,7.998676300048828,6.207162857055664,4.656221866607666,0.0,0.0,4.656221866607666,5.588483810424805,-0.9322619438171387,-0.29973188042640686,0.0,0.9666643142700195,0.46187838912010193,2.4947400093078613,0.0
0,75,None,False,"5,81,48,73,103,135,54,118,13,7",0.7743104100227356,-1.6731982231140137,-0.9093899130821228,-0.9964801669120789,7.9988203048706055,5.5604047775268555,3.9742541313171387,0.0,0.0,3.9742541313171387,6.91150426864624,-2.9372501373291016,-0.8987268805503845,0.0,1.213714361190796,0.46869343519210815,2.4947400093078613,0.0
0,76,None,False,"5,81,48,73,103,135,54,118,13,7",0.8040306568145752,-1.7734779119491577,-0.9010021686553955,-1.0079318284988403,7.998845100402832,5.153692722320557,3.4406232833862305,0.0,0.0,3.4406232833862305,8.24887752532959,-4.808254241943359,-1.787206768989563,0.0,1.2431050539016724,0.5024551749229431,2.4947400093078613,0.0
0,77,None,False,"5,81,48,73,103,135,54,118,13,7",0.745492696762085,-1.5352517366409302,-1.0244251489639282,-0.9918306469917297,7.998813152313232,4.360165119171143,2.4134178161621094,0.0,0.0,2.4134178161621094,7.2960615158081055,-4.882643699645996,-1.6925888061523438,0.0,1.2652101516723633,0.5650198459625244,2.4947400093078613,0.0
0,78,Struct Break (DC),True,"47,60,15,107,115,22,128,55,129,104",0.7189055681228638,-1.6019840240478516,-0.8369829654693604,-1.1118375062942505,7.999138832092285,5.211789608001709,3.3758063316345215,0.4,1.0,1.9758063554763794,7.761073112487793,-5.785266876220703,-1.880561113357544,-9.38675308227539,1.5252509117126465,0.5725942850112915,2.4947400093078613,0.0
0,79,None,False,"47,60,15,107,115,22,128,55,129,104",0.7375094294548035,-1.3860353231430054,-0.6058767437934875,-1.0285043716430664,7.998691558837891,5.476130485534668,2.6002037525177,0.0,0.0,2.6002037525177,6.2323689460754395,-3.6321651935577393,-1.2475804090499878,0.0,1.51156485080719,0.6111268997192383,2.4947400093078613,0.0
0,80,None,False,"47,60,15,107,115,22,128,55,129,104",0.8751357197761536,-1.7776107788085938,-0.7781503796577454,-0.9838343858718872,7.998713970184326,5.553560733795166,2.9294824600219727,0.0,0.0,2.9294824600219727,4.635357856750488,-1.7058753967285156,-0.7220789790153503,0.0,1.3721206188201904,0.6182840466499329,2.4947400093078613,0.0
0,81,None,False,"47,60,15,107,115,22,128,55,129,104",0.8645997047424316,-1.5677802562713623,-0.5996118783950806,-0.9274091720581055,7.9984893798828125,6.2759199142456055,3.4255764484405518,0.0,0.0,3.4255764484405518,4.245150089263916,-0.8195736408233643,-0.5251036882400513,0.0,1.3115007877349854,0.679588794708252,2.4947400093078613,0.0
0,82,Struct Break (DC),True,"70,7,52,4,44,59,38,68,62,104",1.1918081045150757,-1.366330862045288,-0.5115372538566589,-0.9295451641082764,7.99822998046875,6.065722465515137,2.5243079662323,0.35999999046325687,0.8999999761581421,1.264307975769043,3.98712158203125,-2.722813606262207,-1.0807218551635742,-5.413666248321533,1.248361587524414,0.656792402267456,2.4947400093078613,0.0
0,83,None,False,"70,7,52,4,44,59,38,68,62,104",0.8281020522117615,-1.1851789951324463,-0.797741711139679,-0.8489835262298584,7.998737335205078,5.497021675109863,0.9954357743263245,0.0,0.0,0.9954357743263245,2.527451515197754,-1.5320158004760742,-0.6296582221984863,0.0,1.4517511129379272,0.8668500185012817,2.4947400093078613,0.0
0,84,None,False,"70,7,52,4,44,59,38,68,62,104",0.8212427496910095,-1.4802109003067017,-0.7384198904037476,-1.023618221282959,7.9988837242126465,2.974407911300659,-0.05979657173156738,0.0,0.0,-0.05979657173156738,0.9660601615905762,-1.0258567333221436,-0.6040037870407104,0.0,1.1752387285232544,0.7991846799850464,2.4947400093078613,0.0
0,85,None,False,"70,7,52,4,44,59,38,68,62,104",0.871059775352478,-1.3704887628555298,-1.0073002576828003,-1.0259426832199097,7.998365879058838,4.571225166320801,1.0169011354446411,0.0,0.0,1.0169011354446411,0.8234620094299316,0.19343912601470947,0.03557073324918747,0.0,1.3166358470916748,0.6618509888648987,2.4947400093078613,0.0
0,86,None,False,"70,7,52,4,44,59,38,68,62,104",0.8211926817893982,-1.6475335359573364,-0.9050023555755615,-1.0331774950027466,7.998870372772217,5.424308776855469,2.0015437602996826,0.0,0.0,2.0015437602996826,1.3319015502929688,0.6696422100067139,0.19751524925231934,0.0,1.4526076316833496,0.5781679153442383,2.4947400093078613,0.0
0,87,None,False,"70,7,52,4,44,59,38,68,62,104",0.7394702434539795,-1.3473241329193115,-0.8139374256134033,-1.1289751529693604,7.998878002166748,2.9090137481689453,1.2235605716705322,0.0,0.0,1.2235605716705322,0.41794776916503906,0.8056128025054932,0.19078867137432098,0.0,1.7513351440429688,0.546381950378418,2.4947400093078613,0.0
0,88,None,False,"70,7,52,4,44,59,38,68,62,104",0.6834107637405396,-1.3519103527069092,-0.7340664267539978,-0.9091931581497192,7.999331951141357,3.86832332611084,3.212110996246338,0.0,0.0,3.212110996246338,-0.1131892204284668,3.3253002166748047,1.1085209846496582,0.0,1.5585297346115112,0.6236320734024048,2.4947400093078613,0.0
0,89,None,False,"70,7,52,4,44,59,38,68,62,104",0.9742501378059387,-1.6139261722564697,-0.42615267634391785,-0.965842604637146,7.998392105102539,5.478640079498291,4.201729774475098,0.0,0.0,4.201729774475098,-2.0502805709838867,6.252010345458984,1.8294974565505981,0.0,1.5666323900222778,0.5698232650756836,2.4947400093078613,0.0
0,90,None,False,"70,7,52,4,44,59,38,68,62,104",1.0588500499725342,-1.5200215578079224,-0.5898072719573975,-0.9623560905456543,7.998436450958252,5.102606296539307,2.841522693634033,0.0,0.0,2.841522693634033,-4.574995994567871,7.416518688201904,2.0956764221191406,0.0,1.391081690788269,0.5783981680870056,2.4947400093078613,0.0
0,91,None,False,"70,7,52,4,44,59,38,68,62,104",0.7768653035163879,-1.7216041088104248,-0.8168388605117798,-1.0624512434005737,7.998973846435547,4.837753772735596,2.9295730590820312,0.0,0.0,2.9295730590820312,-4.775786399841309,7.70535945892334,2.4733874797821045,0.0,1.0450397729873657,0.5666296482086182,2.4947400093078613,0.0
0,92,None,False,"70,7,52,4,44,59,38,68,62,104",0.7604783773422241,-1.862821102142334,-0.8030371069908142,-1.019892692565918,7.998154640197754,4.614029884338379,6.563132286071777,0.0,0.0,6.563132286071777,-3.1615793704986572,9.724711418151855,1.906581997871399,0.0,1.3638275861740112,0.4331987202167511,2.4947400093078613,0.0
0,93,None,False,"70,7,52,4,44,59,38,68,62,104",1.3248404264450073,-1.875781536102295,-0.9351629614830017,-1.0127944946289062,7.9975361824035645,7.232521057128906,3.7256968021392822,0.0,0.0,3.7256968021392822,-4.388916492462158,8.11461353302002,1.62064790725708,0.0,1.2660795450210571,0.46130502223968506,2.4947400093078613,0.0
0,94,Struct Break (DC),True,"123,122,12,57,61,129,75,100,114,120",0.866270899772644,-1.7502118349075317,-0.7219917178153992,-1.1262667179107666,7.998208999633789,7.094198703765869,-1.3501977920532227,0.4,1.0,-2.7501978874206543,-2.704101800918579,-0.046096086502075195,-0.059954412281513214,-0.34725719690322876,0.9544745087623596,0.39255088567733765,2.4947400093078613,0.0
0,95,None,False,"123,122,12,57,61,129,75,100,114,120",1.1751164197921753,-1.66545569896698,-0.7920384407043457,-1.1777368783950806,7.998298645019531,5.539674758911133,0.6863290071487427,0.0,0.0,0.6863290071487427,-0.33732056617736816,1.0236495733261108,0.22022442519664764,0.0,1.0661718845367432,0.48028692603111267,2.4947400093078613,0.0
0,96,Struct Break (DC),True,"56,20,118,14,69,141,58,64,24,114",0.7649821043014526,-1.1855162382125854,-0.8246922492980957,-1.0029584169387817,7.998514652252197,4.842468738555908,-2.1647186279296875,0.35999999046325687,0.8999999761581421,-3.4247186183929443,-2.667289972305298,-0.7574286460876465,-0.18022844195365906,-0.9445322751998901,1.3384664058685303,0.41944777965545654,2.4947400093078613,0.0
0,97,None,False,"56,20,118,14,69,141,58,64,24,114",0.7342857122421265,-1.4091014862060547,-0.5720717310905457,-0.9610553979873657,7.998807907104492,4.314458847045898,-3.1145620346069336,0.0,0.0,-3.1145620346069336,-4.3939056396484375,1.279343605041504,0.37087589502334595,0.0,1.1678344011306763,0.45692750811576843,2.4947400093078613,0.0
0,98,None,False,"56,20,118,14,69,141,58,64,24,114",0.7620766758918762,-1.322590708732605,-0.917492151260376,-0.9401518106460571,7.998894214630127,4.03448486328125,-4.922968864440918,0.0,0.0,-4.922968864440918,-5.8612823486328125,0.9383134841918945,0.21664497256278992,0.0,1.1614022254943848,0.45754295587539673,2.4947400093078613,0.0
0,99,None,False,"56,20,118,14,69,141,58,64,24,114",0.9253439903259277,-1.473135232925415,-0.6272815465927124,-0.6845850944519043,7.9983930587768555,4.345890998840332,-6.3757734298706055,0.0,0.0,-6.3757734298706055,-7.306509971618652,0.9307365417480469,0.30138370394706726,0.0,1.2860113382339478,0.4981437027454376,2.4947400093078613,0.0
0,100,None,False,"56,20,118,14,69,141,58,64,24,114",1.2507988214492798,-1.606945514678955,-0.7418625354766846,-1.0472853183746338,7.998112201690674,5.515750408172607,-6.367229461669922,0.0,0.0,-6.367229461669922,-9.235578536987305,2.868349075317383,0.8047741651535034,0.0,1.588483452796936,0.47152745723724365,2.4947400093078613,0.0
0,101,None,False,"56,20,118,14,69,141,58,64,24,114",0.8461434841156006,-1.7677233219146729,-0.7368527054786682,-0.947900652885437,7.999019145965576,4.413421630859375,-4.848868370056152,0.0,0.0,-4.848868370056152,-7.120215892791748,2.2713475227355957,0.758569598197937,0.0,0.7651615142822266,0.47727689146995544,2.4947400093078613,0.0
0,102,None,False,"56,20,118,14,69,141,58,64,24,114",0.7679396867752075,-1.6240066289901733,-0.6191593408584595,-0.9121230840682983,7.9991583824157715,4.330983638763428,-5.572824001312256,0.0,0.0,-5.572824001312256,-7.78045654296875,2.207632541656494,0.7215380072593689,0.0,0.861407995223999,0.6070480346679688,2.4947400093078613,0.0
0,103,Struct Break (DC),True,"35,97,60,18,85,51,79,114,17,45",1.1968830823898315,-1.7593028545379639,-0.9310970902442932,-0.9754385352134705,7.997948169708252,7.3081817626953125,-2.487337112426758,0.35999999046325687,0.8999999761581421,-3.7473371028900146,-8.754396438598633,5.007059097290039,1.6455087661743164,8.113009452819824,1.1052014827728271,0.5341184139251709,2.4947400093078613,0.0
0,104,None,False,"35,97,60,18,85,51,79,114,17,45",0.7757412195205688,-1.7416706085205078,-1.0301811695098877,-1.285881519317627,7.999201774597168,6.252155780792236,-2.7313315868377686,0.0,0.0,-2.7313315868377686,-8.723979949951172,5.992648124694824,0.9957383275032043,0.0,1.125959873199463,0.5510296821594238,2.4947400093078613,0.0
0,105,None,False,"35,97,60,18,85,51,79,114,17,45",1.110028862953186,-1.943148136138916,-0.7152101397514343,-1.219822645187378,7.998071193695068,6.600636005401611,-7.676815032958984,0.0,0.0,-7.676815032958984,-12.289434432983398,4.612619400024414,0.7155187726020813,0.0,1.166602611541748,0.5810157060623169,2.4947400093078613,0.0
0,106,None,False,"35,97,60,18,85,51,79,114,17,45",0.7308288216590881,-1.449378490447998,-0.6198740005493164,-0.9969882369041443,7.998910427093506,5.885128498077393,-11.331195831298828,0.0,0.0,-11.331195831298828,-12.70013427734375,1.3689384460449219,0.027902871370315552,0.0,1.0325706005096436,0.6503351330757141,2.4947400093078613,0.0
0,107,None,False,"35,97,60,18,85,51,79,114,17,45",0.6941605806350708,-1.6468451023101807,-0.9316147565841675,-0.8746240735054016,7.998678207397461,4.727779865264893,-7.196094036102295,0.0,0.0,-7.196094036102295,-9.175741195678711,1.979647159576416,0.19632412493228912,0.0,1.053727149963379,0.6072273254394531,2.4947400093078613,0.0
0,108,None,False,"35,97,60,18,85,51,79,114,17,45",0.751376748085022,-1.5759508609771729,-0.8435015678405762,-1.0485996007919312,7.998795509338379,4.078953742980957,-7.295758247375488,0.0,0.0,-7.295758247375488,-7.9418840408325195,0.6461257934570312,-0.011572384275496006,0.0,1.0462011098861694,0.6088293790817261,2.4947400093078613,0.0
0,109,Struct Break (DC),True,"80,40,89,5,68,13,90,36,104,79",0.806157112121582,-1.1516985893249512,-0.9671289324760437,-1.094947099685669,7.998481273651123,5.434200286865234,-7.972539901733398,0.35999999046325687,0.8999999761581421,-9.232540130615234,-7.104599475860596,-2.1279406547546387,-0.48164093494415283,-2.4426372051239014,1.1628873348236084,0.5585062503814697,2.4947400093078613,0.0
0,110,None,False,"80,40,89,5,68,13,90,36,104,79",0.7855560779571533,-1.52456796169281,-0.9854292273521423,-0.8607673048973083,7.998818397521973,4.500107765197754,-9.622333526611328,0.0,0.0,-9.622333526611328,-7.878619194030762,-1.7437143325805664,-0.5013449192047119,0.0,1.3221536874771118,0.5035316944122314,2.4947400093078613,0.0
0,111,None,False,"80,40,89,5,68,13,90,36,104,79",1.0956354141235352,-1.923828125,-0.7720119953155518,-1.1816378831863403,7.998439311981201,6.350863456726074,-7.412381649017334,0.0,0.0,-7.412381649017334,-6.939286231994629,-0.4730954170227051,-0.38494381308555603,0.0,1.3863717317581177,0.6135462522506714,2.4947400093078613,0.0
0,112,Struct Break (DC),True,"41,22,102,27,118,63,52,46,105,140",0.851901650428772,-1.6588258743286133,-0.7393592000007629,-1.0035579204559326,7.998716831207275,6.019463062286377,-8.247679710388184,0.4,1.0,-9.647679328918457,-6.72432804107666,-2.923351287841797,-0.946147084236145,-4.741504669189453,1.361081600189209,0.6437265276908875,2.4947400093078613,0.0
0,113,None,False,"41,22,102,27,118,63,52,46,105,140",0.9717737436294556,-1.5517406463623047,-0.9176391959190369,-0.9827932715415955,7.998263835906982,4.108297348022461,-6.467075824737549,0.0,0.0,-6.467075824737549,-5.47000789642334,-0.997067928314209,-0.6976878643035889,0.0,1.3370846509933472,0.6020665764808655,2.4947400093078613,0.0
0,114,None,False,"41,22,102,27,118,63,52,46,105,140",0.9929817914962769,-2.0815646648406982,-0.8945039510726929,-0.8952925205230713,7.998431205749512,6.483785629272461,-4.538811206817627,0.0,0.0,-4.538811206817627,-3.178924322128296,-1.359886884689331,-0.6785459518432617,0.0,1.3719303607940674,0.5947699546813965,2.4947400093078613,0.0
0,115,None,False,"41,22,102,27,118,63,52,46,105,140",0.7928054332733154,-1.5931789875030518,-0.7739794254302979,-0.9775882959365845,7.998545169830322,4.605593681335449,-3.275672435760498,0.0,0.0,-3.275672435760498,-2.3267149925231934,-0.9489574432373047,-0.5908728241920471,0.0,1.3137823343276978,0.5208624601364136,2.4947400093078613,0.0
0,116,None,False,"41,22,102,27,118,63,52,46,105,140",1.0381866693496704,-1.7657227516174316,-0.6892421245574951,-1.2036747932434082,7.998050689697266,5.863582611083984,-2.610071897506714,0.0,0.0,-2.610071897506714,-0.9483933448791504,-1.6616785526275635,-0.6686554551124573,0.0,1.301087737083435,0.6020062565803528,2.4947400093078613,0.0
0,117,None,False,"41,22,102,27,118,63,52,46,105,140",0.9977140426635742,-1.6053918600082397,-1.0019617080688477,-1.0171693563461304,7.998239517211914,5.2328362464904785,-0.4090142548084259,0.0,0.0,-0.4090142548084259,0.9493708610534668,-1.3583850860595703,-0.7296342849731445,0.0,1.3333964347839355,0.6141756772994995,2.4947400093078613,0.0
0,118,None,False,"41,22,102,27,118,63,52,46,105,140",1.2526662349700928,-1.9832972288131714,-0.8141002655029297,-1.098947286605835,7.997132301330566,5.273181915283203,2.2811014652252197,0.0,0.0,2.2811014652252197,1.876676082611084,0.40442538261413574,-0.20719094574451447,0.0,1.3087365627288818,0.5206601023674011,2.4947400093078613,0.0
0,119,None,False,"41,22,102,27,118,63,52,46,105,140",0.9812813401222229,-1.8555636405944824,-1.1788523197174072,-0.9913252592086792,7.998406887054443,4.070120811462402,7.178147315979004,0.0,0.0,7.178147315979004,6.687784194946289,0.49036312103271484,-0.038919851183891296,0.0,1.3101003170013428,0.4146965742111206,2.4947400093078613,0.0
0,120,None,False,"41,22,102,27,118,63,52,46,105,140",0.8763670921325684,-1.6946821212768555,-0.893191397190094,-0.8078685402870178,7.9990739822387695,4.894829750061035,6.031777858734131,0.0,0.0,6.031777858734131,6.281375885009766,-0.24959802627563477,-0.43084901571273804,0.0,1.1208109855651855,0.45281967520713806,2.4947400093078613,0.0
0,121,Struct Break (DC),True,"41,38,63,135,105,112,97,47,32,125",0.8596932291984558,-1.2748863697052002,-0.8084139227867126,-0.7998738884925842,7.99879264831543,2.6162655353546143,2.594085454940796,0.27999999523162844,0.699999988079071,1.6140854358673096,3.3413290977478027,-1.7272436618804932,-0.758054792881012,-3.807145833969116,1.098984956741333,0.4536723494529724,2.4947400093078613,0.0
0,122,None,False,"41,38,63,135,105,112,97,47,32,125",1.29629385471344,-1.7413077354431152,-0.8008024096488953,-0.9412792921066284,7.997878074645996,4.9713897705078125,1.6413569450378418,0.0,0.0,1.6413569450378418,1.2000322341918945,0.44132471084594727,-0.05383596196770668,0.0,1.276627779006958,0.42081505060195923,2.4947400093078613,0.0
0,123,Vol Shock,True,"43,25,118,24,70,53,8,131,109,46",1.0679796934127808,-1.5667171478271484,-0.742965579032898,-0.8858237862586975,7.998251914978027,3.6988072395324707,1.3263851404190063,0.4,1.0,-0.07361483573913574,-0.8092880249023438,0.735673189163208,-0.07573015987873077,-0.42497000098228455,1.156080961227417,0.44306474924087524,2.4947400093078613,0.0
0,124,Vol Shock,True,"85,39,23,36,68,121,114,118,98,103",0.9663561582565308,-1.7011075019836426,-0.7044208645820618,-1.1134910583496094,7.998569488525391,3.9966421127319336,2.115311622619629,0.35999999046325687,0.8999999761581421,0.8553116321563721,1.3049960136413574,-0.44968438148498535,-0.2929533123970032,-1.5034412145614624,1.1222472190856934,0.32612067461013794,2.4947400093078613,0.0
0,125,Vol Shock,True,"34,4,72,99,82,71,75,50,63,81",0.8219969868659973,-1.6934146881103516,-1.0540480613708496,-0.9377363920211792,7.9987616539001465,4.165019989013672,1.3471382856369019,0.4,1.0,-0.052861690521240234,1.936650276184082,-1.9895119667053223,-0.8343804478645325,-4.186814785003662,1.2166168689727783,0.34504401683807373,2.4947400093078613,0.0
0,126,Vol Shock | Struct Break (DC),True,"24,128,139,92,72,73,13,68,25,57",0.7579001188278198,-1.7766096591949463,-0.980072557926178,-0.9609690308570862,7.99891996383667,3.2849299907684326,5.032120227813721,0.35999999046325687,0.8999999761581421,3.772120237350464,3.3231139183044434,0.4490063190460205,-0.03417159989476204,-0.21915338933467865,1.2546659708023071,0.40541884303092957,2.4947400093078613,0.0
0,127,Vol Shock,True,"80,77,14,18,94,136,69,65,116,88",1.1196575164794922,-1.781509518623352,-0.7649831175804138,-0.977175235748291,7.998083114624023,5.335003852844238,2.251786470413208,0.4,1.0,0.8517864942550659,2.4137496948242188,-1.5619632005691528,-0.8635467290878296,-4.32557487487793,1.081390619277954,0.33637720346450806,2.4947400093078613,0.0
0,0,Schedule | Regime Shift (Initial),True,"79,57,22,93,87,32,12,90,78,34",1.088444471359253,-1.5368396043777466,-1.0159285068511963,-1.263891339302063,7.9978742599487305,4.947809219360352,2.1910877227783203,0.0,0.0,2.1910877227783203,3.281402587890625,-1.0903148651123047,-0.38100728392601013,-1.9404171705245972,1.1525440216064453,0.5686375498771667,4.238012313842773,0.0
0,1,None,False,"79,57,22,93,87,32,12,90,78,34",0.7685850858688354,-1.264931321144104,-0.8294931650161743,-1.121090292930603,7.998281955718994,5.1836957931518555,1.6009788513183594,0.0,0.0,1.6009788513183594,2.7687549591064453,-1.167776107788086,-0.338983952999115,0.0,0.9782068729400635,0.5040184259414673,4.238012313842773,0.0
0,2,None,False,"79,57,22,93,87,32,12,90,78,34",0.7509756684303284,-1.3725472688674927,-0.8725372552871704,-1.236504077911377,7.998593807220459,4.787012577056885,0.7671970129013062,0.0,0.0,0.7671970129013062,2.1681904792785645,-1.4009934663772583,-0.5471760034561157,0.0,0.9456318616867065,0.46659916639328003,4.238012313842773,0.0
0,3,None,False,"79,57,22,93,87,32,12,90,78,34",0.8812548518180847,-1.1007386445999146,-0.7393620610237122,-1.0365797281265259,7.99767541885376,4.579286575317383,-0.8194630742073059,0.0,0.0,-0.8194630742073059,0.3415346145629883,-1.1609976291656494,-0.468293160200119,0.0,1.1423498392105103,0.5499923825263977,4.238012313842773,0.0
0,4,Struct Break (DC),True,"18,139,77,32,91,64,45,28,17,7",0.8182392716407776,-1.0644681453704834,-0.6772947907447815,-0.947456419467926,7.998636245727539,3.282541036605835,1.9799166917800903,0.35999999046325687,0.8999999761581421,0.7199167013168335,0.3527998924255371,0.3671168088912964,0.12042952328920364,0.5479434132575989,1.315777063369751,0.5020941495895386,4.238012313842773,0.0
0,5,None,False,"18,139,77,32,91,64,45,28,17,7",0.8751118183135986,-1.1320788860321045,-0.6455485224723816,-0.9050168395042419,7.998208999633789,5.571313858032227,-0.7166957855224609,0.0,0.0,-0.7166957855224609,-2.0360231399536133,1.3193273544311523,0.4637444019317627,0.0,1.2620705366134644,0.4553118646144867,4.238012313842773,0.0
0,6,None,False,"18,139,77,32,91,64,45,28,17,7",0.8035540580749512,-1.2804956436157227,-0.8710837364196777,-1.0916500091552734,7.9981913566589355,5.751901626586914,-1.2347346544265747,0.0,0.0,-1.2347346544265747,-1.4308929443359375,0.1961582899093628,0.10877806693315506,0.0,1.054273009300232,0.4578918218612671,4.238012313842773,0.0
0,7,None,False,"18,139,77,32,91,64,45,28,17,7",0.8148806691169739,-1.3163052797317505,-0.7176221609115601,-1.0155507326126099,7.998964309692383,3.1417288780212402,-0.7923697829246521,0.0,0.0,-0.7923697829246521,-1.5928924083709717,0.8005226254463196,0.151802197098732,0.0,0.8554221391677856,0.39848965406417847,4.238012313842773,0.0
0,8,None,False,"18,139,77,32,91,64,45,28,17,7",0.85858154296875,-1.3618888854980469,-0.7463208436965942,-1.1154335737228394,7.998432159423828,3.2213714122772217,1.0506367683410645,0.0,0.0,1.0506367683410645,-0.369030237197876,1.4196670055389404,0.35562101006507874,0.0,0.7830758094787598,0.4352780878543854,4.238012313842773,0.0
0,9,Struct Break (DC),True,"3,63,108,86,47,118,135,136,119,38",0.9586778879165649,-1.2775092124938965,-0.7785225510597229,-1.1679298877716064,7.99821662902832,2.5376553535461426,-3.009112596511841,0.4,1.0,-4.409112453460693,-0.6911635398864746,-3.7179489135742188,-1.1541436910629272,-5.770191669464111,1.0590143203735352,0.4326721429824829,4.238012313842773,0.0
0,10,None,False,"3,63,108,86,47,118,135,136,119,38",0.6720933318138123,-1.1918492317199707,-0.7238516807556152,-0.9778933525085449,7.999429225921631,4.836133003234863,-4.073793888092041,0.0,0.0,-4.073793888092041,-2.32083797454834,-1.7529559135437012,-0.46497878432273865,0.0,1.1669645309448242,0.432108998298645,4.238012313842773,0.0
0,11,None,False,"3,63,108,86,47,118,135,136,119,38",0.8558008074760437,-1.3392670154571533,-0.7883313298225403,-1.1457903385162354,7.998330593109131,4.517695903778076,-5.0658860206604,0.0,0.0,-5.0658860206604,-4.3387770652771,-0.7271089553833008,-0.032912880182266235,0.0,1.0379247665405273,0.49279454350471497,4.238012313842773,0.0
0,12,None,False,"3,63,108,86,47,118,135,136,119,38",0.9902868866920471,-1.237838625907898,-0.7373975515365601,-0.9119020104408264,7.9978718757629395,4.191513538360596,-6.621326446533203,0.0,0.0,-6.621326446533203,-7.638192176818848,1.0168657302856445,0.505995512008667,0.0,0.9398442506790161,0.4905078709125519,4.238012313842773,0.0
0,13,Struct Break (DC),True,"66,41,4,141,93,25,17,74,63,37",0.8808256387710571,-1.0834406614303589,-0.8496480584144592,-0.9416751861572266,7.997830867767334,3.496732234954834,-5.319545745849609,0.35999999046325687,0.8999999761581421,-6.579545974731445,-7.0311784744262695,0.4516324996948242,0.2999551594257355,1.440107822418213,0.7950302958488464,0.3884422183036804,4.238012313842773,0.0
0,14,None,False,"66,41,4,141,93,25,17,74,63,37",0.7673261165618896,-1.477628231048584,-0.786878228187561,-0.9378969669342041,7.998518943786621,4.262745380401611,-8.10511302947998,0.0,0.0,-8.10511302947998,-8.630603790283203,0.5254907608032227,0.5601652264595032,0.0,1.195412039756775,0.4091402292251587,4.238012313842773,0.0
0,15,None,False,"66,41,4,141,93,25,17,74,63,37",0.8035677671432495,-1.552818775177002,-0.8437997102737427,-0.8631386160850525,7.998519420623779,3.7736635208129883,-7.9499735832214355,0.0,0.0,-7.9499735832214355,-9.869962692260742,1.9199891090393066,0.8828968405723572,0.0,1.1493008136749268,0.3998948931694031,4.238012313842773,0.0
0,16,None,False,"66,41,4,141,93,25,17,74,63,37",0.8697617053985596,-1.7841624021530151,-0.8076814413070679,-0.9514130353927612,7.997769832611084,5.594680309295654,-7.765684127807617,0.0,0.0,-7.765684127807617,-9.082365036010742,1.316680908203125,0.5700018405914307,0.0,1.376738429069519,0.38274335861206055,4.238012313842773,0.0
0,17,None,False,"66,41,4,141,93,25,17,74,63,37",1.0935792922973633,-1.668575406074524,-0.7964934706687927,-1.1101438999176025,7.99755334854126,5.262796878814697,-4.290401935577393,0.0,0.0,-4.290401935577393,-4.84086275100708,0.5504608154296875,0.08095704764127731,0.0,1.2150671482086182,0.49080145359039307,4.238012313842773,0.0
0,18,None,False,"66,41,4,141,93,25,17,74,63,37",0.7626155018806458,-1.4590394496917725,-0.9249383211135864,-0.9461448192596436,7.998316764831543,6.0041375160217285,-5.972042560577393,0.0,0.0,-5.972042560577393,-6.4117431640625,0.4397006034851074,0.08696310222148895,0.0,1.239241600036621,0.468513160943985,4.238012313842773,0.0
0,19,Struct Break (DC),True,"141,128,113,75,57,97,14,86,87,94",0.6839995384216309,-1.3970556259155273,-1.0049333572387695,-1.072074055671692,7.998830318450928,5.089600563049316,-4.442013263702393,0.35999999046325687,0.8999999761581421,-5.70201301574707,-4.00981330871582,-1.69219970703125,-0.5306807160377502,-2.6830413341522217,1.469803810119629,0.5086941123008728,4.238012313842773,0.0
0,20,None,False,"141,128,113,75,57,97,14,86,87,94",0.7197312116622925,-1.7160295248031616,-0.8838157653808594,-0.9077243804931641,7.998478412628174,3.2561564445495605,-3.5286784172058105,0.0,0.0,-3.5286784172058105,-3.674650192260742,0.14597177505493164,0.061053283512592316,0.0,0.9403352737426758,0.6552392244338989,4.238012313842773,0.0
0,21,None,False,"141,128,113,75,57,97,14,86,87,94",0.9531311988830566,-1.7819366455078125,-0.8100694417953491,-0.9583534598350525,7.998004913330078,3.7379257678985596,-1.6925370693206787,0.0,0.0,-1.6925370693206787,-2.2621572017669678,0.5696201324462891,0.1642322987318039,0.0,1.4320361614227295,0.6369767189025879,4.238012313842773,0.0
0,22,None,False,"141,128,113,75,57,97,14,86,87,94",1.0437027215957642,-1.7060590982437134,-0.7814086675643921,-0.8778541088104248,7.997716903686523,1.8443564176559448,-2.402637004852295,0.0,0.0,-2.402637004852295,-4.200178146362305,1.7975411415100098,0.4762559235095978,0.0,1.3863732814788818,0.592781662940979,4.238012313842773,0.0
0,23,None,False,"141,128,113,75,57,97,14,86,87,94",0.891316294670105,-1.7822825908660889,-0.908602774143219,-0.8850115537643433,7.998166084289551,3.420311689376831,-3.5941951274871826,0.0,0.0,-3.5941951274871826,-4.268604278564453,0.6744091510772705,0.22014345228672028,0.0,1.3163883686065674,0.5679051280021667,4.238012313842773,0.0
0,24,None,False,"141,128,113,75,57,97,14,86,87,94",0.8693337440490723,-1.7719560861587524,-0.711996853351593,-0.9852383136749268,7.998305320739746,2.0994818210601807,-2.159003496170044,0.0,0.0,-2.159003496170044,-2.5242745876312256,0.36527109146118164,0.10126518458127975,0.0,0.9734595417976379,0.795706570148468,4.238012313842773,0.0
0,25,None,False,"141,128,113,75,57,97,14,86,87,94",1.109305500984192,-1.7348198890686035,-0.8219806551933289,-1.090140461921692,7.997733116149902,3.3874058723449707,-0.1270449161529541,0.0,0.0,-0.1270449161529541,-0.16387104988098145,0.036826133728027344,0.12038354575634003,0.0,1.2992621660232544,0.6802428364753723,4.238012313842773,0.0
0,26,None,False,"141,128,113,75,57,97,14,86,87,94",0.6909352540969849,-1.7549395561218262,-1.0795986652374268,-1.0846693515777588,7.998446941375732,5.357565402984619,4.920984268188477,0.0,0.0,4.920984268188477,3.491854667663574,1.4291296005249023,0.6096667647361755,0.0,1.1037133932113647,0.7252655029296875,4.238012313842773,0.0
0,27,None,False,"141,128,113,75,57,97,14,86,87,94",0.811333179473877,-1.3597447872161865,-0.8157033324241638,-0.9014180898666382,7.998126983642578,5.054160118103027,3.3093321323394775,0.0,0.0,3.3093321323394775,1.4969110488891602,1.8124210834503174,0.5754840970039368,0.0,1.4775457382202148,0.7444562911987305,4.238012313842773,0.0
0,28,None,False,"141,128,113,75,57,97,14,86,87,94",0.7950546741485596,-1.7289378643035889,-0.8651197552680969,-0.9621744155883789,7.998610496520996,3.3152239322662354,4.794550895690918,0.0,0.0,4.794550895690918,3.5150527954101562,1.2794981002807617,0.5128151774406433,0.0,1.1517395973205566,0.686616063117981,4.238012313842773,0.0
0,29,None,False,"141,128,113,75,57,97,14,86,87,94",1.0313864946365356,-2.002488613128662,-0.8449865579605103,-1.1221117973327637,7.997735977172852,4.059749603271484,4.2017974853515625,0.0,0.0,4.2017974853515625,4.822981357574463,-0.6211838722229004,-0.11551540344953537,0.0,1.2516416311264038,0.7103285193443298,4.238012313842773,0.0
0,30,None,False,"141,128,113,75,57,97,14,86,87,94",0.899006187915802,-1.6328996419906616,-0.7622864842414856,-0.8171064257621765,7.998248100280762,4.276419162750244,3.8897433280944824,0.0,0.0,3.8897433280944824,5.792391300201416,-1.9026479721069336,-0.49460357427597046,0.0,1.3155235052108765,0.691925048828125,4.238012313842773,0.0
0,31,Struct Break (DC),True,"138,111,70,16,40,106,15,123,90,8",0.8404852151870728,-1.1342120170593262,-0.7935513257980347,-0.7053028345108032,7.9980788230896,3.9606518745422363,2.62610125541687,0.4,1.0,1.226101279258728,2.153611183166504,-0.9275099039077759,-0.1635543256998062,-0.8623399138450623,1.288796067237854,0.6547127366065979,4.238012313842773,0.0
0,32,None,False,"138,111,70,16,40,106,15,123,90,8",0.8544611930847168,-1.7139232158660889,-0.7313818335533142,-0.9331415891647339,7.998152732849121,2.761800765991211,7.415838718414307,0.0,0.0,7.415838718414307,4.273533821105957,3.1423048973083496,0.9799903631210327,0.0,1.2451319694519043,0.6967646479606628,4.238012313842773,0.0
0,33,None,False,"138,111,70,16,40,106,15,123,90,8",0.8226819038391113,-1.4256199598312378,-0.8200868964195251,-0.783237874507904,7.998526096343994,3.3572967052459717,4.848461151123047,0.0,0.0,4.848461151123047,3.4255385398864746,1.4229226112365723,0.4627479314804077,0.0,1.2262115478515625,0.5867922306060791,4.238012313842773,0.0
0,34,None,False,"138,111,70,16,40,106,15,123,90,8",0.7406626343727112,-1.717949628829956,-0.9026325941085815,-0.9028287529945374,7.998659610748291,3.9535417556762695,5.336503028869629,0.0,0.0,5.336503028869629,5.2959442138671875,0.040558815002441406,-0.07188563048839569,0.0,1.0872259140014648,0.5594879388809204,4.238012313842773,0.0
0,35,None,False,"138,111,70,16,40,106,15,123,90,8",0.839296281337738,-1.262361764907837,-1.0043838024139404,-0.9434933662414551,7.998257160186768,4.884210586547852,3.252542734146118,0.0,0.0,3.252542734146118,3.222382068634033,0.03016066551208496,-0.04216267168521881,0.0,1.1990900039672852,0.6744016408920288,4.238012313842773,0.0
0,36,None,False,"138,111,70,16,40,106,15,123,90,8",0.8771834969520569,-1.3821918964385986,-0.9866014719009399,-0.9034163951873779,7.998290538787842,5.369859218597412,3.5712194442749023,0.0,0.0,3.5712194442749023,4.726576805114746,-1.1553573608398438,-0.46851927042007446,0.0,1.3472026586532593,0.6575485467910767,4.238012313842773,0.0
0,37,None,False,"138,111,70,16,40,106,15,123,90,8",0.707473635673523,-1.7115504741668701,-1.0889949798583984,-0.9982098340988159,7.999013900756836,5.667543888092041,4.904933929443359,0.0,0.0,4.904933929443359,4.2725443840026855,0.6323895454406738,0.00566117325797677,0.0,1.475027084350586,0.6335853338241577,4.238012313842773,0.0
0,38,None,False,"138,111,70,16,40,106,15,123,90,8",0.7878533601760864,-1.4919164180755615,-0.768662691116333,-0.870157778263092,7.998859882354736,4.985605239868164,5.336469650268555,0.0,0.0,5.336469650268555,4.172003269195557,1.164466381072998,0.10407542437314987,0.0,1.2370872497558594,0.6692218780517578,4.238012313842773,0.0
0,39,None,False,"138,111,70,16,40,106,15,123,90,8",1.0998483896255493,-1.493691086769104,-0.9546024203300476,-0.9039445519447327,7.997888088226318,4.597841262817383,6.444843292236328,0.0,0.0,6.444843292236328,5.170154571533203,1.274688720703125,0.2956599295139313,0.0,1.1364513635635376,0.6398288011550903,4.238012313842773,0.0
0,40,None,False,"138,111,70,16,40,106,15,123,90,8",0.8297261595726013,-1.677413821220398,-0.6330474019050598,-0.974150538444519,7.998636722564697,3.817955493927002,4.710377216339111,0.0,0.0,4.710377216339111,4.706740379333496,0.0036368370056152344,-0.15963110327720642,0.0,1.0805261135101318,0.690733790397644,4.238012313842773,0.0
0,41,None,False,"138,111,70,16,40,106,15,123,90,8",0.7310540676116943,-1.792879581451416,-0.9116440415382385,-0.8886212706565857,7.998034477233887,4.9014692306518555,4.308183670043945,0.0,0.0,4.308183670043945,5.4911017417907715,-1.1829180717468262,-0.4533851444721222,0.0,1.508246660232544,0.6039284467697144,4.238012313842773,0.0
0,42,None,False,"138,111,70,16,40,106,15,123,90,8",0.9062783718109131,-1.619052529335022,-0.6862137317657471,-0.7812007665634155,7.998325824737549,6.2141265869140625,2.694060802459717,0.0,0.0,2.694060802459717,5.136406421661377,-2.44234561920166,-0.9157952666282654,0.0,1.373333215713501,0.5578975677490234,4.238012313842773,0.0
0,43,None,False,"138,111,70,16,40,106,15,123,90,8",0.8710086345672607,-1.5856010913848877,-0.9655148983001709,-0.9844743609428406,7.998320579528809,4.45433235168457,0.7313716411590576,0.0,0.0,0.7313716411590576,5.056238174438477,-4.32486629486084,-1.5688461065292358,0.0,1.5678136348724365,0.4454888701438904,4.238012313842773,0.0
0,44,None,False,"138,111,70,16,40,106,15,123,90,8",0.8089958429336548,-1.451330542564392,-0.7597280144691467,-0.8710861206054688,7.998843669891357,4.953744411468506,1.5451449155807495,0.0,0.0,1.5451449155807495,3.4788131713867188,-1.9336682558059692,-0.8303018808364868,0.0,1.7340073585510254,0.5216103792190552,4.238012313842773,0.0
0,45,Schedule,True,"120,80,71,52,140,117,134,58,116,5",0.8727024793624878,-1.5378551483154297,-0.8454300761222839,-0.995751678943634,7.998434066772461,5.166055679321289,2.8664207458496094,0.4,1.0,1.4664207696914673,3.949248790740967,-2.482828140258789,-0.9677339792251587,-4.845026016235352,1.4074922800064087,0.5306421518325806,4.238012313842773,0.0
0,46,None,False,"120,80,71,52,140,117,134,58,116,5",0.767595648765564,-1.6058965921401978,-0.725464940071106,-0.7993333339691162,7.998655796051025,4.623113632202148,1.8282126188278198,0.0,0.0,1.8282126188278198,2.951633930206299,-1.123421311378479,-0.46633973717689514,0.0,1.2604002952575684,0.5123145580291748,4.238012313842773,0.0
0,47,None,False,"120,80,71,52,140,117,134,58,116,5",1.1869170665740967,-1.7325236797332764,-0.5504675507545471,-0.9505873322486877,7.997358798980713,6.757601261138916,3.1752407550811768,0.0,0.0,3.1752407550811768,2.975344657897949,0.19989609718322754,-0.17612941563129425,0.0,1.1121785640716553,0.5632722973823547,4.238012313842773,0.0
0,48,None,False,"120,80,71,52,140,117,134,58,116,5",0.8920616507530212,-1.483042597770691,-0.6379721760749817,-0.9442136287689209,7.997939109802246,5.781836986541748,2.1699090003967285,0.0,0.0,2.1699090003967285,1.0562777519226074,1.113631248474121,0.2022126317024231,0.0,0.8284097909927368,0.4728412628173828,4.238012313842773,0.0
0,49,None,False,"120,80,71,52,140,117,134,58,116,5",0.8794152736663818,-1.6832208633422852,-0.6691781878471375,-0.7925454378128052,7.998790740966797,3.7692620754241943,2.93723464012146,0.0,0.0,2.93723464012146,2.531909942626953,0.40532469749450684,0.06605687737464905,0.0,1.3028180599212646,0.40563657879829407,4.238012313842773,0.0
0,50,None,False,"120,80,71,52,140,117,134,58,116,5",0.8476629257202148,-1.5564794540405273,-0.669511079788208,-0.9917452335357666,7.998269081115723,3.6456477642059326,1.4323168992996216,0.0,0.0,1.4323168992996216,2.322876453399658,-0.8905595541000366,-0.44461676478385925,0.0,0.9812789559364319,0.4407963156700134,4.238012313842773,0.0
0,51,None,False,"120,80,71,52,140,117,134,58,116,5",0.794975757598877,-1.918313980102539,-0.8363258838653564,-0.975676953792572,7.998443126678467,4.856669902801514,2.7203011512756348,0.0,0.0,2.7203011512756348,2.940797805786133,-0.22049665451049805,-0.35722115635871887,0.0,1.2198435068130493,0.5434762835502625,4.238012313842773,0.0
0,52,None,False,"120,80,71,52,140,117,134,58,116,5",0.9156153202056885,-1.6858510971069336,-0.7974787354469299,-1.0251386165618896,7.998115062713623,4.659212112426758,0.015686750411987305,0.0,0.0,0.015686750411987305,1.907193660736084,-1.8915069103240967,-1.2231007814407349,0.0,0.926728367805481,0.5074390172958374,4.238012313842773,0.0
0,53,None,False,"120,80,71,52,140,117,134,58,116,5",1.1315362453460693,-1.4861464500427246,-0.4451342225074768,-0.7875181436538696,7.9979705810546875,7.228957176208496,0.014270544052124023,0.0,0.0,0.014270544052124023,0.12804269790649414,-0.11377215385437012,-0.43577173352241516,0.0,1.1283999681472778,0.47007277607917786,4.238012313842773,0.0
0,54,None,False,"120,80,71,52,140,117,134,58,116,5",0.7949339151382446,-1.4695404767990112,-0.7788906693458557,-0.9604364633560181,7.999343395233154,6.630066394805908,1.0776585340499878,0.0,0.0,1.0776585340499878,0.7573843002319336,0.3202742338180542,-0.19856512546539307,0.0,1.0179355144500732,0.49339863657951355,4.238012313842773,0.0
0,55,None,False,"120,80,71,52,140,117,134,58,116,5",0.8452633023262024,-1.4929136037826538,-0.6786031126976013,-0.8838918209075928,7.998985767364502,3.128739595413208,1.152922511100769,0.0,0.0,1.152922511100769,-0.5212247371673584,1.6741472482681274,0.1590283215045929,0.0,1.068626880645752,0.5642547607421875,4.238012313842773,0.0
0,56,None,False,"120,80,71,52,140,117,134,58,116,5",1.136519193649292,-1.6266738176345825,-0.7496528625488281,-0.9168896675109863,7.998224258422852,4.954649448394775,1.2221980094909668,0.0,0.0,1.2221980094909668,-0.7150173187255859,1.9372153282165527,0.16683346033096313,0.0,1.2064173221588135,0.5227314233779907,4.238012313842773,0.0
0,57,None,False,"120,80,71,52,140,117,134,58,116,5",0.7789472341537476,-1.6894499063491821,-0.7633694410324097,-0.818412184715271,7.998732089996338,5.386826515197754,1.7678271532058716,0.0,0.0,1.7678271532058716,0.1757502555847168,1.5920768976211548,0.15783220529556274,0.0,1.1241624355316162,0.6008065938949585,4.238012313842773,0.0
0,58,None,False,"120,80,71,52,140,117,134,58,116,5",0.867475688457489,-1.4762556552886963,-0.49589863419532776,-0.8863764405250549,7.998438358306885,4.045152187347412,0.9438085556030273,0.0,0.0,0.9438085556030273,-0.5999386310577393,1.5437471866607666,0.14794529974460602,0.0,1.110512137413025,0.5582296848297119,4.238012313842773,0.0
0,59,Schedule,True,"46,93,108,26,24,111,43,58,139,109",0.8390451073646545,-1.4707190990447998,-0.886544406414032,-0.9998341202735901,7.99865198135376,5.686896324157715,-1.0534805059432983,0.35999999046325687,0.8999999761581421,-2.3134803771972656,-1.0418295860290527,-1.271650791168213,-0.6264757513999939,-3.156221866607666,1.1852444410324097,0.6065943241119385,4.238012313842773,0.0
0,60,None,False,"46,93,108,26,24,111,43,58,139,109",0.8504427075386047,-1.3639459609985352,-0.5595648288726807,-1.0021870136260986,7.9985761642456055,5.3687052726745605,-0.3238213062286377,0.0,0.0,-0.3238213062286377,-2.7786433696746826,2.454822063446045,0.2606079578399658,0.0,1.1937052011489868,0.5683480501174927,4.238012313842773,0.0
0,61,None,False,"46,93,108,26,24,111,43,58,139,109",0.8253432512283325,-1.2695130109786987,-1.0227177143096924,-0.9366300106048584,7.9989399909973145,4.823485851287842,-2.29345965385437,0.0,0.0,-2.29345965385437,-3.3824563026428223,1.0889966487884521,0.09358568489551544,0.0,1.010224461555481,0.5951313972473145,4.238012313842773,0.0
0,62,None,False,"46,93,108,26,24,111,43,58,139,109",0.897669792175293,-1.6291155815124512,-0.875108003616333,-0.8985577821731567,7.998697757720947,4.028557300567627,-1.4992916584014893,0.0,0.0,-1.4992916584014893,-3.1739652156829834,1.6746735572814941,0.28228750824928284,0.0,1.088941216468811,0.5884326696395874,4.238012313842773,0.0
0,63,None,False,"46,93,108,26,24,111,43,58,139,109",0.9518705606460571,-1.4673998355865479,-0.7743870615959167,-1.0501796007156372,7.998424053192139,5.267547130584717,-0.8440166711807251,0.0,0.0,-0.8440166711807251,-2.9025793075561523,2.058562755584717,0.38791361451148987,0.0,1.1145083904266357,0.5094343423843384,4.238012313842773,0.0
0,64,None,False,"46,93,108,26,24,111,43,58,139,109",0.7573456764221191,-1.4046721458435059,-0.6950098276138306,-0.995101273059845,7.998934745788574,7.546970844268799,-0.45106831192970276,0.0,0.0,-0.45106831192970276,-1.9801020622253418,1.5290337800979614,0.18188729882240295,0.0,1.2139084339141846,0.6061133146286011,4.238012313842773,0.0
0,65,None,False,"46,93,108,26,24,111,43,58,139,109",0.7977273464202881,-1.5479509830474854,-0.8282914757728577,-0.9340408444404602,7.998902320861816,6.093671798706055,-0.5283153057098389,0.0,0.0,-0.5283153057098389,-0.7328689098358154,0.20455360412597656,-0.14015565812587738,0.0,1.3018712997436523,0.5699018836021423,4.238012313842773,0.0
0,66,None,False,"46,93,108,26,24,111,43,58,139,109",0.7853443622589111,-1.7117254734039307,-0.870254635810852,-1.083727478981018,7.998977184295654,5.409823417663574,0.1829761266708374,0.0,0.0,0.1829761266708374,0.012242794036865234,0.17073333263397217,-0.1004192903637886,0.0,1.3606442213058472,0.6045187711715698,4.238012313842773,0.0
0,67,None,False,"46,93,108,26,24,111,43,58,139,109",0.8329113125801086,-1.5113940238952637,-1.022109866142273,-1.0892152786254883,7.998453140258789,4.96945333480835,0.3774195909500122,0.0,0.0,0.3774195909500122,1.4643549919128418,-1.0869354009628296,-0.5174221992492676,0.0,1.2443454265594482,0.6770612597465515,4.238012313842773,0.0
0,68,None,False,"46,93,108,26,24,111,43,58,139,109",0.7600491046905518,-1.5604712963104248,-0.6136777997016907,-0.9706733226776123,7.998899459838867,3.533515453338623,0.12840509414672852,0.0,0.0,0.12840509414672852,0.8926153182983398,-0.7642102241516113,-0.2633114755153656,0.0,1.2350724935531616,0.6567039489746094,4.238012313842773,0.0
0,69,None,False,"46,93,108,26,24,111,43,58,139,109",1.0284103155136108,-1.8179374933242798,-0.6849242448806763,-1.0757675170898438,7.99812650680542,4.419419765472412,1.2025612592697144,0.0,0.0,1.2025612592697144,1.2897253036499023,-0.08716404438018799,0.035922784358263016,0.0,1.24640953540802,0.7988077998161316,4.238012313842773,0.0
0,70,None,False,"46,93,108,26,24,111,43,58,139,109",0.8529949188232422,-1.437976598739624,-0.6904013156890869,-1.2223926782608032,7.998549461364746,5.326197624206543,2.215742588043213,0.0,0.0,2.215742588043213,1.2952566146850586,0.9204859733581543,0.4910109341144562,0.0,1.5171325206756592,0.5774585008621216,4.238012313842773,0.0
0,71,None,False,"46,93,108,26,24,111,43,58,139,109",0.726037859916687,-1.3774553537368774,-0.6549683213233948,-0.989920437335968,7.9989423751831055,3.558480978012085,0.18677890300750732,0.0,0.0,0.18677890300750732,0.7190942764282227,-0.5323153734207153,-0.0687515139579773,0.0,1.4249954223632812,0.5141942501068115,4.238012313842773,0.0
0,72,None,False,"46,93,108,26,24,111,43,58,139,109",0.7217925190925598,-1.7759003639221191,-0.9296569228172302,-1.2455867528915405,7.998894214630127,2.773440361022949,0.9126228094100952,0.0,0.0,0.9126228094100952,-5.9604644775390625e-06,0.9126287698745728,0.45455202460289,0.0,1.4012134075164795,0.5887463092803955,4.238012313842773,0.0
0,73,Schedule,True,"43,139,83,58,20,39,116,72,115,86",0.63421630859375,-1.6469987630844116,-0.6121388673782349,-0.8279359340667725,7.998268127441406,4.544536590576172,-0.07335066795349121,0.27999999523162844,0.699999988079071,-1.0533506870269775,-0.32986998558044434,-0.7234807014465332,-0.1359781175851822,-0.7239024043083191,1.3287724256515503,0.5736347436904907,4.238012313842773,0.0
0,74,Struct Break (DC),True,"110,1,31,95,23,108,90,71,120,136",0.8789099454879761,-1.7213174104690552,-1.0398554801940918,-1.124637484550476,7.998441696166992,5.680412769317627,3.262082576751709,0.4,1.0,1.862082600593567,2.585434913635254,-0.723352313041687,-0.18552793562412262,-0.970359742641449,1.5490083694458008,0.5812925100326538,4.238012313842773,0.0
0,75,None,False,"110,1,31,95,23,108,90,71,120,136",0.7922292947769165,-1.7986385822296143,-0.6794437170028687,-1.11690092086792,7.998142719268799,4.794370651245117,5.653838634490967,0.0,0.0,5.653838634490967,6.09743595123291,-0.44359731674194336,-0.13227705657482147,0.0,1.2430225610733032,0.5173710584640503,4.238012313842773,0.0
0,76,None,False,"110,1,31,95,23,108,90,71,120,136",0.7700457572937012,-1.5452007055282593,-1.050652027130127,-0.9803016185760498,7.998607635498047,5.186202049255371,6.794364929199219,0.0,0.0,6.794364929199219,6.433725357055664,0.3606395721435547,0.17870250344276428,0.0,1.4770176410675049,0.5887770652770996,4.238012313842773,0.0
0,77,None,False,"110,1,31,95,23,108,90,71,120,136",0.7505794763565063,-1.3186440467834473,-0.738904595375061,-0.918381929397583,7.998600006103516,4.54132080078125,6.5632710456848145,0.0,0.0,6.5632710456848145,6.810402870178223,-0.2471318244934082,-0.1321740597486496,0.0,1.2681803703308105,0.4293011426925659,4.238012313842773,0.0
0,78,Struct Break (DC),True,"127,100,35,66,84,141,142,42,9,18",0.6831211447715759,-1.430120825767517,-0.7590119242668152,-0.8204972743988037,7.998342514038086,4.476634502410889,1.6780996322631836,0.4,1.0,0.2780996561050415,4.609119892120361,-4.331020355224609,-1.2582839727401733,-6.288435935974121,1.2536983489990234,0.5150436758995056,4.238012313842773,0.0
0,79,None,False,"127,100,35,66,84,141,142,42,9,18",0.7842073440551758,-1.548585057258606,-0.9478656053543091,-0.9304276704788208,7.998387336730957,6.197888374328613,0.38798272609710693,0.0,0.0,0.38798272609710693,3.511214256286621,-3.1232314109802246,-1.070727825164795,0.0,1.4325342178344727,0.5241878032684326,4.238012313842773,0.0
0,80,None,False,"127,100,35,66,84,141,142,42,9,18",0.7626293897628784,-1.6716129779815674,-0.7182236909866333,-1.0477532148361206,7.998560905456543,5.699796199798584,-0.11979161947965622,0.0,0.0,-0.11979161947965622,4.548001289367676,-4.667792797088623,-1.3446136713027954,0.0,1.287186861038208,0.4968218207359314,4.238012313842773,0.0
0,81,None,False,"127,100,35,66,84,141,142,42,9,18",0.7023508548736572,-1.5061196088790894,-0.7377173900604248,-0.8214911222457886,7.998352527618408,5.249077796936035,-1.1104589700698853,0.0,0.0,-1.1104589700698853,3.418111801147461,-4.528570652008057,-1.430681824684143,0.0,1.4254002571105957,0.5154868364334106,4.238012313842773,0.0
0,82,None,False,"127,100,35,66,84,141,142,42,9,18",1.026955008506775,-1.7560464143753052,-0.6706758141517639,-1.175593614578247,7.997766017913818,5.920039653778076,-0.45718908309936523,0.0,0.0,-0.45718908309936523,3.7372589111328125,-4.194447994232178,-1.3075289726257324,0.0,1.2379508018493652,0.5769526958465576,4.238012313842773,0.0
0,83,None,False,"127,100,35,66,84,141,142,42,9,18",0.8259803652763367,-1.6905995607376099,-0.988945722579956,-0.9691928625106812,7.998377799987793,5.582822322845459,0.5871140956878662,0.0,0.0,0.5871140956878662,4.9306511878967285,-4.343537330627441,-1.2595036029815674,0.0,1.1490936279296875,0.680665910243988,4.238012313842773,0.0
0,84,None,False,"127,100,35,66,84,141,142,42,9,18",0.8466161489486694,-1.6490046977996826,-0.9366719722747803,-0.7291423082351685,7.999213695526123,4.361938953399658,-0.803290605545044,0.0,0.0,-0.803290605545044,4.2037129402160645,-5.0070037841796875,-1.6634491682052612,0.0,1.2701714038848877,0.6941545605659485,4.238012313842773,0.0
0,85,None,False,"127,100,35,66,84,141,142,42,9,18",0.7175871133804321,-1.5349154472351074,-0.9580481648445129,-0.981059730052948,7.999304294586182,5.385064125061035,-0.7233631610870361,0.0,0.0,-0.7233631610870361,4.34415340423584,-5.067516326904297,-1.6459447145462036,0.0,0.880476713180542,0.6369133591651917,4.238012313842773,0.0
0,86,None,False,"127,100,35,66,84,141,142,42,9,18",0.7605987787246704,-1.8387234210968018,-1.1920242309570312,-1.1745930910110474,7.998239994049072,4.574730396270752,1.7930412292480469,0.0,0.0,1.7930412292480469,8.055901527404785,-6.262860298156738,-2.0868606567382812,0.0,1.1512556076049805,0.6995218396186829,4.238012313842773,0.0
0,87,Struct Break (DC),True,"86,81,116,3,110,97,122,55,13,61",1.0987228155136108,-1.5934339761734009,-0.9099194407463074,-1.0421277284622192,7.998563289642334,7.058247089385986,3.6895008087158203,0.4,1.0,2.2895007133483887,7.761931419372559,-5.47243070602417,-1.9450435638427734,-9.698295593261719,1.049350619316101,0.5179997086524963,4.238012313842773,0.0
0,88,None,False,"86,81,116,3,110,97,122,55,13,61",0.892187774181366,-1.6099636554718018,-0.7931520938873291,-0.9515689611434937,7.998146057128906,4.75811767578125,1.5099483728408813,0.0,0.0,1.5099483728408813,6.0948967933654785,-4.584948539733887,-1.5308828353881836,0.0,1.1448822021484375,0.4465585947036743,4.238012313842773,0.0
0,89,Struct Break (DC),True,"23,30,28,19,65,100,67,18,63,136",0.7379986643791199,-1.2363922595977783,-0.6763347387313843,-0.988834023475647,7.998699188232422,5.915849685668945,-0.5930060148239136,0.4,1.0,-1.9930059909820557,3.932666778564453,-5.92567253112793,-1.9200454950332642,-9.58334732055664,1.1328991651535034,0.42529767751693726,4.238012313842773,0.0
0,90,None,False,"23,30,28,19,65,100,67,18,63,136",0.7179733514785767,-1.4965951442718506,-0.738254189491272,-1.0115118026733398,7.998842716217041,5.553305149078369,0.521395206451416,0.0,0.0,0.521395206451416,5.6070685386657715,-5.0856733322143555,-1.7349432706832886,0.0,0.9767350554466248,0.6540826559066772,4.238012313842773,0.0
0,91,None,False,"23,30,28,19,65,100,67,18,63,136",0.7746509313583374,-1.7530078887939453,-0.7970191836357117,-1.0040756464004517,7.998489856719971,3.483144521713257,-0.012535453774034977,0.0,0.0,-0.012535453774034977,4.005193710327148,-4.01772928237915,-1.235284447669983,0.0,0.8058857321739197,0.509665846824646,4.238012313842773,0.0
0,92,None,False,"23,30,28,19,65,100,67,18,63,136",0.938406765460968,-1.7058067321777344,-0.7973559498786926,-1.008434772491455,7.998410701751709,3.433093309402466,1.8088901042938232,0.0,0.0,1.8088901042938232,4.249465465545654,-2.440575361251831,-0.5565227270126343,0.0,0.9895191192626953,0.48192793130874634,4.238012313842773,0.0
0,93,None,False,"23,30,28,19,65,100,67,18,63,136",0.7660363912582397,-1.7029389142990112,-0.8344839215278625,-1.0751378536224365,7.998703479766846,2.877206802368164,4.165288925170898,0.0,0.0,4.165288925170898,3.910994529724121,0.25429439544677734,0.2698509395122528,0.0,1.698146104812622,0.5652440786361694,4.238012313842773,0.0
0,94,None,False,"23,30,28,19,65,100,67,18,63,136",0.9124313592910767,-1.3539648056030273,-0.5649755001068115,-0.8062624335289001,7.998104572296143,3.7407777309417725,3.5364112854003906,0.0,0.0,3.5364112854003906,2.115762233734131,1.4206490516662598,0.7440236806869507,0.0,1.2072649002075195,0.586664080619812,4.238012313842773,0.0
0,95,None,False,"23,30,28,19,65,100,67,18,63,136",0.8509342670440674,-1.7207893133163452,-0.7177591919898987,-0.8277956247329712,7.9987592697143555,5.086058139801025,2.2091472148895264,0.0,0.0,2.2091472148895264,2.094912528991699,0.11423468589782715,0.35468789935112,0.0,1.364961862564087,0.5671425461769104,4.238012313842773,0.0
0,96,None,False,"23,30,28,19,65,100,67,18,63,136",0.7369177341461182,-1.399856686592102,-0.8154515027999878,-0.5353987216949463,7.998615741729736,4.3438191413879395,4.4820556640625,0.0,0.0,4.4820556640625,1.7256379127502441,2.756417751312256,0.9010788798332214,0.0,1.2998961210250854,0.5514599084854126,4.238012313842773,0.0
0,97,None,False,"23,30,28,19,65,100,67,18,63,136",0.8484073281288147,-1.5048149824142456,-0.47034451365470886,-1.039770245552063,7.998481750488281,5.1290130615234375,4.656541347503662,0.0,0.0,4.656541347503662,-0.3594338893890381,5.015974998474121,1.4989744424819946,0.0,1.6034448146820068,0.5355505347251892,4.238012313842773,0.0
0,98,None,False,"23,30,28,19,65,100,67,18,63,136",0.7826992869377136,-1.6215202808380127,-0.9222187399864197,-0.9866189956665039,7.998953819274902,5.1166839599609375,6.174036979675293,0.0,0.0,6.174036979675293,0.7054686546325684,5.468568325042725,1.5882996320724487,0.0,1.2490880489349365,0.49517518281936646,4.238012313842773,0.0
0,99,None,False,"23,30,28,19,65,100,67,18,63,136",0.7784504294395447,-1.6349214315414429,-0.7273844480514526,-1.100427269935608,7.998260974884033,5.1759490966796875,7.906286239624023,0.0,0.0,7.906286239624023,1.5618443489074707,6.344441890716553,1.9886120557785034,0.0,1.5155398845672607,0.4778037667274475,4.238012313842773,0.0
0,100,None,False,"23,30,28,19,65,100,67,18,63,136",0.7808058261871338,-1.3585000038146973,-0.5153109431266785,-0.9093621373176575,7.998925685882568,5.6708574295043945,7.69327449798584,0.0,0.0,7.69327449798584,0.7132530212402344,6.9800214767456055,2.277914524078369,0.0,1.046935796737671,0.4951930642127991,4.238012313842773,0.0
0,101,None,False,"23,30,28,19,65,100,67,18,63,136",0.799735963344574,-1.4311774969100952,-0.7599354386329651,-0.9801466464996338,7.998361110687256,3.85738468170166,8.88325023651123,0.0,0.0,8.88325023651123,1.2644290924072266,7.618821144104004,2.8361973762512207,0.0,1.4632774591445923,0.5033578872680664,4.238012313842773,0.0
0,102,None,False,"23,30,28,19,65,100,67,18,63,136",0.8179137706756592,-1.6259877681732178,-0.7782349586486816,-1.0019422769546509,7.9987311363220215,3.7561042308807373,10.454574584960938,0.0,0.0,10.454574584960938,2.054595947265625,8.399978637695312,3.156820297241211,0.0,1.4750577211380005,0.5395195484161377,4.238012313842773,0.0
0,103,Schedule,True,"67,124,100,24,72,34,134,35,76,53",0.8070048093795776,-1.6275194883346558,-0.6351276636123657,-0.8056304454803467,7.998509883880615,4.531931400299072,7.3321709632873535,0.3200000047683716,0.800000011920929,6.2121710777282715,0.990593433380127,5.2215776443481445,1.8825781345367432,9.291264533996582,1.100492000579834,0.5597158074378967,4.238012313842773,0.0
0,104,None,False,"67,124,100,24,72,34,134,35,76,53",0.6472636461257935,-1.3607072830200195,-0.6809766292572021,-0.9671616554260254,7.998330593109131,5.0079426765441895,3.780449628829956,0.0,0.0,3.780449628829956,-0.7523298263549805,4.532779693603516,1.163831114768982,0.0,1.1172077655792236,0.5443549156188965,4.238012313842773,0.0
0,105,None,False,"67,124,100,24,72,34,134,35,76,53",0.7620251178741455,-1.6779307126998901,-0.8193705677986145,-0.9744471907615662,7.998697280883789,6.1349382400512695,5.4526166915893555,0.0,0.0,5.4526166915893555,0.35341978073120117,5.099196910858154,1.5335240364074707,0.0,1.3461599349975586,0.5114609003067017,4.238012313842773,0.0
0,106,None,False,"67,124,100,24,72,34,134,35,76,53",0.7423995137214661,-1.3779268264770508,-0.8848050236701965,-0.8402217626571655,7.998702526092529,6.969698905944824,5.325653553009033,0.0,0.0,5.325653553009033,1.400160789489746,3.925492763519287,1.081535816192627,0.0,1.403352975845337,0.5288971066474915,4.238012313842773,0.0
0,107,None,False,"67,124,100,24,72,34,134,35,76,53",0.6782712340354919,-1.6160681247711182,-0.6216193437576294,-0.9464076161384583,7.998708248138428,4.855496883392334,6.507905006408691,0.0,0.0,6.507905006408691,2.675604820251465,3.8323001861572266,0.9859077334403992,0.0,1.0011626482009888,0.5513426065444946,4.238012313842773,0.0
0,108,Struct Break (DC),True,"62,120,58,47,51,111,74,52,67,29",0.730756402015686,-1.6123988628387451,-0.9992131590843201,-1.0631778240203857,7.998844623565674,3.744541883468628,4.4890971183776855,0.35999999046325687,0.8999999761581421,3.2290971279144287,3.0783891677856445,0.15070796012878418,-0.1980373114347458,-1.0325696468353271,1.4609496593475342,0.5495567917823792,4.238012313842773,0.0
0,109,None,False,"62,120,58,47,51,111,74,52,67,29",0.6804901361465454,-1.517623782157898,-0.837431788444519,-1.0040464401245117,7.999234199523926,3.9824254512786865,3.64762020111084,0.0,0.0,3.64762020111084,1.9554495811462402,1.6921706199645996,0.369994580745697,0.0,1.4872596263885498,0.606709897518158,4.238012313842773,0.0
0,110,None,False,"62,120,58,47,51,111,74,52,67,29",0.8684236407279968,-1.6994482278823853,-0.48479512333869934,-1.1341462135314941,7.997889995574951,5.282372951507568,4.565737247467041,0.0,0.0,4.565737247467041,2.212798595428467,2.352938652038574,0.4931865930557251,0.0,1.0307695865631104,0.6527141332626343,4.238012313842773,0.0
0,111,None,False,"62,120,58,47,51,111,74,52,67,29",0.6926723718643188,-1.744706392288208,-0.9341822862625122,-1.0666011571884155,7.999318599700928,4.86122465133667,4.112732410430908,0.0,0.0,4.112732410430908,3.7528514862060547,0.3598809242248535,-0.05834720656275749,0.0,1.2317460775375366,0.5961251258850098,4.238012313842773,0.0
0,112,None,False,"62,120,58,47,51,111,74,52,67,29",0.7060582637786865,-1.4861420392990112,-0.6966742277145386,-1.1814831495285034,7.9989728927612305,4.582686424255371,6.736763000488281,0.0,0.0,6.736763000488281,2.795541286468506,3.9412217140197754,0.6832143068313599,0.0,1.3437888622283936,0.5171962976455688,4.238012313842773,0.0
0,113,None,False,"62,120,58,47,51,111,74,52,67,29",0.7566096782684326,-1.6545391082763672,-0.5759403109550476,-0.9632500410079956,7.998482704162598,5.349598407745361,6.882126808166504,0.0,0.0,6.882126808166504,0.7729887962341309,6.109138011932373,1.3527355194091797,0.0,1.4156502485275269,0.6436830759048462,4.238012313842773,0.0
0,114,Struct Break (DC),True,"63,95,134,3,141,101,107,115,121,46",0.5993964672088623,-1.339377760887146,-0.7806541323661804,-0.9682904481887817,7.999276161193848,4.9524736404418945,0.4757332503795624,0.4,1.0,-0.9242666959762573,1.2968182563781738,-2.2210850715637207,-0.7604444026947021,-3.824247121810913,1.4178063869476318,0.5834052562713623,4.238012313842773,0.0
0,115,None,False,"63,95,134,3,141,101,107,115,121,46",0.733393669128418,-1.7714489698410034,-0.7646644711494446,-0.8857678771018982,7.998758792877197,4.792563438415527,0.8314644694328308,0.0,0.0,0.8314644694328308,1.3131976127624512,-0.48173314332962036,-0.295883446931839,0.0,1.2865517139434814,0.4338071644306183,4.238012313842773,0.0
0,116,None,False,"63,95,134,3,141,101,107,115,121,46",0.7253118753433228,-1.6735390424728394,-0.7324582934379578,-0.925260066986084,7.998718738555908,4.048495769500732,-0.36921262741088867,0.0,0.0,-0.36921262741088867,0.487673282623291,-0.8568859100341797,-0.565432071685791,0.0,1.42510986328125,0.3954862952232361,4.238012313842773,0.0
0,117,None,False,"63,95,134,3,141,101,107,115,121,46",1.1562070846557617,-1.78999662399292,-0.7047942876815796,-1.1102690696716309,7.9973602294921875,6.996273994445801,0.3338003158569336,0.0,0.0,0.3338003158569336,1.6707301139831543,-1.3369297981262207,-0.8435938358306885,0.0,1.2344820499420166,0.37865352630615234,4.238012313842773,0.0
0,118,None,False,"63,95,134,3,141,101,107,115,121,46",0.6006571650505066,-1.531690239906311,-0.9093135595321655,-0.895559549331665,7.998634338378906,6.521451473236084,-1.2373590469360352,0.0,0.0,-1.2373590469360352,0.11610984802246094,-1.353468894958496,-0.9248465299606323,0.0,1.2600017786026,0.3989638686180115,4.238012313842773,0.0
0,119,None,False,"63,95,134,3,141,101,107,115,121,46",1.1232582330703735,-1.7201077938079834,-0.5895253419876099,-1.066658854484558,7.9979071617126465,6.389559268951416,-2.5738472938537598,0.0,0.0,-2.5738472938537598,-0.5411207675933838,-2.032726526260376,-1.0275037288665771,0.0,1.160279631614685,0.4803811311721802,4.238012313842773,0.0
0,120,None,False,"63,95,134,3,141,101,107,115,121,46",0.6625900268554688,-1.6636617183685303,-0.7357937097549438,-0.9931330680847168,7.998876094818115,6.435300350189209,-3.4192302227020264,0.0,0.0,-3.4192302227020264,-0.9030699729919434,-2.516160249710083,-1.2394230365753174,0.0,0.8644604086875916,0.49033409357070923,4.238012313842773,0.0
0,121,None,False,"63,95,134,3,141,101,107,115,121,46",0.6340841054916382,-1.5500507354736328,-0.7524064779281616,-1.1473815441131592,7.998595714569092,5.278511047363281,-1.9669198989868164,0.0,0.0,-1.9669198989868164,-0.18058419227600098,-1.7863357067108154,-0.9735792875289917,0.0,1.0562281608581543,0.4346514344215393,4.238012313842773,0.0
0,122,None,False,"63,95,134,3,141,101,107,115,121,46",0.7019226551055908,-1.4739729166030884,-0.6609830260276794,-0.8853021264076233,7.9986395835876465,4.995602130889893,-2.6498568058013916,0.0,0.0,-2.6498568058013916,0.38422346115112305,-3.0340802669525146,-1.3215672969818115,0.0,0.8706420660018921,0.36139190196990967,4.238012313842773,0.0
0,123,None,False,"63,95,134,3,141,101,107,115,121,46",0.7381131649017334,-1.6858623027801514,-1.0387955904006958,-0.8723621368408203,7.999054431915283,6.154576301574707,-1.789412498474121,0.0,0.0,-1.789412498474121,2.681291103363037,-4.470703601837158,-1.7666451930999756,0.0,1.3281347751617432,0.38089317083358765,4.238012313842773,0.0
0,124,None,False,"63,95,134,3,141,101,107,115,121,46",1.0439295768737793,-1.642397403717041,-0.7498226165771484,-0.9027557969093323,7.9980854988098145,7.219002723693848,-1.2570875883102417,0.0,0.0,-1.2570875883102417,3.6023378372192383,-4.8594255447387695,-1.779689073562622,0.0,1.345389485359192,0.5291998386383057,4.238012313842773,0.0
0,125,None,False,"63,95,134,3,141,101,107,115,121,46",1.1600440740585327,-1.9657208919525146,-0.70229172706604,-1.3218705654144287,7.997334003448486,6.435804843902588,-1.2865853309631348,0.0,0.0,-1.2865853309631348,3.8053274154663086,-5.091912746429443,-2.0388948917388916,0.0,1.2208013534545898,0.4280622601509094,4.238012313842773,0.0
0,126,None,False,"63,95,134,3,141,101,107,115,121,46",0.7085318565368652,-1.7556414604187012,-0.7093227505683899,-1.0422673225402832,7.998786926269531,6.189238548278809,0.3258305788040161,0.0,0.0,0.3258305788040161,3.8953542709350586,-3.569523811340332,-1.6281617879867554,0.0,1.2669060230255127,0.4963129460811615,4.238012313842773,0.0
0,127,None,False,"63,95,134,3,141,101,107,115,121,46",0.7844009399414062,-1.7097299098968506,-0.6398378610610962,-1.2157528400421143,7.998065948486328,3.907510757446289,3.91530704498291,0.0,0.0,3.91530704498291,6.761431694030762,-2.8461246490478516,-1.2451674938201904,0.0,1.175391435623169,0.3481416702270508,4.238012313842773,0.0
0,0,Schedule | Regime Shift (Initial),True,"76,75,0,130,74,100,97,52,141,89",0.5431621670722961,-1.5316619873046875,-0.806044340133667,-1.1427099704742432,7.998571872711182,4.748960971832275,-6.735227108001709,0.0,0.0,-6.735227108001709,2.441287040710449,-9.176513671875,-2.5311851501464844,-12.611730575561523,1.0262502431869507,0.6396663188934326,5.106163024902344,0.0
0,1,None,False,"76,75,0,130,74,100,97,52,141,89",0.690430760383606,-0.8735537528991699,-0.6562857627868652,-0.7669307589530945,7.999056816101074,5.571598052978516,-7.857606410980225,0.0,0.0,-7.857606410980225,-0.3623545169830322,-7.495251655578613,-2.2369470596313477,0.0,0.9738889336585999,0.6258573532104492,5.106163024902344,0.0
0,2,None,False,"76,75,0,130,74,100,97,52,141,89",0.9256038665771484,-1.2022974491119385,-0.5085080862045288,-1.0485467910766602,7.998127460479736,5.8827948570251465,-7.834350109100342,0.0,0.0,-7.834350109100342,0.06003379821777344,-7.894383907318115,-2.2533907890319824,0.0,1.3096309900283813,0.5980175733566284,5.106163024902344,0.0
0,3,None,False,"76,75,0,130,74,100,97,52,141,89",0.705164909362793,-1.2394239902496338,-0.6787749528884888,-1.0437963008880615,7.998569965362549,5.445064544677734,-7.5494513511657715,0.0,0.0,-7.5494513511657715,-0.1488327980041504,-7.400618553161621,-1.9754902124404907,0.0,1.1006277799606323,0.6705064177513123,5.106163024902344,0.0
0,4,None,False,"76,75,0,130,74,100,97,52,141,89",0.8576765060424805,-1.418222188949585,-0.782630205154419,-1.1032137870788574,7.998262882232666,5.74875020980835,-7.631597518920898,0.0,0.0,-7.631597518920898,0.6300926208496094,-8.261690139770508,-2.0720956325531006,0.0,1.2934606075286865,0.5179126262664795,5.106163024902344,0.0
0,5,None,False,"76,75,0,130,74,100,97,52,141,89",0.7198306322097778,-1.388002872467041,-0.8364639282226562,-1.1637427806854248,7.998912811279297,4.761999130249023,-5.669646739959717,0.0,0.0,-5.669646739959717,1.68229341506958,-7.351940155029297,-1.9651817083358765,0.0,1.1174185276031494,0.5862894654273987,5.106163024902344,0.0
0,6,None,False,"76,75,0,130,74,100,97,52,141,89",0.689053475856781,-1.1789658069610596,-0.6563026905059814,-1.0937795639038086,7.998288154602051,3.0874931812286377,-5.4502973556518555,0.0,0.0,-5.4502973556518555,1.5806317329406738,-7.030929088592529,-1.9164743423461914,0.0,1.1858503818511963,0.6418119072914124,5.106163024902344,0.0
0,7,None,False,"76,75,0,130,74,100,97,52,141,89",0.9910242557525635,-1.0175222158432007,-0.6151984930038452,-0.9056054353713989,7.997201442718506,4.832396030426025,-5.01192569732666,0.0,0.0,-5.01192569732666,0.6996512413024902,-5.71157693862915,-1.5255523920059204,0.0,1.3001455068588257,0.6356844902038574,5.106163024902344,0.0
0,8,None,False,"76,75,0,130,74,100,97,52,141,89",1.19740891456604,-1.0350902080535889,-0.7731866836547852,-1.1961348056793213,7.9970855712890625,5.839651107788086,-5.542729377746582,0.0,0.0,-5.542729377746582,0.2488255500793457,-5.791554927825928,-1.7520102262496948,0.0,1.0746493339538574,0.5909701585769653,5.106163024902344,0.0
0,9,None,False,"76,75,0,130,74,100,97,52,141,89",0.6643648147583008,-1.2865763902664185,-0.7932000756263733,-1.0600993633270264,7.998551845550537,5.253720760345459,-3.906606912612915,0.0,0.0,-3.906606912612915,0.7836580276489258,-4.690264701843262,-1.419973373413086,0.0,1.2976397275924683,0.6054900884628296,5.106163024902344,0.0
0,10,None,False,"76,75,0,130,74,100,97,52,141,89",0.6239749193191528,-1.2769083976745605,-0.8469067215919495,-0.9557157754898071,7.998763084411621,5.996337413787842,-1.0669052600860596,0.0,0.0,-1.0669052600860596,2.6502132415771484,-3.717118501663208,-1.0721633434295654,0.0,1.131670594215393,0.5964303016662598,5.106163024902344,0.0
0,11,Struct Break (DC),True,"127,71,83,39,121,77,6,94,95,81",0.7790528535842896,-1.0061103105545044,-0.8314915299415588,-1.0940709114074707,7.998318195343018,4.431718826293945,1.9409079551696777,0.4,1.0,0.5409079790115356,1.4372825622558594,-0.8963745832443237,-0.302558958530426,-1.5502859354019165,1.0114153623580933,0.5417712926864624,5.106163024902344,0.0
0,12,None,False,"127,71,83,39,121,77,6,94,95,81",0.7191590070724487,-1.3027710914611816,-0.5938183069229126,-1.0781387090682983,7.997684478759766,4.904038429260254,2.061500072479248,0.0,0.0,2.061500072479248,1.485145092010498,0.57635498046875,0.06584455072879791,0.0,0.9513067007064819,0.6069520711898804,5.106163024902344,0.0
0,13,None,False,"127,71,83,39,121,77,6,94,95,81",0.687699556350708,-1.0329170227050781,-0.6015706062316895,-0.8398863673210144,7.998913288116455,3.7877683639526367,1.9312422275543213,0.0,0.0,1.9312422275543213,0.6872177124023438,1.2440245151519775,0.24324756860733032,0.0,1.0114662647247314,0.643244206905365,5.106163024902344,0.0
0,14,None,False,"127,71,83,39,121,77,6,94,95,81",0.7024996280670166,-1.2551300525665283,-0.6844198703765869,-1.0042461156845093,7.998126029968262,4.059045314788818,2.1166234016418457,0.0,0.0,2.1166234016418457,1.2219429016113281,0.8946805000305176,0.5696027278900146,0.0,0.9399552345275879,0.6872500777244568,5.106163024902344,0.0
0,15,None,False,"127,71,83,39,121,77,6,94,95,81",0.7309257984161377,-1.8962740898132324,-1.0844109058380127,-1.0610828399658203,7.998816013336182,4.469414710998535,2.1939969062805176,0.0,0.0,2.1939969062805176,2.7782082557678223,-0.5842113494873047,-0.15088635683059692,0.0,0.6822354197502136,0.6163306832313538,5.106163024902344,0.0
0,16,None,False,"127,71,83,39,121,77,6,94,95,81",0.6981300115585327,-1.3370301723480225,-0.9104293584823608,-0.8403278589248657,7.99893045425415,3.953510284423828,2.7183752059936523,0.0,0.0,2.7183752059936523,3.031766414642334,-0.31339120864868164,-0.12049424648284912,0.0,0.9907129406929016,0.5988694429397583,5.106163024902344,0.0
0,17,None,False,"127,71,83,39,121,77,6,94,95,81",0.7600989937782288,-1.727062463760376,-1.0823322534561157,-0.887617826461792,7.998401641845703,6.208447456359863,3.296863317489624,0.0,0.0,3.296863317489624,3.434479236602783,-0.13761591911315918,0.1297491043806076,0.0,0.8206082582473755,0.5639450550079346,5.106163024902344,0.0
0,18,None,False,"127,71,83,39,121,77,6,94,95,81",0.9159258604049683,-1.6383739709854126,-0.8051528334617615,-1.112534999847412,7.997456073760986,7.340940475463867,2.8407721519470215,0.0,0.0,2.8407721519470215,3.1142354011535645,-0.27346324920654297,0.1563452184200287,0.0,0.9791065454483032,0.5416248440742493,5.106163024902344,0.0
0,19,None,False,"127,71,83,39,121,77,6,94,95,81",0.5974210500717163,-1.6691774129867554,-0.8092777132987976,-0.9081165790557861,7.998551845550537,4.911306858062744,1.3635069131851196,0.0,0.0,1.3635069131851196,2.338290214538574,-0.9747833013534546,0.04997219145298004,0.0,1.2992212772369385,0.5181277990341187,5.106163024902344,0.0
0,20,None,False,"127,71,83,39,121,77,6,94,95,81",0.9446327686309814,-1.8164669275283813,-0.6579223871231079,-0.9384093880653381,7.997198581695557,5.476039409637451,2.4253780841827393,0.0,0.0,2.4253780841827393,3.140735626220703,-0.7153575420379639,-0.027360305190086365,0.0,1.2116080522537231,0.5584646463394165,5.106163024902344,0.0
0,21,None,False,"127,71,83,39,121,77,6,94,95,81",0.7048647999763489,-1.5192744731903076,-0.835491955280304,-0.8596414923667908,7.998208045959473,5.2296833992004395,1.773313283920288,0.0,0.0,1.773313283920288,2.9811739921569824,-1.2078607082366943,-0.1839815229177475,0.0,1.2224948406219482,0.4803348481655121,5.106163024902344,0.0
0,22,None,False,"127,71,83,39,121,77,6,94,95,81",0.6927503347396851,-1.4248161315917969,-0.769322395324707,-0.7577246427536011,7.998959064483643,3.0566139221191406,-0.2706962823867798,0.0,0.0,-0.2706962823867798,2.6462197303771973,-2.9169158935546875,-0.9505009651184082,0.0,0.9439608454704285,0.4828681945800781,5.106163024902344,0.0
0,23,None,False,"127,71,83,39,121,77,6,94,95,81",0.8124824166297913,-1.5804595947265625,-0.7821789979934692,-0.8881334066390991,7.998316287994385,3.0055301189422607,0.22188544273376465,0.0,0.0,0.22188544273376465,3.217172622680664,-2.9952871799468994,-0.9035782217979431,0.0,0.8422356843948364,0.38491109013557434,5.106163024902344,0.0
0,24,None,False,"127,71,83,39,121,77,6,94,95,81",0.7177207469940186,-1.366041660308838,-0.7158433794975281,-0.9275734424591064,7.9982590675354,2.9962189197540283,-0.837590754032135,0.0,0.0,-0.837590754032135,2.25294828414917,-3.09053897857666,-1.031672716140747,0.0,0.8753395080566406,0.4052150249481201,5.106163024902344,0.0
0,25,Schedule,True,"93,18,134,79,2,133,99,129,13,78",0.7019450664520264,-1.358120322227478,-0.7833554744720459,-0.7887930870056152,7.998724937438965,4.0903215408325195,0.40213167667388916,0.4,1.0,-0.9978682994842529,2.4692296981811523,-3.4670979976654053,-1.2986009120941162,-6.494012832641602,0.7571299076080322,0.4131653606891632,5.106163024902344,0.0
0,26,None,False,"93,18,134,79,2,133,99,129,13,78",0.6197635531425476,-1.5983459949493408,-0.8858727216720581,-0.9843565821647644,7.997838497161865,7.382512092590332,1.5485793352127075,0.0,0.0,1.5485793352127075,3.1769275665283203,-1.6283482313156128,-0.5250942707061768,0.0,1.1059174537658691,0.49705231189727783,5.106163024902344,0.0
0,27,None,False,"93,18,134,79,2,133,99,129,13,78",0.8034912347793579,-1.4562715291976929,-0.8868571519851685,-0.8629433512687683,7.999350070953369,6.74760103225708,3.881704092025757,0.0,0.0,3.881704092025757,3.4392476081848145,0.4424564838409424,0.3648946285247803,0.0,1.0128517150878906,0.552190899848938,5.106163024902344,0.0
0,28,None,False,"93,18,134,79,2,133,99,129,13,78",0.73140549659729,-1.7313487529754639,-0.8966318964958191,-0.9594032764434814,7.998862266540527,4.328017711639404,3.331331491470337,0.0,0.0,3.331331491470337,2.604842185974121,0.7264893054962158,0.5251147747039795,0.0,1.2024445533752441,0.6196412444114685,5.106163024902344,0.0
0,29,None,False,"93,18,134,79,2,133,99,129,13,78",1.0270545482635498,-1.877495527267456,-0.7664088606834412,-1.0027449131011963,7.997125625610352,7.57349967956543,1.8972539901733398,0.0,0.0,1.8972539901733398,2.785313129425049,-0.888059139251709,-0.27723148465156555,0.0,0.9837024211883545,0.685438871383667,5.106163024902344,0.0
0,30,None,False,"93,18,134,79,2,133,99,129,13,78",0.632801353931427,-1.4168552160263062,-0.6267383098602295,-0.896924614906311,7.9991936683654785,6.47481632232666,3.6614954471588135,0.0,0.0,3.6614954471588135,2.1464943885803223,1.5150010585784912,0.5955566763877869,0.0,0.9770941734313965,0.8528952598571777,5.106163024902344,0.0
0,31,None,False,"93,18,134,79,2,133,99,129,13,78",0.7067959308624268,-1.650254487991333,-0.7040242552757263,-0.8159714341163635,7.9987993240356445,3.6493282318115234,3.191479206085205,0.0,0.0,3.191479206085205,2.195143699645996,0.996335506439209,0.35834628343582153,0.0,1.1062216758728027,0.6402693390846252,5.106163024902344,0.0
0,32,None,False,"93,18,134,79,2,133,99,129,13,78",0.6547274589538574,-1.5044758319854736,-0.8209838271141052,-0.9148366451263428,7.999000549316406,3.189427614212036,3.7852425575256348,0.0,0.0,3.7852425575256348,2.275693416595459,1.5095491409301758,0.5870882272720337,0.0,1.3413643836975098,0.6789395809173584,5.106163024902344,0.0
0,33,None,False,"93,18,134,79,2,133,99,129,13,78",0.6034083962440491,-1.9610637426376343,-0.9785457849502563,-1.094186782836914,7.9989142417907715,3.7372708320617676,4.161055564880371,0.0,0.0,4.161055564880371,3.8115382194519043,0.3495173454284668,0.1057596430182457,0.0,1.3971600532531738,0.8122411966323853,5.106163024902344,0.0
0,34,None,False,"93,18,134,79,2,133,99,129,13,78",0.6078411936759949,-1.245595932006836,-0.6703236103057861,-0.9731185436248779,7.998510837554932,3.880073308944702,4.888422966003418,0.0,0.0,4.888422966003418,3.0947089195251465,1.7937140464782715,0.6454228758811951,0.0,1.2547228336334229,0.7200661897659302,5.106163024902344,0.0
0,35,None,False,"93,18,134,79,2,133,99,129,13,78",0.6872857809066772,-1.553296685218811,-0.7830581068992615,-1.0009931325912476,7.998804092407227,5.388205528259277,4.500129222869873,0.0,0.0,4.500129222869873,3.363168239593506,1.1369609832763672,0.5808842182159424,0.0,1.4726001024246216,0.6196426749229431,5.106163024902344,0.0
0,36,None,False,"93,18,134,79,2,133,99,129,13,78",0.6635503172874451,-1.697656273841858,-0.7144390344619751,-1.1887540817260742,7.997936725616455,5.5824198722839355,5.2596235275268555,0.0,0.0,5.2596235275268555,4.288375377655029,0.9712481498718262,0.7340558171272278,0.0,1.2697798013687134,0.622345507144928,5.106163024902344,0.0
0,37,None,False,"93,18,134,79,2,133,99,129,13,78",0.6010068655014038,-1.4913654327392578,-0.7888872623443604,-0.7863690853118896,7.998449802398682,5.31718111038208,4.2088470458984375,0.0,0.0,4.2088470458984375,3.3645987510681152,0.8442482948303223,0.4711141288280487,0.0,1.1257985830307007,0.5649605989456177,5.106163024902344,0.0
0,38,None,False,"93,18,134,79,2,133,99,129,13,78",0.7298369407653809,-1.5646394491195679,-0.6483846306800842,-0.9391897320747375,7.998729228973389,3.4963526725769043,4.487171173095703,0.0,0.0,4.487171173095703,3.009521961212158,1.477649211883545,0.7919529676437378,0.0,1.2698160409927368,0.4909955859184265,5.106163024902344,0.0
0,39,Schedule,True,"140,82,41,135,9,25,46,120,89,134",0.9696887731552124,-1.526139736175537,-0.6830283999443054,-0.9466593265533447,7.998085975646973,6.882552146911621,7.526017189025879,0.35999999046325687,0.8999999761581421,6.266016960144043,2.7814745903015137,3.4845423698425293,1.4635248184204102,7.215810775756836,1.1079291105270386,0.4627453684806824,5.106163024902344,0.0
0,40,None,False,"140,82,41,135,9,25,46,120,89,134",0.7095288038253784,-1.4978876113891602,-0.5392904877662659,-1.1497023105621338,7.997861862182617,7.03007698059082,6.441736221313477,0.0,0.0,6.441736221313477,2.7635812759399414,3.678154945373535,1.4125827550888062,0.0,1.1775425672531128,0.5886190533638,5.106163024902344,0.0
0,41,None,False,"140,82,41,135,9,25,46,120,89,134",0.6647608280181885,-1.559259057044983,-0.5605305433273315,-0.937140941619873,7.998302459716797,3.370054006576538,6.468297481536865,0.0,0.0,6.468297481536865,1.9994854927062988,4.468811988830566,1.6780588626861572,0.0,1.1901485919952393,0.575852632522583,5.106163024902344,0.0
0,42,None,False,"140,82,41,135,9,25,46,120,89,134",0.6702917814254761,-1.5068131685256958,-0.7441805601119995,-1.1076314449310303,7.998452663421631,3.4171276092529297,7.779247283935547,0.0,0.0,7.779247283935547,2.3588061332702637,5.420441150665283,2.019927501678467,0.0,1.526158094406128,0.6002391576766968,5.106163024902344,0.0
0,43,None,False,"140,82,41,135,9,25,46,120,89,134",0.711527943611145,-1.6761904954910278,-1.081109881401062,-1.1153796911239624,7.997619152069092,5.733415126800537,6.846336841583252,0.0,0.0,6.846336841583252,2.061295509338379,4.785041332244873,1.5770491361618042,0.0,1.5934765338897705,0.6853803396224976,5.106163024902344,0.0
0,44,None,False,"140,82,41,135,9,25,46,120,89,134",0.7478065490722656,-1.489355444908142,-0.7839992642402649,-1.1606508493423462,7.998227119445801,5.385892391204834,5.935439586639404,0.0,0.0,5.935439586639404,2.212536334991455,3.722903251647949,1.4435056447982788,0.0,1.399482250213623,0.5281755924224854,5.106163024902344,0.0
0,45,None,False,"140,82,41,135,9,25,46,120,89,134",0.5585160851478577,-1.434307336807251,-0.8091731071472168,-1.0875266790390015,7.998362064361572,4.071286678314209,4.689479827880859,0.0,0.0,4.689479827880859,1.2463569641113281,3.4431228637695312,1.0945513248443604,0.0,1.684315800666809,0.5149767994880676,5.106163024902344,0.0
0,46,None,False,"140,82,41,135,9,25,46,120,89,134",0.6881116628646851,-1.7856600284576416,-0.6964890360832214,-1.0351730585098267,7.9983649253845215,4.144814491271973,3.6459100246429443,0.0,0.0,3.6459100246429443,1.2659430503845215,2.379966974258423,0.7685878276824951,0.0,1.7020480632781982,0.5069862604141235,5.106163024902344,0.0
0,47,None,False,"140,82,41,135,9,25,46,120,89,134",0.6915034055709839,-1.5616893768310547,-0.8059337139129639,-1.1288450956344604,7.998695373535156,3.944568634033203,4.101157188415527,0.0,0.0,4.101157188415527,0.5299806594848633,3.571176528930664,0.981208324432373,0.0,1.521459937095642,0.542593240737915,5.106163024902344,0.0
0,48,None,False,"140,82,41,135,9,25,46,120,89,134",0.6731751561164856,-1.7276582717895508,-0.7428162693977356,-1.0215914249420166,7.998129367828369,4.161212921142578,3.2074949741363525,0.0,0.0,3.2074949741363525,0.9519696235656738,2.2555253505706787,0.5232131481170654,0.0,1.6100397109985352,0.5235894918441772,5.106163024902344,0.0
0,49,None,False,"140,82,41,135,9,25,46,120,89,134",0.7543376684188843,-1.6593804359436035,-0.7959677577018738,-1.1295199394226074,7.998589992523193,3.764944076538086,5.059952259063721,0.0,0.0,5.059952259063721,1.420152187347412,3.6398000717163086,0.6929211020469666,0.0,1.5364634990692139,0.47152552008628845,5.106163024902344,0.0
0,50,None,False,"140,82,41,135,9,25,46,120,89,134",0.878439724445343,-1.5426831245422363,-0.7819452881813049,-0.9702839255332947,7.998007774353027,3.435183525085449,4.684354782104492,0.0,0.0,4.684354782104492,0.6984353065490723,3.98591947555542,0.8249785304069519,0.0,1.4038830995559692,0.573920726776123,5.106163024902344,0.0
0,51,None,False,"140,82,41,135,9,25,46,120,89,134",1.125227451324463,-1.699005126953125,-0.8628976345062256,-1.3106669187545776,7.996860504150391,5.588996410369873,5.426823139190674,0.0,0.0,5.426823139190674,1.022040843963623,4.404782295227051,1.0656925439834595,0.0,1.3448392152786255,0.5756534337997437,5.106163024902344,0.0
0,52,None,False,"140,82,41,135,9,25,46,120,89,134",0.8416367769241333,-1.7079664468765259,-0.6685898303985596,-1.2742042541503906,7.998128890991211,6.0183868408203125,3.737048387527466,0.0,0.0,3.737048387527466,1.125955581665039,2.6110928058624268,0.6653313636779785,0.0,1.4558074474334717,0.5762730240821838,5.106163024902344,0.0
0,53,Schedule,True,"68,35,63,116,6,39,126,61,133,54",0.7207764387130737,-1.569132685661316,-0.7232562303543091,-1.0599920749664307,7.998119831085205,5.292767524719238,-0.3039330244064331,0.4,1.0,-1.7039330005645752,0.22796392440795898,-1.9318969249725342,-0.7812148928642273,-3.930954933166504,1.109009861946106,0.6431599259376526,5.106163024902344,0.0
0,54,None,False,"68,35,63,116,6,39,126,61,133,54",0.7890188694000244,-1.5964232683181763,-0.7143166065216064,-0.9300149083137512,7.997883319854736,3.7026498317718506,-2.467588186264038,0.0,0.0,-2.467588186264038,-0.8903741836547852,-1.577214002609253,-0.4918035864830017,0.0,1.234160304069519,0.4996272325515747,5.106163024902344,0.0
0,55,None,False,"68,35,63,116,6,39,126,61,133,54",0.9699665904045105,-1.579944133758545,-0.8779302835464478,-1.0681414604187012,7.997568607330322,6.271219253540039,-0.9582817554473877,0.0,0.0,-0.9582817554473877,-0.35274624824523926,-0.6055355072021484,-0.2543237805366516,0.0,1.4052999019622803,0.609477162361145,5.106163024902344,0.0
0,56,None,False,"68,35,63,116,6,39,126,61,133,54",0.8426389098167419,-1.7016730308532715,-0.7121574878692627,-1.0787690877914429,7.998117446899414,6.162694454193115,-1.298697590827942,0.0,0.0,-1.298697590827942,-0.5203306674957275,-0.7783669233322144,-0.21128755807876587,0.0,1.3392090797424316,0.6378163695335388,5.106163024902344,0.0
0,57,None,False,"68,35,63,116,6,39,126,61,133,54",0.7909818887710571,-1.43890380859375,-0.6995236277580261,-0.8147213459014893,7.998253345489502,5.945995330810547,0.5319994688034058,0.0,0.0,0.5319994688034058,0.06297826766967773,0.469021201133728,0.16546280682086945,0.0,1.0123252868652344,0.5398348569869995,5.106163024902344,0.0
0,58,None,False,"68,35,63,116,6,39,126,61,133,54",0.8039491772651672,-1.5367048978805542,-0.8524950742721558,-0.7835346460342407,7.998945713043213,4.940837860107422,0.3496640920639038,0.0,0.0,0.3496640920639038,-0.961768627166748,1.3114327192306519,0.5910996794700623,0.0,1.4888319969177246,0.5546712875366211,5.106163024902344,0.0
0,59,None,False,"68,35,63,116,6,39,126,61,133,54",0.6433955430984497,-1.6801223754882812,-0.7180587649345398,-0.8725425601005554,7.998830318450928,4.0558295249938965,3.452120304107666,0.0,0.0,3.452120304107666,0.6021380424499512,2.849982261657715,1.1913472414016724,0.0,1.0575519800186157,0.5714461803436279,5.106163024902344,0.0
0,60,None,False,"68,35,63,116,6,39,126,61,133,54",0.6835957765579224,-1.604934573173523,-0.7258918285369873,-0.9340940713882446,7.998370170593262,4.255033493041992,3.3037047386169434,0.0,0.0,3.3037047386169434,0.9386301040649414,2.365074634552002,0.7450957894325256,0.0,1.5276474952697754,0.513738751411438,5.106163024902344,0.0
0,61,None,False,"68,35,63,116,6,39,126,61,133,54",0.787507176399231,-1.645423412322998,-0.7263626456260681,-1.0010420083999634,7.998043537139893,5.808625221252441,2.333402633666992,0.0,0.0,2.333402633666992,0.7674455642700195,1.5659570693969727,0.45770612359046936,0.0,1.2518036365509033,0.45883023738861084,5.106163024902344,0.0
0,62,None,False,"68,35,63,116,6,39,126,61,133,54",0.7130274772644043,-1.4897385835647583,-0.7464460730552673,-0.895387589931488,7.998525142669678,3.8538637161254883,1.615891933441162,0.0,0.0,1.615891933441162,0.9738326072692871,0.642059326171875,0.1340341866016388,0.0,1.4501140117645264,0.5017340779304504,5.106163024902344,0.0
0,63,None,False,"68,35,63,116,6,39,126,61,133,54",0.7312865257263184,-1.3546240329742432,-0.8679028749465942,-1.0903711318969727,7.998448371887207,4.970922470092773,1.9466649293899536,0.0,0.0,1.9466649293899536,0.8166790008544922,1.1299859285354614,0.33352330327033997,0.0,1.4509505033493042,0.5061616897583008,5.106163024902344,0.0
0,64,None,False,"68,35,63,116,6,39,126,61,133,54",0.7619612216949463,-1.4986294507980347,-0.9535537958145142,-1.1304571628570557,7.998473644256592,5.365128040313721,1.8439382314682007,0.0,0.0,1.8439382314682007,0.9740948677062988,0.8698433637619019,0.2900979816913605,0.0,1.0340828895568848,0.5400695204734802,5.106163024902344,0.0
0,65,None,False,"68,35,63,116,6,39,126,61,133,54",0.8363234400749207,-1.7612754106521606,-0.6889417767524719,-1.0406252145767212,7.99826192855835,7.2610907554626465,1.8172532320022583,0.0,0.0,1.8172532320022583,0.3711819648742676,1.4460712671279907,0.45514288544654846,0.0,1.3158410787582397,0.5779175162315369,5.106163024902344,0.0
0,66,None,False,"68,35,63,116,6,39,126,61,133,54",0.6624857783317566,-1.5457053184509277,-0.8685109615325928,-1.0483863353729248,7.998688220977783,5.185580253601074,1.9729893207550049,0.0,0.0,1.9729893207550049,0.6524205207824707,1.3205687999725342,0.33596670627593994,0.0,1.0915122032165527,0.5087823867797852,5.106163024902344,0.0
0,67,Schedule,True,"50,21,139,35,121,111,25,14,119,47",0.8139815926551819,-1.7004518508911133,-0.7740572690963745,-1.0498924255371094,7.998698711395264,5.844131946563721,5.320958137512207,0.35999999046325687,0.8999999761581421,4.060957908630371,1.635754108428955,2.425203800201416,0.7460725903511047,3.6547963619232178,1.0158159732818604,0.5183882713317871,5.106163024902344,0.0
0,68,None,False,"50,21,139,35,121,111,25,14,119,47",0.7831212282180786,-1.5222253799438477,-0.7975867986679077,-1.0213629007339478,7.998376369476318,5.233455181121826,4.202742576599121,0.0,0.0,4.202742576599121,1.709449291229248,2.493293285369873,0.5892153382301331,0.0,0.949681282043457,0.5235981941223145,5.106163024902344,0.0
0,69,None,False,"50,21,139,35,121,111,25,14,119,47",0.671271800994873,-1.5499498844146729,-0.6741082072257996,-0.8667087554931641,7.9984331130981445,5.410292148590088,3.0991833209991455,0.0,0.0,3.0991833209991455,1.0731697082519531,2.0260136127471924,0.46228310465812683,0.0,1.0698946714401245,0.5182316303253174,5.106163024902344,0.0
0,70,None,False,"50,21,139,35,121,111,25,14,119,47",0.7543381452560425,-1.482565999031067,-0.7754278182983398,-1.0245945453643799,7.997947692871094,6.414065837860107,3.3946127891540527,0.0,0.0,3.3946127891540527,1.5424847602844238,1.852128028869629,0.44996121525764465,0.0,1.1610369682312012,0.41444021463394165,5.106163024902344,0.0
0,71,None,False,"50,21,139,35,121,111,25,14,119,47",0.6387903690338135,-1.5856486558914185,-0.7984856963157654,-0.8639721870422363,7.9986653327941895,4.58509635925293,2.5008280277252197,0.0,0.0,2.5008280277252197,1.1609673500061035,1.3398606777191162,0.3484029173851013,0.0,1.223124623298645,0.40126097202301025,5.106163024902344,0.0
0,72,None,False,"50,21,139,35,121,111,25,14,119,47",0.7799592018127441,-1.7507672309875488,-0.8378446102142334,-1.14169442653656,7.997366905212402,5.24028205871582,0.8854513764381409,0.0,0.0,0.8854513764381409,2.450251579284668,-1.5648002624511719,-0.4674399495124817,0.0,1.1260066032409668,0.35143619775772095,5.106163024902344,0.0
0,73,None,False,"50,21,139,35,121,111,25,14,119,47",0.6828885674476624,-1.5980085134506226,-0.6678993701934814,-1.0474056005477905,7.997786045074463,5.635365009307861,0.6718301773071289,0.0,0.0,0.6718301773071289,2.069735527038574,-1.3979053497314453,-0.421455055475235,0.0,1.1870338916778564,0.39322537183761597,5.106163024902344,0.0
0,74,None,False,"50,21,139,35,121,111,25,14,119,47",0.6120994687080383,-1.4765745401382446,-0.9471244812011719,-1.001057744026184,7.998189926147461,6.153883934020996,0.5370551347732544,0.0,0.0,0.5370551347732544,2.1153926849365234,-1.578337550163269,-0.4710448086261749,0.0,1.1860473155975342,0.45437151193618774,5.106163024902344,0.0
0,75,None,False,"50,21,139,35,121,111,25,14,119,47",0.670596182346344,-1.6904710531234741,-0.9145322442054749,-0.9875317215919495,7.9983415603637695,5.820900917053223,1.7799550294876099,0.0,0.0,1.7799550294876099,1.7729401588439941,0.007014870643615723,0.09635116159915924,0.0,1.0160056352615356,0.45639529824256897,5.106163024902344,0.0
0,76,None,False,"50,21,139,35,121,111,25,14,119,47",0.6560890674591064,-1.5017443895339966,-0.6670592427253723,-1.1480183601379395,7.998404502868652,4.896936416625977,-0.13240516185760498,0.0,0.0,-0.13240516185760498,0.6656885147094727,-0.7980936765670776,-0.18309463560581207,0.0,1.5442371368408203,0.4508185386657715,5.106163024902344,0.0
0,77,None,False,"50,21,139,35,121,111,25,14,119,47",0.7703433036804199,-1.52591073513031,-0.6376345157623291,-0.9145248532295227,7.99876070022583,5.12206506729126,-0.2668774127960205,0.0,0.0,-0.2668774127960205,-0.5109727382659912,0.2440953254699707,0.19112704694271088,0.0,1.2305396795272827,0.43644750118255615,5.106163024902344,0.0
0,78,None,False,"50,21,139,35,121,111,25,14,119,47",0.680243968963623,-1.4649858474731445,-0.9361758828163147,-0.9012346267700195,7.998656272888184,4.770066738128662,-1.9394069910049438,0.0,0.0,-1.9394069910049438,-1.753932237625122,-0.18547475337982178,0.06250366568565369,0.0,1.3372808694839478,0.47102224826812744,5.106163024902344,0.0
0,79,None,False,"50,21,139,35,121,111,25,14,119,47",0.7131558656692505,-1.593762755393982,-0.8697248101234436,-0.7512179613113403,7.998885154724121,4.363957405090332,-1.3776886463165283,0.0,0.0,-1.3776886463165283,-0.6020128726959229,-0.7756757736206055,-0.19376523792743683,0.0,1.3110675811767578,0.5351537466049194,5.106163024902344,0.0
0,80,None,False,"50,21,139,35,121,111,25,14,119,47",0.8045333623886108,-1.7012715339660645,-0.7225898504257202,-0.6400264501571655,7.997411727905273,4.786482810974121,-0.8976483941078186,0.0,0.0,-0.8976483941078186,-0.5135595798492432,-0.38408881425857544,-0.08822394162416458,0.0,1.2565338611602783,0.5292974710464478,5.106163024902344,0.0
0,81,Schedule,True,"32,49,80,58,6,67,71,99,30,51",0.6968168616294861,-1.4914613962173462,-1.0374445915222168,-1.0094550848007202,7.998598575592041,6.379846096038818,0.7578003406524658,0.4,1.0,-0.6421996355056763,-1.5472769737243652,0.905077338218689,0.08111988008022308,0.3530200123786926,1.3222922086715698,0.5163811445236206,5.106163024902344,0.0
0,82,None,False,"32,49,80,58,6,67,71,99,30,51",0.6504477858543396,-1.7527334690093994,-0.8039906620979309,-0.8706181049346924,7.99901819229126,4.629120826721191,1.6772812604904175,0.0,0.0,1.6772812604904175,-1.370614767074585,3.047895908355713,0.6649287939071655,0.0,1.398561954498291,0.5382900238037109,5.106163024902344,0.0
0,83,None,False,"32,49,80,58,6,67,71,99,30,51",0.7611127495765686,-1.4981557130813599,-0.7186218500137329,-0.9880455732345581,7.998347282409668,4.858334541320801,1.6226881742477417,0.0,0.0,1.6226881742477417,-1.7982423305511475,3.4209303855895996,0.8843319416046143,0.0,1.0420774221420288,0.39627283811569214,5.106163024902344,0.0
0,84,None,False,"32,49,80,58,6,67,71,99,30,51",0.5881155729293823,-1.5233128070831299,-0.7395856380462646,-0.9762194156646729,7.998337745666504,5.281423091888428,1.2933582067489624,0.0,0.0,1.2933582067489624,-2.2868573665618896,3.5802154541015625,0.9805220365524292,0.0,1.04317045211792,0.40615928173065186,5.106163024902344,0.0
0,85,None,False,"32,49,80,58,6,67,71,99,30,51",0.670578122138977,-1.64243483543396,-0.6165814399719238,-1.0986334085464478,7.998815536499023,4.21130895614624,1.6016685962677002,0.0,0.0,1.6016685962677002,-1.8224120140075684,3.4240806102752686,0.8812630772590637,0.0,1.16608726978302,0.3268444538116455,5.106163024902344,0.0
0,86,None,False,"32,49,80,58,6,67,71,99,30,51",0.6878676414489746,-1.5000041723251343,-0.7975348830223083,-0.844132661819458,7.998553276062012,3.8678483963012695,3.0119025707244873,0.0,0.0,3.0119025707244873,-1.5688002109527588,4.580702781677246,1.1904428005218506,0.0,1.1183719635009766,0.3293200731277466,5.106163024902344,0.0
0,87,None,False,"32,49,80,58,6,67,71,99,30,51",0.7902154326438904,-1.4046916961669922,-0.7712583541870117,-0.7098402380943298,7.998693466186523,4.578296184539795,3.3154993057250977,0.0,0.0,3.3154993057250977,-1.6633272171020508,4.978826522827148,1.277082920074463,0.0,1.0675702095031738,0.44628602266311646,5.106163024902344,0.0
0,88,None,False,"32,49,80,58,6,67,71,99,30,51",0.7633123397827148,-1.7560068368911743,-0.5013736486434937,-0.9624338746070862,7.997859001159668,5.801929473876953,3.9380080699920654,0.0,0.0,3.9380080699920654,-1.612156629562378,5.550164699554443,1.2276610136032104,0.0,0.8148422837257385,0.35490185022354126,5.106163024902344,0.0
0,89,None,False,"32,49,80,58,6,67,71,99,30,51",0.6736071109771729,-1.6180187463760376,-0.7070022225379944,-1.035617709159851,7.998295307159424,5.362033367156982,4.290041923522949,0.0,0.0,4.290041923522949,-0.4906594753265381,4.780701637268066,0.9055688381195068,0.0,0.9615449905395508,0.37413275241851807,5.106163024902344,0.0
0,90,None,False,"32,49,80,58,6,67,71,99,30,51",0.7953377962112427,-1.730272889137268,-0.7322393655776978,-0.841648519039154,7.998078346252441,5.402097225189209,5.354096412658691,0.0,0.0,5.354096412658691,-0.6005465984344482,5.954643249511719,1.1413609981536865,0.0,0.859883189201355,0.43856942653656006,5.106163024902344,0.0
0,91,None,False,"32,49,80,58,6,67,71,99,30,51",0.6376447081565857,-1.7046397924423218,-1.1857998371124268,-0.9906817674636841,7.9991455078125,6.350071430206299,5.596138000488281,0.0,0.0,5.596138000488281,0.057065486907958984,5.539072513580322,1.0955958366394043,0.0,0.8932858109474182,0.3847598433494568,5.106163024902344,0.0
0,92,Struct Break (DC),True,"33,42,75,66,102,0,46,25,92,68",0.6354451179504395,-1.7917052507400513,-0.759913980960846,-1.0048744678497314,7.998696804046631,5.977114200592041,4.509211540222168,0.4,1.0,3.1092114448547363,1.5868663787841797,1.5223450660705566,0.22041922807693481,1.0447548627853394,0.8994609117507935,0.46615713834762573,5.106163024902344,0.0
0,93,None,False,"33,42,75,66,102,0,46,25,92,68",0.6632699966430664,-1.659417748451233,-0.6977847814559937,-0.820500910282135,7.998659133911133,2.4044172763824463,5.1514892578125,0.0,0.0,5.1514892578125,1.3120174407958984,3.8394718170166016,0.9644854664802551,0.0,1.2310917377471924,0.42766672372817993,5.106163024902344,0.0
0,94,None,False,"33,42,75,66,102,0,46,25,92,68",0.6719582080841064,-1.5140868425369263,-0.808677077293396,-0.9508770108222961,7.998464584350586,2.8973515033721924,3.2606799602508545,0.0,0.0,3.2606799602508545,1.1467933654785156,2.113886594772339,0.46567609906196594,0.0,1.0457812547683716,0.5106288194656372,5.106163024902344,0.0
0,95,None,False,"33,42,75,66,102,0,46,25,92,68",0.7130584716796875,-1.7841519117355347,-0.7890099287033081,-0.8386906385421753,7.998721599578857,4.279314994812012,5.672567367553711,0.0,0.0,5.672567367553711,1.783442497253418,3.889124870300293,0.8727489709854126,0.0,0.9493457078933716,0.46966949105262756,5.106163024902344,0.0
0,96,None,False,"33,42,75,66,102,0,46,25,92,68",0.6349234580993652,-1.610817313194275,-0.7188696265220642,-1.0712909698486328,7.998290538787842,4.504557132720947,6.269265651702881,0.0,0.0,6.269265651702881,1.8163681030273438,4.452897548675537,0.9745441675186157,0.0,1.294371485710144,0.48529520630836487,5.106163024902344,0.0
0,97,None,False,"33,42,75,66,102,0,46,25,92,68",0.744734525680542,-1.9090451002120972,-0.6510422825813293,-1.2045152187347412,7.998090744018555,6.211164951324463,6.241854190826416,0.0,0.0,6.241854190826416,2.204716205596924,4.037137985229492,0.8277723789215088,0.0,1.2544443607330322,0.6047869324684143,5.106163024902344,0.0
0,98,None,False,"33,42,75,66,102,0,46,25,92,68",0.7058666944503784,-1.563376784324646,-1.029257893562317,-1.0405093431472778,7.998868942260742,7.219290256500244,7.237236976623535,0.0,0.0,7.237236976623535,2.772843837738037,4.464393138885498,0.978593647480011,0.0,1.4513235092163086,0.6430618166923523,5.106163024902344,0.0
0,99,None,False,"33,42,75,66,102,0,46,25,92,68",0.8504598736763,-1.597304344177246,-0.655478835105896,-0.9490535855293274,7.998380184173584,7.365591049194336,3.8536758422851562,0.0,0.0,3.8536758422851562,2.3872017860412598,1.4664740562438965,0.11610060185194016,0.0,1.1432827711105347,0.7222237586975098,5.106163024902344,0.0
0,100,None,False,"33,42,75,66,102,0,46,25,92,68",0.8556151390075684,-1.4402039051055908,-0.6451627612113953,-1.050049901008606,7.997684001922607,6.481440544128418,4.36540412902832,0.0,0.0,4.36540412902832,2.412998676300049,1.9524054527282715,0.3302510380744934,0.0,1.0369497537612915,0.5601230263710022,5.106163024902344,0.0
0,101,None,False,"33,42,75,66,102,0,46,25,92,68",0.6255477070808411,-1.423598289489746,-0.7509156465530396,-1.1221402883529663,7.9989471435546875,8.245262145996094,4.933010578155518,0.0,0.0,4.933010578155518,3.6740899085998535,1.258920669555664,0.1286669373512268,0.0,1.3608744144439697,0.631975531578064,5.106163024902344,0.0
0,102,None,False,"33,42,75,66,102,0,46,25,92,68",0.588687539100647,-1.431948184967041,-0.8351352214813232,-1.1321231126785278,7.998387336730957,5.910128593444824,5.097480773925781,0.0,0.0,5.097480773925781,2.972745895385742,2.124734878540039,0.5724610090255737,0.0,1.1852161884307861,0.7544207572937012,5.106163024902344,0.0
0,103,Struct Break (DC),True,"25,15,5,68,91,16,134,128,32,139",0.7492966055870056,-1.4644628763198853,-0.9896003007888794,-0.881283164024353,7.999814510345459,5.202458381652832,3.0408923625946045,0.3200000047683716,0.800000011920929,1.920892357826233,2.869725227355957,-0.9488328695297241,-0.43548932671546936,-2.2120420932769775,0.8021581172943115,0.5567254424095154,5.106163024902344,0.0
0,104,None,False,"25,15,5,68,91,16,134,128,32,139",0.7465049624443054,-1.5075571537017822,-0.799991250038147,-1.0722917318344116,7.998775482177734,5.291076183319092,2.621725082397461,0.0,0.0,2.621725082397461,3.043043613433838,-0.42131853103637695,-0.25812381505966187,0.0,1.1972875595092773,0.4945606589317322,5.106163024902344,0.0
0,105,None,False,"25,15,5,68,91,16,134,128,32,139",0.7671213746070862,-1.6966900825500488,-0.7993484139442444,-0.9830847978591919,7.9979095458984375,3.8131868839263916,1.750792145729065,0.0,0.0,1.750792145729065,3.4151196479797363,-1.6643275022506714,-0.6780650615692139,0.0,1.456456184387207,0.5827044248580933,5.106163024902344,0.0
0,106,None,False,"25,15,5,68,91,16,134,128,32,139",0.6761965751647949,-1.4668446779251099,-0.6480732560157776,-1.0764944553375244,7.999024868011475,3.3453781604766846,1.1202102899551392,0.0,0.0,1.1202102899551392,3.3429861068725586,-2.222775936126709,-0.5770905613899231,0.0,1.2288814783096313,0.44780755043029785,5.106163024902344,0.0
0,107,None,False,"25,15,5,68,91,16,134,128,32,139",0.5883557796478271,-1.4233633279800415,-0.756550669670105,-1.208005666732788,7.998189449310303,4.376087188720703,-0.14764010906219482,0.0,0.0,-0.14764010906219482,1.9190788269042969,-2.0667190551757812,-0.7250379323959351,0.0,1.3861435651779175,0.4565662145614624,5.106163024902344,0.0
0,108,None,False,"25,15,5,68,91,16,134,128,32,139",0.6613282561302185,-1.5712099075317383,-0.7775777578353882,-0.917172908782959,7.998849868774414,3.9886510372161865,-0.08607149124145508,0.0,0.0,-0.08607149124145508,1.769697666168213,-1.855769157409668,-0.6448783278465271,0.0,1.3324354887008667,0.48127010464668274,5.106163024902344,0.0
0,109,None,False,"25,15,5,68,91,16,134,128,32,139",0.7012779712677002,-1.5094257593154907,-0.7794377207756042,-1.0911766290664673,7.998594284057617,3.8904435634613037,-0.06323516368865967,0.0,0.0,-0.06323516368865967,2.265048027038574,-2.3282833099365234,-0.6016469597816467,0.0,1.4620625972747803,0.5259134769439697,5.106163024902344,0.0
0,110,None,False,"25,15,5,68,91,16,134,128,32,139",0.8864623308181763,-1.711024284362793,-0.7573391199111938,-1.0841188430786133,7.9972734451293945,6.037837028503418,-0.6414473056793213,0.0,0.0,-0.6414473056793213,1.8556594848632812,-2.4971067905426025,-0.6907913088798523,0.0,1.108771562576294,0.45418229699134827,5.106163024902344,0.0
0,111,None,False,"25,15,5,68,91,16,134,128,32,139",0.822090208530426,-1.512677550315857,-0.9170581698417664,-0.7614539861679077,7.9982781410217285,6.5425801277160645,1.3439476490020752,0.0,0.0,1.3439476490020752,2.546083927154541,-1.2021362781524658,-0.10442670434713364,0.0,1.685006022453308,0.49030381441116333,5.106163024902344,0.0
0,112,None,False,"25,15,5,68,91,16,134,128,32,139",0.9899957776069641,-1.5672664642333984,-0.6595549583435059,-1.078641414642334,7.997476100921631,5.647455215454102,0.2678138017654419,0.0,0.0,0.2678138017654419,3.315448760986328,-3.047635078430176,-0.7554265260696411,0.0,1.3623285293579102,0.5203577280044556,5.106163024902344,0.0
0,113,None,False,"25,15,5,68,91,16,134,128,32,139",0.7381296157836914,-1.5291699171066284,-0.9094951152801514,-0.965911865234375,7.998650074005127,5.686338424682617,4.103202819824219,0.0,0.0,4.103202819824219,3.641045093536377,0.4621577262878418,0.2703709304332733,0.0,1.6866986751556396,0.5286316871643066,5.106163024902344,0.0
0,114,None,False,"25,15,5,68,91,16,134,128,32,139",0.6388497352600098,-1.3116183280944824,-0.6231182813644409,-1.02876615524292,7.998511791229248,4.022359848022461,3.3970375061035156,0.0,0.0,3.3970375061035156,2.2226333618164062,1.1744041442871094,0.5156862139701843,0.0,1.33424973487854,0.6041070222854614,5.106163024902344,0.0
0,115,None,False,"25,15,5,68,91,16,134,128,32,139",0.6844280362129211,-1.335927963256836,-0.5457948446273804,-0.8896871209144592,7.999108791351318,3.5753934383392334,3.8724205493927,0.0,0.0,3.8724205493927,0.7552742958068848,3.1171462535858154,1.26289701461792,0.0,1.2532446384429932,0.5400351285934448,5.106163024902344,0.0
0,116,None,False,"25,15,5,68,91,16,134,128,32,139",0.7873380780220032,-1.6148353815078735,-0.8869109153747559,-0.8707094788551331,7.998127460479736,5.658882141113281,4.562130451202393,0.0,0.0,4.562130451202393,1.3712644577026367,3.190865993499756,1.100367784500122,0.0,1.277544379234314,0.39989277720451355,5.106163024902344,0.0
0,117,Schedule,True,"86,113,75,99,141,50,18,82,98,58",0.6990370154380798,-1.5618277788162231,-0.5386515259742737,-1.0298941135406494,7.998510837554932,5.872569561004639,14.957775115966797,0.4,1.0,13.557775497436523,1.9051313400268555,11.652644157409668,3.0636966228485107,15.161632537841797,1.4948530197143555,0.43982061743736267,5.106163024902344,0.0
0,118,None,False,"86,113,75,99,141,50,18,82,98,58",0.8882338404655457,-1.5969053506851196,-0.8283931016921997,-0.9466940760612488,7.998389720916748,4.669956207275391,17.10212516784668,0.0,0.0,17.10212516784668,2.5421142578125,14.56001091003418,3.474285364151001,0.0,1.1875922679901123,0.38504552841186523,5.106163024902344,0.0
0,119,None,False,"86,113,75,99,141,50,18,82,98,58",1.168506383895874,-1.7753509283065796,-0.6190303564071655,-1.0840977430343628,7.996860027313232,4.930739402770996,18.249359130859375,0.0,0.0,18.249359130859375,2.3083090782165527,15.941049575805664,3.3970131874084473,0.0,0.9817895293235779,0.321643203496933,5.106163024902344,0.0
0,120,None,False,"86,113,75,99,141,50,18,82,98,58",0.8639840483665466,-1.7179652452468872,-0.725496768951416,-0.8767192363739014,7.998246192932129,6.080780982971191,18.075658798217773,0.0,0.0,18.075658798217773,2.0087242126464844,16.06693458557129,3.4744505882263184,0.0,1.104469656944275,0.33810529112815857,5.106163024902344,0.0
0,121,None,False,"86,113,75,99,141,50,18,82,98,58",0.6464556455612183,-1.8255163431167603,-0.6766514182090759,-0.9924824237823486,7.998668193817139,3.731119394302368,19.339759826660156,0.0,0.0,19.339759826660156,3.876960277557373,15.462799072265625,3.2768092155456543,0.0,0.9548470973968506,0.415447473526001,5.106163024902344,0.0
0,122,None,False,"86,113,75,99,141,50,18,82,98,58",0.8381929397583008,-1.7791675329208374,-0.653123140335083,-1.2849538326263428,7.997708320617676,5.046627044677734,16.698116302490234,0.0,0.0,16.698116302490234,4.089081287384033,12.60903549194336,3.0975253582000732,0.0,1.1648061275482178,0.3839988112449646,5.106163024902344,0.0
0,123,None,False,"86,113,75,99,141,50,18,82,98,58",0.7189749479293823,-1.5219534635543823,-0.5949026346206665,-1.1761592626571655,7.998666286468506,7.231978416442871,13.50753116607666,0.0,0.0,13.50753116607666,3.4524083137512207,10.055122375488281,2.788273811340332,0.0,0.9499132633209229,0.3444405198097229,5.106163024902344,0.0
0,124,None,False,"86,113,75,99,141,50,18,82,98,58",0.6429644823074341,-1.6709048748016357,-0.9874000549316406,-0.9533065557479858,7.99825382232666,5.911563873291016,12.025651931762695,0.0,0.0,12.025651931762695,3.720831871032715,8.30482006072998,2.4135327339172363,0.0,0.9802427887916565,0.3295375108718872,5.106163024902344,0.0
0,125,None,False,"86,113,75,99,141,50,18,82,98,58",0.5768308043479919,-1.5036064386367798,-0.7367488145828247,-1.1984262466430664,7.9983391761779785,5.231264114379883,9.768631935119629,0.0,0.0,9.768631935119629,3.432440757751465,6.336191177368164,1.723857045173645,0.0,1.162326455116272,0.33635780215263367,5.106163024902344,0.0
0,126,None,False,"86,113,75,99,141,50,18,82,98,58",0.752670168876648,-1.299932599067688,-0.6995152831077576,-0.9190789461135864,7.998532295227051,5.326944828033447,11.557229042053223,0.0,0.0,11.557229042053223,2.823054790496826,8.734174728393555,2.2268195152282715,0.0,1.3182084560394287,0.3552461266517639,5.106163024902344,0.0
0,127,None,False,"86,113,75,99,141,50,18,82,98,58",0.6670427322387695,-1.495397925376892,-0.745972752571106,-1.0954163074493408,7.99851131439209,4.531968593597412,10.289485931396484,0.0,0.0,10.289485931396484,1.8647193908691406,8.424766540527344,2.2244222164154053,0.0,1.125398874282837,0.4029925465583801,5.106163024902344,0.0
0,0,Schedule | Regime Shift (Initial),True,"37,54,60,41,86,9,63,110,141,126",0.822139322757721,-1.156975269317627,-0.7412467002868652,-0.975430428981781,7.998472213745117,4.956766128540039,-4.108141899108887,0.0,0.0,-4.108141899108887,-5.8612823486328125,1.7531404495239258,0.22416408360004425,1.0634679794311523,1.075941562652588,0.5547118186950684,4.465202808380127,0.0
0,1,None,False,"37,54,60,41,86,9,63,110,141,126",0.7980484962463379,-1.1006156206130981,-0.6527941226959229,-0.869725227355957,7.998368263244629,3.7033443450927734,-5.1498870849609375,0.0,0.0,-5.1498870849609375,-7.306509971618652,2.156622886657715,0.32400596141815186,0.0,1.3532631397247314,0.6330360174179077,4.465202808380127,0.0
0,2,None,False,"37,54,60,41,86,9,63,110,141,126",0.8228354454040527,-1.0474648475646973,-0.9012800455093384,-0.9450017213821411,7.997971057891846,4.965553283691406,-5.946108818054199,0.0,0.0,-5.946108818054199,-9.235578536987305,3.2894697189331055,0.6404834389686584,0.0,1.4867494106292725,0.7113398313522339,4.465202808380127,0.0
0,3,None,False,"37,54,60,41,86,9,63,110,141,126",0.9278362393379211,-1.308639407157898,-0.6722936630249023,-1.0567094087600708,7.998224258422852,4.301379203796387,-4.504802703857422,0.0,0.0,-4.504802703857422,-7.120215892791748,2.615413188934326,0.40571364760398865,0.0,1.5858222246170044,0.7052487134933472,4.465202808380127,0.0
0,4,None,False,"37,54,60,41,86,9,63,110,141,126",0.9247751832008362,-1.0198376178741455,-0.5981760025024414,-1.0307115316390991,7.9979424476623535,5.021788120269775,-5.4324140548706055,0.0,0.0,-5.4324140548706055,-7.78045654296875,2.3480424880981445,0.3459751605987549,0.0,1.3826344013214111,0.6901511549949646,4.465202808380127,0.0
0,5,Struct Break (DC),True,"134,125,103,66,75,65,109,100,129,2",0.7338641881942749,-1.0772182941436768,-0.9489309787750244,-1.1630762815475464,7.998134136199951,5.117996692657471,-7.192505359649658,0.4,1.0,-8.59250545501709,-8.754396438598633,0.16189098358154297,-0.17816868424415588,-0.934054970741272,1.2070368528366089,0.656182050704956,4.465202808380127,0.0
0,6,None,False,"134,125,103,66,75,65,109,100,129,2",0.7416502833366394,-1.4410983324050903,-0.9088467359542847,-1.1931489706039429,7.999160289764404,4.979517936706543,-6.87952184677124,0.0,0.0,-6.87952184677124,-8.723979949951172,1.8444581031799316,0.3067411780357361,0.0,1.2221720218658447,0.6882872581481934,4.465202808380127,0.0
0,7,None,False,"134,125,103,66,75,65,109,100,129,2",0.8846789002418518,-1.4384369850158691,-1.0221599340438843,-1.1533963680267334,7.997908115386963,4.621311664581299,-12.340652465820312,0.0,0.0,-12.340652465820312,-12.289434432983398,-0.05121803283691406,-0.22842687368392944,0.0,1.560185432434082,0.6476891040802002,4.465202808380127,0.0
0,8,None,False,"134,125,103,66,75,65,109,100,129,2",0.8176593780517578,-0.9730995297431946,-0.3891333341598511,-0.95167076587677,7.998233318328857,4.254861354827881,-13.157269477844238,0.0,0.0,-13.157269477844238,-12.70013427734375,-0.4571352005004883,-0.40616852045059204,0.0,1.6369779109954834,0.6332335472106934,4.465202808380127,0.0
0,9,None,False,"134,125,103,66,75,65,109,100,129,2",1.0229809284210205,-1.4360623359680176,-0.5869373083114624,-0.9953386783599854,7.997094631195068,4.968775272369385,-9.76461124420166,0.0,0.0,-9.76461124420166,-9.175741195678711,-0.5888700485229492,-0.39042097330093384,0.0,1.5325520038604736,0.6737083196640015,4.465202808380127,0.0
0,10,None,False,"134,125,103,66,75,65,109,100,129,2",0.7804957628250122,-1.1233046054840088,-0.6039832830429077,-0.9453294277191162,7.998443126678467,6.055618762969971,-7.603944301605225,0.0,0.0,-7.603944301605225,-7.9418840408325195,0.3379397392272949,0.008978499099612236,0.0,1.1582446098327637,0.6805070638656616,4.465202808380127,0.0
0,11,Struct Break (DC),True,"33,4,84,58,126,64,96,95,67,107",0.7282175421714783,-0.9177268743515015,-0.5146355628967285,-1.018100619316101,7.998408317565918,3.9956400394439697,-1.492869257926941,0.4,1.0,-2.892869234085083,-7.104599475860596,4.211730003356934,1.0980473756790161,5.398699760437012,1.0886266231536865,0.6571515798568726,4.465202808380127,0.0
0,12,None,False,"33,4,84,58,126,64,96,95,67,107",0.8424626588821411,-1.1726946830749512,-0.7136958837509155,-1.0261191129684448,7.997961044311523,4.378364562988281,-3.9132566452026367,0.0,0.0,-3.9132566452026367,-7.878619194030762,3.965362548828125,1.150098204612732,0.0,1.1555362939834595,0.567041277885437,4.465202808380127,0.0
0,13,None,False,"33,4,84,58,126,64,96,95,67,107",0.7563411593437195,-1.4673142433166504,-0.7682370543479919,-0.894116997718811,7.998443126678467,5.892862796783447,-3.3720009326934814,0.0,0.0,-3.3720009326934814,-6.939286231994629,3.5672852993011475,0.9000692963600159,0.0,1.147867202758789,0.6017031669616699,4.465202808380127,0.0
0,14,Struct Break (DC),True,"82,8,85,13,65,110,29,19,5,53",1.0553240776062012,-1.7854148149490356,-0.8179560303688049,-1.0528749227523804,7.997629642486572,7.684101581573486,-6.662659168243408,0.4,1.0,-8.06265926361084,-6.72432804107666,-1.3383312225341797,-0.18759214878082275,-0.9800906181335449,1.4700077772140503,0.740554928779602,4.465202808380127,0.0
0,15,None,False,"82,8,85,13,65,110,29,19,5,53",0.7564342617988586,-1.5776023864746094,-0.8386865258216858,-1.0040537118911743,7.998373031616211,6.413275718688965,-6.151490211486816,0.0,0.0,-6.151490211486816,-5.47000789642334,-0.6814823150634766,-0.05866421386599541,0.0,1.2243857383728027,0.6959102749824524,4.465202808380127,0.0
0,16,None,False,"82,8,85,13,65,110,29,19,5,53",0.7874135375022888,-1.8961045742034912,-0.9043752551078796,-1.0934834480285645,7.997997283935547,2.7663679122924805,-6.12024450302124,0.0,0.0,-6.12024450302124,-3.178924322128296,-2.9413201808929443,-0.7389636039733887,0.0,1.2400732040405273,0.7106133103370667,4.465202808380127,0.0
0,17,None,False,"82,8,85,13,65,110,29,19,5,53",0.6291637420654297,-1.2381049394607544,-0.9337641000747681,-1.035101056098938,7.998207092285156,4.503353118896484,-3.848726749420166,0.0,0.0,-3.848726749420166,-2.3267149925231934,-1.5220117568969727,-0.4279521703720093,0.0,1.1328253746032715,0.584602952003479,4.465202808380127,0.0
0,18,None,False,"82,8,85,13,65,110,29,19,5,53",0.7541021108627319,-1.610185146331787,-1.0791022777557373,-0.974388837814331,7.998714923858643,5.1115241050720215,-1.5331238508224487,0.0,0.0,-1.5331238508224487,-0.9483933448791504,-0.5847305059432983,-0.17709675431251526,0.0,1.2294632196426392,0.6788763999938965,4.465202808380127,0.0
0,19,None,False,"82,8,85,13,65,110,29,19,5,53",0.7522183656692505,-1.5846819877624512,-0.8891890048980713,-0.8597224950790405,7.998271942138672,3.6026883125305176,-0.00026285648345947266,0.0,0.0,-0.00026285648345947266,0.9493708610534668,-0.9496337175369263,-0.26849842071533203,0.0,1.0254793167114258,0.5751237869262695,4.465202808380127,0.0
0,20,None,False,"82,8,85,13,65,110,29,19,5,53",1.1416492462158203,-1.7519121170043945,-0.8784961700439453,-1.0705716609954834,7.997243404388428,7.366391658782959,0.05419731140136719,0.0,0.0,0.05419731140136719,1.876676082611084,-1.8224787712097168,-0.41548749804496765,0.0,0.9853599071502686,0.5578233003616333,4.465202808380127,0.0
0,21,None,False,"82,8,85,13,65,110,29,19,5,53",0.6906566023826599,-1.7729928493499756,-1.041416883468628,-1.1327389478683472,7.999025344848633,6.018146514892578,2.903628349304199,0.0,0.0,2.903628349304199,6.687784194946289,-3.78415584564209,-0.8439348936080933,0.0,0.7974289655685425,0.5533570051193237,4.465202808380127,0.0
0,22,None,False,"82,8,85,13,65,110,29,19,5,53",0.8118775486946106,-1.4467533826828003,-1.140217900276184,-1.0017170906066895,7.997481822967529,5.55950927734375,4.714631080627441,0.0,0.0,4.714631080627441,6.281375885009766,-1.5667448043823242,-0.25759652256965637,0.0,0.9813258051872253,0.44915372133255005,4.465202808380127,0.0
0,23,Struct Break (DC),True,"54,4,113,128,22,107,14,64,55,10",0.7146919965744019,-1.1887564659118652,-0.7231429815292358,-0.8315658569335938,7.997623920440674,5.687481880187988,5.261711597442627,0.4,1.0,3.8617115020751953,3.3413290977478027,0.5203824043273926,0.40366867184638977,1.9528735876083374,0.9864954948425293,0.4414583742618561,4.465202808380127,0.0
0,24,Vol Shock,True,"56,102,90,4,41,124,2,34,37,96",0.7650380730628967,-1.5549670457839966,-0.705176055431366,-1.0193047523498535,7.9984259605407715,3.623225688934326,1.4603978395462036,0.35999999046325687,0.8999999761581421,0.20039784908294678,1.2000322341918945,-0.9996343851089478,-0.21483342349529266,-1.1144617795944214,0.9223994612693787,0.5465154647827148,4.465202808380127,0.0
0,25,Vol Shock,True,"13,116,52,56,136,81,19,76,73,134",0.714027464389801,-1.4156132936477661,-0.7603335380554199,-0.875667929649353,7.99825382232666,2.7718937397003174,1.262858510017395,0.35999999046325687,0.8999999761581421,0.0028585195541381836,-0.8092880249023438,0.8121465444564819,0.2371957004070282,1.1273140907287598,0.8496987819671631,0.6928128004074097,4.465202808380127,0.0
0,26,Vol Shock,True,"57,70,18,132,131,124,10,56,133,96",0.8149265050888062,-1.7542568445205688,-0.9261055588722229,-1.0387859344482422,7.997698783874512,3.2542598247528076,4.264641761779785,0.35999999046325687,0.8999999761581421,3.0046417713165283,1.3049960136413574,1.699645757675171,0.5387968420982361,2.6260087490081787,0.985997200012207,0.6842334270477295,4.465202808380127,0.0
0,27,Vol Shock,True,"44,94,39,43,67,142,65,16,11,21",1.0413156747817993,-1.5737853050231934,-0.8700110912322998,-1.160601019859314,7.996548175811768,4.030219078063965,5.767703056335449,0.4,1.0,4.367702960968018,1.936650276184082,2.4310526847839355,0.7042555212974548,3.453833818435669,1.0589287281036377,0.7069187164306641,4.465202808380127,0.0
0,28,Vol Shock | Struct Break (DC),True,"113,108,112,53,2,141,95,31,73,124",0.9301661849021912,-1.4255932569503784,-1.1100407838821411,-1.059843897819519,7.997609615325928,4.368636608123779,3.4342777729034424,0.4,1.0,2.03427791595459,3.3231139183044434,-1.2888360023498535,-0.41140758991241455,-2.0911519527435303,1.5037776231765747,0.6136327981948853,4.465202808380127,0.0
0,29,Vol Shock,True,"10,105,77,45,137,6,35,114,81,118",0.7737689018249512,-1.5062532424926758,-0.594170331954956,-0.9206752777099609,7.997593402862549,2.848759174346924,-0.06538927555084229,0.4,1.0,-1.4653892517089844,2.4137496948242188,-3.879138946533203,-1.3577544689178467,-6.777735710144043,1.420217514038086,0.5889183878898621,4.465202808380127,0.0
0,30,Vol Shock,True,"58,12,63,13,34,24,140,22,115,80",0.8056461811065674,-1.6997630596160889,-0.842776358127594,-1.0046899318695068,7.9983415603637695,4.351555347442627,4.753293991088867,0.4,1.0,3.3532938957214355,2.784132957458496,0.5691609382629395,0.10166919231414795,0.4550705850124359,1.4662084579467773,0.6511980295181274,4.465202808380127,0.0
0,31,Vol Shock | Struct Break (DC),True,"58,4,30,138,24,10,13,62,23,86",0.7902318239212036,-1.299714207649231,-0.6606014966964722,-0.735038161277771,7.997955322265625,4.525660991668701,1.8738229274749756,0.27999999523162844,0.699999988079071,0.8938229084014893,-0.3246784210205078,1.218501329421997,0.5276504755020142,2.5701792240142822,1.16420316696167,0.4562340974807739,4.465202808380127,0.0
0,32,Vol Shock,True,"70,25,111,57,121,67,93,129,117,8",0.8141522407531738,-1.3693126440048218,-0.5584887266159058,-0.9113872647285461,7.997677803039551,5.125463962554932,-2.0252914428710938,0.4,1.0,-3.4252915382385254,-1.9481420516967773,-1.477149486541748,-0.32521432638168335,-1.6629784107208252,0.775871753692627,0.38087254762649536,4.465202808380127,0.0
0,33,Vol Shock,True,"109,64,127,2,60,128,130,69,125,90",0.8505683541297913,-1.617307186126709,-0.7385287284851074,-0.9502349495887756,7.998101711273193,4.950323581695557,-0.23095130920410156,0.4,1.0,-1.6309512853622437,-1.6483962535858154,0.017444968223571777,0.07856053858995438,0.3397846221923828,0.9275618195533752,0.4394450783729553,4.465202808380127,0.0
0,34,Vol Shock,True,"125,57,10,41,54,56,70,91,60,78",0.8536950349807739,-1.6379735469818115,-1.082434058189392,-1.0237178802490234,7.997529029846191,4.175203323364258,0.22689341008663177,0.3200000047683716,0.800000011920929,-0.8931065797805786,-0.5646347999572754,-0.3284717798233032,-0.06816496700048447,-0.38779476284980774,0.9512709379196167,0.4082470238208771,4.465202808380127,0.0
0,35,Vol Shock,True,"78,7,18,48,23,61,22,44,77,104",0.9886027574539185,-1.7522252798080444,-0.7717941403388977,-0.8972076177597046,7.997670650482178,3.6193437576293945,3.243241786956787,0.35999999046325687,0.8999999761581421,1.9832417964935303,0.35222768783569336,1.631014108657837,0.345739483833313,1.6681584119796753,0.8627852201461792,0.4524853825569153,4.465202808380127,0.0
0,36,Vol Shock,True,"87,73,118,90,29,86,36,50,113,58",0.8778939247131348,-1.667711853981018,-0.8936132788658142,-0.8237482905387878,7.99823522567749,5.731964588165283,6.4442596435546875,0.4,1.0,5.044259548187256,1.1948227882385254,3.8494367599487305,0.8842043876647949,4.341022968292236,0.8340226411819458,0.4323139190673828,4.465202808380127,0.0
0,37,Vol Shock,True,"98,95,93,1,15,142,59,12,63,131",0.7337396144866943,-1.439244031906128,-0.8036598563194275,-0.9606257081031799,7.998185157775879,5.740932941436768,9.259408950805664,0.4,1.0,7.859408855438232,3.041863441467285,4.817545413970947,1.2066255807876587,5.93873929977417,0.8027224540710449,0.46584343910217285,4.465202808380127,0.0
0,38,Vol Shock,True,"112,3,90,141,71,83,32,16,45,101",1.0725125074386597,-1.5911844968795776,-0.9016304612159729,-0.9961493015289307,7.9972357749938965,6.486859321594238,5.505889892578125,0.4,1.0,4.105889797210693,3.038346767425537,1.0675430297851562,0.13665062189102173,0.6284000873565674,0.8879386782646179,0.4466035068035126,4.465202808380127,0.0
0,39,Vol Shock,True,"134,89,31,33,94,9,4,6,35,56",0.7884143590927124,-1.5613552331924438,-0.8184439539909363,-0.9729890823364258,7.998500823974609,6.615980625152588,5.064993858337402,0.4,1.0,3.6649937629699707,3.625631332397461,0.039362430572509766,-0.08353428542613983,-0.46360087394714355,1.0296281576156616,0.5742901563644409,4.465202808380127,0.0
0,40,Vol Shock,True,"98,126,11,85,62,2,109,4,136,99",0.7008377313613892,-1.2001876831054688,-0.48503899574279785,-0.7739582061767578,7.997576713562012,5.605755805969238,4.980137825012207,0.35999999046325687,0.8999999761581421,3.72013783454895,2.7791619300842285,0.9409759044647217,0.21212337911128998,1.0030333995819092,1.0896718502044678,0.5576667785644531,4.465202808380127,0.0
0,41,Vol Shock,True,"75,92,88,107,136,124,13,77,121,131",0.7936495542526245,-1.4622230529785156,-0.9261699318885803,-0.6959302425384521,7.998244285583496,4.971980571746826,3.218982696533203,0.35999999046325687,0.8999999761581421,1.9589827060699463,3.297269344329834,-1.3382866382598877,-0.5826430916786194,-2.936746597290039,1.3703317642211914,0.5255089998245239,4.465202808380127,0.0
0,42,None,False,"75,92,88,107,136,124,13,77,121,131",0.7621791362762451,-1.4963548183441162,-1.029841661453247,-0.8306370973587036,7.998552322387695,4.671879291534424,2.069500684738159,0.0,0.0,2.069500684738159,3.1638503074645996,-1.0943496227264404,-0.5022544264793396,0.0,1.5127016305923462,0.5599085688591003,4.465202808380127,0.0
0,43,None,False,"75,92,88,107,136,124,13,77,121,131",0.8293895721435547,-1.6522849798202515,-0.9353092312812805,-0.9666221141815186,7.998020648956299,3.5576274394989014,2.2502927780151367,0.0,0.0,2.2502927780151367,3.4598708152770996,-1.209578037261963,-0.4751231372356415,0.0,1.4638954401016235,0.47585779428482056,4.465202808380127,0.0
0,44,None,False,"75,92,88,107,136,124,13,77,121,131",1.1298582553863525,-1.6389234066009521,-0.8288206458091736,-1.057795763015747,7.9968461990356445,4.499699592590332,2.1485304832458496,0.0,0.0,2.1485304832458496,3.860592842102051,-1.7120623588562012,-0.6367111802101135,0.0,1.1339399814605713,0.639074981212616,4.465202808380127,0.0
0,45,None,False,"75,92,88,107,136,124,13,77,121,131",0.7647413015365601,-1.7124403715133667,-1.0441596508026123,-1.0204805135726929,7.997684478759766,5.719182014465332,2.7400522232055664,0.0,0.0,2.7400522232055664,4.981589317321777,-2.241537094116211,-0.5760453343391418,0.0,1.052887201309204,0.6299723386764526,4.465202808380127,0.0
0,46,Struct Break (DC),True,"2,12,5,123,107,104,11,118,63,43",0.75612473487854,-1.5159631967544556,-1.0511813163757324,-0.9811844229698181,7.998175621032715,5.943526268005371,6.566068649291992,0.35999999046325687,0.8999999761581421,5.306068420410156,5.955207347869873,-0.6491389274597168,-0.4285631477832794,-2.1756091117858887,1.1415984630584717,0.6422957181930542,4.465202808380127,0.0
0,47,None,False,"2,12,5,123,107,104,11,118,63,43",0.8203897476196289,-1.440873384475708,-0.920186460018158,-0.9225156903266907,7.99807596206665,3.210200309753418,5.559093952178955,0.0,0.0,5.559093952178955,4.942786693572998,0.616307258605957,-0.05536255985498428,0.0,1.1984987258911133,0.5557806491851807,4.465202808380127,0.0
0,48,None,False,"2,12,5,123,107,104,11,118,63,43",1.0283102989196777,-1.6252310276031494,-0.9967470169067383,-0.5949118137359619,7.997672080993652,6.4670610427856445,6.4445624351501465,0.0,0.0,6.4445624351501465,4.737913608551025,1.706648826599121,0.18926359713077545,0.0,1.3751178979873657,0.5922296643257141,4.465202808380127,0.0
0,49,None,False,"2,12,5,123,107,104,11,118,63,43",0.8823429346084595,-1.3347375392913818,-0.7679468989372253,-0.8665844202041626,7.998594760894775,7.013546943664551,7.279788017272949,0.0,0.0,7.279788017272949,5.482578277587891,1.7972097396850586,0.5374559164047241,0.0,1.0871256589889526,0.6150262355804443,4.465202808380127,0.0
0,50,None,False,"2,12,5,123,107,104,11,118,63,43",0.7300900220870972,-1.5135362148284912,-0.7966013550758362,-0.8368414044380188,7.998751163482666,2.7690467834472656,5.850949764251709,0.0,0.0,5.850949764251709,5.568420886993408,0.2825288772583008,0.042701128870248795,0.0,1.1834710836410522,0.5447877049446106,4.465202808380127,0.0
0,51,Struct Break (DC),True,"15,107,4,101,90,120,129,84,54,85",0.7278552055358887,-1.3139240741729736,-0.7686231136322021,-0.9930686950683594,7.998669147491455,2.4802324771881104,0.1257777214050293,0.35999999046325687,0.8999999761581421,-1.1342222690582275,2.979564666748047,-4.113786697387695,-1.1006864309310913,-5.513640880584717,1.157082200050354,0.5992202162742615,4.465202808380127,0.0
0,52,None,False,"15,107,4,101,90,120,129,84,54,85",0.8309747576713562,-1.5862319469451904,-0.8344635367393494,-0.7044034004211426,7.997706413269043,3.9549121856689453,0.18759489059448242,0.0,0.0,0.18759489059448242,3.2558441162109375,-3.068249225616455,-0.8628827333450317,0.0,1.3981413841247559,0.6830530762672424,4.465202808380127,0.0
0,53,None,False,"15,107,4,101,90,120,129,84,54,85",0.9007552266120911,-1.4897234439849854,-0.7877377271652222,-0.8080158829689026,7.99848747253418,3.766409397125244,-1.4721739292144775,0.0,0.0,-1.4721739292144775,1.6121625900268555,-3.084336519241333,-0.998185396194458,0.0,1.275246262550354,0.5318820476531982,4.465202808380127,0.0
0,54,None,False,"15,107,4,101,90,120,129,84,54,85",0.8722552061080933,-1.5428309440612793,-0.9142279624938965,-0.953777551651001,7.9974799156188965,4.774815559387207,0.004954934120178223,0.0,0.0,0.004954934120178223,2.9216527938842773,-2.9166979789733887,-0.8360407948493958,0.0,1.4408297538757324,0.4980313777923584,4.465202808380127,0.0
0,55,None,False,"15,107,4,101,90,120,129,84,54,85",0.7778854370117188,-1.3869575262069702,-0.7577254772186279,-0.8199108839035034,7.999117851257324,5.023613452911377,-0.43089985847473145,0.0,0.0,-0.43089985847473145,2.5789499282836914,-3.009849786758423,-0.7295928597450256,0.0,1.3047142028808594,0.49942129850387573,4.465202808380127,0.0
0,56,None,False,"15,107,4,101,90,120,129,84,54,85",0.9111889004707336,-1.6792300939559937,-0.5942434072494507,-0.8920478820800781,7.998229026794434,5.674527168273926,-0.9146844744682312,0.0,0.0,-0.9146844744682312,2.0174384117126465,-2.9321229457855225,-0.8013456463813782,0.0,1.328942894935608,0.4884307384490967,4.465202808380127,0.0
0,57,None,False,"15,107,4,101,90,120,129,84,54,85",0.7209885120391846,-1.451346755027771,-0.6688171625137329,-0.9123345017433167,7.9982805252075195,6.593338966369629,-0.2669870853424072,0.0,0.0,-0.2669870853424072,3.683149814605713,-3.95013689994812,-1.2050130367279053,0.0,1.266697883605957,0.48394307494163513,4.465202808380127,0.0
0,58,None,False,"15,107,4,101,90,120,129,84,54,85",0.8059340715408325,-1.5235702991485596,-0.8776336908340454,-0.7600147724151611,7.998782157897949,3.5295093059539795,-0.11889040470123291,0.0,0.0,-0.11889040470123291,3.072214126586914,-3.1911044120788574,-1.0017850399017334,0.0,1.324918270111084,0.527410089969635,4.465202808380127,0.0
0,59,None,False,"15,107,4,101,90,120,129,84,54,85",0.7752784490585327,-1.4750926494598389,-0.6295756697654724,-0.8673111200332642,7.997990608215332,3.9857587814331055,0.5958855152130127,0.0,0.0,0.5958855152130127,3.7367939949035645,-3.1409084796905518,-0.90663743019104,0.0,1.329590082168579,0.4735105037689209,4.465202808380127,0.0
0,60,None,False,"15,107,4,101,90,120,129,84,54,85",1.135779619216919,-1.644693374633789,-0.5973173379898071,-0.8885295391082764,7.997669696807861,5.691996097564697,0.6459122896194458,0.0,0.0,0.6459122896194458,2.9851555824279785,-2.3392434120178223,-0.7304840087890625,0.0,1.3864972591400146,0.5105891227722168,4.465202808380127,0.0
0,61,None,False,"15,107,4,101,90,120,129,84,54,85",0.7732850909233093,-1.6181418895721436,-1.0330848693847656,-1.049487590789795,7.998697280883789,5.395901203155518,1.4547640085220337,0.0,0.0,1.4547640085220337,3.4228086471557617,-1.968044638633728,-0.5107135772705078,0.0,1.1278685331344604,0.44595015048980713,4.465202808380127,0.0
0,62,None,False,"15,107,4,101,90,120,129,84,54,85",0.7326655387878418,-1.282700777053833,-0.7974801659584045,-0.862096905708313,7.998866558074951,3.6123249530792236,1.1008459329605103,0.0,0.0,1.1008459329605103,2.5464296340942383,-1.445583701133728,-0.4039040207862854,0.0,1.1751079559326172,0.44656550884246826,4.465202808380127,0.0
0,63,None,False,"15,107,4,101,90,120,129,84,54,85",0.6523350477218628,-1.6206523180007935,-0.8928273320198059,-1.0678973197937012,7.997838497161865,5.632937908172607,-0.025501251220703125,0.0,0.0,-0.025501251220703125,1.4200091361999512,-1.4455103874206543,-0.28505614399909973,0.0,1.3264834880828857,0.4317491948604584,4.465202808380127,0.0
0,64,None,False,"15,107,4,101,90,120,129,84,54,85",0.7471857666969299,-1.5671955347061157,-0.8566362857818604,-0.8979013562202454,7.9986572265625,5.945886135101318,-0.563322901725769,0.0,0.0,-0.563322901725769,0.6381750106811523,-1.2014979124069214,-0.12343575060367584,0.0,0.9400069117546082,0.41577261686325073,4.465202808380127,0.0
0,65,Schedule,True,"103,118,4,90,107,109,111,40,67,34",0.8635480999946594,-1.590790867805481,-0.8516541123390198,-0.7359988689422607,7.998855113983154,4.778792381286621,2.5971531867980957,0.27999999523162844,0.699999988079071,1.6171531677246094,2.1149039268493652,-0.49775075912475586,-0.014514533802866936,-0.1216847151517868,1.0004336833953857,0.34981977939605713,4.465202808380127,0.0
0,66,None,False,"103,118,4,90,107,109,111,40,67,34",0.7017116546630859,-1.4542739391326904,-0.7122071981430054,-0.929378867149353,7.998445510864258,3.5924267768859863,2.8673689365386963,0.0,0.0,2.8673689365386963,1.7996668815612793,1.067702054977417,0.39483365416526794,0.0,1.0988177061080933,0.38935545086860657,4.465202808380127,0.0
0,67,None,False,"103,118,4,90,107,109,111,40,67,34",0.7351229786872864,-1.4696927070617676,-0.6153232455253601,-0.9852950572967529,7.997885227203369,3.8136565685272217,1.4844435453414917,0.0,0.0,1.4844435453414917,1.4775872230529785,0.006856322288513184,-0.0017071453621611,0.0,1.0917819738388062,0.4571112394332886,4.465202808380127,0.0
0,68,None,False,"103,118,4,90,107,109,111,40,67,34",0.6746796369552612,-1.2098963260650635,-0.6423085927963257,-0.8668723106384277,7.9985127449035645,4.176655292510986,-1.2454348802566528,0.0,0.0,-1.2454348802566528,-0.3073275089263916,-0.9381073713302612,-0.18412120640277863,0.0,0.8665812015533447,0.5032597780227661,4.465202808380127,0.0
0,69,None,False,"103,118,4,90,107,109,111,40,67,34",1.067959189414978,-1.5035288333892822,-0.4121014475822449,-0.9639490842819214,7.997325897216797,6.072351455688477,-0.33043622970581055,0.0,0.0,-0.33043622970581055,-0.9005963802337646,0.5701601505279541,0.10420604050159454,0.0,1.1028027534484863,0.4884870648384094,4.465202808380127,0.0
0,70,None,False,"103,118,4,90,107,109,111,40,67,34",0.7106479406356812,-1.6470750570297241,-0.7746928334236145,-0.9283560514450073,7.9985551834106445,7.019299030303955,0.49511072039604187,0.0,0.0,0.49511072039604187,0.28203725814819336,0.2130734622478485,0.023549098521471024,0.0,1.174315094947815,0.492461621761322,4.465202808380127,0.0
0,71,None,False,"103,118,4,90,107,109,111,40,67,34",0.7056447863578796,-1.4766548871994019,-0.8114869594573975,-0.8930045366287231,7.9984130859375,5.727147579193115,-0.14659583568572998,0.0,0.0,-0.14659583568572998,-1.9159436225891113,1.7693477869033813,0.5969111323356628,0.0,1.0717397928237915,0.5117467045783997,4.465202808380127,0.0
0,72,None,False,"103,118,4,90,107,109,111,40,67,34",0.724098801612854,-1.4095499515533447,-0.7557784914970398,-1.11767578125,7.998197078704834,6.091752052307129,-1.0213929414749146,0.0,0.0,-1.0213929414749146,-2.7464747428894043,1.7250818014144897,0.6628264784812927,0.0,1.0398815870285034,0.43000656366348267,4.465202808380127,0.0
0,73,None,False,"103,118,4,90,107,109,111,40,67,34",0.7687137722969055,-1.399623155593872,-0.6898101568222046,-1.0407967567443848,7.99765682220459,5.029658317565918,1.0118436813354492,0.0,0.0,1.0118436813354492,-3.166550397872925,4.178394317626953,1.3425679206848145,0.0,0.928207516670227,0.41587719321250916,4.465202808380127,0.0
0,74,None,False,"103,118,4,90,107,109,111,40,67,34",0.650269627571106,-1.4104499816894531,-0.8824408650398254,-1.1591274738311768,7.998039722442627,4.625934600830078,-0.5189704895019531,0.0,0.0,-0.5189704895019531,-3.5861194133758545,3.0671489238739014,1.0280269384384155,0.0,0.9406148791313171,0.4407820701599121,4.465202808380127,0.0
0,75,None,False,"103,118,4,90,107,109,111,40,67,34",0.9790169596672058,-1.628509521484375,-0.5107671022415161,-1.1495115756988525,7.997632026672363,5.508293151855469,-2.5009076595306396,0.0,0.0,-2.5009076595306396,-4.552459716796875,2.0515520572662354,0.9733023047447205,0.0,1.0606305599212646,0.42843639850616455,4.465202808380127,0.0
0,76,None,False,"103,118,4,90,107,109,111,40,67,34",0.7254390120506287,-1.6416250467300415,-0.7903043031692505,-1.1348336935043335,7.998183727264404,5.434477806091309,-4.302868843078613,0.0,0.0,-4.302868843078613,-5.298471450805664,0.9956026077270508,0.2475711852312088,0.0,1.0090702772140503,0.5105729103088379,4.465202808380127,0.0
0,77,None,False,"103,118,4,90,107,109,111,40,67,34",0.6892520189285278,-1.5363434553146362,-0.5938150882720947,-1.1584761142730713,7.998385429382324,3.7372939586639404,-3.5590946674346924,0.0,0.0,-3.5590946674346924,-5.487728118896484,1.928633451461792,0.5583487153053284,0.0,0.9794619679450989,0.5095589756965637,4.465202808380127,0.0
0,78,None,False,"103,118,4,90,107,109,111,40,67,34",0.632796049118042,-1.669362187385559,-0.3848874866962433,-0.9825341701507568,7.99817419052124,4.450214862823486,-2.993655204772949,0.0,0.0,-2.993655204772949,-5.145502090454102,2.1518468856811523,0.5569150447845459,0.0,1.0048344135284424,0.4652635455131531,4.465202808380127,0.0
0,79,Schedule,True,"29,48,120,57,32,135,123,17,129,82",0.8175432682037354,-1.5576739311218262,-0.8369766473770142,-0.90140700340271,7.9981889724731445,7.148130416870117,-4.158201694488525,0.4,1.0,-5.558201789855957,-6.0349884033203125,0.47678661346435547,-0.2606058120727539,-1.344247579574585,1.1696423292160034,0.4497908353805542,4.465202808380127,0.0
0,80,None,False,"29,48,120,57,32,135,123,17,129,82",0.7749767303466797,-1.6372063159942627,-0.8314156532287598,-1.176466703414917,7.999070167541504,5.758849143981934,-3.0217957496643066,0.0,0.0,-3.0217957496643066,-6.170284748077393,3.148488998413086,0.6251122355461121,0.0,0.9326058626174927,0.34827402234077454,4.465202808380127,0.0
0,81,None,False,"29,48,120,57,32,135,123,17,129,82",0.7655935883522034,-1.493952751159668,-0.8245603442192078,-0.9403694868087769,7.998036861419678,3.6943657398223877,-3.141599178314209,0.0,0.0,-3.141599178314209,-6.847363471984863,3.7057642936706543,0.8715779781341553,0.0,0.9160357117652893,0.48885899782180786,4.465202808380127,0.0
0,82,None,False,"29,48,120,57,32,135,123,17,129,82",0.7666672468185425,-1.5520386695861816,-0.915981650352478,-1.028353214263916,7.997867584228516,4.194798469543457,-1.6411983966827393,0.0,0.0,-1.6411983966827393,-4.838073253631592,3.1968748569488525,0.9336068630218506,0.0,0.9225525856018066,0.4415113925933838,4.465202808380127,0.0
0,83,Struct Break (DC),True,"125,3,133,126,66,131,142,14,72,34",0.6994792222976685,-1.4069645404815674,-1.0244548320770264,-1.0378684997558594,7.998996257781982,5.5108466148376465,-1.9689570665359497,0.4,1.0,-3.368957042694092,-6.09736442565918,2.728407382965088,0.6742832064628601,3.298039674758911,0.7157566547393799,0.4979538321495056,4.465202808380127,0.0
0,84,None,False,"125,3,133,126,66,131,142,14,72,34",0.7774224281311035,-1.397615671157837,-0.7268691062927246,-1.0027719736099243,7.9980010986328125,5.264050006866455,-2.7870733737945557,0.0,0.0,-2.7870733737945557,-7.183283805847168,4.396210670471191,1.1529366970062256,0.0,0.9788808822631836,0.5168626308441162,4.465202808380127,0.0
0,85,None,False,"125,3,133,126,66,131,142,14,72,34",0.8819469809532166,-1.7212787866592407,-0.7288640737533569,-1.042704701423645,7.9975128173828125,4.663554668426514,-2.181187868118286,0.0,0.0,-2.181187868118286,-6.093436241149902,3.912248373031616,0.8182798027992249,0.0,0.9637956619262695,0.45896440744400024,4.465202808380127,0.0
0,86,None,False,"125,3,133,126,66,131,142,14,72,34",0.692691445350647,-1.5076627731323242,-0.8685145378112793,-1.0165538787841797,7.9979939460754395,5.546070098876953,-1.1731106042861938,0.0,0.0,-1.1731106042861938,-5.323076248168945,4.149965763092041,0.850580096244812,0.0,1.0993130207061768,0.4115619659423828,4.465202808380127,0.0
0,87,None,False,"125,3,133,126,66,131,142,14,72,34",0.8744839429855347,-1.561907172203064,-0.7626304030418396,-1.0248438119888306,7.998036861419678,5.996966361999512,-0.7597452402114868,0.0,0.0,-0.7597452402114868,-4.649991035461426,3.8902459144592285,0.6806076169013977,0.0,1.2112398147583008,0.4283100366592407,4.465202808380127,0.0
0,88,None,False,"125,3,133,126,66,131,142,14,72,34",0.6472033262252808,-1.5389187335968018,-0.901024341583252,-1.0239613056182861,7.997558116912842,4.4652419090271,-0.06089210510253906,0.0,0.0,-0.06089210510253906,-3.0233919620513916,2.9624998569488525,0.47839564085006714,0.0,0.8961936831474304,0.4204780161380768,4.465202808380127,0.0
0,89,None,False,"125,3,133,126,66,131,142,14,72,34",0.6629821062088013,-1.5296341180801392,-1.0309747457504272,-0.9467289447784424,7.998415946960449,4.2382049560546875,2.589830160140991,0.0,0.0,2.589830160140991,-0.9865224361419678,3.576352596282959,0.698277473449707,0.0,1.0663108825683594,0.4562373459339142,4.465202808380127,0.0
0,90,None,False,"125,3,133,126,66,131,142,14,72,34",0.8045967221260071,-1.7669204473495483,-0.9012856483459473,-0.9620991945266724,7.998395919799805,4.882598400115967,1.6460543870925903,0.0,0.0,1.6460543870925903,-0.8758068084716797,2.5218610763549805,0.4447574317455292,0.0,0.8859231472015381,0.4621531069278717,4.465202808380127,0.0
0,91,None,False,"125,3,133,126,66,131,142,14,72,34",1.009728193283081,-1.7100228071212769,-0.7924035787582397,-0.9736834168434143,7.998061180114746,6.445382118225098,2.1824259757995605,0.0,0.0,2.1824259757995605,-0.6153583526611328,2.7977843284606934,0.5559279918670654,0.0,1.0465515851974487,0.5505785942077637,4.465202808380127,0.0
0,92,None,False,"125,3,133,126,66,131,142,14,72,34",0.9091647267341614,-1.4811768531799316,-0.8166235089302063,-1.188002347946167,7.997254848480225,3.132324695587158,2.121661901473999,0.0,0.0,2.121661901473999,-1.4049172401428223,3.5265791416168213,1.2733287811279297,0.0,1.205001711845398,0.5300735831260681,4.465202808380127,0.0
0,93,None,False,"125,3,133,126,66,131,142,14,72,34",0.7841137647628784,-1.494413137435913,-0.605461597442627,-0.9777917861938477,7.997807025909424,5.699835300445557,0.5535745620727539,0.0,0.0,0.5535745620727539,-1.7601728439331055,2.3137474060058594,0.9692733287811279,0.0,1.1565659046173096,0.4888876974582672,4.465202808380127,0.0
0,94,None,False,"125,3,133,126,66,131,142,14,72,34",0.7324057817459106,-1.8287982940673828,-0.7718580961227417,-0.8518702983856201,7.998264789581299,7.308547496795654,1.4164453744888306,0.0,0.0,1.4164453744888306,-0.953453779220581,2.369899272918701,0.9109247326850891,0.0,1.1342504024505615,0.476956307888031,4.465202808380127,0.0
0,95,None,False,"125,3,133,126,66,131,142,14,72,34",0.7006111145019531,-1.7427318096160889,-1.0057542324066162,-1.03995943069458,7.998321533203125,3.485089063644409,2.0298850536346436,0.0,0.0,2.0298850536346436,0.7185459136962891,1.3113391399383545,0.5134195685386658,0.0,1.017419695854187,0.42619916796684265,4.465202808380127,0.0
0,96,None,False,"125,3,133,126,66,131,142,14,72,34",0.7301761507987976,-1.4278353452682495,-0.639563262462616,-0.7477759122848511,7.998335361480713,2.895700693130493,0.16546666622161865,0.0,0.0,0.16546666622161865,-0.7402420043945312,0.9057086706161499,0.4375882148742676,0.0,1.112931251525879,0.390115350484848,4.465202808380127,0.0
0,97,Schedule,True,"98,142,105,103,43,38,134,122,92,5",0.8913887739181519,-2.01792049407959,-0.9377304315567017,-1.0452046394348145,7.998124122619629,4.6647210121154785,0.6448948383331299,0.35999999046325687,0.8999999761581421,-0.615105152130127,1.962125301361084,-2.577230453491211,-0.6001471281051636,-3.026693820953369,0.9096406698226929,0.3345292806625366,4.465202808380127,0.0
0,98,None,False,"98,142,105,103,43,38,134,122,92,5",0.8305907249450684,-1.7405600547790527,-1.0015015602111816,-1.0691291093826294,7.997981071472168,4.839766025543213,1.8084049224853516,0.0,0.0,1.8084049224853516,3.281402587890625,-1.4729976654052734,-0.3131973445415497,0.0,0.9944108128547668,0.45812344551086426,4.465202808380127,0.0
0,99,None,False,"98,142,105,103,43,38,134,122,92,5",0.687772810459137,-1.5160349607467651,-0.807476818561554,-0.9576402902603149,7.998236656188965,5.049609661102295,-0.8147227764129639,0.0,0.0,-0.8147227764129639,2.7687549591064453,-3.583477735519409,-1.0396419763565063,0.0,0.9593005180358887,0.33902111649513245,4.465202808380127,0.0
0,100,None,False,"98,142,105,103,43,38,134,122,92,5",1.0267648696899414,-1.77225661277771,-0.9401151537895203,-1.1327002048492432,7.997371673583984,5.885270118713379,0.6259775161743164,0.0,0.0,0.6259775161743164,2.1681904792785645,-1.542212963104248,-0.4922826588153839,0.0,1.0104937553405762,0.374661386013031,4.465202808380127,0.0
0,101,None,False,"98,142,105,103,43,38,134,122,92,5",0.7536739110946655,-1.5765113830566406,-0.7255895137786865,-0.7022258639335632,7.999151706695557,5.839198112487793,0.08848011493682861,0.0,0.0,0.08848011493682861,0.3415346145629883,-0.25305449962615967,-0.16569171845912933,0.0,0.9759273529052734,0.4875229001045227,4.465202808380127,0.0
0,102,Struct Break (DC),True,"43,17,12,23,101,81,46,134,27,67",0.6754676103591919,-1.4460257291793823,-0.7423105835914612,-0.9333837032318115,7.998258590698242,4.390725612640381,-1.6650253534317017,0.3200000047683716,0.800000011920929,-2.7850253582000732,0.3527998924255371,-3.1378252506256104,-0.9040231108665466,-4.537258148193359,1.217426061630249,0.5333882570266724,4.465202808380127,0.0
0,103,None,False,"43,17,12,23,101,81,46,134,27,67",0.7009668350219727,-1.4649899005889893,-0.5135510563850403,-0.9346017837524414,7.997979640960693,3.7637693881988525,-2.558579444885254,0.0,0.0,-2.558579444885254,-2.0360231399536133,-0.5225563049316406,-0.05880364403128624,0.0,1.093986988067627,0.4483482539653778,4.465202808380127,0.0
0,104,None,False,"43,17,12,23,101,81,46,134,27,67",0.7107369899749756,-1.6680916547775269,-0.6936565637588501,-0.9547398090362549,7.998037815093994,3.1806323528289795,-1.9020001888275146,0.0,0.0,-1.9020001888275146,-1.4308929443359375,-0.47110724449157715,-0.15429902076721191,0.0,1.0627422332763672,0.4242497682571411,4.465202808380127,0.0
0,105,None,False,"43,17,12,23,101,81,46,134,27,67",0.6331831812858582,-1.5293961763381958,-0.8564560413360596,-0.8963968753814697,7.998432636260986,2.6939611434936523,-1.9161094427108765,0.0,0.0,-1.9161094427108765,-1.5928924083709717,-0.3232170343399048,0.08635050058364868,0.0,0.9960541129112244,0.41606801748275757,4.465202808380127,0.0
0,106,None,False,"43,17,12,23,101,81,46,134,27,67",0.8826360702514648,-1.827052116394043,-0.8142231702804565,-0.9582818150520325,7.997095584869385,4.601515769958496,-1.1450177431106567,0.0,0.0,-1.1450177431106567,-0.369030237197876,-0.7759875059127808,0.0015326510183513165,0.0,1.1768159866333008,0.4189862310886383,4.465202808380127,0.0
0,107,Struct Break (DC),True,"63,129,47,10,37,36,71,124,76,70",0.8211537003517151,-1.497507095336914,-0.8916340470314026,-0.9882243275642395,7.998111724853516,4.015595436096191,0.3991985321044922,0.4,1.0,-1.00080144405365,-0.6911635398864746,-0.3096379041671753,-0.016962703317403793,-0.1338418573141098,1.0400655269622803,0.4082632064819336,4.465202808380127,0.0
0,108,None,False,"63,129,47,10,37,36,71,124,76,70",0.9465835094451904,-1.6926167011260986,-0.7285616397857666,-1.0484824180603027,7.997353553771973,3.503098726272583,-2.030524730682373,0.0,0.0,-2.030524730682373,-2.32083797454834,0.2903132438659668,0.12159274518489838,0.0,1.0390751361846924,0.3894663453102112,4.465202808380127,0.0
0,109,None,False,"63,129,47,10,37,36,71,124,76,70",0.7830450534820557,-1.787484884262085,-0.8075605630874634,-1.0587214231491089,7.998368740081787,3.7294437885284424,-4.005768775939941,0.0,0.0,-4.005768775939941,-4.3387770652771,0.3330082893371582,0.001083147944882512,0.0,1.2268288135528564,0.6040880680084229,4.465202808380127,0.0
0,110,None,False,"63,129,47,10,37,36,71,124,76,70",0.6795072555541992,-1.453978180885315,-0.8557194471359253,-0.7900481224060059,7.998887062072754,5.047943592071533,-6.132282733917236,0.0,0.0,-6.132282733917236,-7.638192176818848,1.5059094429016113,0.5506810545921326,0.0,1.1358762979507446,0.6095470190048218,4.465202808380127,0.0
0,111,Struct Break (DC),True,"57,47,49,106,127,40,1,140,119,7",0.7586402893066406,-1.326840877532959,-0.9426689743995667,-0.9440547227859497,7.99882698059082,4.033438205718994,-4.024512767791748,0.35999999046325687,0.8999999761581421,-5.284512519836426,-7.0311784744262695,1.7466659545898438,0.7511593103408813,3.6765151023864746,1.1490510702133179,0.6110854148864746,4.465202808380127,0.0
0,112,None,False,"57,47,49,106,127,40,1,140,119,7",0.6987442970275879,-1.4900346994400024,-0.8303980827331543,-0.8868792057037354,7.998767375946045,4.429931640625,-4.056735992431641,0.0,0.0,-4.056735992431641,-8.630603790283203,4.5738677978515625,1.7638194561004639,0.0,1.1313081979751587,0.5264111161231995,4.465202808380127,0.0
0,113,None,False,"57,47,49,106,127,40,1,140,119,7",0.7587506771087646,-1.648163080215454,-0.8221026659011841,-0.9097481966018677,7.998169422149658,4.671751022338867,-5.31759786605835,0.0,0.0,-5.31759786605835,-9.869962692260742,4.552364826202393,1.7310914993286133,0.0,0.9871661067008972,0.5761274695396423,4.465202808380127,0.0
0,114,None,False,"57,47,49,106,127,40,1,140,119,7",0.6824778318405151,-1.6118228435516357,-0.9145187139511108,-0.9063427448272705,7.998250961303711,4.097337245941162,-4.863640785217285,0.0,0.0,-4.863640785217285,-9.082365036010742,4.218724250793457,1.3355904817581177,0.0,1.2284382581710815,0.7222603559494019,4.465202808380127,0.0
0,115,None,False,"57,47,49,106,127,40,1,140,119,7",0.81468266248703,-1.7465418577194214,-0.687689483165741,-0.9980177879333496,7.998093605041504,3.6583757400512695,-1.4791256189346313,0.0,0.0,-1.4791256189346313,-4.84086275100708,3.3617372512817383,1.0335432291030884,0.0,1.0731624364852905,0.5280858874320984,4.465202808380127,0.0
0,116,None,False,"57,47,49,106,127,40,1,140,119,7",0.8791067600250244,-1.6320868730545044,-0.6422913074493408,-1.0330408811569214,7.996578216552734,5.825682163238525,-3.583857536315918,0.0,0.0,-3.583857536315918,-6.4117431640625,2.827885627746582,0.8133521676063538,0.0,1.3416529893875122,0.5046019554138184,4.465202808380127,0.0
0,117,Struct Break (DC),True,"72,89,6,15,63,26,125,20,52,135",0.811741292476654,-1.498078465461731,-1.093475341796875,-0.8697674870491028,7.998037815093994,5.697449684143066,-1.2651067972183228,0.4,1.0,-2.665106773376465,-4.00981330871582,1.3447065353393555,0.38568228483200073,1.8614575862884521,1.2602040767669678,0.5423332452774048,4.465202808380127,0.0
0,118,None,False,"72,89,6,15,63,26,125,20,52,135",0.7832884788513184,-1.5888631343841553,-0.9315114617347717,-1.0370327234268188,7.99834680557251,3.7665693759918213,-0.6604397296905518,0.0,0.0,-0.6604397296905518,-3.674650192260742,3.0142104625701904,1.128416657447815,0.0,1.1933012008666992,0.548323929309845,4.465202808380127,0.0
0,119,None,False,"72,89,6,15,63,26,125,20,52,135",0.6680810451507568,-1.5132859945297241,-0.8798010945320129,-0.9181467294692993,7.998269081115723,3.119826078414917,-0.280798077583313,0.0,0.0,-0.280798077583313,-2.2621572017669678,1.9813591241836548,0.7628189325332642,0.0,0.9873230457305908,0.47657662630081177,4.465202808380127,0.0
0,120,None,False,"72,89,6,15,63,26,125,20,52,135",0.6755863428115845,-1.2980238199234009,-0.8282325863838196,-0.8468708395957947,7.998306751251221,3.154735803604126,-2.377657175064087,0.0,0.0,-2.377657175064087,-4.200178146362305,1.8225209712982178,0.7370139956474304,0.0,1.2910118103027344,0.5010484457015991,4.465202808380127,0.0
0,121,None,False,"72,89,6,15,63,26,125,20,52,135",0.6526825428009033,-1.501255989074707,-1.002151608467102,-0.8081456422805786,7.998082160949707,3.997927665710449,-1.6616994142532349,0.0,0.0,-1.6616994142532349,-4.268604278564453,2.606904983520508,0.9557525515556335,0.0,1.0764939785003662,0.43971478939056396,4.465202808380127,0.0
0,122,None,False,"72,89,6,15,63,26,125,20,52,135",1.0019519329071045,-1.7233318090438843,-0.9323828816413879,-0.9913883805274963,7.997321128845215,4.752843856811523,-0.8239847421646118,0.0,0.0,-0.8239847421646118,-2.5242745876312256,1.7002898454666138,0.5222839713096619,0.0,1.3065390586853027,0.4868893623352051,4.465202808380127,0.0
0,123,None,False,"72,89,6,15,63,26,125,20,52,135",1.0627564191818237,-1.8206592798233032,-0.9269824028015137,-0.9094876050949097,7.997718334197998,2.1368486881256104,1.7735213041305542,0.0,0.0,1.7735213041305542,-0.16387104988098145,1.9373923540115356,0.7101764678955078,0.0,1.3984929323196411,0.4412968158721924,4.465202808380127,0.0
0,124,None,False,"72,89,6,15,63,26,125,20,52,135",0.7819126844406128,-1.7149972915649414,-0.8852818608283997,-1.0312659740447998,7.997298717498779,6.149678707122803,5.386353492736816,0.0,0.0,5.386353492736816,3.491854667663574,1.8944988250732422,0.8525460362434387,0.0,1.4339673519134521,0.5183447599411011,4.465202808380127,0.0
0,125,None,False,"72,89,6,15,63,26,125,20,52,135",0.7431015968322754,-1.4022246599197388,-0.7116557359695435,-0.8765133619308472,7.998538494110107,4.036863803863525,3.605653762817383,0.0,0.0,3.605653762817383,1.4969110488891602,2.1087427139282227,0.870184063911438,0.0,1.5300889015197754,0.4797167181968689,4.465202808380127,0.0
0,126,None,False,"72,89,6,15,63,26,125,20,52,135",0.9757896661758423,-1.6918978691101074,-0.8219318389892578,-0.9350978136062622,7.9976372718811035,6.467698097229004,5.493101596832275,0.0,0.0,5.493101596832275,3.5150527954101562,1.9780488014221191,0.7644433379173279,0.0,1.6056790351867676,0.4797916114330292,4.465202808380127,0.0
0,127,None,False,"72,89,6,15,63,26,125,20,52,135",0.8666674494743347,-1.6581639051437378,-0.8959077596664429,-0.8632747530937195,7.99763298034668,5.2805609703063965,5.617252826690674,0.0,0.0,5.617252826690674,4.822981357574463,0.7942714691162109,0.422898530960083,0.0,1.5897350311279297,0.46656298637390137,4.465202808380127,0.0
0,0,Schedule | Regime Shift (Initial),True,"80,41,25,112,118,115,73,33,36,69",0.8654996752738953,-1.1292047500610352,-0.683346152305603,-0.9967045783996582,7.998127460479736,5.725955009460449,-0.6269663572311401,0.0,0.0,-0.6269663572311401,0.9660601615905762,-1.5930265188217163,-0.4596044421195984,-2.3306491374969482,1.3883942365646362,0.47173240780830383,3.983633518218994,0.0
0,1,None,False,"80,41,25,112,118,115,73,33,36,69",0.9211959838867188,-1.1295409202575684,-0.6123130321502686,-0.9120121598243713,7.998746871948242,4.2593770027160645,0.3984510898590088,0.0,0.0,0.3984510898590088,0.8234620094299316,-0.42501091957092285,-0.18020999431610107,0.0,0.8042380213737488,0.48852095007896423,3.983633518218994,0.0
0,2,None,False,"80,41,25,112,118,115,73,33,36,69",0.8441383838653564,-1.2564035654067993,-0.800808846950531,-0.9006847739219666,7.9987101554870605,3.6353113651275635,-1.1425518989562988,0.0,0.0,-1.1425518989562988,1.3319015502929688,-2.4744534492492676,-0.9403878450393677,0.0,0.9938302636146545,0.45563286542892456,3.983633518218994,0.0
0,3,None,False,"80,41,25,112,118,115,73,33,36,69",0.8235956430435181,-0.9763192534446716,-0.7120013236999512,-0.9249761700630188,7.998443126678467,4.102078914642334,-3.5787057876586914,0.0,0.0,-3.5787057876586914,0.41794776916503906,-3.9966535568237305,-1.4408289194107056,0.0,1.156721830368042,0.5585811138153076,3.983633518218994,0.0
0,4,None,False,"80,41,25,112,118,115,73,33,36,69",0.9070703387260437,-1.0359265804290771,-0.7342280745506287,-1.0643725395202637,7.998226642608643,2.499551296234131,-2.5713002681732178,0.0,0.0,-2.5713002681732178,-0.1131892204284668,-2.458111047744751,-0.7822035551071167,0.0,1.0718204975128174,0.5571174025535583,3.983633518218994,0.0
0,5,None,False,"80,41,25,112,118,115,73,33,36,69",0.7042373418807983,-0.9569535851478577,-0.5962743163108826,-0.689338743686676,7.998823642730713,5.042543888092041,-3.4959774017333984,0.0,0.0,-3.4959774017333984,-2.0502805709838867,-1.4456968307495117,-0.5013483166694641,0.0,1.169797658920288,0.5548273921012878,3.983633518218994,0.0
0,6,None,False,"80,41,25,112,118,115,73,33,36,69",0.7506846785545349,-1.0242118835449219,-0.732537567615509,-1.0185877084732056,7.997870922088623,5.823061466217041,-5.132534980773926,0.0,0.0,-5.132534980773926,-4.574995994567871,-0.5575389862060547,-0.2905738949775696,0.0,0.7789090275764465,0.5521288514137268,3.983633518218994,0.0
0,7,None,False,"80,41,25,112,118,115,73,33,36,69",0.9671466946601868,-1.161236047744751,-0.8179432153701782,-0.9781413674354553,7.997809886932373,5.285897731781006,-4.143177509307861,0.0,0.0,-4.143177509307861,-4.775786399841309,0.6326088905334473,0.2013806849718094,0.0,0.8725125193595886,0.45054805278778076,3.983633518218994,0.0
0,8,None,False,"80,41,25,112,118,115,73,33,36,69",1.016085147857666,-1.3446420431137085,-0.7443711757659912,-1.0842682123184204,7.997633457183838,5.925514221191406,-1.5751516819000244,0.0,0.0,-1.5751516819000244,-3.1615793704986572,1.5864276885986328,0.46356260776519775,0.0,0.8794398307800293,0.4578813910484314,3.983633518218994,0.0
0,9,None,False,"80,41,25,112,118,115,73,33,36,69",1.2805564403533936,-1.1801419258117676,-0.5629991292953491,-1.0474098920822144,7.996555328369141,5.088019371032715,-2.4888534545898438,0.0,0.0,-2.4888534545898438,-4.388916492462158,1.9000630378723145,0.5298022627830505,0.0,1.0202066898345947,0.5753880739212036,3.983633518218994,0.0
0,10,Struct Break (DC),True,"4,44,77,128,35,100,78,124,104,80",1.0054678916931152,-1.2074577808380127,-0.8911380171775818,-1.070798635482788,7.99757194519043,4.742031097412109,2.257201671600342,0.35999999046325687,0.8999999761581421,0.997201681137085,-2.704101800918579,3.701303482055664,1.3349589109420776,6.579980373382568,0.8115288615226746,0.43865594267845154,3.983633518218994,0.0
0,11,None,False,"4,44,77,128,35,100,78,124,104,80",0.8495753407478333,-1.253584861755371,-0.7251771688461304,-1.0136041641235352,7.998188018798828,5.220224857330322,3.5769245624542236,0.0,0.0,3.5769245624542236,-0.33732056617736816,3.914245128631592,1.2807972431182861,0.0,0.693840503692627,0.43597984313964844,3.983633518218994,0.0
0,12,Struct Break (DC),True,"129,56,89,45,51,3,133,79,70,141",1.0135507583618164,-0.9403104782104492,-0.5841547250747681,-0.95304274559021,7.997416019439697,5.225910663604736,-2.6521856784820557,0.4,1.0,-4.052185535430908,-2.667289972305298,-1.3848955631256104,-0.2759765386581421,-1.419227123260498,0.9835549592971802,0.4838116765022278,3.983633518218994,0.0
0,13,None,False,"129,56,89,45,51,3,133,79,70,141",0.8876001834869385,-0.9911929965019226,-0.6088237762451172,-0.9776384234428406,7.997678756713867,6.365800857543945,-3.406057834625244,0.0,0.0,-3.406057834625244,-4.3939056396484375,0.9878478050231934,0.31960272789001465,0.0,0.7533775568008423,0.46644726395606995,3.983633518218994,0.0
0,14,None,False,"129,56,89,45,51,3,133,79,70,141",1.049476146697998,-1.648523211479187,-0.5271496772766113,-0.9433369040489197,7.997470378875732,6.577181816101074,-5.263374328613281,0.0,0.0,-5.263374328613281,-5.8612823486328125,0.5979080200195312,0.6039662957191467,0.0,0.9293914437294006,0.516447901725769,3.983633518218994,0.0
0,15,None,False,"129,56,89,45,51,3,133,79,70,141",1.1293278932571411,-1.59476900100708,-0.642393946647644,-0.9840629696846008,7.997469902038574,4.837951183319092,-6.119210243225098,0.0,0.0,-6.119210243225098,-7.306509971618652,1.1872997283935547,0.6338695883750916,0.0,0.9633415937423706,0.47943243384361267,3.983633518218994,0.0
0,16,None,False,"129,56,89,45,51,3,133,79,70,141",0.959396243095398,-1.6760674715042114,-0.6179099678993225,-0.9761306047439575,7.997775554656982,4.933453559875488,-5.971825122833252,0.0,0.0,-5.971825122833252,-9.235578536987305,3.2637534141540527,1.2181365489959717,0.0,1.1630338430404663,0.5345438718795776,3.983633518218994,0.0
0,17,None,False,"129,56,89,45,51,3,133,79,70,141",0.9490376710891724,-1.8306598663330078,-0.964323878288269,-1.0702903270721436,7.9976348876953125,4.8021559715271,-4.662670612335205,0.0,0.0,-4.662670612335205,-7.120215892791748,2.457545280456543,0.8864588737487793,0.0,1.1886754035949707,0.5964951515197754,3.983633518218994,0.0
0,18,None,False,"129,56,89,45,51,3,133,79,70,141",0.9332582950592041,-1.4566690921783447,-0.7840802669525146,-0.8461573123931885,7.9983344078063965,3.452915668487549,-4.713221073150635,0.0,0.0,-4.713221073150635,-7.78045654296875,3.0672354698181152,0.9977510571479797,0.0,1.0820540189743042,0.6184253692626953,3.983633518218994,0.0
0,19,Struct Break (DC),True,"15,4,99,57,71,89,20,101,118,86",1.0700786113739014,-1.6710222959518433,-0.8706563711166382,-1.1281932592391968,7.997583389282227,6.942323207855225,-6.691836357116699,0.35999999046325687,0.8999999761581421,-7.951836585998535,-8.754396438598633,0.8025598526000977,0.3577061891555786,1.726815938949585,1.1956508159637451,0.7203072309494019,3.983633518218994,0.0
0,20,None,False,"15,4,99,57,71,89,20,101,118,86",0.8954325914382935,-1.8764102458953857,-0.774742841720581,-1.3104650974273682,7.997942924499512,5.074483394622803,-7.572816848754883,0.0,0.0,-7.572816848754883,-8.723979949951172,1.151163101196289,0.5375216603279114,0.0,1.0275944471359253,0.5270000696182251,3.983633518218994,0.0
0,21,None,False,"15,4,99,57,71,89,20,101,118,86",0.7663732171058655,-1.7602663040161133,-1.2771095037460327,-1.0892205238342285,7.998055934906006,8.410201072692871,-12.792238235473633,0.0,0.0,-12.792238235473633,-12.289434432983398,-0.5028038024902344,-0.13602952659130096,0.0,1.0224196910858154,0.4870454668998718,3.983633518218994,0.0
0,22,None,False,"15,4,99,57,71,89,20,101,118,86",0.7625113725662231,-1.411840558052063,-0.8227611780166626,-0.892613410949707,7.998307228088379,5.615363597869873,-13.903392791748047,0.0,0.0,-13.903392791748047,-12.70013427734375,-1.2032585144042969,-0.2490740865468979,0.0,1.037211537361145,0.48712244629859924,3.983633518218994,0.0
0,23,None,False,"15,4,99,57,71,89,20,101,118,86",1.160983920097351,-1.8006155490875244,-1.1524367332458496,-0.9313250184059143,7.997440814971924,5.052950382232666,-10.083622932434082,0.0,0.0,-10.083622932434082,-9.175741195678711,-0.9078817367553711,-0.244004026055336,0.0,1.0256009101867676,0.500999927520752,3.983633518218994,0.0
0,24,None,False,"15,4,99,57,71,89,20,101,118,86",0.7601945400238037,-1.4450278282165527,-0.9226977229118347,-0.8590505123138428,7.997579574584961,6.1717000007629395,-8.779929161071777,0.0,0.0,-8.779929161071777,-7.9418840408325195,-0.8380451202392578,-0.3397352397441864,0.0,0.8147830367088318,0.4763500690460205,3.983633518218994,0.0
0,25,Struct Break (DC),True,"78,105,135,58,92,29,18,104,94,34",0.7463383674621582,-1.2546855211257935,-0.7150436043739319,-0.9716905951499939,7.997977256774902,4.994677543640137,-3.6996662616729736,0.4,1.0,-5.099666118621826,-7.104599475860596,2.0049333572387695,0.5002148151397705,2.4254767894744873,0.9694227576255798,0.5116604566574097,3.983633518218994,0.0
0,26,None,False,"78,105,135,58,92,29,18,104,94,34",0.8174632787704468,-1.4795881509780884,-1.1991255283355713,-0.9658290147781372,7.997557163238525,4.438398838043213,-3.9482851028442383,0.0,0.0,-3.9482851028442383,-7.878619194030762,3.9303340911865234,1.2238295078277588,0.0,0.8648074269294739,0.44250214099884033,3.983633518218994,0.0
0,27,None,False,"78,105,135,58,92,29,18,104,94,34",0.739603579044342,-1.6496766805648804,-1.0695223808288574,-0.8938688635826111,7.9985671043396,4.516870975494385,-2.952747344970703,0.0,0.0,-2.952747344970703,-6.939286231994629,3.986538887023926,1.3199067115783691,0.0,1.0573588609695435,0.5969335436820984,3.983633518218994,0.0
0,28,Struct Break (DC),True,"132,41,81,15,57,72,107,97,137,79",1.039658784866333,-1.4762574434280396,-0.9368612170219421,-1.0321216583251953,7.9972662925720215,8.426207542419434,-4.899042129516602,0.4,1.0,-6.299042224884033,-6.72432804107666,0.42528581619262695,0.40492168068885803,1.9608445167541504,1.1518899202346802,0.5935324430465698,3.983633518218994,0.0
0,29,None,False,"132,41,81,15,57,72,107,97,137,79",0.8063167333602905,-1.6060189008712769,-1.1892791986465454,-0.9986522197723389,7.998000621795654,6.117262840270996,-3.5238571166992188,0.0,0.0,-3.5238571166992188,-5.47000789642334,1.946150779724121,0.7337018847465515,0.0,1.1876052618026733,0.6323458552360535,3.983633518218994,0.0
0,30,None,False,"132,41,81,15,57,72,107,97,137,79",0.7786630392074585,-1.8889719247817993,-1.06324303150177,-1.0712593793869019,7.9982452392578125,3.728470802307129,-1.7684781551361084,0.0,0.0,-1.7684781551361084,-3.178924322128296,1.4104461669921875,0.49145111441612244,0.0,1.1005744934082031,0.7073664665222168,3.983633518218994,0.0
0,31,None,False,"132,41,81,15,57,72,107,97,137,79",0.8466641902923584,-1.4052584171295166,-0.9785114526748657,-1.0291852951049805,7.997281074523926,4.969512462615967,-3.016664981842041,0.0,0.0,-3.016664981842041,-2.3267149925231934,-0.6899499893188477,-0.046944767236709595,0.0,1.3967883586883545,0.7088242769241333,3.983633518218994,0.0
0,32,None,False,"132,41,81,15,57,72,107,97,137,79",0.8637637495994568,-1.7566161155700684,-0.951431393623352,-0.9944664239883423,7.9977216720581055,5.467406749725342,-1.9805127382278442,0.0,0.0,-1.9805127382278442,-0.9483933448791504,-1.0321193933486938,-0.1581137627363205,0.0,1.3662089109420776,0.6175289154052734,3.983633518218994,0.0
0,33,None,False,"132,41,81,15,57,72,107,97,137,79",1.0180212259292603,-1.7121753692626953,-1.1150226593017578,-1.0827301740646362,7.997054100036621,7.087517738342285,-0.02759099006652832,0.0,0.0,-0.02759099006652832,0.9493708610534668,-0.9769618511199951,-0.1433960348367691,0.0,1.540685772895813,0.5971996784210205,3.983633518218994,0.0
0,34,None,False,"132,41,81,15,57,72,107,97,137,79",0.8171126246452332,-1.5570684671401978,-0.9052117466926575,-0.8850794434547424,7.998688697814941,5.4145941734313965,3.3464856147766113,0.0,0.0,3.3464856147766113,1.876676082611084,1.4698095321655273,0.5623891353607178,0.0,1.2600332498550415,0.5508571267127991,3.983633518218994,0.0
0,35,None,False,"132,41,81,15,57,72,107,97,137,79",0.8569718599319458,-1.7869571447372437,-0.8536374568939209,-1.0680830478668213,7.9981842041015625,3.9133996963500977,7.534225940704346,0.0,0.0,7.534225940704346,6.687784194946289,0.8464417457580566,0.37024086713790894,0.0,1.0249038934707642,0.47967877984046936,3.983633518218994,0.0
0,36,None,False,"132,41,81,15,57,72,107,97,137,79",0.7691369652748108,-1.3721712827682495,-0.8723870515823364,-1.0511778593063354,7.99849796295166,2.801624298095703,6.337849140167236,0.0,0.0,6.337849140167236,6.281375885009766,0.0564732551574707,0.06654026359319687,0.0,1.0168970823287964,0.347739040851593,3.983633518218994,0.0
0,37,Struct Break (DC),True,"28,142,53,25,118,39,1,36,117,67",0.7022831439971924,-1.047247290611267,-0.8454806804656982,-1.0737546682357788,7.997660160064697,3.663503408432007,5.902050971984863,0.4,1.0,4.502050876617432,3.3413290977478027,1.160721778869629,0.4801101088523865,2.330185651779175,1.0154539346694946,0.4965306520462036,3.983633518218994,0.0
0,38,Vol Shock,True,"86,111,43,76,57,103,5,87,46,119",0.9716746211051941,-1.422435998916626,-0.8425876498222351,-1.150031328201294,7.99635648727417,4.7737507820129395,1.9183229207992554,0.4,1.0,0.5183229446411133,1.2000322341918945,-0.6817092895507812,-0.20317326486110687,-1.056672215461731,1.0395913124084473,0.4060797691345215,3.983633518218994,0.0
0,39,Vol Shock,True,"77,0,9,47,109,99,126,104,48,133",0.9794479608535767,-1.4532372951507568,-0.6582309603691101,-0.9139821529388428,7.997983455657959,3.8073346614837646,-2.4743568897247314,0.4,1.0,-3.874356746673584,-0.8092880249023438,-3.0650687217712402,-1.1986818313598633,-5.9976348876953125,1.0147873163223267,0.4684285819530487,3.983633518218994,0.0
0,40,Vol Shock,True,"102,89,125,133,112,111,65,32,58,124",0.8575411438941956,-1.6828768253326416,-0.8671360611915588,-1.0782650709152222,7.99738073348999,4.627845287322998,3.2040603160858154,0.35999999046325687,0.8999999761581421,1.9440603256225586,1.3049960136413574,0.6390643119812012,0.3347817361354828,1.6127995252609253,0.9333539605140686,0.5396116971969604,3.983633518218994,0.0
0,41,Vol Shock,True,"96,133,124,45,126,13,39,18,78,81",0.8545303344726562,-1.4925142526626587,-0.8132439851760864,-0.9968492984771729,7.997439384460449,5.795986652374268,1.4911741018295288,0.3200000047683716,0.800000011920929,0.3711740970611572,1.936650276184082,-1.5654761791229248,-0.5144646763801575,-2.6010680198669434,1.019486665725708,0.5463770627975464,3.983633518218994,0.0
0,42,Vol Shock | Struct Break (DC),True,"63,47,36,57,82,113,8,92,86,60",0.8717222213745117,-1.5443534851074219,-1.0918316841125488,-1.114683985710144,7.9977850914001465,4.014705181121826,6.609781742095947,0.4,1.0,5.209781646728516,3.3231139183044434,1.8866677284240723,0.5508067607879639,2.6786468029022217,1.2169321775436401,0.5401000380516052,3.983633518218994,0.0
0,43,Vol Shock,True,"130,97,74,31,69,33,102,142,25,73",0.7979751825332642,-1.4624775648117065,-0.7231912016868591,-1.0221976041793823,7.998533248901367,2.7110164165496826,2.404162883758545,0.4,1.0,1.0041629076004028,2.4137496948242188,-1.409586787223816,-0.6237872838973999,-3.1423919200897217,1.2150578498840332,0.573350191116333,3.983633518218994,0.0
0,44,Vol Shock,True,"38,45,81,129,76,97,101,33,119,58",0.729589581489563,-1.580276608467102,-1.0182323455810547,-0.8405085802078247,7.999208927154541,5.277898788452148,3.468184471130371,0.3200000047683716,0.800000011920929,2.348184585571289,2.784132957458496,-0.43594837188720703,-0.21979573369026184,-1.1388546228408813,1.0962941646575928,0.5382684469223022,3.983633518218994,0.0
0,45,Vol Shock | Struct Break (DC),True,"119,128,30,35,108,90,73,83,46,55",0.6684099435806274,-1.2919559478759766,-0.6474747657775879,-0.6927879452705383,7.99819278717041,4.409477233886719,3.128406524658203,0.35999999046325687,0.8999999761581421,1.8684065341949463,-0.3246784210205078,2.193084955215454,0.7261295318603516,3.5558159351348877,1.2443625926971436,0.5337216258049011,3.983633518218994,0.0
0,46,Vol Shock,True,"68,140,101,73,103,99,97,9,128,25",0.9043258428573608,-1.465721845626831,-0.7961424589157104,-0.9515982270240784,7.99721622467041,5.082531452178955,0.7732653617858887,0.3200000047683716,0.800000011920929,-0.3467346429824829,-1.9481420516967773,1.6014074087142944,0.45228445529937744,2.193324089050293,1.2411563396453857,0.6379804015159607,3.983633518218994,0.0
0,47,Vol Shock,True,"92,28,78,16,70,69,111,109,63,31",0.8138104677200317,-1.3615387678146362,-0.8306646943092346,-0.8432493209838867,7.997206687927246,6.121407985687256,-0.48189520835876465,0.4,1.0,-1.8818951845169067,-1.6483962535858154,-0.2334989309310913,-0.024722257629036903,-0.17218542098999023,1.2080568075180054,0.6175384521484375,3.983633518218994,0.0
0,48,Vol Shock,True,"40,116,59,110,102,56,62,89,37,6",1.0147085189819336,-1.9177091121673584,-0.809677243232727,-1.079248070716858,7.997310638427734,6.137094020843506,0.7983738780021667,0.4,1.0,-0.6016260981559753,-0.5646347999572754,-0.03699129819869995,0.060348160564899445,0.24977171421051025,1.4051315784454346,0.5273606181144714,3.983633518218994,0.0
0,49,Vol Shock,True,"13,140,79,9,135,86,36,126,92,16",1.0363982915878296,-1.8488590717315674,-0.8956703543663025,-0.9879712462425232,7.996987819671631,3.3746020793914795,2.3211145401000977,0.4,1.0,0.9211145639419556,0.35222768783569336,0.5688868761062622,0.13058476150035858,0.5988827347755432,1.1077497005462646,0.5302355289459229,3.983633518218994,0.0
0,50,Vol Shock,True,"64,114,36,74,67,43,131,0,48,59",0.8186501860618591,-1.5471000671386719,-0.7750268578529358,-0.8857229948043823,7.998058795928955,4.962934970855713,7.855029582977295,0.35999999046325687,0.8999999761581421,6.595029830932617,1.1948227882385254,5.400207042694092,1.7694697380065918,8.734119415283203,1.2030643224716187,0.5122565627098083,3.983633518218994,0.0
0,51,Vol Shock,True,"70,41,46,90,83,141,95,78,92,139",0.7688433527946472,-1.6807700395584106,-0.8600847125053406,-1.0209482908248901,7.997842311859131,3.59086012840271,4.30088472366333,0.4,1.0,2.9008846282958984,3.041863441467285,-0.14097881317138672,-0.20217041671276093,-1.0525904893875122,1.3439915180206299,0.4340113401412964,3.983633518218994,0.0
0,52,Vol Shock,True,"0,65,103,10,16,130,49,127,13,8",0.8316802978515625,-1.4599117040634155,-0.9552918672561646,-0.8085058927536011,7.997973918914795,4.639008522033691,6.5008087158203125,0.4,1.0,5.100808620452881,3.038346767425537,2.0624618530273438,0.7719138264656067,3.7823753356933594,1.1675693988800049,0.46936967968940735,3.983633518218994,0.0
0,53,Vol Shock,True,"41,24,114,113,105,137,46,108,63,135",0.808185338973999,-1.4690271615982056,-1.012648344039917,-0.8234040141105652,7.998205661773682,5.1732048988342285,3.866375684738159,0.4,1.0,2.4663758277893066,3.625631332397461,-1.1592555046081543,-0.6204291582107544,-3.127687931060791,1.236358404159546,0.4587225317955017,3.983633518218994,0.0
0,54,Vol Shock,True,"15,19,112,102,117,119,5,122,137,17",0.9022303819656372,-1.3423768281936646,-0.7047165036201477,-0.6544173955917358,7.997823238372803,3.225491523742676,-0.20391704142093658,0.35999999046325687,0.8999999761581421,-1.4639170169830322,2.7791619300842285,-4.24307918548584,-1.8943887948989868,-9.452747344970703,1.4029994010925293,0.4408220648765564,3.983633518218994,0.0
0,55,Vol Shock,True,"63,75,110,140,118,113,3,24,104,122",0.7561746835708618,-1.2314311265945435,-0.8150691986083984,-0.7446464896202087,7.998155117034912,5.458581447601318,3.0854086875915527,0.35999999046325687,0.8999999761581421,1.825408697128296,3.297269344329834,-1.471860647201538,-0.7795143127441406,-3.921868324279785,1.2354786396026611,0.4652150571346283,3.983633518218994,0.0
0,56,None,False,"63,75,110,140,118,113,3,24,104,122",0.8110924959182739,-1.532461404800415,-0.8199471235275269,-0.8828859329223633,7.997763633728027,4.6016974449157715,1.9527018070220947,0.0,0.0,1.9527018070220947,3.1638503074645996,-1.2111485004425049,-0.8197479844093323,0.0,1.363655924797058,0.37050795555114746,3.983633518218994,0.0
0,57,None,False,"63,75,110,140,118,113,3,24,104,122",0.9648848176002502,-1.5943430662155151,-1.0948394536972046,-0.8634329438209534,7.997193336486816,6.543335914611816,3.0787575244903564,0.0,0.0,3.0787575244903564,3.4598708152770996,-0.38111329078674316,-0.2857423722743988,0.0,1.0978333950042725,0.3255907893180847,3.983633518218994,0.0
0,58,None,False,"63,75,110,140,118,113,3,24,104,122",0.7906215190887451,-1.519716501235962,-0.7889086008071899,-0.8552403450012207,7.998386383056641,4.95684814453125,3.1872551441192627,0.0,0.0,3.1872551441192627,3.860592842102051,-0.6733376979827881,-0.49094852805137634,0.0,1.0782647132873535,0.3480893671512604,3.983633518218994,0.0
0,59,None,False,"63,75,110,140,118,113,3,24,104,122",0.8645588159561157,-1.6377673149108887,-1.0239989757537842,-0.9710056781768799,7.997369766235352,5.394803047180176,6.162665367126465,0.0,0.0,6.162665367126465,4.981589317321777,1.1810760498046875,-0.04977509751915932,0.0,0.9100350737571716,0.4266655743122101,3.983633518218994,0.0
0,60,Struct Break (DC),True,"98,15,141,17,13,22,111,128,65,125",0.8973634839057922,-1.4849251508712769,-0.8483144640922546,-0.9518195390701294,7.997564315795898,4.831557750701904,5.620043754577637,0.4,1.0,4.220043659210205,5.955207347869873,-1.735163688659668,-1.1703343391418457,-5.870566368103027,1.2072813510894775,0.3720758557319641,3.983633518218994,0.0
0,61,None,False,"98,15,141,17,13,22,111,128,65,125",0.6648697853088379,-1.3578474521636963,-1.042273998260498,-0.794296383857727,7.997735023498535,5.201534271240234,4.445120811462402,0.0,0.0,4.445120811462402,4.942786693572998,-0.4976658821105957,-0.5141312479972839,0.0,1.096488356590271,0.38121357560157776,3.983633518218994,0.0
0,62,None,False,"98,15,141,17,13,22,111,128,65,125",1.118798017501831,-1.5677756071090698,-0.9096860885620117,-0.9379700422286987,7.997190475463867,6.973345756530762,4.334362030029297,0.0,0.0,4.334362030029297,4.737913608551025,-0.4035515785217285,-0.49041423201560974,0.0,0.7665936946868896,0.4752469062805176,3.983633518218994,0.0
0,63,None,False,"98,15,141,17,13,22,111,128,65,125",0.9075075387954712,-1.4006361961364746,-0.8127883672714233,-0.7923628091812134,7.997861862182617,6.956268310546875,3.607081651687622,0.0,0.0,3.607081651687622,5.482578277587891,-1.8754966259002686,-0.783322274684906,0.0,1.0291115045547485,0.37528520822525024,3.983633518218994,0.0
0,64,None,False,"98,15,141,17,13,22,111,128,65,125",0.9066973924636841,-1.6444122791290283,-0.6910064220428467,-0.9133829474449158,7.99854850769043,6.229083061218262,5.794561862945557,0.0,0.0,5.794561862945557,5.568420886993408,0.22614097595214844,-0.09703024476766586,0.0,0.747244119644165,0.4000706076622009,3.983633518218994,0.0
0,65,Struct Break (DC),True,"96,46,47,92,55,120,81,34,99,9",0.8094799518585205,-1.2958649396896362,-0.8145772218704224,-0.871820330619812,7.998247146606445,5.392576217651367,7.7709832191467285,0.4,1.0,6.370983123779297,2.979564666748047,3.39141845703125,0.7339532971382141,3.5900301933288574,1.0325653553009033,0.40792495012283325,3.983633518218994,0.0
0,66,None,False,"96,46,47,92,55,120,81,34,99,9",0.7906330823898315,-1.5999757051467896,-0.8004434704780579,-0.8416118621826172,7.998258590698242,3.7667596340179443,12.567268371582031,0.0,0.0,12.567268371582031,3.2558441162109375,9.311424255371094,2.269174337387085,0.0,0.8290380239486694,0.4186291992664337,3.983633518218994,0.0
0,67,None,False,"96,46,47,92,55,120,81,34,99,9",0.8103437423706055,-1.5238757133483887,-0.7540178894996643,-0.955745279788971,7.997710704803467,3.2602336406707764,10.746774673461914,0.0,0.0,10.746774673461914,1.6121625900268555,9.134612083435059,2.339294672012329,0.0,1.3169922828674316,0.4216531217098236,3.983633518218994,0.0
0,68,None,False,"96,46,47,92,55,120,81,34,99,9",0.9196671843528748,-1.6264114379882812,-0.6535078287124634,-1.000206708908081,7.997155666351318,5.388336181640625,14.328729629516602,0.0,0.0,14.328729629516602,2.9216527938842773,11.407076835632324,2.5487875938415527,0.0,0.94512939453125,0.45377403497695923,3.983633518218994,0.0
0,69,None,False,"96,46,47,92,55,120,81,34,99,9",0.9499013423919678,-1.762046456336975,-0.6843407154083252,-1.0567196607589722,7.9974846839904785,3.2494239807128906,11.325383186340332,0.0,0.0,11.325383186340332,2.5789499282836914,8.74643325805664,1.9281803369522095,0.0,1.0543357133865356,0.41499683260917664,3.983633518218994,0.0
0,70,None,False,"96,46,47,92,55,120,81,34,99,9",0.7655302286148071,-1.5402390956878662,-0.9941757321357727,-0.7377930283546448,7.9981889724731445,5.710634708404541,5.942951679229736,0.0,0.0,5.942951679229736,2.0174384117126465,3.92551326751709,1.107556700706482,0.0,1.2288485765457153,0.41230982542037964,3.983633518218994,0.0
0,71,None,False,"96,46,47,92,55,120,81,34,99,9",0.9581530094146729,-1.6186339855194092,-0.4935853183269501,-0.8896047472953796,7.997565269470215,5.01633358001709,4.946252822875977,0.0,0.0,4.946252822875977,3.683149814605713,1.2631030082702637,0.3798690140247345,0.0,1.1409293413162231,0.4359520375728607,3.983633518218994,0.0
0,72,None,False,"96,46,47,92,55,120,81,34,99,9",0.9050290584564209,-1.709958553314209,-0.5692667961120605,-0.988799512386322,7.99766206741333,5.0633344650268555,2.6749343872070312,0.0,0.0,2.6749343872070312,3.072214126586914,-0.3972797393798828,0.09882998466491699,0.0,1.1539721488952637,0.47633978724479675,3.983633518218994,0.0
0,73,None,False,"96,46,47,92,55,120,81,34,99,9",0.7845757603645325,-1.6786773204803467,-0.7877291440963745,-0.8073590993881226,7.99857234954834,5.845063209533691,3.6177921295166016,0.0,0.0,3.6177921295166016,3.7367939949035645,-0.11900186538696289,0.1828315705060959,0.0,1.3097319602966309,0.4898200035095215,3.983633518218994,0.0
0,74,None,False,"96,46,47,92,55,120,81,34,99,9",0.9069998264312744,-1.6848429441452026,-0.6070886850357056,-1.1285300254821777,7.997314453125,7.971213340759277,0.6426775455474854,0.0,0.0,0.6426775455474854,2.9851555824279785,-2.342478036880493,-0.6050734519958496,0.0,1.370685338973999,0.4653170704841614,3.983633518218994,0.0
0,75,None,False,"96,46,47,92,55,120,81,34,99,9",1.1340970993041992,-1.9198232889175415,-0.7808264493942261,-1.1151407957077026,7.997623443603516,5.300974369049072,1.254916787147522,0.0,0.0,1.254916787147522,3.4228086471557617,-2.1678919792175293,-0.4249785840511322,0.0,1.2738436460494995,0.45899155735969543,3.983633518218994,0.0
0,76,None,False,"96,46,47,92,55,120,81,34,99,9",0.7895673513412476,-1.6338979005813599,-0.7346607446670532,-0.8918941020965576,7.998306751251221,5.293263912200928,1.5428227186203003,0.0,0.0,1.5428227186203003,2.5464296340942383,-1.003606915473938,-0.10753779113292694,0.0,1.1039961576461792,0.4440675973892212,3.983633518218994,0.0
0,77,None,False,"96,46,47,92,55,120,81,34,99,9",0.6818310022354126,-1.3894908428192139,-0.7371547222137451,-1.0769554376602173,7.9988274574279785,3.1744213104248047,-0.7795107364654541,0.0,0.0,-0.7795107364654541,1.4200091361999512,-2.1995198726654053,-0.5236956477165222,0.0,1.0468508005142212,0.49414193630218506,3.983633518218994,0.0
0,78,None,False,"96,46,47,92,55,120,81,34,99,9",0.8645129799842834,-1.4768747091293335,-0.7106326818466187,-1.0642918348312378,7.997717380523682,4.400321960449219,-1.8705010414123535,0.0,0.0,-1.8705010414123535,0.6381750106811523,-2.508676052093506,-0.5598022937774658,0.0,1.1949692964553833,0.42640969157218933,3.983633518218994,0.0
0,79,Schedule,True,"6,120,82,94,18,100,110,108,125,12",0.7488576769828796,-1.6941637992858887,-0.7251280546188354,-0.9364486932754517,7.99772834777832,5.15569543838501,-0.6481683254241943,0.35999999046325687,0.8999999761581421,-1.9081683158874512,2.1149039268493652,-4.023072242736816,-1.1293116807937622,-5.651885509490967,1.0054547786712646,0.34784770011901855,3.983633518218994,0.0
0,80,None,False,"6,120,82,94,18,100,110,108,125,12",0.6863399744033813,-1.3550305366516113,-0.6955426931381226,-1.0018547773361206,7.998202800750732,3.902641534805298,1.4698892831802368,0.0,0.0,1.4698892831802368,1.7996668815612793,-0.3297775983810425,-0.008568700402975082,0.0,0.9676922559738159,0.31880635023117065,3.983633518218994,0.0
0,81,None,False,"6,120,82,94,18,100,110,108,125,12",0.6255217790603638,-1.3902612924575806,-0.5860816240310669,-0.8842144012451172,7.998197078704834,3.4451377391815186,0.9861404299736023,0.0,0.0,0.9861404299736023,1.4775872230529785,-0.4914467930793762,-0.051543425768613815,0.0,1.1393890380859375,0.2652776837348938,3.983633518218994,0.0
0,82,None,False,"6,120,82,94,18,100,110,108,125,12",0.706535816192627,-1.2298460006713867,-0.697603166103363,-0.8086632490158081,7.997981548309326,3.5274059772491455,0.41719019412994385,0.0,0.0,0.41719019412994385,-0.3073275089263916,0.7245177030563354,0.3291100561618805,0.0,0.846598744392395,0.31313228607177734,3.983633518218994,0.0
0,83,None,False,"6,120,82,94,18,100,110,108,125,12",0.7599726915359497,-1.2396563291549683,-0.8309910893440247,-0.7309980392456055,7.999033451080322,4.570695400238037,1.0147249698638916,0.0,0.0,1.0147249698638916,-0.9005963802337646,1.9153213500976562,0.685071587562561,0.0,0.7674333453178406,0.3007749915122986,3.983633518218994,0.0
0,84,None,False,"6,120,82,94,18,100,110,108,125,12",0.830794095993042,-1.4765290021896362,-0.7504337430000305,-1.1008086204528809,7.997974872589111,5.028318405151367,2.2064876556396484,0.0,0.0,2.2064876556396484,0.28203725814819336,1.924450397491455,0.6564852595329285,0.0,0.8834748268127441,0.30365970730781555,3.983633518218994,0.0
0,85,None,False,"6,120,82,94,18,100,110,108,125,12",0.9726835489273071,-1.3876760005950928,-0.6730173826217651,-1.0987169742584229,7.997672080993652,6.0420122146606445,2.487819194793701,0.0,0.0,2.487819194793701,-1.9159436225891113,4.4037628173828125,1.3154397010803223,0.0,0.8776599168777466,0.318112850189209,3.983633518218994,0.0
0,86,None,False,"6,120,82,94,18,100,110,108,125,12",0.8222306966781616,-1.6363890171051025,-0.7881300449371338,-1.1047354936599731,7.997406482696533,4.70696496963501,2.5064830780029297,0.0,0.0,2.5064830780029297,-2.7464747428894043,5.252957820892334,1.4964295625686646,0.0,0.8009681105613708,0.401077002286911,3.983633518218994,0.0
0,87,None,False,"6,120,82,94,18,100,110,108,125,12",0.8334680199623108,-1.4256973266601562,-0.6604215502738953,-0.9649791121482849,7.998954772949219,5.357635974884033,3.3691246509552,0.0,0.0,3.3691246509552,-3.166550397872925,6.535675048828125,1.9143141508102417,0.0,1.1063112020492554,0.48490822315216064,3.983633518218994,0.0
0,88,None,False,"6,120,82,94,18,100,110,108,125,12",0.7516182661056519,-1.4621353149414062,-1.1248266696929932,-0.9585222601890564,7.997586250305176,4.040158748626709,2.735197067260742,0.0,0.0,2.735197067260742,-3.5861194133758545,6.321316719055176,1.8676141500473022,0.0,1.0637805461883545,0.4455316662788391,3.983633518218994,0.0
0,89,None,False,"6,120,82,94,18,100,110,108,125,12",0.7125270366668701,-1.5273518562316895,-1.1287676095962524,-0.9906609654426575,7.997901439666748,3.9595565795898438,0.3192692995071411,0.0,0.0,0.3192692995071411,-4.552459716796875,4.871728897094727,1.6898581981658936,0.0,1.1899136304855347,0.4570700526237488,3.983633518218994,0.0
0,90,None,False,"6,120,82,94,18,100,110,108,125,12",0.7703202962875366,-1.6313369274139404,-1.2479629516601562,-1.2091692686080933,7.998562812805176,4.798317909240723,-1.2850219011306763,0.0,0.0,-1.2850219011306763,-5.298471450805664,4.013449668884277,1.4537839889526367,0.0,1.2151366472244263,0.3953987956047058,3.983633518218994,0.0
0,91,None,False,"6,120,82,94,18,100,110,108,125,12",0.5869671106338501,-1.556113362312317,-0.7363770604133606,-1.1421247720718384,7.997908592224121,5.0583415031433105,-0.8723795413970947,0.0,0.0,-0.8723795413970947,-5.487728118896484,4.615348815917969,1.444651484489441,0.0,1.2082176208496094,0.4653850197792053,3.983633518218994,0.0
0,92,None,False,"6,120,82,94,18,100,110,108,125,12",0.7055754065513611,-1.4799354076385498,-0.9259951114654541,-0.9160479307174683,7.9989728927612305,3.819380044937134,0.4062938392162323,0.0,0.0,0.4062938392162323,-5.145502090454102,5.551795959472656,1.5822505950927734,0.0,1.2247562408447266,0.5540156364440918,3.983633518218994,0.0
0,93,Schedule,True,"51,101,25,39,80,62,73,86,17,66",0.8540034890174866,-1.5792651176452637,-0.8833618760108948,-0.9332820177078247,7.99832820892334,5.874624252319336,-1.9483262300491333,0.4,1.0,-3.3483262062072754,-6.0349884033203125,2.686662197113037,0.7601765990257263,3.7255520820617676,1.0121643543243408,0.4900009334087372,3.983633518218994,0.0
0,94,None,False,"51,101,25,39,80,62,73,86,17,66",1.0163103342056274,-1.7595398426055908,-0.8405882120132446,-1.0320199728012085,7.9975810050964355,6.5287933349609375,-2.1812777519226074,0.0,0.0,-2.1812777519226074,-6.170284748077393,3.989006996154785,0.9508196115493774,0.0,1.288370966911316,0.5225424766540527,3.983633518218994,0.0
0,95,None,False,"51,101,25,39,80,62,73,86,17,66",0.7016390562057495,-1.6434203386306763,-0.7984751462936401,-1.0233640670776367,7.997995853424072,5.374835968017578,-1.9093375205993652,0.0,0.0,-1.9093375205993652,-6.847363471984863,4.938025951385498,1.310579538345337,0.0,1.1100153923034668,0.5721461772918701,3.983633518218994,0.0
0,96,None,False,"51,101,25,39,80,62,73,86,17,66",0.7182562351226807,-1.7008614540100098,-0.9364433884620667,-1.1483489274978638,7.998403549194336,3.8557868003845215,-1.2572389841079712,0.0,0.0,-1.2572389841079712,-4.838073253631592,3.58083438873291,0.9595494270324707,0.0,1.2951290607452393,0.6885665059089661,3.983633518218994,0.0
0,97,Struct Break (DC),True,"38,17,46,116,72,93,58,141,140,88",0.756373405456543,-1.3887814283370972,-0.827247142791748,-0.9340491890907288,7.998299598693848,4.570086479187012,-0.6444072723388672,0.35999999046325687,0.8999999761581421,-1.904407262802124,-6.09736442565918,4.192956924438477,1.2688318490982056,6.259191513061523,1.0883320569992065,0.6899821758270264,3.983633518218994,0.0
0,98,None,False,"38,17,46,116,72,93,58,141,140,88",0.6978310942649841,-1.6810745000839233,-0.7892447710037231,-0.8755391240119934,7.998444080352783,3.4323079586029053,-3.200535774230957,0.0,0.0,-3.200535774230957,-7.183283805847168,3.982748031616211,1.1428823471069336,0.0,1.0760178565979004,0.5449814200401306,3.983633518218994,0.0
0,99,None,False,"38,17,46,116,72,93,58,141,140,88",0.6905431747436523,-1.5118554830551147,-0.9351828098297119,-0.9225658774375916,7.998090744018555,3.384291648864746,-1.611253023147583,0.0,0.0,-1.611253023147583,-6.093436241149902,4.482183456420898,1.5479717254638672,0.0,0.8959298133850098,0.6080738306045532,3.983633518218994,0.0
0,100,None,False,"38,17,46,116,72,93,58,141,140,88",0.837207555770874,-1.564967155456543,-0.9196182489395142,-0.8602156639099121,7.998106479644775,3.8996803760528564,-1.3621938228607178,0.0,0.0,-1.3621938228607178,-5.323076248168945,3.9608824253082275,1.3973579406738281,0.0,0.9783213138580322,0.5684393644332886,3.983633518218994,0.0
0,101,None,False,"38,17,46,116,72,93,58,141,140,88",0.7069140672683716,-1.4030132293701172,-0.9263303875923157,-0.8804888129234314,7.998383045196533,5.702342510223389,-1.2352436780929565,0.0,0.0,-1.2352436780929565,-4.649991035461426,3.4147472381591797,1.0896046161651611,0.0,1.1342957019805908,0.612028956413269,3.983633518218994,0.0
0,102,None,False,"38,17,46,116,72,93,58,141,140,88",0.7776881456375122,-1.7215478420257568,-0.6439034938812256,-0.8924832344055176,7.997219562530518,5.593895435333252,0.6593221426010132,0.0,0.0,0.6593221426010132,-3.0233919620513916,3.6827139854431152,0.9713497161865234,0.0,0.9828987717628479,0.5799770355224609,3.983633518218994,0.0
0,103,None,False,"38,17,46,116,72,93,58,141,140,88",0.8304852247238159,-1.6010428667068481,-0.6896673440933228,-0.9846962094306946,7.9978179931640625,2.4630510807037354,1.3773804903030396,0.0,0.0,1.3773804903030396,-0.9865224361419678,2.363903045654297,0.7222732901573181,0.0,1.2326288223266602,0.546664834022522,3.983633518218994,0.0
0,104,None,False,"38,17,46,116,72,93,58,141,140,88",0.7368752956390381,-1.7251781225204468,-0.8318301439285278,-0.9955915808677673,7.998085021972656,4.611277103424072,1.6387337446212769,0.0,0.0,1.6387337446212769,-0.8758068084716797,2.514540672302246,0.7276797294616699,0.0,0.8317118287086487,0.5498331785202026,3.983633518218994,0.0
0,105,None,False,"38,17,46,116,72,93,58,141,140,88",0.805576503276825,-1.6789864301681519,-0.7454851269721985,-0.8840891122817993,7.998038291931152,4.772909164428711,1.2541168928146362,0.0,0.0,1.2541168928146362,-0.6153583526611328,1.869475245475769,0.7297441363334656,0.0,1.3991446495056152,0.5141760110855103,3.983633518218994,0.0
0,106,None,False,"38,17,46,116,72,93,58,141,140,88",0.6878955960273743,-1.4744495153427124,-0.7334734201431274,-1.0275356769561768,7.998493671417236,3.8004872798919678,-0.8414035439491272,0.0,0.0,-0.8414035439491272,-1.4049172401428223,0.5635136961936951,0.2738158404827118,0.0,1.1350287199020386,0.529695987701416,3.983633518218994,0.0
0,107,None,False,"38,17,46,116,72,93,58,141,140,88",0.8587045073509216,-1.5758033990859985,-0.8000325560569763,-1.0278537273406982,7.997162818908691,3.8208775520324707,-1.4419811964035034,0.0,0.0,-1.4419811964035034,-1.7601728439331055,0.31819164752960205,0.44936203956604004,0.0,1.0981261730194092,0.49566909670829773,3.983633518218994,0.0
0,108,None,False,"38,17,46,116,72,93,58,141,140,88",0.8485679626464844,-1.7193514108657837,-0.8948314189910889,-1.1084920167922974,7.997676849365234,3.3258607387542725,-1.77645742893219,0.0,0.0,-1.77645742893219,-0.953453779220581,-0.8230036497116089,-0.09096349030733109,0.0,1.214920997619629,0.5378038287162781,3.983633518218994,0.0
0,109,None,False,"38,17,46,116,72,93,58,141,140,88",0.7478241324424744,-1.6444966793060303,-1.0689475536346436,-1.10707688331604,7.997896671295166,6.18018913269043,-2.384244918823242,0.0,0.0,-2.384244918823242,0.7185459136962891,-3.1027908325195312,-0.9333722591400146,0.0,1.2389905452728271,0.4396302103996277,3.983633518218994,0.0
0,110,None,False,"38,17,46,116,72,93,58,141,140,88",0.7942037582397461,-1.442825198173523,-0.6324102878570557,-0.8179125785827637,7.997613430023193,6.149587154388428,-2.7710039615631104,0.0,0.0,-2.7710039615631104,-0.7402420043945312,-2.030761957168579,-0.4695504605770111,0.0,1.231497883796692,0.5185627341270447,3.983633518218994,0.0
0,111,Schedule,True,"98,112,107,17,43,99,28,14,87,91",0.7750197649002075,-1.7294727563858032,-0.9260732531547546,-1.0209085941314697,7.998502254486084,4.220144271850586,4.302258491516113,0.35999999046325687,0.8999999761581421,3.0422585010528564,1.962125301361084,1.0801331996917725,0.7314091920852661,3.5786421298980713,1.1471632719039917,0.4980548620223999,3.983633518218994,0.0
0,112,None,False,"98,112,107,17,43,99,28,14,87,91",0.7169206142425537,-1.7880308628082275,-1.112349510192871,-1.0045368671417236,7.997863292694092,4.678412437438965,4.77004861831665,0.0,0.0,4.77004861831665,3.281402587890625,1.4886460304260254,0.8516010642051697,0.0,1.1304302215576172,0.49683961272239685,3.983633518218994,0.0
0,113,None,False,"98,112,107,17,43,99,28,14,87,91",0.6727637052536011,-1.438676357269287,-1.0508207082748413,-1.0086100101470947,7.99822473526001,3.669039487838745,3.770510196685791,0.0,0.0,3.770510196685791,2.7687549591064453,1.0017552375793457,0.46687421202659607,0.0,0.809884786605835,0.4444546103477478,3.983633518218994,0.0
0,114,None,False,"98,112,107,17,43,99,28,14,87,91",0.7158515453338623,-1.6718502044677734,-0.9813896417617798,-0.8021066784858704,7.998449325561523,3.474273920059204,4.566990375518799,0.0,0.0,4.566990375518799,2.1681904792785645,2.3987998962402344,0.8341701030731201,0.0,0.8615884184837341,0.4510674476623535,3.983633518218994,0.0
0,115,None,False,"98,112,107,17,43,99,28,14,87,91",0.7642315626144409,-1.3547823429107666,-0.5237195491790771,-0.9655892848968506,7.998306751251221,4.559725761413574,3.6875319480895996,0.0,0.0,3.6875319480895996,0.3415346145629883,3.3459973335266113,0.874071478843689,0.0,0.9221874475479126,0.4779174029827118,3.983633518218994,0.0
0,116,Struct Break (DC),True,"2,94,96,142,60,106,22,44,129,95",0.6781342625617981,-1.2811009883880615,-0.9449727535247803,-0.7750095129013062,7.997554779052734,6.161108493804932,0.037688612937927246,0.4,1.0,-1.3623113632202148,0.3527998924255371,-1.715111255645752,-0.31702718138694763,-1.6197173595428467,0.7482561469078064,0.44031259417533875,3.983633518218994,0.0
0,117,None,False,"2,94,96,142,60,106,22,44,129,95",0.6825549602508545,-1.3840280771255493,-0.7253197431564331,-0.7943065762519836,7.998571395874023,4.423002243041992,-1.9745301008224487,0.0,0.0,-1.9745301008224487,-2.0360231399536133,0.06149303913116455,0.18398888409137726,0.0,0.917769193649292,0.5040345191955566,3.983633518218994,0.0
0,118,None,False,"2,94,96,142,60,106,22,44,129,95",0.7389776706695557,-1.5763287544250488,-0.9960364699363708,-0.9811047315597534,7.999028205871582,4.759057521820068,-1.8936550617218018,0.0,0.0,-1.8936550617218018,-1.4308929443359375,-0.46276211738586426,-0.00991909485310316,0.0,1.0203192234039307,0.48086196184158325,3.983633518218994,0.0
0,119,None,False,"2,94,96,142,60,106,22,44,129,95",0.7120257019996643,-1.501761794090271,-0.7936468720436096,-1.0374633073806763,7.998154640197754,5.153415203094482,-2.4887382984161377,0.0,0.0,-2.4887382984161377,-1.5928924083709717,-0.895845890045166,-0.31941160559654236,0.0,0.9747564196586609,0.4443635940551758,3.983633518218994,0.0
0,120,None,False,"2,94,96,142,60,106,22,44,129,95",0.7518841028213501,-1.680867314338684,-0.8876469731330872,-1.010217308998108,7.998387336730957,2.887955665588379,-0.302312970161438,0.0,0.0,-0.302312970161438,-0.369030237197876,0.06671726703643799,0.04851319640874863,0.0,1.0438098907470703,0.4974682927131653,3.983633518218994,0.0
0,121,Struct Break (DC),True,"89,5,58,3,68,93,101,139,128,6",0.795753002166748,-1.6438393592834473,-0.9244084358215332,-0.9032312631607056,7.9981770515441895,4.0092573165893555,-1.1686122417449951,0.4,1.0,-2.5686120986938477,-0.6911635398864746,-1.877448558807373,-0.6752986311912537,-3.398894786834717,1.190384864807129,0.4209173321723938,3.983633518218994,0.0
0,122,None,False,"89,5,58,3,68,93,101,139,128,6",0.8128869533538818,-1.6282137632369995,-0.845672607421875,-0.9498867988586426,7.997472286224365,5.521261692047119,-3.4597434997558594,0.0,0.0,-3.4597434997558594,-2.32083797454834,-1.1389055252075195,-0.34945914149284363,0.0,1.5603519678115845,0.38541144132614136,3.983633518218994,0.0
0,123,None,False,"89,5,58,3,68,93,101,139,128,6",0.8298728466033936,-1.6109795570373535,-0.8508928418159485,-1.0619480609893799,7.997922420501709,5.735022068023682,-5.13582706451416,0.0,0.0,-5.13582706451416,-4.3387770652771,-0.7970499992370605,-0.37149855494499207,0.0,1.1907707452774048,0.4343804717063904,3.983633518218994,0.0
0,124,None,False,"89,5,58,3,68,93,101,139,128,6",0.7604456543922424,-1.4815336465835571,-0.8732967972755432,-0.9580089449882507,7.998239517211914,4.262322425842285,-7.872439384460449,0.0,0.0,-7.872439384460449,-7.638192176818848,-0.23424720764160156,-0.21500380337238312,0.0,1.246302604675293,0.3977785110473633,3.983633518218994,0.0
0,125,Struct Break (DC),True,"119,112,130,51,56,117,80,64,125,21",0.774717390537262,-1.4737483263015747,-0.7764700651168823,-1.0028315782546997,7.997622013092041,4.197803020477295,-5.946066856384277,0.4,1.0,-7.346066951751709,-7.0311784744262695,-0.31488847732543945,-0.45049726963043213,-2.2834339141845703,1.274603009223938,0.3609991669654846,3.983633518218994,0.0
0,126,None,False,"119,112,130,51,56,117,80,64,125,21",0.6978287696838379,-1.4313637018203735,-0.7667652368545532,-0.8782529830932617,7.998026371002197,3.5939736366271973,-7.050028324127197,0.0,0.0,-7.050028324127197,-8.630603790283203,1.5805754661560059,0.030123846605420113,0.0,0.9834955930709839,0.35051560401916504,3.983633518218994,0.0
0,127,None,False,"119,112,130,51,56,117,80,64,125,21",0.8228825926780701,-1.4233487844467163,-0.6936313509941101,-0.8594545125961304,7.997711658477783,3.960291624069214,-7.797478199005127,0.0,0.0,-7.797478199005127,-9.869962692260742,2.0724844932556152,0.10070303082466125,0.0,1.159287929534912,0.3792611360549927,3.983633518218994,0.0
0,0,Schedule | Regime Shift (Initial),True,"107,33,39,24,111,105,22,45,25,41",0.7846689224243164,-1.3487122058868408,-0.6568325757980347,-0.8429720401763916,7.997422695159912,6.775533199310303,-2.518754720687866,0.0,0.0,-2.518754720687866,-3.5861194133758545,1.0673646926879883,0.49416184425354004,2.401862859725952,1.2677178382873535,0.5053927898406982,2.7727150917053223,0.0
0,1,None,False,"107,33,39,24,111,105,22,45,25,41",0.8058470487594604,-1.1080775260925293,-0.6362629532814026,-1.064176082611084,7.996598243713379,6.340944290161133,-2.681225061416626,0.0,0.0,-2.681225061416626,-4.552459716796875,1.871234655380249,0.7216129899024963,0.0,1.1085238456726074,0.5368736982345581,2.7727150917053223,0.0
0,2,None,False,"107,33,39,24,111,105,22,45,25,41",0.9792407751083374,-1.3271468877792358,-0.44436901807785034,-1.0533169507980347,7.996968746185303,7.325126647949219,-3.560009479522705,0.0,0.0,-3.560009479522705,-5.298471450805664,1.738461971282959,0.5978590250015259,0.0,0.8835912346839905,0.4479176700115204,2.7727150917053223,0.0
0,3,None,False,"107,33,39,24,111,105,22,45,25,41",0.888852596282959,-1.4736882448196411,-0.6907220482826233,-1.1848766803741455,7.9977312088012695,7.230504512786865,-3.6549389362335205,0.0,0.0,-3.6549389362335205,-5.487728118896484,1.8327891826629639,0.5088422298431396,0.0,0.7393443584442139,0.5115026235580444,2.7727150917053223,0.0
0,4,None,False,"107,33,39,24,111,105,22,45,25,41",0.8906003832817078,-1.2250514030456543,-0.6054534316062927,-0.9783053398132324,7.997788906097412,6.737452030181885,-3.357952833175659,0.0,0.0,-3.357952833175659,-5.145502090454102,1.7875492572784424,0.6083235144615173,0.0,0.9781510829925537,0.5380939245223999,2.7727150917053223,0.0
0,5,None,False,"107,33,39,24,111,105,22,45,25,41",0.7670690417289734,-1.1269700527191162,-0.6004638075828552,-1.0664337873458862,7.997859477996826,3.445377826690674,-3.6165547370910645,0.0,0.0,-3.6165547370910645,-6.0349884033203125,2.418433666229248,0.8712130188941956,0.0,1.0229573249816895,0.5569652318954468,2.7727150917053223,0.0
0,6,None,False,"107,33,39,24,111,105,22,45,25,41",0.8123949766159058,-1.1707172393798828,-0.7452898621559143,-1.0381537675857544,7.998348236083984,2.715324640274048,-3.8584251403808594,0.0,0.0,-3.8584251403808594,-6.170284748077393,2.311859607696533,0.7687243819236755,0.0,0.7106603384017944,0.5377731323242188,2.7727150917053223,0.0
0,7,None,False,"107,33,39,24,111,105,22,45,25,41",0.8622189164161682,-1.215226173400879,-0.8091283440589905,-0.8596241474151611,7.997898578643799,4.25703239440918,-4.350734710693359,0.0,0.0,-4.350734710693359,-6.847363471984863,2.496628761291504,0.7246697545051575,0.0,1.1448744535446167,0.4844416677951813,2.7727150917053223,0.0
0,8,None,False,"107,33,39,24,111,105,22,45,25,41",0.7851746082305908,-1.1842021942138672,-0.8529619574546814,-0.9694746136665344,7.9985175132751465,4.34473991394043,-3.707385778427124,0.0,0.0,-3.707385778427124,-4.838073253631592,1.1306874752044678,0.2001226544380188,0.0,0.8980090618133545,0.5009039640426636,2.7727150917053223,0.0
0,9,Struct Break (DC),True,"42,35,25,93,44,115,39,28,10,59",0.8046541213989258,-1.1490445137023926,-0.7458688616752625,-0.9973085522651672,7.998006820678711,3.6045165061950684,-2.8243513107299805,0.3200000047683716,0.800000011920929,-3.9443511962890625,-6.09736442565918,2.153013229370117,0.47975432872772217,2.3318846225738525,0.7350356578826904,0.5194272398948669,2.7727150917053223,0.0
0,10,None,False,"42,35,25,93,44,115,39,28,10,59",0.9002277255058289,-1.0379724502563477,-0.6983228921890259,-0.9717133045196533,7.996695518493652,5.794443607330322,-4.16336727142334,0.0,0.0,-4.16336727142334,-7.183283805847168,3.019916534423828,0.6794356107711792,0.0,0.8816169500350952,0.46300482749938965,2.7727150917053223,0.0
0,11,None,False,"42,35,25,93,44,115,39,28,10,59",0.9243861436843872,-1.279512882232666,-0.6862027645111084,-1.0493463277816772,7.996902942657471,6.115592956542969,-3.432497501373291,0.0,0.0,-3.432497501373291,-6.093436241149902,2.6609387397766113,0.5750703811645508,0.0,1.0193781852722168,0.5019729733467102,2.7727150917053223,0.0
0,12,None,False,"42,35,25,93,44,115,39,28,10,59",0.7413004636764526,-1.2306413650512695,-0.7676899433135986,-0.9683098196983337,7.997180461883545,4.548346042633057,-3.510711669921875,0.0,0.0,-3.510711669921875,-5.323076248168945,1.8123645782470703,0.3274104595184326,0.0,1.106713056564331,0.5263099074363708,2.7727150917053223,0.0
0,13,None,False,"42,35,25,93,44,115,39,28,10,59",0.784716010093689,-1.179119348526001,-0.7251386642456055,-1.0498286485671997,7.997204780578613,3.8489954471588135,-3.286670446395874,0.0,0.0,-3.286670446395874,-4.649991035461426,1.3633205890655518,0.216599702835083,0.0,1.0110009908676147,0.5449072122573853,2.7727150917053223,0.0
0,14,None,False,"42,35,25,93,44,115,39,28,10,59",0.7127865552902222,-1.4344456195831299,-0.8951404094696045,-1.234548807144165,7.997559547424316,5.723174571990967,-1.783220887184143,0.0,0.0,-1.783220887184143,-3.0233919620513916,1.2401710748672485,0.412253737449646,0.0,0.9323546290397644,0.6433227062225342,2.7727150917053223,0.0
0,15,None,False,"42,35,25,93,44,115,39,28,10,59",0.8852899074554443,-1.6665270328521729,-0.8722625374794006,-1.0086601972579956,7.998234272003174,5.6845622062683105,0.6866037845611572,0.0,0.0,0.6866037845611572,-0.9865224361419678,1.673126220703125,0.5471397638320923,0.0,1.2013779878616333,0.5638667941093445,2.7727150917053223,0.0
0,16,None,False,"42,35,25,93,44,115,39,28,10,59",0.7642308473587036,-1.6407711505889893,-1.1802754402160645,-1.0226376056671143,7.997868537902832,4.930034160614014,2.4035215377807617,0.0,0.0,2.4035215377807617,-0.8758068084716797,3.2793283462524414,1.0802448987960815,0.0,0.8771264553070068,0.46500879526138306,2.7727150917053223,0.0
0,17,None,False,"42,35,25,93,44,115,39,28,10,59",0.8081582188606262,-1.6244933605194092,-0.8522664904594421,-1.0201605558395386,7.998263835906982,3.194992780685425,1.2563669681549072,0.0,0.0,1.2563669681549072,-0.6153583526611328,1.87172532081604,0.5859791040420532,0.0,1.052079439163208,0.5686666369438171,2.7727150917053223,0.0
0,18,None,False,"42,35,25,93,44,115,39,28,10,59",0.776586651802063,-1.3464046716690063,-0.8886048793792725,-1.0592255592346191,7.998748779296875,4.270658493041992,1.209961175918579,0.0,0.0,1.209961175918579,-1.4049172401428223,2.6148784160614014,0.6478947997093201,0.0,0.9958269596099854,0.5729040503501892,2.7727150917053223,0.0
0,19,None,False,"42,35,25,93,44,115,39,28,10,59",0.7432973384857178,-1.6105000972747803,-1.0175812244415283,-0.8577431440353394,7.99823522567749,3.4258246421813965,-0.40497422218322754,0.0,0.0,-0.40497422218322754,-1.7601728439331055,1.355198621749878,0.2539321482181549,0.0,0.8964495658874512,0.6392166018486023,2.7727150917053223,0.0
0,20,None,False,"42,35,25,93,44,115,39,28,10,59",0.6853621602058411,-1.6250120401382446,-0.8195408582687378,-0.9899942874908447,7.997821807861328,3.483708381652832,1.4791357517242432,0.0,0.0,1.4791357517242432,-0.953453779220581,2.432589530944824,0.6426089406013489,0.0,0.9895514249801636,0.6145651936531067,2.7727150917053223,0.0
0,21,None,False,"42,35,25,93,44,115,39,28,10,59",0.7899028062820435,-1.7773761749267578,-1.0274263620376587,-0.9898207187652588,7.998159408569336,3.058342695236206,1.4916300773620605,0.0,0.0,1.4916300773620605,0.7185459136962891,0.7730841636657715,0.26424723863601685,0.0,0.8825159668922424,0.5065081119537354,2.7727150917053223,0.0
0,22,None,False,"42,35,25,93,44,115,39,28,10,59",0.7590038776397705,-1.2148308753967285,-0.8031790852546692,-0.8878426551818848,7.997323989868164,5.2698822021484375,0.9671539068222046,0.0,0.0,0.9671539068222046,-0.7402420043945312,1.7073959112167358,0.41987332701683044,0.0,0.6989783048629761,0.5087844729423523,2.7727150917053223,0.0
0,23,Schedule,True,"25,37,47,123,82,13,97,90,87,116",0.7027674913406372,-1.791208267211914,-1.004508137702942,-1.1685230731964111,7.997794151306152,5.040440559387207,3.7885985374450684,0.35999999046325687,0.8999999761581421,2.5285985469818115,1.962125301361084,0.5664732456207275,0.09292884171009064,0.4114486575126648,0.9287815690040588,0.30435794591903687,2.7727150917053223,0.0
0,24,None,False,"25,37,47,123,82,13,97,90,87,116",0.8226392865180969,-1.688597321510315,-1.2422109842300415,-1.171252727508545,7.9978508949279785,3.877708911895752,4.2653985023498535,0.0,0.0,4.2653985023498535,3.281402587890625,0.9839959144592285,0.17905046045780182,0.0,1.1575160026550293,0.35807448625564575,2.7727150917053223,0.0
0,25,None,False,"25,37,47,123,82,13,97,90,87,116",0.7270318269729614,-1.4122623205184937,-1.0155965089797974,-1.0614025592803955,7.998179912567139,3.657912254333496,3.189687728881836,0.0,0.0,3.189687728881836,2.7687549591064453,0.4209327697753906,-0.025969553738832474,0.0,1.0563424825668335,0.37553560733795166,2.7727150917053223,0.0
0,26,None,False,"25,37,47,123,82,13,97,90,87,116",0.7246121168136597,-1.3977009057998657,-1.054135799407959,-1.0927833318710327,7.997803211212158,3.9222898483276367,4.0013837814331055,0.0,0.0,4.0013837814331055,2.1681904792785645,1.833193302154541,0.4606046676635742,0.0,0.7141460180282593,0.45735275745391846,2.7727150917053223,0.0
0,27,None,False,"25,37,47,123,82,13,97,90,87,116",0.7316312789916992,-1.3093607425689697,-0.7780338525772095,-1.0490351915359497,7.997848987579346,4.532994747161865,3.3712995052337646,0.0,0.0,3.3712995052337646,0.3415346145629883,3.0297648906707764,0.7430089712142944,0.0,1.0484910011291504,0.47350773215293884,2.7727150917053223,0.0
0,28,Struct Break (DC),True,"35,61,101,1,4,8,31,104,45,73",0.7808074355125427,-1.542457103729248,-0.7747117280960083,-0.8289380669593811,7.996715545654297,5.088510036468506,-4.405918121337891,0.4,1.0,-5.805918216705322,0.3527998924255371,-6.158718109130859,-1.4163514375686646,-7.07730770111084,1.2039287090301514,0.4685449004173279,2.7727150917053223,0.0
0,29,None,False,"35,61,101,1,4,8,31,104,45,73",0.7452338933944702,-1.5220308303833008,-0.7715287208557129,-0.9741911292076111,7.997785568237305,5.563241004943848,-7.652288436889648,0.0,0.0,-7.652288436889648,-2.0360231399536133,-5.616265296936035,-1.2889174222946167,0.0,1.2313412427902222,0.5677872896194458,2.7727150917053223,0.0
0,30,None,False,"35,61,101,1,4,8,31,104,45,73",0.7390413284301758,-1.5474650859832764,-0.9433406591415405,-0.8743458986282349,7.998378753662109,6.646816730499268,-6.395696640014648,0.0,0.0,-6.395696640014648,-1.4308929443359375,-4.964803695678711,-1.1593290567398071,0.0,0.7971482276916504,0.3979945778846741,2.7727150917053223,0.0
0,31,None,False,"35,61,101,1,4,8,31,104,45,73",0.8923194408416748,-1.6531274318695068,-0.7646557688713074,-1.0298954248428345,7.997683525085449,6.172528266906738,-5.072257995605469,0.0,0.0,-5.072257995605469,-1.5928924083709717,-3.479365587234497,-1.0434956550598145,0.0,0.8149259090423584,0.47144949436187744,2.7727150917053223,0.0
0,32,None,False,"35,61,101,1,4,8,31,104,45,73",0.7368510961532593,-1.7171992063522339,-0.9084929823875427,-1.0472642183303833,7.9982476234436035,5.074405193328857,-4.930742263793945,0.0,0.0,-4.930742263793945,-0.369030237197876,-4.561712265014648,-1.202358365058899,0.0,0.8900624513626099,0.42664867639541626,2.7727150917053223,0.0
0,33,Struct Break (DC),True,"135,18,108,82,20,80,133,48,112,24",0.860447883605957,-1.665527582168579,-0.8024619817733765,-0.9874063730239868,7.9965643882751465,4.620508670806885,-2.170320749282837,0.4,1.0,-3.5703206062316895,-0.6911635398864746,-2.879157066345215,-0.8034165501594543,-4.024980545043945,0.8971765637397766,0.5020312070846558,2.7727150917053223,0.0
0,34,None,False,"135,18,108,82,20,80,133,48,112,24",0.8042760491371155,-1.5513468980789185,-0.8287535905838013,-0.8596641421318054,7.997120380401611,6.096797943115234,-2.6595230102539062,0.0,0.0,-2.6595230102539062,-2.32083797454834,-0.3386850357055664,-0.20658938586711884,0.0,1.1780880689620972,0.5186460018157959,2.7727150917053223,0.0
0,35,None,False,"135,18,108,82,20,80,133,48,112,24",0.7029982209205627,-1.7394707202911377,-0.8609306812286377,-1.002765417098999,7.995815277099609,5.8179168701171875,-2.3678457736968994,0.0,0.0,-2.3678457736968994,-4.3387770652771,1.9709312915802002,0.31668734550476074,0.0,1.147931694984436,0.6271713972091675,2.7727150917053223,0.0
0,36,None,False,"135,18,108,82,20,80,133,48,112,24",0.7548343539237976,-1.4627307653427124,-0.7972711324691772,-0.8519934415817261,7.997811317443848,6.56234073638916,-3.8409781455993652,0.0,0.0,-3.8409781455993652,-7.638192176818848,3.7972140312194824,1.2031571865081787,0.0,1.316368818283081,0.6177828907966614,2.7727150917053223,0.0
0,37,Struct Break (DC),True,"34,136,137,3,58,37,124,79,88,65",0.8692119717597961,-1.4437071084976196,-0.9567803740501404,-0.7977766990661621,7.997557640075684,6.678743839263916,-6.174808502197266,0.4,1.0,-7.574808597564697,-7.0311784744262695,-0.5436301231384277,-0.13723380863666534,-0.7298622727394104,1.5073919296264648,0.7028034925460815,2.7727150917053223,0.0
0,38,None,False,"34,136,137,3,58,37,124,79,88,65",0.8120561242103577,-1.5811116695404053,-0.635641872882843,-0.8971643447875977,7.997898578643799,6.706420421600342,-9.106437683105469,0.0,0.0,-9.106437683105469,-8.630603790283203,-0.4758338928222656,-0.08631367236375809,0.0,1.5614416599273682,0.7489404082298279,2.7727150917053223,0.0
0,39,None,False,"34,136,137,3,58,37,124,79,88,65",0.744221568107605,-1.4225046634674072,-0.7297782897949219,-0.9363178610801697,7.997666358947754,4.96372652053833,-9.46828842163086,0.0,0.0,-9.46828842163086,-9.869962692260742,0.4016742706298828,0.20480941236019135,0.0,1.5385088920593262,0.6969541907310486,2.7727150917053223,0.0
0,40,None,False,"34,136,137,3,58,37,124,79,88,65",0.7497537136077881,-1.5313080549240112,-0.9740461111068726,-0.940284252166748,7.998321056365967,5.572025299072266,-8.190382957458496,0.0,0.0,-8.190382957458496,-9.082365036010742,0.8919820785522461,0.5585602521896362,0.0,1.326829433441162,0.6846367120742798,2.7727150917053223,0.0
0,41,None,False,"34,136,137,3,58,37,124,79,88,65",0.8000012636184692,-1.5780030488967896,-0.9888752698898315,-0.9081891179084778,7.998012065887451,4.392364501953125,-4.601330757141113,0.0,0.0,-4.601330757141113,-4.84086275100708,0.2395319938659668,0.3694895803928375,0.0,1.3386948108673096,0.6217972636222839,2.7727150917053223,0.0
0,42,None,False,"34,136,137,3,58,37,124,79,88,65",0.8557900786399841,-1.464495062828064,-0.6595810651779175,-0.8443080186843872,7.9973368644714355,3.646801233291626,-3.2122128009796143,0.0,0.0,-3.2122128009796143,-6.4117431640625,3.1995303630828857,1.1634002923965454,0.0,1.2916231155395508,0.6041175127029419,2.7727150917053223,0.0
0,43,Struct Break (DC),True,"138,32,15,119,42,127,38,122,21,47",0.8152942061424255,-1.5567259788513184,-0.9061599969863892,-0.9618653655052185,7.99790620803833,5.025355339050293,-3.370039939880371,0.4,1.0,-4.770040035247803,-4.00981330871582,-0.7602267265319824,-0.2201825976371765,-1.1423414945602417,1.1797033548355103,0.6455066800117493,2.7727150917053223,0.0
0,44,None,False,"138,32,15,119,42,127,38,122,21,47",0.7851892709732056,-1.4995933771133423,-0.9050478935241699,-0.938563346862793,7.997998237609863,4.39206600189209,-1.863526701927185,0.0,0.0,-1.863526701927185,-3.674650192260742,1.8111234903335571,0.5580801963806152,0.0,1.3987548351287842,0.6246563196182251,2.7727150917053223,0.0
0,45,None,False,"138,32,15,119,42,127,38,122,21,47",0.8317854404449463,-1.537476658821106,-0.9107894897460938,-0.9082765579223633,7.99752140045166,5.2056779861450195,-1.2816214561462402,0.0,0.0,-1.2816214561462402,-2.2621572017669678,0.9805357456207275,0.3055263161659241,0.0,1.2291619777679443,0.6205428838729858,2.7727150917053223,0.0
0,46,None,False,"138,32,15,119,42,127,38,122,21,47",0.8423171043395996,-1.384110689163208,-0.8017088174819946,-0.9202761054039001,7.997803211212158,4.29928731918335,-4.435242176055908,0.0,0.0,-4.435242176055908,-4.200178146362305,-0.23506402969360352,-0.17351996898651123,0.0,1.6420215368270874,0.6637572646141052,2.7727150917053223,0.0
0,47,None,False,"138,32,15,119,42,127,38,122,21,47",0.745660662651062,-1.4076119661331177,-1.0673633813858032,-1.026767611503601,7.997583866119385,5.928399562835693,-4.1364030838012695,0.0,0.0,-4.1364030838012695,-4.268604278564453,0.1322011947631836,-0.2114976942539215,0.0,1.2376738786697388,0.626447319984436,2.7727150917053223,0.0
0,48,None,False,"138,32,15,119,42,127,38,122,21,47",0.7985279560089111,-1.452980875968933,-1.1166200637817383,-0.8714826107025146,7.997561931610107,5.975433826446533,-1.591981053352356,0.0,0.0,-1.591981053352356,-2.5242745876312256,0.9322935342788696,0.24599474668502808,0.0,1.400212049484253,0.595191240310669,2.7727150917053223,0.0
0,49,None,False,"138,32,15,119,42,127,38,122,21,47",0.8470683097839355,-1.5937840938568115,-0.890703558921814,-1.035416603088379,7.997008800506592,6.289948463439941,1.3492101430892944,0.0,0.0,1.3492101430892944,-0.16387104988098145,1.5130811929702759,0.349982887506485,0.0,1.4792625904083252,0.537176251411438,2.7727150917053223,0.0
0,50,None,False,"138,32,15,119,42,127,38,122,21,47",0.8373490571975708,-1.7275855541229248,-0.9489129781723022,-0.9656508564949036,7.997851848602295,5.529442310333252,5.4614057540893555,0.0,0.0,5.4614057540893555,3.491854667663574,1.9695510864257812,0.8820703625679016,0.0,1.274620771408081,0.5678337216377258,2.7727150917053223,0.0
0,51,None,False,"138,32,15,119,42,127,38,122,21,47",0.7742525339126587,-1.1699638366699219,-0.6285380125045776,-0.8596060276031494,7.997737407684326,5.378926753997803,2.8906893730163574,0.0,0.0,2.8906893730163574,1.4969110488891602,1.3937783241271973,0.748131275177002,0.0,1.011651873588562,0.5999658107757568,2.7727150917053223,0.0
0,52,None,False,"138,32,15,119,42,127,38,122,21,47",0.9099926948547363,-1.7897446155548096,-0.9097081422805786,-1.194530963897705,7.997169017791748,5.088394641876221,3.9312362670898438,0.0,0.0,3.9312362670898438,3.5150527954101562,0.4161834716796875,0.3089755177497864,0.0,1.201987385749817,0.5769324898719788,2.7727150917053223,0.0
0,53,None,False,"138,32,15,119,42,127,38,122,21,47",0.9412447214126587,-1.6306415796279907,-0.9206101298332214,-0.9633098840713501,7.996759414672852,4.021190166473389,5.610599994659424,0.0,0.0,5.610599994659424,4.822981357574463,0.7876186370849609,0.40535348653793335,0.0,1.1631673574447632,0.49219292402267456,2.7727150917053223,0.0
0,54,None,False,"138,32,15,119,42,127,38,122,21,47",0.8233342170715332,-1.760561466217041,-0.8624097108840942,-0.8565928936004639,7.997820854187012,4.534049034118652,4.336177349090576,0.0,0.0,4.336177349090576,5.792391300201416,-1.4562139511108398,-0.3617524802684784,0.0,1.0438470840454102,0.5198172330856323,2.7727150917053223,0.0
0,55,Struct Break (DC),True,"102,22,128,48,4,60,103,29,96,86",0.8411859273910522,-1.0185343027114868,-0.565669059753418,-0.6998900175094604,7.997419357299805,3.920161724090576,-1.155276894569397,0.4,1.0,-2.555276870727539,2.153611183166504,-4.708888053894043,-1.3329567909240723,-6.663120269775391,0.9195223450660706,0.492889404296875,2.7727150917053223,0.0
0,56,None,False,"102,22,128,48,4,60,103,29,96,86",0.8874861001968384,-1.574927568435669,-0.9133541584014893,-0.8808123469352722,7.996983051300049,4.632914066314697,0.8173977732658386,0.0,0.0,0.8173977732658386,4.273533821105957,-3.4561359882354736,-1.119368553161621,0.0,0.7714024186134338,0.45580995082855225,2.7727150917053223,0.0
0,57,None,False,"102,22,128,48,4,60,103,29,96,86",0.9712073802947998,-1.515095591545105,-0.8390522003173828,-0.9024507999420166,7.997141361236572,4.584291458129883,-0.34869611263275146,0.0,0.0,-0.34869611263275146,3.4255385398864746,-3.7742347717285156,-1.1541800498962402,0.0,0.7975209951400757,0.47929394245147705,2.7727150917053223,0.0
0,58,None,False,"102,22,128,48,4,60,103,29,96,86",0.8050758242607117,-1.6312072277069092,-1.0619099140167236,-0.9010939598083496,7.998507499694824,4.427065372467041,1.1267644166946411,0.0,0.0,1.1267644166946411,5.2959442138671875,-4.169179916381836,-1.2913271188735962,0.0,0.8922170400619507,0.4019295871257782,2.7727150917053223,0.0
0,59,None,False,"102,22,128,48,4,60,103,29,96,86",0.7317184209823608,-1.2188819646835327,-0.7915216684341431,-0.87024986743927,7.998147487640381,4.008142948150635,-0.8162140846252441,0.0,0.0,-0.8162140846252441,3.222382068634033,-4.038596153259277,-1.3452273607254028,0.0,0.8822274208068848,0.38576310873031616,2.7727150917053223,0.0
0,60,None,False,"102,22,128,48,4,60,103,29,96,86",1.069402813911438,-1.8675357103347778,-0.8327471613883972,-1.0095226764678955,7.996858596801758,4.542941093444824,1.6458868980407715,0.0,0.0,1.6458868980407715,4.726576805114746,-3.0806899070739746,-1.1594462394714355,0.0,0.8783799409866333,0.4806084632873535,2.7727150917053223,0.0
0,61,None,False,"102,22,128,48,4,60,103,29,96,86",0.9604480862617493,-1.8394403457641602,-0.8413275480270386,-1.0005067586898804,7.996858596801758,3.6180219650268555,2.270141839981079,0.0,0.0,2.270141839981079,4.2725443840026855,-2.0024025440216064,-0.8763024210929871,0.0,1.1020760536193848,0.45668476819992065,2.7727150917053223,0.0
0,62,None,False,"102,22,128,48,4,60,103,29,96,86",0.86795973777771,-1.539830207824707,-0.7122920751571655,-0.9174748659133911,7.9970221519470215,6.7233662605285645,3.2330214977264404,0.0,0.0,3.2330214977264404,4.172003269195557,-0.9389817714691162,-0.3842237591743469,0.0,0.9271930456161499,0.3661685287952423,2.7727150917053223,0.0
0,63,None,False,"102,22,128,48,4,60,103,29,96,86",0.8586411476135254,-1.3415826559066772,-0.7891234159469604,-0.8770698308944702,7.997747421264648,6.725819110870361,2.8491525650024414,0.0,0.0,2.8491525650024414,5.170154571533203,-2.3210020065307617,-0.8707148432731628,0.0,0.8871808648109436,0.45339611172676086,2.7727150917053223,0.0
0,64,None,False,"102,22,128,48,4,60,103,29,96,86",0.8710877299308777,-1.6185492277145386,-0.8664668798446655,-1.07210111618042,7.997237682342529,5.02113151550293,-0.03178060054779053,0.0,0.0,-0.03178060054779053,4.706740379333496,-4.738521099090576,-1.3425472974777222,0.0,0.9294791221618652,0.44617322087287903,2.7727150917053223,0.0
0,65,None,False,"102,22,128,48,4,60,103,29,96,86",0.9788023233413696,-1.64350426197052,-0.8230533599853516,-1.1248022317886353,7.997046947479248,4.406589984893799,0.9286945462226868,0.0,0.0,0.9286945462226868,5.4911017417907715,-4.56240701675415,-1.2194126844406128,0.0,1.014053225517273,0.41840487718582153,2.7727150917053223,0.0
0,66,None,False,"102,22,128,48,4,60,103,29,96,86",0.829116702079773,-1.3136513233184814,-0.8812154531478882,-0.8620792031288147,7.998343467712402,4.237266540527344,2.006196975708008,0.0,0.0,2.006196975708008,5.136406421661377,-3.130209445953369,-0.8088629245758057,0.0,1.1636223793029785,0.4127348065376282,2.7727150917053223,0.0
0,67,None,False,"102,22,128,48,4,60,103,29,96,86",1.0149292945861816,-1.5265429019927979,-0.6941954493522644,-0.9547273516654968,7.996026515960693,4.677488327026367,3.2030324935913086,0.0,0.0,3.2030324935913086,5.056238174438477,-1.853205680847168,-0.32386884093284607,0.0,0.8357813358306885,0.4500838816165924,2.7727150917053223,0.0
0,68,None,False,"102,22,128,48,4,60,103,29,96,86",0.8573462963104248,-1.3098528385162354,-0.7750455141067505,-0.7435537576675415,7.997882843017578,3.9651029109954834,0.8342087268829346,0.0,0.0,0.8342087268829346,3.4788131713867188,-2.644604444503784,-0.7917115092277527,0.0,0.9850682020187378,0.40948599576950073,2.7727150917053223,0.0
0,69,Schedule,True,"108,10,104,35,83,60,97,94,114,51",0.849806547164917,-1.54340398311615,-0.85235196352005,-0.9028604030609131,7.9976725578308105,2.6708664894104004,3.903836727142334,0.35999999046325687,0.8999999761581421,2.643836736679077,3.949248790740967,-1.3054120540618896,-0.423378050327301,-2.1515653133392334,1.1628217697143555,0.3899807333946228,2.7727150917053223,0.0
0,70,None,False,"108,10,104,35,83,60,97,94,114,51",0.8873158693313599,-1.418453574180603,-0.7681443691253662,-0.8898776173591614,7.997957706451416,2.6956546306610107,1.785740852355957,0.0,0.0,1.785740852355957,2.951633930206299,-1.1658930778503418,-0.3951735198497772,0.0,1.062907099723816,0.3909367620944977,2.7727150917053223,0.0
0,71,None,False,"108,10,104,35,83,60,97,94,114,51",0.8462117910385132,-1.4962351322174072,-0.8962867856025696,-0.8866027593612671,7.99776029586792,2.5068185329437256,2.922419786453247,0.0,0.0,2.922419786453247,2.975344657897949,-0.05292487144470215,0.01948603428900242,0.0,1.131481409072876,0.43274784088134766,2.7727150917053223,0.0
0,72,None,False,"108,10,104,35,83,60,97,94,114,51",0.8949333429336548,-1.5091891288757324,-0.5791027545928955,-0.8582456707954407,7.997832775115967,2.8278541564941406,3.405926465988159,0.0,0.0,3.405926465988159,1.0562777519226074,2.3496487140655518,0.6859444975852966,0.0,0.954315721988678,0.4575788974761963,2.7727150917053223,0.0
0,73,None,False,"108,10,104,35,83,60,97,94,114,51",0.9503231644630432,-1.6994611024856567,-0.8942932486534119,-1.0147449970245361,7.997673511505127,2.547999382019043,3.5888872146606445,0.0,0.0,3.5888872146606445,2.531909942626953,1.0569772720336914,0.48398956656455994,0.0,0.8887286186218262,0.426328182220459,2.7727150917053223,0.0
0,74,None,False,"108,10,104,35,83,60,97,94,114,51",0.8559248447418213,-1.340113639831543,-0.9536740779876709,-0.8374027609825134,7.9983930587768555,2.1868584156036377,3.9026129245758057,0.0,0.0,3.9026129245758057,2.322876453399658,1.5797364711761475,0.5457954406738281,0.0,1.04698646068573,0.4291711747646332,2.7727150917053223,0.0
0,75,None,False,"108,10,104,35,83,60,97,94,114,51",0.8650065660476685,-1.5712193250656128,-1.1175745725631714,-0.9455891251564026,7.997774124145508,2.3026082515716553,3.6146693229675293,0.0,0.0,3.6146693229675293,2.940797805786133,0.6738715171813965,0.2610529363155365,0.0,0.922979474067688,0.44934117794036865,2.7727150917053223,0.0
0,76,None,False,"108,10,104,35,83,60,97,94,114,51",0.8223698139190674,-1.4607810974121094,-0.6761372685432434,-0.9990599155426025,7.997754096984863,2.5286996364593506,2.9947352409362793,0.0,0.0,2.9947352409362793,1.907193660736084,1.0875415802001953,0.5166006684303284,0.0,0.8527698516845703,0.46012556552886963,2.7727150917053223,0.0
0,77,None,False,"108,10,104,35,83,60,97,94,114,51",0.9644272327423096,-1.423990249633789,-0.6583023071289062,-0.9478718042373657,7.996933937072754,4.7957634925842285,2.320587158203125,0.0,0.0,2.320587158203125,0.12804269790649414,2.192544460296631,0.885333240032196,0.0,0.9250513315200806,0.41560131311416626,2.7727150917053223,0.0
0,78,None,False,"108,10,104,35,83,60,97,94,114,51",0.9608287811279297,-1.5014445781707764,-0.7778097987174988,-1.0405173301696777,7.9983811378479,4.527980327606201,3.9630353450775146,0.0,0.0,3.9630353450775146,0.7573843002319336,3.205651044845581,1.1163803339004517,0.0,0.8888835906982422,0.4890398681163788,2.7727150917053223,0.0
0,79,None,False,"108,10,104,35,83,60,97,94,114,51",1.0226397514343262,-1.4752148389816284,-0.9608129262924194,-0.6979018449783325,7.998364448547363,4.644352912902832,3.3718080520629883,0.0,0.0,3.3718080520629883,-0.5212247371673584,3.8930327892303467,1.1661872863769531,0.0,0.8440152406692505,0.47108644247055054,2.7727150917053223,0.0
0,80,None,False,"108,10,104,35,83,60,97,94,114,51",1.0155737400054932,-1.3935930728912354,-0.7239190340042114,-0.8674529790878296,7.997901916503906,3.6620399951934814,1.1235928535461426,0.0,0.0,1.1235928535461426,-0.7150173187255859,1.8386101722717285,0.46852922439575195,0.0,1.055995225906372,0.5585176348686218,2.7727150917053223,0.0
0,81,None,False,"108,10,104,35,83,60,97,94,114,51",1.1040117740631104,-1.7367106676101685,-0.710512101650238,-0.8362363576889038,7.997069835662842,5.340319633483887,2.414935827255249,0.0,0.0,2.414935827255249,0.1757502555847168,2.2391855716705322,0.4421464800834656,0.0,1.091137409210205,0.5404562950134277,2.7727150917053223,0.0
0,82,None,False,"108,10,104,35,83,60,97,94,114,51",1.2402228116989136,-1.7221205234527588,-0.6168534159660339,-0.9610066413879395,7.996366024017334,5.525019645690918,1.9380486011505127,0.0,0.0,1.9380486011505127,-0.5999386310577393,2.537987232208252,0.6001178622245789,0.0,1.1385133266448975,0.39624157547950745,2.7727150917053223,0.0
0,83,Schedule,True,"108,121,36,78,76,79,63,142,42,2",0.8724962472915649,-1.5851691961288452,-0.6983601450920105,-0.8140028119087219,7.997898578643799,6.8362016677856445,0.8556026220321655,0.35999999046325687,0.8999999761581421,-0.4043973684310913,-1.0418295860290527,0.6374322175979614,0.038601797074079514,0.1421123445034027,0.8734922409057617,0.4286084771156311,2.7727150917053223,0.0
0,84,None,False,"108,121,36,78,76,79,63,142,42,2",0.845898449420929,-1.4302642345428467,-0.7671865224838257,-0.7742217779159546,7.999292850494385,4.449132442474365,0.933043360710144,0.0,0.0,0.933043360710144,-2.7786433696746826,3.711686611175537,0.833544135093689,0.0,0.8477317094802856,0.5562636852264404,2.7727150917053223,0.0
0,85,None,False,"108,121,36,78,76,79,63,142,42,2",0.9442265033721924,-1.3898435831069946,-0.7859626412391663,-0.8736687302589417,7.998613357543945,4.571640491485596,-0.5271667242050171,0.0,0.0,-0.5271667242050171,-3.3824563026428223,2.8552894592285156,0.6479262709617615,0.0,0.9176160097122192,0.46098625659942627,2.7727150917053223,0.0
0,86,None,False,"108,121,36,78,76,79,63,142,42,2",1.0950462818145752,-1.6354529857635498,-0.761273980140686,-1.0691616535186768,7.997368335723877,5.036299705505371,-0.11460662633180618,0.0,0.0,-0.11460662633180618,-3.1739652156829834,3.059358596801758,0.6590670943260193,0.0,1.0025296211242676,0.486238956451416,2.7727150917053223,0.0
0,87,None,False,"108,121,36,78,76,79,63,142,42,2",0.9304566979408264,-1.4418493509292603,-0.9005248546600342,-0.8309767246246338,7.9982686042785645,5.591048240661621,-0.3131633996963501,0.0,0.0,-0.3131633996963501,-2.9025793075561523,2.589416027069092,0.5243311524391174,0.0,0.9710668325424194,0.447130024433136,2.7727150917053223,0.0
0,88,None,False,"108,121,36,78,76,79,63,142,42,2",0.8939492702484131,-1.5745655298233032,-0.7163393497467041,-0.9528080224990845,7.998280048370361,3.272327423095703,-0.9680259227752686,0.0,0.0,-0.9680259227752686,-1.9801020622253418,1.0120761394500732,0.14599104225635529,0.0,1.0216467380523682,0.4438847005367279,2.7727150917053223,0.0
0,89,None,False,"108,121,36,78,76,79,63,142,42,2",1.0657683610916138,-1.7481943368911743,-0.8085821866989136,-1.0039806365966797,7.997389316558838,5.025769233703613,-0.23588897287845612,0.0,0.0,-0.23588897287845612,-0.7328689098358154,0.4969799518585205,0.034399162977933884,0.0,1.112300157546997,0.5116502046585083,2.7727150917053223,0.0
0,90,None,False,"108,121,36,78,76,79,63,142,42,2",0.818331778049469,-1.5358794927597046,-0.7803791761398315,-0.8939754366874695,7.99811315536499,4.594220161437988,0.15800237655639648,0.0,0.0,0.15800237655639648,0.012242794036865234,0.14575958251953125,0.32226666808128357,0.0,1.0465439558029175,0.5062177777290344,2.7727150917053223,0.0
0,91,None,False,"108,121,36,78,76,79,63,142,42,2",1.0153248310089111,-1.6632977724075317,-0.7608643174171448,-1.1453471183776855,7.997758865356445,4.454153060913086,0.8874421715736389,0.0,0.0,0.8874421715736389,1.4643549919128418,-0.5769128203392029,-0.0629202350974083,0.0,1.297974705696106,0.5443297028541565,2.7727150917053223,0.0
0,92,None,False,"108,121,36,78,76,79,63,142,42,2",0.9017259478569031,-1.5650880336761475,-0.7454349994659424,-0.9682067632675171,7.9981584548950195,4.156992435455322,-0.5307036638259888,0.0,0.0,-0.5307036638259888,0.8926153182983398,-1.4233189821243286,-0.35859161615371704,0.0,1.0583641529083252,0.5756804347038269,2.7727150917053223,0.0
0,93,None,False,"108,121,36,78,76,79,63,142,42,2",0.7981230020523071,-1.5333133935928345,-0.9429785013198853,-1.0563997030258179,7.99797248840332,2.605710744857788,-1.3296115398406982,0.0,0.0,-1.3296115398406982,1.2897253036499023,-2.6193368434906006,-0.6836404800415039,0.0,1.1032525300979614,0.4467352032661438,2.7727150917053223,0.0
0,94,None,False,"108,121,36,78,76,79,63,142,42,2",0.8698737621307373,-1.3931328058242798,-1.1823997497558594,-1.057321548461914,7.997525215148926,2.9338154792785645,-0.954405665397644,0.0,0.0,-0.954405665397644,1.2952566146850586,-2.249662399291992,-0.5826342701911926,0.0,0.9481638073921204,0.36718475818634033,2.7727150917053223,0.0
0,95,None,False,"108,121,36,78,76,79,63,142,42,2",0.7235511541366577,-1.1568360328674316,-0.9984555840492249,-0.950153648853302,7.998285293579102,4.3055195808410645,-1.6184229850769043,0.0,0.0,-1.6184229850769043,0.7190942764282227,-2.337517261505127,-0.672700047492981,0.0,1.1034581661224365,0.36171334981918335,2.7727150917053223,0.0
0,96,None,False,"108,121,36,78,76,79,63,142,42,2",0.8931986689567566,-1.6555659770965576,-0.9995585680007935,-1.3853437900543213,7.997706413269043,5.52833366394043,-1.5030473470687866,0.0,0.0,-1.5030473470687866,-5.9604644775390625e-06,-1.503041386604309,-0.4320117235183716,0.0,0.8183557987213135,0.3100156784057617,2.7727150917053223,0.0
0,97,Schedule,True,"98,118,10,65,63,113,64,128,75,32",0.8560855388641357,-1.5277519226074219,-0.9063396453857422,-1.1698144674301147,7.997099876403809,6.5232391357421875,-2.0502912998199463,0.35999999046325687,0.8999999761581421,-3.310291290283203,-0.32986998558044434,-2.980421304702759,-1.2262135744094849,-6.138393402099609,0.8974134922027588,0.37509313225746155,2.7727150917053223,0.0
0,98,Struct Break (DC),True,"13,114,141,125,101,73,78,67,77,142",0.8082275390625,-1.5544133186340332,-1.023037075996399,-1.0274007320404053,7.998485565185547,4.6687750816345215,4.004702091217041,0.4,1.0,2.6047019958496094,2.585434913635254,0.01926708221435547,-0.33859848976135254,-1.7287847995758057,0.8229816555976868,0.37263208627700806,2.7727150917053223,0.0
0,99,None,False,"13,114,141,125,101,73,78,67,77,142",1.0854259729385376,-1.7263332605361938,-0.7259376049041748,-1.1420828104019165,7.997736930847168,6.375527381896973,8.687576293945312,0.0,0.0,8.687576293945312,6.09743595123291,2.5901403427124023,0.856144905090332,0.0,0.6924742460250854,0.42883652448654175,2.7727150917053223,0.0
0,100,None,False,"13,114,141,125,101,73,78,67,77,142",0.8162439465522766,-1.4603238105773926,-1.2219183444976807,-1.1478062868118286,7.9978227615356445,7.079305171966553,11.138778686523438,0.0,0.0,11.138778686523438,6.433725357055664,4.705053329467773,1.6245830059051514,0.0,0.6977579593658447,0.40107306838035583,2.7727150917053223,0.0
0,101,None,False,"13,114,141,125,101,73,78,67,77,142",0.7369526624679565,-1.3971998691558838,-0.8553404808044434,-0.9632717967033386,7.998526573181152,3.195770263671875,10.982656478881836,0.0,0.0,10.982656478881836,6.810402870178223,4.172253608703613,1.3815540075302124,0.0,0.8323497176170349,0.42855405807495117,2.7727150917053223,0.0
0,102,Struct Break (DC),True,"22,125,74,39,62,111,60,53,101,13",0.7168480753898621,-1.1045546531677246,-0.9793227910995483,-0.8763431310653687,7.998183727264404,5.1540327072143555,4.433372497558594,0.27999999523162844,0.699999988079071,3.4533724784851074,4.609119892120361,-1.155747413635254,-0.2068868726491928,-1.075613021850586,0.7992566823959351,0.4409119188785553,2.7727150917053223,0.0
0,103,None,False,"22,125,74,39,62,111,60,53,101,13",0.7645682096481323,-1.336321473121643,-0.8471832871437073,-0.8602215647697449,7.998269557952881,5.28510046005249,2.1363186836242676,0.0,0.0,2.1363186836242676,3.511214256286621,-1.3748955726623535,-0.252547025680542,0.0,0.9669986367225647,0.47954636812210083,2.7727150917053223,0.0
0,104,None,False,"22,125,74,39,62,111,60,53,101,13",0.7636077404022217,-1.5970100164413452,-1.043067455291748,-1.0367885828018188,7.997742652893066,4.570697784423828,3.7078428268432617,0.0,0.0,3.7078428268432617,4.548001289367676,-0.8401584625244141,-0.1104736328125,0.0,0.948194146156311,0.4837140440940857,2.7727150917053223,0.0
0,105,None,False,"22,125,74,39,62,111,60,53,101,13",0.7696579694747925,-1.33461332321167,-0.8637529611587524,-1.103469729423523,7.998268127441406,5.199963092803955,3.681706190109253,0.0,0.0,3.681706190109253,3.418111801147461,0.263594388961792,0.11537107825279236,0.0,1.1878108978271484,0.5759015083312988,2.7727150917053223,0.0
0,106,None,False,"22,125,74,39,62,111,60,53,101,13",0.996414065361023,-1.74185311794281,-0.9324343800544739,-1.1107757091522217,7.9971723556518555,5.21807861328125,3.7403512001037598,0.0,0.0,3.7403512001037598,3.7372589111328125,0.0030922889709472656,0.1457371711730957,0.0,1.1697144508361816,0.6170347929000854,2.7727150917053223,0.0
0,107,None,False,"22,125,74,39,62,111,60,53,101,13",0.850704550743103,-1.655571699142456,-0.8770647048950195,-0.935878574848175,7.9980058670043945,4.955488204956055,4.187741279602051,0.0,0.0,4.187741279602051,4.9306511878967285,-0.7429099082946777,-0.22596098482608795,0.0,1.1419997215270996,0.606390118598938,2.7727150917053223,0.0
0,108,None,False,"22,125,74,39,62,111,60,53,101,13",0.9062807559967041,-1.5537225008010864,-0.7157837748527527,-0.8637262582778931,7.998338222503662,3.0488696098327637,2.1670615673065186,0.0,0.0,2.1670615673065186,4.2037129402160645,-2.036651372909546,-0.7200422286987305,0.0,0.9688422083854675,0.7117578387260437,2.7727150917053223,0.0
0,109,None,False,"22,125,74,39,62,111,60,53,101,13",0.7475813627243042,-1.535754919052124,-0.8879260420799255,-0.9837373495101929,7.998313903808594,4.427703857421875,1.657920002937317,0.0,0.0,1.657920002937317,4.34415340423584,-2.6862335205078125,-0.8714411854743958,0.0,0.8495355844497681,0.5656979084014893,2.7727150917053223,0.0
0,110,None,False,"22,125,74,39,62,111,60,53,101,13",1.1115566492080688,-2.050105094909668,-1.0927786827087402,-0.9979693293571472,7.996587753295898,5.912652492523193,3.0509705543518066,0.0,0.0,3.0509705543518066,8.055901527404785,-5.0049309730529785,-1.3521851301193237,0.0,1.1357372999191284,0.5675142407417297,2.7727150917053223,0.0
0,111,Struct Break (DC),True,"55,82,70,97,10,99,41,22,113,72",1.0327847003936768,-1.5760468244552612,-0.8670366406440735,-1.0182119607925415,7.996840000152588,4.931398868560791,11.806295394897461,0.35999999046325687,0.8999999761581421,10.546295166015625,7.761931419372559,2.7843637466430664,0.7856757640838623,3.8483922481536865,1.073335886001587,0.5387170910835266,2.7727150917053223,0.0
0,112,None,False,"55,82,70,97,10,99,41,22,113,72",0.8363513946533203,-1.3894110918045044,-0.8552337884902954,-0.9875664114952087,7.997400760650635,6.120687484741211,10.684362411499023,0.0,0.0,10.684362411499023,6.0948967933654785,4.589465618133545,1.1689730882644653,0.0,1.033872127532959,0.60836261510849,2.7727150917053223,0.0
0,113,Struct Break (DC),True,"120,114,138,131,113,19,31,133,75,69",0.9089143872261047,-1.1044199466705322,-0.9195522665977478,-0.8974945545196533,7.998156547546387,4.660299301147461,-3.8932104110717773,0.35999999046325687,0.8999999761581421,-5.153210639953613,3.932666778564453,-9.085877418518066,-2.160132646560669,-10.786454200744629,0.9895520806312561,0.7042734026908875,2.7727150917053223,0.0
0,114,None,False,"120,114,138,131,113,19,31,133,75,69",0.9495473504066467,-1.58375084400177,-0.6234007477760315,-0.9476393461227417,7.99698543548584,6.260586261749268,-3.367079019546509,0.0,0.0,-3.367079019546509,5.6070685386657715,-8.97414779663086,-1.9669065475463867,0.0,1.116257667541504,0.5459797978401184,2.7727150917053223,0.0
0,115,None,False,"120,114,138,131,113,19,31,133,75,69",0.8789777755737305,-1.499936819076538,-0.7316641807556152,-0.876175045967102,7.998356819152832,5.346895217895508,-4.467308521270752,0.0,0.0,-4.467308521270752,4.005193710327148,-8.472501754760742,-1.9084094762802124,0.0,1.1458613872528076,0.5843870639801025,2.7727150917053223,0.0
0,116,None,False,"120,114,138,131,113,19,31,133,75,69",0.9113232493400574,-1.4978222846984863,-0.8372009992599487,-0.9338204264640808,7.998149871826172,4.898575305938721,-3.663418769836426,0.0,0.0,-3.663418769836426,4.249465465545654,-7.91288423538208,-1.8048553466796875,0.0,0.8966625928878784,0.49448472261428833,2.7727150917053223,0.0
0,117,None,False,"120,114,138,131,113,19,31,133,75,69",0.9082173705101013,-1.6875356435775757,-0.9520228505134583,-1.0243643522262573,7.997925758361816,5.863412857055664,-1.6679680347442627,0.0,0.0,-1.6679680347442627,3.910994529724121,-5.578962326049805,-1.2891738414764404,0.0,1.1416847705841064,0.40563154220581055,2.7727150917053223,0.0
0,118,None,False,"120,114,138,131,113,19,31,133,75,69",1.0454926490783691,-1.336110234260559,-0.6469564437866211,-0.9265120625495911,7.997328758239746,6.17377233505249,-1.6834776401519775,0.0,0.0,-1.6834776401519775,2.115762233734131,-3.7992398738861084,-0.8118447661399841,0.0,0.9260407090187073,0.4149796664714813,2.7727150917053223,0.0
0,119,None,False,"120,114,138,131,113,19,31,133,75,69",0.8527809977531433,-1.5658057928085327,-0.784614622592926,-0.6102258563041687,7.998446464538574,5.969912528991699,-0.5196452140808105,0.0,0.0,-0.5196452140808105,2.094912528991699,-2.6145577430725098,-0.7134430408477783,0.0,0.8765147924423218,0.45496147871017456,2.7727150917053223,0.0
0,120,None,False,"120,114,138,131,113,19,31,133,75,69",0.8583619594573975,-1.3706191778182983,-0.6940293312072754,-0.7502647638320923,7.998650550842285,3.3930678367614746,-0.34549713134765625,0.0,0.0,-0.34549713134765625,1.7256379127502441,-2.0711350440979004,-0.6971322894096375,0.0,0.8792164921760559,0.46813374757766724,2.7727150917053223,0.0
0,121,None,False,"120,114,138,131,113,19,31,133,75,69",1.1935813426971436,-1.5481621026992798,-0.6845710277557373,-0.8654566407203674,7.996126174926758,6.892024040222168,-0.31390607357025146,0.0,0.0,-0.31390607357025146,-0.3594338893890381,0.04552781581878662,-0.18770508468151093,0.0,1.121386170387268,0.46560555696487427,2.7727150917053223,0.0
0,122,None,False,"120,114,138,131,113,19,31,133,75,69",0.8856883645057678,-1.4893194437026978,-0.9204165935516357,-0.8567958474159241,7.998067378997803,6.868841171264648,1.6849523782730103,0.0,0.0,1.6849523782730103,0.7054686546325684,0.9794837236404419,0.2691580355167389,0.0,1.0870163440704346,0.523047685623169,2.7727150917053223,0.0
0,123,None,False,"120,114,138,131,113,19,31,133,75,69",0.8544578552246094,-1.5598297119140625,-0.6660351157188416,-0.9188358783721924,7.998282432556152,4.4684295654296875,4.244123935699463,0.0,0.0,4.244123935699463,1.5618443489074707,2.682279586791992,0.7819691896438599,0.0,1.0980634689331055,0.5025231838226318,2.7727150917053223,0.0
0,124,None,False,"120,114,138,131,113,19,31,133,75,69",0.773307204246521,-1.2547913789749146,-0.5904210209846497,-0.8844486474990845,7.997475624084473,3.9403886795043945,1.4795827865600586,0.0,0.0,1.4795827865600586,0.7132530212402344,0.7663297653198242,0.10844666510820389,0.0,0.862804114818573,0.4990787208080292,2.7727150917053223,0.0
0,125,None,False,"120,114,138,131,113,19,31,133,75,69",1.1433324813842773,-1.7419624328613281,-0.8925608396530151,-1.025835633277893,7.996921062469482,6.583902359008789,0.2897435426712036,0.0,0.0,0.2897435426712036,1.2644290924072266,-0.974685549736023,-0.4198656678199768,0.0,0.9536203145980835,0.477430522441864,2.7727150917053223,0.0
0,126,None,False,"120,114,138,131,113,19,31,133,75,69",0.9029302597045898,-1.5471967458724976,-0.9009669423103333,-0.9654857516288757,7.997333526611328,6.8995280265808105,4.959747314453125,0.0,0.0,4.959747314453125,2.054595947265625,2.9051513671875,0.5375434160232544,0.0,0.9174466133117676,0.4650377631187439,2.7727150917053223,0.0
0,127,Schedule,True,"39,49,23,118,54,71,27,9,19,80",0.8223129510879517,-1.4366729259490967,-0.7917816638946533,-0.8871793746948242,7.998037338256836,4.799055576324463,3.7076730728149414,0.35999999046325687,0.8999999761581421,2.4476730823516846,0.990593433380127,1.4570796489715576,0.25423532724380493,1.2109389305114746,1.0699007511138916,0.4029010236263275,2.7727150917053223,0.0
0,0,Schedule | Regime Shift (Initial),True,"34,59,80,8,13,48,111,88,42,129",0.7565772533416748,-1.2612125873565674,-0.9431560039520264,-1.0556297302246094,7.997857570648193,3.5359506607055664,0.6612855195999146,0.0,0.0,0.6612855195999146,1.2909531593322754,-0.6296676397323608,-0.2733902335166931,-1.405558466911316,0.9231004118919373,0.4680207073688507,0.9471139311790466,0.0
0,1,None,False,"34,59,80,8,13,48,111,88,42,129",1.0726679563522339,-1.3962184190750122,-0.7030393481254578,-1.0538474321365356,7.996388912200928,6.0398969650268555,0.1573777198791504,0.0,0.0,0.1573777198791504,2.1438002586364746,-1.9864225387573242,-0.7603887915611267,0.0,0.8549808263778687,0.41628867387771606,0.9471139311790466,0.0
0,2,None,False,"34,59,80,8,13,48,111,88,42,129",0.9628959894180298,-1.3464990854263306,-0.9235224723815918,-0.9817420244216919,7.997913837432861,4.555026054382324,3.30615234375,0.0,0.0,3.30615234375,3.4006714820861816,-0.09451913833618164,-0.23595412075519562,0.0,0.884903073310852,0.3986562490463257,0.9471139311790466,0.0
0,3,None,False,"34,59,80,8,13,48,111,88,42,129",0.7257785797119141,-1.1271106004714966,-0.8535271883010864,-1.0034104585647583,7.998436450958252,5.060208797454834,3.9890804290771484,0.0,0.0,3.9890804290771484,4.361855983734131,-0.3727755546569824,-0.39056718349456787,0.0,0.842200517654419,0.42462533712387085,0.9471139311790466,0.0
0,4,None,False,"34,59,80,8,13,48,111,88,42,129",0.819772481918335,-1.2139110565185547,-0.7682937383651733,-0.8157299757003784,7.997244358062744,5.717186450958252,5.034732818603516,0.0,0.0,5.034732818603516,4.562139511108398,0.4725933074951172,-0.22319985926151276,0.0,0.776887834072113,0.4322819113731384,0.9471139311790466,0.0
0,5,None,False,"34,59,80,8,13,48,111,88,42,129",1.0177909135818481,-1.3689534664154053,-0.6683328151702881,-1.0103576183319092,7.9968953132629395,6.227684020996094,5.783329486846924,0.0,0.0,5.783329486846924,4.958629608154297,0.824699878692627,-0.10924777388572693,0.0,0.8374548554420471,0.41912174224853516,0.9471139311790466,0.0
0,6,None,False,"34,59,80,8,13,48,111,88,42,129",0.9225257039070129,-1.036891222000122,-0.8490945100784302,-0.9620975852012634,7.998435974121094,6.156498908996582,6.943383693695068,0.0,0.0,6.943383693695068,6.0829758644104,0.860407829284668,-0.13193708658218384,0.0,0.7213073372840881,0.4352177381515503,0.9471139311790466,0.0
0,7,None,False,"34,59,80,8,13,48,111,88,42,129",0.8704029321670532,-0.9083966016769409,-0.8047202229499817,-0.8443959951400757,7.998535633087158,4.104129314422607,3.6211888790130615,0.0,0.0,3.6211888790130615,5.036532878875732,-1.415343999862671,-0.8039909601211548,0.0,0.8741545677185059,0.5057566165924072,0.9471139311790466,0.0
0,8,Struct Break (DC),True,"51,113,86,29,5,23,93,46,14,27",0.8247892260551453,-0.7368358373641968,-0.6304341554641724,-0.9682920575141907,7.9976606369018555,4.9166579246521,-0.32305002212524414,0.4,1.0,-1.7230499982833862,3.7542343139648438,-5.4772844314575195,-1.6805882453918457,-8.36650276184082,0.8738479018211365,0.5408270359039307,0.9471139311790466,0.0
0,9,None,False,"51,113,86,29,5,23,93,46,14,27",0.8947908878326416,-0.8810954689979553,-0.7126323580741882,-0.8475469350814819,7.997464179992676,3.5035128593444824,-2.587770938873291,0.0,0.0,-2.587770938873291,2.1795034408569336,-4.767274379730225,-1.3523586988449097,0.0,0.706716775894165,0.5034675598144531,0.9471139311790466,0.0
0,10,None,False,"51,113,86,29,5,23,93,46,14,27",0.826464056968689,-1.1712456941604614,-0.9367232322692871,-0.9793915748596191,7.997593402862549,2.9374265670776367,-0.7966357469558716,0.0,0.0,-0.7966357469558716,2.0557761192321777,-2.8524117469787598,-0.9640914797782898,0.0,0.9185090661048889,0.4860957860946655,0.9471139311790466,0.0
0,11,None,False,"51,113,86,29,5,23,93,46,14,27",0.7908540368080139,-0.9670912623405457,-0.672726035118103,-0.9214405417442322,7.9975666999816895,5.038247108459473,-1.941152811050415,0.0,0.0,-1.941152811050415,0.7703185081481934,-2.7114713191986084,-0.8216921091079712,0.0,0.8191916346549988,0.48027607798576355,0.9471139311790466,0.0
0,12,None,False,"51,113,86,29,5,23,93,46,14,27",0.8597383499145508,-1.097022294998169,-0.8143613934516907,-0.8393874168395996,7.997952461242676,5.0221710205078125,-2.6113505363464355,0.0,0.0,-2.6113505363464355,0.8798003196716309,-3.4911508560180664,-1.038798451423645,0.0,0.9880102872848511,0.5013912916183472,0.9471139311790466,0.0
0,13,None,False,"51,113,86,29,5,23,93,46,14,27",1.0943576097488403,-1.2126729488372803,-0.7850017547607422,-0.7833927869796753,7.996020317077637,5.489783763885498,-2.4488675594329834,0.0,0.0,-2.4488675594329834,0.11658668518066406,-2.5654542446136475,-0.9046565294265747,0.0,0.7994003295898438,0.5758223533630371,0.9471139311790466,0.0
0,14,None,False,"51,113,86,29,5,23,93,46,14,27",0.8142186403274536,-1.3321969509124756,-0.7911286354064941,-0.9723644256591797,7.997845649719238,5.605035305023193,-1.9366562366485596,0.0,0.0,-1.9366562366485596,0.8204102516174316,-2.757066488265991,-1.3510398864746094,0.0,1.0557610988616943,0.680670976638794,0.9471139311790466,0.0
0,15,None,False,"51,113,86,29,5,23,93,46,14,27",0.9037647247314453,-1.3998125791549683,-0.8495299220085144,-1.0172545909881592,7.9964704513549805,4.289117813110352,0.06009340286254883,0.0,0.0,0.06009340286254883,0.694572925567627,-0.6344795227050781,-0.5885390043258667,0.0,1.0743365287780762,0.7354567646980286,0.9471139311790466,0.0
0,16,None,False,"51,113,86,29,5,23,93,46,14,27",0.8266183137893677,-1.6380521059036255,-1.2445708513259888,-1.1575838327407837,7.9975714683532715,6.711326599121094,0.17923593521118164,0.0,0.0,0.17923593521118164,0.31627416610717773,-0.1370382308959961,-0.2893541157245636,0.0,1.2644439935684204,0.759434700012207,0.9471139311790466,0.0
0,17,None,False,"51,113,86,29,5,23,93,46,14,27",0.8466789126396179,-1.4232038259506226,-0.6746994256973267,-0.9375463724136353,7.9972381591796875,5.678281784057617,1.1773008108139038,0.0,0.0,1.1773008108139038,0.08497238159179688,1.092328429222107,0.19957947731018066,0.0,1.382885217666626,0.7149075269699097,0.9471139311790466,0.0
0,18,None,False,"51,113,86,29,5,23,93,46,14,27",0.960830569267273,-1.366909384727478,-0.840972363948822,-1.2501230239868164,7.99606990814209,3.7162156105041504,0.6768220663070679,0.0,0.0,0.6768220663070679,-0.6250083446502686,1.3018304109573364,0.19937683641910553,0.0,1.3514478206634521,0.7758893966674805,0.9471139311790466,0.0
0,19,None,False,"51,113,86,29,5,23,93,46,14,27",1.0002219676971436,-1.6324560642242432,-0.9893505573272705,-1.1279792785644531,7.996699810028076,3.3022429943084717,1.172856092453003,0.0,0.0,1.172856092453003,-0.3522932529449463,1.5251493453979492,0.2620113492012024,0.0,1.387510895729065,0.8523128032684326,0.9471139311790466,0.0
0,20,None,False,"51,113,86,29,5,23,93,46,14,27",0.9054297804832458,-1.2678604125976562,-0.6444940567016602,-1.045930027961731,7.997113227844238,2.708494186401367,0.1901477575302124,0.0,0.0,0.1901477575302124,-2.4619877338409424,2.6521353721618652,0.6978010535240173,0.0,1.201730728149414,0.7324798107147217,0.9471139311790466,0.0
0,21,None,False,"51,113,86,29,5,23,93,46,14,27",0.8434715270996094,-1.4633829593658447,-0.9659373164176941,-0.9022987484931946,7.998607635498047,5.710354328155518,1.0118156671524048,0.0,0.0,1.0118156671524048,-1.725316047668457,2.7371315956115723,0.6833400726318359,0.0,1.2815724611282349,0.5552736520767212,0.9471139311790466,0.0
0,22,Schedule,True,"30,0,8,59,133,132,119,64,72,19",0.831817626953125,-1.3305859565734863,-0.7585191130638123,-0.9726424217224121,7.9974822998046875,4.98021936416626,0.9234612584114075,0.4,1.0,-0.4765387177467346,-1.3825476169586182,0.9060088992118835,0.33719325065612793,1.625233769416809,1.0327420234680176,0.6179214119911194,0.9471139311790466,0.0
0,23,None,False,"30,0,8,59,133,132,119,64,72,19",0.8421881794929504,-1.3056297302246094,-0.7444834113121033,-0.8756402730941772,7.997315883636475,3.1339056491851807,0.28694629669189453,0.0,0.0,0.28694629669189453,-0.9116053581237793,1.1985516548156738,0.4318203330039978,0.0,1.076826810836792,0.6506820917129517,0.9471139311790466,0.0
0,24,None,False,"30,0,8,59,133,132,119,64,72,19",0.790867030620575,-1.5148186683654785,-0.8224014639854431,-0.8798984885215759,7.998096466064453,6.189883232116699,0.2837330102920532,0.0,0.0,0.2837330102920532,0.32727718353271484,-0.04354417324066162,0.06808353215456009,0.0,0.995518684387207,0.4499140679836273,0.9471139311790466,0.0
0,25,None,False,"30,0,8,59,133,132,119,64,72,19",0.9204332828521729,-1.6308280229568481,-1.090791940689087,-0.9368149042129517,7.9979448318481445,5.415487766265869,0.25258302688598633,0.0,0.0,0.25258302688598633,1.4355897903442383,-1.183006763458252,-0.09300166368484497,0.0,1.1729179620742798,0.48356983065605164,0.9471139311790466,0.0
0,26,None,False,"30,0,8,59,133,132,119,64,72,19",0.8250980973243713,-1.5597983598709106,-0.8063191771507263,-1.105150818824768,7.99837064743042,5.90330171585083,-0.01926243305206299,0.0,0.0,-0.01926243305206299,1.979219913482666,-1.998482346534729,-0.36804723739624023,0.0,0.9950062036514282,0.4515814781188965,0.9471139311790466,0.0
0,27,None,False,"30,0,8,59,133,132,119,64,72,19",0.8489212989807129,-1.3118038177490234,-1.086435317993164,-1.0593966245651245,7.998014450073242,3.039968967437744,1.916494369506836,0.0,0.0,1.916494369506836,3.5703420639038086,-1.6538476943969727,-0.18706053495407104,0.0,0.9224739670753479,0.4815441370010376,0.9471139311790466,0.0
0,28,None,False,"30,0,8,59,133,132,119,64,72,19",0.9283265471458435,-1.4897840023040771,-0.7403796911239624,-0.9842816591262817,7.996644496917725,5.6920552253723145,1.7818797826766968,0.0,0.0,1.7818797826766968,3.100275993347168,-1.3183962106704712,-0.2301706075668335,0.0,1.0830785036087036,0.4763105809688568,0.9471139311790466,0.0
0,29,None,False,"30,0,8,59,133,132,119,64,72,19",0.9516794085502625,-1.437002182006836,-0.8653601408004761,-0.8956617116928101,7.998403549194336,5.256231307983398,0.929938554763794,0.0,0.0,0.929938554763794,3.249478340148926,-2.319539785385132,-0.3175411820411682,0.0,0.8664612770080566,0.3908790946006775,0.9471139311790466,0.0
0,30,Struct Break (DC),True,"51,5,22,130,15,75,39,20,10,17",0.9218564629554749,-1.8059873580932617,-1.121934175491333,-0.9100910425186157,7.998448848724365,4.148220539093018,1.4066553115844727,0.4,1.0,0.006655335426330566,3.936290740966797,-3.929635524749756,-0.893970787525177,-4.487071990966797,0.8862239122390747,0.4154130816459656,0.9471139311790466,0.0
0,31,None,False,"51,5,22,130,15,75,39,20,10,17",0.9337862133979797,-1.6528609991073608,-0.8891775608062744,-0.7704293131828308,7.998199939727783,3.891010046005249,1.634694218635559,0.0,0.0,1.634694218635559,3.536367416381836,-1.9016731977462769,-0.2664973735809326,0.0,0.8574247360229492,0.44904541969299316,0.9471139311790466,0.0
0,32,None,False,"51,5,22,130,15,75,39,20,10,17",0.7910463809967041,-1.601869821548462,-0.9300934076309204,-0.9448062181472778,7.997653484344482,4.934915065765381,1.452416181564331,0.0,0.0,1.452416181564331,4.1971564292907715,-2.7447402477264404,-0.5562191009521484,0.0,1.0389971733093262,0.4726368486881256,0.9471139311790466,0.0
0,33,None,False,"51,5,22,130,15,75,39,20,10,17",0.9607787728309631,-1.4362159967422485,-0.9919720888137817,-0.9573178887367249,7.997721195220947,4.466883659362793,1.7067838907241821,0.0,0.0,1.7067838907241821,4.703009128570557,-2.996225357055664,-0.6539849638938904,0.0,1.0382094383239746,0.43102118372917175,0.9471139311790466,0.0
0,34,None,False,"51,5,22,130,15,75,39,20,10,17",0.7928115129470825,-1.5999164581298828,-0.8963288068771362,-0.9111324548721313,7.997673034667969,4.8658952713012695,1.1175733804702759,0.0,0.0,1.1175733804702759,5.528903007507324,-4.411329746246338,-0.9591254591941833,0.0,0.9620660543441772,0.44688230752944946,0.9471139311790466,0.0
0,35,None,False,"51,5,22,130,15,75,39,20,10,17",0.9184374809265137,-1.2831714153289795,-0.7611778974533081,-0.7106849551200867,7.99776029586792,4.269530773162842,2.0614850521087646,0.0,0.0,2.0614850521087646,3.961181640625,-1.8996965885162354,-0.48798421025276184,0.0,0.5678380131721497,0.4680479168891907,0.9471139311790466,0.0
0,36,None,False,"51,5,22,130,15,75,39,20,10,17",1.0346910953521729,-1.4017438888549805,-0.8647811412811279,-0.6595178246498108,7.99683952331543,6.363861560821533,-0.1637357473373413,0.0,0.0,-0.1637357473373413,1.6310930252075195,-1.7948287725448608,-0.6694097518920898,0.0,0.593677282333374,0.45055943727493286,0.9471139311790466,0.0
0,37,Struct Break (DC),True,"25,17,141,7,51,142,139,89,24,11",0.7455592751502991,-1.4097378253936768,-0.8388913869857788,-1.06252121925354,7.997725009918213,7.318272113800049,-0.005039572715759277,0.3200000047683716,0.800000011920929,-1.1250395774841309,2.076387405395508,-3.2014269828796387,-1.1139063835144043,-5.579986095428467,0.746497392654419,0.4422979950904846,0.9471139311790466,0.0
0,38,None,False,"25,17,141,7,51,142,139,89,24,11",0.7301334738731384,-1.3269944190979004,-0.7194786071777344,-1.063647985458374,7.996864318847656,4.914750576019287,-0.08738160133361816,0.0,0.0,-0.08738160133361816,1.648867130279541,-1.7362487316131592,-0.7174760699272156,0.0,0.768724799156189,0.4706517457962036,0.9471139311790466,0.0
0,39,None,False,"25,17,141,7,51,142,139,89,24,11",0.978949785232544,-1.4638878107070923,-0.5518577694892883,-1.129340410232544,7.99707555770874,6.735424995422363,1.3042211532592773,0.0,0.0,1.3042211532592773,1.6525983810424805,-0.3483772277832031,-0.3753249943256378,0.0,0.9697442054748535,0.539070725440979,0.9471139311790466,0.0
0,40,None,False,"25,17,141,7,51,142,139,89,24,11",0.8700990080833435,-1.45611572265625,-0.7180283665657043,-0.9044307470321655,7.998326301574707,4.999931335449219,0.8594209551811218,0.0,0.0,0.8594209551811218,1.4711260795593262,-0.6117051243782043,-0.46366265416145325,0.0,0.8943256735801697,0.5282531976699829,0.9471139311790466,0.0
0,41,None,False,"25,17,141,7,51,142,139,89,24,11",0.9163432121276855,-1.5962166786193848,-0.816487193107605,-0.9041639566421509,7.998686790466309,3.4761998653411865,-0.21800875663757324,0.0,0.0,-0.21800875663757324,-0.5752503871917725,0.3572416305541992,0.030441703274846077,0.0,0.7581608295440674,0.5945216417312622,0.9471139311790466,0.0
0,42,None,False,"25,17,141,7,51,142,139,89,24,11",0.8949763774871826,-1.4949404001235962,-0.7906543016433716,-1.0344030857086182,7.998410701751709,3.703826427459717,-1.2452048063278198,0.0,0.0,-1.2452048063278198,-0.6844043731689453,-0.5608004331588745,-0.17793099582195282,0.0,0.9860762357711792,0.5800514221191406,0.9471139311790466,0.0
0,43,None,False,"25,17,141,7,51,142,139,89,24,11",0.8584427833557129,-1.359174370765686,-0.8770144581794739,-1.0578140020370483,7.998981952667236,3.365347146987915,-0.6104958057403564,0.0,0.0,-0.6104958057403564,0.049376487731933594,-0.65987229347229,-0.3291440010070801,0.0,0.8326194286346436,0.6116082668304443,0.9471139311790466,0.0
0,44,None,False,"25,17,141,7,51,142,139,89,24,11",0.8198801279067993,-1.4653774499893188,-0.687303900718689,-1.1393839120864868,7.998044967651367,4.610344409942627,-0.3606826066970825,0.0,0.0,-0.3606826066970825,0.09624958038330078,-0.4569321870803833,-0.3086429238319397,0.0,1.2952723503112793,0.6938923597335815,0.9471139311790466,0.0
0,45,None,False,"25,17,141,7,51,142,139,89,24,11",0.9210274815559387,-1.4488228559494019,-0.8752376437187195,-1.0544912815093994,7.997998237609863,3.2898740768432617,-2.259598970413208,0.0,0.0,-2.259598970413208,0.2606034278869629,-2.520202398300171,-0.80966717004776,0.0,1.209624171257019,0.6065753102302551,0.9471139311790466,0.0
0,46,None,False,"25,17,141,7,51,142,139,89,24,11",0.8977090120315552,-1.554800271987915,-1.0318925380706787,-1.1348589658737183,7.998660087585449,3.9778671264648438,-2.3678994178771973,0.0,0.0,-2.3678994178771973,-0.9032368659973145,-1.4646625518798828,-0.47792378067970276,0.0,1.3068209886550903,0.6429970264434814,0.9471139311790466,0.0
0,47,None,False,"25,17,141,7,51,142,139,89,24,11",0.9300762414932251,-1.4739502668380737,-0.8044929504394531,-0.9317737817764282,7.998805999755859,4.958685398101807,-3.3042101860046387,0.0,0.0,-3.3042101860046387,-1.5807032585144043,-1.7235069274902344,-0.4556669592857361,0.0,1.2253804206848145,0.6336877942085266,0.9471139311790466,0.0
0,48,None,False,"25,17,141,7,51,142,139,89,24,11",0.9258744120597839,-1.4167077541351318,-0.8881439566612244,-1.237309455871582,7.9983649253845215,3.923478603363037,-3.186704635620117,0.0,0.0,-3.186704635620117,-1.9947052001953125,-1.1919994354248047,-0.33225366473197937,0.0,1.0468302965164185,0.5023119449615479,0.9471139311790466,0.0
0,49,None,False,"25,17,141,7,51,142,139,89,24,11",0.8281558156013489,-1.4429020881652832,-0.5853458642959595,-1.3019332885742188,7.997976779937744,4.186341762542725,-2.7937610149383545,0.0,0.0,-2.7937610149383545,-1.0307669639587402,-1.7629940509796143,-0.5386084318161011,0.0,1.013817548751831,0.5346394777297974,0.9471139311790466,0.0
0,50,Struct Break (DC),True,"12,35,107,56,39,60,105,43,109,140",0.8871715664863586,-1.6012237071990967,-0.8397188782691956,-1.1213688850402832,7.998642921447754,5.7796454429626465,-1.9579803943634033,0.4,1.0,-3.357980251312256,1.19551420211792,-4.553494453430176,-1.3705265522003174,-6.852034568786621,0.9930846095085144,0.5012592077255249,0.9471139311790466,0.0
0,51,None,False,"12,35,107,56,39,60,105,43,109,140",0.8700406551361084,-1.1875813007354736,-0.7629585266113281,-0.9115275144577026,7.997635364532471,5.407088756561279,-2.700197219848633,0.0,0.0,-2.700197219848633,-0.9613633155822754,-1.7388339042663574,-0.6992851495742798,0.0,0.9049063324928284,0.5320872664451599,0.9471139311790466,0.0
0,52,None,False,"12,35,107,56,39,60,105,43,109,140",0.9841147065162659,-1.7226533889770508,-0.7825252413749695,-1.0776785612106323,7.995658874511719,7.096283435821533,-1.9715839624404907,0.0,0.0,-1.9715839624404907,-0.8572161197662354,-1.1143678426742554,-0.5247021913528442,0.0,1.017433524131775,0.6443672180175781,0.9471139311790466,0.0
0,53,None,False,"12,35,107,56,39,60,105,43,109,140",0.8758169412612915,-1.3759509325027466,-0.9971519708633423,-0.8325154185295105,7.998809814453125,5.359964370727539,-4.280728340148926,0.0,0.0,-4.280728340148926,-2.0182907581329346,-2.262437582015991,-1.029105305671692,0.0,0.948852002620697,0.7110183835029602,0.9471139311790466,0.0
0,54,None,False,"12,35,107,56,39,60,105,43,109,140",0.8385177254676819,-1.470209002494812,-0.930307149887085,-0.7605806589126587,7.998347759246826,5.002233982086182,-4.1869330406188965,0.0,0.0,-4.1869330406188965,-2.8195083141326904,-1.367424726486206,-0.650576114654541,0.0,1.093718409538269,0.7932572364807129,0.9471139311790466,0.0
0,55,None,False,"12,35,107,56,39,60,105,43,109,140",0.8713818192481995,-1.4450526237487793,-0.7241792678833008,-1.0913076400756836,7.998757839202881,5.137420654296875,-2.440793514251709,0.0,0.0,-2.440793514251709,-2.088266611099243,-0.3525269031524658,-0.2304023802280426,0.0,0.9174310564994812,0.706432580947876,0.9471139311790466,0.0
0,56,None,False,"12,35,107,56,39,60,105,43,109,140",0.8899233341217041,-1.4367862939834595,-0.823635995388031,-0.8293107151985168,7.998188018798828,5.674693584442139,-3.0275821685791016,0.0,0.0,-3.0275821685791016,-1.1553764343261719,-1.8722057342529297,-0.7081761360168457,0.0,1.2176638841629028,0.5873960256576538,0.9471139311790466,0.0
0,57,Struct Break (DC),True,"137,93,28,5,72,20,135,121,42,12",0.8793575763702393,-1.288132667541504,-0.8728080987930298,-0.7943730354309082,7.997978687286377,4.137039661407471,-3.4839489459991455,0.35999999046325687,0.8999999761581421,-4.743948936462402,-1.8043339252471924,-2.93961501121521,-0.9334431886672974,-4.676425457000732,1.0421873331069946,0.5792690515518188,0.9471139311790466,0.0
0,58,None,False,"137,93,28,5,72,20,135,121,42,12",0.7891621589660645,-1.4201912879943848,-0.9230908751487732,-0.7884946465492249,7.998746871948242,5.005068778991699,-2.6674275398254395,0.0,0.0,-2.6674275398254395,-2.3499608039855957,-0.31746673583984375,-0.25197911262512207,0.0,1.0901212692260742,0.5464338064193726,0.9471139311790466,0.0
0,59,None,False,"137,93,28,5,72,20,135,121,42,12",0.8204536437988281,-1.4414491653442383,-0.9165818691253662,-1.1374377012252808,7.998294830322266,4.8510894775390625,-2.428210973739624,0.0,0.0,-2.428210973739624,-0.9724915027618408,-1.4557194709777832,-0.5524030923843384,0.0,0.9610551595687866,0.5093964338302612,0.9471139311790466,0.0
0,60,None,False,"137,93,28,5,72,20,135,121,42,12",0.8791916370391846,-1.5797476768493652,-0.902539849281311,-1.069554090499878,7.998203754425049,5.2967658042907715,-1.0119712352752686,0.0,0.0,-1.0119712352752686,0.1740574836730957,-1.1860287189483643,-0.5977265238761902,0.0,1.1789168119430542,0.5000393390655518,0.9471139311790466,0.0
0,61,None,False,"137,93,28,5,72,20,135,121,42,12",0.8378003835678101,-1.540522575378418,-0.9170973300933838,-0.9762454032897949,7.998605251312256,4.6504364013671875,-0.7503604888916016,0.0,0.0,-0.7503604888916016,-0.462871789932251,-0.2874886989593506,-0.24116599559783936,0.0,1.1802055835723877,0.5251283645629883,0.9471139311790466,0.0
0,62,Struct Break (DC),True,"28,48,114,119,104,118,33,87,88,31",0.8157300353050232,-1.5849217176437378,-0.8915492296218872,-1.14287269115448,7.998392105102539,4.022575855255127,-5.17770528793335,0.35999999046325687,0.8999999761581421,-6.437705039978027,0.0965118408203125,-6.53421688079834,-2.0794427394866943,-10.368566513061523,1.0655478239059448,0.511627733707428,0.9471139311790466,0.0
0,63,None,False,"28,48,114,119,104,118,33,87,88,31",0.9301005601882935,-1.831133484840393,-0.9048822522163391,-0.8795915842056274,7.997228622436523,6.596868515014648,-5.471102237701416,0.0,0.0,-5.471102237701416,-0.3397822380065918,-5.131319999694824,-1.874750018119812,0.0,1.0452758073806763,0.46513721346855164,0.9471139311790466,0.0
0,64,None,False,"28,48,114,119,104,118,33,87,88,31",0.8962486386299133,-1.515959620475769,-0.6602017879486084,-1.2920513153076172,7.996622085571289,5.960325241088867,-5.7693071365356445,0.0,0.0,-5.7693071365356445,-1.1256814002990723,-4.643625736236572,-1.3472198247909546,0.0,1.259030818939209,0.5375821590423584,0.9471139311790466,0.0
0,65,None,False,"28,48,114,119,104,118,33,87,88,31",0.8414432406425476,-1.6944574117660522,-1.0172538757324219,-0.9589716792106628,7.998490333557129,7.037853240966797,-4.458071708679199,0.0,0.0,-4.458071708679199,-0.3773212432861328,-4.080750465393066,-1.3053480386734009,0.0,1.3457374572753906,0.5530276298522949,0.9471139311790466,0.0
0,66,None,False,"28,48,114,119,104,118,33,87,88,31",1.1120326519012451,-1.552380084991455,-1.0362155437469482,-0.8684694170951843,7.996790885925293,5.9981608390808105,-3.255491256713867,0.0,0.0,-3.255491256713867,-0.3414034843444824,-2.9140877723693848,-1.0142003297805786,0.0,1.3628803491592407,0.5145446062088013,0.9471139311790466,0.0
0,67,None,False,"28,48,114,119,104,118,33,87,88,31",0.7692688703536987,-1.6917085647583008,-0.7593486309051514,-0.9302022457122803,7.997420310974121,6.847956657409668,-1.6989390850067139,0.0,0.0,-1.6989390850067139,1.565384864807129,-3.2643239498138428,-1.0348410606384277,0.0,1.5600073337554932,0.5253583192825317,0.9471139311790466,0.0
0,68,None,False,"28,48,114,119,104,118,33,87,88,31",0.8843848705291748,-1.678628921508789,-0.8346054553985596,-1.0465871095657349,7.997352600097656,4.979434967041016,-0.10967136174440384,0.0,0.0,-0.10967136174440384,2.3261308670043945,-2.4358022212982178,-0.7705236077308655,0.0,1.177431583404541,0.5217679738998413,0.9471139311790466,0.0
0,69,None,False,"28,48,114,119,104,118,33,87,88,31",0.7397438287734985,-1.5240991115570068,-0.845032811164856,-1.07139253616333,7.997437477111816,4.595608234405518,-0.719640851020813,0.0,0.0,-0.719640851020813,1.7173290252685547,-2.436969757080078,-0.8701861500740051,0.0,1.1715809106826782,0.4324290454387665,0.9471139311790466,0.0
0,70,None,False,"28,48,114,119,104,118,33,87,88,31",1.0695768594741821,-1.4865726232528687,-0.9380935430526733,-1.1167023181915283,7.997251510620117,6.253921985626221,-1.2393569946289062,0.0,0.0,-1.2393569946289062,0.2566218376159668,-1.495978832244873,-0.5733745098114014,0.0,1.1662988662719727,0.4338949918746948,0.9471139311790466,0.0
0,71,None,False,"28,48,114,119,104,118,33,87,88,31",1.0681252479553223,-1.691848635673523,-0.7119230031967163,-1.1032357215881348,7.9955854415893555,5.065402030944824,-4.572147369384766,0.0,0.0,-4.572147369384766,-1.6512513160705566,-2.920896053314209,-1.1954350471496582,0.0,1.1111550331115723,0.44654279947280884,0.9471139311790466,0.0
0,72,None,False,"28,48,114,119,104,118,33,87,88,31",0.9097643494606018,-1.6371946334838867,-0.8328743577003479,-1.1009469032287598,7.997868537902832,7.302791118621826,-3.579148769378662,0.0,0.0,-3.579148769378662,-1.7903387546539307,-1.7888100147247314,-0.7283387184143066,0.0,0.7366527318954468,0.3599296510219574,0.9471139311790466,0.0
0,73,None,False,"28,48,114,119,104,118,33,87,88,31",0.8969338536262512,-1.387128472328186,-0.6568922996520996,-1.0951892137527466,7.997809886932373,3.9555933475494385,-2.980701208114624,0.0,0.0,-2.980701208114624,-1.9316554069519043,-1.0490458011627197,-0.7090864777565002,0.0,0.7757145166397095,0.39033129811286926,0.9471139311790466,0.0
0,74,None,False,"28,48,114,119,104,118,33,87,88,31",0.8280631899833679,-1.5639272928237915,-0.8914963603019714,-1.0040377378463745,7.997879981994629,4.056189060211182,-3.620316743850708,0.0,0.0,-3.620316743850708,-1.8639445304870605,-1.7563722133636475,-0.7455053329467773,0.0,0.6735347509384155,0.38944482803344727,0.9471139311790466,0.0
0,75,None,False,"28,48,114,119,104,118,33,87,88,31",0.8590010404586792,-1.5497761964797974,-1.0603209733963013,-1.04433274269104,7.997635841369629,3.7298779487609863,-3.996603488922119,0.0,0.0,-3.996603488922119,-1.1752307415008545,-2.8213727474212646,-1.0198652744293213,0.0,0.9237290620803833,0.4446394145488739,0.9471139311790466,0.0
0,76,Schedule,True,"114,27,124,16,106,83,130,36,105,56",0.9180331230163574,-1.819680094718933,-0.9586809277534485,-1.0255626440048218,7.997154712677002,6.670099258422852,-1.8704837560653687,0.35999999046325687,0.8999999761581421,-3.130483627319336,-2.083742618560791,-1.046741008758545,-0.45873910188674927,-2.325047254562378,0.9365905523300171,0.5428768396377563,0.9471139311790466,0.0
0,77,None,False,"114,27,124,16,106,83,130,36,105,56",1.0205738544464111,-1.4930789470672607,-0.7388126850128174,-1.11421799659729,7.996952056884766,4.94969367980957,-4.171862602233887,0.0,0.0,-4.171862602233887,-3.4257113933563232,-0.7461512088775635,-0.21297034621238708,0.0,1.0194493532180786,0.568202018737793,0.9471139311790466,0.0
0,78,None,False,"114,27,124,16,106,83,130,36,105,56",0.931672215461731,-1.563999891281128,-0.8772362470626831,-0.9920754432678223,7.9976935386657715,5.121485233306885,-3.5117197036743164,0.0,0.0,-3.5117197036743164,-3.1190037727355957,-0.3927159309387207,-0.0420149564743042,0.0,0.9615545868873596,0.5231028199195862,0.9471139311790466,0.0
0,79,None,False,"114,27,124,16,106,83,130,36,105,56",0.7531017065048218,-1.6330678462982178,-0.8699483871459961,-1.0447797775268555,7.998167991638184,5.1886982917785645,-3.7619900703430176,0.0,0.0,-3.7619900703430176,-2.132922410964966,-1.6290676593780518,-0.46704012155532837,0.0,1.183123230934143,0.5879148244857788,0.9471139311790466,0.0
0,80,None,False,"114,27,124,16,106,83,130,36,105,56",0.9236807227134705,-1.3596668243408203,-0.703262448310852,-0.8765138387680054,7.997814655303955,3.064479351043701,-3.3976666927337646,0.0,0.0,-3.3976666927337646,-1.6639649868011475,-1.7337017059326172,-0.5715219974517822,0.0,1.3756251335144043,0.4918254613876343,0.9471139311790466,0.0
0,81,Struct Break (DC),True,"97,53,61,35,88,1,140,111,78,40",0.8037292957305908,-1.1656429767608643,-1.280515193939209,-0.9427866339683533,7.996760368347168,7.066141605377197,-5.932919025421143,0.4,1.0,-7.332919120788574,-3.2570242881774902,-4.075894832611084,-1.2261778116226196,-6.125607967376709,1.171158790588379,0.5754661560058594,0.9471139311790466,0.0
0,82,None,False,"97,53,61,35,88,1,140,111,78,40",0.8928673267364502,-1.5261071920394897,-0.8314082622528076,-1.2320810556411743,7.99696683883667,7.900801181793213,-7.067338466644287,0.0,0.0,-7.067338466644287,-4.171794891357422,-2.8955435752868652,-0.8038566708564758,0.0,1.4633268117904663,0.5778037309646606,0.9471139311790466,0.0
0,83,None,False,"97,53,61,35,88,1,140,111,78,40",0.701787531375885,-1.6652116775512695,-0.89780592918396,-1.073488473892212,7.998611927032471,4.560178279876709,-6.554599285125732,0.0,0.0,-6.554599285125732,-1.9227981567382812,-4.631801128387451,-1.3183850049972534,0.0,1.1946821212768555,0.5634686946868896,0.9471139311790466,0.0
0,84,None,False,"97,53,61,35,88,1,140,111,78,40",0.8237521648406982,-1.4227492809295654,-0.9033119678497314,-0.7912224531173706,7.998297691345215,3.1708993911743164,-5.332359790802002,0.0,0.0,-5.332359790802002,-1.4721810817718506,-3.8601787090301514,-1.2930957078933716,0.0,1.259443998336792,0.640475869178772,0.9471139311790466,0.0
0,85,Struct Break (DC),True,"118,47,82,26,54,67,100,104,110,40",0.7727707028388977,-1.5549675226211548,-1.3179912567138672,-1.0418226718902588,7.9980363845825195,4.217169761657715,-0.6001627445220947,0.35999999046325687,0.8999999761581421,-1.8601627349853516,1.4835596084594727,-3.343722343444824,-1.2236413955688477,-6.115406036376953,1.0938869714736938,0.537312388420105,0.9471139311790466,0.0
0,86,None,False,"118,47,82,26,54,67,100,104,110,40",0.7935234308242798,-1.5273538827896118,-1.0162501335144043,-1.0007426738739014,7.998067378997803,5.359116077423096,1.296389102935791,0.0,0.0,1.296389102935791,2.441287040710449,-1.1448979377746582,-0.5867321491241455,0.0,1.1109639406204224,0.5803477764129639,0.9471139311790466,0.0
0,87,None,False,"118,47,82,26,54,67,100,104,110,40",0.7662473917007446,-1.4121849536895752,-0.8086198568344116,-1.069141149520874,7.997488975524902,3.538099527359009,0.14770686626434326,0.0,0.0,0.14770686626434326,-0.3623545169830322,0.5100613832473755,-0.20498807728290558,0.0,1.1774609088897705,0.6165686249732971,0.9471139311790466,0.0
0,88,None,False,"118,47,82,26,54,67,100,104,110,40",0.8122636079788208,-1.6413925886154175,-0.850773274898529,-0.8592663407325745,7.997570514678955,4.8523383140563965,-1.2944799661636353,0.0,0.0,-1.2944799661636353,0.06003379821777344,-1.3545137643814087,-0.701961874961853,0.0,1.1020724773406982,0.5808619260787964,0.9471139311790466,0.0
0,89,None,False,"118,47,82,26,54,67,100,104,110,40",0.877545952796936,-1.5473371744155884,-0.847718358039856,-0.9212010502815247,7.998406410217285,4.832927227020264,-3.3476955890655518,0.0,0.0,-3.3476955890655518,-0.1488327980041504,-3.1988627910614014,-1.0488361120224,0.0,1.1812338829040527,0.5624348521232605,0.9471139311790466,0.0
0,90,None,False,"118,47,82,26,54,67,100,104,110,40",0.9539548754692078,-1.6839873790740967,-0.9880953431129456,-0.9980469942092896,7.997922897338867,4.05317497253418,-1.960792064666748,0.0,0.0,-1.960792064666748,0.6300926208496094,-2.5908846855163574,-0.955405592918396,0.0,1.0382418632507324,0.6299235820770264,0.9471139311790466,0.0
0,91,None,False,"118,47,82,26,54,67,100,104,110,40",0.8399679660797119,-1.6269880533218384,-0.9895829558372498,-0.8094637393951416,7.998391628265381,3.827958822250366,0.8422022461891174,0.0,0.0,0.8422022461891174,1.68229341506958,-0.8400911688804626,-0.39151397347450256,0.0,1.4084094762802124,0.5896874666213989,0.9471139311790466,0.0
0,92,None,False,"118,47,82,26,54,67,100,104,110,40",0.8890153765678406,-1.5580790042877197,-0.9292553663253784,-0.8428023457527161,7.998128890991211,4.440244674682617,1.6764581203460693,0.0,0.0,1.6764581203460693,1.5806317329406738,0.09582638740539551,-0.19473107159137726,0.0,1.4183377027511597,0.705604076385498,0.9471139311790466,0.0
0,93,None,False,"118,47,82,26,54,67,100,104,110,40",0.700232982635498,-1.362569808959961,-0.9287894368171692,-0.8905050754547119,7.998236656188965,3.9293880462646484,1.7523635625839233,0.0,0.0,1.7523635625839233,0.6996512413024902,1.052712321281433,0.04250938817858696,0.0,1.549248456954956,0.7372301816940308,0.9471139311790466,0.0
0,94,None,False,"118,47,82,26,54,67,100,104,110,40",0.7769680023193359,-1.2544128894805908,-0.8984562158584595,-1.264073133468628,7.9973602294921875,4.359701156616211,3.9459943771362305,0.0,0.0,3.9459943771362305,0.2488255500793457,3.6971688270568848,0.7305182814598083,0.0,1.5248777866363525,0.6857868432998657,0.9471139311790466,0.0
0,95,None,False,"118,47,82,26,54,67,100,104,110,40",0.7672116756439209,-1.5678832530975342,-0.6297508478164673,-0.939038872718811,7.9973859786987305,5.072844505310059,4.9961042404174805,0.0,0.0,4.9961042404174805,0.7836580276489258,4.212446212768555,0.990523636341095,0.0,1.6236367225646973,0.6455676555633545,0.9471139311790466,0.0
0,96,None,False,"118,47,82,26,54,67,100,104,110,40",0.8215154409408569,-1.4716311693191528,-0.8490807414054871,-0.8191719651222229,7.998200416564941,3.380910634994507,7.949420928955078,0.0,0.0,7.949420928955078,2.6502132415771484,5.29920768737793,1.0174065828323364,0.0,1.4560761451721191,0.6213021874427795,0.9471139311790466,0.0
0,97,Struct Break (DC),True,"110,116,76,93,139,2,7,141,28,80",0.8771804571151733,-1.4130600690841675,-0.705720841884613,-0.8987945914268494,7.998461723327637,3.7135913372039795,2.733128070831299,0.35999999046325687,0.8999999761581421,1.473128080368042,1.4372825622558594,0.03584551811218262,-0.15834090113639832,-0.8357815742492676,1.312788963317871,0.5966812372207642,0.9471139311790466,0.0
0,98,None,False,"110,116,76,93,139,2,7,141,28,80",0.6786432862281799,-1.4960726499557495,-0.6503633856773376,-1.0756630897521973,7.998043060302734,4.526135444641113,1.9012551307678223,0.0,0.0,1.9012551307678223,1.485145092010498,0.4161100387573242,0.03618801012635231,0.0,1.543968677520752,0.5387917757034302,0.9471139311790466,0.0
0,99,None,False,"110,116,76,93,139,2,7,141,28,80",0.8683120608329773,-1.4860942363739014,-0.5541734099388123,-0.9196231365203857,7.997570514678955,4.469274044036865,-0.40723323822021484,0.0,0.0,-0.40723323822021484,0.6872177124023438,-1.0944509506225586,-0.4370763599872589,0.0,1.4146488904953003,0.5058527588844299,0.9471139311790466,0.0
0,100,None,False,"110,116,76,93,139,2,7,141,28,80",0.6888947486877441,-1.5316520929336548,-0.8423649072647095,-0.8968656063079834,7.997685432434082,4.627923011779785,-0.21178126335144043,0.0,0.0,-0.21178126335144043,1.2219429016113281,-1.4337241649627686,-0.5722789168357849,0.0,1.1702452898025513,0.547360897064209,0.9471139311790466,0.0
0,101,None,False,"110,116,76,93,139,2,7,141,28,80",0.9556986093521118,-1.9526169300079346,-0.8866676092147827,-1.2304677963256836,7.996541976928711,6.11923360824585,0.7165539264678955,0.0,0.0,0.7165539264678955,2.7782082557678223,-2.0616543292999268,-0.5978559851646423,0.0,1.1731165647506714,0.6116989850997925,0.9471139311790466,0.0
0,102,None,False,"110,116,76,93,139,2,7,141,28,80",0.8167845010757446,-1.3237055540084839,-0.7167941331863403,-1.0245862007141113,7.997889995574951,5.184446811676025,0.9992390871047974,0.0,0.0,0.9992390871047974,3.031766414642334,-2.032527446746826,-0.6183013319969177,0.0,1.187923550605774,0.5982592105865479,0.9471139311790466,0.0
0,103,None,False,"110,116,76,93,139,2,7,141,28,80",0.8824379444122314,-1.7642980813980103,-0.9895410537719727,-1.0065830945968628,7.997670650482178,3.498643636703491,0.9213972091674805,0.0,0.0,0.9213972091674805,3.434479236602783,-2.5130820274353027,-0.6580348014831543,0.0,0.9887504577636719,0.5481845140457153,0.9471139311790466,0.0
0,104,None,False,"110,116,76,93,139,2,7,141,28,80",0.9824999570846558,-1.7464102506637573,-0.9566547870635986,-0.8366068005561829,7.997806549072266,4.089272499084473,1.298951506614685,0.0,0.0,1.298951506614685,3.1142354011535645,-1.8152838945388794,-0.5117126107215881,0.0,0.9978476166725159,0.4261927008628845,0.9471139311790466,0.0
0,105,None,False,"110,116,76,93,139,2,7,141,28,80",0.7894375920295715,-1.4564810991287231,-0.8803382515907288,-1.089889407157898,7.997666835784912,4.189391613006592,2.15924072265625,0.0,0.0,2.15924072265625,2.338290214538574,-0.17904949188232422,-0.0004879124171566218,0.0,0.8630310893058777,0.3492235243320465,0.9471139311790466,0.0
0,106,None,False,"110,116,76,93,139,2,7,141,28,80",0.7743619084358215,-1.4377914667129517,-0.8408893346786499,-0.9064992666244507,7.997774600982666,3.8378214836120605,1.4639073610305786,0.0,0.0,1.4639073610305786,3.140735626220703,-1.6768282651901245,-0.5193442702293396,0.0,0.7674622535705566,0.4247303009033203,0.9471139311790466,0.0
0,107,None,False,"110,116,76,93,139,2,7,141,28,80",0.8083958029747009,-1.5257173776626587,-0.6486401557922363,-0.8948143124580383,7.997100830078125,4.262864112854004,-1.0965591669082642,0.0,0.0,-1.0965591669082642,2.9811739921569824,-4.077733039855957,-1.6192249059677124,0.0,1.1221556663513184,0.4462849795818329,0.9471139311790466,0.0
0,108,None,False,"110,116,76,93,139,2,7,141,28,80",0.9634018540382385,-1.7185945510864258,-0.7318792939186096,-0.8939392566680908,7.997983455657959,6.165809154510498,0.6185519695281982,0.0,0.0,0.6185519695281982,2.6462197303771973,-2.027667760848999,-0.7478240728378296,0.0,1.026920199394226,0.32932591438293457,0.9471139311790466,0.0
0,109,None,False,"110,116,76,93,139,2,7,141,28,80",0.8537483215332031,-1.5853538513183594,-0.7605210542678833,-0.8741211891174316,7.997501373291016,4.210996150970459,0.9464669227600098,0.0,0.0,0.9464669227600098,3.217172622680664,-2.2707056999206543,-0.9207051396369934,0.0,0.9005559682846069,0.34911176562309265,0.9471139311790466,0.0
0,110,None,False,"110,116,76,93,139,2,7,141,28,80",0.9096271991729736,-1.2682355642318726,-0.9513564109802246,-0.8058648109436035,7.998303413391113,5.5467095375061035,-1.3622486591339111,0.0,0.0,-1.3622486591339111,2.25294828414917,-3.615196943283081,-0.9913556575775146,0.0,0.7512697577476501,0.34695303440093994,0.9471139311790466,0.0
0,111,Schedule,True,"134,13,76,2,82,68,86,35,114,45",0.9194689989089966,-1.3192230463027954,-0.7400590181350708,-1.0302612781524658,7.997120380401611,5.082075119018555,0.8310770392417908,0.3200000047683716,0.800000011920929,-0.2889229655265808,2.4692296981811523,-2.758152723312378,-0.8315396308898926,-4.17915153503418,0.8212224245071411,0.4524264335632324,0.9471139311790466,0.0
0,112,None,False,"134,13,76,2,82,68,86,35,114,45",1.0100271701812744,-1.6438124179840088,-0.8912456631660461,-0.9845214486122131,7.996593952178955,5.285913944244385,2.207770824432373,0.0,0.0,2.207770824432373,3.1769275665283203,-0.9691567420959473,-0.29258790612220764,0.0,0.8478735685348511,0.32565778493881226,0.9471139311790466,0.0
0,113,None,False,"134,13,76,2,82,68,86,35,114,45",1.2539972066879272,-1.6157166957855225,-0.7320865392684937,-0.9630550742149353,7.995387554168701,6.311650276184082,3.588474988937378,0.0,0.0,3.588474988937378,3.4392476081848145,0.14922738075256348,0.10159669071435928,0.0,0.7295646667480469,0.31173425912857056,0.9471139311790466,0.0
0,114,None,False,"134,13,76,2,82,68,86,35,114,45",0.8163886070251465,-1.477237582206726,-0.7765646576881409,-0.7804132699966431,7.997644901275635,6.9030375480651855,3.662100315093994,0.0,0.0,3.662100315093994,2.604842185974121,1.057258129119873,0.4409075379371643,0.0,0.695933997631073,0.34332165122032166,0.9471139311790466,0.0
0,115,None,False,"134,13,76,2,82,68,86,35,114,45",0.7198948860168457,-1.5670652389526367,-0.8480046391487122,-0.9083696007728577,7.998258113861084,4.966256141662598,3.7295777797698975,0.0,0.0,3.7295777797698975,2.785313129425049,0.9442646503448486,0.4465555250644684,0.0,0.8824536204338074,0.2920350730419159,0.9471139311790466,0.0
0,116,None,False,"134,13,76,2,82,68,86,35,114,45",0.833604097366333,-1.473832368850708,-1.0330090522766113,-0.835964024066925,7.997809410095215,6.147928237915039,3.447194814682007,0.0,0.0,3.447194814682007,2.1464943885803223,1.3007004261016846,0.4745454788208008,0.0,0.9419465065002441,0.2908848524093628,0.9471139311790466,0.0
0,117,None,False,"134,13,76,2,82,68,86,35,114,45",0.7601401805877686,-1.541193962097168,-0.9980934262275696,-0.9224133491516113,7.997932434082031,5.537018299102783,2.67814040184021,0.0,0.0,2.67814040184021,2.195143699645996,0.48299670219421387,0.1864156723022461,0.0,0.7600417733192444,0.3503871560096741,0.9471139311790466,0.0
0,118,None,False,"134,13,76,2,82,68,86,35,114,45",1.10593843460083,-1.5730260610580444,-0.7362899780273438,-0.9126847386360168,7.997096061706543,6.117731094360352,2.0812602043151855,0.0,0.0,2.0812602043151855,2.275693416595459,-0.19443321228027344,-0.0940023809671402,0.0,0.5409334897994995,0.36510759592056274,0.9471139311790466,0.0
0,119,None,False,"134,13,76,2,82,68,86,35,114,45",0.8158507347106934,-1.8327833414077759,-1.0788145065307617,-1.2345564365386963,7.997717380523682,6.06951379776001,2.1680569648742676,0.0,0.0,2.1680569648742676,3.8115382194519043,-1.6434812545776367,-0.8093438148498535,0.0,0.7292976975440979,0.39088428020477295,0.9471139311790466,0.0
0,120,None,False,"134,13,76,2,82,68,86,35,114,45",0.7954545021057129,-1.4573615789413452,-0.6167318820953369,-0.7892831563949585,7.997506141662598,5.415153980255127,5.242950916290283,0.0,0.0,5.242950916290283,3.0947089195251465,2.1482419967651367,0.52493816614151,0.0,0.7576055526733398,0.3614569306373596,0.9471139311790466,0.0
0,121,None,False,"134,13,76,2,82,68,86,35,114,45",0.9514827728271484,-1.7114708423614502,-0.7676916718482971,-1.0314172506332397,7.9970316886901855,5.699322700500488,6.2218098640441895,0.0,0.0,6.2218098640441895,3.363168239593506,2.8586416244506836,0.7891536951065063,0.0,0.7052375078201294,0.2867068648338318,0.9471139311790466,0.0
0,122,None,False,"134,13,76,2,82,68,86,35,114,45",0.7165422439575195,-1.5597410202026367,-0.9492952227592468,-0.9121878147125244,7.99712610244751,4.743748188018799,8.142339706420898,0.0,0.0,8.142339706420898,4.288375377655029,3.853964328765869,1.0782389640808105,0.0,0.8388202786445618,0.35116392374038696,0.9471139311790466,0.0
0,123,None,False,"134,13,76,2,82,68,86,35,114,45",0.769581139087677,-1.4652056694030762,-0.7395304441452026,-0.9295159578323364,7.997470855712891,3.009749412536621,6.146206378936768,0.0,0.0,6.146206378936768,3.3645987510681152,2.7816076278686523,0.698668360710144,0.0,0.9704034328460693,0.34347450733184814,0.9471139311790466,0.0
0,124,None,False,"134,13,76,2,82,68,86,35,114,45",0.7998930215835571,-1.5563983917236328,-0.8221773505210876,-0.6642569303512573,7.99737024307251,4.9426422119140625,7.393463134765625,0.0,0.0,7.393463134765625,3.009521961212158,4.383941173553467,1.013584017753601,0.0,0.836347222328186,0.5581997632980347,0.9471139311790466,0.0
0,125,Schedule,True,"137,3,59,26,41,11,50,55,39,81",0.9360959529876709,-1.6487574577331543,-0.7639099955558777,-1.1283668279647827,7.996353626251221,7.504330158233643,4.786810398101807,0.4,1.0,3.386810302734375,2.7814745903015137,0.6053357124328613,-0.28766992688179016,-1.477207899093628,0.8405209183692932,0.5737974047660828,0.9471139311790466,0.0
0,126,None,False,"137,3,59,26,41,11,50,55,39,81",1.0783462524414062,-1.4063664674758911,-0.8511180877685547,-0.9451532959938049,7.997445106506348,5.507615089416504,5.820728302001953,0.0,0.0,5.820728302001953,2.7635812759399414,3.0571470260620117,0.5456592440605164,0.0,0.8795216679573059,0.5563399195671082,0.9471139311790466,0.0
0,127,None,False,"137,3,59,26,41,11,50,55,39,81",0.8959100246429443,-1.1272355318069458,-0.8884202241897583,-1.05259370803833,7.997305870056152,6.326170921325684,3.8332502841949463,0.0,0.0,3.8332502841949463,1.9994854927062988,1.8337647914886475,0.08339545875787735,0.0,1.0026229619979858,0.5365849137306213,0.9471139311790466,0.0
0,0,Schedule | Regime Shift (Initial),True,"58,21,82,12,16,133,61,127,76,87",0.9618490934371948,-1.0857466459274292,-0.9607053995132446,-0.9028660655021667,7.997580528259277,6.06461238861084,-0.24547576904296875,0.0,0.0,-0.24547576904296875,2.9216527938842773,-3.167128562927246,-1.6297630071640015,-8.140857696533203,0.8601033091545105,0.4564031958580017,1.0408178567886353,0.0
0,1,None,False,"58,21,82,12,16,133,61,127,76,87",0.8793266415596008,-0.8938891291618347,-0.8569514155387878,-0.9026806950569153,7.9982194900512695,3.647383689880371,-0.983467161655426,0.0,0.0,-0.983467161655426,2.5789499282836914,-3.5624170303344727,-1.3288131952285767,0.0,0.882028341293335,0.5029469728469849,1.0408178567886353,0.0
0,2,None,False,"58,21,82,12,16,133,61,127,76,87",0.8895816802978516,-1.1357605457305908,-0.8405416011810303,-0.9074950218200684,7.998657703399658,3.3049001693725586,-4.1443705558776855,0.0,0.0,-4.1443705558776855,2.0174384117126465,-6.161808967590332,-1.9307888746261597,0.0,0.7358679175376892,0.45336660742759705,1.0408178567886353,0.0
0,3,None,False,"58,21,82,12,16,133,61,127,76,87",0.9840134382247925,-1.2560796737670898,-1.0215733051300049,-0.9210681319236755,7.997493743896484,4.4109416007995605,-2.6754910945892334,0.0,0.0,-2.6754910945892334,3.683149814605713,-6.358640670776367,-1.977951169013977,0.0,0.7661157250404358,0.4474906623363495,1.0408178567886353,0.0
0,4,None,False,"58,21,82,12,16,133,61,127,76,87",0.8772706389427185,-1.0768333673477173,-1.0177602767944336,-0.9896032214164734,7.997681617736816,3.9709279537200928,-1.7488290071487427,0.0,0.0,-1.7488290071487427,3.072214126586914,-4.821043014526367,-1.4758894443511963,0.0,0.6076499223709106,0.4693624973297119,1.0408178567886353,0.0
0,5,None,False,"58,21,82,12,16,133,61,127,76,87",0.8938274383544922,-1.1472302675247192,-0.9214425086975098,-0.8709397912025452,7.996504783630371,4.9261088371276855,-1.1158812046051025,0.0,0.0,-1.1158812046051025,3.7367939949035645,-4.852675437927246,-1.429921269416809,0.0,0.5445970296859741,0.46862250566482544,1.0408178567886353,0.0
0,6,None,False,"58,21,82,12,16,133,61,127,76,87",0.9776344895362854,-1.0976967811584473,-0.7055941224098206,-0.8382964134216309,7.998398780822754,5.718864917755127,-2.559849739074707,0.0,0.0,-2.559849739074707,2.9851555824279785,-5.5450053215026855,-1.8220012187957764,0.0,0.8338992595672607,0.49733635783195496,1.0408178567886353,0.0
0,7,None,False,"58,21,82,12,16,133,61,127,76,87",0.9442712068557739,-1.2624634504318237,-0.9015670418739319,-1.187268614768982,7.99740743637085,4.350597381591797,-2.676100730895996,0.0,0.0,-2.676100730895996,3.4228086471557617,-6.098909378051758,-1.9693621397018433,0.0,0.9500621557235718,0.5276381373405457,1.0408178567886353,0.0
0,8,None,False,"58,21,82,12,16,133,61,127,76,87",1.1092785596847534,-1.2605247497558594,-0.5744494199752808,-0.9468599557876587,7.99632453918457,6.028448581695557,-1.260557770729065,0.0,0.0,-1.260557770729065,2.5464296340942383,-3.8069872856140137,-1.3783763647079468,0.0,1.0773569345474243,0.5367445349693298,1.0408178567886353,0.0
0,9,None,False,"58,21,82,12,16,133,61,127,76,87",1.0060303211212158,-1.1016454696655273,-0.7523895502090454,-0.7870386838912964,7.9980974197387695,4.937398433685303,-1.18388831615448,0.0,0.0,-1.18388831615448,1.4200091361999512,-2.6038975715637207,-1.0034116506576538,0.0,1.268269419670105,0.5561563372612,1.0408178567886353,0.0
0,10,None,False,"58,21,82,12,16,133,61,127,76,87",0.901970386505127,-1.0001912117004395,-0.6824167966842651,-0.8239110708236694,7.996848106384277,3.6061043739318848,-0.8850288391113281,0.0,0.0,-0.8850288391113281,0.6381750106811523,-1.5232038497924805,-0.506687343120575,0.0,1.2458170652389526,0.6207646131515503,1.0408178567886353,0.0
0,11,None,False,"58,21,82,12,16,133,61,127,76,87",0.8913829922676086,-1.162142276763916,-0.6143238544464111,-0.8517539501190186,7.997265338897705,5.07607364654541,3.418219804763794,0.0,0.0,3.418219804763794,2.1149039268493652,1.3033158779144287,0.37321799993515015,0.0,1.4553827047348022,0.6415475010871887,1.0408178567886353,0.0
0,12,None,False,"58,21,82,12,16,133,61,127,76,87",0.8939562439918518,-1.0993068218231201,-0.6433629989624023,-0.9135452508926392,7.997802257537842,5.608972549438477,5.1550140380859375,0.0,0.0,5.1550140380859375,1.7996668815612793,3.355347156524658,0.8964129686355591,0.0,1.108092188835144,0.6200861930847168,1.0408178567886353,0.0
0,13,None,False,"58,21,82,12,16,133,61,127,76,87",0.7992004156112671,-0.9967154264450073,-0.7939760684967041,-0.800467312335968,7.997522354125977,5.4951558113098145,5.0527024269104,0.0,0.0,5.0527024269104,1.4775872230529785,3.575115203857422,0.975771963596344,0.0,1.3968124389648438,0.5601567029953003,1.0408178567886353,0.0
0,14,Schedule,True,"78,92,32,67,136,46,85,83,30,37",0.887473464012146,-1.1885502338409424,-0.5938088297843933,-0.6872962117195129,7.998244285583496,4.473634719848633,-0.6874042749404907,0.4,1.0,-2.087404251098633,-0.3073275089263916,-1.7800767421722412,-0.3580361008644104,-1.8267067670822144,1.3238816261291504,0.5900843143463135,1.0408178567886353,0.0
0,15,None,False,"78,92,32,67,136,46,85,83,30,37",0.9892885088920593,-1.2824054956436157,-0.6561004519462585,-0.5953035354614258,7.998576641082764,4.3711838722229,-1.7282098531723022,0.0,0.0,-1.7282098531723022,-0.9005963802337646,-0.8276134729385376,-0.269541472196579,0.0,1.020969033241272,0.6486467123031616,1.0408178567886353,0.0
0,16,None,False,"78,92,32,67,136,46,85,83,30,37",0.8768385648727417,-1.386631965637207,-0.9057508707046509,-0.9215329885482788,7.999014377593994,3.515702962875366,-0.12998521327972412,0.0,0.0,-0.12998521327972412,0.28203725814819336,-0.4120224714279175,0.005055694840848446,0.0,1.1445258855819702,0.6005021333694458,1.0408178567886353,0.0
0,17,None,False,"78,92,32,67,136,46,85,83,30,37",0.8295325040817261,-1.0960596799850464,-0.7466152906417847,-1.00905179977417,7.997794151306152,5.075399875640869,-0.9700667858123779,0.0,0.0,-0.9700667858123779,-1.9159436225891113,0.9458768367767334,0.4173380434513092,0.0,0.895765483379364,0.5049917697906494,1.0408178567886353,0.0
0,18,None,False,"78,92,32,67,136,46,85,83,30,37",0.7322601675987244,-1.5900343656539917,-0.8792556524276733,-1.0247336626052856,7.997087001800537,5.461940765380859,-0.8455848097801208,0.0,0.0,-0.8455848097801208,-2.7464747428894043,1.9008898735046387,0.6969711184501648,0.0,0.8143872618675232,0.5414488315582275,1.0408178567886353,0.0
0,19,None,False,"78,92,32,67,136,46,85,83,30,37",0.8790238499641418,-1.3406720161437988,-0.5978766679763794,-0.9027392864227295,7.997777938842773,3.9374492168426514,-1.1765635013580322,0.0,0.0,-1.1765635013580322,-3.166550397872925,1.9899868965148926,0.7323279976844788,0.0,0.9487748742103577,0.5267870426177979,1.0408178567886353,0.0
0,20,None,False,"78,92,32,67,136,46,85,83,30,37",0.8959201574325562,-1.6223911046981812,-0.7697654962539673,-1.1067029237747192,7.997435092926025,4.536511421203613,-0.5168360471725464,0.0,0.0,-0.5168360471725464,-3.5861194133758545,3.0692834854125977,0.9668114185333252,0.0,0.8927974700927734,0.5313423871994019,1.0408178567886353,0.0
0,21,None,False,"78,92,32,67,136,46,85,83,30,37",0.8608334064483643,-1.6520010232925415,-0.7843118906021118,-1.1845437288284302,7.997130393981934,4.051776885986328,-1.8380414247512817,0.0,0.0,-1.8380414247512817,-4.552459716796875,2.714418411254883,0.7410863637924194,0.0,0.675075352191925,0.47590792179107666,1.0408178567886353,0.0
0,22,None,False,"78,92,32,67,136,46,85,83,30,37",0.9758052825927734,-1.843627691268921,-0.9926328659057617,-1.1534148454666138,7.996302604675293,5.955909252166748,-2.3478949069976807,0.0,0.0,-2.3478949069976807,-5.298471450805664,2.9505765438079834,0.6563308835029602,0.0,0.8461503982543945,0.4715918004512787,1.0408178567886353,0.0
0,23,None,False,"78,92,32,67,136,46,85,83,30,37",0.9098077416419983,-1.6628153324127197,-0.7786899209022522,-1.2612841129302979,7.996957302093506,6.2723612785339355,-1.5122300386428833,0.0,0.0,-1.5122300386428833,-5.487728118896484,3.9754981994628906,0.9701114296913147,0.0,0.9182530045509338,0.5241202712059021,1.0408178567886353,0.0
0,24,None,False,"78,92,32,67,136,46,85,83,30,37",0.8831021189689636,-1.4340362548828125,-0.863034188747406,-0.9737659692764282,7.998764991760254,6.335033893585205,-0.5450809001922607,0.0,0.0,-0.5450809001922607,-5.145502090454102,4.600420951843262,1.1389654874801636,0.0,0.7819668054580688,0.6022748947143555,1.0408178567886353,0.0
0,25,None,False,"78,92,32,67,136,46,85,83,30,37",1.2043347358703613,-1.6976646184921265,-0.6475566625595093,-0.9376626014709473,7.996063232421875,7.076906204223633,-2.5797348022460938,0.0,0.0,-2.5797348022460938,-6.0349884033203125,3.4552536010742188,0.9810211062431335,0.0,1.1188154220581055,0.5918150544166565,1.0408178567886353,0.0
0,26,None,False,"78,92,32,67,136,46,85,83,30,37",0.9002469182014465,-1.6154108047485352,-0.8566274046897888,-0.953066885471344,7.998115062713623,4.9240336418151855,-3.1943838596343994,0.0,0.0,-3.1943838596343994,-6.170284748077393,2.975900888442993,0.7743882536888123,0.0,1.0020755529403687,0.5136154890060425,1.0408178567886353,0.0
0,27,None,False,"78,92,32,67,136,46,85,83,30,37",0.82628333568573,-1.5403178930282593,-0.8051893711090088,-1.001619815826416,7.997614860534668,4.323133945465088,-2.647766590118408,0.0,0.0,-2.647766590118408,-6.847363471984863,4.199596881866455,1.270094871520996,0.0,0.8325386643409729,0.5316224098205566,1.0408178567886353,0.0
0,28,Schedule,True,"5,84,104,140,26,43,27,71,121,19",0.8257125616073608,-1.376883625984192,-0.7985982298851013,-1.0656225681304932,7.998398780822754,4.371735572814941,1.4438486099243164,0.4,1.0,0.043848633766174316,-4.838073253631592,4.881921768188477,1.2070393562316895,5.931334972381592,0.9288477897644043,0.5759577751159668,1.0408178567886353,0.0
0,29,Struct Break (DC),True,"128,117,54,34,134,119,5,95,9,27",0.8318477869033813,-1.411484718322754,-0.8993274569511414,-1.1735942363739014,7.997570514678955,4.727386951446533,0.22089898586273193,0.3200000047683716,0.800000011920929,-0.8991010189056396,-6.09736442565918,5.198263168334961,1.2988415956497192,6.393006801605225,0.8050922155380249,0.48727649450302124,1.0408178567886353,0.0
0,30,None,False,"128,117,54,34,134,119,5,95,9,27",0.9772491455078125,-1.5497416257858276,-0.7737681865692139,-1.0342583656311035,7.996003150939941,5.018864154815674,-0.19429564476013184,0.0,0.0,-0.19429564476013184,-7.183283805847168,6.988987922668457,2.1650218963623047,0.0,0.8559092879295349,0.4206507205963135,1.0408178567886353,0.0
0,31,None,False,"128,117,54,34,134,119,5,95,9,27",0.9323440194129944,-1.5800073146820068,-0.8608085513114929,-0.9317550659179688,7.998135566711426,4.178465366363525,0.6344199180603027,0.0,0.0,0.6344199180603027,-6.093436241149902,6.727856159210205,1.9982408285140991,0.0,0.8592870235443115,0.5020698308944702,1.0408178567886353,0.0
0,32,None,False,"128,117,54,34,134,119,5,95,9,27",0.8144230842590332,-1.3854900598526,-0.9162690043449402,-0.9199422597885132,7.998228073120117,5.141829013824463,0.14948904514312744,0.0,0.0,0.14948904514312744,-5.323076248168945,5.472565174102783,1.6301324367523193,0.0,1.0680656433105469,0.5453610420227051,1.0408178567886353,0.0
0,33,None,False,"128,117,54,34,134,119,5,95,9,27",1.0075939893722534,-1.311013102531433,-0.8030902147293091,-1.004111886024475,7.997425556182861,5.193270683288574,-1.4751261472702026,0.0,0.0,-1.4751261472702026,-4.649991035461426,3.1748647689819336,1.151768445968628,0.0,1.0238208770751953,0.5933831930160522,1.0408178567886353,0.0
0,34,None,False,"128,117,54,34,134,119,5,95,9,27",1.070253610610962,-1.7192792892456055,-1.0089361667633057,-1.0443389415740967,7.996162414550781,4.578181266784668,-1.317378282546997,0.0,0.0,-1.317378282546997,-3.0233919620513916,1.7060136795043945,0.5386343002319336,0.0,1.0512595176696777,0.6276922225952148,1.0408178567886353,0.0
0,35,None,False,"128,117,54,34,134,119,5,95,9,27",0.7898820042610168,-1.6156909465789795,-1.1586538553237915,-1.0463734865188599,7.997398853302002,4.274579048156738,-0.1015162467956543,0.0,0.0,-0.1015162467956543,-0.9865224361419678,0.8850061893463135,0.20348522067070007,0.0,1.021764874458313,0.5382272005081177,1.0408178567886353,0.0
0,36,None,False,"128,117,54,34,134,119,5,95,9,27",0.8251347541809082,-1.4998130798339844,-1.135233998298645,-1.3084790706634521,7.996851444244385,3.684513807296753,1.4608782529830933,0.0,0.0,1.4608782529830933,-0.8758068084716797,2.3366851806640625,0.72104811668396,0.0,1.0039658546447754,0.539574146270752,1.0408178567886353,0.0
0,37,None,False,"128,117,54,34,134,119,5,95,9,27",0.7636102437973022,-1.3594249486923218,-1.1868939399719238,-0.9819035530090332,7.998007774353027,4.83999490737915,1.2148106098175049,0.0,0.0,1.2148106098175049,-0.6153583526611328,1.8301689624786377,0.5381028056144714,0.0,0.8059157133102417,0.47878116369247437,1.0408178567886353,0.0
0,38,None,False,"128,117,54,34,134,119,5,95,9,27",0.8346303701400757,-1.4084652662277222,-0.7577369213104248,-0.9129723906517029,7.998293399810791,3.9225592613220215,-2.1282660961151123,0.0,0.0,-2.1282660961151123,-1.4049172401428223,-0.72334885597229,-0.2521144151687622,0.0,0.9940347075462341,0.42967379093170166,1.0408178567886353,0.0
0,39,None,False,"128,117,54,34,134,119,5,95,9,27",0.9847159385681152,-1.4073463678359985,-1.0455883741378784,-1.3411835432052612,7.995902061462402,5.26146936416626,-1.6690099239349365,0.0,0.0,-1.6690099239349365,-1.7601728439331055,0.09116291999816895,0.005058854818344116,0.0,0.9992507100105286,0.491995245218277,1.0408178567886353,0.0
0,40,None,False,"128,117,54,34,134,119,5,95,9,27",1.0504941940307617,-1.6855483055114746,-0.8635903596878052,-1.1855577230453491,7.996510982513428,4.012485504150391,-2.380862236022949,0.0,0.0,-2.380862236022949,-0.953453779220581,-1.4274084568023682,-0.6260385513305664,0.0,0.7225549221038818,0.442787766456604,1.0408178567886353,0.0
0,41,None,False,"128,117,54,34,134,119,5,95,9,27",0.953509509563446,-1.833475112915039,-1.1355456113815308,-1.1476222276687622,7.9969658851623535,6.836665630340576,-1.761044979095459,0.0,0.0,-1.761044979095459,0.7185459136962891,-2.479590892791748,-1.0009740591049194,0.0,0.8308830857276917,0.40468257665634155,1.0408178567886353,0.0
0,42,None,False,"128,117,54,34,134,119,5,95,9,27",0.9573336243629456,-1.2546135187149048,-0.6789149641990662,-0.8298435807228088,7.9978556632995605,3.1507155895233154,-2.4844114780426025,0.0,0.0,-2.4844114780426025,-0.7402420043945312,-1.7441694736480713,-0.787919282913208,0.0,1.0391491651535034,0.42944055795669556,1.0408178567886353,0.0
0,43,Schedule,True,"18,82,132,70,134,57,78,90,59,31",0.9635674953460693,-1.9025949239730835,-0.9708396196365356,-1.1172518730163574,7.99614143371582,6.5841240882873535,0.3744053840637207,0.35999999046325687,0.8999999761581421,-0.8855946063995361,1.962125301361084,-2.84771990776062,-0.8687549829483032,-4.361123561859131,0.7329685688018799,0.44446516036987305,1.0408178567886353,0.0
0,44,None,False,"18,82,132,70,134,57,78,90,59,31",0.7949005365371704,-1.5457316637039185,-1.0409470796585083,-1.0127673149108887,7.998158931732178,5.883040904998779,2.2056758403778076,0.0,0.0,2.2056758403778076,3.281402587890625,-1.0757267475128174,-0.31919124722480774,0.0,0.9573283791542053,0.4802461564540863,1.0408178567886353,0.0
0,45,None,False,"18,82,132,70,134,57,78,90,59,31",0.858923614025116,-1.4181230068206787,-0.8704224228858948,-1.1131588220596313,7.997727394104004,4.443251609802246,4.097998142242432,0.0,0.0,4.097998142242432,2.7687549591064453,1.3292431831359863,0.4416399896144867,0.0,0.7500462532043457,0.4726838171482086,1.0408178567886353,0.0
0,46,None,False,"18,82,132,70,134,57,78,90,59,31",0.810027003288269,-1.6629209518432617,-0.8135742545127869,-1.0332468748092651,7.997509002685547,4.118971824645996,6.137735366821289,0.0,0.0,6.137735366821289,2.1681904792785645,3.9695448875427246,1.3430254459381104,0.0,0.7051315307617188,0.44288957118988037,1.0408178567886353,0.0
0,47,None,False,"18,82,132,70,134,57,78,90,59,31",0.8885143399238586,-1.2432548999786377,-0.8851761817932129,-0.7354743480682373,7.997711181640625,5.189234256744385,3.544905662536621,0.0,0.0,3.544905662536621,0.3415346145629883,3.203371047973633,1.2316151857376099,0.0,1.0289864540100098,0.4761943221092224,1.0408178567886353,0.0
0,48,Struct Break (DC),True,"91,3,72,75,25,99,54,5,77,11",0.7962177991867065,-1.2210848331451416,-1.0182400941848755,-0.9105420112609863,7.997095584869385,6.14376974105835,1.58830988407135,0.4,1.0,0.188309907913208,0.3527998924255371,-0.1644899845123291,-0.07610397040843964,-0.4271388649940491,1.1540855169296265,0.4795205295085907,1.0408178567886353,0.0
0,49,None,False,"91,3,72,75,25,99,54,5,77,11",0.7914227247238159,-1.4067574739456177,-0.7362438440322876,-0.8687556982040405,7.99680757522583,3.7717976570129395,-1.3617128133773804,0.0,0.0,-1.3617128133773804,-2.0360231399536133,0.6743103265762329,0.04512839391827583,0.0,0.8150177001953125,0.4574317932128906,1.0408178567886353,0.0
0,50,None,False,"91,3,72,75,25,99,54,5,77,11",0.826676607131958,-1.7263559103012085,-0.9866000413894653,-0.9969003796577454,7.997485637664795,4.588592529296875,-2.6052868366241455,0.0,0.0,-2.6052868366241455,-1.4308929443359375,-1.174393892288208,-0.3809957206249237,0.0,1.0085194110870361,0.5085700154304504,1.0408178567886353,0.0
0,51,None,False,"91,3,72,75,25,99,54,5,77,11",0.958023726940155,-1.6359105110168457,-0.6421001553535461,-1.0279723405838013,7.996838092803955,4.364054203033447,-3.0474956035614014,0.0,0.0,-3.0474956035614014,-1.5928924083709717,-1.4546031951904297,-0.4423127770423889,0.0,0.8044782280921936,0.4846663475036621,1.0408178567886353,0.0
0,52,None,False,"91,3,72,75,25,99,54,5,77,11",0.838193416595459,-1.536656379699707,-0.9513071179389954,-0.9172651767730713,7.998278617858887,4.864672660827637,-1.447383165359497,0.0,0.0,-1.447383165359497,-0.369030237197876,-1.078352928161621,-0.47185277938842773,0.0,0.8011767268180847,0.45313650369644165,1.0408178567886353,0.0
0,53,Struct Break (DC),True,"0,40,106,71,130,89,139,38,112,95",0.7398718595504761,-1.5909165143966675,-1.1445869207382202,-0.7871081829071045,7.997461318969727,4.682123184204102,0.9695142507553101,0.4,1.0,-0.43048572540283203,-0.6911635398864746,0.2606778144836426,-0.07882489264011383,-0.4401087462902069,0.8986884951591492,0.4784001111984253,1.0408178567886353,0.0
0,54,None,False,"0,40,106,71,130,89,139,38,112,95",0.8252385854721069,-1.4458280801773071,-0.9955213665962219,-0.844112753868103,7.997535705566406,2.82300066947937,1.0712069272994995,0.0,0.0,1.0712069272994995,-2.32083797454834,3.392045021057129,0.7771011590957642,0.0,0.8772173523902893,0.5196290016174316,1.0408178567886353,0.0
0,55,None,False,"0,40,106,71,130,89,139,38,112,95",0.8063498735427856,-1.5112851858139038,-0.898833155632019,-0.8623672127723694,7.998034477233887,2.8825314044952393,0.7945847511291504,0.0,0.0,0.7945847511291504,-4.3387770652771,5.13336181640625,1.289052128791809,0.0,1.2796467542648315,0.6513203382492065,1.0408178567886353,0.0
0,56,None,False,"0,40,106,71,130,89,139,38,112,95",0.8005616664886475,-1.5238738059997559,-0.8706698417663574,-1.0874966382980347,7.997200012207031,4.643425941467285,-3.3587841987609863,0.0,0.0,-3.3587841987609863,-7.638192176818848,4.279407978057861,0.8347398638725281,0.0,1.2186224460601807,0.7078747749328613,1.0408178567886353,0.0
0,57,Struct Break (DC),True,"52,109,67,107,79,24,45,31,100,133",0.8406457901000977,-1.0664328336715698,-0.9303947687149048,-0.9792267084121704,7.995961666107178,6.166557312011719,-7.6110711097717285,0.4,1.0,-9.01107120513916,-7.0311784744262695,-1.9798927307128906,-0.6506338715553284,-3.2756152153015137,1.147732138633728,0.6057087182998657,1.0408178567886353,0.0
0,58,None,False,"52,109,67,107,79,24,45,31,100,133",0.92292720079422,-1.604392170906067,-0.7163854837417603,-0.9560340642929077,7.997380256652832,7.718299388885498,-10.99364948272705,0.0,0.0,-10.99364948272705,-8.630603790283203,-2.3630456924438477,-0.7651224136352539,0.0,1.3222417831420898,0.6019787788391113,1.0408178567886353,0.0
0,59,None,False,"52,109,67,107,79,24,45,31,100,133",0.9225537180900574,-1.6152236461639404,-0.795308530330658,-0.9158263206481934,7.9972758293151855,6.082147598266602,-11.974650382995605,0.0,0.0,-11.974650382995605,-9.869962692260742,-2.1046876907348633,-0.8676283359527588,0.0,1.1142723560333252,0.5273233652114868,1.0408178567886353,0.0
0,60,None,False,"52,109,67,107,79,24,45,31,100,133",0.9002041816711426,-1.5129835605621338,-1.0369304418563843,-1.0670790672302246,7.996669292449951,4.239012718200684,-13.11834716796875,0.0,0.0,-13.11834716796875,-9.082365036010742,-4.035982131958008,-1.117450475692749,0.0,1.1361216306686401,0.45116809010505676,1.0408178567886353,0.0
0,61,None,False,"52,109,67,107,79,24,45,31,100,133",0.8293673992156982,-1.489349603652954,-0.9597781300544739,-1.0242669582366943,7.996739864349365,5.214444160461426,-7.569368839263916,0.0,0.0,-7.569368839263916,-4.84086275100708,-2.728506088256836,-0.8185591101646423,0.0,1.281395673751831,0.4426842927932739,1.0408178567886353,0.0
0,62,None,False,"52,109,67,107,79,24,45,31,100,133",0.8712143898010254,-1.3817284107208252,-0.8323503732681274,-0.7341330647468567,7.997912883758545,5.38684606552124,-8.207157135009766,0.0,0.0,-8.207157135009766,-6.4117431640625,-1.7954139709472656,-0.6193118095397949,0.0,1.0051794052124023,0.4842202663421631,1.0408178567886353,0.0
0,63,Struct Break (DC),True,"81,91,0,41,113,52,111,137,31,27",0.9623283743858337,-1.6560289859771729,-0.7377802133560181,-1.023598074913025,7.995616912841797,6.740499019622803,-0.647733211517334,0.3200000047683716,0.800000011920929,-1.7677332162857056,-4.00981330871582,2.2420802116394043,0.6389968991279602,3.126052141189575,0.9942073225975037,0.5269342064857483,1.0408178567886353,0.0
0,64,None,False,"81,91,0,41,113,52,111,137,31,27",0.9113823175430298,-1.627925157546997,-0.8053198456764221,-0.9100308418273926,7.996952533721924,4.864343643188477,0.8777379989624023,0.0,0.0,0.8777379989624023,-3.674650192260742,4.5523881912231445,1.3202396631240845,0.0,0.9913020133972168,0.533689022064209,1.0408178567886353,0.0
0,65,None,False,"81,91,0,41,113,52,111,137,31,27",0.8973948359489441,-1.4009860754013062,-0.978204607963562,-0.7968113422393799,7.996962547302246,3.8092594146728516,1.0648143291473389,0.0,0.0,1.0648143291473389,-2.2621572017669678,3.3269715309143066,1.0313372611999512,0.0,0.9590749740600586,0.40384000539779663,1.0408178567886353,0.0
0,66,None,False,"81,91,0,41,113,52,111,137,31,27",0.8447121381759644,-1.313730001449585,-0.7677016258239746,-0.9062327742576599,7.997444152832031,4.324667453765869,-0.267680287361145,0.0,0.0,-0.267680287361145,-4.200178146362305,3.932497978210449,1.3543314933776855,0.0,0.958729088306427,0.3937584161758423,1.0408178567886353,0.0
0,67,None,False,"81,91,0,41,113,52,111,137,31,27",0.8362773656845093,-1.5379904508590698,-0.7820465564727783,-0.9810429811477661,7.9974589347839355,2.447828769683838,-0.34437477588653564,0.0,0.0,-0.34437477588653564,-4.268604278564453,3.924229621887207,1.3378770351409912,0.0,1.2563174962997437,0.4502122700214386,1.0408178567886353,0.0
0,68,None,False,"81,91,0,41,113,52,111,137,31,27",0.8117330074310303,-1.656432032585144,-0.8356637954711914,-0.9601260423660278,7.996720790863037,3.7261154651641846,-0.17149865627288818,0.0,0.0,-0.17149865627288818,-2.5242745876312256,2.352776050567627,0.7732706665992737,0.0,1.056732177734375,0.5786981582641602,1.0408178567886353,0.0
0,69,None,False,"81,91,0,41,113,52,111,137,31,27",0.9678834080696106,-1.7058651447296143,-0.970061182975769,-1.0707288980484009,7.995858669281006,5.011608600616455,0.46353042125701904,0.0,0.0,0.46353042125701904,-0.16387104988098145,0.6274014711380005,0.23409602046012878,0.0,1.1056349277496338,0.5779098868370056,1.0408178567886353,0.0
0,70,None,False,"81,91,0,41,113,52,111,137,31,27",0.8978602290153503,-1.8241773843765259,-1.0098292827606201,-1.045261263847351,7.996964454650879,5.040086269378662,3.580008029937744,0.0,0.0,3.580008029937744,3.491854667663574,0.08815336227416992,0.049222055822610855,0.0,1.0223958492279053,0.541059672832489,1.0408178567886353,0.0
0,71,None,False,"81,91,0,41,113,52,111,137,31,27",1.0080859661102295,-1.2270885705947876,-0.5942348837852478,-0.8998458981513977,7.99531364440918,4.65130615234375,2.099447250366211,0.0,0.0,2.099447250366211,1.4969110488891602,0.6025362014770508,0.2567307949066162,0.0,1.1679480075836182,0.5082883834838867,1.0408178567886353,0.0
0,72,None,False,"81,91,0,41,113,52,111,137,31,27",0.993468165397644,-1.7781786918640137,-1.0141773223876953,-0.9397811889648438,7.996060848236084,5.155428886413574,4.275705337524414,0.0,0.0,4.275705337524414,3.5150527954101562,0.7606525421142578,0.16302113234996796,0.0,1.0498417615890503,0.5575573444366455,1.0408178567886353,0.0
0,73,None,False,"81,91,0,41,113,52,111,137,31,27",0.9335969686508179,-1.5636087656021118,-0.9818178415298462,-0.9282180070877075,7.997311592102051,6.262506484985352,4.584961891174316,0.0,0.0,4.584961891174316,4.822981357574463,-0.23801946640014648,-0.12537086009979248,0.0,1.0930161476135254,0.5444244742393494,1.0408178567886353,0.0
0,74,None,False,"81,91,0,41,113,52,111,137,31,27",0.8825891613960266,-1.5891276597976685,-0.8813280463218689,-0.7858614921569824,7.997230052947998,4.774370193481445,5.1848554611206055,0.0,0.0,5.1848554611206055,5.792391300201416,-0.6075358390808105,-0.2699151933193207,0.0,0.9784793853759766,0.4593249559402466,1.0408178567886353,0.0
0,75,Struct Break (DC),True,"9,140,142,79,92,62,24,119,96,20",0.9192092418670654,-0.9215825796127319,-0.5848448276519775,-0.683005154132843,7.997208595275879,6.1183085441589355,1.3552510738372803,0.4,1.0,-0.044748902320861816,2.153611183166504,-2.198359966278076,-0.7633108496665955,-3.8296666145324707,1.0808013677597046,0.5252425670623779,1.0408178567886353,0.0
0,76,None,False,"9,140,142,79,92,62,24,119,96,20",0.8295171856880188,-1.571793556213379,-0.7490465641021729,-0.9213114976882935,7.99717903137207,4.887125015258789,3.8081793785095215,0.0,0.0,3.8081793785095215,4.273533821105957,-0.46535444259643555,-0.23809905350208282,0.0,1.042612075805664,0.4644306004047394,1.0408178567886353,0.0
0,77,None,False,"9,140,142,79,92,62,24,119,96,20",0.8681564927101135,-1.2300148010253906,-0.8837007880210876,-0.8682372570037842,7.99772310256958,2.7923974990844727,3.074995279312134,0.0,0.0,3.074995279312134,3.4255385398864746,-0.3505432605743408,-0.24627941846847534,0.0,1.2398837804794312,0.5174944400787354,1.0408178567886353,0.0
0,78,None,False,"9,140,142,79,92,62,24,119,96,20",0.9187979102134705,-1.462335228919983,-0.9056630730628967,-1.2061655521392822,7.997339725494385,3.952631711959839,4.4077982902526855,0.0,0.0,4.4077982902526855,5.2959442138671875,-0.888145923614502,-0.344989538192749,0.0,1.2005512714385986,0.48406118154525757,1.0408178567886353,0.0
0,79,None,False,"9,140,142,79,92,62,24,119,96,20",0.9412956237792969,-1.3142101764678955,-0.6490721702575684,-0.9336366653442383,7.997134208679199,5.164804458618164,3.764132499694824,0.0,0.0,3.764132499694824,3.222382068634033,0.541750431060791,-0.05098211020231247,0.0,1.2381329536437988,0.4961901307106018,1.0408178567886353,0.0
0,80,None,False,"9,140,142,79,92,62,24,119,96,20",0.9058313369750977,-1.6964584589004517,-1.0610524415969849,-1.060991644859314,7.997305870056152,6.367059707641602,4.694337844848633,0.0,0.0,4.694337844848633,4.726576805114746,-0.03223896026611328,-0.08275970816612244,0.0,1.1763875484466553,0.481060266494751,1.0408178567886353,0.0
0,81,None,False,"9,140,142,79,92,62,24,119,96,20",0.8900381326675415,-1.659732699394226,-0.9125704765319824,-1.1296483278274536,7.997418403625488,6.14938497543335,4.818027019500732,0.0,0.0,4.818027019500732,4.2725443840026855,0.5454826354980469,0.07340943068265915,0.0,1.3597975969314575,0.5457790493965149,1.0408178567886353,0.0
0,82,None,False,"9,140,142,79,92,62,24,119,96,20",0.8025855422019958,-1.386351227760315,-0.8126441240310669,-0.9057921171188354,7.997385025024414,7.084934711456299,4.874539375305176,0.0,0.0,4.874539375305176,4.172003269195557,0.7025361061096191,0.11083601415157318,0.0,1.1215461492538452,0.5687617063522339,1.0408178567886353,0.0
0,83,None,False,"9,140,142,79,92,62,24,119,96,20",0.8326224684715271,-1.290889859199524,-0.8989524245262146,-0.6713581681251526,7.998197078704834,6.976899147033691,5.189000606536865,0.0,0.0,5.189000606536865,5.170154571533203,0.01884603500366211,-0.055081870406866074,0.0,1.0650585889816284,0.5321515798568726,1.0408178567886353,0.0
0,84,None,False,"9,140,142,79,92,62,24,119,96,20",0.9668188095092773,-1.462558627128601,-0.8129180669784546,-0.8814179301261902,7.9972920417785645,3.7335140705108643,3.5221128463745117,0.0,0.0,3.5221128463745117,4.706740379333496,-1.1846275329589844,-0.33721286058425903,0.0,1.1473966836929321,0.5194441676139832,1.0408178567886353,0.0
0,85,None,False,"9,140,142,79,92,62,24,119,96,20",1.0904463529586792,-1.6748241186141968,-1.0978275537490845,-0.796523928642273,7.995724678039551,6.830434799194336,4.01656436920166,0.0,0.0,4.01656436920166,5.4911017417907715,-1.4745373725891113,-0.28872159123420715,0.0,0.9974164962768555,0.46567070484161377,1.0408178567886353,0.0
0,86,None,False,"9,140,142,79,92,62,24,119,96,20",0.9369534254074097,-1.35921049118042,-0.7299613356590271,-0.8855067491531372,7.997827529907227,5.048642635345459,3.4025590419769287,0.0,0.0,3.4025590419769287,5.136406421661377,-1.7338473796844482,-0.24985258281230927,0.0,1.0616337060928345,0.5071533918380737,1.0408178567886353,0.0
0,87,None,False,"9,140,142,79,92,62,24,119,96,20",0.8670053482055664,-1.4861998558044434,-0.9641990065574646,-0.9107735753059387,7.997298717498779,4.791648864746094,4.038186550140381,0.0,0.0,4.038186550140381,5.056238174438477,-1.0180516242980957,-0.160779669880867,0.0,1.198094367980957,0.47849616408348083,1.0408178567886353,0.0
0,88,None,False,"9,140,142,79,92,62,24,119,96,20",1.0078939199447632,-1.4223437309265137,-0.6732996702194214,-0.8701736927032471,7.99719762802124,6.353186130523682,3.1557154655456543,0.0,0.0,3.1557154655456543,3.4788131713867188,-0.32309770584106445,0.006736098323017359,0.0,1.1900808811187744,0.42292654514312744,1.0408178567886353,0.0
0,89,Schedule,True,"44,53,15,3,96,102,122,54,55,23",0.9609681367874146,-1.5831927061080933,-0.8579404354095459,-1.0229816436767578,7.996082305908203,4.36689567565918,6.2787346839904785,0.35999999046325687,0.8999999761581421,5.018734931945801,3.949248790740967,1.069486141204834,0.28819289803504944,1.3811283111572266,1.055657982826233,0.5621203184127808,1.0408178567886353,0.0
0,90,None,False,"44,53,15,3,96,102,122,54,55,23",0.8515009880065918,-1.2121880054473877,-0.9049506187438965,-0.9030916690826416,7.9977312088012695,5.428924560546875,4.690597057342529,0.0,0.0,4.690597057342529,2.951633930206299,1.7389631271362305,0.6526005268096924,0.0,1.2635765075683594,0.5056511163711548,1.0408178567886353,0.0
0,91,None,False,"44,53,15,3,96,102,122,54,55,23",1.050365686416626,-1.6221084594726562,-0.7897047400474548,-0.9974945783615112,7.997340679168701,4.898124694824219,5.813169479370117,0.0,0.0,5.813169479370117,2.975344657897949,2.837824821472168,0.8180766105651855,0.0,1.0457584857940674,0.4624001979827881,1.0408178567886353,0.0
0,92,None,False,"44,53,15,3,96,102,122,54,55,23",0.9306407570838928,-1.332169532775879,-0.6910727024078369,-0.9369291663169861,7.997262477874756,3.6460537910461426,5.971988201141357,0.0,0.0,5.971988201141357,1.0562777519226074,4.91571044921875,1.3781129121780396,0.0,0.8989658951759338,0.3725234866142273,1.0408178567886353,0.0
0,93,None,False,"44,53,15,3,96,102,122,54,55,23",0.9543463587760925,-1.6412913799285889,-0.9489216804504395,-1.0152584314346313,7.997996807098389,2.7019357681274414,8.182554244995117,0.0,0.0,8.182554244995117,2.531909942626953,5.650644302368164,1.4969464540481567,0.0,0.793825626373291,0.41848838329315186,1.0408178567886353,0.0
0,94,None,False,"44,53,15,3,96,102,122,54,55,23",0.9856650233268738,-1.3311824798583984,-0.8107268810272217,-0.8277263641357422,7.9979939460754395,3.714137077331543,7.926726341247559,0.0,0.0,7.926726341247559,2.322876453399658,5.6038498878479,1.424680233001709,0.0,0.9683540463447571,0.4071630835533142,1.0408178567886353,0.0
0,95,None,False,"44,53,15,3,96,102,122,54,55,23",0.9511564373970032,-1.691941499710083,-1.098657250404358,-0.9970132112503052,7.99757719039917,3.904181718826294,8.26123332977295,0.0,0.0,8.26123332977295,2.940797805786133,5.320435523986816,1.4052705764770508,0.0,0.900689959526062,0.37115317583084106,1.0408178567886353,0.0
0,96,None,False,"44,53,15,3,96,102,122,54,55,23",0.9204601645469666,-1.3798115253448486,-0.7730951905250549,-1.021183729171753,7.99777889251709,2.7028656005859375,5.732273101806641,0.0,0.0,5.732273101806641,1.907193660736084,3.8250794410705566,1.0976897478103638,0.0,0.8118095993995667,0.37947389483451843,1.0408178567886353,0.0
0,97,None,False,"44,53,15,3,96,102,122,54,55,23",1.0217280387878418,-1.5868626832962036,-0.7158189415931702,-1.072327733039856,7.996798992156982,5.099308013916016,4.6053996086120605,0.0,0.0,4.6053996086120605,0.12804269790649414,4.477356910705566,1.1326961517333984,0.0,0.5132439136505127,0.4839588701725006,1.0408178567886353,0.0
0,98,None,False,"44,53,15,3,96,102,122,54,55,23",1.0066267251968384,-1.3669946193695068,-0.7744590044021606,-0.8060387372970581,7.998017311096191,5.246562957763672,6.7048797607421875,0.0,0.0,6.7048797607421875,0.7573843002319336,5.947495460510254,1.5993685722351074,0.0,0.6291376352310181,0.36504286527633667,1.0408178567886353,0.0
0,99,None,False,"44,53,15,3,96,102,122,54,55,23",1.0490816831588745,-1.3758512735366821,-0.8287705183029175,-0.6572178602218628,7.997869968414307,3.023197650909424,4.438467979431152,0.0,0.0,4.438467979431152,-0.5212247371673584,4.95969295501709,1.0984735488891602,0.0,0.7105850577354431,0.3841298818588257,1.0408178567886353,0.0
0,100,None,False,"44,53,15,3,96,102,122,54,55,23",1.03315007686615,-1.3814420700073242,-0.9010127186775208,-0.8321751356124878,7.998183250427246,3.5909597873687744,1.5926456451416016,0.0,0.0,1.5926456451416016,-0.7150173187255859,2.3076629638671875,0.4679446816444397,0.0,0.796539306640625,0.3683059811592102,1.0408178567886353,0.0
0,101,None,False,"44,53,15,3,96,102,122,54,55,23",0.8970438241958618,-1.4026880264282227,-0.5423787832260132,-0.9796287417411804,7.997391223907471,4.068622589111328,1.9953738451004028,0.0,0.0,1.9953738451004028,0.1757502555847168,1.819623589515686,0.4045187532901764,0.0,0.7046797871589661,0.3288417458534241,1.0408178567886353,0.0
0,102,None,False,"44,53,15,3,96,102,122,54,55,23",0.9728915691375732,-1.3994685411453247,-0.8448176980018616,-0.8410913348197937,7.998346328735352,5.06484317779541,1.1581063270568848,0.0,0.0,1.1581063270568848,-0.5999386310577393,1.758044958114624,0.4268653392791748,0.0,0.6843947768211365,0.3694515824317932,1.0408178567886353,0.0
0,103,Schedule,True,"10,134,36,5,71,65,56,18,119,27",1.2229334115982056,-1.7874424457550049,-0.7487009763717651,-0.7775589227676392,7.996526718139648,7.340426445007324,0.5759251117706299,0.4,1.0,-0.8240748643875122,-1.0418295860290527,0.21775472164154053,-0.1660076379776001,-0.8742867112159729,0.7984957098960876,0.3455701768398285,1.0408178567886353,0.0
0,104,None,False,"10,134,36,5,71,65,56,18,119,27",0.9800848960876465,-1.5783441066741943,-0.6796752214431763,-0.6383141279220581,7.99803352355957,7.065695762634277,0.28767526149749756,0.0,0.0,0.28767526149749756,-2.7786433696746826,3.0663185119628906,1.063950777053833,0.0,0.8515554666519165,0.43937504291534424,1.0408178567886353,0.0
0,105,None,False,"10,134,36,5,71,65,56,18,119,27",1.044112205505371,-1.4479663372039795,-0.8784448504447937,-0.8508828282356262,7.998747825622559,4.734065055847168,-0.4339313507080078,0.0,0.0,-0.4339313507080078,-3.3824563026428223,2.9485249519348145,0.8715279698371887,0.0,1.0202586650848389,0.3832014799118042,1.0408178567886353,0.0
0,106,None,False,"10,134,36,5,71,65,56,18,119,27",0.9292992949485779,-1.549863576889038,-1.0087920427322388,-1.0572766065597534,7.9977827072143555,4.84809684753418,0.2592200040817261,0.0,0.0,0.2592200040817261,-3.1739652156829834,3.43318510055542,0.986656129360199,0.0,0.7840616106987,0.358580082654953,1.0408178567886353,0.0
0,107,None,False,"10,134,36,5,71,65,56,18,119,27",0.959100604057312,-1.3850884437561035,-0.744825005531311,-1.005786657333374,7.998319625854492,5.159885883331299,0.9629612565040588,0.0,0.0,0.9629612565040588,-2.9025793075561523,3.8655405044555664,1.092543363571167,0.0,0.6956204771995544,0.39366471767425537,1.0408178567886353,0.0
0,108,None,False,"10,134,36,5,71,65,56,18,119,27",0.9794495701789856,-1.3124605417251587,-0.9338176250457764,-0.9838961362838745,7.9978485107421875,4.61213493347168,1.6209017038345337,0.0,0.0,1.6209017038345337,-1.9801020622253418,3.601003646850586,0.9404486417770386,0.0,0.9758113622665405,0.36099833250045776,1.0408178567886353,0.0
0,109,None,False,"10,134,36,5,71,65,56,18,119,27",0.9198511838912964,-1.5849647521972656,-0.8890783786773682,-0.9240284562110901,7.998050689697266,3.3734629154205322,3.3648324012756348,0.0,0.0,3.3648324012756348,-0.7328689098358154,4.097701072692871,1.052952527999878,0.0,0.9196780920028687,0.3823305070400238,1.0408178567886353,0.0
0,110,None,False,"10,134,36,5,71,65,56,18,119,27",0.9697824120521545,-1.5300430059432983,-0.9863132238388062,-1.114282250404358,7.996872901916504,4.98721981048584,4.723784446716309,0.0,0.0,4.723784446716309,0.012242794036865234,4.711541652679443,1.122472882270813,0.0,0.7615699768066406,0.42204034328460693,1.0408178567886353,0.0
0,111,None,False,"10,134,36,5,71,65,56,18,119,27",1.032365083694458,-1.3603051900863647,-1.0236235857009888,-0.9047785997390747,7.9969916343688965,5.134911060333252,4.661371231079102,0.0,0.0,4.661371231079102,1.4643549919128418,3.1970162391662598,0.9119210243225098,0.0,0.8014154434204102,0.3545043468475342,1.0408178567886353,0.0
0,112,None,False,"10,134,36,5,71,65,56,18,119,27",0.9680066704750061,-1.4417716264724731,-1.032566785812378,-0.9104281067848206,7.997544765472412,6.323947906494141,2.5969057083129883,0.0,0.0,2.5969057083129883,0.8926153182983398,1.7042903900146484,0.470314621925354,0.0,0.9886100888252258,0.43059465289115906,1.0408178567886353,0.0
0,113,None,False,"10,134,36,5,71,65,56,18,119,27",0.9654074907302856,-1.4533674716949463,-0.9244214296340942,-0.9668671488761902,7.998191833496094,4.325878143310547,3.0690622329711914,0.0,0.0,3.0690622329711914,1.2897253036499023,1.779336929321289,0.6155601739883423,0.0,0.9572696685791016,0.4405839145183563,1.0408178567886353,0.0
0,114,None,False,"10,134,36,5,71,65,56,18,119,27",0.893046498298645,-1.4001550674438477,-0.8913127183914185,-0.8358134031295776,7.999319076538086,4.349339485168457,3.087692975997925,0.0,0.0,3.087692975997925,1.2952566146850586,1.7924363613128662,0.4720962941646576,0.0,0.7309990525245667,0.3848636746406555,1.0408178567886353,0.0
0,115,None,False,"10,134,36,5,71,65,56,18,119,27",1.17277193069458,-1.4498943090438843,-0.5915386080741882,-0.9457951784133911,7.996603965759277,6.419932842254639,2.0450961589813232,0.0,0.0,2.0450961589813232,0.7190942764282227,1.3260018825531006,0.4206116497516632,0.0,0.8473770618438721,0.4093794524669647,1.0408178567886353,0.0
0,116,None,False,"10,134,36,5,71,65,56,18,119,27",1.141396164894104,-1.8215135335922241,-0.7424125671386719,-1.2706787586212158,7.995882511138916,6.496819019317627,1.8071359395980835,0.0,0.0,1.8071359395980835,-5.9604644775390625e-06,1.807141900062561,0.5727266073226929,0.0,0.8697618246078491,0.45950016379356384,1.0408178567886353,0.0
0,117,Schedule,True,"24,126,58,13,115,4,1,81,2,129",0.8121263980865479,-1.3805443048477173,-0.8055960536003113,-1.0570414066314697,7.997439384460449,8.122051239013672,-0.5554318428039551,0.4,1.0,-1.9554318189620972,-0.32986998558044434,-1.6255618333816528,-0.4728584885597229,-2.395941734313965,0.7053336501121521,0.42593836784362793,1.0408178567886353,0.0
0,118,Struct Break (DC),True,"142,136,105,101,15,19,113,87,120,63",0.8868615031242371,-1.569645643234253,-1.0160268545150757,-1.0792385339736938,7.998144626617432,2.9348134994506836,1.8258863687515259,0.4,1.0,0.4258863925933838,2.585434913635254,-2.15954852104187,-0.6217358112335205,-3.1374828815460205,0.7668891549110413,0.4349108338356018,1.0408178567886353,0.0
0,119,None,False,"142,136,105,101,15,19,113,87,120,63",0.8886728882789612,-1.5673054456710815,-0.8376715183258057,-0.990568995475769,7.997600555419922,4.5420241355896,2.601945400238037,0.0,0.0,2.601945400238037,6.09743595123291,-3.495490550994873,-0.9497722387313843,0.0,0.652031421661377,0.37853336334228516,1.0408178567886353,0.0
0,120,None,False,"142,136,105,101,15,19,113,87,120,63",0.945173978805542,-1.669396996498108,-0.7702298760414124,-0.770879864692688,7.997195720672607,5.514508247375488,2.8952693939208984,0.0,0.0,2.8952693939208984,6.433725357055664,-3.5384559631347656,-0.8585435152053833,0.0,0.6513444185256958,0.46354445815086365,1.0408178567886353,0.0
0,121,None,False,"142,136,105,101,15,19,113,87,120,63",0.8622673153877258,-1.3345561027526855,-0.8760161399841309,-1.0257492065429688,7.997198104858398,6.795801639556885,2.4939310550689697,0.0,0.0,2.4939310550689697,6.810402870178223,-4.316472053527832,-0.9415644407272339,0.0,0.7132557034492493,0.41512665152549744,1.0408178567886353,0.0
0,122,Struct Break (DC),True,"35,88,119,41,16,87,29,17,49,95",0.9402735233306885,-1.1999160051345825,-0.8286154270172119,-0.7197297811508179,7.99865198135376,7.126495838165283,2.2744452953338623,0.35999999046325687,0.8999999761581421,1.0144453048706055,4.609119892120361,-3.594674587249756,-0.6803658604621887,-3.4229953289031982,0.8470830917358398,0.4480244517326355,1.0408178567886353,0.0
0,123,None,False,"35,88,119,41,16,87,29,17,49,95",0.9667519330978394,-1.4001976251602173,-0.6467103958129883,-0.9269295334815979,7.99748420715332,5.634765148162842,0.8762573599815369,0.0,0.0,0.8762573599815369,3.511214256286621,-2.6349568367004395,-0.4262954890727997,0.0,0.6502275466918945,0.38736245036125183,1.0408178567886353,0.0
0,124,None,False,"35,88,119,41,16,87,29,17,49,95",0.8654325008392334,-1.6376734972000122,-0.8013991117477417,-0.656420886516571,7.997044086456299,4.244629859924316,2.6060760021209717,0.0,0.0,2.6060760021209717,4.548001289367676,-1.941925287246704,-0.27502575516700745,0.0,0.628472626209259,0.32465147972106934,1.0408178567886353,0.0
0,125,None,False,"35,88,119,41,16,87,29,17,49,95",1.0482978820800781,-1.4647424221038818,-0.698399543762207,-0.8572202920913696,7.997478008270264,4.9482269287109375,0.183904767036438,0.0,0.0,0.183904767036438,3.418111801147461,-3.2342071533203125,-0.5491952300071716,0.0,0.6211086511611938,0.3450605273246765,1.0408178567886353,0.0
0,126,None,False,"35,88,119,41,16,87,29,17,49,95",1.160090446472168,-1.6663349866867065,-0.6533340215682983,-1.1490082740783691,7.996641159057617,5.922198295593262,-0.4260152578353882,0.0,0.0,-0.4260152578353882,3.7372589111328125,-4.16327428817749,-0.7930883765220642,0.0,0.8117277026176453,0.4014347493648529,1.0408178567886353,0.0
0,127,None,False,"35,88,119,41,16,87,29,17,49,95",0.9236024022102356,-1.3695695400238037,-0.8865990042686462,-1.108049750328064,7.998385906219482,4.20369291305542,0.41575372219085693,0.0,0.0,0.41575372219085693,4.9306511878967285,-4.514897346496582,-1.0175116062164307,0.0,0.8145885467529297,0.4746382534503937,1.0408178567886353,0.0
0,0,Schedule | Regime Shift (Initial),True,"113,129,125,62,84,79,44,3,49,91",1.080594778060913,-1.1117851734161377,-0.8678296208381653,-1.02610182762146,7.996440887451172,5.8877949714660645,4.391071319580078,0.0,0.0,4.391071319580078,3.860592842102051,0.5304784774780273,0.10202108323574066,0.4568163752555847,1.2344108819961548,0.5831376314163208,3.3772974014282227,0.0
0,1,None,False,"113,129,125,62,84,79,44,3,49,91",1.1297779083251953,-1.219652533531189,-0.9264377355575562,-1.115200161933899,7.995891571044922,5.075890064239502,5.01753568649292,0.0,0.0,5.01753568649292,4.981589317321777,0.03594636917114258,-0.16099236905574799,0.0,1.1952930688858032,0.5476357936859131,3.3772974014282227,0.0
0,2,Struct Break (DC),True,"73,98,75,128,20,38,36,95,47,133",1.037164568901062,-1.1879277229309082,-0.9429762363433838,-1.092429280281067,7.995792865753174,5.731053352355957,7.032410144805908,0.4,1.0,5.632410049438477,5.955207347869873,-0.3227972984313965,-0.3492495119571686,-1.7810264825820923,1.1088128089904785,0.5417951345443726,3.3772974014282227,0.0
0,3,None,False,"73,98,75,128,20,38,36,95,47,133",0.8796795010566711,-0.8973335027694702,-0.72040855884552,-1.0020368099212646,7.9950852394104,5.944979190826416,5.772776126861572,0.0,0.0,5.772776126861572,4.942786693572998,0.8299894332885742,0.07289750128984451,0.0,1.444737195968628,0.5385503768920898,3.3772974014282227,0.0
0,4,None,False,"73,98,75,128,20,38,36,95,47,133",1.0199540853500366,-1.049767017364502,-0.9362518787384033,-0.8774433732032776,7.997153282165527,5.341171741485596,5.753958225250244,0.0,0.0,5.753958225250244,4.737913608551025,1.0160446166992188,0.2756175696849823,0.0,1.1415642499923706,0.527805745601654,3.3772974014282227,0.0
0,5,None,False,"73,98,75,128,20,38,36,95,47,133",0.9902524948120117,-1.1041443347930908,-0.8847894668579102,-0.9752317070960999,7.997025966644287,5.6255316734313965,6.8769121170043945,0.0,0.0,6.8769121170043945,5.482578277587891,1.394333839416504,0.6292709708213806,0.0,1.1500440835952759,0.5038346648216248,3.3772974014282227,0.0
0,6,None,False,"73,98,75,128,20,38,36,95,47,133",0.95887291431427,-1.101696252822876,-0.8624348640441895,-0.8093487024307251,7.998144149780273,6.8783063888549805,10.027518272399902,0.0,0.0,10.027518272399902,5.568420886993408,4.459097385406494,1.7795603275299072,0.0,1.1272863149642944,0.5013651847839355,3.3772974014282227,0.0
0,7,Struct Break (DC),True,"10,100,91,29,117,69,17,25,103,54",0.9353152513504028,-0.8373589515686035,-0.8924221396446228,-0.8503133058547974,7.9973626136779785,4.59367561340332,-0.404239296913147,0.4,1.0,-1.804239273071289,2.979564666748047,-4.783803939819336,-1.3105695247650146,-6.5572638511657715,1.1091835498809814,0.4821850657463074,3.3772974014282227,0.0
0,8,None,False,"10,100,91,29,117,69,17,25,103,54",0.8926438093185425,-1.1155493259429932,-0.7909106016159058,-0.868647038936615,7.996142864227295,3.754122734069824,-0.28242766857147217,0.0,0.0,-0.28242766857147217,3.2558441162109375,-3.538271903991699,-0.8871814012527466,0.0,1.122391939163208,0.5652958154678345,3.3772974014282227,0.0
0,9,None,False,"10,100,91,29,117,69,17,25,103,54",1.2040517330169678,-1.035478115081787,-0.7219864130020142,-0.9807734489440918,7.9963274002075195,5.610567569732666,-0.5975228548049927,0.0,0.0,-0.5975228548049927,1.6121625900268555,-2.2096853256225586,-0.4455367922782898,0.0,1.0681500434875488,0.5177739858627319,3.3772974014282227,0.0
0,10,None,False,"10,100,91,29,117,69,17,25,103,54",0.9370906949043274,-1.0955501794815063,-0.742365837097168,-0.994246780872345,7.997664928436279,4.486883640289307,-0.2270817756652832,0.0,0.0,-0.2270817756652832,2.9216527938842773,-3.1487345695495605,-0.7521983981132507,0.0,0.9230055809020996,0.5548142194747925,3.3772974014282227,0.0
0,11,None,False,"10,100,91,29,117,69,17,25,103,54",1.0521485805511475,-1.0259590148925781,-0.9008916020393372,-0.8667492866516113,7.997870445251465,2.6500892639160156,-0.06927371025085449,0.0,0.0,-0.06927371025085449,2.5789499282836914,-2.648223638534546,-0.5466750860214233,0.0,0.956834614276886,0.5381776094436646,3.3772974014282227,0.0
0,12,None,False,"10,100,91,29,117,69,17,25,103,54",1.090192437171936,-1.2551319599151611,-0.8931240439414978,-0.9109132289886475,7.996241092681885,5.252687931060791,-1.5932996273040771,0.0,0.0,-1.5932996273040771,2.0174384117126465,-3.6107380390167236,-1.0378696918487549,0.0,1.0477008819580078,0.5167626738548279,3.3772974014282227,0.0
0,13,None,False,"10,100,91,29,117,69,17,25,103,54",0.9808098077774048,-1.2512143850326538,-0.960847020149231,-0.9593282341957092,7.99796724319458,4.04939079284668,-0.7612985372543335,0.0,0.0,-0.7612985372543335,3.683149814605713,-4.444448471069336,-1.2148168087005615,0.0,1.0951696634292603,0.5024102926254272,3.3772974014282227,0.0
0,14,None,False,"10,100,91,29,117,69,17,25,103,54",1.1063429117202759,-1.5896642208099365,-0.8540769219398499,-1.0688121318817139,7.996561050415039,5.925475597381592,-0.31799018383026123,0.0,0.0,-0.31799018383026123,3.072214126586914,-3.390204429626465,-0.6760779619216919,0.0,0.999492883682251,0.48722290992736816,3.3772974014282227,0.0
0,15,None,False,"10,100,91,29,117,69,17,25,103,54",1.1769769191741943,-1.5193350315093994,-0.900126576423645,-0.938291609287262,7.9956207275390625,4.6646952629089355,-0.23980438709259033,0.0,0.0,-0.23980438709259033,3.7367939949035645,-3.9765982627868652,-0.9047225117683411,0.0,0.7210067510604858,0.47871893644332886,3.3772974014282227,0.0
0,16,None,False,"10,100,91,29,117,69,17,25,103,54",0.9590399265289307,-1.3437910079956055,-0.976047694683075,-0.7496047616004944,7.998239040374756,7.057009220123291,-0.9866553544998169,0.0,0.0,-0.9866553544998169,2.9851555824279785,-3.971810817718506,-0.9182374477386475,0.0,0.6470288038253784,0.49693357944488525,3.3772974014282227,0.0
0,17,None,False,"10,100,91,29,117,69,17,25,103,54",1.2085487842559814,-1.8137462139129639,-1.023085117340088,-1.0686320066452026,7.995630741119385,7.307301998138428,-0.8406531810760498,0.0,0.0,-0.8406531810760498,3.4228086471557617,-4.263462066650391,-0.8592554330825806,0.0,0.8438771963119507,0.5166620016098022,3.3772974014282227,0.0
0,18,None,False,"10,100,91,29,117,69,17,25,103,54",0.9067636132240295,-1.3652483224868774,-1.0544615983963013,-0.96863853931427,7.9977545738220215,5.4094014167785645,-1.3363534212112427,0.0,0.0,-1.3363534212112427,2.5464296340942383,-3.8827829360961914,-0.8366318941116333,0.0,1.062875747680664,0.4385302662849426,3.3772974014282227,0.0
0,19,None,False,"10,100,91,29,117,69,17,25,103,54",0.8807423114776611,-1.312824010848999,-0.8214276432991028,-1.0290457010269165,7.998137950897217,3.4738054275512695,-3.04114031791687,0.0,0.0,-3.04114031791687,1.4200091361999512,-4.461149215698242,-0.9609591960906982,0.0,0.9592119455337524,0.5117756128311157,3.3772974014282227,0.0
0,20,None,False,"10,100,91,29,117,69,17,25,103,54",0.8595277070999146,-1.2641618251800537,-0.7030667662620544,-0.9786869287490845,7.997542381286621,4.653456687927246,-3.49153995513916,0.0,0.0,-3.49153995513916,0.6381750106811523,-4.1297149658203125,-0.8683395981788635,0.0,0.9909306764602661,0.5150583982467651,3.3772974014282227,0.0
0,21,Schedule,True,"136,10,108,75,38,106,23,100,59,61",0.8826833367347717,-1.5433926582336426,-0.7850042581558228,-0.9871078133583069,7.997436046600342,3.664799690246582,-1.0966062545776367,0.3200000047683716,0.800000011920929,-2.2166061401367188,2.1149039268493652,-4.331510066986084,-1.1381772756576538,-5.700675010681152,0.9184688329696655,0.5231192111968994,3.3772974014282227,0.0
0,22,None,False,"136,10,108,75,38,106,23,100,59,61",0.9499427080154419,-1.4399588108062744,-0.75597083568573,-0.9524704217910767,7.99721622467041,4.056318283081055,-2.2676069736480713,0.0,0.0,-2.2676069736480713,1.7996668815612793,-4.06727409362793,-1.0828179121017456,0.0,0.914115846157074,0.5286389589309692,3.3772974014282227,0.0
0,23,None,False,"136,10,108,75,38,106,23,100,59,61",0.8047878742218018,-1.4110422134399414,-0.8507699370384216,-0.976550817489624,7.996910095214844,4.589966297149658,-2.206928014755249,0.0,0.0,-2.206928014755249,1.4775872230529785,-3.6845152378082275,-0.9057244062423706,0.0,0.6592183113098145,0.4586296081542969,3.3772974014282227,0.0
0,24,None,False,"136,10,108,75,38,106,23,100,59,61",0.9990639686584473,-1.2229366302490234,-0.7553477883338928,-0.7059391736984253,7.997572422027588,6.257396697998047,-3.7403602600097656,0.0,0.0,-3.7403602600097656,-0.3073275089263916,-3.433032751083374,-0.9449211955070496,0.0,0.7031002640724182,0.4484842121601105,3.3772974014282227,0.0
0,25,None,False,"136,10,108,75,38,106,23,100,59,61",1.175169825553894,-1.2833261489868164,-0.7426717877388,-0.8900220990180969,7.997059345245361,6.785062313079834,-3.611855983734131,0.0,0.0,-3.611855983734131,-0.9005963802337646,-2.711259603500366,-0.8042569756507874,0.0,0.9927383065223694,0.43305572867393494,3.3772974014282227,0.0
0,26,None,False,"136,10,108,75,38,106,23,100,59,61",1.0394209623336792,-1.5463697910308838,-0.8330143690109253,-1.0814234018325806,7.99664306640625,5.528491497039795,-1.897173523902893,0.0,0.0,-1.897173523902893,0.28203725814819336,-2.179210662841797,-0.7132580280303955,0.0,0.7750052213668823,0.45669132471084595,3.3772974014282227,0.0
0,27,None,False,"136,10,108,75,38,106,23,100,59,61",0.9103275537490845,-1.248722791671753,-0.5724397897720337,-0.9974625110626221,7.997811794281006,4.600078582763672,-3.132262706756592,0.0,0.0,-3.132262706756592,-1.9159436225891113,-1.2163190841674805,-0.23948466777801514,0.0,0.8395594358444214,0.3920707404613495,3.3772974014282227,0.0
0,28,None,False,"136,10,108,75,38,106,23,100,59,61",0.8491086363792419,-1.3768079280853271,-0.9170502424240112,-0.9524579644203186,7.998599529266357,2.9183366298675537,-3.652791976928711,0.0,0.0,-3.652791976928711,-2.7464747428894043,-0.9063172340393066,-0.16318242251873016,0.0,0.914290189743042,0.4705272316932678,3.3772974014282227,0.0
0,29,None,False,"136,10,108,75,38,106,23,100,59,61",0.9187243580818176,-1.3180594444274902,-1.0799152851104736,-0.9721397161483765,7.9970927238464355,4.406201362609863,-4.940911293029785,0.0,0.0,-4.940911293029785,-3.166550397872925,-1.7743608951568604,-0.43318599462509155,0.0,1.1507880687713623,0.5773881673812866,3.3772974014282227,0.0
0,30,None,False,"136,10,108,75,38,106,23,100,59,61",1.0657557249069214,-1.4928877353668213,-0.9834044575691223,-1.0533632040023804,7.9966840744018555,5.941282272338867,-4.305722236633301,0.0,0.0,-4.305722236633301,-3.5861194133758545,-0.7196028232574463,-0.16886687278747559,0.0,1.0599488019943237,0.6011611223220825,3.3772974014282227,0.0
0,31,None,False,"136,10,108,75,38,106,23,100,59,61",0.7760449647903442,-1.5348914861679077,-0.8818528652191162,-0.995819628238678,7.997733116149902,5.146768569946289,-5.197386741638184,0.0,0.0,-5.197386741638184,-4.552459716796875,-0.6449270248413086,-0.2153092920780182,0.0,0.91286301612854,0.47371727228164673,3.3772974014282227,0.0
0,32,None,False,"136,10,108,75,38,106,23,100,59,61",1.0534284114837646,-1.5886191129684448,-0.645052969455719,-1.0778499841690063,7.997214317321777,5.191370487213135,-5.620419025421143,0.0,0.0,-5.620419025421143,-5.298471450805664,-0.3219475746154785,-0.19711238145828247,0.0,1.104580283164978,0.5515681505203247,3.3772974014282227,0.0
0,33,None,False,"136,10,108,75,38,106,23,100,59,61",0.9316744804382324,-1.2840059995651245,-0.9137492775917053,-0.9732208847999573,7.9975810050964355,5.1980061531066895,-3.6193199157714844,0.0,0.0,-3.6193199157714844,-5.487728118896484,1.868408203125,0.32826703786849976,0.0,1.1684025526046753,0.5081688165664673,3.3772974014282227,0.0
0,34,None,False,"136,10,108,75,38,106,23,100,59,61",0.8243539333343506,-1.4535651206970215,-0.7583889961242676,-0.8158842325210571,7.997188568115234,4.615245342254639,-2.4869065284729004,0.0,0.0,-2.4869065284729004,-5.145502090454102,2.658595561981201,0.6042797565460205,0.0,0.8907194137573242,0.5178600549697876,3.3772974014282227,0.0
0,35,Schedule,True,"41,121,61,136,22,66,2,56,142,140",1.0249512195587158,-1.4622541666030884,-0.8363757133483887,-1.0173734426498413,7.996527194976807,4.478079319000244,-5.024791717529297,0.3200000047683716,0.800000011920929,-6.144791603088379,-6.0349884033203125,-0.1098031997680664,-0.2966599762439728,-1.5223876237869263,1.3779332637786865,0.6325640678405762,3.3772974014282227,0.0
0,36,None,False,"41,121,61,136,22,66,2,56,142,140",0.9450269341468811,-1.5365506410598755,-0.7768393754959106,-1.0075247287750244,7.997041702270508,4.338441848754883,-5.7042646408081055,0.0,0.0,-5.7042646408081055,-6.170284748077393,0.4660201072692871,-0.18092720210552216,0.0,1.116417646408081,0.6199016571044922,3.3772974014282227,0.0
0,37,None,False,"41,121,61,136,22,66,2,56,142,140",0.8804903030395508,-1.4906178712844849,-1.1389412879943848,-0.9640315771102905,7.9983038902282715,4.924546241760254,-6.033903121948242,0.0,0.0,-6.033903121948242,-6.847363471984863,0.8134603500366211,0.08911074697971344,0.0,1.0525169372558594,0.5855075120925903,3.3772974014282227,0.0
0,38,None,False,"41,121,61,136,22,66,2,56,142,140",0.9287790656089783,-1.3525995016098022,-0.8045487999916077,-1.0947688817977905,7.997586727142334,4.423652648925781,-3.8445374965667725,0.0,0.0,-3.8445374965667725,-4.838073253631592,0.9935357570648193,0.02871410921216011,0.0,1.2787237167358398,0.5839574337005615,3.3772974014282227,0.0
0,39,Struct Break (DC),True,"94,10,107,125,134,109,98,64,26,117",0.855453372001648,-1.3444225788116455,-0.9412475228309631,-1.2400087118148804,7.996128082275391,6.8905348777771,-0.6520849466323853,0.4,1.0,-2.0520849227905273,-6.09736442565918,4.045279502868652,0.6214650273323059,3.03147029876709,1.0577229261398315,0.5020799040794373,3.3772974014282227,0.0
0,40,None,False,"94,10,107,125,134,109,98,64,26,117",0.8347086906433105,-1.2657338380813599,-0.9383704662322998,-0.8329455852508545,7.997384071350098,7.00242805480957,-2.4888579845428467,0.0,0.0,-2.4888579845428467,-7.183283805847168,4.694425582885742,0.4491429626941681,0.0,1.3178623914718628,0.573449969291687,3.3772974014282227,0.0
0,41,None,False,"94,10,107,125,134,109,98,64,26,117",0.9025558829307556,-1.369672417640686,-1.0361608266830444,-1.0238451957702637,7.998114585876465,3.1803555488586426,-3.0069022178649902,0.0,0.0,-3.0069022178649902,-6.093436241149902,3.086534023284912,0.4929620027542114,0.0,1.1152845621109009,0.5011453628540039,3.3772974014282227,0.0
0,42,None,False,"94,10,107,125,134,109,98,64,26,117",0.8850150108337402,-1.587429404258728,-0.8891592621803284,-1.0706158876419067,7.9980363845825195,3.312790870666504,-1.4909768104553223,0.0,0.0,-1.4909768104553223,-5.323076248168945,3.832099437713623,0.6286173462867737,0.0,0.8733083009719849,0.4476766586303711,3.3772974014282227,0.0
0,43,None,False,"94,10,107,125,134,109,98,64,26,117",0.8953473567962646,-1.3315074443817139,-0.9141866564750671,-0.8235852718353271,7.997371196746826,3.9715654850006104,-3.337141990661621,0.0,0.0,-3.337141990661621,-4.649991035461426,1.3128490447998047,0.1522480994462967,0.0,0.9796160459518433,0.481032133102417,3.3772974014282227,0.0
0,44,None,False,"94,10,107,125,134,109,98,64,26,117",0.9856895804405212,-1.4920133352279663,-0.7404763698577881,-1.1854920387268066,7.996586322784424,5.830341339111328,-2.739366292953491,0.0,0.0,-2.739366292953491,-3.0233919620513916,0.2840256690979004,-0.0837320014834404,0.0,1.2360291481018066,0.5124926567077637,3.3772974014282227,0.0
0,45,None,False,"94,10,107,125,134,109,98,64,26,117",0.9934665560722351,-1.6650605201721191,-0.9414963126182556,-1.1502900123596191,7.996382713317871,2.832125663757324,-2.536853551864624,0.0,0.0,-2.536853551864624,-0.9865224361419678,-1.5503311157226562,-0.6051180958747864,0.0,1.4882123470306396,0.5345054268836975,3.3772974014282227,0.0
0,46,None,False,"94,10,107,125,134,109,98,64,26,117",0.83536696434021,-1.4982246160507202,-1.240883231163025,-0.9673357009887695,7.99784517288208,4.756108283996582,-1.4902675151824951,0.0,0.0,-1.4902675151824951,-0.8758068084716797,-0.6144607067108154,-0.33263349533081055,0.0,1.4018771648406982,0.6242507696151733,3.3772974014282227,0.0
0,47,None,False,"94,10,107,125,134,109,98,64,26,117",0.894705057144165,-1.4590399265289307,-0.9485539197921753,-1.029649257659912,7.997581481933594,3.987459897994995,-1.6643518209457397,0.0,0.0,-1.6643518209457397,-0.6153583526611328,-1.048993468284607,-0.39547333121299744,0.0,1.079111099243164,0.5521464347839355,3.3772974014282227,0.0
0,48,None,False,"94,10,107,125,134,109,98,64,26,117",0.8353492021560669,-1.2081749439239502,-0.8086392879486084,-1.0438320636749268,7.9967474937438965,4.191893100738525,-2.724630117416382,0.0,0.0,-2.724630117416382,-1.4049172401428223,-1.3197128772735596,-0.6966074705123901,0.0,1.522052526473999,0.5373536348342896,3.3772974014282227,0.0
0,49,None,False,"94,10,107,125,134,109,98,64,26,117",0.9554555416107178,-1.45619535446167,-1.0840463638305664,-0.940065860748291,7.997694969177246,4.661034107208252,-3.1949002742767334,0.0,0.0,-3.1949002742767334,-1.7601728439331055,-1.434727430343628,-0.8888444304466248,0.0,1.5853404998779297,0.6298145055770874,3.3772974014282227,0.0
0,50,None,False,"94,10,107,125,134,109,98,64,26,117",0.8897016644477844,-1.614660382270813,-1.323591709136963,-0.9861805438995361,7.998215675354004,3.7549211978912354,-3.0225415229797363,0.0,0.0,-3.0225415229797363,-0.953453779220581,-2.0690877437591553,-0.8529291152954102,0.0,1.3330738544464111,0.697126030921936,3.3772974014282227,0.0
0,51,None,False,"94,10,107,125,134,109,98,64,26,117",0.822124719619751,-1.686614751815796,-0.790237545967102,-1.1759486198425293,7.9964823722839355,4.808470726013184,-1.8086081743240356,0.0,0.0,-1.8086081743240356,0.7185459136962891,-2.527153968811035,-1.0612801313400269,0.0,1.5907177925109863,0.6906025409698486,3.3772974014282227,0.0
0,52,None,False,"94,10,107,125,134,109,98,64,26,117",0.9919945597648621,-1.2597930431365967,-0.6526588797569275,-0.8373671770095825,7.997104167938232,4.378574848175049,-3.940201997756958,0.0,0.0,-3.940201997756958,-0.7402420043945312,-3.1999599933624268,-1.1922796964645386,0.0,1.2817548513412476,0.684680163860321,3.3772974014282227,0.0
0,53,Schedule,True,"4,136,129,71,26,19,46,137,7,57",0.9694312214851379,-1.7636135816574097,-1.0915610790252686,-0.9376137852668762,7.997189521789551,4.055954456329346,-0.5050379037857056,0.35999999046325687,0.8999999761581421,-1.7650378942489624,1.962125301361084,-3.727163314819336,-1.3676199913024902,-6.840269565582275,1.1109817028045654,0.5831112265586853,3.3772974014282227,0.0
0,54,None,False,"4,136,129,71,26,19,46,137,7,57",0.8565599322319031,-1.7619370222091675,-1.07606840133667,-1.00823974609375,7.998331546783447,4.561816215515137,1.3461494445800781,0.0,0.0,1.3461494445800781,3.281402587890625,-1.9352531433105469,-0.7709332704544067,0.0,1.3246911764144897,0.6246259212493896,3.3772974014282227,0.0
0,55,None,False,"4,136,129,71,26,19,46,137,7,57",0.8951917886734009,-1.4519577026367188,-0.9170112609863281,-0.9819697141647339,7.997482776641846,2.53127121925354,1.722731113433838,0.0,0.0,1.722731113433838,2.7687549591064453,-1.0460238456726074,-0.37650084495544434,0.0,1.19205641746521,0.5546951293945312,3.3772974014282227,0.0
0,56,None,False,"4,136,129,71,26,19,46,137,7,57",0.8767451047897339,-1.584202766418457,-1.039107322692871,-1.1006938219070435,7.99691915512085,2.330740451812744,1.8006186485290527,0.0,0.0,1.8006186485290527,2.1681904792785645,-0.3675718307495117,-0.1648356169462204,0.0,1.3545273542404175,0.5610750317573547,3.3772974014282227,0.0
0,57,None,False,"4,136,129,71,26,19,46,137,7,57",0.831909716129303,-1.2949124574661255,-0.6306627988815308,-0.9915894865989685,7.997511863708496,2.917405605316162,0.5810022354125977,0.0,0.0,0.5810022354125977,0.3415346145629883,0.23946762084960938,0.002008016686886549,0.0,1.2464969158172607,0.5398359298706055,3.3772974014282227,0.0
0,58,Struct Break (DC),True,"122,137,50,14,114,29,5,48,46,128",0.8591262102127075,-1.3189468383789062,-1.026848554611206,-0.8980552554130554,7.997756481170654,2.965640068054199,3.8770925998687744,0.3200000047683716,0.800000011920929,2.7570924758911133,0.3527998924255371,2.404292583465576,0.7656030654907227,3.7504963874816895,1.2667046785354614,0.5708324909210205,3.3772974014282227,0.0
0,59,None,False,"122,137,50,14,114,29,5,48,46,128",0.9157097339630127,-1.269876480102539,-0.935409426689148,-0.8743436336517334,7.99722957611084,3.7402586936950684,1.2785279750823975,0.0,0.0,1.2785279750823975,-2.0360231399536133,3.3145511150360107,1.0295984745025635,0.0,1.4038878679275513,0.6021800637245178,3.3772974014282227,0.0
0,60,None,False,"122,137,50,14,114,29,5,48,46,128",0.9325295686721802,-1.6914472579956055,-0.6979652643203735,-1.067996621131897,7.996690273284912,4.22317361831665,1.3230109214782715,0.0,0.0,1.3230109214782715,-1.4308929443359375,2.753903865814209,0.9486372470855713,0.0,1.4247610569000244,0.6223269701004028,3.3772974014282227,0.0
0,61,None,False,"122,137,50,14,114,29,5,48,46,128",0.8860816359519958,-1.5958397388458252,-0.8467460870742798,-0.9456928968429565,7.9977850914001465,4.309659481048584,0.5216801166534424,0.0,0.0,0.5216801166534424,-1.5928924083709717,2.114572525024414,0.6366962194442749,0.0,1.2020207643508911,0.5652107000350952,3.3772974014282227,0.0
0,62,None,False,"122,137,50,14,114,29,5,48,46,128",0.787971019744873,-1.551923155784607,-0.9748208522796631,-0.9417052268981934,7.997705459594727,3.486959218978882,2.985910177230835,0.0,0.0,2.985910177230835,-0.369030237197876,3.354940414428711,1.3122450113296509,0.0,1.2809075117111206,0.5740362405776978,3.3772974014282227,0.0
0,63,Struct Break (DC),True,"139,41,26,115,22,55,73,15,133,45",0.7639899253845215,-1.2743332386016846,-0.8942548632621765,-0.9943571090698242,7.996851444244385,4.080658435821533,-2.5680394172668457,0.4,1.0,-3.9680395126342773,-0.6911635398864746,-3.2768759727478027,-0.9143103361129761,-4.593454360961914,1.403154730796814,0.5413477420806885,3.3772974014282227,0.0
0,64,None,False,"139,41,26,115,22,55,73,15,133,45",0.8847560882568359,-1.334670066833496,-0.7631199955940247,-0.7878939509391785,7.9976487159729,3.964355230331421,-3.9746649265289307,0.0,0.0,-3.9746649265289307,-2.32083797454834,-1.6538269519805908,-0.2780792713165283,0.0,1.0277185440063477,0.5794947147369385,3.3772974014282227,0.0
0,65,None,False,"139,41,26,115,22,55,73,15,133,45",0.8879455924034119,-1.4471001625061035,-0.9741781949996948,-1.0667020082473755,7.9976959228515625,2.2970316410064697,-5.265240669250488,0.0,0.0,-5.265240669250488,-4.3387770652771,-0.9264636039733887,-0.2806890904903412,0.0,1.0740530490875244,0.5897243022918701,3.3772974014282227,0.0
0,66,None,False,"139,41,26,115,22,55,73,15,133,45",0.8709736466407776,-1.3003230094909668,-1.0381755828857422,-0.9656389951705933,7.9980549812316895,4.625365257263184,-8.418811798095703,0.0,0.0,-8.418811798095703,-7.638192176818848,-0.7806196212768555,-0.34980082511901855,0.0,1.0864864587783813,0.585176408290863,3.3772974014282227,0.0
0,67,Struct Break (DC),True,"38,3,95,87,107,84,92,128,93,6",0.8228179812431335,-1.1869807243347168,-0.848095178604126,-0.9412517547607422,7.997951030731201,3.050048351287842,-5.513859748840332,0.4,1.0,-6.913859844207764,-7.0311784744262695,0.11731863021850586,0.030766362324357033,0.10304917395114899,1.2252494096755981,0.5954182147979736,3.3772974014282227,0.0
0,68,None,False,"38,3,95,87,107,84,92,128,93,6",0.8734982013702393,-1.5348793268203735,-0.8257536292076111,-0.9894824624061584,7.997057914733887,4.328369140625,-7.131819248199463,0.0,0.0,-7.131819248199463,-8.630603790283203,1.4987845420837402,0.3868175148963928,0.0,1.1603962182998657,0.5617314577102661,3.3772974014282227,0.0
0,69,None,False,"38,3,95,87,107,84,92,128,93,6",0.8517860770225525,-1.4498056173324585,-0.6668536067008972,-1.0247670412063599,7.9973225593566895,3.4175827503204346,-6.29203462600708,0.0,0.0,-6.29203462600708,-9.869962692260742,3.577928066253662,0.9030124545097351,0.0,1.1964606046676636,0.5406570434570312,3.3772974014282227,0.0
0,70,None,False,"38,3,95,87,107,84,92,128,93,6",0.7843140363693237,-1.5770400762557983,-0.8071285486221313,-1.0151652097702026,7.9980645179748535,3.3280258178710938,-6.6898980140686035,0.0,0.0,-6.6898980140686035,-9.082365036010742,2.3924670219421387,0.5550247430801392,0.0,1.436397910118103,0.5517695546150208,3.3772974014282227,0.0
0,71,None,False,"38,3,95,87,107,84,92,128,93,6",0.8992243409156799,-1.5197837352752686,-0.8644353747367859,-0.8277854919433594,7.99775505065918,3.336568832397461,-4.445335388183594,0.0,0.0,-4.445335388183594,-4.84086275100708,0.39552736282348633,-0.06686864793300629,0.0,1.0711677074432373,0.523802638053894,3.3772974014282227,0.0
0,72,None,False,"38,3,95,87,107,84,92,128,93,6",0.7972650527954102,-1.1642060279846191,-0.7953058481216431,-0.9132684469223022,7.998204708099365,4.082951068878174,-6.112016201019287,0.0,0.0,-6.112016201019287,-6.4117431640625,0.2997269630432129,-0.03609481081366539,0.0,0.9964203834533691,0.4863295555114746,3.3772974014282227,0.0
0,73,Struct Break (DC),True,"141,117,101,135,82,106,96,94,107,85",0.9348238110542297,-1.4453049898147583,-1.1096265316009521,-0.9959509372711182,7.998011112213135,5.563553333282471,-4.822423458099365,0.35999999046325687,0.8999999761581421,-6.082423210144043,-4.00981330871582,-2.0726099014282227,-0.7172068357467651,-3.6035890579223633,1.3757418394088745,0.5949861407279968,3.3772974014282227,0.0
0,74,None,False,"141,117,101,135,82,106,96,94,107,85",0.8523218631744385,-1.4060699939727783,-1.105181336402893,-0.9112374782562256,7.99858283996582,4.698582649230957,-3.188509464263916,0.0,0.0,-3.188509464263916,-3.674650192260742,0.48614072799682617,0.012205681763589382,0.0,1.2840074300765991,0.620428740978241,3.3772974014282227,0.0
0,75,None,False,"141,117,101,135,82,106,96,94,107,85",0.9228751063346863,-1.4296118021011353,-0.8821184039115906,-0.7940274477005005,7.996653079986572,5.205821514129639,-1.4468592405319214,0.0,0.0,-1.4468592405319214,-2.2621572017669678,0.8152979612350464,0.10278191417455673,0.0,1.4146764278411865,0.6038738489151001,3.3772974014282227,0.0
0,76,None,False,"141,117,101,135,82,106,96,94,107,85",1.0685478448867798,-1.4827353954315186,-0.7134804725646973,-0.8550151586532593,7.997041702270508,4.336161136627197,-2.8202426433563232,0.0,0.0,-2.8202426433563232,-4.200178146362305,1.3799355030059814,0.33663129806518555,0.0,1.2658967971801758,0.6158341765403748,3.3772974014282227,0.0
0,77,None,False,"141,117,101,135,82,106,96,94,107,85",0.9401326775550842,-1.519134283065796,-0.7908033728599548,-0.8914018273353577,7.996730804443359,4.798165321350098,-3.7443923950195312,0.0,0.0,-3.7443923950195312,-4.268604278564453,0.5242118835449219,0.016030792146921158,0.0,1.3271119594573975,0.6227809190750122,3.3772974014282227,0.0
0,78,None,False,"141,117,101,135,82,106,96,94,107,85",0.9015680551528931,-1.6125670671463013,-1.059091329574585,-0.7613131999969482,7.997207164764404,7.11298942565918,-2.1184592247009277,0.0,0.0,-2.1184592247009277,-2.5242745876312256,0.40581536293029785,0.01027846708893776,0.0,1.7463738918304443,0.6064004898071289,3.3772974014282227,0.0
0,79,None,False,"141,117,101,135,82,106,96,94,107,85",1.0321096181869507,-1.7805845737457275,-0.9347970485687256,-0.9534065127372742,7.995353698730469,6.5479021072387695,-1.0249942541122437,0.0,0.0,-1.0249942541122437,-0.16387104988098145,-0.8611232042312622,-0.3236026465892792,0.0,1.214133858680725,0.609175980091095,3.3772974014282227,0.0
0,80,None,False,"141,117,101,135,82,106,96,94,107,85",0.9805084466934204,-1.7783170938491821,-0.9986522197723389,-0.9919054508209229,7.99680233001709,5.945450305938721,2.8345565795898438,0.0,0.0,2.8345565795898438,3.491854667663574,-0.6572980880737305,-0.29833459854125977,0.0,1.2049552202224731,0.5152590274810791,3.3772974014282227,0.0
0,81,None,False,"141,117,101,135,82,106,96,94,107,85",0.9123706817626953,-1.268450140953064,-0.7448626756668091,-0.799911618232727,7.997041702270508,6.038607597351074,1.1224102973937988,0.0,0.0,1.1224102973937988,1.4969110488891602,-0.37450075149536133,-0.21214300394058228,0.0,1.283372402191162,0.5126506686210632,3.3772974014282227,0.0
0,82,None,False,"141,117,101,135,82,106,96,94,107,85",0.995108425617218,-1.523155927658081,-0.8249215483665466,-0.8582297563552856,7.997204303741455,4.4598894119262695,2.79024600982666,0.0,0.0,2.79024600982666,3.5150527954101562,-0.7248067855834961,-0.23718789219856262,0.0,1.1250767707824707,0.4905596375465393,3.3772974014282227,0.0
0,83,None,False,"141,117,101,135,82,106,96,94,107,85",0.9603426456451416,-1.788102388381958,-1.204648494720459,-1.0128777027130127,7.997448444366455,4.038515567779541,4.451202392578125,0.0,0.0,4.451202392578125,4.822981357574463,-0.3717789649963379,-0.027547143399715424,0.0,1.1750197410583496,0.5631858706474304,3.3772974014282227,0.0
0,84,None,False,"141,117,101,135,82,106,96,94,107,85",1.0246624946594238,-1.5116451978683472,-0.7957094311714172,-0.8746123313903809,7.9961137771606445,3.565213680267334,3.9763529300689697,0.0,0.0,3.9763529300689697,5.792391300201416,-1.8160383701324463,-0.3830549716949463,0.0,1.3205599784851074,0.5964829921722412,3.3772974014282227,0.0
0,85,Struct Break (DC),True,"137,38,26,89,43,131,83,22,42,29",1.0529359579086304,-1.136487603187561,-0.7909441590309143,-1.053606629371643,7.9953932762146,5.9510884284973145,1.8693983554840088,0.4,1.0,0.4693983793258667,2.153611183166504,-1.6842128038406372,-0.41187480092048645,-2.0919954776763916,1.001183271408081,0.5868560671806335,3.3772974014282227,0.0
0,86,None,False,"137,38,26,89,43,131,83,22,42,29",0.9749685525894165,-1.5051645040512085,-0.8303593993186951,-0.9386777281761169,7.996910572052002,6.746984004974365,3.3947904109954834,0.0,0.0,3.3947904109954834,4.273533821105957,-0.8787434101104736,-0.2593078017234802,0.0,1.1034984588623047,0.5288238525390625,3.3772974014282227,0.0
0,87,None,False,"137,38,26,89,43,131,83,22,42,29",0.8115769624710083,-1.2213432788848877,-0.7275998592376709,-0.8362846374511719,7.997346878051758,5.273401737213135,4.0669732093811035,0.0,0.0,4.0669732093811035,3.4255385398864746,0.6414346694946289,0.1712261587381363,0.0,1.037295937538147,0.4699026942253113,3.3772974014282227,0.0
0,88,None,False,"137,38,26,89,43,131,83,22,42,29",0.8632254600524902,-1.6040109395980835,-0.8282017111778259,-0.9341430068016052,7.998273849487305,4.516262531280518,6.41121768951416,0.0,0.0,6.41121768951416,5.2959442138671875,1.1152734756469727,0.20921547710895538,0.0,1.0996085405349731,0.4921278953552246,3.3772974014282227,0.0
0,89,None,False,"137,38,26,89,43,131,83,22,42,29",0.9428367614746094,-1.320568561553955,-0.7615028619766235,-1.0724480152130127,7.996198654174805,4.7649664878845215,5.352563381195068,0.0,0.0,5.352563381195068,3.222382068634033,2.130181312561035,0.39119359850883484,0.0,0.8698076009750366,0.4387212097644806,3.3772974014282227,0.0
0,90,None,False,"137,38,26,89,43,131,83,22,42,29",0.8628302812576294,-1.411542296409607,-1.1430420875549316,-1.0108075141906738,7.997513771057129,4.213476657867432,5.851728916168213,0.0,0.0,5.851728916168213,4.726576805114746,1.1251521110534668,-0.0029178617987781763,0.0,0.9414440393447876,0.4818209707736969,3.3772974014282227,0.0
0,91,None,False,"137,38,26,89,43,131,83,22,42,29",0.9490610957145691,-1.6518676280975342,-1.1758872270584106,-1.069518804550171,7.997729778289795,3.5344607830047607,5.2779154777526855,0.0,0.0,5.2779154777526855,4.2725443840026855,1.00537109375,0.05634487047791481,0.0,0.8706847429275513,0.4604409337043762,3.3772974014282227,0.0
0,92,None,False,"137,38,26,89,43,131,83,22,42,29",0.9294180870056152,-1.3576346635818481,-0.7693592309951782,-1.0331767797470093,7.997036933898926,4.658335208892822,5.289206027984619,0.0,0.0,5.289206027984619,4.172003269195557,1.1172027587890625,0.20492637157440186,0.0,1.2030833959579468,0.4339616000652313,3.3772974014282227,0.0
0,93,None,False,"137,38,26,89,43,131,83,22,42,29",0.9416211247444153,-1.2649646997451782,-1.0337811708450317,-0.7556412220001221,7.9980854988098145,4.670770168304443,6.631497859954834,0.0,0.0,6.631497859954834,5.170154571533203,1.4613432884216309,0.4143843650817871,0.0,0.9428952932357788,0.4140821099281311,3.3772974014282227,0.0
0,94,None,False,"137,38,26,89,43,131,83,22,42,29",0.9149023294448853,-1.533462405204773,-0.8209080696105957,-1.0451260805130005,7.996821403503418,4.653632164001465,4.904089450836182,0.0,0.0,4.904089450836182,4.706740379333496,0.19734907150268555,0.06452896445989609,0.0,1.0602139234542847,0.49617159366607666,3.3772974014282227,0.0
0,95,None,False,"137,38,26,89,43,131,83,22,42,29",0.863127589225769,-1.4715955257415771,-0.724069356918335,-0.8466594219207764,7.9965338706970215,4.02972936630249,5.225914001464844,0.0,0.0,5.225914001464844,5.4911017417907715,-0.26518774032592773,-0.2071155458688736,0.0,0.9675818681716919,0.5339618921279907,3.3772974014282227,0.0
0,96,None,False,"137,38,26,89,43,131,83,22,42,29",0.9796357750892639,-1.3441109657287598,-0.8039495944976807,-1.0409693717956543,7.996625900268555,5.086770057678223,3.634446859359741,0.0,0.0,3.634446859359741,5.136406421661377,-1.5019595623016357,-0.528211236000061,0.0,1.1663076877593994,0.4828951954841614,3.3772974014282227,0.0
0,97,None,False,"137,38,26,89,43,131,83,22,42,29",0.8671697974205017,-1.2640801668167114,-0.9354541301727295,-0.9835113286972046,7.997207164764404,5.354535102844238,4.968873500823975,0.0,0.0,4.968873500823975,5.056238174438477,-0.08736467361450195,-0.046680379658937454,0.0,1.065237045288086,0.5507945418357849,3.3772974014282227,0.0
0,98,None,False,"137,38,26,89,43,131,83,22,42,29",0.9495131969451904,-1.2501001358032227,-0.6980313062667847,-1.0488243103027344,7.996209621429443,5.416328430175781,3.2500288486480713,0.0,0.0,3.2500288486480713,3.4788131713867188,-0.22878432273864746,-0.03473617509007454,0.0,1.1077651977539062,0.5560460686683655,3.3772974014282227,0.0
0,99,Schedule,True,"51,62,82,43,73,70,85,52,35,79",0.9372166395187378,-1.453177809715271,-1.0175023078918457,-0.8800309896469116,7.9974141120910645,4.206674575805664,5.774003028869629,0.35999999046325687,0.8999999761581421,4.514002799987793,3.949248790740967,0.5647540092468262,0.1863378882408142,0.8747168183326721,1.18513822555542,0.5574173927307129,3.3772974014282227,0.0
0,100,None,False,"51,62,82,43,73,70,85,52,35,79",0.9196382164955139,-1.4593555927276611,-1.153059482574463,-0.8900858163833618,7.996677398681641,5.546246528625488,2.8700578212738037,0.0,0.0,2.8700578212738037,2.951633930206299,-0.08157610893249512,0.016957925632596016,0.0,1.413092017173767,0.5301352739334106,3.3772974014282227,0.0
0,101,None,False,"51,62,82,43,73,70,85,52,35,79",0.9293071031570435,-1.4620375633239746,-0.8107220530509949,-0.8430308103561401,7.99773645401001,7.200038909912109,4.384639739990234,0.0,0.0,4.384639739990234,2.975344657897949,1.4092950820922852,0.5086258053779602,0.0,1.3855582475662231,0.5174771547317505,3.3772974014282227,0.0
0,102,None,False,"51,62,82,43,73,70,85,52,35,79",0.9948728084564209,-1.5651746988296509,-0.8211939334869385,-0.8522032499313354,7.99692440032959,4.257343292236328,4.971432685852051,0.0,0.0,4.971432685852051,1.0562777519226074,3.9151549339294434,1.3018451929092407,0.0,1.1462247371673584,0.6126657724380493,3.3772974014282227,0.0
0,103,None,False,"51,62,82,43,73,70,85,52,35,79",1.0118811130523682,-1.5150543451309204,-1.1385478973388672,-0.8622839450836182,7.997018337249756,4.283982276916504,4.887738227844238,0.0,0.0,4.887738227844238,2.531909942626953,2.355828285217285,0.6756829619407654,0.0,1.099276065826416,0.5725955367088318,3.3772974014282227,0.0
0,104,None,False,"51,62,82,43,73,70,85,52,35,79",0.9322178363800049,-1.3985638618469238,-0.8530555367469788,-0.8559702634811401,7.9967451095581055,4.511434555053711,5.022218227386475,0.0,0.0,5.022218227386475,2.322876453399658,2.6993417739868164,0.8269001245498657,0.0,1.3190191984176636,0.5393368601799011,3.3772974014282227,0.0
0,105,None,False,"51,62,82,43,73,70,85,52,35,79",0.9531799554824829,-1.4663474559783936,-0.9412103295326233,-0.9842145442962646,7.996603965759277,4.134242534637451,2.960299253463745,0.0,0.0,2.960299253463745,2.940797805786133,0.019501447677612305,0.01859160140156746,0.0,1.2849401235580444,0.5096865296363831,3.3772974014282227,0.0
0,106,None,False,"51,62,82,43,73,70,85,52,35,79",0.9770856499671936,-1.5189156532287598,-0.8175954818725586,-0.9233360886573792,7.99692964553833,5.179629802703857,3.0757558345794678,0.0,0.0,3.0757558345794678,1.907193660736084,1.1685621738433838,0.2085934281349182,0.0,1.1701453924179077,0.5510860681533813,3.3772974014282227,0.0
0,107,None,False,"51,62,82,43,73,70,85,52,35,79",0.948652446269989,-1.2606889009475708,-0.7776547074317932,-0.8964512348175049,7.997812747955322,5.554555416107178,1.5226489305496216,0.0,0.0,1.5226489305496216,0.12804269790649414,1.3946062326431274,0.32950231432914734,0.0,1.2478185892105103,0.5392788648605347,3.3772974014282227,0.0
0,108,None,False,"51,62,82,43,73,70,85,52,35,79",1.1425639390945435,-1.6226930618286133,-0.9040753841400146,-0.8995554447174072,7.996687889099121,7.043426036834717,3.3787567615509033,0.0,0.0,3.3787567615509033,0.7573843002319336,2.6213724613189697,0.5915287733078003,0.0,1.2738654613494873,0.5974617004394531,3.3772974014282227,0.0
0,109,None,False,"51,62,82,43,73,70,85,52,35,79",1.0799590349197388,-1.3835846185684204,-0.9713635444641113,-0.8142557740211487,7.997363567352295,6.030648708343506,3.2274208068847656,0.0,0.0,3.2274208068847656,-0.5212247371673584,3.748645544052124,0.817650556564331,0.0,1.1685192584991455,0.5883948802947998,3.3772974014282227,0.0
0,110,None,False,"51,62,82,43,73,70,85,52,35,79",1.0571918487548828,-1.4531413316726685,-0.7838267683982849,-0.8852462768554688,7.997500896453857,2.9725680351257324,3.3178489208221436,0.0,0.0,3.3178489208221436,-0.7150173187255859,4.032866477966309,0.8667407035827637,0.0,1.1160571575164795,0.6000269651412964,3.3772974014282227,0.0
0,111,None,False,"51,62,82,43,73,70,85,52,35,79",1.0776512622833252,-1.6392123699188232,-0.769313395023346,-0.7968572378158569,7.998337745666504,3.7409305572509766,6.624128818511963,0.0,0.0,6.624128818511963,0.1757502555847168,6.448378562927246,1.3753849267959595,0.0,1.0798602104187012,0.5671802759170532,3.3772974014282227,0.0
0,112,None,False,"51,62,82,43,73,70,85,52,35,79",1.112939476966858,-1.5417526960372925,-1.1431602239608765,-0.7698676586151123,7.996417999267578,5.91690731048584,7.081773281097412,0.0,0.0,7.081773281097412,-0.5999386310577393,7.6817121505737305,2.0055384635925293,0.0,0.8964436054229736,0.5157127976417542,3.3772974014282227,0.0
0,113,Schedule,True,"66,97,23,60,26,141,92,0,90,139",1.146531343460083,-1.6220297813415527,-0.6683573126792908,-0.8715017437934875,7.995999336242676,8.307805061340332,2.3553049564361572,0.4,1.0,0.9553049802780151,-1.0418295860290527,1.9971345663070679,0.47734904289245605,2.319491386413574,0.9097056984901428,0.45621055364608765,3.3772974014282227,0.0
0,114,None,False,"66,97,23,60,26,141,92,0,90,139",1.0679444074630737,-1.4130783081054688,-0.7681196928024292,-0.7131370306015015,7.998178958892822,6.026188373565674,2.1574759483337402,0.0,0.0,2.1574759483337402,-2.7786433696746826,4.936119079589844,1.4731435775756836,0.0,0.9581435918807983,0.5864630937576294,3.3772974014282227,0.0
0,115,None,False,"66,97,23,60,26,141,92,0,90,139",0.9958599209785461,-1.3638603687286377,-0.7752214670181274,-0.7043126821517944,7.99774694442749,5.024654865264893,-0.08661210536956787,0.0,0.0,-0.08661210536956787,-3.3824563026428223,3.295844078063965,1.0377731323242188,0.0,0.8466469049453735,0.4929627776145935,3.3772974014282227,0.0
0,116,None,False,"66,97,23,60,26,141,92,0,90,139",1.038565754890442,-1.46817147731781,-1.0484238862991333,-0.8926037549972534,7.999286651611328,4.70660400390625,-1.2281233072280884,0.0,0.0,-1.2281233072280884,-3.1739652156829834,1.945841908454895,0.6297960877418518,0.0,0.9777041673660278,0.4472759962081909,3.3772974014282227,0.0
0,117,None,False,"66,97,23,60,26,141,92,0,90,139",1.1931902170181274,-1.455930233001709,-0.6991569995880127,-0.8689554929733276,7.996579647064209,5.785248279571533,-0.2515453100204468,0.0,0.0,-0.2515453100204468,-2.9025793075561523,2.651033878326416,0.7185136079788208,0.0,0.9419921040534973,0.4670105576515198,3.3772974014282227,0.0
0,118,None,False,"66,97,23,60,26,141,92,0,90,139",1.0271551609039307,-1.3667188882827759,-0.8830947279930115,-0.8446181416511536,7.997643947601318,6.403972625732422,-0.2060633897781372,0.0,0.0,-0.2060633897781372,-1.9801020622253418,1.7740386724472046,0.39396825432777405,0.0,0.6493011116981506,0.4617738425731659,3.3772974014282227,0.0
0,119,None,False,"66,97,23,60,26,141,92,0,90,139",0.9652630090713501,-1.557176947593689,-0.8246878981590271,-0.8616753816604614,7.997854709625244,4.814302444458008,1.1206918954849243,0.0,0.0,1.1206918954849243,-0.7328689098358154,1.8535608053207397,0.3311828672885895,0.0,0.8557754755020142,0.4663751721382141,3.3772974014282227,0.0
0,120,None,False,"66,97,23,60,26,141,92,0,90,139",1.0075373649597168,-1.5469542741775513,-0.9709120988845825,-0.8158937692642212,7.9984331130981445,3.806847333908081,1.8678134679794312,0.0,0.0,1.8678134679794312,0.012242794036865234,1.855570673942566,0.41967183351516724,0.0,0.7681679725646973,0.49097925424575806,3.3772974014282227,0.0
0,121,None,False,"66,97,23,60,26,141,92,0,90,139",0.892522931098938,-1.4225571155548096,-0.7131808400154114,-0.9949138760566711,7.996889591217041,4.459107875823975,3.554680824279785,0.0,0.0,3.554680824279785,1.4643549919128418,2.0903258323669434,0.5244605541229248,0.0,0.9321188926696777,0.45083969831466675,3.3772974014282227,0.0
0,122,None,False,"66,97,23,60,26,141,92,0,90,139",1.0020184516906738,-1.3770499229431152,-0.8507210612297058,-0.9391337633132935,7.9976115226745605,4.53780460357666,1.4287430047988892,0.0,0.0,1.4287430047988892,0.8926153182983398,0.5361276865005493,0.1895585060119629,0.0,0.7951343059539795,0.5030879974365234,3.3772974014282227,0.0
0,123,None,False,"66,97,23,60,26,141,92,0,90,139",1.0414878129959106,-1.8406463861465454,-0.8577702641487122,-1.031407356262207,7.99746036529541,7.678333282470703,1.6132493019104004,0.0,0.0,1.6132493019104004,1.2897253036499023,0.32352399826049805,0.12915749847888947,0.0,0.7391771078109741,0.5370445251464844,3.3772974014282227,0.0
0,124,None,False,"66,97,23,60,26,141,92,0,90,139",1.0311115980148315,-1.388742446899414,-1.1412839889526367,-0.9605984687805176,7.996317386627197,8.503040313720703,3.9233498573303223,0.0,0.0,3.9233498573303223,1.2952566146850586,2.6280932426452637,0.7085273861885071,0.0,0.874443769454956,0.46495872735977173,3.3772974014282227,0.0
0,125,None,False,"66,97,23,60,26,141,92,0,90,139",0.9687976837158203,-1.2543754577636719,-0.8606604933738708,-0.7829376459121704,7.998400688171387,5.483722686767578,3.898813247680664,0.0,0.0,3.898813247680664,0.7190942764282227,3.1797189712524414,0.7125515937805176,0.0,1.070904016494751,0.502495288848877,3.3772974014282227,0.0
0,126,None,False,"66,97,23,60,26,141,92,0,90,139",0.9009020328521729,-1.6516042947769165,-0.7151658535003662,-0.9100532531738281,7.996895790100098,4.651436805725098,3.255836248397827,0.0,0.0,3.255836248397827,-5.9604644775390625e-06,3.2558422088623047,0.5544461607933044,0.0,0.9654958248138428,0.41568636894226074,3.3772974014282227,0.0
0,127,Schedule,True,"73,82,11,126,51,76,98,120,88,103",0.970723569393158,-1.2273685932159424,-0.8630340695381165,-0.9687690138816833,7.9968767166137695,4.534183502197266,-1.1446434259414673,0.4,1.0,-2.5446434020996094,-0.32986998558044434,-2.214773416519165,-0.6697579026222229,-3.3713276386260986,0.9160888195037842,0.41352635622024536,3.3772974014282227,0.0
0,0,Schedule | Regime Shift (Initial),True,"2,74,128,107,86,76,71,10,36,108",0.9496799111366272,-0.981188178062439,-0.8361419439315796,-0.8866426944732666,7.99746036529541,5.143960475921631,-1.1687827110290527,0.0,0.0,-1.1687827110290527,2.951633930206299,-4.120416641235352,-1.2909857034683228,-6.45255708694458,1.1006596088409424,0.5298896431922913,2.034492254257202,0.0
0,1,None,False,"2,74,128,107,86,76,71,10,36,108",0.9784758687019348,-1.1292603015899658,-0.8543116450309753,-0.990200936794281,7.99686336517334,3.738550901412964,0.8671462535858154,0.0,0.0,0.8671462535858154,2.975344657897949,-2.108198404312134,-0.7385684251785278,0.0,1.1285240650177002,0.5546719431877136,2.034492254257202,0.0
0,2,None,False,"2,74,128,107,86,76,71,10,36,108",1.146807312965393,-1.097068190574646,-0.7072865962982178,-0.90553218126297,7.996653079986572,4.5271100997924805,0.3109705448150635,0.0,0.0,0.3109705448150635,1.0562777519226074,-0.745307207107544,-0.33211642503738403,0.0,1.3354068994522095,0.6057572364807129,2.034492254257202,0.0
0,3,None,False,"2,74,128,107,86,76,71,10,36,108",0.9803378582000732,-1.2403111457824707,-0.8634247779846191,-0.9029142260551453,7.997156143188477,5.113976001739502,2.0876824855804443,0.0,0.0,2.0876824855804443,2.531909942626953,-0.4442274570465088,-0.33887699246406555,0.0,1.1188015937805176,0.5288410782814026,2.034492254257202,0.0
0,4,None,False,"2,74,128,107,86,76,71,10,36,108",0.9230746030807495,-0.9018170237541199,-0.8036696314811707,-0.8915916085243225,7.996980667114258,4.315212249755859,1.2375456094741821,0.0,0.0,1.2375456094741821,2.322876453399658,-1.085330843925476,-0.41812554001808167,0.0,1.0648285150527954,0.4721180200576782,2.034492254257202,0.0
0,5,None,False,"2,74,128,107,86,76,71,10,36,108",1.0194655656814575,-1.1865383386611938,-0.840745210647583,-1.0681275129318237,7.995362281799316,4.574717998504639,2.6429529190063477,0.0,0.0,2.6429529190063477,2.940797805786133,-0.29784488677978516,-0.1049836203455925,0.0,1.0395419597625732,0.48801425099372864,2.034492254257202,0.0
0,6,None,False,"2,74,128,107,86,76,71,10,36,108",0.9423786401748657,-1.0366219282150269,-0.7916769981384277,-0.9451947212219238,7.997663497924805,5.389798164367676,1.325289011001587,0.0,0.0,1.325289011001587,1.907193660736084,-0.5819046497344971,-0.2752830982208252,0.0,0.9748648405075073,0.4685133993625641,2.034492254257202,0.0
0,7,None,False,"2,74,128,107,86,76,71,10,36,108",0.9791866540908813,-0.9334922432899475,-0.8540948033332825,-0.9320601224899292,7.998049259185791,2.0192301273345947,0.5439859628677368,0.0,0.0,0.5439859628677368,0.12804269790649414,0.4159432649612427,-0.059161677956581116,0.0,1.1821831464767456,0.43668675422668457,2.034492254257202,0.0
0,8,None,False,"2,74,128,107,86,76,71,10,36,108",1.0430493354797363,-1.0738565921783447,-0.9221066236495972,-0.9910678267478943,7.998230934143066,3.62601900100708,0.6307387351989746,0.0,0.0,0.6307387351989746,0.7573843002319336,-0.12664556503295898,-0.369332492351532,0.0,1.0702019929885864,0.42290669679641724,2.034492254257202,0.0
0,9,None,False,"2,74,128,107,86,76,71,10,36,108",1.0226010084152222,-0.9874888062477112,-0.8971370458602905,-0.9208489060401917,7.998222827911377,4.892980098724365,-0.43244484066963196,0.0,0.0,-0.43244484066963196,-0.5212247371673584,0.08877989649772644,-0.24429717659950256,0.0,1.2038909196853638,0.4043582081794739,2.034492254257202,0.0
0,10,None,False,"2,74,128,107,86,76,71,10,36,108",1.0200066566467285,-1.0269798040390015,-0.9288790822029114,-0.878451943397522,7.998157501220703,4.3298444747924805,-0.05505263805389404,0.0,0.0,-0.05505263805389404,-0.7150173187255859,0.6599646806716919,-0.16526518762111664,0.0,1.2856011390686035,0.5208224058151245,2.034492254257202,0.0
0,11,None,False,"2,74,128,107,86,76,71,10,36,108",1.1901118755340576,-1.104917049407959,-0.7770799398422241,-0.8070653676986694,7.995441913604736,6.615865707397461,1.1452364921569824,0.0,0.0,1.1452364921569824,0.1757502555847168,0.9694862365722656,-0.01059988234192133,0.0,1.2144412994384766,0.5164175629615784,2.034492254257202,0.0
0,12,None,False,"2,74,128,107,86,76,71,10,36,108",1.041861653327942,-1.175398349761963,-0.8832298517227173,-0.7317212820053101,7.997448921203613,6.347775936126709,0.15274465084075928,0.0,0.0,0.15274465084075928,-0.5999386310577393,0.7526832818984985,0.03141501918435097,0.0,1.157889723777771,0.5008798837661743,2.034492254257202,0.0
0,13,None,False,"2,74,128,107,86,76,71,10,36,108",1.1237596273422241,-1.1144055128097534,-0.691841721534729,-0.8928471803665161,7.996238708496094,6.120696544647217,0.3746300935745239,0.0,0.0,0.3746300935745239,-1.0418295860290527,1.4164596796035767,0.3860815167427063,0.0,1.3862794637680054,0.5547727346420288,2.034492254257202,0.0
0,14,Schedule,True,"136,95,89,129,128,8,98,72,82,36",1.1041007041931152,-1.390794277191162,-0.8631917834281921,-0.8276370763778687,7.99724817276001,3.7071616649627686,0.25678157806396484,0.3200000047683716,0.800000011920929,-0.8632184267044067,-2.7786433696746826,1.9154249429702759,0.5129598379135132,2.5010929107666016,1.2578641176223755,0.6833212971687317,2.034492254257202,0.0
0,15,None,False,"136,95,89,129,128,8,98,72,82,36",1.0169954299926758,-1.338441014289856,-0.7551453709602356,-0.7275300025939941,7.9982686042785645,4.661956787109375,-2.129533290863037,0.0,0.0,-2.129533290863037,-3.3824563026428223,1.2529230117797852,0.1706564873456955,0.0,1.350277066230774,0.722161054611206,2.034492254257202,0.0
0,16,None,False,"136,95,89,129,128,8,98,72,82,36",1.0722044706344604,-1.5554262399673462,-1.0020065307617188,-0.8145242929458618,7.9975199699401855,3.2323741912841797,0.40274980664253235,0.0,0.0,0.40274980664253235,-3.1739652156829834,3.5767149925231934,0.9507635235786438,0.0,1.5143558979034424,0.711213231086731,2.034492254257202,0.0
0,17,None,False,"136,95,89,129,128,8,98,72,82,36",1.0783807039260864,-1.4519976377487183,-0.7711929082870483,-0.7634669542312622,7.99783992767334,3.1831419467926025,0.7680249214172363,0.0,0.0,0.7680249214172363,-2.9025793075561523,3.6706042289733887,0.8430799841880798,0.0,1.4910025596618652,0.6441241502761841,2.034492254257202,0.0
0,18,None,False,"136,95,89,129,128,8,98,72,82,36",0.9147705435752869,-1.3429474830627441,-0.9676459431648254,-0.7213033437728882,7.997803688049316,4.874867916107178,-0.8293444514274597,0.0,0.0,-0.8293444514274597,-1.9801020622253418,1.1507575511932373,0.5107598304748535,0.0,1.0791902542114258,0.5133811831474304,2.034492254257202,0.0
0,19,None,False,"136,95,89,129,128,8,98,72,82,36",0.946643590927124,-1.4600708484649658,-1.0669136047363281,-0.8790003061294556,7.997652053833008,3.900526523590088,-0.1804107427597046,0.0,0.0,-0.1804107427597046,-0.7328689098358154,0.5524581670761108,0.27370014786720276,0.0,1.0611920356750488,0.4380851089954376,2.034492254257202,0.0
0,20,None,False,"136,95,89,129,128,8,98,72,82,36",0.9393985867500305,-1.6036348342895508,-0.8678921461105347,-0.946265459060669,7.997564315795898,3.751450300216675,0.31538963317871094,0.0,0.0,0.31538963317871094,0.012242794036865234,0.3031468391418457,0.0550832636654377,0.0,1.098936915397644,0.45307937264442444,2.034492254257202,0.0
0,21,None,False,"136,95,89,129,128,8,98,72,82,36",1.0802651643753052,-1.734102725982666,-1.0275318622589111,-1.030060887336731,7.997765064239502,4.84480094909668,3.257524251937866,0.0,0.0,3.257524251937866,1.4643549919128418,1.7931692600250244,0.5522425770759583,0.0,0.9270483255386353,0.45218348503112793,2.034492254257202,0.0
0,22,None,False,"136,95,89,129,128,8,98,72,82,36",0.9460824728012085,-1.373396873474121,-0.8006294369697571,-1.0047346353530884,7.998410224914551,4.946089267730713,3.4595959186553955,0.0,0.0,3.4595959186553955,0.8926153182983398,2.5669806003570557,0.8460219502449036,0.0,1.03667151927948,0.46171835064888,2.034492254257202,0.0
0,23,None,False,"136,95,89,129,128,8,98,72,82,36",1.034927248954773,-1.4119104146957397,-0.7838804721832275,-0.9175225496292114,7.9979567527771,3.6792378425598145,3.809819459915161,0.0,0.0,3.809819459915161,1.2897253036499023,2.520094156265259,0.934642493724823,0.0,1.121381163597107,0.396560400724411,2.034492254257202,0.0
0,24,None,False,"136,95,89,129,128,8,98,72,82,36",1.0120092630386353,-1.3132987022399902,-0.8081362843513489,-0.988448977470398,7.997359275817871,4.614641189575195,3.33400559425354,0.0,0.0,3.33400559425354,1.2952566146850586,2.0387489795684814,0.8903248906135559,0.0,1.0952521562576294,0.4785141944885254,2.034492254257202,0.0
0,25,None,False,"136,95,89,129,128,8,98,72,82,36",0.9349023103713989,-1.1478581428527832,-0.9480640888214111,-0.8756436109542847,7.998106002807617,5.824682235717773,1.7607665061950684,0.0,0.0,1.7607665061950684,0.7190942764282227,1.0416722297668457,0.6541337370872498,0.0,0.9390711784362793,0.4924926161766052,2.034492254257202,0.0
0,26,None,False,"136,95,89,129,128,8,98,72,82,36",0.9165852665901184,-1.652177333831787,-0.8541525602340698,-1.087160348892212,7.9977498054504395,5.017556190490723,-0.046805739402770996,0.0,0.0,-0.046805739402770996,-5.9604644775390625e-06,-0.04679977893829346,0.2923615276813507,0.0,0.8500648736953735,0.4738645851612091,2.034492254257202,0.0
0,27,None,False,"136,95,89,129,128,8,98,72,82,36",0.8764825463294983,-1.1555533409118652,-1.0941370725631714,-0.9554011821746826,7.998378753662109,3.48541259765625,0.21502436697483063,0.0,0.0,0.21502436697483063,-0.32986998558044434,0.5448943376541138,0.6181789040565491,0.0,0.9480286836624146,0.5065665245056152,2.034492254257202,0.0
0,28,Schedule | Struct Break (DC),True,"62,52,7,91,117,36,13,29,75,95",0.925428569316864,-1.5050603151321411,-1.1940865516662598,-0.8974958658218384,7.9976372718811035,4.586432933807373,-1.2529414892196655,0.3200000047683716,0.800000011920929,-2.372941493988037,2.585434913635254,-4.958376407623291,-1.1667007207870483,-5.840548992156982,1.0153309106826782,0.4355400502681732,2.034492254257202,0.0
0,29,None,False,"62,52,7,91,117,36,13,29,75,95",0.9718648195266724,-1.6211349964141846,-0.7704196572303772,-0.9822705388069153,7.996547698974609,4.231947898864746,0.7374733686447144,0.0,0.0,0.7374733686447144,6.09743595123291,-5.359962463378906,-1.467419147491455,0.0,0.7167980074882507,0.48475974798202515,2.034492254257202,0.0
0,30,None,False,"62,52,7,91,117,36,13,29,75,95",0.9885245561599731,-1.464355707168579,-0.9453152418136597,-1.1175209283828735,7.997640132904053,5.907801628112793,3.2779552936553955,0.0,0.0,3.2779552936553955,6.433725357055664,-3.1557700634002686,-0.7828624248504639,0.0,0.8111839294433594,0.41613566875457764,2.034492254257202,0.0
0,31,None,False,"62,52,7,91,117,36,13,29,75,95",0.9169948697090149,-1.17423677444458,-0.7879180312156677,-0.9535209536552429,7.997496604919434,5.2945990562438965,3.1914968490600586,0.0,0.0,3.1914968490600586,6.810402870178223,-3.618906021118164,-1.2805681228637695,0.0,0.6798462867736816,0.3964993357658386,2.034492254257202,0.0
0,32,Struct Break (DC),True,"38,136,70,45,129,135,55,139,120,50",0.9515508413314819,-1.2881921529769897,-0.7302335500717163,-1.1502714157104492,7.998197555541992,3.682734966278076,1.6109983921051025,0.4,1.0,0.21099841594696045,4.609119892120361,-4.398121356964111,-1.125672698020935,-5.637857913970947,0.5347900390625,0.38411861658096313,2.034492254257202,0.0
0,33,None,False,"38,136,70,45,129,135,55,139,120,50",1.0339179039001465,-1.5766873359680176,-0.8708585500717163,-0.9222062230110168,7.996150970458984,5.242330551147461,1.7626768350601196,0.0,0.0,1.7626768350601196,3.511214256286621,-1.7485374212265015,-0.40234431624412537,0.0,0.7064869999885559,0.37165242433547974,2.034492254257202,0.0
0,34,None,False,"38,136,70,45,129,135,55,139,120,50",0.9108721017837524,-1.5064685344696045,-0.9865679144859314,-1.1140631437301636,7.997965335845947,6.303385257720947,2.4675166606903076,0.0,0.0,2.4675166606903076,4.548001289367676,-2.080484628677368,-0.584271252155304,0.0,0.5512862205505371,0.42525824904441833,2.034492254257202,0.0
0,35,None,False,"38,136,70,45,129,135,55,139,120,50",1.037131428718567,-1.3289177417755127,-0.8859840035438538,-0.8996702432632446,7.997373104095459,5.108779430389404,3.1800191402435303,0.0,0.0,3.1800191402435303,3.418111801147461,-0.23809266090393066,-0.14546151459217072,0.0,0.6086519956588745,0.4261254072189331,2.034492254257202,0.0
0,36,None,False,"38,136,70,45,129,135,55,139,120,50",0.9738929867744446,-1.512424349784851,-0.9350110292434692,-0.8896616101264954,7.997081756591797,3.659883975982666,5.01531982421875,0.0,0.0,5.01531982421875,3.7372589111328125,1.2780609130859375,0.2365703135728836,0.0,0.6567943096160889,0.4626568555831909,2.034492254257202,0.0
0,37,None,False,"38,136,70,45,129,135,55,139,120,50",1.033288836479187,-1.4575053453445435,-0.8920497894287109,-1.0211737155914307,7.99778413772583,3.3622050285339355,5.853762149810791,0.0,0.0,5.853762149810791,4.9306511878967285,0.9231109619140625,0.0012719803489744663,0.0,0.6600193977355957,0.4660036265850067,2.034492254257202,0.0
0,38,None,False,"38,136,70,45,129,135,55,139,120,50",0.9034531116485596,-1.40187668800354,-0.9490565061569214,-0.913749635219574,7.99789571762085,4.494025707244873,4.432843208312988,0.0,0.0,4.432843208312988,4.2037129402160645,0.22913026809692383,-0.08699089288711548,0.0,0.6750518083572388,0.42312347888946533,2.034492254257202,0.0
0,39,None,False,"38,136,70,45,129,135,55,139,120,50",0.9215660095214844,-1.4597054719924927,-0.91712486743927,-1.1851706504821777,7.996995449066162,5.748257637023926,4.489802360534668,0.0,0.0,4.489802360534668,4.34415340423584,0.14564895629882812,-0.19562065601348877,0.0,0.7979862689971924,0.5129423141479492,2.034492254257202,0.0
0,40,None,False,"38,136,70,45,129,135,55,139,120,50",0.9653292894363403,-1.6810343265533447,-1.2028117179870605,-0.9083842635154724,7.996983528137207,5.767701625823975,6.605042457580566,0.0,0.0,6.605042457580566,8.055901527404785,-1.4508590698242188,-0.6766613721847534,0.0,0.8961433172225952,0.5132068395614624,2.034492254257202,0.0
0,41,Struct Break (DC),True,"94,44,25,20,26,85,130,3,8,125",1.0316431522369385,-1.4428114891052246,-1.2599003314971924,-0.9203883409500122,7.997572422027588,4.143074989318848,1.7012274265289307,0.4,1.0,0.3012274503707886,7.761931419372559,-7.4607038497924805,-2.2078564167022705,-11.014907836914062,0.9762818217277527,0.5070209503173828,2.034492254257202,0.0
0,42,None,False,"94,44,25,20,26,85,130,3,8,125",0.9875578880310059,-1.2238695621490479,-0.8334355354309082,-0.9025738835334778,7.9983367919921875,5.470550060272217,0.7428222894668579,0.0,0.0,0.7428222894668579,6.0948967933654785,-5.35207462310791,-1.474391222000122,0.0,0.7770371437072754,0.4994448721408844,2.034492254257202,0.0
0,43,Struct Break (DC),True,"14,125,37,106,11,31,60,127,4,34",1.1425529718399048,-1.1087167263031006,-0.944452166557312,-1.000219464302063,7.996084690093994,6.530516147613525,-1.4944499731063843,0.35999999046325687,0.8999999761581421,-2.7544498443603516,3.932666778564453,-6.687116622924805,-1.8170428276062012,-9.077095031738281,0.9213936924934387,0.5489771366119385,2.034492254257202,0.0
0,44,None,False,"14,125,37,106,11,31,60,127,4,34",0.8976039886474609,-1.4344409704208374,-0.7261953353881836,-0.8970932960510254,7.996976852416992,4.844729423522949,-0.8062695860862732,0.0,0.0,-0.8062695860862732,5.6070685386657715,-6.4133381843566895,-1.7836793661117554,0.0,0.9407984018325806,0.5664516091346741,2.034492254257202,0.0
0,45,None,False,"14,125,37,106,11,31,60,127,4,34",0.8435832858085632,-1.2949795722961426,-0.8919810056686401,-1.072251796722412,7.9985032081604,5.468162536621094,-1.955438256263733,0.0,0.0,-1.955438256263733,4.005193710327148,-5.960631847381592,-1.5113123655319214,0.0,0.9518469572067261,0.5179981589317322,2.034492254257202,0.0
0,46,None,False,"14,125,37,106,11,31,60,127,4,34",0.9703726768493652,-1.4720977544784546,-0.8714306354522705,-0.9996330142021179,7.998062610626221,4.928978443145752,-2.1039540767669678,0.0,0.0,-2.1039540767669678,4.249465465545654,-6.353419303894043,-2.254713773727417,0.0,0.9166044592857361,0.527391254901886,2.034492254257202,0.0
0,47,None,False,"14,125,37,106,11,31,60,127,4,34",0.9299814105033875,-1.3994604349136353,-0.9613160490989685,-1.0678434371948242,7.997394561767578,2.249272584915161,-0.7355028390884399,0.0,0.0,-0.7355028390884399,3.910994529724121,-4.6464972496032715,-1.3488378524780273,0.0,0.9515576362609863,0.4206041693687439,2.034492254257202,0.0
0,48,None,False,"14,125,37,106,11,31,60,127,4,34",0.9036065340042114,-1.1894490718841553,-0.5946478247642517,-0.9973068833351135,7.996771335601807,3.413897752761841,-1.1412113904953003,0.0,0.0,-1.1412113904953003,2.115762233734131,-3.2569737434387207,-0.9260129332542419,0.0,0.9401904344558716,0.4372404217720032,2.034492254257202,0.0
0,49,None,False,"14,125,37,106,11,31,60,127,4,34",0.992919921875,-1.2813456058502197,-0.6941459774971008,-0.7627037763595581,7.9969682693481445,3.9121530055999756,-1.828287124633789,0.0,0.0,-1.828287124633789,2.094912528991699,-3.9231996536254883,-1.1480093002319336,0.0,0.8364984393119812,0.5428793430328369,2.034492254257202,0.0
0,50,None,False,"14,125,37,106,11,31,60,127,4,34",1.0380184650421143,-1.3638604879379272,-0.7432636618614197,-1.07332181930542,7.997200012207031,5.561868190765381,-0.6157326698303223,0.0,0.0,-0.6157326698303223,1.7256379127502441,-2.3413705825805664,-0.6648816466331482,0.0,0.6881023645401001,0.45307350158691406,2.034492254257202,0.0
0,51,None,False,"14,125,37,106,11,31,60,127,4,34",0.9701617956161499,-1.3553094863891602,-0.8164116144180298,-1.164332628250122,7.997555732727051,6.412184238433838,-0.2697277069091797,0.0,0.0,-0.2697277069091797,-0.3594338893890381,0.0897061824798584,0.02469894289970398,0.0,0.7962257862091064,0.376438707113266,2.034492254257202,0.0
0,52,None,False,"14,125,37,106,11,31,60,127,4,34",0.9533988237380981,-1.4623640775680542,-1.0675280094146729,-1.1144553422927856,7.9974365234375,6.1944661140441895,0.7817578315734863,0.0,0.0,0.7817578315734863,0.7054686546325684,0.07628917694091797,-0.052859146147966385,0.0,0.6272975206375122,0.4251312017440796,2.034492254257202,0.0
0,53,None,False,"14,125,37,106,11,31,60,127,4,34",0.9914111495018005,-1.291076421737671,-0.8045743703842163,-0.944177508354187,7.997640609741211,4.826321125030518,0.7742857933044434,0.0,0.0,0.7742857933044434,1.5618443489074707,-0.7875585556030273,-0.15058918297290802,0.0,0.5133920311927795,0.39541977643966675,2.034492254257202,0.0
0,54,None,False,"14,125,37,106,11,31,60,127,4,34",1.008568286895752,-1.203162431716919,-0.5064123868942261,-0.8351762890815735,7.996750831604004,4.079460144042969,1.0501664876937866,0.0,0.0,1.0501664876937866,0.7132530212402344,0.33691346645355225,0.09149504452943802,0.0,0.5562824606895447,0.38001587986946106,2.034492254257202,0.0
0,55,None,False,"14,125,37,106,11,31,60,127,4,34",1.0512452125549316,-1.3860617876052856,-0.7268368005752563,-0.7590940594673157,7.998249053955078,3.5970089435577393,2.133390426635742,0.0,0.0,2.133390426635742,1.2644290924072266,0.8689613342285156,0.42817094922065735,0.0,0.8070938587188721,0.34781894087791443,2.034492254257202,0.0
0,56,None,False,"14,125,37,106,11,31,60,127,4,34",1.0326007604599,-1.5569134950637817,-0.7306360006332397,-1.0305410623550415,7.9980597496032715,2.5672760009765625,2.9297034740448,0.0,0.0,2.9297034740448,2.054595947265625,0.8751075267791748,0.33621370792388916,0.0,0.6524003744125366,0.3802807927131653,2.034492254257202,0.0
0,57,Schedule,True,"68,5,84,87,16,41,30,128,118,15",1.0577340126037598,-1.3595354557037354,-0.7234815359115601,-0.6820802688598633,7.997522354125977,2.4502623081207275,5.536343574523926,0.4,1.0,4.136343479156494,0.990593433380127,3.145750045776367,0.8929014205932617,4.388993263244629,0.7884424924850464,0.42086493968963623,2.034492254257202,0.0
0,58,None,False,"68,5,84,87,16,41,30,128,118,15",1.0652984380722046,-1.219015121459961,-0.7075048089027405,-0.8176780939102173,7.997773170471191,5.057293891906738,3.1143922805786133,0.0,0.0,3.1143922805786133,-0.7523298263549805,3.8667221069335938,0.9222790598869324,0.0,1.0610432624816895,0.42028647661209106,2.034492254257202,0.0
0,59,None,False,"68,5,84,87,16,41,30,128,118,15",1.106695532798767,-1.6589382886886597,-0.6835886836051941,-0.9634062051773071,7.996703147888184,7.462737560272217,4.36206579208374,0.0,0.0,4.36206579208374,0.35341978073120117,4.008646011352539,0.9307911396026611,0.0,1.083837866783142,0.3748190701007843,2.034492254257202,0.0
0,60,None,False,"68,5,84,87,16,41,30,128,118,15",1.0274436473846436,-1.4264633655548096,-0.8813030123710632,-0.8519994020462036,7.997500419616699,5.507732391357422,4.470304489135742,0.0,0.0,4.470304489135742,1.400160789489746,3.070143699645996,0.7166382074356079,0.0,0.7426268458366394,0.40569522976875305,2.034492254257202,0.0
0,61,None,False,"68,5,84,87,16,41,30,128,118,15",1.0553613901138306,-1.622965693473816,-0.8827790021896362,-0.8689059019088745,7.99722146987915,5.6480393409729,6.468681335449219,0.0,0.0,6.468681335449219,2.675604820251465,3.793076515197754,1.0030888319015503,0.0,0.7495635151863098,0.383365273475647,2.034492254257202,0.0
0,62,Struct Break (DC),True,"61,44,41,55,101,58,84,77,1,33",1.0001517534255981,-1.6494418382644653,-0.9708959460258484,-1.1083602905273438,7.997509956359863,5.239792823791504,8.606607437133789,0.3200000047683716,0.800000011920929,7.486607551574707,3.0783891677856445,4.4082183837890625,1.3622831106185913,6.708991050720215,0.6964808702468872,0.35998475551605225,2.034492254257202,0.0
0,63,None,False,"61,44,41,55,101,58,84,77,1,33",0.9418773651123047,-1.3345568180084229,-0.8223358988761902,-1.0007063150405884,7.997719764709473,3.794658899307251,6.740209579467773,0.0,0.0,6.740209579467773,1.9554495811462402,4.784759998321533,1.4216136932373047,0.0,0.7412021160125732,0.3734780251979828,2.034492254257202,0.0
0,64,None,False,"61,44,41,55,101,58,84,77,1,33",0.9958934783935547,-1.4399535655975342,-1.1316725015640259,-0.9536064267158508,7.996527671813965,4.183320999145508,8.66658878326416,0.0,0.0,8.66658878326416,2.212798595428467,6.453790187835693,1.7723058462142944,0.0,0.7173206806182861,0.410841703414917,2.034492254257202,0.0
0,65,None,False,"61,44,41,55,101,58,84,77,1,33",1.0062613487243652,-1.6470640897750854,-0.7552434802055359,-1.0388669967651367,7.99685001373291,6.0569748878479,9.030929565429688,0.0,0.0,9.030929565429688,3.7528514862060547,5.278078079223633,1.3352346420288086,0.0,0.7383250594139099,0.39858144521713257,2.034492254257202,0.0
0,66,None,False,"61,44,41,55,101,58,84,77,1,33",1.1500080823898315,-1.574700951576233,-0.5492758750915527,-0.8516557216644287,7.9967522621154785,4.2979936599731445,7.075084686279297,0.0,0.0,7.075084686279297,2.795541286468506,4.279543399810791,1.0001492500305176,0.0,0.85979163646698,0.4363475739955902,2.034492254257202,0.0
0,67,None,False,"61,44,41,55,101,58,84,77,1,33",1.1974347829818726,-1.4302995204925537,-0.8686836957931519,-0.9074010252952576,7.996181488037109,4.967578411102295,4.820058822631836,0.0,0.0,4.820058822631836,0.7729887962341309,4.047070026397705,0.8775598406791687,0.0,0.9742531776428223,0.42462849617004395,2.034492254257202,0.0
0,68,Struct Break (DC),True,"109,140,32,16,80,43,19,86,24,30",0.9305927753448486,-1.1269562244415283,-1.1034859418869019,-0.9553040862083435,7.996991157531738,7.456405162811279,3.7638604640960693,0.4,1.0,2.363860607147217,1.2968182563781738,1.067042350769043,-0.10136585682630539,-0.5524054169654846,0.9895947575569153,0.3394557237625122,2.034492254257202,0.0
0,69,None,False,"109,140,32,16,80,43,19,86,24,30",0.9221469163894653,-1.321789026260376,-0.9735277891159058,-1.084373116493225,7.997647285461426,4.41890287399292,1.9609516859054565,0.0,0.0,1.9609516859054565,1.3131976127624512,0.6477540731430054,-0.39078712463378906,0.0,1.1486408710479736,0.4325539171695709,2.034492254257202,0.0
0,70,None,False,"109,140,32,16,80,43,19,86,24,30",1.175490379333496,-1.6544768810272217,-0.8618693351745605,-1.141724944114685,7.996172904968262,5.285934925079346,1.8605434894561768,0.0,0.0,1.8605434894561768,0.487673282623291,1.3728702068328857,-0.12305798381567001,0.0,1.3997325897216797,0.5290898680686951,2.034492254257202,0.0
0,71,None,False,"109,140,32,16,80,43,19,86,24,30",1.046292781829834,-1.6069128513336182,-0.9264265298843384,-1.2660558223724365,7.996984004974365,3.7666969299316406,3.5533287525177,0.0,0.0,3.5533287525177,1.6707301139831543,1.882598638534546,0.027264248579740524,0.0,1.319939136505127,0.508338451385498,2.034492254257202,0.0
0,72,None,False,"109,140,32,16,80,43,19,86,24,30",1.0017722845077515,-1.3792991638183594,-0.6581494808197021,-0.9432381391525269,7.997984886169434,5.16177225112915,2.5011706352233887,0.0,0.0,2.5011706352233887,0.11610984802246094,2.3850607872009277,0.2978970408439636,0.0,1.2244515419006348,0.5213595032691956,2.034492254257202,0.0
0,73,None,False,"109,140,32,16,80,43,19,86,24,30",1.0500108003616333,-1.2628765106201172,-1.0594511032104492,-1.0336896181106567,7.996927738189697,5.266737937927246,0.09777843952178955,0.0,0.0,0.09777843952178955,-0.5411207675933838,0.6388992071151733,-0.17302215099334717,0.0,1.0115386247634888,0.5106343030929565,2.034492254257202,0.0
0,74,None,False,"109,140,32,16,80,43,19,86,24,30",0.9851136207580566,-1.2488192319869995,-0.7981992363929749,-1.0319855213165283,7.997896671295166,5.228110313415527,1.2057292461395264,0.0,0.0,1.2057292461395264,-0.9030699729919434,2.1087992191314697,0.3001777231693268,0.0,1.1389392614364624,0.4279212951660156,2.034492254257202,0.0
0,75,None,False,"109,140,32,16,80,43,19,86,24,30",0.9165430665016174,-1.2295329570770264,-0.8871985077857971,-1.095253586769104,7.996828556060791,5.589372158050537,0.6010615825653076,0.0,0.0,0.6010615825653076,-0.18058419227600098,0.7816457748413086,-0.1737814098596573,0.0,1.300297498703003,0.4691891372203827,2.034492254257202,0.0
0,76,None,False,"109,140,32,16,80,43,19,86,24,30",1.0483696460723877,-1.5543785095214844,-0.8516055345535278,-1.0861631631851196,7.996642589569092,5.941136360168457,1.5504133701324463,0.0,0.0,1.5504133701324463,0.38422346115112305,1.1661899089813232,0.06530295312404633,0.0,1.3003872632980347,0.5207550525665283,2.034492254257202,0.0
0,77,None,False,"109,140,32,16,80,43,19,86,24,30",0.9750085473060608,-1.629977822303772,-0.8991856575012207,-1.0949068069458008,7.997562408447266,5.346687316894531,1.4651769399642944,0.0,0.0,1.4651769399642944,2.681291103363037,-1.2161141633987427,-0.7617599964141846,0.0,1.2890067100524902,0.5295289754867554,2.034492254257202,0.0
0,78,None,False,"109,140,32,16,80,43,19,86,24,30",1.0026183128356934,-1.497765302658081,-1.003532886505127,-0.9833075404167175,7.99708890914917,3.093146562576294,2.889963388442993,0.0,0.0,2.889963388442993,3.6023378372192383,-0.7123744487762451,-0.6394820809364319,0.0,1.2622179985046387,0.5602205991744995,2.034492254257202,0.0
0,79,None,False,"109,140,32,16,80,43,19,86,24,30",0.9319044351577759,-1.443663477897644,-1.0282740592956543,-1.0247480869293213,7.997899055480957,3.876903772354126,2.1298508644104004,0.0,0.0,2.1298508644104004,3.8053274154663086,-1.6754765510559082,-0.9127915501594543,0.0,1.3608001470565796,0.580909013748169,2.034492254257202,0.0
0,80,None,False,"109,140,32,16,80,43,19,86,24,30",0.9021766781806946,-1.407698154449463,-1.0624593496322632,-1.0335584878921509,7.9965362548828125,4.3036956787109375,3.0441527366638184,0.0,0.0,3.0441527366638184,3.8953542709350586,-0.8512015342712402,-0.5153336524963379,0.0,1.4251130819320679,0.6591096520423889,2.034492254257202,0.0
0,81,None,False,"109,140,32,16,80,43,19,86,24,30",1.0062013864517212,-1.3883285522460938,-1.0795245170593262,-0.9912043809890747,7.99704647064209,5.451789855957031,5.8364739418029785,0.0,0.0,5.8364739418029785,6.761431694030762,-0.9249577522277832,-0.5953508019447327,0.0,1.4151899814605713,0.5797687768936157,2.034492254257202,0.0
0,82,Schedule,True,"75,114,80,132,43,10,68,26,63,96",0.9275140762329102,-1.3297393321990967,-0.5982003211975098,-0.7740082740783691,7.997860908508301,3.8037500381469727,5.643905162811279,0.3200000047683716,0.800000011920929,4.523905277252197,5.1432013511657715,-0.6192960739135742,-0.5759846568107605,-2.906053066253662,1.7912423610687256,0.577806830406189,2.034492254257202,0.0
0,83,None,False,"75,114,80,132,43,10,68,26,63,96",0.9859870672225952,-1.3493613004684448,-0.7005998492240906,-0.9249980449676514,7.996983528137207,3.9706945419311523,4.2867889404296875,0.0,0.0,4.2867889404296875,3.863072395324707,0.42371654510498047,-0.5513049960136414,0.0,1.5989500284194946,0.6901964545249939,2.034492254257202,0.0
0,84,None,False,"75,114,80,132,43,10,68,26,63,96",1.1419585943222046,-1.4885549545288086,-0.8843328952789307,-1.0044443607330322,7.995682239532471,5.030459880828857,5.069713592529297,0.0,0.0,5.069713592529297,5.186724662780762,-0.11701107025146484,-0.763271689414978,0.0,1.2719905376434326,0.6548284888267517,2.034492254257202,0.0
0,85,None,False,"75,114,80,132,43,10,68,26,63,96",1.1103966236114502,-1.4219943284988403,-0.8567057847976685,-0.7959494590759277,7.996273040771484,5.188192367553711,4.030344009399414,0.0,0.0,4.030344009399414,6.77717924118042,-2.746835231781006,-1.6779146194458008,0.0,1.2231268882751465,0.590660572052002,2.034492254257202,0.0
0,86,None,False,"75,114,80,132,43,10,68,26,63,96",0.931918740272522,-1.471954584121704,-1.0214998722076416,-0.9492088556289673,7.998284339904785,5.886198043823242,5.259747505187988,0.0,0.0,5.259747505187988,7.397270202636719,-2.1375226974487305,-1.4038958549499512,0.0,1.8270748853683472,0.6631984710693359,2.034492254257202,0.0
0,87,None,False,"75,114,80,132,43,10,68,26,63,96",0.9312293529510498,-1.304651141166687,-0.8340106010437012,-0.9326653480529785,7.997272491455078,4.597322940826416,6.047306060791016,0.0,0.0,6.047306060791016,6.9679975509643555,-0.9206914901733398,-0.9022105932235718,0.0,1.5048621892929077,0.6794284582138062,2.034492254257202,0.0
0,88,None,False,"75,114,80,132,43,10,68,26,63,96",0.8932861089706421,-1.3074543476104736,-0.9256331324577332,-0.8875744342803955,7.998071670532227,4.7539777755737305,7.279042720794678,0.0,0.0,7.279042720794678,8.244967460632324,-0.9659247398376465,-0.8597859144210815,0.0,1.8521084785461426,0.6542424559593201,2.034492254257202,0.0
0,89,None,False,"75,114,80,132,43,10,68,26,63,96",0.9572347402572632,-1.2479615211486816,-0.8291023969650269,-0.8054105043411255,7.998061180114746,4.026233196258545,5.046110153198242,0.0,0.0,5.046110153198242,5.973494052886963,-0.9273838996887207,-0.9010298848152161,0.0,1.8267829418182373,0.6173334717750549,2.034492254257202,0.0
0,90,None,False,"75,114,80,132,43,10,68,26,63,96",0.9776139855384827,-1.2431154251098633,-1.0789721012115479,-1.092109203338623,7.996815204620361,3.1852614879608154,5.485313415527344,0.0,0.0,5.485313415527344,4.428565502166748,1.0567479133605957,-0.008734703995287418,0.0,1.8092520236968994,0.587950587272644,2.034492254257202,0.0
0,91,None,False,"75,114,80,132,43,10,68,26,63,96",0.9050191044807434,-1.1099621057510376,-0.6085366606712341,-1.0625635385513306,7.99769401550293,3.7831223011016846,4.065681457519531,0.0,0.0,4.065681457519531,3.009521961212158,1.056159496307373,0.03519074246287346,0.0,1.6976394653320312,0.637033224105835,2.034492254257202,0.0
0,92,None,False,"75,114,80,132,43,10,68,26,63,96",0.9761565923690796,-1.282347559928894,-0.8486214876174927,-0.7540230751037598,7.997612476348877,3.970989227294922,1.2076973915100098,0.0,0.0,1.2076973915100098,0.2947688102722168,0.912928581237793,0.038750577718019485,0.0,1.4425491094589233,0.5523636937141418,2.034492254257202,0.0
0,93,None,False,"75,114,80,132,43,10,68,26,63,96",0.856667160987854,-1.4474002122879028,-0.7551963925361633,-0.9710684418678284,7.997005462646484,6.10175895690918,1.0519593954086304,0.0,0.0,1.0519593954086304,-0.24276375770568848,1.2947231531143188,0.21000953018665314,0.0,1.610298752784729,0.5931494235992432,2.034492254257202,0.0
0,94,None,False,"75,114,80,132,43,10,68,26,63,96",0.923001766204834,-1.4701110124588013,-0.9411950707435608,-0.9204927682876587,7.9977617263793945,5.858397006988525,-0.8198517560958862,0.0,0.0,-0.8198517560958862,-0.1339733600616455,-0.6858783960342407,-0.44987064599990845,0.0,1.4554589986801147,0.6109388470649719,2.034492254257202,0.0
0,95,None,False,"75,114,80,132,43,10,68,26,63,96",0.9586603045463562,-1.0892152786254883,-0.7495846152305603,-1.0483582019805908,7.997561931610107,2.4842536449432373,-3.621459722518921,0.0,0.0,-3.621459722518921,-0.757819414138794,-2.863640308380127,-1.072549819946289,0.0,1.4948689937591553,0.5300933122634888,2.034492254257202,0.0
0,96,Schedule,True,"45,61,31,13,131,35,33,116,7,84",1.0663293600082397,-1.6012768745422363,-0.7977008819580078,-1.124458909034729,7.995937347412109,5.0999674797058105,-2.668428421020508,0.4,1.0,-4.0684285163879395,-0.23382306098937988,-3.8346054553985596,-1.3473697900772095,-6.729342937469482,1.5572919845581055,0.6204190254211426,2.034492254257202,0.0
0,97,None,False,"45,61,31,13,131,35,33,116,7,84",0.9286518096923828,-1.6078159809112549,-1.1611943244934082,-0.639707624912262,7.998297691345215,6.447409152984619,-1.068137288093567,0.0,0.0,-1.068137288093567,-0.0046312808990478516,-1.063506007194519,-0.21641512215137482,0.0,1.1382732391357422,0.5849977731704712,2.034492254257202,0.0
0,98,None,False,"45,61,31,13,131,35,33,116,7,84",0.9882943034172058,-1.384706974029541,-0.9003713726997375,-1.1254088878631592,7.996334075927734,5.986717224121094,-2.0566468238830566,0.0,0.0,-2.0566468238830566,-1.596611738204956,-0.4600350856781006,-0.1630474328994751,0.0,1.1465990543365479,0.5496896505355835,2.034492254257202,0.0
0,99,None,False,"45,61,31,13,131,35,33,116,7,84",0.8995755910873413,-1.0412406921386719,-0.9308619499206543,-0.8444584012031555,7.9983906745910645,6.152710437774658,-5.467452526092529,0.0,0.0,-5.467452526092529,-5.787116050720215,0.31966352462768555,0.12729227542877197,0.0,1.0169683694839478,0.45328739285469055,2.034492254257202,0.0
0,100,None,False,"45,61,31,13,131,35,33,116,7,84",0.9242777824401855,-1.7485311031341553,-1.045793890953064,-1.2577054500579834,7.996262550354004,6.461256504058838,-4.107687473297119,0.0,0.0,-4.107687473297119,-5.261826515197754,1.1541390419006348,0.3773295283317566,0.0,1.1444525718688965,0.5604945421218872,2.034492254257202,0.0
0,101,None,False,"45,61,31,13,131,35,33,116,7,84",0.954176127910614,-1.6188143491744995,-1.0453903675079346,-0.9610588550567627,7.997446060180664,4.128727436065674,-5.317230224609375,0.0,0.0,-5.317230224609375,-4.9085259437561035,-0.4087042808532715,0.015616406686604023,0.0,1.0503816604614258,0.5691507458686829,2.034492254257202,0.0
0,102,None,False,"45,61,31,13,131,35,33,116,7,84",0.9665626883506775,-1.3190919160842896,-0.8414573669433594,-0.8925693035125732,7.997120380401611,4.144206523895264,-6.373314380645752,0.0,0.0,-6.373314380645752,-6.84632682800293,0.47301244735717773,0.3906569182872772,0.0,1.0967459678649902,0.5258850455284119,2.034492254257202,0.0
0,103,None,False,"45,61,31,13,131,35,33,116,7,84",1.027991771697998,-1.5519453287124634,-0.8522907495498657,-1.2346575260162354,7.99624490737915,4.761651515960693,-4.574012756347656,0.0,0.0,-4.574012756347656,-5.735593795776367,1.161581039428711,0.772612452507019,0.0,0.9642094969749451,0.4855077266693115,2.034492254257202,0.0
0,104,Struct Break (DC),True,"107,75,52,67,89,55,29,43,39,69",0.8715319633483887,-1.3864805698394775,-0.8806261420249939,-0.8222923278808594,7.997580051422119,4.985734939575195,-12.152200698852539,0.4,1.0,-13.552200317382812,-3.4713566303253174,-10.080843925476074,-3.4308876991271973,-17.080059051513672,0.8383219242095947,0.4549182057380676,2.034492254257202,0.0
0,105,None,False,"107,75,52,67,89,55,29,43,39,69",0.985515296459198,-1.6181796789169312,-0.8302984237670898,-1.046248197555542,7.9965386390686035,5.588146209716797,-7.981311321258545,0.0,0.0,-7.981311321258545,-1.7041385173797607,-6.277173042297363,-2.212651252746582,0.0,0.8364424109458923,0.44626596570014954,2.034492254257202,0.0
0,106,None,False,"107,75,52,67,89,55,29,43,39,69",0.9151830077171326,-1.4888396263122559,-1.0286400318145752,-1.0207442045211792,7.999179840087891,5.75146484375,-4.980685234069824,0.0,0.0,-4.980685234069824,1.5956878662109375,-6.576373100280762,-1.6939743757247925,0.0,0.8331571817398071,0.4365878403186798,2.034492254257202,0.0
0,107,None,False,"107,75,52,67,89,55,29,43,39,69",0.9641876220703125,-1.3287255764007568,-1.0124180316925049,-1.0088961124420166,7.998040199279785,4.341782093048096,-3.6531143188476562,0.0,0.0,-3.6531143188476562,0.9871959686279297,-4.640310287475586,-1.315811276435852,0.0,0.8318315744400024,0.4671078324317932,2.034492254257202,0.0
0,108,None,False,"107,75,52,67,89,55,29,43,39,69",0.8712068200111389,-1.3049297332763672,-0.9335986375808716,-0.9678951501846313,7.999110698699951,4.2462615966796875,-3.3117353916168213,0.0,0.0,-3.3117353916168213,1.6774773597717285,-4.989212989807129,-1.3801254034042358,0.0,0.724138617515564,0.42490923404693604,2.034492254257202,0.0
0,109,None,False,"107,75,52,67,89,55,29,43,39,69",0.8957666754722595,-1.2817257642745972,-0.7609714865684509,-0.9249598979949951,7.997910976409912,4.116636753082275,-1.9996488094329834,0.0,0.0,-1.9996488094329834,0.30483007431030273,-2.304478883743286,-0.7691201567649841,0.0,0.7867536544799805,0.3573461174964905,2.034492254257202,0.0
0,110,None,False,"107,75,52,67,89,55,29,43,39,69",0.7678292989730835,-1.2257366180419922,-1.0127637386322021,-1.1093982458114624,7.997643947601318,4.753386497497559,-1.102139949798584,0.0,0.0,-1.102139949798584,0.5128145217895508,-1.6149544715881348,-0.4064987599849701,0.0,0.9038443565368652,0.30798813700675964,2.034492254257202,0.0
0,111,None,False,"107,75,52,67,89,55,29,43,39,69",0.9574752449989319,-1.6750743389129639,-0.9587181806564331,-1.122686743736267,7.996400356292725,6.512175559997559,-1.7063419818878174,0.0,0.0,-1.7063419818878174,1.2909531593322754,-2.9972951412200928,-0.9089210629463196,0.0,1.008536458015442,0.41250184178352356,2.034492254257202,0.0
0,112,None,False,"107,75,52,67,89,55,29,43,39,69",0.93011474609375,-1.5225894451141357,-1.1437387466430664,-1.0448176860809326,7.9981184005737305,4.712603569030762,-1.221907138824463,0.0,0.0,-1.221907138824463,2.1438002586364746,-3.3657073974609375,-0.9620803594589233,0.0,0.8353655338287354,0.3893292546272278,2.034492254257202,0.0
0,113,None,False,"107,75,52,67,89,55,29,43,39,69",0.9479716420173645,-1.6653664112091064,-0.7153589129447937,-1.3063066005706787,7.997377395629883,4.4835734367370605,-1.7390614748001099,0.0,0.0,-1.7390614748001099,3.4006714820861816,-5.139732837677002,-1.3785730600357056,0.0,0.7665726542472839,0.3794863820075989,2.034492254257202,0.0
0,114,None,False,"107,75,52,67,89,55,29,43,39,69",0.8984593152999878,-1.5249712467193604,-0.8189761638641357,-0.8914763927459717,7.997745990753174,3.4849648475646973,-1.6685312986373901,0.0,0.0,-1.6685312986373901,4.361855983734131,-6.0303874015808105,-1.463404893875122,0.0,0.7733042240142822,0.42043522000312805,2.034492254257202,0.0
0,115,None,False,"107,75,52,67,89,55,29,43,39,69",1.0255217552185059,-1.4303749799728394,-0.7064734697341919,-1.1389715671539307,7.996748924255371,5.508139133453369,0.09594321250915527,0.0,0.0,0.09594321250915527,4.562139511108398,-4.466196060180664,-0.9638417959213257,0.0,0.6452661752700806,0.4369736909866333,2.034492254257202,0.0
0,116,None,False,"107,75,52,67,89,55,29,43,39,69",0.914341926574707,-1.427178978919983,-1.0403602123260498,-1.1484397649765015,7.998196125030518,4.972194194793701,3.0284619331359863,0.0,0.0,3.0284619331359863,4.958629608154297,-1.9301676750183105,-0.598563015460968,0.0,0.8004473447799683,0.4119810163974762,2.034492254257202,0.0
0,117,None,False,"107,75,52,67,89,55,29,43,39,69",0.8417064547538757,-1.320148229598999,-1.0645313262939453,-0.9187215566635132,7.9969482421875,3.996102809906006,4.300055027008057,0.0,0.0,4.300055027008057,6.0829758644104,-1.7829208374023438,-0.6086554527282715,0.0,0.7229132056236267,0.34629109501838684,2.034492254257202,0.0
0,118,Schedule,True,"27,87,50,82,125,39,97,53,4,76",0.8698524236679077,-1.291956901550293,-0.8172892928123474,-0.7191038131713867,7.998250484466553,5.8803863525390625,6.82518196105957,0.35999999046325687,0.8999999761581421,5.565181732177734,5.036532878875732,0.528648853302002,-0.2133617103099823,-1.1056485176086426,0.7188801765441895,0.46830207109451294,2.034492254257202,0.0
0,119,Struct Break (DC),True,"105,109,77,124,7,99,134,100,116,115",0.9111697673797607,-1.190575122833252,-0.7907006740570068,-0.940191924571991,7.996367931365967,6.0369157791137695,3.908195972442627,0.4,1.0,2.5081958770751953,3.7542343139648438,-1.2460384368896484,-0.6823680996894836,-3.438112497329712,0.7772120833396912,0.3678057789802551,2.034492254257202,0.0
0,120,None,False,"105,109,77,124,7,99,134,100,116,115",0.880087673664093,-1.2191256284713745,-0.7968363761901855,-1.0105360746383667,7.99714994430542,4.855019569396973,1.040499210357666,0.0,0.0,1.040499210357666,2.1795034408569336,-1.1390042304992676,-0.5415838956832886,0.0,0.771257221698761,0.39736318588256836,2.034492254257202,0.0
0,121,None,False,"105,109,77,124,7,99,134,100,116,115",0.8265634775161743,-1.620634913444519,-1.1848188638687134,-1.022308588027954,7.995048999786377,6.4380035400390625,0.02055048942565918,0.0,0.0,0.02055048942565918,2.0557761192321777,-2.0352256298065186,-0.9010617733001709,0.0,0.7691895961761475,0.3671511113643646,2.034492254257202,0.0
0,122,None,False,"105,109,77,124,7,99,134,100,116,115",1.0040550231933594,-1.5296725034713745,-0.7937672734260559,-0.9061927795410156,7.995665073394775,4.416623592376709,-0.22626160085201263,0.0,0.0,-0.22626160085201263,0.7703185081481934,-0.9965801239013672,-0.5381302237510681,0.0,0.6892400979995728,0.3739205002784729,2.034492254257202,0.0
0,123,None,False,"105,109,77,124,7,99,134,100,116,115",0.9212912321090698,-1.4513094425201416,-0.9571387767791748,-1.0613569021224976,7.996880531311035,5.868144989013672,-1.1031180620193481,0.0,0.0,-1.1031180620193481,0.8798003196716309,-1.982918381690979,-0.8099166750907898,0.0,0.6451995372772217,0.3988102972507477,2.034492254257202,0.0
0,124,None,False,"105,109,77,124,7,99,134,100,116,115",0.8536303639411926,-1.4344336986541748,-0.8500540256500244,-0.8304211497306824,7.997389793395996,4.755517482757568,-0.5660909414291382,0.0,0.0,-0.5660909414291382,0.11658668518066406,-0.6826776266098022,-0.3814503848552704,0.0,0.900151252746582,0.41990426182746887,2.034492254257202,0.0
0,125,None,False,"105,109,77,124,7,99,134,100,116,115",0.9148381948471069,-1.2674492597579956,-0.8865652084350586,-1.0598955154418945,7.996230602264404,4.879737377166748,-1.5987426042556763,0.0,0.0,-1.5987426042556763,0.8204102516174316,-2.4191527366638184,-1.1320831775665283,0.0,0.7343907356262207,0.39880916476249695,2.034492254257202,0.0
0,126,None,False,"105,109,77,124,7,99,134,100,116,115",0.8517004251480103,-1.3388704061508179,-0.8621031045913696,-0.9415534138679504,7.99691104888916,6.048256874084473,-0.2597928047180176,0.0,0.0,-0.2597928047180176,0.694572925567627,-0.9543657302856445,-0.6005077362060547,0.0,0.7509338855743408,0.4115826487541199,2.034492254257202,0.0
0,127,None,False,"105,109,77,124,7,99,134,100,116,115",0.9275714159011841,-1.5409551858901978,-1.232930064201355,-0.9319918155670166,7.997966766357422,4.346314907073975,-1.4870524406433105,0.0,0.0,-1.4870524406433105,0.31627416610717773,-1.8033266067504883,-0.7437134981155396,0.0,0.8201808929443359,0.41001245379447937,2.034492254257202,0.0
