batch_idx,timestep,trigger,rebalanced,selected_stocks,risk_eta,dir_logit_bear,dir_logit_side,dir_logit_bull,c_mkt_norm,c_mkt_diff,raw_return,turnover_penalty,symdiff_penalty,net_reward,baseline,advantage,advantage_norm,pg_loss,risk_loss,dir_loss,grad_norm,skipped_update
0,0,Schedule | Regime Shift (Initial),True,"30,108,58,66,115,37,97,18,10,50",1.097214698791504,-1.872305154800415,-1.294331431388855,-0.6066930294036865,7.999809265136719,0.0,0.017299849539995193,0.0,0.0,0.017299849539995193,0.014465689659118652,0.002834159880876541,0.21840408444404602,1.0336443185806274,0.5373024344444275,0.3415454030036926,2.7323875427246094,0.0
0,1,None,False,"30,108,58,66,115,37,97,18,10,50",1.0555037260055542,-2.3261375427246094,-1.3491909503936768,-0.7201536893844604,7.999699592590332,5.836601734161377,0.022216135635972023,0.0,0.0,0.022216135635972023,0.02477264404296875,-0.002556508406996727,0.2730790078639984,0.0,0.7775317430496216,0.33278363943099976,2.7323875427246094,0.0
0,2,None,False,"30,108,58,66,115,37,97,18,10,50",1.1470296382904053,-1.7635295391082764,-1.032224416732788,-0.9866312742233276,7.999752998352051,5.477145671844482,0.023660147562623024,0.0,0.0,0.023660147562623024,0.024372220039367676,-0.0007120724767446518,0.10856714844703674,0.0,0.782505214214325,0.4259617328643799,2.7323875427246094,0.0
0,3,None,False,"30,108,58,66,115,37,97,18,10,50",1.1106913089752197,-2.1712398529052734,-1.356170892715454,-0.5764526128768921,7.999764919281006,4.7769880294799805,0.023348737508058548,0.0,0.0,0.023348737508058548,0.015082478523254395,0.008266258984804153,0.3478798568248749,0.0,0.9469917416572571,0.4146231412887573,2.7323875427246094,0.0
0,4,None,False,"30,108,58,66,115,37,97,18,10,50",1.10103178024292,-1.9917937517166138,-0.9453569650650024,-0.7399579286575317,7.999765396118164,6.085535526275635,0.039367884397506714,0.0,0.0,0.039367884397506714,0.02168118953704834,0.017686694860458374,0.47072339057922363,0.0,0.9215143322944641,0.4501801133155823,2.7323875427246094,0.0
0,5,None,False,"30,108,58,66,115,37,97,18,10,50",1.089285969734192,-1.95693039894104,-1.1551626920700073,-0.7204703688621521,7.999819755554199,4.428886413574219,0.036213796585798264,0.0,0.0,0.036213796585798264,0.021342158317565918,0.014871638268232346,0.4809936583042145,0.0,0.9653037190437317,0.4663454592227936,2.7323875427246094,0.0
0,6,None,False,"30,108,58,66,115,37,97,18,10,50",1.0912024974822998,-1.9722075462341309,-1.2640182971954346,-0.6844443082809448,7.999764919281006,2.9181463718414307,0.04929779842495918,0.0,0.0,0.04929779842495918,0.016625165939331055,0.03267263248562813,0.6859791278839111,0.0,0.9765889644622803,0.46007248759269714,2.7323875427246094,0.0
0,7,None,False,"30,108,58,66,115,37,97,18,10,50",1.139158844947815,-1.7945685386657715,-0.8595848083496094,-0.8378785848617554,7.999819755554199,4.030028820037842,0.022729117423295975,0.0,0.0,0.022729117423295975,0.004214882850646973,0.018514234572649002,0.5670081377029419,0.0,0.8842052221298218,0.44171279668807983,2.7323875427246094,0.0
0,8,None,False,"30,108,58,66,115,37,97,18,10,50",1.103594183921814,-1.9049893617630005,-0.9598434567451477,-0.8357726335525513,7.999817371368408,3.9236133098602295,0.021245384588837624,0.0,0.0,0.021245384588837624,0.010186076164245605,0.011059308424592018,0.3590484857559204,0.0,0.9789190292358398,0.4691121578216553,2.7323875427246094,0.0
0,9,None,False,"30,108,58,66,115,37,97,18,10,50",1.0948517322540283,-2.0178160667419434,-1.3430966138839722,-0.5214440822601318,7.999823093414307,4.490980625152588,0.010912900790572166,0.0,0.0,0.010912900790572166,0.008364081382751465,0.0025488194078207016,0.22178032994270325,0.0,1.0160138607025146,0.5292247533798218,2.7323875427246094,0.0
0,10,None,False,"30,108,58,66,115,37,97,18,10,50",1.1444635391235352,-2.195831060409546,-1.298495888710022,-0.7490862011909485,7.9997382164001465,4.28594446182251,0.00538784870877862,0.0,0.0,0.00538784870877862,0.007823944091796875,-0.0024360953830182552,0.29853376746177673,0.0,1.082064151763916,0.5119435787200928,2.7323875427246094,0.0
0,11,None,False,"30,108,58,66,115,37,97,18,10,50",1.102568507194519,-2.1244213581085205,-1.116698980331421,-0.6728459596633911,7.999795913696289,4.440526008605957,-0.0007440865156240761,0.0,0.0,-0.0007440865156240761,0.008397698402404785,-0.009141785092651844,0.16389624774456024,0.0,1.0292203426361084,0.45100730657577515,2.7323875427246094,0.0
0,12,None,False,"30,108,58,66,115,37,97,18,10,50",0.9827062487602234,-1.8309881687164307,-1.225964069366455,-0.7242769002914429,7.9996514320373535,6.619480133056641,0.016153043136000633,0.0,0.0,0.016153043136000633,0.016896486282348633,-0.0007434431463479996,0.283499151468277,0.0,0.99868243932724,0.4357810616493225,2.7323875427246094,0.0
0,13,None,False,"30,108,58,66,115,37,97,18,10,50",1.117532730102539,-1.914339303970337,-1.1793962717056274,-0.5427526235580444,7.999800205230713,7.529566764831543,0.013594090938568115,0.0,0.0,0.013594090938568115,0.023203611373901367,-0.009609520435333252,0.26989319920539856,0.0,1.1743961572647095,0.5085219740867615,2.7323875427246094,0.0
0,14,Schedule,True,"68,76,133,131,100,92,55,6,118,19",1.047956109046936,-1.8469995260238647,-0.6718965172767639,-0.8386703729629517,7.999707221984863,7.033875942230225,0.029770631343126297,0.01,0.3,-0.280229389667511,0.02707076072692871,-0.3073001503944397,-0.9002614617347717,-4.520925045013428,1.131675362586975,0.4416210651397705,2.7323875427246094,0.0
0,15,None,False,"68,76,133,131,100,92,55,6,118,19",1.0703728199005127,-1.9297208786010742,-1.1288938522338867,-0.7058850526809692,7.999813556671143,4.996613502502441,0.010034906677901745,0.0,0.0,0.010034906677901745,0.01188671588897705,-0.001851809211075306,0.1658044010400772,0.0,0.9077885746955872,0.38359886407852173,2.7323875427246094,0.0
0,16,None,False,"68,76,133,131,100,92,55,6,118,19",1.0612986087799072,-2.032231092453003,-1.2928566932678223,-0.6639869213104248,7.999768257141113,2.9832935333251953,-0.006671100854873657,0.0,0.0,-0.006671100854873657,-0.0051239728927612305,-0.0015471279621124268,0.19458460807800293,0.0,0.8221360445022583,0.38141220808029175,2.7323875427246094,0.0
0,17,None,False,"68,76,133,131,100,92,55,6,118,19",1.0690959692001343,-1.8190172910690308,-1.1419532299041748,-0.6092207431793213,7.999793529510498,4.40626859664917,-0.007975715212523937,0.0,0.0,-0.007975715212523937,-0.0038726329803466797,-0.0041030822321772575,0.19412821531295776,0.0,0.7501517534255981,0.3148091733455658,2.7323875427246094,0.0
0,18,None,False,"68,76,133,131,100,92,55,6,118,19",1.0728803873062134,-1.9984583854675293,-1.1935771703720093,-0.5803364515304565,7.999768257141113,3.343320369720459,-0.022889811545610428,0.0,0.0,-0.022889811545610428,-0.007268011569976807,-0.015621799975633621,0.2664299011230469,0.0,0.7256238460540771,0.3807080388069153,2.7323875427246094,0.0
0,19,None,False,"68,76,133,131,100,92,55,6,118,19",1.0685572624206543,-1.9361761808395386,-1.2167587280273438,-0.8362340927124023,7.999818325042725,5.064361572265625,-0.03542066365480423,0.0,0.0,-0.03542066365480423,-0.012857675552368164,-0.022562988102436066,0.16368158161640167,0.0,0.810803234577179,0.4043163061141968,2.7323875427246094,0.0
0,20,None,False,"68,76,133,131,100,92,55,6,118,19",1.0897201299667358,-1.9577915668487549,-1.2336277961730957,-0.7345253229141235,7.999815940856934,3.2036452293395996,-0.025387877598404884,0.0,0.0,-0.025387877598404884,-0.0015456080436706543,-0.02384226955473423,-0.0959402397274971,0.0,0.6979683041572571,0.3090686798095703,2.7323875427246094,0.0
0,21,None,False,"68,76,133,131,100,92,55,6,118,19",1.0175113677978516,-2.015591621398926,-1.3823211193084717,-0.7287914752960205,7.999765872955322,4.482232570648193,-0.022889334708452225,0.0,0.0,-0.022889334708452225,-0.003858029842376709,-0.019031304866075516,-0.19464507699012756,0.0,0.700206458568573,0.3966909945011139,2.7323875427246094,0.0
0,22,None,False,"68,76,133,131,100,92,55,6,118,19",0.9465142488479614,-2.112285852432251,-1.1602636575698853,-0.6820327043533325,7.999636650085449,7.127082347869873,-0.01649222895503044,0.0,0.0,-0.01649222895503044,-0.014763593673706055,-0.0017286352813243866,0.23852595686912537,0.0,0.7870939373970032,0.380375474691391,2.7323875427246094,0.0
0,23,None,False,"68,76,133,131,100,92,55,6,118,19",1.1484582424163818,-1.71867835521698,-1.0134087800979614,-0.9670654535293579,7.999782085418701,7.452873706817627,-0.011940574273467064,0.0,0.0,-0.011940574273467064,-0.022024154663085938,0.010083580389618874,0.41128355264663696,0.0,0.9815151691436768,0.3904472887516022,2.7323875427246094,0.0
0,24,None,False,"68,76,133,131,100,92,55,6,118,19",1.1205235719680786,-1.874153971672058,-1.0909850597381592,-0.8100372552871704,7.999802589416504,3.0178613662719727,-0.006328475661575794,0.0,0.0,-0.006328475661575794,-0.02499157190322876,0.01866309717297554,0.49805164337158203,0.0,0.8266482353210449,0.3906901478767395,2.7323875427246094,0.0
0,25,None,False,"68,76,133,131,100,92,55,6,118,19",1.1463676691055298,-2.1140196323394775,-0.9870450496673584,-1.1332952976226807,7.999619007110596,4.408962726593018,-0.00022052526765037328,0.0,0.0,-0.00022052526765037328,-0.03321337699890137,0.03299285098910332,1.9160417318344116,0.0,0.9351550936698914,0.36585330963134766,2.7323875427246094,0.0
0,26,None,False,"68,76,133,131,100,92,55,6,118,19",1.086422085762024,-2.0492985248565674,-1.1403307914733887,-0.8995108604431152,7.999806880950928,4.8565168380737305,0.0066082836128771305,0.0,0.0,0.0066082836128771305,-0.02327960729598999,0.029887890443205833,0.7193814516067505,0.0,0.9464517831802368,0.3823493719100952,2.7323875427246094,0.0
0,27,Struct Break (DC),True,"43,14,65,138,93,124,73,91,23,84",1.0774726867675781,-2.1248390674591064,-1.1672556400299072,-0.8260108232498169,7.99979829788208,4.886358737945557,0.006848835851997137,0.01,0.3,-0.3031511902809143,-0.005807220935821533,-0.2973439693450928,-3.5938174724578857,-17.881664276123047,0.9143790006637573,0.47256535291671753,2.7323875427246094,0.0
0,28,None,False,"43,14,65,138,93,124,73,91,23,84",1.1085059642791748,-2.165118455886841,-1.1442489624023438,-0.8950854539871216,7.999807834625244,3.5165724754333496,0.013779896311461926,0.0,0.0,0.013779896311461926,0.01138150691986084,0.0023983893916010857,0.798606812953949,0.0,0.9760472774505615,0.44462722539901733,2.7323875427246094,0.0
0,29,None,False,"43,14,65,138,93,124,73,91,23,84",1.0127224922180176,-1.8995616436004639,-1.2535755634307861,-0.8389606475830078,7.999764919281006,3.53601336479187,0.012362843379378319,0.0,0.0,0.012362843379378319,0.01322793960571289,-0.0008650962263345718,0.24494820833206177,0.0,0.9180697202682495,0.4104447364807129,2.7323875427246094,0.0
0,30,None,False,"43,14,65,138,93,124,73,91,23,84",1.1653270721435547,-2.254081964492798,-1.1622769832611084,-0.7253851890563965,7.999782085418701,5.330060005187988,0.029603630304336548,0.0,0.0,0.029603630304336548,0.028043270111083984,0.0015603601932525635,0.1753011792898178,0.0,0.8921438455581665,0.39588236808776855,2.7323875427246094,0.0
0,31,None,False,"43,14,65,138,93,124,73,91,23,84",1.0958328247070312,-1.8092139959335327,-0.9953123331069946,-0.8661624789237976,7.999820709228516,5.056159973144531,0.026149099692702293,0.0,0.0,0.026149099692702293,0.03877890110015869,-0.012629801407456398,0.03932248800992966,0.0,0.9050995111465454,0.37094753980636597,2.7323875427246094,0.0
0,32,None,False,"43,14,65,138,93,124,73,91,23,84",1.0430057048797607,-2.0604987144470215,-0.8418872952461243,-0.8048433065414429,7.999729156494141,5.396121501922607,0.018943315371870995,0.0,0.0,0.018943315371870995,0.030022740364074707,-0.011079424992203712,0.09242325276136398,0.0,0.645463228225708,0.3631126880645752,2.7323875427246094,0.0
0,33,None,False,"43,14,65,138,93,124,73,91,23,84",1.0913197994232178,-2.00152850151062,-1.121451735496521,-0.7986664772033691,7.999804496765137,4.474212169647217,0.011879568919539452,0.0,0.0,0.011879568919539452,0.011586308479309082,0.00029326044023036957,0.43092915415763855,0.0,0.7612038254737854,0.4084032475948334,2.7323875427246094,0.0
0,34,None,False,"43,14,65,138,93,124,73,91,23,84",1.1292685270309448,-1.8383235931396484,-1.082327961921692,-0.6942561864852905,7.999817371368408,3.0160939693450928,0.020521897822618484,0.0,0.0,0.020521897822618484,0.013164043426513672,0.007357854396104813,0.3172241747379303,0.0,0.6987829208374023,0.38691332936286926,2.7323875427246094,0.0
0,35,None,False,"43,14,65,138,93,124,73,91,23,84",1.0808067321777344,-2.225992202758789,-1.0831533670425415,-0.7386906743049622,7.999763488769531,5.171253681182861,0.02105150744318962,0.0,0.0,0.02105150744318962,0.013614773750305176,0.007436733692884445,0.39449945092201233,0.0,0.5936235189437866,0.3112896978855133,2.7323875427246094,0.0
0,36,None,False,"43,14,65,138,93,124,73,91,23,84",1.0485671758651733,-2.271430253982544,-1.2157585620880127,-0.9875894784927368,7.999800682067871,5.969277858734131,0.024406999349594116,0.0,0.0,0.024406999349594116,0.016050100326538086,0.00835689902305603,0.4925270974636078,0.0,0.5804210305213928,0.3304566740989685,2.7323875427246094,0.0
0,37,None,False,"43,14,65,138,93,124,73,91,23,84",1.1513392925262451,-2.032545328140259,-1.0810909271240234,-0.8490298390388489,7.999817848205566,4.902163028717041,0.0169520266354084,0.0,0.0,0.0169520266354084,0.013165116310119629,0.0037869103252887726,0.36655646562576294,0.0,0.557864248752594,0.3155915439128876,2.7323875427246094,0.0
0,38,None,False,"43,14,65,138,93,124,73,91,23,84",1.1047769784927368,-2.027517557144165,-1.1664950847625732,-0.7021799087524414,7.999833106994629,3.6437337398529053,0.0033951043151319027,0.0,0.0,0.0033951043151319027,-0.000662684440612793,0.004057788755744696,0.2882777452468872,0.0,0.47295767068862915,0.31836891174316406,2.7323875427246094,0.0
0,39,None,False,"43,14,65,138,93,124,73,91,23,84",1.0921564102172852,-1.9395183324813843,-1.2822006940841675,-0.6522732973098755,7.999814510345459,3.301342248916626,-0.018499935045838356,0.0,0.0,-0.018499935045838356,-0.006643772125244141,-0.011856162920594215,-0.8050272464752197,0.0,0.5862499475479126,0.34449294209480286,2.7323875427246094,0.0
0,40,None,False,"43,14,65,138,93,124,73,91,23,84",1.0973801612854004,-1.991685152053833,-1.1505128145217896,-0.738006591796875,7.999730587005615,4.752010345458984,-0.02279980108141899,0.0,0.0,-0.02279980108141899,-0.01507711410522461,-0.007722686976194382,0.14629070460796356,0.0,0.5848149657249451,0.30356651544570923,2.7323875427246094,0.0
0,41,Schedule,True,"83,73,108,139,19,30,39,32,75,134",1.080143928527832,-1.8662227392196655,-1.0156745910644531,-0.8868973255157471,7.999785423278809,4.270280361175537,-0.01723431423306465,0.008999999761581421,0.26999999284744264,-0.2962343096733093,-0.013956248760223389,-0.28227806091308594,-3.865715742111206,-19.228374481201172,0.5287229418754578,0.3235008716583252,2.7323875427246094,0.0
0,42,None,False,"83,73,108,139,19,30,39,32,75,134",1.0049113035202026,-2.1696979999542236,-1.2481625080108643,-0.6955174207687378,7.999749183654785,6.479964733123779,0.001093786908313632,0.0,0.0,0.001093786908313632,-0.014081120491027832,0.015174907632172108,0.6533321738243103,0.0,0.413662850856781,0.3232857286930084,2.7323875427246094,0.0
0,43,None,False,"83,73,108,139,19,30,39,32,75,134",1.0933829545974731,-1.7620337009429932,-0.9479080438613892,-0.8139393329620361,7.9997782707214355,5.307186603546143,0.028086716309189796,0.0,0.0,0.028086716309189796,0.004176616668701172,0.023910099640488625,0.5305916666984558,0.0,0.4867899417877197,0.35425713658332825,2.7323875427246094,0.0
0,44,None,False,"83,73,108,139,19,30,39,32,75,134",1.1259162425994873,-2.0246593952178955,-1.2984224557876587,-0.8542059063911438,7.999711990356445,6.265501499176025,0.007908863015472889,0.0,0.0,0.007908863015472889,-0.005769193172454834,0.013678056187927723,0.40437740087509155,0.0,0.6067559123039246,0.338779091835022,2.7323875427246094,0.0
0,45,None,False,"83,73,108,139,19,30,39,32,75,134",1.039802074432373,-2.1057703495025635,-1.0754547119140625,-0.6738036870956421,7.999790668487549,5.155754566192627,-0.002197265625,0.0,0.0,-0.002197265625,-0.000847935676574707,-0.001349329948425293,0.27987101674079895,0.0,0.815343976020813,0.3151823878288269,2.7323875427246094,0.0
0,46,None,False,"83,73,108,139,19,30,39,32,75,134",1.085369348526001,-1.7975465059280396,-1.039855718612671,-0.8214356899261475,7.999786376953125,3.865600347518921,-0.017209535464644432,0.0,0.0,-0.017209535464644432,-0.011947154998779297,-0.005262380465865135,0.24246734380722046,0.0,0.796231746673584,0.3192509412765503,2.7323875427246094,0.0
0,47,None,False,"83,73,108,139,19,30,39,32,75,134",1.059850811958313,-2.17571759223938,-1.3853425979614258,-0.6465827822685242,7.9997382164001465,6.63611364364624,-0.03584156557917595,0.0,0.0,-0.03584156557917595,-0.015515267848968506,-0.020326297730207443,0.300333708524704,0.0,0.7160192728042603,0.3484172821044922,2.7323875427246094,0.0
0,48,None,False,"83,73,108,139,19,30,39,32,75,134",1.0650150775909424,-2.0546681880950928,-1.039426326751709,-0.7009543180465698,7.999806880950928,5.134783744812012,-0.04929756373167038,0.0,0.0,-0.04929756373167038,-0.016587018966674805,-0.032710544764995575,-0.05726318806409836,0.0,0.7313954830169678,0.33276838064193726,2.7323875427246094,0.0
0,49,None,False,"83,73,108,139,19,30,39,32,75,134",1.1044461727142334,-1.9406592845916748,-0.9989204406738281,-0.7881244421005249,7.999773979187012,4.900691986083984,-0.026129741221666336,0.0,0.0,-0.026129741221666336,-0.003695547580718994,-0.022434193640947342,0.1712651550769806,0.0,0.5472484827041626,0.31797704100608826,2.7323875427246094,0.0
0,50,None,False,"83,73,108,139,19,30,39,32,75,134",1.0612740516662598,-1.9512602090835571,-1.114296793937683,-0.8508363962173462,7.999744415283203,5.492432117462158,-0.016273653134703636,0.0,0.0,-0.016273653134703636,-0.004838109016418457,-0.01143554411828518,0.3229830265045166,0.0,0.6807994842529297,0.3394366204738617,2.7323875427246094,0.0
0,51,Struct Break (DC),True,"66,123,52,13,93,127,40,41,30,57",1.1020065546035767,-2.155785322189331,-1.1056302785873413,-0.7255516052246094,7.999723434448242,5.259857177734375,0.009356403723359108,0.008999999761581421,0.26999999284744264,-0.2696436047554016,0.003512740135192871,-0.2731563448905945,-2.436680316925049,-12.150741577148438,0.4429354667663574,0.3425709903240204,2.7323875427246094,0.0
0,52,None,False,"66,123,52,13,93,127,40,41,30,57",1.0565292835235596,-2.3936948776245117,-1.3933823108673096,-0.6924059987068176,7.999770164489746,5.584798336029053,0.008997445926070213,0.0,0.0,0.008997445926070213,0.00756072998046875,0.0014367159456014633,0.334640234708786,0.0,0.645074725151062,0.3970903754234314,2.7323875427246094,0.0
0,53,None,False,"66,123,52,13,93,127,40,41,30,57",1.1265052556991577,-1.81361722946167,-1.0196294784545898,-0.7838951945304871,7.999837875366211,4.5763397216796875,0.007926160469651222,0.0,0.0,0.007926160469651222,0.007462024688720703,0.0004641357809305191,0.1166609600186348,0.0,0.6087559461593628,0.38909757137298584,2.7323875427246094,0.0
0,54,None,False,"66,123,52,13,93,127,40,41,30,57",1.1335772275924683,-2.2542059421539307,-1.1998447179794312,-0.7063009738922119,7.9997334480285645,4.041595935821533,0.009404647164046764,0.0,0.0,0.009404647164046764,0.009378194808959961,2.6452355086803436e-05,0.3069334626197815,0.0,0.541610598564148,0.3922756016254425,2.7323875427246094,0.0
0,55,None,False,"66,123,52,13,93,127,40,41,30,57",1.1118746995925903,-1.9625194072723389,-1.1173540353775024,-0.7124639749526978,7.999780654907227,3.2674975395202637,0.00894477404654026,0.0,0.0,0.00894477404654026,0.01023101806640625,-0.0012862440198659897,0.1257326751947403,0.0,0.7105099558830261,0.3996134400367737,2.7323875427246094,0.0
0,56,None,False,"66,123,52,13,93,127,40,41,30,57",1.0514609813690186,-1.9390171766281128,-0.8708940744400024,-0.7542775869369507,7.9996843338012695,4.525060176849365,0.002451431704685092,0.0,0.0,0.002451431704685092,0.006562709808349609,-0.004111277870833874,0.3811170160770416,0.0,0.8525850772857666,0.39498651027679443,2.7323875427246094,0.0
0,57,None,False,"66,123,52,13,93,127,40,41,30,57",1.1099568605422974,-1.7379705905914307,-1.1142137050628662,-0.799441397190094,7.9997758865356445,5.4943037033081055,0.008379632607102394,0.0,0.0,0.008379632607102394,0.008807897567749023,-0.00042826496064662933,0.17120394110679626,0.0,0.7786397933959961,0.3869403004646301,2.7323875427246094,0.0
0,58,None,False,"66,123,52,13,93,127,40,41,30,57",1.1359437704086304,-2.11582088470459,-1.2044649124145508,-0.8750298023223877,7.999749660491943,4.522723197937012,0.0061528743244707584,0.0,0.0,0.0061528743244707584,0.01199960708618164,-0.005846732761710882,0.10363848507404327,0.0,0.8537011742591858,0.3765496611595154,2.7323875427246094,0.0
0,59,None,False,"66,123,52,13,93,127,40,41,30,57",1.1397883892059326,-1.988663911819458,-1.1697152853012085,-0.6770834922790527,7.999787330627441,5.249928951263428,0.0038133442867547274,0.0,0.0,0.0038133442867547274,0.007746696472167969,-0.003933352418243885,0.27224409580230713,0.0,0.8237683773040771,0.41555747389793396,2.7323875427246094,0.0
0,60,None,False,"66,123,52,13,93,127,40,41,30,57",1.1504884958267212,-2.123702049255371,-1.3751816749572754,-0.5969645977020264,7.999730587005615,5.661676406860352,-0.010387646965682507,0.0,0.0,-0.010387646965682507,-0.003118455410003662,-0.0072691915556788445,0.13744013011455536,0.0,0.7496353387832642,0.3647826015949249,2.7323875427246094,0.0
0,61,None,False,"66,123,52,13,93,127,40,41,30,57",1.0204378366470337,-2.223177909851074,-0.9551486968994141,-0.7202475070953369,7.999763488769531,6.949802875518799,-0.011357259936630726,0.0,0.0,-0.011357259936630726,0.001526474952697754,-0.01288373488932848,0.33130931854248047,0.0,0.8323835134506226,0.34196433424949646,2.7323875427246094,0.0
0,62,None,False,"66,123,52,13,93,127,40,41,30,57",1.1404942274093628,-2.045081615447998,-1.2715201377868652,-0.5831903219223022,7.999802112579346,5.145383358001709,-0.006741833873093128,0.0,0.0,-0.006741833873093128,0.008223414421081543,-0.014965248294174671,0.03801458701491356,0.0,0.7716402411460876,0.423211932182312,2.7323875427246094,0.0
0,63,None,False,"66,123,52,13,93,127,40,41,30,57",1.0910648107528687,-1.826263427734375,-1.1047565937042236,-0.7535942792892456,7.999786376953125,3.942237138748169,0.004767715930938721,0.0,0.0,0.004767715930938721,0.008160829544067383,-0.003393113613128662,0.1794845461845398,0.0,0.9159897565841675,0.3288688063621521,2.7323875427246094,0.0
0,64,None,False,"66,123,52,13,93,127,40,41,30,57",1.0316317081451416,-2.4696784019470215,-1.1160482168197632,-0.8635300993919373,7.9997053146362305,6.438503265380859,0.0031550168059766293,0.0,0.0,0.0031550168059766293,0.012775182723999023,-0.009620165452361107,0.18527603149414062,0.0,0.868269145488739,0.38175493478775024,2.7323875427246094,0.0
0,65,Schedule,True,"86,5,49,128,99,85,32,102,14,97",1.1514248847961426,-2.080092191696167,-1.130918025970459,-0.794743001461029,7.999771595001221,7.489452362060547,0.02074161171913147,0.01,0.3,-0.2892583906650543,0.023265361785888672,-0.312523752450943,-2.7082083225250244,-13.505026817321777,0.8155524730682373,0.39017969369888306,2.7323875427246094,0.0
0,66,None,False,"86,5,49,128,99,85,32,102,14,97",1.0887196063995361,-1.9701908826828003,-1.1928813457489014,-0.8450803160667419,7.999843597412109,5.303354263305664,0.010204458609223366,0.0,0.0,0.010204458609223366,0.015317559242248535,-0.005113100633025169,0.4686673581600189,0.0,0.771725058555603,0.31656140089035034,2.7323875427246094,0.0
0,67,None,False,"86,5,49,128,99,85,32,102,14,97",1.0829811096191406,-1.9700413942337036,-1.3008880615234375,-0.7200174331665039,7.999771595001221,3.937513589859009,-3.069639205932617e-06,0.0,0.0,-3.069639205932617e-06,0.008082151412963867,-0.0080852210521698,0.30421730875968933,0.0,0.6125394105911255,0.3450266122817993,2.7323875427246094,0.0
0,68,None,False,"86,5,49,128,99,85,32,102,14,97",1.120488166809082,-1.672865867614746,-1.147018313407898,-0.8949338793754578,7.9997453689575195,4.915483474731445,-0.0017512202030047774,0.0,0.0,-0.0017512202030047774,0.006798148155212402,-0.008549368008971214,0.354330450296402,0.0,0.5475776195526123,0.32154378294944763,2.7323875427246094,0.0
0,69,None,False,"86,5,49,128,99,85,32,102,14,97",1.1231682300567627,-2.1581151485443115,-1.1054610013961792,-0.7122212648391724,7.999811172485352,4.27363920211792,-0.01640680432319641,0.0,0.0,-0.01640680432319641,0.00499880313873291,-0.02140560746192932,0.1496935784816742,0.0,0.731992244720459,0.34498274326324463,2.7323875427246094,0.0
0,70,None,False,"86,5,49,128,99,85,32,102,14,97",1.1087734699249268,-2.2372231483459473,-1.264051914215088,-0.5451983213424683,7.999807834625244,3.3299312591552734,-0.022959941998124123,0.0,0.0,-0.022959941998124123,0.0001621246337890625,-0.023122066631913185,0.21182319521903992,0.0,0.6924127340316772,0.4632259011268616,2.7323875427246094,0.0
0,71,None,False,"86,5,49,128,99,85,32,102,14,97",1.129957914352417,-2.006155252456665,-0.970131516456604,-0.762843132019043,7.999756336212158,4.039201259613037,-0.017581671476364136,0.0,0.0,-0.017581671476364136,0.003574967384338379,-0.021156638860702515,-0.008466387167572975,0.0,0.8301904797554016,0.5174882411956787,2.7323875427246094,0.0
0,72,None,False,"86,5,49,128,99,85,32,102,14,97",1.106845498085022,-1.9932751655578613,-1.0508193969726562,-0.8920479416847229,7.999812126159668,5.167300701141357,-0.02242112159729004,0.0,0.0,-0.02242112159729004,-0.00044661760330200195,-0.021974503993988037,0.0763484314084053,0.0,0.8700305819511414,0.4853154420852661,2.7323875427246094,0.0
0,73,None,False,"86,5,49,128,99,85,32,102,14,97",1.1105709075927734,-2.0622808933258057,-1.103054165840149,-0.7935548424720764,7.999812126159668,3.0367724895477295,-0.029776811599731445,0.0,0.0,-0.029776811599731445,-0.004588067531585693,-0.025188744068145752,0.23752544820308685,0.0,1.0193158388137817,0.5485926866531372,2.7323875427246094,0.0
0,74,None,False,"86,5,49,128,99,85,32,102,14,97",1.1523137092590332,-2.117434024810791,-0.8865700364112854,-0.7082260251045227,7.999728202819824,4.5382843017578125,-0.02124943770468235,0.0,0.0,-0.02124943770468235,-0.004917502403259277,-0.016331935301423073,0.1525382101535797,0.0,0.9955525398254395,0.5002561211585999,2.7323875427246094,0.0
0,75,None,False,"86,5,49,128,99,85,32,102,14,97",1.0659024715423584,-2.0574564933776855,-1.142638087272644,-0.821918249130249,7.999802589416504,6.162429332733154,-0.01598304510116577,0.0,0.0,-0.01598304510116577,-0.006541609764099121,-0.00944143533706665,0.3064473867416382,0.0,1.2312830686569214,0.48418810963630676,2.7323875427246094,0.0
0,76,None,False,"86,5,49,128,99,85,32,102,14,97",1.0265370607376099,-2.249668598175049,-1.4741508960723877,-0.717902660369873,7.99968147277832,5.6838202476501465,-0.014941370114684105,0.0,0.0,-0.014941370114684105,-0.015154004096984863,0.00021263398230075836,0.3649398386478424,0.0,1.1262602806091309,0.4947139322757721,2.7323875427246094,0.0
0,77,None,False,"86,5,49,128,99,85,32,102,14,97",1.0606404542922974,-1.9358059167861938,-1.3816534280776978,-0.673987865447998,7.999797821044922,4.955811977386475,-0.0002666890504769981,0.0,0.0,-0.0002666890504769981,-0.003763914108276367,0.003497224999591708,0.3020022213459015,0.0,1.0377098321914673,0.5014837384223938,2.7323875427246094,0.0
0,78,None,False,"86,5,49,128,99,85,32,102,14,97",1.1141455173492432,-1.8203314542770386,-1.0789462327957153,-0.847402811050415,7.999807357788086,4.3542561531066895,0.0075629414059221745,0.0,0.0,0.0075629414059221745,-0.004295706748962402,0.01185864768922329,0.4141610860824585,0.0,1.019623041152954,0.520499050617218,2.7323875427246094,0.0
0,79,Schedule,True,"25,104,64,112,43,87,108,8,92,53",1.142195701599121,-2.005627393722534,-1.1063638925552368,-0.8928908109664917,7.999791145324707,4.280089855194092,-0.008894747123122215,0.01,0.3,-0.31889474391937256,-0.0021712183952331543,-0.3167235255241394,-5.302838325500488,-26.374914169311523,1.1938928365707397,0.45210960507392883,2.7323875427246094,0.0
0,80,None,False,"25,104,64,112,43,87,108,8,92,53",1.1090205907821655,-1.7731170654296875,-1.0701054334640503,-1.0120587348937988,7.9997358322143555,5.2626423835754395,-0.007067829370498657,0.0,0.0,-0.007067829370498657,0.004878640174865723,-0.01194646954536438,0.18101508915424347,0.0,1.058011770248413,0.5264061689376831,2.7323875427246094,0.0
0,81,None,False,"25,104,64,112,43,87,108,8,92,53",1.0978283882141113,-2.297786235809326,-0.9484195709228516,-0.8681908845901489,7.999797821044922,6.707610607147217,-0.0030299187637865543,0.0,0.0,-0.0030299187637865543,0.014352202415466309,-0.017382120713591576,0.014221109449863434,0.0,1.2137811183929443,0.559007465839386,2.7323875427246094,0.0
0,82,None,False,"25,104,64,112,43,87,108,8,92,53",1.1474592685699463,-2.0022106170654297,-1.0821261405944824,-0.891272246837616,7.999701976776123,5.83173942565918,-0.0025702952407300472,0.0,0.0,-0.0025702952407300472,0.007866621017456055,-0.01043691672384739,0.2815021872520447,0.0,1.0684672594070435,0.5360578894615173,2.7323875427246094,0.0
0,83,None,False,"25,104,64,112,43,87,108,8,92,53",1.0648269653320312,-1.937157392501831,-0.9411735534667969,-0.8794741630554199,7.999776840209961,6.544524192810059,0.0007823586347512901,0.0,0.0,0.0007823586347512901,0.012246489524841309,-0.011464131064713001,0.11639907211065292,0.0,0.9555342197418213,0.4702970087528229,2.7323875427246094,0.0
0,84,None,False,"25,104,64,112,43,87,108,8,92,53",1.0070394277572632,-2.190408945083618,-1.425408124923706,-0.7065792679786682,7.999746322631836,6.5811686515808105,-0.0024768649600446224,0.0,0.0,-0.0024768649600446224,0.012325286865234375,-0.014802152290940285,0.02159866876900196,0.0,0.8333867788314819,0.4698840379714966,2.7323875427246094,0.0
0,85,None,False,"25,104,64,112,43,87,108,8,92,53",1.1561777591705322,-1.682968258857727,-1.0051205158233643,-0.717345118522644,7.999748229980469,6.466522216796875,-0.00959119200706482,0.0,0.0,-0.00959119200706482,0.00862133502960205,-0.01821252703666687,0.17605651915073395,0.0,0.8074700832366943,0.3643719553947449,2.7323875427246094,0.0
0,86,None,False,"25,104,64,112,43,87,108,8,92,53",1.1265347003936768,-1.900331974029541,-1.108399748802185,-0.5914796590805054,7.999760627746582,4.211127281188965,-0.0041224719025194645,0.0,0.0,-0.0041224719025194645,0.009335637092590332,-0.01345810852944851,0.4261695444583893,0.0,0.6943682432174683,0.3907172381877899,2.7323875427246094,0.0
0,87,None,False,"25,104,64,112,43,87,108,8,92,53",1.064557433128357,-1.8728935718536377,-1.1164531707763672,-0.7190251350402832,7.999810218811035,5.464051723480225,-0.012560415081679821,0.0,0.0,-0.012560415081679821,0.0036056041717529297,-0.016166020184755325,0.15224099159240723,0.0,0.7825261950492859,0.46311789751052856,2.7323875427246094,0.0
0,88,None,False,"25,104,64,112,43,87,108,8,92,53",1.0747967958450317,-2.308124542236328,-1.2209773063659668,-0.878868043422699,7.999786376953125,4.956069469451904,-0.0157854612916708,0.0,0.0,-0.0157854612916708,0.000997304916381836,-0.016782766208052635,0.07382713258266449,0.0,0.9371685981750488,0.4458054304122925,2.7323875427246094,0.0
0,89,None,False,"25,104,64,112,43,87,108,8,92,53",1.107582926750183,-1.7672529220581055,-1.1187025308609009,-1.131983757019043,7.999726295471191,6.33740758895874,-0.016099387779831886,0.0,0.0,-0.016099387779831886,-0.008032739162445068,-0.008066648617386818,0.34313976764678955,0.0,1.0748443603515625,0.4410788118839264,2.7323875427246094,0.0
0,90,None,False,"25,104,64,112,43,87,108,8,92,53",1.0959863662719727,-2.1820132732391357,-0.902665376663208,-0.9849464297294617,7.999769687652588,5.338835716247559,-0.019896049052476883,0.0,0.0,-0.019896049052476883,-0.02416980266571045,0.004273753613233566,0.4641267955303192,0.0,1.0650951862335205,0.4480430483818054,2.7323875427246094,0.0
0,91,None,False,"25,104,64,112,43,87,108,8,92,53",1.076594352722168,-2.2334516048431396,-1.3369114398956299,-0.7704437971115112,7.999810218811035,4.68412971496582,-0.02263237163424492,0.0,0.0,-0.02263237163424492,-0.025134384632110596,0.002502012997865677,0.24925026297569275,0.0,0.8119919896125793,0.42452770471572876,2.7323875427246094,0.0
0,92,None,False,"25,104,64,112,43,87,108,8,92,53",1.0357089042663574,-2.22575044631958,-1.4480664730072021,-0.7798407077789307,7.999621391296387,4.860054969787598,-0.023462438955903053,0.0,0.0,-0.023462438955903053,-0.020337939262390137,-0.0031244996935129166,-0.13010136783123016,0.0,0.8557308316230774,0.45331478118896484,2.7323875427246094,0.0
0,93,Schedule,True,"35,83,113,133,106,85,138,31,107,102",1.059217929840088,-1.8124934434890747,-1.0339843034744263,-0.7876050472259521,7.9997100830078125,6.315454006195068,-0.015038358978927135,0.01,0.3,-0.3250383734703064,-0.029116034507751465,-0.29592233896255493,-3.587341785430908,-17.862558364868164,0.9204554557800293,0.4343191981315613,2.7323875427246094,0.0
0,94,None,False,"35,83,113,133,106,85,138,31,107,102",1.078885555267334,-2.301913022994995,-1.4461283683776855,-0.6489624977111816,7.999743938446045,6.357403755187988,0.004843664355576038,0.0,0.0,0.004843664355576038,-0.022608458995819092,0.027452122420072556,0.7015865445137024,0.0,1.0920829772949219,0.43427640199661255,2.7323875427246094,0.0
0,95,Struct Break (DC),True,"103,5,0,73,88,126,111,100,32,33",1.085793137550354,-2.0692641735076904,-1.113454818725586,-0.7066746950149536,7.999815464019775,5.526921272277832,-0.03057393990457058,0.01,0.3,-0.3405739665031433,-0.014813482761383057,-0.32576048374176025,-3.311553716659546,-16.4672794342041,0.9243413805961609,0.4419217109680176,2.7323875427246094,0.0
0,96,Vol Shock,True,"140,12,26,123,106,78,134,59,2,87",1.1151409149169922,-1.8151812553405762,-0.9690661430358887,-0.8312525749206543,7.999748706817627,4.128161907196045,-0.006292796228080988,0.01,0.3,-0.31629282236099243,-0.02446889877319336,-0.2918239235877991,-2.559213399887085,-12.749420166015625,0.8270472288131714,0.33217304944992065,2.7323875427246094,0.0
0,97,Vol Shock,True,"86,56,87,97,60,132,4,29,34,102",1.0632193088531494,-2.0152015686035156,-1.0427744388580322,-0.8223253488540649,7.999792575836182,4.636531352996826,-0.015959108248353004,0.008999999761581421,0.26999999284744264,-0.2949591279029846,-0.026588857173919678,-0.26837027072906494,-2.4111921787261963,-12.017728805541992,0.6367107629776001,0.47712481021881104,2.7323875427246094,0.0
0,98,None,False,"86,56,87,97,60,132,4,29,34,102",1.0226792097091675,-1.9329898357391357,-1.237647294998169,-0.7379447221755981,7.9997878074646,4.374847412109375,-0.021735936403274536,0.0,0.0,-0.021735936403274536,-0.025606870651245117,0.003870934247970581,0.27657610177993774,0.0,0.605852484703064,0.3773496747016907,2.7323875427246094,0.0
0,99,None,False,"86,56,87,97,60,132,4,29,34,102",1.054175615310669,-2.1314210891723633,-1.2940657138824463,-0.6279031038284302,7.999820709228516,2.87520694732666,-0.024307042360305786,0.0,0.0,-0.024307042360305786,-0.017727375030517578,-0.006579667329788208,0.14828559756278992,0.0,0.600496768951416,0.29603463411331177,2.7323875427246094,0.0
0,100,None,False,"86,56,87,97,60,132,4,29,34,102",0.99151211977005,-2.2403006553649902,-1.535085678100586,-0.9300033450126648,7.9996418952941895,5.376308441162109,0.004392468836158514,0.0,0.0,0.004392468836158514,0.004525661468505859,-0.00013319263234734535,0.4679669439792633,0.0,0.5849126577377319,0.30136826634407043,2.7323875427246094,0.0
0,101,None,False,"86,56,87,97,60,132,4,29,34,102",1.0487456321716309,-2.295962333679199,-1.0901628732681274,-0.9243113994598389,7.9997639656066895,6.325394153594971,0.03528422862291336,0.0,0.0,0.03528422862291336,0.0164564847946167,0.01882774382829666,0.5423620939254761,0.0,0.5856707096099854,0.39162012934684753,2.7323875427246094,0.0
0,102,None,False,"86,56,87,97,60,132,4,29,34,102",1.1196916103363037,-1.9472817182540894,-1.2200405597686768,-0.6830582022666931,7.999820232391357,4.725234031677246,0.031249631196260452,0.0,0.0,0.031249631196260452,0.02228415012359619,0.00896548107266426,0.4770672917366028,0.0,0.6482976078987122,0.3503355383872986,2.7323875427246094,0.0
0,103,None,False,"86,56,87,97,60,132,4,29,34,102",1.068833827972412,-1.9882862567901611,-1.1111263036727905,-0.7155055999755859,7.999842166900635,2.9461655616760254,0.035065870732069016,0.0,0.0,0.035065870732069016,0.03137040138244629,0.0036954693496227264,0.5137284398078918,0.0,0.6567440032958984,0.37987086176872253,2.7323875427246094,0.0
0,104,None,False,"86,56,87,97,60,132,4,29,34,102",1.0882642269134521,-1.8604044914245605,-1.1384495496749878,-0.6962512731552124,7.999798774719238,4.312283515930176,0.03494664281606674,0.0,0.0,0.03494664281606674,0.02662646770477295,0.008320175111293793,0.46048760414123535,0.0,0.5717379450798035,0.37428194284439087,2.7323875427246094,0.0
0,105,None,False,"86,56,87,97,60,132,4,29,34,102",1.139495849609375,-2.23110294342041,-1.1857242584228516,-0.7247645258903503,7.999744892120361,4.464849948883057,0.022343475371599197,0.0,0.0,0.022343475371599197,0.01760697364807129,0.004736501723527908,0.28674423694610596,0.0,0.6135612726211548,0.4003913700580597,2.7323875427246094,0.0
0,106,None,False,"86,56,87,97,60,132,4,29,34,102",1.128661036491394,-1.8077095746994019,-1.2490781545639038,-0.6109619140625,7.999772548675537,4.0716047286987305,-0.010274464264512062,0.0,0.0,-0.010274464264512062,0.013752222061157227,-0.02402668632566929,-0.16989079117774963,0.0,0.7984839677810669,0.3960496187210083,2.7323875427246094,0.0
0,107,None,False,"86,56,87,97,60,132,4,29,34,102",1.0615284442901611,-2.20940899848938,-1.2506046295166016,-0.8130302429199219,7.999767303466797,4.762479305267334,-0.015409177169203758,0.0,0.0,-0.015409177169203758,0.014296650886535645,-0.029705828055739403,0.18108117580413818,0.0,0.7632473111152649,0.37526828050613403,2.7323875427246094,0.0
0,108,None,False,"86,56,87,97,60,132,4,29,34,102",1.0870786905288696,-2.127980947494507,-1.3733961582183838,-0.6093382835388184,7.9997663497924805,6.004746913909912,0.006885075476020575,0.0,0.0,0.006885075476020575,0.02634584903717041,-0.01946077309548855,0.2439468652009964,0.0,0.6509527564048767,0.3900289833545685,2.7323875427246094,0.0
0,109,None,False,"86,56,87,97,60,132,4,29,34,102",1.1058100461959839,-2.0646588802337646,-1.2165827751159668,-0.626014232635498,7.999820709228516,4.697439670562744,0.013154983520507812,0.0,0.0,0.013154983520507812,0.018804311752319336,-0.0056493282318115234,0.06321363151073456,0.0,0.8421540856361389,0.37881553173065186,2.7323875427246094,0.0
0,110,None,False,"86,56,87,97,60,132,4,29,34,102",1.0789802074432373,-2.025803327560425,-1.1095932722091675,-0.7615092992782593,7.99981689453125,4.0763139724731445,0.010618060827255249,0.0,0.0,0.010618060827255249,0.01586735248565674,-0.005249291658401489,0.3069709241390228,0.0,0.818591833114624,0.37985044717788696,2.7323875427246094,0.0
0,111,Schedule,True,"114,131,107,43,55,89,27,16,134,35",1.1040207147598267,-1.8815295696258545,-1.10433030128479,-0.6899341344833374,7.999723434448242,4.670430660247803,0.0035013495944440365,0.01,0.3,-0.3064986765384674,0.016521453857421875,-0.3230201303958893,-2.2567293643951416,-11.258713722229004,0.6990946531295776,0.38354313373565674,2.7323875427246094,0.0
0,112,None,False,"114,131,107,43,55,89,27,16,134,35",1.0678282976150513,-1.9740068912506104,-1.159650206565857,-0.6337437629699707,7.999761581420898,4.642104625701904,0.011191713623702526,0.0,0.0,0.011191713623702526,0.02142965793609619,-0.010237944312393665,-0.49890220165252686,0.0,0.7839193940162659,0.3944399058818817,2.7323875427246094,0.0
0,113,None,False,"114,131,107,43,55,89,27,16,134,35",1.1138628721237183,-1.8798942565917969,-0.9838451147079468,-0.9264668822288513,7.999756813049316,5.92812967300415,0.003249740693718195,0.0,0.0,0.003249740693718195,0.011718273162841797,-0.00846853293478489,-0.5698847770690918,0.0,0.871494472026825,0.3683032691478729,2.7323875427246094,0.0
0,114,None,False,"114,131,107,43,55,89,27,16,134,35",1.13885498046875,-1.863786220550537,-1.0113598108291626,-0.8581816554069519,7.9997687339782715,3.3477213382720947,0.017523080110549927,0.0,0.0,0.017523080110549927,0.029552221298217773,-0.012029141187667847,-0.07100053876638412,0.0,0.9316271543502808,0.37371036410331726,2.7323875427246094,0.0
0,115,None,False,"114,131,107,43,55,89,27,16,134,35",1.0394282341003418,-2.209791898727417,-1.2422337532043457,-0.6022219657897949,7.999798774719238,5.570250988006592,0.0355052724480629,0.0,0.0,0.0355052724480629,0.04352104663848877,-0.008015774190425873,0.0320303738117218,0.0,0.8239393830299377,0.34854426980018616,2.7323875427246094,0.0
0,116,None,False,"114,131,107,43,55,89,27,16,134,35",1.1272140741348267,-1.8449662923812866,-1.0780599117279053,-0.7901757955551147,7.999747276306152,5.554381370544434,0.04205668717622757,0.0,0.0,0.04205668717622757,0.038637518882751465,0.0034191682934761047,0.3886260688304901,0.0,0.8599892854690552,0.39004769921302795,2.7323875427246094,0.0
0,117,None,False,"114,131,107,43,55,89,27,16,134,35",1.1151286363601685,-1.8795510530471802,-0.8898834586143494,-0.7642443776130676,7.999819278717041,4.110166072845459,0.035959791392087936,0.0,0.0,0.035959791392087936,0.03984260559082031,-0.003882814198732376,0.48550868034362793,0.0,0.7784438729286194,0.36100900173187256,2.7323875427246094,0.0
0,118,None,False,"114,131,107,43,55,89,27,16,134,35",1.1108386516571045,-2.1013712882995605,-0.8976693153381348,-0.9294531941413879,7.999772548675537,3.5067386627197266,0.03571360185742378,0.0,0.0,0.03571360185742378,0.04086744785308838,-0.0051538459956645966,0.4590971767902374,0.0,0.8684308528900146,0.35628870129585266,2.7323875427246094,0.0
0,119,None,False,"114,131,107,43,55,89,27,16,134,35",1.0739915370941162,-2.086642265319824,-1.0968796014785767,-0.8065789937973022,7.999782562255859,4.643062591552734,0.03515380620956421,0.0,0.0,0.03515380620956421,0.0345151424407959,0.0006386637687683105,0.2872309386730194,0.0,0.926242470741272,0.3201027512550354,2.7323875427246094,0.0
0,120,None,False,"114,131,107,43,55,89,27,16,134,35",1.0859746932983398,-2.1471269130706787,-1.2372715473175049,-0.6389884948730469,7.999791145324707,3.954460859298706,0.042138077318668365,0.0,0.0,0.042138077318668365,0.03333759307861328,0.008800484240055084,0.39627620577812195,0.0,0.6509743928909302,0.29437121748924255,2.7323875427246094,0.0
0,121,None,False,"114,131,107,43,55,89,27,16,134,35",0.9954065680503845,-2.145564079284668,-1.1897220611572266,-0.7919126749038696,7.999725818634033,5.619855880737305,0.021650439128279686,0.0,0.0,0.021650439128279686,0.0230405330657959,-0.0013900939375162125,0.42224597930908203,0.0,0.654439389705658,0.3980426788330078,2.7323875427246094,0.0
0,122,None,False,"114,131,107,43,55,89,27,16,134,35",1.032439112663269,-2.0091552734375,-1.3619658946990967,-0.6556230783462524,7.999800205230713,4.2195916175842285,0.020648736506700516,0.0,0.0,0.020648736506700516,0.012151479721069336,0.00849725678563118,0.45846161246299744,0.0,0.6900607347488403,0.5231600999832153,2.7323875427246094,0.0
0,123,None,False,"114,131,107,43,55,89,27,16,134,35",1.0799968242645264,-1.9589266777038574,-1.2966060638427734,-0.736290693283081,7.99976921081543,2.8102126121520996,0.013011431321501732,0.0,0.0,0.013011431321501732,0.012189269065856934,0.0008221622556447983,0.3110470473766327,0.0,0.6907579898834229,0.4111140966415405,2.7323875427246094,0.0
0,124,None,False,"114,131,107,43,55,89,27,16,134,35",1.0687483549118042,-2.2390589714050293,-1.184680700302124,-0.7725317478179932,7.999746799468994,4.577682018280029,-0.0031446933280676603,0.0,0.0,-0.0031446933280676603,0.0011641979217529297,-0.004308891482651234,0.5362036228179932,0.0,0.743982195854187,0.4049423933029175,2.7323875427246094,0.0
0,125,Schedule,True,"50,125,55,86,113,124,51,74,21,59",0.9430004358291626,-2.1938114166259766,-1.1148017644882202,-1.1395862102508545,7.999582290649414,7.55725622177124,-0.03355173394083977,0.008999999761581421,0.26999999284744264,-0.31255173683166504,-0.031174778938293457,-0.2813769578933716,-2.114882469177246,-10.55319881439209,0.7685520648956299,0.3603946566581726,2.7323875427246094,0.0
0,126,None,False,"50,125,55,86,113,124,51,74,21,59",1.1098883152008057,-1.7763675451278687,-0.9405450820922852,-0.8896026611328125,7.999814987182617,7.962337017059326,-0.020338088274002075,0.0,0.0,-0.020338088274002075,-0.021789491176605225,0.0014514029026031494,0.32369840145111084,0.0,0.6599947214126587,0.3706129193305969,2.7323875427246094,0.0
0,127,None,False,"50,125,55,86,113,124,51,74,21,59",1.0861965417861938,-2.164064645767212,-0.9930647611618042,-0.9390790462493896,7.999792575836182,4.061081886291504,-0.018109440803527832,0.0,0.0,-0.018109440803527832,-0.02218306064605713,0.004073619842529297,0.5358526110649109,0.0,0.6596958637237549,0.3884408175945282,2.7323875427246094,0.0
0,0,Schedule | Regime Shift (Initial),True,"137,101,127,125,86,68,48,142,76,118",1.0181320905685425,-2.0387744903564453,-1.045520544052124,-0.7813920974731445,7.999581813812256,4.262059688568115,0.016532665118575096,0.0,0.0,0.016532665118575096,0.002696514129638672,0.013836150988936424,1.3626725673675537,6.715983867645264,1.2386577129364014,0.3638871908187866,2.5930497646331787,0.0
0,1,None,False,"137,101,127,125,86,68,48,142,76,118",1.0118449926376343,-2.204159736633301,-1.0831151008605957,-0.8717455267906189,7.999670505523682,4.806966781616211,0.015131151303648949,0.0,0.0,0.015131151303648949,0.0011333227157592773,0.013997828587889671,1.5594124794006348,0.0,1.10239577293396,0.35875970125198364,2.5930497646331787,0.0
0,2,None,False,"137,101,127,125,86,68,48,142,76,118",1.1140674352645874,-2.2196762561798096,-1.1201443672180176,-0.6501319408416748,7.999270439147949,6.08981990814209,0.00018408894538879395,0.0,0.0,0.00018408894538879395,-0.010152339935302734,0.010336428880691528,0.3975291848182678,0.0,1.0310394763946533,0.35976114869117737,2.5930497646331787,0.0
0,3,None,False,"137,101,127,125,86,68,48,142,76,118",1.0996164083480835,-1.908895492553711,-1.0336060523986816,-0.7765239477157593,7.999504566192627,5.61945104598999,-0.004995596595108509,0.0,0.0,-0.004995596595108509,-0.020277202129364014,0.015281605534255505,0.5598379373550415,0.0,0.9615678787231445,0.2569473385810852,2.5930497646331787,0.0
0,4,None,False,"137,101,127,125,86,68,48,142,76,118",1.024463415145874,-2.058497667312622,-1.0514484643936157,-0.8806792497634888,7.999587535858154,4.775102138519287,-0.00465088477358222,0.0,0.0,-0.00465088477358222,-0.01594620943069458,0.011295324191451073,0.514360785484314,0.0,1.081942081451416,0.33646252751350403,2.5930497646331787,0.0
0,5,None,False,"137,101,127,125,86,68,48,142,76,118",1.0683742761611938,-2.146664619445801,-1.295431137084961,-0.9406816959381104,7.999396800994873,4.8955230712890625,-0.0014627277851104736,0.0,0.0,-0.0014627277851104736,-0.013296365737915039,0.011833637952804565,0.37352848052978516,0.0,0.890866219997406,0.32421165704727173,2.5930497646331787,0.0
0,6,None,False,"137,101,127,125,86,68,48,142,76,118",1.0732312202453613,-2.2479398250579834,-0.9727377891540527,-0.7476203441619873,7.999382495880127,5.801125526428223,-0.008197903633117676,0.0,0.0,-0.008197903633117676,-0.01162731647491455,0.003429412841796875,0.31750646233558655,0.0,0.8834288120269775,0.3004385232925415,2.5930497646331787,0.0
0,7,None,False,"137,101,127,125,86,68,48,142,76,118",1.0518770217895508,-2.0001869201660156,-1.082818865776062,-0.8438884019851685,7.999466419219971,5.7512431144714355,-0.010237932205200195,0.0,0.0,-0.010237932205200195,-0.0048719048500061035,-0.005366027355194092,0.20152108371257782,0.0,0.8217597603797913,0.28251102566719055,2.5930497646331787,0.0
0,8,Struct Break (DC),True,"43,16,98,103,129,114,64,63,130,39",1.0991415977478027,-2.1200366020202637,-1.066207766532898,-0.7401769161224365,7.999451160430908,4.799048900604248,-0.02130793407559395,0.01,0.3,-0.33130794763565063,-0.01139986515045166,-0.319908082485199,-2.693981885910034,-13.421077728271484,0.9015506505966187,0.42791783809661865,2.5930497646331787,0.0
0,9,None,False,"43,16,98,103,129,114,64,63,130,39",1.032357096672058,-2.1550536155700684,-1.1366033554077148,-0.8366408348083496,7.999453544616699,5.110828399658203,-0.03305292874574661,0.0,0.0,-0.03305292874574661,-0.015968799591064453,-0.01708412915468216,0.11319711804389954,0.0,0.9762898683547974,0.401623010635376,2.5930497646331787,0.0
0,10,None,False,"43,16,98,103,129,114,64,63,130,39",0.9999115467071533,-1.957200288772583,-1.1334164142608643,-0.9476243853569031,7.999621391296387,4.806727886199951,-0.03477887436747551,0.0,0.0,-0.03477887436747551,-0.012903332710266113,-0.021875541657209396,-0.04292714223265648,0.0,0.6624026298522949,0.3557381331920624,2.5930497646331787,0.0
0,11,None,False,"43,16,98,103,129,114,64,63,130,39",1.0777809619903564,-2.077986240386963,-1.1501939296722412,-0.8840099573135376,7.999459266662598,4.315701961517334,-0.03451269865036011,0.0,0.0,-0.03451269865036011,-0.012334883213043213,-0.022177815437316895,-0.1824484020471573,0.0,0.7473719716072083,0.3796772062778473,2.5930497646331787,0.0
0,12,None,False,"43,16,98,103,129,114,64,63,130,39",1.110647201538086,-1.9909929037094116,-1.0399627685546875,-0.5924954414367676,7.99948263168335,4.703701019287109,-0.057455677539110184,0.0,0.0,-0.057455677539110184,-0.021807849407196045,-0.03564782813191414,-1.9588427543640137,0.0,0.8094099164009094,0.3975864052772522,2.5930497646331787,0.0
0,13,None,False,"43,16,98,103,129,114,64,63,130,39",1.0250061750411987,-1.981972336769104,-1.161100149154663,-0.7880950570106506,7.999416828155518,4.326669216156006,-0.05125588923692703,0.0,0.0,-0.05125588923692703,-0.022218942642211914,-0.02903694659471512,-1.7170265913009644,0.0,0.9755765199661255,0.4179912805557251,2.5930497646331787,0.0
0,14,None,False,"43,16,98,103,129,114,64,63,130,39",0.9482591152191162,-2.222137689590454,-1.382432222366333,-0.8371100425720215,7.999242305755615,5.9448442459106445,-0.01964361034333706,0.0,0.0,-0.01964361034333706,-0.00790029764175415,-0.011743312701582909,0.8947508931159973,0.0,1.075282335281372,0.4059286415576935,2.5930497646331787,0.0
0,15,None,False,"43,16,98,103,129,114,64,63,130,39",1.1016499996185303,-1.968969702720642,-1.043117880821228,-0.9112914204597473,7.99954080581665,5.781895637512207,-0.02705984190106392,0.0,0.0,-0.02705984190106392,-0.010489284992218018,-0.0165705569088459,-0.8626390099525452,0.0,1.0137604475021362,0.39413562417030334,2.5930497646331787,0.0
0,16,None,False,"43,16,98,103,129,114,64,63,130,39",1.0575993061065674,-1.7384393215179443,-1.04428231716156,-0.9405443668365479,7.999492168426514,4.410192489624023,-0.009499942883849144,0.0,0.0,-0.009499942883849144,-0.0015211701393127441,-0.0079787727445364,-0.03440491482615471,0.0,1.167210578918457,0.4109075665473938,2.5930497646331787,0.0
0,17,None,False,"43,16,98,103,129,114,64,63,130,39",1.0229582786560059,-1.990553379058838,-0.7513046264648438,-1.0346839427947998,7.999566555023193,5.63237190246582,0.04485061764717102,0.0,0.0,0.04485061764717102,0.01766979694366455,0.02718082070350647,0.6892936825752258,0.0,0.9949914216995239,0.41446128487586975,2.5930497646331787,0.0
0,18,None,False,"43,16,98,103,129,114,64,63,130,39",1.107115626335144,-1.9106656312942505,-1.0157521963119507,-0.9956529140472412,7.999663829803467,4.8889994621276855,0.05243905633687973,0.0,0.0,0.05243905633687973,0.025389671325683594,0.027049385011196136,0.6270802617073059,0.0,1.0623512268066406,0.39278727769851685,2.5930497646331787,0.0
0,19,None,False,"43,16,98,103,129,114,64,63,130,39",1.0785408020019531,-2.0081567764282227,-0.8157689571380615,-0.9185184240341187,7.999577045440674,4.065269947052002,0.02558518573641777,0.0,0.0,0.02558518573641777,0.012202262878417969,0.013382922857999802,0.3930773138999939,0.0,1.1015121936798096,0.39136767387390137,2.5930497646331787,0.0
0,20,None,False,"43,16,98,103,129,114,64,63,130,39",1.0643788576126099,-1.7683080434799194,-1.173377275466919,-0.771878719329834,7.999497413635254,4.1290764808654785,0.01063681859523058,0.0,0.0,0.01063681859523058,0.004654645919799805,0.005982172675430775,0.366985023021698,0.0,1.0987673997879028,0.3357967138290405,2.5930497646331787,0.0
0,21,None,False,"43,16,98,103,129,114,64,63,130,39",1.11619234085083,-2.025813579559326,-0.9747709035873413,-0.8327515721321106,7.99929666519165,5.483646869659424,0.00536192674189806,0.0,0.0,0.00536192674189806,-0.0013818740844726562,0.006743800826370716,0.324090838432312,0.0,0.9574759006500244,0.4200790226459503,2.5930497646331787,0.0
0,22,Schedule,True,"68,60,115,46,117,18,100,81,137,112",1.1191418170928955,-1.9501984119415283,-1.0975291728973389,-0.7679598331451416,7.999582290649414,5.065262317657471,-0.0018039882415905595,0.01,0.3,-0.31180399656295776,-0.008931636810302734,-0.30287235975265503,-2.8937880992889404,-14.42830753326416,0.9794044494628906,0.41760602593421936,2.5930497646331787,0.0
0,23,None,False,"68,60,115,46,117,18,100,81,137,112",1.0580613613128662,-1.9459105730056763,-1.0127445459365845,-0.8111088871955872,7.999637603759766,3.6444060802459717,0.008336258120834827,0.0,0.0,0.008336258120834827,-0.004313468933105469,0.012649727053940296,0.4064313471317291,0.0,0.9180634021759033,0.3533935546875,2.5930497646331787,0.0
0,24,None,False,"68,60,115,46,117,18,100,81,137,112",1.024949073791504,-2.0671091079711914,-1.2658300399780273,-0.8342711925506592,7.99949836730957,4.201666355133057,-0.004627794027328491,0.0,0.0,-0.004627794027328491,-0.005433440208435059,0.0008056461811065674,0.2856041193008423,0.0,1.0007612705230713,0.25564342737197876,2.5930497646331787,0.0
0,25,None,False,"68,60,115,46,117,18,100,81,137,112",1.0439265966415405,-2.4280519485473633,-1.4189541339874268,-0.5990774631500244,7.9992828369140625,5.6107282638549805,-0.0041138590313494205,0.0,0.0,-0.0041138590313494205,0.0027464628219604492,-0.00686032185330987,0.2898048162460327,0.0,1.1766636371612549,0.34129685163497925,2.5930497646331787,0.0
0,26,None,False,"68,60,115,46,117,18,100,81,137,112",1.0845459699630737,-1.9156630039215088,-1.1278232336044312,-0.7702009677886963,7.999557018280029,5.512991428375244,0.005393463186919689,0.0,0.0,0.005393463186919689,0.007449626922607422,-0.0020561637356877327,0.0927748829126358,0.0,1.0195388793945312,0.3339693546295166,2.5930497646331787,0.0
0,27,None,False,"68,60,115,46,117,18,100,81,137,112",1.0265049934387207,-2.1281681060791016,-0.9894315004348755,-0.860048234462738,7.999602794647217,4.610901355743408,0.10941173881292343,0.0,0.0,0.10941173881292343,0.031407952308654785,0.07800378650426865,1.211971640586853,0.0,1.008347988128662,0.33186063170433044,2.5930497646331787,0.0
0,28,None,False,"68,60,115,46,117,18,100,81,137,112",1.055228352546692,-1.9027655124664307,-1.4003405570983887,-0.6474674940109253,7.999324321746826,5.567729473114014,0.10921549797058105,0.0,0.0,0.10921549797058105,0.03394210338592529,0.07527339458465576,1.203444004058838,0.0,0.9941205978393555,0.36259740591049194,2.5930497646331787,0.0
0,29,None,False,"68,60,115,46,117,18,100,81,137,112",1.068333625793457,-1.8153048753738403,-1.1175763607025146,-0.937928318977356,7.999518871307373,5.182454586029053,0.12202372401952744,0.0,0.0,0.12202372401952744,0.03475141525268555,0.08727230876684189,1.955093502998352,0.0,0.8729055523872375,0.3348301649093628,2.5930497646331787,0.0
0,30,None,False,"68,60,115,46,117,18,100,81,137,112",1.0742261409759521,-2.037655830383301,-1.0488933324813843,-0.9720472097396851,7.999606132507324,2.836467742919922,0.1282489001750946,0.0,0.0,0.1282489001750946,0.030156850814819336,0.09809204936027527,1.3237026929855347,0.0,0.7956500053405762,0.3751528859138489,2.5930497646331787,0.0
0,31,None,False,"68,60,115,46,117,18,100,81,137,112",1.0390660762786865,-2.067143440246582,-1.2054588794708252,-0.776301383972168,7.999467849731445,3.330066204071045,0.13573475182056427,0.0,0.0,0.13573475182056427,0.02871537208557129,0.10701937973499298,1.3593882322311401,0.0,0.8768242597579956,0.406605064868927,2.5930497646331787,0.0
0,32,None,False,"68,60,115,46,117,18,100,81,137,112",1.0761111974716187,-1.946454405784607,-1.1951158046722412,-0.755779504776001,7.999311923980713,3.273404359817505,0.016544699668884277,0.0,0.0,0.016544699668884277,0.005548715591430664,0.010995984077453613,0.4021049737930298,0.0,0.897361695766449,0.4741990864276886,2.5930497646331787,0.0
0,33,None,False,"68,60,115,46,117,18,100,81,137,112",1.0679579973220825,-2.0682730674743652,-1.1674611568450928,-0.612644612789154,7.999480724334717,4.4271745681762695,0.016726762056350708,0.0,0.0,0.016726762056350708,0.010553240776062012,0.006173521280288696,0.2335371971130371,0.0,0.9194601774215698,0.47464001178741455,2.5930497646331787,0.0
0,34,None,False,"68,60,115,46,117,18,100,81,137,112",1.0220997333526611,-1.9561635255813599,-1.1637824773788452,-0.7968181371688843,7.9994940757751465,4.600554943084717,0.026010315865278244,0.0,0.0,0.026010315865278244,0.009955525398254395,0.01605479046702385,0.49379974603652954,0.0,1.0088168382644653,0.40966853499412537,2.5930497646331787,0.0
0,35,None,False,"68,60,115,46,117,18,100,81,137,112",0.9505069851875305,-2.1156821250915527,-1.2120676040649414,-0.7608597278594971,7.999571323394775,3.421600580215454,0.019981568679213524,0.0,0.0,0.019981568679213524,0.010578632354736328,0.009402936324477196,0.4889214038848877,0.0,0.9357348680496216,0.46531301736831665,2.5930497646331787,0.0
0,36,Schedule,True,"93,133,64,50,57,89,47,35,28,41",1.1113873720169067,-1.793125867843628,-0.8216897249221802,-0.739861249923706,7.999422550201416,5.511101722717285,-0.002233272884041071,0.01,0.3,-0.3122332692146301,-0.0022149085998535156,-0.3100183606147766,-2.7091269493103027,-13.477095603942871,0.8906230330467224,0.4929901957511902,2.5930497646331787,0.0
0,37,None,False,"93,133,64,50,57,89,47,35,28,41",1.001961350440979,-1.9360113143920898,-1.1467041969299316,-0.7682545185089111,7.999650478363037,4.696094036102295,-0.0021469772327691317,0.0,0.0,-0.0021469772327691317,-0.0009557604789733887,-0.001191216753795743,0.3583675026893616,0.0,0.9263557195663452,0.4262242317199707,2.5930497646331787,0.0
0,38,None,False,"93,133,64,50,57,89,47,35,28,41",1.0640463829040527,-1.7949564456939697,-0.92498379945755,-0.7881259918212891,7.999493598937988,3.483901023864746,-0.009831368923187256,0.0,0.0,-0.009831368923187256,-0.014088034629821777,0.0042566657066345215,0.37319156527519226,0.0,0.7857221364974976,0.39744919538497925,2.5930497646331787,0.0
0,39,None,False,"93,133,64,50,57,89,47,35,28,41",1.0968599319458008,-1.985469102859497,-1.205613136291504,-0.7679637670516968,7.999541759490967,3.5801777839660645,-0.018556511029601097,0.0,0.0,-0.018556511029601097,-0.017726778984069824,-0.0008297320455312729,0.3643506169319153,0.0,0.7617477178573608,0.42311960458755493,2.5930497646331787,0.0
0,40,None,False,"93,133,64,50,57,89,47,35,28,41",1.0878294706344604,-1.9920759201049805,-1.0402525663375854,-0.8481077551841736,7.9995527267456055,2.884099006652832,-0.014803528785705566,0.0,0.0,-0.014803528785705566,-0.011887013912200928,-0.0029165148735046387,0.3439117670059204,0.0,0.8250155448913574,0.47924482822418213,2.5930497646331787,0.0
0,41,None,False,"93,133,64,50,57,89,47,35,28,41",1.0605026483535767,-2.1924517154693604,-1.2134946584701538,-1.0066965818405151,7.999538421630859,4.768741130828857,-0.011196816340088844,0.0,0.0,-0.011196816340088844,-0.003258049488067627,-0.007938766852021217,0.20734576880931854,0.0,0.9259854555130005,0.5093645453453064,2.5930497646331787,0.0
0,42,None,False,"93,133,64,50,57,89,47,35,28,41",1.0428729057312012,-2.182741641998291,-1.4865024089813232,-0.8292745351791382,7.999289035797119,4.555281162261963,-0.0029606937896460295,0.0,0.0,-0.0029606937896460295,0.0035430192947387695,-0.006503713317215443,0.28248775005340576,0.0,0.9298033714294434,0.4029310941696167,2.5930497646331787,0.0
0,43,None,False,"93,133,64,50,57,89,47,35,28,41",1.1253753900527954,-2.1583375930786133,-1.0797308683395386,-0.8653477430343628,7.9993205070495605,5.298735618591309,0.01549307070672512,0.0,0.0,0.01549307070672512,0.020305156707763672,-0.004812086001038551,0.019165359437465668,0.0,0.962052047252655,0.4362170398235321,2.5930497646331787,0.0
0,44,None,False,"93,133,64,50,57,89,47,35,28,41",1.1811617612838745,-1.9947210550308228,-0.9888355731964111,-0.6666786670684814,7.999268531799316,5.610570907592773,0.026536673307418823,0.0,0.0,0.026536673307418823,0.03184378147125244,-0.005307108163833618,0.06364703178405762,0.0,0.8885416388511658,0.48791608214378357,2.5930497646331787,0.0
0,45,None,False,"93,133,64,50,57,89,47,35,28,41",1.121113657951355,-2.0936269760131836,-1.1381791830062866,-0.6183719635009766,7.999443531036377,5.096949100494385,0.007040911819785833,0.0,0.0,0.007040911819785833,0.027257204055786133,-0.020216291770339012,0.4216930568218231,0.0,0.8229328393936157,0.4461798071861267,2.5930497646331787,0.0
0,46,None,False,"93,133,64,50,57,89,47,35,28,41",1.066972255706787,-2.2056050300598145,-1.1832659244537354,-0.8784129619598389,7.999464988708496,4.287757396697998,0.013405447825789452,0.0,0.0,0.013405447825789452,0.02784121036529541,-0.014435762539505959,0.16978904604911804,0.0,0.7460684776306152,0.341201514005661,2.5930497646331787,0.0
0,47,None,False,"93,133,64,50,57,89,47,35,28,41",1.0472097396850586,-1.7905399799346924,-0.803614616394043,-1.0758838653564453,7.999667167663574,4.967013359069824,0.015687668696045876,0.0,0.0,0.015687668696045876,0.02398681640625,-0.008299147710204124,0.24968120455741882,0.0,0.8885658979415894,0.3354417681694031,2.5930497646331787,0.0
0,48,None,False,"93,133,64,50,57,89,47,35,28,41",1.0035364627838135,-1.7558963298797607,-1.2032382488250732,-0.7034076452255249,7.9993696212768555,5.238741874694824,0.0002573728561401367,0.0,0.0,0.0002573728561401367,0.018419742584228516,-0.01816236972808838,0.2762090861797333,0.0,0.7254466414451599,0.3304373323917389,2.5930497646331787,0.0
0,49,None,False,"93,133,64,50,57,89,47,35,28,41",1.031978726387024,-2.269554615020752,-0.9829452037811279,-1.0379289388656616,7.9995269775390625,7.013526439666748,-0.0007840752368792892,0.0,0.0,-0.0007840752368792892,0.016434311866760254,-0.017218386754393578,0.2012806385755539,0.0,0.7066177725791931,0.3523363769054413,2.5930497646331787,0.0
0,50,Schedule,True,"55,119,114,74,138,23,131,50,53,44",0.9749710559844971,-2.053332567214966,-1.4548447132110596,-0.8184016346931458,7.999307632446289,6.865105152130127,0.021826034411787987,0.008999999761581421,0.26999999284744264,-0.25717398524284363,0.021541595458984375,-0.278715580701828,-2.5961039066314697,-12.928643226623535,0.7249235510826111,0.27397915720939636,2.5930497646331787,0.0
0,51,None,False,"55,119,114,74,138,23,131,50,53,44",1.105820655822754,-2.2006592750549316,-0.8632724285125732,-0.7554965615272522,7.999388694763184,7.448047637939453,0.021178048104047775,0.0,0.0,0.021178048104047775,0.033011794090270996,-0.01183374598622322,0.27098843455314636,0.0,0.7377129793167114,0.34915074706077576,2.5930497646331787,0.0
0,52,None,False,"55,119,114,74,138,23,131,50,53,44",1.064882516860962,-1.7901140451431274,-1.0265440940856934,-0.7593380212783813,7.999533176422119,4.852957248687744,0.01870139315724373,0.0,0.0,0.01870139315724373,0.02772533893585205,-0.009023945778608322,0.27633243799209595,0.0,0.7671394944190979,0.36446523666381836,2.5930497646331787,0.0
0,53,None,False,"55,119,114,74,138,23,131,50,53,44",0.9755306243896484,-2.1865086555480957,-1.350230097770691,-0.9281857013702393,7.9992780685424805,5.213370323181152,0.02531035616993904,0.0,0.0,0.02531035616993904,0.03064417839050293,-0.0053338222205638885,0.3120570480823517,0.0,0.7281892895698547,0.2607031762599945,2.5930497646331787,0.0
0,54,None,False,"55,119,114,74,138,23,131,50,53,44",1.104726791381836,-1.9691826105117798,-1.0598491430282593,-0.8553575277328491,7.999505519866943,4.713003635406494,0.028542036190629005,0.0,0.0,0.028542036190629005,0.019495368003845215,0.00904666818678379,0.452911376953125,0.0,0.6360114812850952,0.33486515283584595,2.5930497646331787,0.0
0,55,None,False,"55,119,114,74,138,23,131,50,53,44",1.091770887374878,-1.8846588134765625,-1.0654449462890625,-0.7673897743225098,7.99940299987793,4.290780544281006,0.028530681505799294,0.0,0.0,0.028530681505799294,0.020432472229003906,0.008098209276795387,0.26814523339271545,0.0,0.5080301761627197,0.35799703001976013,2.5930497646331787,0.0
0,56,None,False,"55,119,114,74,138,23,131,50,53,44",1.0638396739959717,-2.211982250213623,-0.9805035591125488,-0.9308578372001648,7.999564170837402,3.7821450233459473,0.02787368930876255,0.0,0.0,0.02787368930876255,0.02043449878692627,0.007439190521836281,0.37504905462265015,0.0,0.5230081677436829,0.27309802174568176,2.5930497646331787,0.0
0,57,None,False,"55,119,114,74,138,23,131,50,53,44",1.0906004905700684,-1.9017080068588257,-1.1153501272201538,-0.8247898817062378,7.999533176422119,3.930161714553833,0.041928481310606,0.0,0.0,0.041928481310606,0.030266284942626953,0.01166219636797905,0.4289855659008026,0.0,0.5462021827697754,0.2646142542362213,2.5930497646331787,0.0
0,58,None,False,"55,119,114,74,138,23,131,50,53,44",1.062922477722168,-1.9871031045913696,-1.1286417245864868,-0.5382046103477478,7.999307155609131,4.393898010253906,0.03611517697572708,0.0,0.0,0.03611517697572708,0.02102077007293701,0.01509440690279007,0.486260324716568,0.0,0.3897789418697357,0.2865044176578522,2.5930497646331787,0.0
0,59,None,False,"55,119,114,74,138,23,131,50,53,44",1.0117071866989136,-1.9070289134979248,-1.4116268157958984,-0.7415057420730591,7.999236583709717,5.065898895263672,0.03451625257730484,0.0,0.0,0.03451625257730484,0.023798108100891113,0.010718144476413727,0.596913754940033,0.0,0.5721233487129211,0.33220764994621277,2.5930497646331787,0.0
0,60,None,False,"55,119,114,74,138,23,131,50,53,44",1.0922565460205078,-1.7010245323181152,-0.9139220714569092,-1.044256567955017,7.9994306564331055,5.232470512390137,0.019114499911665916,0.0,0.0,0.019114499911665916,0.010439157485961914,0.008675342425704002,0.2914820611476898,0.0,0.5958300828933716,0.34637439250946045,2.5930497646331787,0.0
0,61,None,False,"55,119,114,74,138,23,131,50,53,44",0.9935880303382874,-2.3475160598754883,-1.379420280456543,-0.6823514699935913,7.999239921569824,5.984524250030518,0.024095792323350906,0.0,0.0,0.024095792323350906,0.004201531410217285,0.01989426091313362,0.5305970311164856,0.0,0.68531334400177,0.36264604330062866,2.5930497646331787,0.0
0,62,None,False,"55,119,114,74,138,23,131,50,53,44",1.0599596500396729,-2.2673397064208984,-0.8395143151283264,-0.8548047542572021,7.9994707107543945,5.385561943054199,0.0059111774899065495,0.0,0.0,0.0059111774899065495,-0.01209867000579834,0.018009847030043602,0.48479729890823364,0.0,0.8644171953201294,0.33479392528533936,2.5930497646331787,0.0
0,63,None,False,"55,119,114,74,138,23,131,50,53,44",1.1312251091003418,-1.9497449398040771,-1.0782562494277954,-0.9862661361694336,7.99945592880249,5.788249492645264,-0.0007425606017932296,0.0,0.0,-0.0007425606017932296,-0.011439383029937744,0.01069682277739048,0.31915879249572754,0.0,0.7603716254234314,0.3294452130794525,2.5930497646331787,0.0
0,64,Schedule,True,"35,115,77,23,64,113,5,126,8,106",1.028042197227478,-2.1317622661590576,-1.2428507804870605,-0.6728417873382568,7.999448776245117,5.03729248046875,-0.014321262016892433,0.008999999761581421,0.26999999284744264,-0.29332128167152405,-0.008724629878997803,-0.28459665179252625,-2.4429948329925537,-12.178112983703613,0.6248209476470947,0.32321789860725403,2.5930497646331787,0.0
0,65,None,False,"35,115,77,23,64,113,5,126,8,106",1.045708417892456,-1.8797780275344849,-0.9980155229568481,-0.9159387350082397,7.99946403503418,3.9124350547790527,-0.010205984115600586,0.0,0.0,-0.010205984115600586,-0.00025773048400878906,-0.009948253631591797,0.24244491755962372,0.0,0.6415614485740662,0.370961993932724,2.5930497646331787,0.0
0,66,None,False,"35,115,77,23,64,113,5,126,8,106",1.1124368906021118,-1.7926015853881836,-0.9484621286392212,-1.1522544622421265,7.9994730949401855,3.6702606678009033,-0.0013608813751488924,0.0,0.0,-0.0013608813751488924,0.0006014108657836914,-0.001962292240932584,0.21167652308940887,0.0,0.5596662163734436,0.32246801257133484,2.5930497646331787,0.0
0,67,None,False,"35,115,77,23,64,113,5,126,8,106",1.0941656827926636,-2.198497772216797,-1.0732231140136719,-0.8400565981864929,7.999425888061523,5.054708480834961,0.01869046688079834,0.0,0.0,0.01869046688079834,0.014977693557739258,0.003712773323059082,0.4007158875465393,0.0,0.49873340129852295,0.33782902359962463,2.5930497646331787,0.0
0,68,None,False,"35,115,77,23,64,113,5,126,8,106",1.0165126323699951,-1.8429876565933228,-1.2500883340835571,-0.7673839330673218,7.999350547790527,5.173577785491943,0.02271917462348938,0.0,0.0,0.02271917462348938,0.02140629291534424,0.0013128817081451416,0.30796095728874207,0.0,0.5700840353965759,0.3480989933013916,2.5930497646331787,0.0
0,69,None,False,"35,115,77,23,64,113,5,126,8,106",1.0147584676742554,-2.0705761909484863,-1.0263326168060303,-0.763028621673584,7.9995293617248535,5.246227741241455,0.016126442700624466,0.0,0.0,0.016126442700624466,0.020980000495910645,-0.004853557795286179,0.031967900693416595,0.0,0.5236143469810486,0.32686862349510193,2.5930497646331787,0.0
0,70,None,False,"35,115,77,23,64,113,5,126,8,106",1.0480409860610962,-2.070573091506958,-0.955803394317627,-0.8568854928016663,7.999472141265869,4.563498020172119,0.0245260838419199,0.0,0.0,0.0245260838419199,0.01896536350250244,0.005560720339417458,0.18857400119304657,0.0,0.7210283875465393,0.3250519633293152,2.5930497646331787,0.0
0,71,None,False,"35,115,77,23,64,113,5,126,8,106",1.078220009803772,-2.1332590579986572,-1.1341512203216553,-0.8193660378456116,7.999536991119385,3.7000341415405273,0.020068293437361717,0.0,0.0,0.020068293437361717,0.010058999061584473,0.010009294375777245,0.26780417561531067,0.0,0.7626956701278687,0.333126038312912,2.5930497646331787,0.0
0,72,None,False,"35,115,77,23,64,113,5,126,8,106",1.071850061416626,-1.9302752017974854,-0.9824609756469727,-0.909318208694458,7.999666690826416,3.2789676189422607,0.018093138933181763,0.0,0.0,0.018093138933181763,0.007376670837402344,0.010716468095779419,0.35960012674331665,0.0,0.6741701364517212,0.34484297037124634,2.5930497646331787,0.0
0,73,None,False,"35,115,77,23,64,113,5,126,8,106",1.0039727687835693,-2.3078417778015137,-1.0252454280853271,-0.9939281344413757,7.999534606933594,4.074578762054443,0.01837105117738247,0.0,0.0,0.01837105117738247,0.002553701400756836,0.015817349776625633,0.5447929501533508,0.0,0.5414862036705017,0.2801585793495178,2.5930497646331787,0.0
0,74,None,False,"35,115,77,23,64,113,5,126,8,106",1.085938572883606,-1.9867029190063477,-1.2447479963302612,-0.7037560939788818,7.999349594116211,4.805452823638916,0.03346056491136551,0.0,0.0,0.03346056491136551,0.012272834777832031,0.021187730133533478,0.5999391078948975,0.0,0.6051110029220581,0.2742958068847656,2.5930497646331787,0.0
0,75,None,False,"35,115,77,23,64,113,5,126,8,106",1.0545647144317627,-2.2086915969848633,-1.073769450187683,-0.8563975095748901,7.999464511871338,4.101866245269775,0.03567435219883919,0.0,0.0,0.03567435219883919,0.017008423805236816,0.01866592839360237,0.5991889834403992,0.0,0.7258499264717102,0.2624835968017578,2.5930497646331787,0.0
0,76,None,False,"35,115,77,23,64,113,5,126,8,106",1.066055417060852,-1.897993564605713,-1.2152326107025146,-0.7895073294639587,7.999472141265869,4.070910930633545,0.04046745225787163,0.0,0.0,0.04046745225787163,0.027800917625427246,0.012666534632444382,0.5849860310554504,0.0,0.6685775518417358,0.28996506333351135,2.5930497646331787,0.0
0,77,None,False,"35,115,77,23,64,113,5,126,8,106",1.0747443437576294,-1.9405698776245117,-1.1095302104949951,-0.8185974359512329,7.999584674835205,3.4163706302642822,0.023570334538817406,0.0,0.0,0.023570334538817406,0.023672103881835938,-0.0001017693430185318,0.3066704273223877,0.0,0.6314278244972229,0.25558701157569885,2.5930497646331787,0.0
0,78,Schedule,True,"66,43,20,81,54,94,21,46,59,18",1.0621280670166016,-1.915395975112915,-0.9568541049957275,-0.8684672117233276,7.999582290649414,3.943929433822632,0.014522617682814598,0.01,0.3,-0.29547739028930664,0.015566110610961914,-0.31104350090026855,-3.153796672821045,-15.693330764770508,0.7459166049957275,0.29541200399398804,2.5930497646331787,0.0
0,79,None,False,"66,43,20,81,54,94,21,46,59,18",1.1161476373672485,-2.2040855884552,-1.0526072978973389,-0.6811676025390625,7.999353885650635,4.288400173187256,0.0070899007841944695,0.0,0.0,0.0070899007841944695,0.00912320613861084,-0.0020333053544163704,0.20865701138973236,0.0,0.6922842264175415,0.3426874279975891,2.5930497646331787,0.0
0,80,None,False,"66,43,20,81,54,94,21,46,59,18",1.116205096244812,-1.9332267045974731,-1.1156246662139893,-0.7446576356887817,7.999355792999268,5.593125820159912,0.015339684672653675,0.0,0.0,0.015339684672653675,0.009502172470092773,0.005837512202560902,0.26534736156463623,0.0,0.6339986324310303,0.3464580178260803,2.5930497646331787,0.0
0,81,None,False,"66,43,20,81,54,94,21,46,59,18",1.0842483043670654,-2.0597074031829834,-0.8917393088340759,-0.7740309834480286,7.999338626861572,5.630239486694336,0.02117910422384739,0.0,0.0,0.02117910422384739,0.005473136901855469,0.01570596732199192,0.5340560674667358,0.0,0.6431763768196106,0.2627749443054199,2.5930497646331787,0.0
0,82,None,False,"66,43,20,81,54,94,21,46,59,18",1.0664957761764526,-1.9306347370147705,-1.0128822326660156,-0.8138500452041626,7.999557971954346,6.067556381225586,0.016765177249908447,0.0,0.0,0.016765177249908447,0.004057049751281738,0.012708127498626709,0.5360749363899231,0.0,0.660442054271698,0.2808636724948883,2.5930497646331787,0.0
0,83,None,False,"66,43,20,81,54,94,21,46,59,18",0.9526128172874451,-1.888083815574646,-1.3125252723693848,-0.6283470988273621,7.999444961547852,3.4411840438842773,0.010800844058394432,0.0,0.0,0.010800844058394432,0.011199235916137695,-0.00039839185774326324,0.23026134073734283,0.0,0.8755218386650085,0.34290197491645813,2.5930497646331787,0.0
0,84,None,False,"66,43,20,81,54,94,21,46,59,18",1.041062593460083,-2.0985496044158936,-1.4313948154449463,-0.8196170330047607,7.999232292175293,4.295666694641113,0.009473430924117565,0.0,0.0,0.009473430924117565,0.011242985725402832,-0.0017695548012852669,0.2394430786371231,0.0,0.9951642155647278,0.34679874777793884,2.5930497646331787,0.0
0,85,None,False,"66,43,20,81,54,94,21,46,59,18",1.1124744415283203,-2.2125751972198486,-0.9998098611831665,-0.8392243385314941,7.999517440795898,5.074617385864258,0.0013350307708606124,0.0,0.0,0.0013350307708606124,0.0028564929962158203,-0.001521462225355208,0.3840401768684387,0.0,0.8413094282150269,0.3627871870994568,2.5930497646331787,0.0
0,86,None,False,"66,43,20,81,54,94,21,46,59,18",1.0484763383865356,-1.9372516870498657,-0.960660994052887,-0.7553236484527588,7.999497890472412,3.330103874206543,0.0006821214919909835,0.0,0.0,0.0006821214919909835,0.0018062591552734375,-0.001124137663282454,0.26567283272743225,0.0,0.9041935801506042,0.33859091997146606,2.5930497646331787,0.0
0,87,None,False,"66,43,20,81,54,94,21,46,59,18",1.018896460533142,-2.2566235065460205,-1.2522222995758057,-0.7843387126922607,7.999399662017822,4.903403282165527,0.01638009026646614,0.0,0.0,0.01638009026646614,0.005572676658630371,0.01080741360783577,0.4754185974597931,0.0,0.8619124889373779,0.32407820224761963,2.5930497646331787,0.0
0,88,None,False,"66,43,20,81,54,94,21,46,59,18",1.0158761739730835,-1.8902565240859985,-1.069665551185608,-0.9290915727615356,7.999404430389404,5.915431499481201,0.011166912503540516,0.0,0.0,0.011166912503540516,0.004398941993713379,0.006767970509827137,0.46256858110427856,0.0,1.0912286043167114,0.33819064497947693,2.5930497646331787,0.0
0,89,None,False,"66,43,20,81,54,94,21,46,59,18",1.017721176147461,-2.088108777999878,-1.1416020393371582,-0.8494763374328613,7.999614715576172,4.89678430557251,0.00739062437787652,0.0,0.0,0.00739062437787652,-0.0015183687210083008,0.008908992633223534,0.5068479776382446,0.0,1.0128958225250244,0.33916226029396057,2.5930497646331787,0.0
0,90,None,False,"66,43,20,81,54,94,21,46,59,18",1.0805302858352661,-1.9526348114013672,-1.0915861129760742,-0.997199296951294,7.999470233917236,3.8374674320220947,0.013085240498185158,0.0,0.0,0.013085240498185158,0.006647944450378418,0.00643729604780674,0.5305039286613464,0.0,1.098799705505371,0.4059043824672699,2.5930497646331787,0.0
0,91,None,False,"66,43,20,81,54,94,21,46,59,18",1.0227890014648438,-2.3516855239868164,-1.5111939907073975,-0.7735007405281067,7.999296188354492,6.365373611450195,0.008929205127060413,0.0,0.0,0.008929205127060413,0.0070334672927856445,0.0018957378342747688,0.43312403559684753,0.0,1.1732573509216309,0.4142228364944458,2.5930497646331787,0.0
0,92,Schedule,True,"29,77,48,63,9,128,54,102,7,98",1.0655323266983032,-1.9987602233886719,-0.9558830261230469,-0.8803825974464417,7.99960470199585,6.510238170623779,-0.013471156358718872,0.008999999761581421,0.26999999284744264,-0.29247117042541504,-0.0009615421295166016,-0.29150962829589844,-2.594210624694824,-12.924023628234863,1.003577470779419,0.4086485207080841,2.5930497646331787,0.0
0,93,None,False,"29,77,48,63,9,128,54,102,7,98",1.15622878074646,-1.9768869876861572,-1.007660150527954,-0.6837485432624817,7.999373435974121,4.996513843536377,-0.013902431353926659,0.0,0.0,-0.013902431353926659,-0.0026592016220092773,-0.011243229731917381,0.11903626471757889,0.0,1.1500165462493896,0.4652743339538574,2.5930497646331787,0.0
0,94,None,False,"29,77,48,63,9,128,54,102,7,98",1.041196584701538,-2.029390811920166,-1.1331497430801392,-0.9460878372192383,7.999487400054932,6.005364418029785,-0.02107422426342964,0.0,0.0,-0.02107422426342964,-0.009316205978393555,-0.011758018285036087,0.1898583173751831,0.0,1.0632071495056152,0.454878568649292,2.5930497646331787,0.0
0,95,None,False,"29,77,48,63,9,128,54,102,7,98",1.1350350379943848,-2.222846269607544,-1.061741590499878,-0.7978338599205017,7.99931001663208,7.323575496673584,-0.025654714554548264,0.0,0.0,-0.025654714554548264,-0.024122655391693115,-0.0015320591628551483,0.5497152209281921,0.0,1.1408302783966064,0.4716711640357971,2.5930497646331787,0.0
0,96,None,False,"29,77,48,63,9,128,54,102,7,98",1.0462483167648315,-1.9512310028076172,-0.9996695518493652,-0.881294310092926,7.999533176422119,6.477072715759277,-0.0218255165964365,0.0,0.0,-0.0218255165964365,-0.022385001182556152,0.0005594845861196518,0.4240320026874542,0.0,1.0263607501983643,0.5669301748275757,2.5930497646331787,0.0
0,97,None,False,"29,77,48,63,9,128,54,102,7,98",1.0811491012573242,-2.5198535919189453,-1.2265387773513794,-0.7226823568344116,7.9993815422058105,4.530288219451904,-0.006154126022011042,0.0,0.0,-0.006154126022011042,-0.009826838970184326,0.0036727129481732845,0.3344069719314575,0.0,1.0559337139129639,0.4507743716239929,2.5930497646331787,0.0
0,98,None,False,"29,77,48,63,9,128,54,102,7,98",1.1167125701904297,-2.022345781326294,-0.8825826644897461,-0.8913276195526123,7.99951696395874,5.495589256286621,-0.004582029767334461,0.0,0.0,-0.004582029767334461,-0.012758016586303711,0.00817598681896925,0.46121251583099365,0.0,0.9905067086219788,0.4765332341194153,2.5930497646331787,0.0
0,99,None,False,"29,77,48,63,9,128,54,102,7,98",1.0892373323440552,-1.885835886001587,-1.2249360084533691,-0.7836157083511353,7.999545097351074,3.924222469329834,-0.0006530165555886924,0.0,0.0,-0.0006530165555886924,-0.0033302903175354004,0.002677273703739047,0.3850611746311188,0.0,0.9573072195053101,0.4186243712902069,2.5930497646331787,0.0
0,100,Struct Break (DC),True,"77,31,73,43,83,105,84,114,76,36",1.0974496603012085,-1.552890658378601,-0.9729570746421814,-0.9680845737457275,7.999608039855957,2.6521432399749756,0.01188632845878601,0.008999999761581421,0.26999999284744264,-0.26711368560791016,0.003488302230834961,-0.2706019878387451,-2.275428533554077,-11.342241287231445,1.0024938583374023,0.43242311477661133,2.5930497646331787,0.0
0,101,None,False,"77,31,73,43,83,105,84,114,76,36",1.0619091987609863,-1.857125163078308,-1.0993465185165405,-0.8609146475791931,7.999560356140137,3.7549705505371094,0.00755839329212904,0.0,0.0,0.00755839329212904,-0.0020132064819335938,0.009571599774062634,0.3697720766067505,0.0,1.0694860219955444,0.4824184775352478,2.5930497646331787,0.0
0,102,None,False,"77,31,73,43,83,105,84,114,76,36",1.038490653038025,-2.0915799140930176,-0.972030758857727,-0.9727816581726074,7.999580383300781,4.7894062995910645,-0.0010384678607806563,0.0,0.0,-0.0010384678607806563,-0.00047528743743896484,-0.0005631804233416915,0.3432099521160126,0.0,1.0796680450439453,0.4963615834712982,2.5930497646331787,0.0
0,103,None,False,"77,31,73,43,83,105,84,114,76,36",1.1011296510696411,-1.795642375946045,-0.980742871761322,-0.9293815493583679,7.999526500701904,4.015904426574707,0.009215259924530983,0.0,0.0,0.009215259924530983,0.014002442359924316,-0.0047871824353933334,0.3093993365764618,0.0,0.7929518818855286,0.4614582657814026,2.5930497646331787,0.0
0,104,None,False,"77,31,73,43,83,105,84,114,76,36",1.016629934310913,-1.8720691204071045,-1.2897906303405762,-0.7738056778907776,7.999337196350098,4.5819830894470215,-0.008179688826203346,0.0,0.0,-0.008179688826203346,0.012392759323120117,-0.020572448149323463,0.3239154517650604,0.0,0.8185151219367981,0.4096653461456299,2.5930497646331787,0.0
0,105,None,False,"77,31,73,43,83,105,84,114,76,36",1.1026633977890015,-2.0522305965423584,-1.1329084634780884,-0.8368226885795593,7.999503135681152,5.377883434295654,-0.009201914072036743,0.0,0.0,-0.009201914072036743,0.020910978317260742,-0.030112892389297485,0.37439924478530884,0.0,0.8200180530548096,0.4093802571296692,2.5930497646331787,0.0
0,106,None,False,"77,31,73,43,83,105,84,114,76,36",1.079646348953247,-1.972261905670166,-1.1385023593902588,-0.7977792024612427,7.999622344970703,3.9247162342071533,0.003933030180633068,0.0,0.0,0.003933030180633068,0.024500489234924316,-0.020567458122968674,0.2775832712650299,0.0,0.8301746845245361,0.3970903158187866,2.5930497646331787,0.0
0,107,None,False,"77,31,73,43,83,105,84,114,76,36",1.0525835752487183,-2.1340253353118896,-0.9318479895591736,-0.9065346717834473,7.999626636505127,4.080342769622803,0.0030894458759576082,0.0,0.0,0.0030894458759576082,0.020259499549865723,-0.017170052975416183,0.15058189630508423,0.0,0.810137152671814,0.32210880517959595,2.5930497646331787,0.0
0,108,None,False,"77,31,73,43,83,105,84,114,76,36",1.0918471813201904,-1.975684404373169,-1.1984000205993652,-0.8922428488731384,7.999467849731445,5.534273147583008,0.006154912523925304,0.0,0.0,0.006154912523925304,0.016449689865112305,-0.010294777341187,0.028484566137194633,0.0,0.8148452639579773,0.3389625549316406,2.5930497646331787,0.0
0,109,None,False,"77,31,73,43,83,105,84,114,76,36",1.1382722854614258,-1.980577826499939,-0.9808327555656433,-0.9931074976921082,7.9994025230407715,5.93279504776001,0.031982798129320145,0.0,0.0,0.031982798129320145,0.03040170669555664,0.001581091433763504,0.3658386170864105,0.0,0.7309861183166504,0.4000706374645233,2.5930497646331787,0.0
0,110,None,False,"77,31,73,43,83,105,84,114,76,36",1.1097806692123413,-2.169142723083496,-1.16238534450531,-0.8908799886703491,7.999575138092041,4.8230509757995605,0.03345993161201477,0.0,0.0,0.03345993161201477,0.03037583827972412,0.0030840933322906494,0.4009992480278015,0.0,0.7589853405952454,0.34273990988731384,2.5930497646331787,0.0
0,111,None,False,"77,31,73,43,83,105,84,114,76,36",1.0823899507522583,-1.9280064105987549,-1.1255899667739868,-0.9488445520401001,7.9995880126953125,4.323200225830078,0.03128911182284355,0.0,0.0,0.03128911182284355,0.029688239097595215,0.0016008727252483368,0.33025914430618286,0.0,0.9197664856910706,0.3712273836135864,2.5930497646331787,0.0
0,112,None,False,"77,31,73,43,83,105,84,114,76,36",1.1219513416290283,-2.2018516063690186,-1.1536651849746704,-0.8682624101638794,7.999544620513916,4.237730026245117,0.026950985193252563,0.0,0.0,0.026950985193252563,0.033661723136901855,-0.006710737943649292,0.2627624273300171,0.0,0.9325131773948669,0.3427548110485077,2.5930497646331787,0.0
0,113,None,False,"77,31,73,43,83,105,84,114,76,36",1.1062718629837036,-1.9340128898620605,-1.23468017578125,-0.9006693959236145,7.999450206756592,3.744396448135376,0.032471317797899246,0.0,0.0,0.032471317797899246,0.04076051712036133,-0.008289199322462082,0.3898090124130249,0.0,0.9314839839935303,0.3400871753692627,2.5930497646331787,0.0
0,114,Schedule,True,"24,54,25,60,103,124,78,76,77,51",1.0427050590515137,-1.749245047569275,-1.1868212223052979,-0.6375067234039307,7.999390125274658,5.155738353729248,0.022926753386855125,0.00800000011920929,0.24000000357627868,-0.22507326304912567,0.023769617080688477,-0.24884288012981415,-2.5274434089660645,-12.610271453857422,0.9681878089904785,0.3276490867137909,2.5930497646331787,0.0
0,115,None,False,"24,54,25,60,103,124,78,76,77,51",1.0263903141021729,-2.0471339225769043,-1.1443209648132324,-0.802222728729248,7.99953556060791,5.065357208251953,0.01788095198571682,0.0,0.0,0.01788095198571682,0.021952509880065918,-0.004071557894349098,0.3732715845108032,0.0,0.8024662137031555,0.3298162817955017,2.5930497646331787,0.0
0,116,None,False,"24,54,25,60,103,124,78,76,77,51",1.151563048362732,-1.9350872039794922,-1.0761688947677612,-1.116178035736084,7.999460220336914,6.03750467300415,0.013027560897171497,0.0,0.0,0.013027560897171497,0.011499404907226562,0.0015281559899449348,0.46930834650993347,0.0,0.9384354948997498,0.32671546936035156,2.5930497646331787,0.0
0,117,None,False,"24,54,25,60,103,124,78,76,77,51",0.9878829717636108,-2.027268648147583,-1.1614530086517334,-0.7974470853805542,7.999430179595947,6.555304527282715,0.013973891735076904,0.0,0.0,0.013973891735076904,0.011912226676940918,0.0020616650581359863,0.2660900950431824,0.0,1.1517210006713867,0.3444858193397522,2.5930497646331787,0.0
0,118,None,False,"24,54,25,60,103,124,78,76,77,51",1.1127746105194092,-2.027467727661133,-1.1176761388778687,-0.6871418952941895,7.999467372894287,4.1719136238098145,-0.0007580936071462929,0.0,0.0,-0.0007580936071462929,0.004590034484863281,-0.005348128266632557,0.3874778151512146,0.0,0.9610027074813843,0.34696459770202637,2.5930497646331787,0.0
0,119,None,False,"24,54,25,60,103,124,78,76,77,51",1.100948691368103,-2.188689947128296,-1.2042384147644043,-0.6853072643280029,7.999442100524902,3.643386125564575,0.009793984703719616,0.0,0.0,0.009793984703719616,0.004304409027099609,0.0054895756766200066,0.5253146290779114,0.0,0.8944434523582458,0.3406681716442108,2.5930497646331787,0.0
0,120,None,False,"24,54,25,60,103,124,78,76,77,51",1.071487545967102,-2.052734375,-0.9351040720939636,-0.9989131093025208,7.999485969543457,4.855755805969238,0.031475793570280075,0.0,0.0,0.031475793570280075,0.011382818222045898,0.020092975348234177,0.5712417960166931,0.0,0.7303902506828308,0.3281206488609314,2.5930497646331787,0.0
0,121,None,False,"24,54,25,60,103,124,78,76,77,51",1.1266725063323975,-1.972416877746582,-0.896428108215332,-0.6292802691459656,7.999411582946777,5.186826705932617,0.03942849114537239,0.0,0.0,0.03942849114537239,0.028179168701171875,0.011249322444200516,0.4505801796913147,0.0,0.8006588220596313,0.38975948095321655,2.5930497646331787,0.0
0,122,None,False,"24,54,25,60,103,124,78,76,77,51",1.0966616868972778,-1.6722841262817383,-0.8500916361808777,-0.8903712034225464,7.9994659423828125,5.244902610778809,0.020142395049333572,0.0,0.0,0.020142395049333572,0.022061705589294434,-0.0019193105399608612,0.354399710893631,0.0,0.6336795091629028,0.32926708459854126,2.5930497646331787,0.0
0,123,None,False,"24,54,25,60,103,124,78,76,77,51",1.093587875366211,-2.0197980403900146,-1.093151330947876,-0.8133735060691833,7.999529838562012,3.042668581008911,0.02999408170580864,0.0,0.0,0.02999408170580864,0.02290356159210205,0.007090520113706589,0.3310770094394684,0.0,0.6167024970054626,0.2765013575553894,2.5930497646331787,0.0
0,124,None,False,"24,54,25,60,103,124,78,76,77,51",0.9442742466926575,-2.2794580459594727,-1.0788352489471436,-0.9543548822402954,7.999473571777344,4.355385780334473,0.010509401559829712,0.0,0.0,0.010509401559829712,0.014943480491638184,-0.004434078931808472,0.12109912931919098,0.0,0.8147635459899902,0.3545079529285431,2.5930497646331787,0.0
0,125,None,False,"24,54,25,60,103,124,78,76,77,51",1.0783932209014893,-2.2744388580322266,-1.4801892042160034,-0.6131875514984131,7.999291896820068,5.282606601715088,0.005538314580917358,0.0,0.0,0.005538314580917358,0.005183577537536621,0.0003547370433807373,0.2602332830429077,0.0,0.7276283502578735,0.3319361209869385,2.5930497646331787,0.0
0,126,None,False,"24,54,25,60,103,124,78,76,77,51",1.1173080205917358,-2.210439920425415,-1.153676152229309,-0.9738034009933472,7.999457836151123,6.520252227783203,7.106065459083766e-05,0.0,0.0,7.106065459083766e-05,0.0015915632247924805,-0.0015205026138573885,0.21681220829486847,0.0,0.7831071615219116,0.2790200114250183,2.5930497646331787,0.0
0,127,None,False,"24,54,25,60,103,124,78,76,77,51",1.0516605377197266,-2.008587598800659,-1.0892412662506104,-0.7112700939178467,7.999294281005859,4.846269130706787,0.0015956342685967684,0.0,0.0,0.0015956342685967684,0.0036797523498535156,-0.0020841180812567472,0.4831213057041168,0.0,0.8693735599517822,0.27089881896972656,2.5930497646331787,0.0
0,0,Schedule | Regime Shift (Initial),True,"29,120,47,137,112,12,52,21,77,94",1.0736585855484009,-1.8863003253936768,-0.894761860370636,-0.9485189914703369,7.999296188354492,4.92658805847168,-0.015561675652861595,0.0,0.0,-0.015561675652861595,-0.00790029764175415,-0.007661378011107445,-0.28065794706344604,-1.4435653686523438,0.9941030740737915,0.3756081759929657,2.2770304679870605,0.0
0,1,None,False,"29,120,47,137,112,12,52,21,77,94",1.0090833902359009,-2.250439167022705,-1.0387647151947021,-0.7661657333374023,7.998961925506592,5.396042823791504,-0.020729178562760353,0.0,0.0,-0.020729178562760353,-0.010489284992218018,-0.010239893570542336,0.037673067301511765,0.0,1.0439329147338867,0.4569261968135834,2.2770304679870605,0.0
0,2,None,False,"29,120,47,137,112,12,52,21,77,94",1.0591850280761719,-1.9499446153640747,-1.0523414611816406,-0.8025394082069397,7.999138832092285,6.314249515533447,-0.0014552951324731112,0.0,0.0,-0.0014552951324731112,-0.0015211701393127441,6.587500683963299e-05,0.18795056641101837,0.0,1.1855738162994385,0.28419211506843567,2.2770304679870605,0.0
0,3,None,False,"29,120,47,137,112,12,52,21,77,94",1.0778322219848633,-1.9011071920394897,-0.9357897043228149,-1.0694513320922852,7.999321937561035,4.341552734375,0.0344284251332283,0.0,0.0,0.0344284251332283,0.01766979694366455,0.01675862818956375,0.5562604069709778,0.0,1.2044579982757568,0.3063194751739502,2.2770304679870605,0.0
0,4,None,False,"29,120,47,137,112,12,52,21,77,94",1.0114878416061401,-1.990675449371338,-1.1400818824768066,-0.7294951677322388,7.999237060546875,3.771261215209961,0.04669738933444023,0.0,0.0,0.04669738933444023,0.025389671325683594,0.021307718008756638,0.6224064826965332,0.0,1.0937660932540894,0.29029154777526855,2.2770304679870605,0.0
0,5,None,False,"29,120,47,137,112,12,52,21,77,94",1.0984532833099365,-2.061124563217163,-1.1119571924209595,-0.806320309638977,7.99911642074585,4.842684268951416,0.025581438094377518,0.0,0.0,0.025581438094377518,0.012202262878417969,0.013379175215959549,0.41697701811790466,0.0,1.064046025276184,0.30620813369750977,2.2770304679870605,0.0
0,6,None,False,"29,120,47,137,112,12,52,21,77,94",1.0688362121582031,-2.272737503051758,-1.2567126750946045,-0.7751713991165161,7.998928070068359,5.393435955047607,0.016825944185256958,0.0,0.0,0.016825944185256958,0.004654645919799805,0.012171298265457153,0.46161291003227234,0.0,0.9376672506332397,0.2958226799964905,2.2770304679870605,0.0
0,7,None,False,"29,120,47,137,112,12,52,21,77,94",1.061466097831726,-1.781522512435913,-0.6775271892547607,-1.042130708694458,7.999294281005859,5.3441386222839355,-0.00904536247253418,0.0,0.0,-0.00904536247253418,-0.0013818740844726562,-0.0076634883880615234,0.18651504814624786,0.0,0.9317024946212769,0.31790995597839355,2.2770304679870605,0.0
0,8,None,False,"29,120,47,137,112,12,52,21,77,94",1.0690150260925293,-1.8771393299102783,-0.8560401797294617,-0.8134928345680237,7.99935245513916,5.484803199768066,-0.01855219528079033,0.0,0.0,-0.01855219528079033,-0.008931636810302734,-0.009620558470487595,0.06678072363138199,0.0,0.9331175684928894,0.3087537884712219,2.2770304679870605,0.0
0,9,None,False,"29,120,47,137,112,12,52,21,77,94",1.0152701139450073,-1.8963079452514648,-0.8456910848617554,-0.8424550890922546,7.999317169189453,5.159816265106201,-0.020957523956894875,0.0,0.0,-0.020957523956894875,-0.004313468933105469,-0.016644055023789406,-0.26623278856277466,0.0,0.8142244219779968,0.31455186009407043,2.2770304679870605,0.0
0,10,None,False,"29,120,47,137,112,12,52,21,77,94",0.9381054639816284,-2.01606822013855,-1.0523089170455933,-0.8060057163238525,7.9993510246276855,4.093708038330078,-0.021701615303754807,0.0,0.0,-0.021701615303754807,-0.005433440208435059,-0.016268175095319748,-0.02372884377837181,0.0,0.7111561298370361,0.3252542018890381,2.2770304679870605,0.0
0,11,None,False,"29,120,47,137,112,12,52,21,77,94",1.063271164894104,-2.1742477416992188,-1.0492753982543945,-0.8340780138969421,7.999021530151367,5.01845645904541,0.005674439482390881,0.0,0.0,0.005674439482390881,0.0027464628219604492,0.0029279766604304314,0.10089348256587982,0.0,0.8068300485610962,0.28897935152053833,2.2770304679870605,0.0
0,12,None,False,"29,120,47,137,112,12,52,21,77,94",1.0591193437576294,-1.8749147653579712,-0.9193260669708252,-0.9161033630371094,7.999270439147949,5.0178046226501465,0.016142606735229492,0.0,0.0,0.016142606735229492,0.007449626922607422,0.00869297981262207,0.16207355260849,0.0,0.72413569688797,0.31710073351860046,2.2770304679870605,0.0
0,13,None,False,"29,120,47,137,112,12,52,21,77,94",1.0537363290786743,-1.9134114980697632,-0.9245277643203735,-0.9271240234375,7.999370098114014,3.767101764678955,0.1231963038444519,0.0,0.0,0.1231963038444519,0.031407952308654785,0.09178835153579712,1.3370670080184937,0.0,0.7851554155349731,0.36769336462020874,2.2770304679870605,0.0
0,14,Schedule,True,"26,137,75,25,2,71,40,21,100,58",1.0832682847976685,-1.9230684041976929,-0.9302358627319336,-1.0352098941802979,7.9995903968811035,3.542107105255127,0.1309410035610199,0.00800000011920929,0.24000000357627868,-0.11705900728702545,0.03394210338592529,-0.15100111067295074,-0.033617183566093445,-0.21642948687076569,0.7730276584625244,0.37588226795196533,2.2770304679870605,0.0
0,15,None,False,"26,137,75,25,2,71,40,21,100,58",1.0990068912506104,-1.8642518520355225,-1.0873215198516846,-0.8385146260261536,7.999341011047363,3.2548813819885254,0.13835647702217102,0.0,0.0,0.13835647702217102,0.03475141525268555,0.10360506176948547,3.767237901687622,0.0,0.7902666926383972,0.3153218924999237,2.2770304679870605,0.0
0,16,None,False,"26,137,75,25,2,71,40,21,100,58",1.0757241249084473,-2.059976100921631,-0.9525821208953857,-0.7891495227813721,7.9991960525512695,4.141698360443115,0.12778586149215698,0.0,0.0,0.12778586149215698,0.030156850814819336,0.09762901067733765,1.6740528345108032,0.0,0.740504801273346,0.3006722927093506,2.2770304679870605,0.0
0,17,None,False,"26,137,75,25,2,71,40,21,100,58",1.1046030521392822,-1.9919581413269043,-1.0003103017807007,-1.0865461826324463,7.9992451667785645,6.325538635253906,0.11910855770111084,0.0,0.0,0.11910855770111084,0.02871537208557129,0.09039318561553955,1.17615807056427,0.0,0.8023548722267151,0.2856043875217438,2.2770304679870605,0.0
0,18,None,False,"26,137,75,25,2,71,40,21,100,58",1.0738317966461182,-2.0375404357910156,-1.1132550239562988,-0.7409967184066772,7.999208927154541,5.579772472381592,0.015128254890441895,0.0,0.0,0.015128254890441895,0.005548715591430664,0.00957953929901123,0.4368395209312439,0.0,0.8696419596672058,0.34922534227371216,2.2770304679870605,0.0
0,19,None,False,"26,137,75,25,2,71,40,21,100,58",0.9699821472167969,-2.198793411254883,-1.244753122329712,-0.9015061259269714,7.999185562133789,5.1788859367370605,0.0009470403310842812,0.0,0.0,0.0009470403310842812,0.010553240776062012,-0.009606200270354748,0.0973062813282013,0.0,1.055724859237671,0.46161508560180664,2.2770304679870605,0.0
0,20,None,False,"26,137,75,25,2,71,40,21,100,58",1.0600860118865967,-2.0347633361816406,-1.031417965888977,-0.8341448903083801,7.999294281005859,5.020665168762207,-0.003541195299476385,0.0,0.0,-0.003541195299476385,0.009955525398254395,-0.013496721163392067,0.06839554756879807,0.0,0.9171151518821716,0.42820388078689575,2.2770304679870605,0.0
0,21,None,False,"26,137,75,25,2,71,40,21,100,58",1.156363606452942,-2.0199413299560547,-1.0023434162139893,-0.7896777987480164,7.9991984367370605,4.642933368682861,-0.000376152980607003,0.0,0.0,-0.000376152980607003,0.010578632354736328,-0.010954785160720348,0.009373285807669163,0.0,0.9207907319068909,0.32819998264312744,2.2770304679870605,0.0
0,22,None,False,"26,137,75,25,2,71,40,21,100,58",1.0102005004882812,-2.3899481296539307,-0.8333130478858948,-1.2808282375335693,7.999441623687744,6.7143683433532715,-0.012428170070052147,0.0,0.0,-0.012428170070052147,-0.0022149085998535156,-0.010213261470198631,0.003170553594827652,0.0,0.8652809262275696,0.4500025510787964,2.2770304679870605,0.0
0,23,None,False,"26,137,75,25,2,71,40,21,100,58",1.0750120878219604,-1.9690136909484863,-1.0481442213058472,-0.8495950698852539,7.999211311340332,5.735696315765381,-0.012719154357910156,0.0,0.0,-0.012719154357910156,-0.0009557604789733887,-0.011763393878936768,0.1853356957435608,0.0,0.8035498857498169,0.3716496527194977,2.2770304679870605,0.0
0,24,None,False,"26,137,75,25,2,71,40,21,100,58",1.1175155639648438,-1.8506519794464111,-0.7553154230117798,-1.2643284797668457,7.999338150024414,4.527447700500488,-0.025317197665572166,0.0,0.0,-0.025317197665572166,-0.014088034629821777,-0.011229163035750389,0.11166120320558548,0.0,0.8078761100769043,0.2934408187866211,2.2770304679870605,0.0
0,25,None,False,"26,137,75,25,2,71,40,21,100,58",1.0731652975082397,-1.9515677690505981,-0.8198298811912537,-1.2226295471191406,7.999438762664795,4.863462924957275,-0.027486782521009445,0.0,0.0,-0.027486782521009445,-0.017726778984069824,-0.009760003536939621,0.006528565660119057,0.0,0.6724211573600769,0.31371742486953735,2.2770304679870605,0.0
0,26,None,False,"26,137,75,25,2,71,40,21,100,58",1.0404844284057617,-2.1604490280151367,-0.9308654069900513,-1.0002623796463013,7.99922513961792,3.847374439239502,-0.02271801233291626,0.0,0.0,-0.02271801233291626,-0.011887013912200928,-0.010830998420715332,-0.03333175182342529,0.0,0.6918859481811523,0.3552071154117584,2.2770304679870605,0.0
0,27,None,False,"26,137,75,25,2,71,40,21,100,58",0.917728841304779,-2.1906838417053223,-1.101265788078308,-0.9538214802742004,7.999209403991699,5.672243118286133,-0.00983249582350254,0.0,0.0,-0.00983249582350254,-0.003258049488067627,-0.006574446335434914,0.23401272296905518,0.0,0.875178337097168,0.31514865159988403,2.2770304679870605,0.0
0,28,Schedule,True,"81,75,43,89,24,119,32,70,129,48",1.051543116569519,-1.958096981048584,-1.040103793144226,-1.0133179426193237,7.999377727508545,5.370348930358887,0.01584681309759617,0.008999999761581421,0.26999999284744264,-0.26315319538116455,0.0035430192947387695,-0.2666962146759033,-0.917517900466919,-4.600860595703125,0.9150863885879517,0.3786054253578186,2.2770304679870605,0.0
0,29,None,False,"81,75,43,89,24,119,32,70,129,48",1.0689934492111206,-1.921975016593933,-1.0792039632797241,-0.9550127983093262,7.999248504638672,4.289056777954102,0.0524919256567955,0.0,0.0,0.0524919256567955,0.020305156707763672,0.03218676894903183,0.8996583223342896,0.0,0.9270305037498474,0.3505702614784241,2.2770304679870605,0.0
0,30,None,False,"81,75,43,89,24,119,32,70,129,48",0.991603672504425,-2.1094138622283936,-1.2005653381347656,-0.6436423659324646,7.998863220214844,6.685873985290527,0.05410658195614815,0.0,0.0,0.05410658195614815,0.03184378147125244,0.022262800484895706,0.6946356296539307,0.0,0.8206521272659302,0.2962467670440674,2.2770304679870605,0.0
0,31,None,False,"81,75,43,89,24,119,32,70,129,48",0.9545037150382996,-2.029867649078369,-0.871884286403656,-1.0013030767440796,7.999580383300781,5.737154483795166,0.044465504586696625,0.0,0.0,0.044465504586696625,0.027257204055786133,0.017208300530910492,0.5507898330688477,0.0,0.7240930795669556,0.2999643087387085,2.2770304679870605,0.0
0,32,None,False,"81,75,43,89,24,119,32,70,129,48",1.0150489807128906,-2.3215551376342773,-1.1517964601516724,-0.9053711891174316,7.99910831451416,5.750016689300537,0.04303831607103348,0.0,0.0,0.04303831607103348,0.02784121036529541,0.015197105705738068,0.6277459859848022,0.0,0.5902400016784668,0.3176151216030121,2.2770304679870605,0.0
0,33,None,False,"81,75,43,89,24,119,32,70,129,48",1.070986270904541,-2.075835943222046,-1.0215866565704346,-0.8641653060913086,7.999316215515137,4.862127304077148,0.0372421070933342,0.0,0.0,0.0372421070933342,0.02398681640625,0.013255290687084198,0.5310723185539246,0.0,0.522821843624115,0.32497498393058777,2.2770304679870605,0.0
0,34,None,False,"81,75,43,89,24,119,32,70,129,48",1.0605663061141968,-2.0672528743743896,-0.8458690643310547,-0.880152702331543,7.999485492706299,4.168222427368164,0.013867855072021484,0.0,0.0,0.013867855072021484,0.018419742584228516,-0.004551887512207031,0.14576059579849243,0.0,0.5910683870315552,0.31034085154533386,2.2770304679870605,0.0
0,35,None,False,"81,75,43,89,24,119,32,70,129,48",1.0264490842819214,-1.9001845121383667,-0.9104074239730835,-0.9687263369560242,7.999311923980713,3.9039666652679443,0.019972896203398705,0.0,0.0,0.019972896203398705,0.016434311866760254,0.0035385843366384506,-0.09000948071479797,0.0,0.6331450343132019,0.2973988950252533,2.2770304679870605,0.0
0,36,None,False,"81,75,43,89,24,119,32,70,129,48",0.9110548496246338,-2.4896488189697266,-1.0194694995880127,-0.861762285232544,7.99896764755249,7.171470642089844,0.0284956693649292,0.0,0.0,0.0284956693649292,0.021541595458984375,0.006954073905944824,0.22383476793766022,0.0,0.6194592118263245,0.3151623010635376,2.2770304679870605,0.0
0,37,None,False,"81,75,43,89,24,119,32,70,129,48",1.096097707748413,-1.8565398454666138,-1.022424340248108,-1.0851459503173828,7.999147415161133,6.731930732727051,0.033541690558195114,0.0,0.0,0.033541690558195114,0.033011794090270996,0.000529896467924118,0.29776445031166077,0.0,0.6530718803405762,0.3188972473144531,2.2770304679870605,0.0
0,38,None,False,"81,75,43,89,24,119,32,70,129,48",0.9928202033042908,-1.7373499870300293,-0.8482401371002197,-0.856116771697998,7.999227523803711,5.474411487579346,0.03396139666438103,0.0,0.0,0.03396139666438103,0.02772533893585205,0.0062360577285289764,0.3643234670162201,0.0,0.5895817875862122,0.2828039228916168,2.2770304679870605,0.0
0,39,None,False,"81,75,43,89,24,119,32,70,129,48",1.085147738456726,-2.1166069507598877,-1.0980348587036133,-0.9327064156532288,7.999143123626709,5.290197849273682,0.034129656851291656,0.0,0.0,0.034129656851291656,0.03064417839050293,0.003485478460788727,0.2967239320278168,0.0,0.5458673238754272,0.32569119334220886,2.2770304679870605,0.0
0,40,None,False,"81,75,43,89,24,119,32,70,129,48",1.0836797952651978,-1.8631383180618286,-0.8356359004974365,-1.0386154651641846,7.999388217926025,4.769632816314697,0.023215526714920998,0.0,0.0,0.023215526714920998,0.019495368003845215,0.0037201587110757828,0.6020151376724243,0.0,0.6272773742675781,0.246775820851326,2.2770304679870605,0.0
0,41,None,False,"81,75,43,89,24,119,32,70,129,48",1.040651559829712,-1.6904079914093018,-0.920112669467926,-1.0762255191802979,7.9993391036987305,3.445028305053711,0.024458546191453934,0.0,0.0,0.024458546191453934,0.020432472229003906,0.0040260739624500275,0.366428017616272,0.0,0.5768249034881592,0.2664310038089752,2.2770304679870605,0.0
0,42,Schedule,True,"72,33,122,34,51,70,30,36,54,80",0.9742363095283508,-2.1375203132629395,-0.8649908304214478,-1.054944396018982,7.999678611755371,4.8031158447265625,0.015017693862318993,0.008999999761581421,0.26999999284744264,-0.2639823257923126,0.02043449878692627,-0.2844168245792389,-1.3381315469741821,-6.687178134918213,0.5552146434783936,0.23385347425937653,2.2770304679870605,0.0
0,43,None,False,"72,33,122,34,51,70,30,36,54,80",1.089066505432129,-1.9597434997558594,-1.081413984298706,-1.0307176113128662,7.999192237854004,5.464146137237549,0.032199304550886154,0.0,0.0,0.032199304550886154,0.030266284942626953,0.001933019608259201,0.21145375072956085,0.0,0.4926886558532715,0.2345954179763794,2.2770304679870605,0.0
0,44,None,False,"72,33,122,34,51,70,30,36,54,80",0.9972352385520935,-2.0125527381896973,-1.2239985466003418,-0.8256735801696777,7.999497890472412,5.074432373046875,0.0235078576952219,0.0,0.0,0.0235078576952219,0.02102077007293701,0.0024870876222848892,0.21118706464767456,0.0,0.6550324559211731,0.2419055849313736,2.2770304679870605,0.0
0,45,None,False,"72,33,122,34,51,70,30,36,54,80",1.058070182800293,-1.9298220872879028,-0.9479118585586548,-0.7818557024002075,7.99922513961792,4.509359359741211,0.02387126162648201,0.0,0.0,0.02387126162648201,0.023798108100891113,7.31535255908966e-05,0.3043837249279022,0.0,0.6372696757316589,0.24974502623081207,2.2770304679870605,0.0
0,46,None,False,"72,33,122,34,51,70,30,36,54,80",1.0517196655273438,-2.2491097450256348,-0.9621089696884155,-0.9225509166717529,7.999223232269287,5.304948329925537,0.00867551565170288,0.0,0.0,0.00867551565170288,0.010439157485961914,-0.0017636418342590332,0.4345875382423401,0.0,0.6371962428092957,0.23278121650218964,2.2770304679870605,0.0
0,47,None,False,"72,33,122,34,51,70,30,36,54,80",0.9950777292251587,-1.9730409383773804,-1.069659948348999,-0.7061396837234497,7.999220848083496,4.876360893249512,0.0009587287786416709,0.0,0.0,0.0009587287786416709,0.004201531410217285,-0.0032428025733679533,0.16399195790290833,0.0,0.8104168176651001,0.32780832052230835,2.2770304679870605,0.0
0,48,None,False,"72,33,122,34,51,70,30,36,54,80",1.0806059837341309,-2.0062131881713867,-0.9267905354499817,-0.8644702434539795,7.999303817749023,4.08875846862793,-0.021157223731279373,0.0,0.0,-0.021157223731279373,-0.01209867000579834,-0.009058553725481033,-0.029779883101582527,0.0,0.6807326674461365,0.3122931122779846,2.2770304679870605,0.0
0,49,None,False,"72,33,122,34,51,70,30,36,54,80",1.108404278755188,-2.2197022438049316,-1.0892316102981567,-0.9770808219909668,7.9993205070495605,3.421868324279785,-0.021906476467847824,0.0,0.0,-0.021906476467847824,-0.011439383029937744,-0.01046709343791008,0.06687187403440475,0.0,0.7967542409896851,0.2954247295856476,2.2770304679870605,0.0
0,50,None,False,"72,33,122,34,51,70,30,36,54,80",1.0736027956008911,-2.092163562774658,-1.108435869216919,-0.747565507888794,7.999068737030029,4.68902063369751,-0.021527672186493874,0.0,0.0,-0.021527672186493874,-0.008724629878997803,-0.01280304230749607,-0.09311579167842865,0.0,0.8155745267868042,0.32762986421585083,2.2770304679870605,0.0
0,51,None,False,"72,33,122,34,51,70,30,36,54,80",1.0290939807891846,-1.8938473463058472,-1.0322990417480469,-0.8469666242599487,7.999455451965332,3.414954900741577,-0.0010056734317913651,0.0,0.0,-0.0010056734317913651,-0.00025773048400878906,-0.0007479429477825761,0.434877872467041,0.0,0.7637884616851807,0.30777156352996826,2.2770304679870605,0.0
0,52,None,False,"72,33,122,34,51,70,30,36,54,80",1.0067695379257202,-1.8352916240692139,-1.2080655097961426,-0.986899197101593,7.999042510986328,4.653594493865967,0.019181877374649048,0.0,0.0,0.019181877374649048,0.0006014108657836914,0.018580466508865356,0.541822612285614,0.0,0.7595992088317871,0.387234628200531,2.2770304679870605,0.0
0,53,None,False,"72,33,122,34,51,70,30,36,54,80",1.144036054611206,-2.125192165374756,-1.016269564628601,-0.9899856448173523,7.999001979827881,4.92426872253418,0.02946833334863186,0.0,0.0,0.02946833334863186,0.014977693557739258,0.014490639790892601,0.416767954826355,0.0,0.7720910310745239,0.3757586181163788,2.2770304679870605,0.0
0,54,None,False,"72,33,122,34,51,70,30,36,54,80",1.0458014011383057,-2.0257248878479004,-0.9085904359817505,-1.203770399093628,7.999514102935791,5.463700771331787,0.0449204221367836,0.0,0.0,0.0449204221367836,0.02140629291534424,0.02351412922143936,0.5473579168319702,0.0,0.8759450316429138,0.3668909966945648,2.2770304679870605,0.0
0,55,None,False,"72,33,122,34,51,70,30,36,54,80",1.0613594055175781,-2.256150484085083,-1.2580517530441284,-0.7967808842658997,7.998899459838867,5.799209117889404,0.05593867972493172,0.0,0.0,0.05593867972493172,0.020980000495910645,0.03495867922902107,0.6706669330596924,0.0,0.9858413934707642,0.37893596291542053,2.2770304679870605,0.0
0,56,Schedule,True,"75,51,32,45,69,59,72,70,33,130",1.0020360946655273,-2.0618104934692383,-1.3973193168640137,-0.811382532119751,7.999002933502197,5.054479122161865,0.04999065399169922,0.006000000238418579,0.18000000715255737,-0.1360093504190445,0.01896536350250244,-0.15497471392154694,-0.7922338843345642,-3.9869327545166016,1.0658180713653564,0.4601679742336273,2.2770304679870605,0.0
0,57,None,False,"75,51,32,45,69,59,72,70,33,130",1.0085680484771729,-1.7391098737716675,-1.0475307703018188,-0.8782394528388977,7.999021530151367,3.735621452331543,0.02423453889787197,0.0,0.0,0.02423453889787197,0.010058999061584473,0.014175539836287498,0.5369687080383301,0.0,1.2258118391036987,0.4747093915939331,2.2770304679870605,0.0
0,58,None,False,"75,51,32,45,69,59,72,70,33,130",1.0792222023010254,-1.9161171913146973,-0.9355670809745789,-0.8189249038696289,7.99932336807251,4.7561445236206055,0.030318867415189743,0.0,0.0,0.030318867415189743,0.007376670837402344,0.0229421965777874,0.5808664560317993,0.0,1.2250827550888062,0.41126981377601624,2.2770304679870605,0.0
0,59,None,False,"75,51,32,45,69,59,72,70,33,130",0.9914169311523438,-2.0549402236938477,-0.8333600163459778,-1.126943588256836,7.999383926391602,4.655404567718506,0.014961856417357922,0.0,0.0,0.014961856417357922,0.002553701400756836,0.012408155016601086,0.540195643901825,0.0,1.1792750358581543,0.41432157158851624,2.2770304679870605,0.0
0,60,None,False,"75,51,32,45,69,59,72,70,33,130",1.0204463005065918,-2.150362014770508,-0.89689701795578,-0.9251124262809753,7.999314785003662,3.6826252937316895,0.018386494368314743,0.0,0.0,0.018386494368314743,0.012272834777832031,0.006113659590482712,0.39512521028518677,0.0,1.143371343612671,0.4135838449001312,2.2770304679870605,0.0
0,61,None,False,"75,51,32,45,69,59,72,70,33,130",1.0779539346694946,-1.9203755855560303,-1.0912959575653076,-0.8922773003578186,7.999425411224365,3.961489200592041,0.033188603818416595,0.0,0.0,0.033188603818416595,0.017008423805236816,0.01618018001317978,0.5542598962783813,0.0,0.9803599715232849,0.3899000287055969,2.2770304679870605,0.0
0,62,None,False,"75,51,32,45,69,59,72,70,33,130",0.9980156421661377,-2.2071027755737305,-1.2518397569656372,-0.9363295435905457,7.999032497406006,4.3977155685424805,0.0587959885597229,0.0,0.0,0.0587959885597229,0.027800917625427246,0.030995070934295654,0.6579030752182007,0.0,1.2541741132736206,0.34707343578338623,2.2770304679870605,0.0
0,63,None,False,"75,51,32,45,69,59,72,70,33,130",1.102495551109314,-2.1635758876800537,-0.9825513362884521,-0.6811536550521851,7.999035835266113,4.760197162628174,0.054040879011154175,0.0,0.0,0.054040879011154175,0.023672103881835938,0.030368775129318237,0.6054878234863281,0.0,1.2761133909225464,0.37491166591644287,2.2770304679870605,0.0
0,64,None,False,"75,51,32,45,69,59,72,70,33,130",1.0945459604263306,-1.8599098920822144,-0.9360034465789795,-0.7826879024505615,7.999346733093262,4.360093116760254,0.0404268316924572,0.0,0.0,0.0404268316924572,0.015566110610961914,0.024860721081495285,0.5509193539619446,0.0,1.3081471920013428,0.3566233217716217,2.2770304679870605,0.0
0,65,None,False,"75,51,32,45,69,59,72,70,33,130",1.0979243516921997,-1.9924556016921997,-1.0151195526123047,-1.0707072019577026,7.9992241859436035,3.887542724609375,0.021861404180526733,0.0,0.0,0.021861404180526733,0.00912320613861084,0.012738198041915894,0.4217861592769623,0.0,1.1412971019744873,0.38158243894577026,2.2770304679870605,0.0
0,66,None,False,"75,51,32,45,69,59,72,70,33,130",1.0714246034622192,-2.0496184825897217,-0.9117698669433594,-0.9364293217658997,7.999541282653809,4.178640842437744,0.015135550871491432,0.0,0.0,0.015135550871491432,0.009502172470092773,0.005633378401398659,0.34935998916625977,0.0,1.0955207347869873,0.36240318417549133,2.2770304679870605,0.0
0,67,None,False,"75,51,32,45,69,59,72,70,33,130",1.1057759523391724,-2.105973958969116,-1.1084953546524048,-0.902390718460083,7.999223232269287,3.4135782718658447,0.009007096290588379,0.0,0.0,0.009007096290588379,0.005473136901855469,0.00353395938873291,0.38760432600975037,0.0,1.1741353273391724,0.3800060451030731,2.2770304679870605,0.0
0,68,None,False,"75,51,32,45,69,59,72,70,33,130",0.9109941720962524,-1.9205559492111206,-1.173352599143982,-0.5325937271118164,7.998610973358154,6.63042688369751,-0.006336235906928778,0.0,0.0,-0.006336235906928778,0.004057049751281738,-0.010393286123871803,0.17065812647342682,0.0,0.963668167591095,0.3096938133239746,2.2770304679870605,0.0
0,69,None,False,"75,51,32,45,69,59,72,70,33,130",1.0872238874435425,-1.8885726928710938,-0.8703974485397339,-0.8644652366638184,7.999242782592773,6.640777587890625,-0.008027022704482079,0.0,0.0,-0.008027022704482079,0.011199235916137695,-0.019226258620619774,0.0282046627253294,0.0,0.9033101797103882,0.2742759883403778,2.2770304679870605,0.0
0,70,Schedule,True,"130,31,121,45,133,43,74,64,30,24",0.9757730960845947,-2.1398563385009766,-1.213409423828125,-0.6073376536369324,7.999120712280273,4.453975677490234,-0.005092525389045477,0.00800000011920929,0.24000000357627868,-0.25309252738952637,0.011242985725402832,-0.2643355131149292,-1.542657732963562,-7.705562591552734,0.8189964890480042,0.24233657121658325,2.2770304679870605,0.0
0,71,None,False,"130,31,121,45,133,43,74,64,30,24",1.0141170024871826,-1.9826699495315552,-0.9335466623306274,-0.8158020377159119,7.9993743896484375,4.023691654205322,0.0007524609682150185,0.0,0.0,0.0007524609682150185,0.0028564929962158203,-0.0021040320862084627,0.3790264427661896,0.0,0.9815229177474976,0.2779373526573181,2.2770304679870605,0.0
0,72,None,False,"130,31,121,45,133,43,74,64,30,24",1.0813446044921875,-2.041318416595459,-1.0294328927993774,-0.9084591865539551,7.999521255493164,3.642561912536621,-0.012457567267119884,0.0,0.0,-0.012457567267119884,0.0018062591552734375,-0.014263826422393322,0.10417556017637253,0.0,1.1936790943145752,0.41305673122406006,2.2770304679870605,0.0
0,73,None,False,"130,31,121,45,133,43,74,64,30,24",1.0373594760894775,-2.057176351547241,-0.8722106218338013,-0.912667989730835,7.999393939971924,3.2379813194274902,0.009528189897537231,0.0,0.0,0.009528189897537231,0.005572676658630371,0.00395551323890686,0.5100290775299072,0.0,1.4664490222930908,0.4238237738609314,2.2770304679870605,0.0
0,74,None,False,"130,31,121,45,133,43,74,64,30,24",1.03898286819458,-2.2145400047302246,-0.9487048983573914,-0.7457559704780579,7.999285697937012,4.374398708343506,0.009880530647933483,0.0,0.0,0.009880530647933483,0.004398941993713379,0.005481588654220104,0.3418378531932831,0.0,1.277624487876892,0.4385548233985901,2.2770304679870605,0.0
0,75,None,False,"130,31,121,45,133,43,74,64,30,24",1.0372875928878784,-2.337876558303833,-1.0175955295562744,-0.8700231313705444,7.99907112121582,5.026269912719727,0.0005308091640472412,0.0,0.0,0.0005308091640472412,-0.0015183687210083008,0.002049177885055542,0.4434218406677246,0.0,1.2761915922164917,0.43132728338241577,2.2770304679870605,0.0
0,76,None,False,"130,31,121,45,133,43,74,64,30,24",1.1380354166030884,-1.7900229692459106,-1.063594937324524,-1.0846308469772339,7.999250411987305,6.622415065765381,-0.008931743912398815,0.0,0.0,-0.008931743912398815,0.006647944450378418,-0.015579688362777233,0.09768624603748322,0.0,1.2537217140197754,0.4783784747123718,2.2770304679870605,0.0
0,77,None,False,"130,31,121,45,133,43,74,64,30,24",1.0025631189346313,-2.0459043979644775,-1.0401582717895508,-0.8858437538146973,7.999239444732666,4.762864112854004,-0.0023492216132581234,0.0,0.0,-0.0023492216132581234,0.0070334672927856445,-0.009382689371705055,0.2156715989112854,0.0,1.3977599143981934,0.5258421897888184,2.2770304679870605,0.0
0,78,None,False,"130,31,121,45,133,43,74,64,30,24",1.0383244752883911,-1.7629048824310303,-0.7378451824188232,-0.9261467456817627,7.9995245933532715,3.8291730880737305,-0.02217341586947441,0.0,0.0,-0.02217341586947441,-0.0009615421295166016,-0.02121187373995781,0.178997203707695,0.0,1.231447696685791,0.4747021794319153,2.2770304679870605,0.0
0,79,None,False,"130,31,121,45,133,43,74,64,30,24",1.0561403036117554,-1.8525077104568481,-0.9644680023193359,-0.9682047963142395,7.999085903167725,3.93930721282959,-0.01707681454718113,0.0,0.0,-0.01707681454718113,-0.0026592016220092773,-0.014417612925171852,0.16407707333564758,0.0,1.1439224481582642,0.5460332632064819,2.2770304679870605,0.0
0,80,None,False,"130,31,121,45,133,43,74,64,30,24",1.085098147392273,-1.933938980102539,-0.9865448474884033,-0.8443071842193604,7.999251842498779,4.945694923400879,-0.0278046615421772,0.0,0.0,-0.0278046615421772,-0.009316205978393555,-0.018488455563783646,0.2226635366678238,0.0,1.1632630825042725,0.5195637941360474,2.2770304679870605,0.0
0,81,None,False,"130,31,121,45,133,43,74,64,30,24",1.046212077140808,-1.8517650365829468,-1.1500234603881836,-0.7199088335037231,7.999327659606934,3.767803907394409,-0.035563480108976364,0.0,0.0,-0.035563480108976364,-0.024122655391693115,-0.011440824717283249,0.32409775257110596,0.0,1.2317783832550049,0.4181975722312927,2.2770304679870605,0.0
0,82,None,False,"130,31,121,45,133,43,74,64,30,24",0.994779109954834,-1.9407060146331787,-0.8867486715316772,-0.9802623391151428,7.999514579772949,3.660181760787964,-0.028617877513170242,0.0,0.0,-0.028617877513170242,-0.022385001182556152,-0.00623287633061409,0.12340876460075378,0.0,1.3554264307022095,0.5077918171882629,2.2770304679870605,0.0
0,83,None,False,"130,31,121,45,133,43,74,64,30,24",1.0414942502975464,-1.9662764072418213,-0.986034631729126,-0.8892440795898438,7.999382972717285,4.599081993103027,-0.016746139153838158,0.0,0.0,-0.016746139153838158,-0.009826838970184326,-0.0069193001836538315,0.43537279963493347,0.0,1.1947681903839111,0.5391638875007629,2.2770304679870605,0.0
0,84,Schedule,True,"67,42,101,55,27,118,48,3,97,94",1.101958155632019,-1.9558963775634766,-0.9462665319442749,-0.69101881980896,7.999155521392822,5.5399346351623535,0.010222053155303001,0.01,0.3,-0.29977795481681824,-0.012758016586303711,-0.2870199382305145,-2.1789605617523193,-10.865633010864258,1.0741173028945923,0.48940712213516235,2.2770304679870605,0.0
0,85,None,False,"67,42,101,55,27,118,48,3,97,94",1.1091488599777222,-2.006696939468384,-0.9638011455535889,-0.7945072054862976,7.9992241859436035,4.249152183532715,0.008142220787703991,0.0,0.0,0.008142220787703991,-0.0033302903175354004,0.011472511105239391,0.40930721163749695,0.0,0.9045451283454895,0.40553733706474304,2.2770304679870605,0.0
0,86,Struct Break (DC),True,"15,51,10,73,89,78,126,124,61,131",1.090645432472229,-2.0618772506713867,-1.0603461265563965,-0.796417772769928,7.999297618865967,2.8587357997894287,-0.003555548144504428,0.01,0.3,-0.3135555684566498,0.003488302230834961,-0.31704387068748474,-3.5503993034362793,-17.673057556152344,1.1516668796539307,0.35357871651649475,2.2770304679870605,0.0
0,87,None,False,"15,51,10,73,89,78,126,124,61,131",1.0609116554260254,-2.187671422958374,-1.0482138395309448,-0.8186335563659668,7.999238014221191,4.314155101776123,-0.007361930795013905,0.0,0.0,-0.007361930795013905,-0.0020132064819335938,-0.005348724313080311,0.3218209743499756,0.0,0.9429440498352051,0.4174695611000061,2.2770304679870605,0.0
0,88,None,False,"15,51,10,73,89,78,126,124,61,131",1.0014711618423462,-1.977016568183899,-1.0278102159500122,-1.0795212984085083,7.999114513397217,5.662236213684082,-0.0014674663543701172,0.0,0.0,-0.0014674663543701172,-0.00047528743743896484,-0.0009921789169311523,0.3069159686565399,0.0,0.9041642546653748,0.42553767561912537,2.2770304679870605,0.0
0,89,None,False,"15,51,10,73,89,78,126,124,61,131",1.0093660354614258,-1.53916335105896,-1.0385531187057495,-0.8025566339492798,7.99890661239624,6.944495677947998,0.010334456339478493,0.0,0.0,0.010334456339478493,0.014002442359924316,-0.0036679860204458237,0.269635409116745,0.0,1.0736076831817627,0.44196245074272156,2.2770304679870605,0.0
0,90,None,False,"15,51,10,73,89,78,126,124,61,131",1.0609585046768188,-2.127614974975586,-0.9608709812164307,-0.8207437992095947,7.99936580657959,5.980030059814453,0.00047830940457060933,0.0,0.0,0.00047830940457060933,0.012392759323120117,-0.011914449743926525,0.06919901818037033,0.0,1.036454677581787,0.35530441999435425,2.2770304679870605,0.0
0,91,None,False,"15,51,10,73,89,78,126,124,61,131",1.0444362163543701,-1.7652814388275146,-0.8558886647224426,-0.9854342341423035,7.999436378479004,3.4245893955230713,0.006997573189437389,0.0,0.0,0.006997573189437389,0.020910978317260742,-0.013913405127823353,0.2091055065393448,0.0,1.0427782535552979,0.3833538293838501,2.2770304679870605,0.0
0,92,None,False,"15,51,10,73,89,78,126,124,61,131",0.9834322929382324,-2.191711187362671,-1.2548563480377197,-0.709321141242981,7.99912691116333,4.355599403381348,0.01968710497021675,0.0,0.0,0.01968710497021675,0.024500489234924316,-0.004813384264707565,0.35696515440940857,0.0,1.024834394454956,0.2640608549118042,2.2770304679870605,0.0
0,93,None,False,"15,51,10,73,89,78,126,124,61,131",1.1225178241729736,-1.7759028673171997,-0.8198640942573547,-1.2096384763717651,7.999447822570801,5.126011848449707,0.01627069152891636,0.0,0.0,0.01627069152891636,0.020259499549865723,-0.003988808020949364,0.2986080050468445,0.0,0.8832168579101562,0.3363434374332428,2.2770304679870605,0.0
0,94,None,False,"15,51,10,73,89,78,126,124,61,131",0.9851194024085999,-2.1667263507843018,-0.8655081987380981,-1.0424365997314453,7.999486923217773,5.682396411895752,0.010269147343933582,0.0,0.0,0.010269147343933582,0.016449689865112305,-0.006180542521178722,0.2966853976249695,0.0,1.0084294080734253,0.3293094038963318,2.2770304679870605,0.0
0,95,None,False,"15,51,10,73,89,78,126,124,61,131",1.032019019126892,-2.063082218170166,-1.0906219482421875,-0.8166885375976562,7.999325275421143,4.2318267822265625,0.034607887268066406,0.0,0.0,0.034607887268066406,0.03040170669555664,0.004206180572509766,0.447391152381897,0.0,0.7788974046707153,0.33080193400382996,2.2770304679870605,0.0
0,96,None,False,"15,51,10,73,89,78,126,124,61,131",1.063568353652954,-2.1717729568481445,-1.0464974641799927,-1.0675952434539795,7.9993767738342285,3.8237104415893555,0.03828420117497444,0.0,0.0,0.03828420117497444,0.03037583827972412,0.00790836289525032,0.2966270446777344,0.0,0.744634747505188,0.2926020622253418,2.2770304679870605,0.0
0,97,None,False,"15,51,10,73,89,78,126,124,61,131",1.0222307443618774,-2.232438087463379,-1.1238316297531128,-1.10465407371521,7.999029636383057,4.942312717437744,0.018755584955215454,0.0,0.0,0.018755584955215454,0.029688239097595215,-0.01093265414237976,0.3323219120502472,0.0,0.5651971697807312,0.2308347076177597,2.2770304679870605,0.0
0,98,None,False,"15,51,10,73,89,78,126,124,61,131",1.0839805603027344,-1.699912190437317,-1.0869483947753906,-0.8124445080757141,7.9992265701293945,5.889776706695557,0.03086606226861477,0.0,0.0,0.03086606226861477,0.033661723136901855,-0.0027956608682870865,0.3392847180366516,0.0,0.5952971577644348,0.33705323934555054,2.2770304679870605,0.0
0,99,None,False,"15,51,10,73,89,78,126,124,61,131",1.067871332168579,-2.0893423557281494,-1.027014970779419,-0.8693445324897766,7.999345779418945,3.753967761993408,0.035851407796144485,0.0,0.0,0.035851407796144485,0.04076051712036133,-0.004909109324216843,0.3629748523235321,0.0,0.723714292049408,0.3717093765735626,2.2770304679870605,0.0
0,100,Schedule,True,"22,126,30,108,37,77,60,53,33,117",1.0462489128112793,-1.8556574583053589,-1.0170660018920898,-1.0641933679580688,7.998930931091309,4.871825695037842,0.011359232477843761,0.008999999761581421,0.26999999284744264,-0.26764076948165894,0.023769617080688477,-0.2914103865623474,-2.989076852798462,-14.873661994934082,0.7130067944526672,0.29368746280670166,2.2770304679870605,0.0
0,101,None,False,"22,126,30,108,37,77,60,53,33,117",1.0800219774246216,-2.334049940109253,-1.008226752281189,-0.9574729204177856,7.998961925506592,6.093924522399902,0.0038115798961371183,0.0,0.0,0.0038115798961371183,0.021952509880065918,-0.01814093068242073,-0.0827111080288887,0.0,0.6917110085487366,0.3115515112876892,2.2770304679870605,0.0
0,102,None,False,"22,126,30,108,37,77,60,53,33,117",0.9911420345306396,-2.181792974472046,-1.07642662525177,-0.8993487358093262,7.999297618865967,4.651672840118408,0.004785758443176746,0.0,0.0,0.004785758443176746,0.011499404907226562,-0.006713646464049816,0.17618930339813232,0.0,0.6942835450172424,0.29390278458595276,2.2770304679870605,0.0
0,103,None,False,"22,126,30,108,37,77,60,53,33,117",1.0414987802505493,-1.8390411138534546,-0.9799150228500366,-1.0914016962051392,7.999172210693359,5.250241279602051,0.017116164788603783,0.0,0.0,0.017116164788603783,0.011912226676940918,0.005203938111662865,0.5189678072929382,0.0,0.7964271306991577,0.28671541810035706,2.2770304679870605,0.0
0,104,None,False,"22,126,30,108,37,77,60,53,33,117",1.0368870496749878,-1.9298676252365112,-0.9790366291999817,-0.9324984550476074,7.999368190765381,3.578369140625,0.014233541674911976,0.0,0.0,0.014233541674911976,0.004590034484863281,0.009643507190048695,0.4386559724807739,0.0,0.7475945949554443,0.35340481996536255,2.2770304679870605,0.0
0,105,None,False,"22,126,30,108,37,77,60,53,33,117",1.0295060873031616,-2.1413683891296387,-1.1011593341827393,-0.7346251606941223,7.999151229858398,4.8812103271484375,0.006716495845466852,0.0,0.0,0.006716495845466852,0.004304409027099609,0.002412086818367243,0.30966100096702576,0.0,0.7089107036590576,0.37680482864379883,2.2770304679870605,0.0
0,106,None,False,"22,126,30,108,37,77,60,53,33,117",1.0337342023849487,-1.8863023519515991,-0.9874871969223022,-1.1123031377792358,7.999585151672363,5.450737953186035,0.03190113231539726,0.0,0.0,0.03190113231539726,0.011382818222045898,0.020518314093351364,0.5432747602462769,0.0,0.6929075717926025,0.38504758477211,2.2770304679870605,0.0
0,107,None,False,"22,126,30,108,37,77,60,53,33,117",1.107231616973877,-1.9897104501724243,-1.0170178413391113,-1.0821037292480469,7.999252796173096,3.8082568645477295,0.035924218595027924,0.0,0.0,0.035924218595027924,0.028179168701171875,0.007745049893856049,0.44372761249542236,0.0,0.8068356513977051,0.3823901414871216,2.2770304679870605,0.0
0,108,None,False,"22,126,30,108,37,77,60,53,33,117",1.0818506479263306,-1.9506306648254395,-1.0997154712677002,-0.8600451350212097,7.999327659606934,3.7504220008850098,0.027225876227021217,0.0,0.0,0.027225876227021217,0.022061705589294434,0.005164170637726784,0.4107947051525116,0.0,0.7393917441368103,0.3547744154930115,2.2770304679870605,0.0
0,109,None,False,"22,126,30,108,37,77,60,53,33,117",0.9782821536064148,-2.003469944000244,-1.1512781381607056,-0.9413619041442871,7.999258041381836,4.026820659637451,0.0238206684589386,0.0,0.0,0.0238206684589386,0.02290356159210205,0.0009171068668365479,0.24526304006576538,0.0,0.811968982219696,0.4120054244995117,2.2770304679870605,0.0
0,110,None,False,"22,126,30,108,37,77,60,53,33,117",1.0205023288726807,-1.9461822509765625,-0.87531977891922,-0.9252980947494507,7.999351978302002,4.001039505004883,0.014735233969986439,0.0,0.0,0.014735233969986439,0.014943480491638184,-0.00020824652165174484,-0.11040688306093216,0.0,0.7036470174789429,0.344893217086792,2.2770304679870605,0.0
0,111,None,False,"22,126,30,108,37,77,60,53,33,117",1.038678765296936,-2.127531051635742,-0.9999109506607056,-0.9799624681472778,7.999363899230957,2.673123836517334,0.0014200567966327071,0.0,0.0,0.0014200567966327071,0.005183577537536621,-0.003763520624488592,0.24982695281505585,0.0,0.7063817977905273,0.3656792640686035,2.2770304679870605,0.0
0,112,None,False,"22,126,30,108,37,77,60,53,33,117",1.0643965005874634,-1.926186203956604,-1.1169670820236206,-0.9268829226493835,7.998930931091309,3.9137117862701416,-0.0035178721882402897,0.0,0.0,-0.0035178721882402897,0.0015915632247924805,-0.00510943541303277,0.2615080177783966,0.0,0.6108438968658447,0.31895768642425537,2.2770304679870605,0.0
0,113,None,False,"22,126,30,108,37,77,60,53,33,117",1.002602458000183,-2.0109643936157227,-1.068759560585022,-0.8287454843521118,7.999521732330322,4.263898849487305,-0.0013891219859942794,0.0,0.0,-0.0013891219859942794,0.0036797523498535156,-0.005068874452263117,0.27485790848731995,0.0,0.5619007349014282,0.23880527913570404,2.2770304679870605,0.0
0,114,Schedule,True,"137,130,93,78,121,120,21,109,54,81",0.974605143070221,-2.050647020339966,-1.1243360042572021,-1.112645149230957,7.999226093292236,5.881375789642334,0.006443798542022705,0.01,0.3,-0.3035562038421631,0.005321025848388672,-0.30887722969055176,-2.8622236251831055,-14.244275093078613,0.5188814997673035,0.27789056301116943,2.2770304679870605,0.0
0,115,None,False,"137,130,93,78,121,120,21,109,54,81",1.074512243270874,-1.8617802858352661,-0.9447609186172485,-0.9801036715507507,7.999497413635254,5.1243462562561035,0.023853396996855736,0.0,0.0,0.023853396996855736,0.024676084518432617,-0.0008226875215768814,0.31703484058380127,0.0,0.5154187083244324,0.2925419807434082,2.2770304679870605,0.0
0,116,None,False,"137,130,93,78,121,120,21,109,54,81",1.03156316280365,-2.1008994579315186,-1.095719337463379,-0.9333558678627014,7.999366760253906,4.294823169708252,0.03532906621694565,0.0,0.0,0.03532906621694565,0.031354427337646484,0.003974638879299164,0.3013538122177124,0.0,0.5527869462966919,0.22806313633918762,2.2770304679870605,0.0
0,117,None,False,"137,130,93,78,121,120,21,109,54,81",1.0289504528045654,-1.8654314279556274,-0.8548105955123901,-0.825746476650238,7.999285697937012,4.727531433105469,0.03210676461458206,0.0,0.0,0.03210676461458206,0.026105642318725586,0.006001122295856476,0.44841304421424866,0.0,0.49845990538597107,0.23007799685001373,2.2770304679870605,0.0
0,118,None,False,"137,130,93,78,121,120,21,109,54,81",1.071943998336792,-2.1637160778045654,-1.0828635692596436,-0.7548288106918335,7.999096870422363,5.577439308166504,0.019687796011567116,0.0,0.0,0.019687796011567116,0.02117002010345459,-0.001482224091887474,0.3006708323955536,0.0,0.4172590672969818,0.23442783951759338,2.2770304679870605,0.0
0,119,None,False,"137,130,93,78,121,120,21,109,54,81",1.056907057762146,-2.1135671138763428,-0.8320005536079407,-0.9575265645980835,7.9993462562561035,3.5292065143585205,0.016944164410233498,0.0,0.0,0.016944164410233498,0.011930704116821289,0.0050134602934122086,0.37884607911109924,0.0,0.4296654760837555,0.24041445553302765,2.2770304679870605,0.0
0,120,None,False,"137,130,93,78,121,120,21,109,54,81",1.0720694065093994,-2.088773488998413,-1.1268601417541504,-0.8925532102584839,7.999068260192871,4.688342571258545,0.018028074875473976,0.0,0.0,0.018028074875473976,0.009580612182617188,0.008447462692856789,0.4827571511268616,0.0,0.38406041264533997,0.24878627061843872,2.2770304679870605,0.0
0,121,None,False,"137,130,93,78,121,120,21,109,54,81",1.1156799793243408,-1.9321258068084717,-0.6482548713684082,-1.2633482217788696,7.999493598937988,5.241613864898682,0.012301182374358177,0.0,0.0,0.012301182374358177,0.008851408958435059,0.0034497734159231186,0.4313303530216217,0.0,0.3790578842163086,0.23582610487937927,2.2770304679870605,0.0
0,122,None,False,"137,130,93,78,121,120,21,109,54,81",1.0678006410598755,-2.109515428543091,-1.159169316291809,-0.8522585034370422,7.999438285827637,4.944437503814697,0.012812095694243908,0.0,0.0,0.012812095694243908,0.009927153587341309,0.0028849421069025993,0.360397070646286,0.0,0.5018632411956787,0.23848167061805725,2.2770304679870605,0.0
0,123,None,False,"137,130,93,78,121,120,21,109,54,81",1.0767011642456055,-2.0601212978363037,-1.133396863937378,-0.673477053642273,7.999163627624512,3.8660762310028076,0.014848476275801659,0.0,0.0,0.014848476275801659,0.014465689659118652,0.0003827866166830063,0.2815154194831848,0.0,0.5068364143371582,0.22933244705200195,2.2770304679870605,0.0
0,124,None,False,"137,130,93,78,121,120,21,109,54,81",0.9798826575279236,-1.9984368085861206,-1.1378382444381714,-0.8951345682144165,7.999321460723877,5.407380104064941,0.026531273499131203,0.0,0.0,0.026531273499131203,0.02477264404296875,0.0017586294561624527,0.23898473381996155,0.0,0.5878015756607056,0.22722715139389038,2.2770304679870605,0.0
0,125,None,False,"137,130,93,78,121,120,21,109,54,81",1.0639498233795166,-1.9571219682693481,-1.0486260652542114,-0.8868330121040344,7.999345302581787,4.066468238830566,0.030651962384581566,0.0,0.0,0.030651962384581566,0.024372220039367676,0.00627974234521389,0.4017845392227173,0.0,0.48097896575927734,0.20785807073116302,2.2770304679870605,0.0
0,126,None,False,"137,130,93,78,121,120,21,109,54,81",0.9100480079650879,-2.1605982780456543,-1.158728837966919,-0.9514309167861938,7.999409198760986,4.99072265625,0.03624711558222771,0.0,0.0,0.03624711558222771,0.015082478523254395,0.021164637058973312,0.6449732184410095,0.0,0.5894337892532349,0.2508556842803955,2.2770304679870605,0.0
0,127,None,False,"137,130,93,78,121,120,21,109,54,81",1.0335835218429565,-2.2996740341186523,-1.017997145652771,-1.010718822479248,7.999046325683594,6.050796031951904,0.07181322574615479,0.0,0.0,0.07181322574615479,0.02168118953704834,0.050132036209106445,0.8964002132415771,0.0,0.6510206460952759,0.2543601989746094,2.2770304679870605,0.0
