batch_idx,timestep,trigger,rebalanced,selected_stocks,risk_eta,dir_logit_bear,dir_logit_side,dir_logit_bull,c_mkt_norm,c_mkt_diff,raw_return,turnover_penalty,symdiff_penalty,net_reward,baseline,advantage,advantage_norm,pg_loss,risk_loss,dir_loss,grad_norm,skipped_update
0,0,Schedule | Regime Shift (Initial),True,"30,108,58,66,115,37,97,18,10,50",1.097214698791504,-1.872305154800415,-1.294331431388855,-0.6066930294036865,7.999809265136719,0.0,0.017299849539995193,0.0,0.0,0.017299849539995193,0.014465689659118652,0.002834159880876541,0.21840408444404602,1.0336443185806274,0.5373024344444275,0.3415454030036926,2.7323880195617676,0.0
0,1,None,False,"30,108,58,66,115,37,97,18,10,50",1.0555037260055542,-2.3261375427246094,-1.3491909503936768,-0.7201536893844604,7.999699592590332,5.836601734161377,0.022216135635972023,0.0,0.0,0.022216135635972023,0.02477264404296875,-0.002556508406996727,0.233476921916008,0.0,0.7775317430496216,0.33278363943099976,2.7323880195617676,0.0
0,2,None,False,"30,108,58,66,115,37,97,18,10,50",1.1470296382904053,-1.7635295391082764,-1.032224416732788,-0.9866312742233276,7.999752998352051,5.477145671844482,0.023660147562623024,0.0,0.0,0.023660147562623024,0.024372220039367676,-0.0007120724767446518,0.050356678664684296,0.0,0.782505214214325,0.4259617328643799,2.7323880195617676,0.0
0,3,None,False,"30,108,58,66,115,37,97,18,10,50",1.1106913089752197,-2.1712398529052734,-1.356170892715454,-0.5764526128768921,7.999764919281006,4.7769880294799805,0.023348737508058548,0.0,0.0,0.023348737508058548,0.015082478523254395,0.008266258984804153,0.3478798568248749,0.0,0.9469917416572571,0.4146231412887573,2.7323880195617676,0.0
0,4,None,False,"30,108,58,66,115,37,97,18,10,50",1.10103178024292,-1.9917937517166138,-0.9453569650650024,-0.7399579286575317,7.999765396118164,6.085535526275635,0.039367884397506714,0.0,0.0,0.039367884397506714,0.02168118953704834,0.017686694860458374,0.5814405083656311,0.0,0.9215143322944641,0.4501801133155823,2.7323880195617676,0.0
0,5,None,False,"30,108,58,66,115,37,97,18,10,50",1.089285969734192,-1.95693039894104,-1.1551626920700073,-0.7204703688621521,7.999819755554199,4.428886413574219,0.036213796585798264,0.0,0.0,0.036213796585798264,0.021342158317565918,0.014871638268232346,0.6086838841438293,0.0,0.9653037190437317,0.4663454592227936,2.7323880195617676,0.0
0,6,None,False,"30,108,58,66,115,37,97,18,10,50",1.0912024974822998,-1.9722075462341309,-1.2640182971954346,-0.6844443082809448,7.999764919281006,2.9181463718414307,0.04929779842495918,0.0,0.0,0.04929779842495918,0.016625165939331055,0.03267263248562813,1.0217220783233643,0.0,0.9765889644622803,0.46007248759269714,2.7323880195617676,0.0
0,7,None,False,"30,108,58,66,115,37,97,18,10,50",1.139158844947815,-1.7945685386657715,-0.8595848083496094,-0.8378785848617554,7.999819755554199,4.030028820037842,0.022729117423295975,0.0,0.0,0.022729117423295975,0.004214882850646973,0.018514234572649002,0.8185036778450012,0.0,0.8842052221298218,0.44171279668807983,2.7323880195617676,0.0
0,8,None,False,"30,108,58,66,115,37,97,18,10,50",1.103594183921814,-1.9049893617630005,-0.9598434567451477,-0.8357726335525513,7.999817371368408,3.9236133098602295,0.021245384588837624,0.0,0.0,0.021245384588837624,0.010186076164245605,0.011059308424592018,0.47661155462265015,0.0,0.9789190292358398,0.4691121578216553,2.7323880195617676,0.0
0,9,None,False,"30,108,58,66,115,37,97,18,10,50",1.0948517322540283,-2.0178160667419434,-1.3430966138839722,-0.5214440822601318,7.999823093414307,4.490980625152588,0.010912900790572166,0.0,0.0,0.010912900790572166,0.008364081382751465,0.0025488194078207016,0.240406334400177,0.0,1.0160138607025146,0.5292247533798218,2.7323880195617676,0.0
0,10,None,False,"30,108,58,66,115,37,97,18,10,50",1.1444635391235352,-2.195831060409546,-1.298495888710022,-0.7490862011909485,7.9997382164001465,4.28594446182251,0.00538784870877862,0.0,0.0,0.00538784870877862,0.007823944091796875,-0.0024360953830182552,0.2791866958141327,0.0,1.082064151763916,0.5119435787200928,2.7323880195617676,0.0
0,11,None,False,"30,108,58,66,115,37,97,18,10,50",1.102568507194519,-2.1244213581085205,-1.116698980331421,-0.6728459596633911,7.999795913696289,4.440526008605957,-0.0007440865156240761,0.0,0.0,-0.0007440865156240761,0.008397698402404785,-0.009141785092651844,0.09602069854736328,0.0,1.0292203426361084,0.45100730657577515,2.7323880195617676,0.0
0,12,None,False,"30,108,58,66,115,37,97,18,10,50",0.9827062487602234,-1.8309881687164307,-1.225964069366455,-0.7242769002914429,7.9996514320373535,6.619480133056641,0.016153043136000633,0.0,0.0,0.016153043136000633,0.016896486282348633,-0.0007434431463479996,0.3015909790992737,0.0,0.99868243932724,0.4357810616493225,2.7323880195617676,0.0
0,13,None,False,"30,108,58,66,115,37,97,18,10,50",1.117532730102539,-1.914339303970337,-1.1793962717056274,-0.5427526235580444,7.999800205230713,7.529566764831543,0.013594090938568115,0.0,0.0,0.013594090938568115,0.023203611373901367,-0.009609520435333252,0.2308027148246765,0.0,1.1743961572647095,0.5085219740867615,2.7323880195617676,0.0
0,14,Schedule,True,"68,76,133,131,100,92,55,6,118,19",1.047956109046936,-1.8469995260238647,-0.6718965172767639,-0.8386703729629517,7.999707221984863,7.033875942230225,0.029770631343126297,0.056666666666666664,0.11333333333333333,-0.14022937417030334,0.02707076072692871,-0.16730013489723206,-0.8822267055511475,-4.431352138519287,1.131675362586975,0.4416210651397705,2.7323880195617676,0.0
0,15,None,False,"68,76,133,131,100,92,55,6,118,19",1.0703728199005127,-1.9297208786010742,-1.1288938522338867,-0.7058850526809692,7.999813556671143,4.996613502502441,0.010034906677901745,0.0,0.0,0.010034906677901745,0.01188671588897705,-0.001851809211075306,0.15500380098819733,0.0,0.9077885746955872,0.38359886407852173,2.7323880195617676,0.0
0,16,None,False,"68,76,133,131,100,92,55,6,118,19",1.0612986087799072,-2.032231092453003,-1.2928566932678223,-0.6639869213104248,7.999768257141113,2.9832935333251953,-0.006671100854873657,0.0,0.0,-0.006671100854873657,-0.0051239728927612305,-0.0015471279621124268,0.14030738174915314,0.0,0.8221360445022583,0.38141220808029175,2.7323880195617676,0.0
0,17,None,False,"68,76,133,131,100,92,55,6,118,19",1.0690959692001343,-1.8190172910690308,-1.1419532299041748,-0.6092207431793213,7.999793529510498,4.40626859664917,-0.007975715212523937,0.0,0.0,-0.007975715212523937,-0.0038726329803466797,-0.0041030822321772575,0.13801632821559906,0.0,0.7501517534255981,0.3148091733455658,2.7323880195617676,0.0
0,18,None,False,"68,76,133,131,100,92,55,6,118,19",1.0728803873062134,-1.9984583854675293,-1.1935771703720093,-0.5803364515304565,7.999768257141113,3.343320369720459,-0.022889811545610428,0.0,0.0,-0.022889811545610428,-0.007268011569976807,-0.015621799975633621,0.13909587264060974,0.0,0.7256238460540771,0.3807080388069153,2.7323880195617676,0.0
0,19,None,False,"68,76,133,131,100,92,55,6,118,19",1.0685572624206543,-1.9361761808395386,-1.2167587280273438,-0.8362340927124023,7.999818325042725,5.064361572265625,-0.03542066365480423,0.0,0.0,-0.03542066365480423,-0.012857675552368164,-0.022562988102436066,-0.049079615622758865,0.0,0.810803234577179,0.4043163061141968,2.7323880195617676,0.0
0,20,None,False,"68,76,133,131,100,92,55,6,118,19",1.0897201299667358,-1.9577915668487549,-1.2336277961730957,-0.7345253229141235,7.999815940856934,3.2036452293395996,-0.025387877598404884,0.0,0.0,-0.025387877598404884,-0.0015456080436706543,-0.02384226955473423,-0.3465521037578583,0.0,0.6979683041572571,0.3090686798095703,2.7323880195617676,0.0
0,21,None,False,"68,76,133,131,100,92,55,6,118,19",1.0175113677978516,-2.015591621398926,-1.3823211193084717,-0.7287914752960205,7.999765872955322,4.482232570648193,-0.022889334708452225,0.0,0.0,-0.022889334708452225,-0.003858029842376709,-0.019031304866075516,-0.4183903932571411,0.0,0.700206458568573,0.3966909945011139,2.7323880195617676,0.0
0,22,None,False,"68,76,133,131,100,92,55,6,118,19",0.9465142488479614,-2.112285852432251,-1.1602636575698853,-0.6820327043533325,7.999636650085449,7.127082347869873,-0.01649222895503044,0.0,0.0,-0.01649222895503044,-0.014763593673706055,-0.0017286352813243866,0.17479237914085388,0.0,0.7870939373970032,0.380375474691391,2.7323880195617676,0.0
0,23,None,False,"68,76,133,131,100,92,55,6,118,19",1.1484582424163818,-1.71867835521698,-1.0134087800979614,-0.9670654535293579,7.999782085418701,7.452873706817627,-0.011940574273467064,0.0,0.0,-0.011940574273467064,-0.022024154663085938,0.010083580389618874,0.47651174664497375,0.0,0.9815151691436768,0.3904472887516022,2.7323880195617676,0.0
0,24,None,False,"68,76,133,131,100,92,55,6,118,19",1.1205235719680786,-1.874153971672058,-1.0909850597381592,-0.8100372552871704,7.999802589416504,3.0178613662719727,-0.006328475661575794,0.0,0.0,-0.006328475661575794,-0.02499157190322876,0.01866309717297554,0.6575812101364136,0.0,0.8266482353210449,0.3906901478767395,2.7323880195617676,0.0
0,25,None,False,"68,76,133,131,100,92,55,6,118,19",1.1463676691055298,-2.1140196323394775,-0.9870450496673584,-1.1332952976226807,7.999619007110596,4.408962726593018,-0.00022052526765037328,0.0,0.0,-0.00022052526765037328,-0.03321337699890137,0.03299285098910332,1.9160417318344116,0.0,0.9351550936698914,0.36585330963134766,2.7323880195617676,0.0
0,26,None,False,"68,76,133,131,100,92,55,6,118,19",1.086422085762024,-2.0492985248565674,-1.1403307914733887,-0.8995108604431152,7.999806880950928,4.8565168380737305,0.0066082836128771305,0.0,0.0,0.0066082836128771305,-0.02327960729598999,0.029887890443205833,1.0777074098587036,0.0,0.9464517831802368,0.3823493719100952,2.7323880195617676,0.0
0,27,Struct Break (DC),True,"43,14,65,138,93,124,73,91,23,84",1.0774726867675781,-2.1248390674591064,-1.1672556400299072,-0.8260108232498169,7.99979829788208,4.886358737945557,0.006848835851997137,0.056666666666666664,0.11333333333333333,-0.16315117478370667,-0.005807220935821533,-0.15734395384788513,-3.2878451347351074,-16.363473892211914,0.9143790006637573,0.47256535291671753,2.7323880195617676,0.0
0,28,None,False,"43,14,65,138,93,124,73,91,23,84",1.1085059642791748,-2.165118455886841,-1.1442489624023438,-0.8950854539871216,7.999807834625244,3.5165724754333496,0.013779896311461926,0.0,0.0,0.013779896311461926,0.01138150691986084,0.0023983893916010857,0.7865899801254272,0.0,0.9760472774505615,0.44462722539901733,2.7323880195617676,0.0
0,29,None,False,"43,14,65,138,93,124,73,91,23,84",1.0127224922180176,-1.8995616436004639,-1.2535755634307861,-0.8389606475830078,7.999764919281006,3.53601336479187,0.012362843379378319,0.0,0.0,0.012362843379378319,0.01322793960571289,-0.0008650962263345718,0.23255081474781036,0.0,0.9180697202682495,0.4104447364807129,2.7323880195617676,0.0
0,30,None,False,"43,14,65,138,93,124,73,91,23,84",1.1653270721435547,-2.254081964492798,-1.1622769832611084,-0.7253851890563965,7.999782085418701,5.330060005187988,0.029603630304336548,0.0,0.0,0.029603630304336548,0.028043270111083984,0.0015603601932525635,0.16571830213069916,0.0,0.8921438455581665,0.39588236808776855,2.7323880195617676,0.0
0,31,None,False,"43,14,65,138,93,124,73,91,23,84",1.0958328247070312,-1.8092139959335327,-0.9953123331069946,-0.8661624789237976,7.999820709228516,5.056159973144531,0.026149099692702293,0.0,0.0,0.026149099692702293,0.03877890110015869,-0.012629801407456398,-0.11944518238306046,0.0,0.9050995111465454,0.37094753980636597,2.7323880195617676,0.0
0,32,None,False,"43,14,65,138,93,124,73,91,23,84",1.0430057048797607,-2.0604987144470215,-0.8418872952461243,-0.8048433065414429,7.999729156494141,5.396121501922607,0.018943315371870995,0.0,0.0,0.018943315371870995,0.030022740364074707,-0.011079424992203712,-0.04341095685958862,0.0,0.645463228225708,0.3631126880645752,2.7323880195617676,0.0
0,33,None,False,"43,14,65,138,93,124,73,91,23,84",1.0913197994232178,-2.00152850151062,-1.121451735496521,-0.7986664772033691,7.999804496765137,4.474212169647217,0.011879568919539452,0.0,0.0,0.011879568919539452,0.011586308479309082,0.00029326044023036957,0.4339882731437683,0.0,0.7612038254737854,0.4084032475948334,2.7323880195617676,0.0
0,34,None,False,"43,14,65,138,93,124,73,91,23,84",1.1292685270309448,-1.8383235931396484,-1.082327961921692,-0.6942561864852905,7.999817371368408,3.0160939693450928,0.020521897822618484,0.0,0.0,0.020521897822618484,0.013164043426513672,0.007357854396104813,0.41119185090065,0.0,0.6987829208374023,0.38691332936286926,2.7323880195617676,0.0
0,35,None,False,"43,14,65,138,93,124,73,91,23,84",1.0808067321777344,-2.225992202758789,-1.0831533670425415,-0.7386906743049622,7.999763488769531,5.171253681182861,0.02105150744318962,0.0,0.0,0.02105150744318962,0.013614773750305176,0.007436733692884445,0.4975667893886566,0.0,0.5936235189437866,0.3112896978855133,2.7323880195617676,0.0
0,36,None,False,"43,14,65,138,93,124,73,91,23,84",1.0485671758651733,-2.271430253982544,-1.2157585620880127,-0.9875894784927368,7.999800682067871,5.969277858734131,0.024406999349594116,0.0,0.0,0.024406999349594116,0.016050100326538086,0.00835689902305603,0.5472754240036011,0.0,0.5804210305213928,0.3304566740989685,2.7323880195617676,0.0
0,37,None,False,"43,14,65,138,93,124,73,91,23,84",1.1513392925262451,-2.032545328140259,-1.0810909271240234,-0.8490298390388489,7.999817848205566,4.902163028717041,0.0169520266354084,0.0,0.0,0.0169520266354084,0.013165116310119629,0.0037869103252887726,0.40037110447883606,0.0,0.557864248752594,0.3155915439128876,2.7323880195617676,0.0
0,38,None,False,"43,14,65,138,93,124,73,91,23,84",1.1047769784927368,-2.027517557144165,-1.1664950847625732,-0.7021799087524414,7.999833106994629,3.6437337398529053,0.0033951043151319027,0.0,0.0,0.0033951043151319027,-0.000662684440612793,0.004057788755744696,0.3017919659614563,0.0,0.47295767068862915,0.31836891174316406,2.7323880195617676,0.0
0,39,None,False,"43,14,65,138,93,124,73,91,23,84",1.0921564102172852,-1.9395183324813843,-1.2822006940841675,-0.6522732973098755,7.999814510345459,3.301342248916626,-0.018499935045838356,0.0,0.0,-0.018499935045838356,-0.006643772125244141,-0.011856162920594215,-0.8050272464752197,0.0,0.5862499475479126,0.34449294209480286,2.7323880195617676,0.0
0,40,None,False,"43,14,65,138,93,124,73,91,23,84",1.0973801612854004,-1.991685152053833,-1.1505128145217896,-0.738006591796875,7.999730587005615,4.752010345458984,-0.02279980108141899,0.0,0.0,-0.02279980108141899,-0.01507711410522461,-0.007722686976194382,0.05823707580566406,0.0,0.5848149657249451,0.30356651544570923,2.7323880195617676,0.0
0,41,Schedule,True,"83,73,108,139,19,30,39,32,75,134",1.080143928527832,-1.8662227392196655,-1.0156745910644531,-0.8868973255157471,7.999785423278809,4.270280361175537,-0.01723431423306465,0.05099999864896138,0.10199999729792276,-0.1702343076467514,-0.013956248760223389,-0.15627805888652802,-3.6202805042266846,-18.010709762573242,0.5287229418754578,0.3235008716583252,2.7323880195617676,0.0
0,42,None,False,"83,73,108,139,19,30,39,32,75,134",1.0049113035202026,-2.1696979999542236,-1.2481625080108643,-0.6955174207687378,7.999749183654785,6.479964733123779,0.001093786908313632,0.0,0.0,0.001093786908313632,-0.014081120491027832,0.015174907632172108,0.7109766602516174,0.0,0.413662850856781,0.3232857286930084,2.7323880195617676,0.0
0,43,None,False,"83,73,108,139,19,30,39,32,75,134",1.0933829545974731,-1.7620337009429932,-0.9479080438613892,-0.8139393329620361,7.9997782707214355,5.307186603546143,0.028086716309189796,0.0,0.0,0.028086716309189796,0.004176616668701172,0.023910099640488625,0.6762722134590149,0.0,0.4867899417877197,0.35425713658332825,2.7323880195617676,0.0
0,44,None,False,"83,73,108,139,19,30,39,32,75,134",1.1259162425994873,-2.0246593952178955,-1.2984224557876587,-0.8542059063911438,7.999711990356445,6.265501499176025,0.007908863015472889,0.0,0.0,0.007908863015472889,-0.005769193172454834,0.013678056187927723,0.5031562447547913,0.0,0.6067559123039246,0.338779091835022,2.7323880195617676,0.0
0,45,None,False,"83,73,108,139,19,30,39,32,75,134",1.039802074432373,-2.1057703495025635,-1.0754547119140625,-0.6738036870956421,7.999790668487549,5.155754566192627,-0.002197265625,0.0,0.0,-0.002197265625,-0.000847935676574707,-0.001349329948425293,0.2464490383863449,0.0,0.815343976020813,0.3151823878288269,2.7323880195617676,0.0
0,46,None,False,"83,73,108,139,19,30,39,32,75,134",1.085369348526001,-1.7975465059280396,-1.039855718612671,-0.8214356899261475,7.999786376953125,3.865600347518921,-0.017209535464644432,0.0,0.0,-0.017209535464644432,-0.011947154998779297,-0.005262380465865135,0.1746731996536255,0.0,0.796231746673584,0.3192509412765503,2.7323880195617676,0.0
0,47,None,False,"83,73,108,139,19,30,39,32,75,134",1.059850811958313,-2.17571759223938,-1.3853425979614258,-0.6465827822685242,7.9997382164001465,6.63611364364624,-0.03584156557917595,0.0,0.0,-0.03584156557917595,-0.015515267848968506,-0.020326297730207443,0.1679658740758896,0.0,0.7160192728042603,0.3484172821044922,2.7323880195617676,0.0
0,48,None,False,"83,73,108,139,19,30,39,32,75,134",1.0650150775909424,-2.0546681880950928,-1.039426326751709,-0.7009543180465698,7.999806880950928,5.134783744812012,-0.04929756373167038,0.0,0.0,-0.04929756373167038,-0.016587018966674805,-0.032710544764995575,-0.3550560474395752,0.0,0.7313954830169678,0.33276838064193726,2.7323880195617676,0.0
0,49,None,False,"83,73,108,139,19,30,39,32,75,134",1.1044461727142334,-1.9406592845916748,-0.9989204406738281,-0.7881244421005249,7.999773979187012,4.900691986083984,-0.026129741221666336,0.0,0.0,-0.026129741221666336,-0.003695547580718994,-0.022434193640947342,0.0017447572899982333,0.0,0.5472484827041626,0.31797704100608826,2.7323880195617676,0.0
0,50,None,False,"83,73,108,139,19,30,39,32,75,134",1.0612740516662598,-1.9512602090835571,-1.114296793937683,-0.8508363962173462,7.999744415283203,5.492432117462158,-0.016273653134703636,0.0,0.0,-0.016273653134703636,-0.004838109016418457,-0.01143554411828518,0.23884068429470062,0.0,0.6807994842529297,0.3394366204738617,2.7323880195617676,0.0
0,51,Struct Break (DC),True,"66,123,52,13,93,127,40,41,30,57",1.1020065546035767,-2.155785322189331,-1.1056302785873413,-0.7255516052246094,7.999723434448242,5.259857177734375,0.009356403723359108,0.05099999864896138,0.10199999729792276,-0.1436435878276825,0.003512740135192871,-0.14715632796287537,-2.3372416496276855,-11.656906127929688,0.4429354667663574,0.3425709903240204,2.7323880195617676,0.0
0,52,None,False,"66,123,52,13,93,127,40,41,30,57",1.0565292835235596,-2.3936948776245117,-1.3933823108673096,-0.6924059987068176,7.999770164489746,5.584798336029053,0.008997445926070213,0.0,0.0,0.008997445926070213,0.00756072998046875,0.0014367159456014633,0.3419876992702484,0.0,0.645074725151062,0.3970903754234314,2.7323880195617676,0.0
0,53,None,False,"66,123,52,13,93,127,40,41,30,57",1.1265052556991577,-1.81361722946167,-1.0196294784545898,-0.7838951945304871,7.999837875366211,4.5763397216796875,0.007926160469651222,0.0,0.0,0.007926160469651222,0.007462024688720703,0.0004641357809305191,0.0681750476360321,0.0,0.6087559461593628,0.38909757137298584,2.7323880195617676,0.0
0,54,None,False,"66,123,52,13,93,127,40,41,30,57",1.1335772275924683,-2.2542059421539307,-1.1998447179794312,-0.7063009738922119,7.9997334480285645,4.041595935821533,0.009404647164046764,0.0,0.0,0.009404647164046764,0.009378194808959961,2.6452355086803436e-05,0.2929481565952301,0.0,0.541610598564148,0.3922756016254425,2.7323880195617676,0.0
0,55,None,False,"66,123,52,13,93,127,40,41,30,57",1.1118746995925903,-1.9625194072723389,-1.1173540353775024,-0.7124639749526978,7.999780654907227,3.2674975395202637,0.00894477404654026,0.0,0.0,0.00894477404654026,0.01023101806640625,-0.0012862440198659897,0.0854724869132042,0.0,0.7105099558830261,0.3996134400367737,2.7323880195617676,0.0
0,56,None,False,"66,123,52,13,93,127,40,41,30,57",1.0514609813690186,-1.9390171766281128,-0.8708940744400024,-0.7542775869369507,7.9996843338012695,4.525060176849365,0.002451431704685092,0.0,0.0,0.002451431704685092,0.006562709808349609,-0.004111277870833874,0.34580734372138977,0.0,0.8525850772857666,0.39498651027679443,2.7323880195617676,0.0
0,57,None,False,"66,123,52,13,93,127,40,41,30,57",1.1099568605422974,-1.7379705905914307,-1.1142137050628662,-0.799441397190094,7.9997758865356445,5.4943037033081055,0.008379632607102394,0.0,0.0,0.008379632607102394,0.008807897567749023,-0.00042826496064662933,0.16043612360954285,0.0,0.7786397933959961,0.3869403004646301,2.7323880195617676,0.0
0,58,None,False,"66,123,52,13,93,127,40,41,30,57",1.1359437704086304,-2.11582088470459,-1.2044649124145508,-0.8750298023223877,7.999749660491943,4.522723197937012,0.0061528743244707584,0.0,0.0,0.0061528743244707584,0.01199960708618164,-0.005846732761710882,0.03888698294758797,0.0,0.8537011742591858,0.3765496611595154,2.7323880195617676,0.0
0,59,None,False,"66,123,52,13,93,127,40,41,30,57",1.1397883892059326,-1.988663911819458,-1.1697152853012085,-0.6770834922790527,7.999787330627441,5.249928951263428,0.0038133442867547274,0.0,0.0,0.0038133442867547274,0.007746696472167969,-0.003933352418243885,0.2335265427827835,0.0,0.8237683773040771,0.41555747389793396,2.7323880195617676,0.0
0,60,None,False,"66,123,52,13,93,127,40,41,30,57",1.1504884958267212,-2.123702049255371,-1.3751816749572754,-0.5969645977020264,7.999730587005615,5.661676406860352,-0.010387646965682507,0.0,0.0,-0.010387646965682507,-0.003118455410003662,-0.0072691915556788445,0.05232691019773483,0.0,0.7496353387832642,0.3647826015949249,2.7323880195617676,0.0
0,61,None,False,"66,123,52,13,93,127,40,41,30,57",1.0204378366470337,-2.223177909851074,-0.9551486968994141,-0.7202475070953369,7.999763488769531,6.949802875518799,-0.011357259936630726,0.0,0.0,-0.011357259936630726,0.001526474952697754,-0.01288373488932848,0.2188986986875534,0.0,0.8323835134506226,0.34196433424949646,2.7323880195617676,0.0
0,62,None,False,"66,123,52,13,93,127,40,41,30,57",1.1404942274093628,-2.045081615447998,-1.2715201377868652,-0.5831903219223022,7.999802112579346,5.145383358001709,-0.006741833873093128,0.0,0.0,-0.006741833873093128,0.008223414421081543,-0.014965248294174671,-0.12713594734668732,0.0,0.7716402411460876,0.423211932182312,2.7323880195617676,0.0
0,63,None,False,"66,123,52,13,93,127,40,41,30,57",1.0910648107528687,-1.826263427734375,-1.1047565937042236,-0.7535942792892456,7.999786376953125,3.942237138748169,0.004767715930938721,0.0,0.0,0.004767715930938721,0.008160829544067383,-0.003393113613128662,0.11045432090759277,0.0,0.9159897565841675,0.3288688063621521,2.7323880195617676,0.0
0,64,None,False,"66,123,52,13,93,127,40,41,30,57",1.0316317081451416,-2.4696784019470215,-1.1160482168197632,-0.8635300993919373,7.9997053146362305,6.438503265380859,0.0031550168059766293,0.0,0.0,0.0031550168059766293,0.012775182723999023,-0.009620165452361107,0.07256999611854553,0.0,0.868269145488739,0.38175493478775024,2.7323880195617676,0.0
0,65,Schedule,True,"86,5,49,128,99,85,32,102,14,97",1.1514248847961426,-2.080092191696167,-1.130918025970459,-0.794743001461029,7.999771595001221,7.489452362060547,0.02074161171913147,0.056666666666666664,0.11333333333333333,-0.14925839006900787,0.023265361785888672,-0.17252375185489655,-2.6780004501342773,-13.35494327545166,0.8155524730682373,0.39017969369888306,2.7323880195617676,0.0
0,66,None,False,"86,5,49,128,99,85,32,102,14,97",1.0887196063995361,-1.9701908826828003,-1.1928813457489014,-0.8450803160667419,7.999843597412109,5.303354263305664,0.010204458609223366,0.0,0.0,0.010204458609223366,0.015317559242248535,-0.005113100633025169,0.4236447513103485,0.0,0.771725058555603,0.31656140089035034,2.7323880195617676,0.0
0,67,None,False,"86,5,49,128,99,85,32,102,14,97",1.0829811096191406,-1.9700413942337036,-1.3008880615234375,-0.7200174331665039,7.999771595001221,3.937513589859009,-3.069639205932617e-06,0.0,0.0,-3.069639205932617e-06,0.008082151412963867,-0.0080852210521698,0.2440398782491684,0.0,0.6125394105911255,0.3450266122817993,2.7323880195617676,0.0
0,68,None,False,"86,5,49,128,99,85,32,102,14,97",1.120488166809082,-1.672865867614746,-1.147018313407898,-0.8949338793754578,7.9997453689575195,4.915483474731445,-0.0017512202030047774,0.0,0.0,-0.0017512202030047774,0.006798148155212402,-0.008549368008971214,0.29342788457870483,0.0,0.5475776195526123,0.32154378294944763,2.7323880195617676,0.0
0,69,None,False,"86,5,49,128,99,85,32,102,14,97",1.1231682300567627,-2.1581151485443115,-1.1054610013961792,-0.7122212648391724,7.999811172485352,4.27363920211792,-0.01640680432319641,0.0,0.0,-0.01640680432319641,0.00499880313873291,-0.02140560746192932,-0.03888280689716339,0.0,0.731992244720459,0.34498274326324463,2.7323880195617676,0.0
0,70,None,False,"86,5,49,128,99,85,32,102,14,97",1.1087734699249268,-2.2372231483459473,-1.264051914215088,-0.5451983213424683,7.999807834625244,3.3299312591552734,-0.022959941998124123,0.0,0.0,-0.022959941998124123,0.0001621246337890625,-0.023122066631913185,0.04298129677772522,0.0,0.6924127340316772,0.4632259011268616,2.7323880195617676,0.0
0,71,None,False,"86,5,49,128,99,85,32,102,14,97",1.129957914352417,-2.006155252456665,-0.970131516456604,-0.762843132019043,7.999756336212158,4.039201259613037,-0.017581671476364136,0.0,0.0,-0.017581671476364136,0.003574967384338379,-0.021156638860702515,-0.21072904765605927,0.0,0.8301904797554016,0.5174882411956787,2.7323880195617676,0.0
0,72,None,False,"86,5,49,128,99,85,32,102,14,97",1.106845498085022,-1.9932751655578613,-1.0508193969726562,-0.8920479416847229,7.999812126159668,5.167300701141357,-0.02242112159729004,0.0,0.0,-0.02242112159729004,-0.00044661760330200195,-0.021974503993988037,-0.11097058653831482,0.0,0.8700305819511414,0.4853154420852661,2.7323880195617676,0.0
0,73,None,False,"86,5,49,128,99,85,32,102,14,97",1.1105709075927734,-2.0622808933258057,-1.103054165840149,-0.7935548424720764,7.999812126159668,3.0367724895477295,-0.029776811599731445,0.0,0.0,-0.029776811599731445,-0.004588067531585693,-0.025188744068145752,0.09017813205718994,0.0,1.0193158388137817,0.5485926866531372,2.7323880195617676,0.0
0,74,None,False,"86,5,49,128,99,85,32,102,14,97",1.1523137092590332,-2.117434024810791,-0.8865700364112854,-0.7082260251045227,7.999728202819824,4.5382843017578125,-0.02124943770468235,0.0,0.0,-0.02124943770468235,-0.004917502403259277,-0.016331935301423073,0.02018127590417862,0.0,0.9955525398254395,0.5002561211585999,2.7323880195617676,0.0
0,75,None,False,"86,5,49,128,99,85,32,102,14,97",1.0659024715423584,-2.0574564933776855,-1.142638087272644,-0.821918249130249,7.999802589416504,6.162429332733154,-0.01598304510116577,0.0,0.0,-0.01598304510116577,-0.006541609764099121,-0.00944143533706665,0.24846410751342773,0.0,1.2312830686569214,0.48418810963630676,2.7323880195617676,0.0
0,76,None,False,"86,5,49,128,99,85,32,102,14,97",1.0265370607376099,-2.249668598175049,-1.4741508960723877,-0.717902660369873,7.99968147277832,5.6838202476501465,-0.014941370114684105,0.0,0.0,-0.014941370114684105,-0.015154004096984863,0.00021263398230075836,0.35702386498451233,0.0,1.1262602806091309,0.4947139322757721,2.7323880195617676,0.0
0,77,None,False,"86,5,49,128,99,85,32,102,14,97",1.0606404542922974,-1.9358059167861938,-1.3816534280776978,-0.673987865447998,7.999797821044922,4.955811977386475,-0.0002666890504769981,0.0,0.0,-0.0002666890504769981,-0.003763914108276367,0.003497224999591708,0.33320388197898865,0.0,1.0377098321914673,0.5014837384223938,2.7323880195617676,0.0
0,78,None,False,"86,5,49,128,99,85,32,102,14,97",1.1141455173492432,-1.8203314542770386,-1.0789462327957153,-0.847402811050415,7.999807357788086,4.3542561531066895,0.0075629414059221745,0.0,0.0,0.0075629414059221745,-0.004295706748962402,0.01185864768922329,0.48324573040008545,0.0,1.019623041152954,0.520499050617218,2.7323880195617676,0.0
0,79,Schedule,True,"25,104,64,112,43,87,108,8,92,53",1.142195701599121,-2.005627393722534,-1.1063638925552368,-0.8928908109664917,7.999791145324707,4.280089855194092,-0.008894747123122215,0.056666666666666664,0.11333333333333333,-0.1788947582244873,-0.0021712183952331543,-0.17672353982925415,-4.962086200714111,-24.683292388916016,1.1938928365707397,0.45210960507392883,2.7323880195617676,0.0
0,80,None,False,"25,104,64,112,43,87,108,8,92,53",1.1090205907821655,-1.7731170654296875,-1.0701054334640503,-1.0120587348937988,7.9997358322143555,5.2626423835754395,-0.007067829370498657,0.0,0.0,-0.007067829370498657,0.004878640174865723,-0.01194646954536438,0.06600368022918701,0.0,1.058011770248413,0.5264061689376831,2.7323880195617676,0.0
0,81,None,False,"25,104,64,112,43,87,108,8,92,53",1.0978283882141113,-2.297786235809326,-0.9484195709228516,-0.8681908845901489,7.999797821044922,6.707610607147217,-0.0030299187637865543,0.0,0.0,-0.0030299187637865543,0.014352202415466309,-0.017382120713591576,-0.1658100038766861,0.0,1.2137811183929443,0.559007465839386,2.7323880195617676,0.0
0,82,None,False,"25,104,64,112,43,87,108,8,92,53",1.1474592685699463,-2.0022106170654297,-1.0821261405944824,-0.891272246837616,7.999701976776123,5.83173942565918,-0.0025702952407300472,0.0,0.0,-0.0025702952407300472,0.007866621017456055,-0.01043691672384739,0.20756162703037262,0.0,1.0684672594070435,0.5360578894615173,2.7323880195617676,0.0
0,83,None,False,"25,104,64,112,43,87,108,8,92,53",1.0648269653320312,-1.937157392501831,-0.9411735534667969,-0.8794741630554199,7.999776840209961,6.544524192810059,0.0007823586347512901,0.0,0.0,0.0007823586347512901,0.012246489524841309,-0.011464131064713001,-0.001654315390624106,0.0,0.9555342197418213,0.4702970087528229,2.7323880195617676,0.0
0,84,None,False,"25,104,64,112,43,87,108,8,92,53",1.0070394277572632,-2.190408945083618,-1.425408124923706,-0.7065792679786682,7.999746322631836,6.5811686515808105,-0.0024768649600446224,0.0,0.0,-0.0024768649600446224,0.012325286865234375,-0.014802152290940285,-0.14840802550315857,0.0,0.8333867788314819,0.4698840379714966,2.7323880195617676,0.0
0,85,None,False,"25,104,64,112,43,87,108,8,92,53",1.1561777591705322,-1.682968258857727,-1.0051205158233643,-0.717345118522644,7.999748229980469,6.466522216796875,-0.00959119200706482,0.0,0.0,-0.00959119200706482,0.00862133502960205,-0.01821252703666687,0.030916335061192513,0.0,0.8074700832366943,0.3643719553947449,2.7323880195617676,0.0
0,86,None,False,"25,104,64,112,43,87,108,8,92,53",1.1265347003936768,-1.900331974029541,-1.108399748802185,-0.5914796590805054,7.999760627746582,4.211127281188965,-0.0041224719025194645,0.0,0.0,-0.0041224719025194645,0.009335637092590332,-0.01345810852944851,0.3034442067146301,0.0,0.6943682432174683,0.3907172381877899,2.7323880195617676,0.0
0,87,None,False,"25,104,64,112,43,87,108,8,92,53",1.064557433128357,-1.8728935718536377,-1.1164531707763672,-0.7190251350402832,7.999810218811035,5.464051723480225,-0.012560415081679821,0.0,0.0,-0.012560415081679821,0.0036056041717529297,-0.016166020184755325,-0.011436381377279758,0.0,0.7825261950492859,0.46311789751052856,2.7323880195617676,0.0
0,88,None,False,"25,104,64,112,43,87,108,8,92,53",1.0747967958450317,-2.308124542236328,-1.2209773063659668,-0.878868043422699,7.999786376953125,4.956069469451904,-0.0157854612916708,0.0,0.0,-0.0157854612916708,0.000997304916381836,-0.016782766208052635,-0.0946594700217247,0.0,0.9371685981750488,0.4458054304122925,2.7323880195617676,0.0
0,89,None,False,"25,104,64,112,43,87,108,8,92,53",1.107582926750183,-1.7672529220581055,-1.1187025308609009,-1.131983757019043,7.999726295471191,6.33740758895874,-0.016099387779831886,0.0,0.0,-0.016099387779831886,-0.008032739162445068,-0.008066648617386818,0.2777665853500366,0.0,1.0748443603515625,0.4410788118839264,2.7323880195617676,0.0
0,90,None,False,"25,104,64,112,43,87,108,8,92,53",1.0959863662719727,-2.1820132732391357,-0.902665376663208,-0.9849464297294617,7.999769687652588,5.338835716247559,-0.019896049052476883,0.0,0.0,-0.019896049052476883,-0.02416980266571045,0.004273753613233566,0.48977166414260864,0.0,1.0650951862335205,0.4480430483818054,2.7323880195617676,0.0
0,91,None,False,"25,104,64,112,43,87,108,8,92,53",1.076594352722168,-2.2334516048431396,-1.3369114398956299,-0.7704437971115112,7.999810218811035,4.68412971496582,-0.02263237163424492,0.0,0.0,-0.02263237163424492,-0.025134384632110596,0.002502012997865677,0.2915973961353302,0.0,0.8119919896125793,0.42452770471572876,2.7323880195617676,0.0
0,92,None,False,"25,104,64,112,43,87,108,8,92,53",1.0357089042663574,-2.22575044631958,-1.4480664730072021,-0.7798407077789307,7.999621391296387,4.860054969787598,-0.023462438955903053,0.0,0.0,-0.023462438955903053,-0.020337939262390137,-0.0031244996935129166,-0.13010136783123016,0.0,0.8557308316230774,0.45331478118896484,2.7323880195617676,0.0
0,93,Schedule,True,"35,83,113,133,106,85,138,31,107,102",1.059217929840088,-1.8124934434890747,-1.0339843034744263,-0.7876050472259521,7.9997100830078125,6.315454006195068,-0.015038358978927135,0.056666666666666664,0.11333333333333333,-0.18503835797309875,-0.029116034507751465,-0.1559223234653473,-3.343508243560791,-16.651803970336914,0.9204554557800293,0.4343191981315613,2.7323880195617676,0.0
0,94,None,False,"35,83,113,133,106,85,138,31,107,102",1.078885555267334,-2.301913022994995,-1.4461283683776855,-0.6489624977111816,7.999743938446045,6.357403755187988,0.004843664355576038,0.0,0.0,0.004843664355576038,-0.022608458995819092,0.027452122420072556,0.9755663275718689,0.0,1.0920829772949219,0.43427640199661255,2.7323880195617676,0.0
0,95,Struct Break (DC),True,"103,5,0,73,88,126,111,100,32,33",1.085793137550354,-2.0692641735076904,-1.113454818725586,-0.7066746950149536,7.999815464019775,5.526921272277832,-0.03057393990457058,0.056666666666666664,0.11333333333333333,-0.20057395100593567,-0.014813482761383057,-0.1857604682445526,-3.2782135009765625,-16.30198860168457,0.9243413805961609,0.4419217109680176,2.7323880195617676,0.0
0,96,Vol Shock,True,"140,12,26,123,106,78,134,59,2,87",1.1151409149169922,-1.8151812553405762,-0.9690661430358887,-0.8312525749206543,7.999748706817627,4.128161907196045,-0.006292796228080988,0.056666666666666664,0.11333333333333333,-0.1762928068637848,-0.02446889877319336,-0.15182390809059143,-2.3654632568359375,-11.787957191467285,0.8270472288131714,0.33217304944992065,2.7323880195617676,0.0
0,97,Vol Shock,True,"86,56,87,97,60,132,4,29,34,102",1.0632193088531494,-2.0152015686035156,-1.0427744388580322,-0.8223253488540649,7.999792575836182,4.636531352996826,-0.015959108248353004,0.05099999864896138,0.10199999729792276,-0.1689591109752655,-0.026588857173919678,-0.14237025380134583,-2.2811102867126465,-11.37205982208252,0.6367107629776001,0.47712481021881104,2.7323880195617676,0.0
0,98,None,False,"86,56,87,97,60,132,4,29,34,102",1.0226792097091675,-1.9329898357391357,-1.237647294998169,-0.7379447221755981,7.9997878074646,4.374847412109375,-0.021735936403274536,0.0,0.0,-0.021735936403274536,-0.025606870651245117,0.003870934247970581,0.3275071084499359,0.0,0.605852484703064,0.3773496747016907,2.7323880195617676,0.0
0,99,None,False,"86,56,87,97,60,132,4,29,34,102",1.054175615310669,-2.1314210891723633,-1.2940657138824463,-0.6279031038284302,7.999820709228516,2.87520694732666,-0.024307042360305786,0.0,0.0,-0.024307042360305786,-0.017727375030517578,-0.006579667329788208,0.062453560531139374,0.0,0.600496768951416,0.29603463411331177,2.7323880195617676,0.0
0,100,None,False,"86,56,87,97,60,132,4,29,34,102",0.99151211977005,-2.2403006553649902,-1.535085678100586,-0.9300033450126648,7.9996418952941895,5.376308441162109,0.004392468836158514,0.0,0.0,0.004392468836158514,0.004525661468505859,-0.00013319263234734535,0.459570974111557,0.0,0.5849126577377319,0.30136826634407043,2.7323880195617676,0.0
0,101,None,False,"86,56,87,97,60,132,4,29,34,102",1.0487456321716309,-2.295962333679199,-1.0901628732681274,-0.9243113994598389,7.9997639656066895,6.325394153594971,0.03528422862291336,0.0,0.0,0.03528422862291336,0.0164564847946167,0.01882774382829666,0.6729416251182556,0.0,0.5856707096099854,0.39162012934684753,2.7323880195617676,0.0
0,102,None,False,"86,56,87,97,60,132,4,29,34,102",1.1196916103363037,-1.9472817182540894,-1.2200405597686768,-0.6830582022666931,7.999820232391357,4.725234031677246,0.031249631196260452,0.0,0.0,0.031249631196260452,0.02228415012359619,0.00896548107266426,0.5587548613548279,0.0,0.6482976078987122,0.3503355383872986,2.7323880195617676,0.0
0,103,None,False,"86,56,87,97,60,132,4,29,34,102",1.068833827972412,-1.9882862567901611,-1.1111263036727905,-0.7155055999755859,7.999842166900635,2.9461655616760254,0.035065870732069016,0.0,0.0,0.035065870732069016,0.03137040138244629,0.0036954693496227264,0.5441595315933228,0.0,0.6567440032958984,0.37987086176872253,2.7323880195617676,0.0
0,104,None,False,"86,56,87,97,60,132,4,29,34,102",1.0882642269134521,-1.8604044914245605,-1.1384495496749878,-0.6962512731552124,7.999798774719238,4.312283515930176,0.03494664281606674,0.0,0.0,0.03494664281606674,0.02662646770477295,0.008320175111293793,0.528698742389679,0.0,0.5717379450798035,0.37428194284439087,2.7323880195617676,0.0
0,105,None,False,"86,56,87,97,60,132,4,29,34,102",1.139495849609375,-2.23110294342041,-1.1857242584228516,-0.7247645258903503,7.999744892120361,4.464849948883057,0.022343475371599197,0.0,0.0,0.022343475371599197,0.01760697364807129,0.004736501723527908,0.355433851480484,0.0,0.6135612726211548,0.4003913700580597,2.7323880195617676,0.0
0,106,None,False,"86,56,87,97,60,132,4,29,34,102",1.128661036491394,-1.8077095746994019,-1.2490781545639038,-0.6109619140625,7.999772548675537,4.0716047286987305,-0.010274464264512062,0.0,0.0,-0.010274464264512062,0.013752222061157227,-0.02402668632566929,-0.3871995806694031,0.0,0.7984839677810669,0.3960496187210083,2.7323880195617676,0.0
0,107,None,False,"86,56,87,97,60,132,4,29,34,102",1.0615284442901611,-2.20940899848938,-1.2506046295166016,-0.8130302429199219,7.999767303466797,4.762479305267334,-0.015409177169203758,0.0,0.0,-0.015409177169203758,0.014296650886535645,-0.029705828055739403,-0.020894216373562813,0.0,0.7632473111152649,0.37526828050613403,2.7323880195617676,0.0
0,108,None,False,"86,56,87,97,60,132,4,29,34,102",1.0870786905288696,-2.127980947494507,-1.3733961582183838,-0.6093382835388184,7.9997663497924805,6.004746913909912,0.006885075476020575,0.0,0.0,0.006885075476020575,0.02634584903717041,-0.01946077309548855,0.09352388232946396,0.0,0.6509527564048767,0.3900289833545685,2.7323880195617676,0.0
0,109,None,False,"86,56,87,97,60,132,4,29,34,102",1.1058100461959839,-2.0646588802337646,-1.2165827751159668,-0.626014232635498,7.999820709228516,4.697439670562744,0.013154983520507812,0.0,0.0,0.013154983520507812,0.018804311752319336,-0.0056493282318115234,-0.01922965981066227,0.0,0.8421540856361389,0.37881553173065186,2.7323880195617676,0.0
0,110,None,False,"86,56,87,97,60,132,4,29,34,102",1.0789802074432373,-2.025803327560425,-1.1095932722091675,-0.7615092992782593,7.99981689453125,4.0763139724731445,0.010618060827255249,0.0,0.0,0.010618060827255249,0.01586735248565674,-0.005249291658401489,0.24747347831726074,0.0,0.818591833114624,0.37985044717788696,2.7323880195617676,0.0
0,111,Schedule,True,"114,131,107,43,55,89,27,16,134,35",1.1040207147598267,-1.8815295696258545,-1.10433030128479,-0.6899341344833374,7.999723434448242,4.670430660247803,0.0035013495944440365,0.056666666666666664,0.11333333333333333,-0.16649866104125977,0.016521453857421875,-0.18302011489868164,-2.289409637451172,-11.421036720275879,0.6990946531295776,0.38354313373565674,2.7323880195617676,0.0
0,112,None,False,"114,131,107,43,55,89,27,16,134,35",1.0678282976150513,-1.9740068912506104,-1.159650206565857,-0.6337437629699707,7.999761581420898,4.642104625701904,0.011191713623702526,0.0,0.0,0.011191713623702526,0.02142965793609619,-0.010237944312393665,-0.49890220165252686,0.0,0.7839193940162659,0.3944399058818817,2.7323880195617676,0.0
0,113,None,False,"114,131,107,43,55,89,27,16,134,35",1.1138628721237183,-1.8798942565917969,-0.9838451147079468,-0.9264668822288513,7.999756813049316,5.92812967300415,0.003249740693718195,0.0,0.0,0.003249740693718195,0.011718273162841797,-0.00846853293478489,-0.5698847770690918,0.0,0.871494472026825,0.3683032691478729,2.7323880195617676,0.0
0,114,None,False,"114,131,107,43,55,89,27,16,134,35",1.13885498046875,-1.863786220550537,-1.0113598108291626,-0.8581816554069519,7.9997687339782715,3.3477213382720947,0.017523080110549927,0.0,0.0,0.017523080110549927,0.029552221298217773,-0.012029141187667847,-0.2697339653968811,0.0,0.9316271543502808,0.37371036410331726,2.7323880195617676,0.0
0,115,None,False,"114,131,107,43,55,89,27,16,134,35",1.0394282341003418,-2.209791898727417,-1.2422337532043457,-0.6022219657897949,7.999798774719238,5.570250988006592,0.0355052724480629,0.0,0.0,0.0355052724480629,0.04352104663848877,-0.008015774190425873,-0.07181248068809509,0.0,0.8239393830299377,0.34854426980018616,2.7323880195617676,0.0
0,116,None,False,"114,131,107,43,55,89,27,16,134,35",1.1272140741348267,-1.8449662923812866,-1.0780599117279053,-0.7901757955551147,7.999747276306152,5.554381370544434,0.04205668717622757,0.0,0.0,0.04205668717622757,0.038637518882751465,0.0034191682934761047,0.39288002252578735,0.0,0.8599892854690552,0.39004769921302795,2.7323880195617676,0.0
0,117,None,False,"114,131,107,43,55,89,27,16,134,35",1.1151286363601685,-1.8795510530471802,-0.8898834586143494,-0.7642443776130676,7.999819278717041,4.110166072845459,0.035959791392087936,0.0,0.0,0.035959791392087936,0.03984260559082031,-0.003882814198732376,0.4518197476863861,0.0,0.7784438729286194,0.36100900173187256,2.7323880195617676,0.0
0,118,None,False,"114,131,107,43,55,89,27,16,134,35",1.1108386516571045,-2.1013712882995605,-0.8976693153381348,-0.9294531941413879,7.999772548675537,3.5067386627197266,0.03571360185742378,0.0,0.0,0.03571360185742378,0.04086744785308838,-0.0051538459956645966,0.4056037664413452,0.0,0.8684308528900146,0.35628870129585266,2.7323880195617676,0.0
0,119,None,False,"114,131,107,43,55,89,27,16,134,35",1.0739915370941162,-2.086642265319824,-1.0968796014785767,-0.8065789937973022,7.999782562255859,4.643062591552734,0.03515380620956421,0.0,0.0,0.03515380620956421,0.0345151424407959,0.0006386637687683105,0.2996613681316376,0.0,0.926242470741272,0.3201027512550354,2.7323880195617676,0.0
0,120,None,False,"114,131,107,43,55,89,27,16,134,35",1.0859746932983398,-2.1471269130706787,-1.2372715473175049,-0.6389884948730469,7.999791145324707,3.954460859298706,0.042138077318668365,0.0,0.0,0.042138077318668365,0.03333759307861328,0.008800484240055084,0.5078040957450867,0.0,0.6509743928909302,0.29437121748924255,2.7323880195617676,0.0
0,121,None,False,"114,131,107,43,55,89,27,16,134,35",0.9954065680503845,-2.145564079284668,-1.1897220611572266,-0.7919126749038696,7.999725818634033,5.619855880737305,0.021650439128279686,0.0,0.0,0.021650439128279686,0.0230405330657959,-0.0013900939375162125,0.4142151474952698,0.0,0.654439389705658,0.3980426788330078,2.7323880195617676,0.0
0,122,None,False,"114,131,107,43,55,89,27,16,134,35",1.032439112663269,-2.0091552734375,-1.3619658946990967,-0.6556230783462524,7.999800205230713,4.2195916175842285,0.020648736506700516,0.0,0.0,0.020648736506700516,0.012151479721069336,0.00849725678563118,0.5701404809951782,0.0,0.6900607347488403,0.5231600999832153,2.7323880195617676,0.0
0,123,None,False,"114,131,107,43,55,89,27,16,134,35",1.0799968242645264,-1.9589266777038574,-1.2966060638427734,-0.736290693283081,7.99976921081543,2.8102126121520996,0.013011431321501732,0.0,0.0,0.013011431321501732,0.012189269065856934,0.0008221622556447983,0.34441784024238586,0.0,0.6907579898834229,0.4111140966415405,2.7323880195617676,0.0
0,124,None,False,"114,131,107,43,55,89,27,16,134,35",1.0687483549118042,-2.2390589714050293,-1.184680700302124,-0.7725317478179932,7.999746799468994,4.577682018280029,-0.0031446933280676603,0.0,0.0,-0.0031446933280676603,0.0011641979217529297,-0.004308891482651234,0.5416420102119446,0.0,0.743982195854187,0.4049423933029175,2.7323880195617676,0.0
0,125,Schedule,True,"50,125,55,86,113,124,51,74,21,59",0.9430004358291626,-2.1938114166259766,-1.1148017644882202,-1.1395862102508545,7.999582290649414,7.55725622177124,-0.03355173394083977,0.05099999864896138,0.10199999729792276,-0.18655173480510712,-0.031174778938293457,-0.15537695586681366,-1.90904700756073,-9.530916213989258,0.7685520648956299,0.3603946566581726,2.7323880195617676,0.0
0,126,None,False,"50,125,55,86,113,124,51,74,21,59",1.1098883152008057,-1.7763675451278687,-0.9405450820922852,-0.8896026611328125,7.999814987182617,7.962337017059326,-0.020338088274002075,0.0,0.0,-0.020338088274002075,-0.021789491176605225,0.0014514029026031494,0.32369840145111084,0.0,0.6599947214126587,0.3706129193305969,2.7323880195617676,0.0
0,127,None,False,"50,125,55,86,113,124,51,74,21,59",1.0861965417861938,-2.164064645767212,-0.9930647611618042,-0.9390790462493896,7.999792575836182,4.061081886291504,-0.018109440803527832,0.0,0.0,-0.018109440803527832,-0.02218306064605713,0.004073619842529297,0.5358526110649109,0.0,0.6596958637237549,0.3884408175945282,2.7323880195617676,0.0
0,0,Schedule | Regime Shift (Initial),True,"137,101,127,125,86,68,48,142,76,118",1.0181576013565063,-2.0387752056121826,-1.045520544052124,-0.7813920974731445,7.999581813812256,4.262061595916748,0.016532665118575096,0.0,0.0,0.016532665118575096,0.002696514129638672,0.013836150988936424,1.3626725673675537,6.7159810066223145,1.2386140823364258,0.3638871908187866,2.5932750701904297,0.0
0,1,None,False,"137,101,127,125,86,68,48,142,76,118",1.0118663311004639,-2.20415997505188,-1.0831151008605957,-0.8717456459999084,7.999670028686523,4.806966304779053,0.015131151303648949,0.0,0.0,0.015131151303648949,0.0011333227157592773,0.013997828587889671,1.5594124794006348,0.0,1.1024491786956787,0.35875973105430603,2.5932750701904297,0.0
0,2,None,False,"137,101,127,125,86,68,48,142,76,118",1.114085078239441,-2.2196764945983887,-1.120144009590149,-0.6501319408416748,7.999269962310791,6.089818954467773,0.00018408894538879395,0.0,0.0,0.00018408894538879395,-0.010152339935302734,0.010336428880691528,0.5544345378875732,0.0,1.031053900718689,0.35976117849349976,2.5932750701904297,0.0
0,3,None,False,"137,101,127,125,86,68,48,142,76,118",1.099617600440979,-1.9088958501815796,-1.0336061716079712,-0.7765238881111145,7.999504566192627,5.619448184967041,-0.004995596595108509,0.0,0.0,-0.004995596595108509,-0.020277202129364014,0.015281605534255505,0.6597693562507629,0.0,0.9615386724472046,0.2569473385810852,2.5932750701904297,0.0
0,4,None,False,"137,101,127,125,86,68,48,142,76,118",1.0244762897491455,-2.058497905731201,-1.0514485836029053,-0.880678653717041,7.9995880126953125,4.775102138519287,-0.00465088477358222,0.0,0.0,-0.00465088477358222,-0.01594620943069458,0.011295324191451073,0.5775460004806519,0.0,1.0819222927093506,0.33646249771118164,2.5932750701904297,0.0
0,5,None,False,"137,101,127,125,86,68,48,142,76,118",1.068381905555725,-2.146664619445801,-1.2954306602478027,-0.9406819939613342,7.999396800994873,4.895522594451904,-0.0014627277851104736,0.0,0.0,-0.0014627277851104736,-0.013296365737915039,0.011833637952804565,0.4449668228626251,0.0,0.8909010887145996,0.3242117166519165,2.5932750701904297,0.0
0,6,None,False,"137,101,127,125,86,68,48,142,76,118",1.0732505321502686,-2.2479398250579834,-0.9727376699447632,-0.7476204037666321,7.999382019042969,5.801124095916748,-0.008197903633117676,0.0,0.0,-0.008197903633117676,-0.01162731647491455,0.003429412841796875,0.308908611536026,0.0,0.8833977580070496,0.3004385232925415,2.5932750701904297,0.0
0,7,None,False,"137,101,127,125,86,68,48,142,76,118",1.0518946647644043,-2.000187397003174,-1.0828187465667725,-0.8438883423805237,7.9994659423828125,5.751242637634277,-0.010237932205200195,0.0,0.0,-0.010237932205200195,-0.0048719048500061035,-0.005366027355194092,0.09821516275405884,0.0,0.8218071460723877,0.28251099586486816,2.5932750701904297,0.0
0,8,Struct Break (DC),True,"43,16,98,103,129,114,64,63,130,39",1.0991570949554443,-2.1200368404388428,-1.0662076473236084,-0.7401769757270813,7.999451637268066,4.799048900604248,-0.02130793407559395,0.056666666666666664,0.11333333333333333,-0.191307932138443,-0.01139986515045166,-0.17990806698799133,-2.727348566055298,-13.586685180664062,0.9015437364578247,0.42791783809661865,2.5932750701904297,0.0
0,9,None,False,"43,16,98,103,129,114,64,63,130,39",1.0323724746704102,-2.1550540924072266,-1.1366032361984253,-0.8366410732269287,7.999454975128174,5.110827922821045,-0.03305292874574661,0.0,0.0,-0.03305292874574661,-0.015968799591064453,-0.01708412915468216,-0.0427042655646801,0.0,0.9763197898864746,0.4016229808330536,2.5932750701904297,0.0
0,10,None,False,"43,16,98,103,129,114,64,63,130,39",0.9999262094497681,-1.9572008848190308,-1.1334165334701538,-0.9476246237754822,7.999621868133545,4.806727886199951,-0.03477887436747551,0.0,0.0,-0.03477887436747551,-0.012903332710266113,-0.021875541657209396,-0.2597165107727051,0.0,0.6623393297195435,0.3557380735874176,2.5932750701904297,0.0
0,11,None,False,"43,16,98,103,129,114,64,63,130,39",1.0777881145477295,-2.077986478805542,-1.1501939296722412,-0.8840100765228271,7.999460220336914,4.315703868865967,-0.03451269865036011,0.0,0.0,-0.03451269865036011,-0.012334883213043213,-0.022177815437316895,-0.4383655786514282,0.0,0.7473760843276978,0.3796772062778473,2.5932750701904297,0.0
0,12,None,False,"43,16,98,103,129,114,64,63,130,39",1.1106562614440918,-1.9909931421279907,-1.0399625301361084,-0.5924950838088989,7.999483585357666,4.703702926635742,-0.057455677539110184,0.0,0.0,-0.057455677539110184,-0.021807849407196045,-0.03564782813191414,-1.9588427543640137,0.0,0.8093757629394531,0.3975864052772522,2.5932750701904297,0.0
0,13,None,False,"43,16,98,103,129,114,64,63,130,39",1.0250221490859985,-1.981972575187683,-1.161099910736084,-0.7880954742431641,7.999417304992676,4.326669216156006,-0.05125588923692703,0.0,0.0,-0.05125588923692703,-0.022218942642211914,-0.02903694659471512,-1.7170265913009644,0.0,0.9755902886390686,0.4179912507534027,2.5932750701904297,0.0
0,14,None,False,"43,16,98,103,129,114,64,63,130,39",0.9482749104499817,-2.222137689590454,-1.3824321031570435,-0.8371099829673767,7.999242305755615,5.944843769073486,-0.01964361034333706,0.0,0.0,-0.01964361034333706,-0.00790029764175415,-0.011743312701582909,0.8185513019561768,0.0,1.075291633605957,0.40592867136001587,2.5932750701904297,0.0
0,15,None,False,"43,16,98,103,129,114,64,63,130,39",1.101665735244751,-1.968969702720642,-1.0431177616119385,-0.9112913608551025,7.99954080581665,5.781896591186523,-0.02705984190106392,0.0,0.0,-0.02705984190106392,-0.010489284992218018,-0.0165705569088459,-0.8626390099525452,0.0,1.0138100385665894,0.39413562417030334,2.5932750701904297,0.0
0,16,None,False,"43,16,98,103,129,114,64,63,130,39",1.0576013326644897,-1.7384395599365234,-1.0442824363708496,-0.9405441284179688,7.9994916915893555,4.410192489624023,-0.009499942883849144,0.0,0.0,-0.009499942883849144,-0.0015211701393127441,-0.0079787727445364,-0.1822664588689804,0.0,1.1672848463058472,0.4109075963497162,2.5932750701904297,0.0
0,17,None,False,"43,16,98,103,129,114,64,63,130,39",1.0229651927947998,-1.990553617477417,-0.7513043880462646,-1.0346835851669312,7.999566078186035,5.63237190246582,0.04485061764717102,0.0,0.0,0.04485061764717102,0.01766979694366455,0.02718082070350647,0.901130199432373,0.0,0.9949655532836914,0.41446125507354736,2.5932750701904297,0.0
0,18,None,False,"43,16,98,103,129,114,64,63,130,39",1.1071276664733887,-1.9106659889221191,-1.0157523155212402,-0.9956527352333069,7.999663352966309,4.888998031616211,0.05243905633687973,0.0,0.0,0.05243905633687973,0.025389671325683594,0.027049385011196136,0.7832871675491333,0.0,1.0623672008514404,0.39278724789619446,2.5932750701904297,0.0
0,19,None,False,"43,16,98,103,129,114,64,63,130,39",1.078547716140747,-2.0081567764282227,-0.8157689571380615,-0.918518602848053,7.999576568603516,4.065268516540527,0.02558518573641777,0.0,0.0,0.02558518573641777,0.012202262878417969,0.013382922857999802,0.49015018343925476,0.0,1.1015684604644775,0.39136767387390137,2.5932750701904297,0.0
0,20,None,False,"43,16,98,103,129,114,64,63,130,39",1.0643765926361084,-1.7683082818984985,-1.173377275466919,-0.7718784213066101,7.99949836730957,4.129076957702637,0.01063681859523058,0.0,0.0,0.01063681859523058,0.004654645919799805,0.005982172675430775,0.4008278548717499,0.0,1.0987908840179443,0.33579665422439575,2.5932750701904297,0.0
0,21,None,False,"43,16,98,103,129,114,64,63,130,39",1.116241216659546,-2.025813579559326,-0.9747706651687622,-0.832751452922821,7.99929666519165,5.483648300170898,0.00536192674189806,0.0,0.0,0.00536192674189806,-0.0013818740844726562,0.006743800826370716,0.324090838432312,0.0,0.9575008749961853,0.4200790524482727,2.5932750701904297,0.0
0,22,Schedule,True,"68,60,115,46,117,18,100,81,137,112",1.1191459894180298,-1.9501982927322388,-1.0975290536880493,-0.7679598331451416,7.999582290649414,5.06525993347168,-0.0018039882415905595,0.056666666666666664,0.11333333333333333,-0.17180399596691132,-0.008931636810302734,-0.16287235915660858,-2.727644205093384,-13.60276985168457,0.9794347286224365,0.41760605573654175,2.5932750701904297,0.0
0,23,None,False,"68,60,115,46,117,18,100,81,137,112",1.0580750703811646,-1.945910930633545,-1.012744665145874,-0.8111091256141663,7.999636650085449,3.6444034576416016,0.008336258120834827,0.0,0.0,0.008336258120834827,-0.004313468933105469,0.012649727053940296,0.5214020609855652,0.0,0.9180405735969543,0.3533935844898224,2.5932750701904297,0.0
0,24,None,False,"68,60,115,46,117,18,100,81,137,112",1.0249648094177246,-2.0671093463897705,-1.2658302783966064,-0.8342709541320801,7.999499320983887,4.20166540145874,-0.004627794027328491,0.0,0.0,-0.004627794027328491,-0.005433440208435059,0.0008056461811065674,0.25861644744873047,0.0,1.0008467435836792,0.25564342737197876,2.5932750701904297,0.0
0,25,None,False,"68,60,115,46,117,18,100,81,137,112",1.043933391571045,-2.4280521869659424,-1.4189540147781372,-0.5990778803825378,7.9992828369140625,5.610727310180664,-0.0041138590313494205,0.0,0.0,-0.0041138590313494205,0.0027464628219604492,-0.00686032185330987,0.2210274487733841,0.0,1.176703929901123,0.34129682183265686,2.5932750701904297,0.0
0,26,None,False,"68,60,115,46,117,18,100,81,137,112",1.0845632553100586,-1.915663242340088,-1.1278233528137207,-0.7702004909515381,7.999556064605713,5.512990951538086,0.005393463186919689,0.0,0.0,0.005393463186919689,0.007449626922607422,-0.0020561637356877327,0.03217355161905289,0.0,1.0195631980895996,0.3339693546295166,2.5932750701904297,0.0
0,27,None,False,"68,60,115,46,117,18,100,81,137,112",1.0265300273895264,-2.1281685829162598,-0.9894315004348755,-0.8600480556488037,7.999602317810059,4.610900402069092,0.10941173881292343,0.0,0.0,0.10941173881292343,0.031407952308654785,0.07800378650426865,1.8832017183303833,0.0,1.0083730220794678,0.33186066150665283,2.5932750701904297,0.0
0,28,None,False,"68,60,115,46,117,18,100,81,137,112",1.0552390813827515,-1.9027657508850098,-1.4003407955169678,-0.6474674344062805,7.999324321746826,5.5677289962768555,0.10921549797058105,0.0,0.0,0.10921549797058105,0.03394210338592529,0.07527339458465576,1.5700105428695679,0.0,0.9941571950912476,0.36259743571281433,2.5932750701904297,0.0
0,29,None,False,"68,60,115,46,117,18,100,81,137,112",1.0683567523956299,-1.8153048753738403,-1.1175761222839355,-0.937928318977356,7.9995198249816895,5.182456016540527,0.12202372401952744,0.0,0.0,0.12202372401952744,0.03475141525268555,0.08727230876684189,2.9402713775634766,0.0,0.872933566570282,0.33483022451400757,2.5932750701904297,0.0
0,30,None,False,"68,60,115,46,117,18,100,81,137,112",1.0742344856262207,-2.037655830383301,-1.0488933324813843,-0.9720471501350403,7.999605178833008,2.836468458175659,0.1282489001750946,0.0,0.0,0.1282489001750946,0.030156850814819336,0.09809204936027527,2.035026788711548,0.0,0.7956690788269043,0.37515291571617126,2.5932750701904297,0.0
0,31,None,False,"68,60,115,46,117,18,100,81,137,112",1.039135217666626,-2.067143678665161,-1.2054588794708252,-0.7763011455535889,7.9994683265686035,3.330066680908203,0.13573475182056427,0.0,0.0,0.13573475182056427,0.02871537208557129,0.10701937973499298,1.9473735094070435,0.0,0.8768942952156067,0.40660518407821655,2.5932750701904297,0.0
0,32,None,False,"68,60,115,46,117,18,100,81,137,112",1.0761666297912598,-1.946454644203186,-1.1951160430908203,-0.7557793855667114,7.9993109703063965,3.273404598236084,0.016544699668884277,0.0,0.0,0.016544699668884277,0.005548715591430664,0.010995984077453613,0.46278420090675354,0.0,0.8973965644836426,0.474199116230011,2.5932750701904297,0.0
0,33,None,False,"68,60,115,46,117,18,100,81,137,112",1.0679700374603271,-2.0682733058929443,-1.1674610376358032,-0.6126444339752197,7.999481201171875,4.4271745681762695,0.016726762056350708,0.0,0.0,0.016726762056350708,0.010553240776062012,0.006173521280288696,0.26612240076065063,0.0,0.9194846153259277,0.47464004158973694,2.5932750701904297,0.0
0,34,None,False,"68,60,115,46,117,18,100,81,137,112",1.0221080780029297,-1.956163763999939,-1.1637825965881348,-0.79681795835495,7.99949312210083,4.600554943084717,0.026010315865278244,0.0,0.0,0.026010315865278244,0.009955525398254395,0.01605479046702385,0.5806162357330322,0.0,1.0088411569595337,0.40966856479644775,2.5932750701904297,0.0
0,35,None,False,"68,60,115,46,117,18,100,81,137,112",0.9505231380462646,-2.115682363510132,-1.2120676040649414,-0.7608596086502075,7.999571800231934,3.421600103378296,0.019981568679213524,0.0,0.0,0.019981568679213524,0.010578632354736328,0.009402936324477196,0.4889214038848877,0.0,0.9357805252075195,0.4653131067752838,2.5932750701904297,0.0
0,36,Schedule,True,"93,133,64,50,57,89,47,35,28,41",1.1114016771316528,-1.7931259870529175,-0.8216893672943115,-0.7398614883422852,7.999422550201416,5.511102199554443,-0.002233272884041071,0.056666666666666664,0.11333333333333333,-0.17223328351974487,-0.0022149085998535156,-0.17001837491989136,-2.6934852600097656,-13.39957046508789,0.8906129002571106,0.49299025535583496,2.5932750701904297,0.0
0,37,None,False,"93,133,64,50,57,89,47,35,28,41",1.0019745826721191,-1.936011791229248,-1.1467043161392212,-0.7682542204856873,7.999650478363037,4.696094036102295,-0.0021469772327691317,0.0,0.0,-0.0021469772327691317,-0.0009557604789733887,-0.001191216753795743,0.3439623713493347,0.0,0.9263256192207336,0.4262242913246155,2.5932750701904297,0.0
0,38,None,False,"93,133,64,50,57,89,47,35,28,41",1.0640697479248047,-1.794956922531128,-0.9249838590621948,-0.7881261110305786,7.9994940757751465,3.4838998317718506,-0.009831368923187256,0.0,0.0,-0.009831368923187256,-0.014088034629821777,0.0042566657066345215,0.4098145365715027,0.0,0.7857466340065002,0.397449254989624,2.5932750701904297,0.0
0,39,None,False,"93,133,64,50,57,89,47,35,28,41",1.0968762636184692,-1.9854693412780762,-1.205613374710083,-0.7679634094238281,7.999541759490967,3.5801753997802734,-0.018556511029601097,0.0,0.0,-0.018556511029601097,-0.017726778984069824,-0.0008297320455312729,0.35419636964797974,0.0,0.7617347836494446,0.4231196641921997,2.5932750701904297,0.0
0,40,None,False,"93,133,64,50,57,89,47,35,28,41",1.0878502130508423,-1.9920759201049805,-1.040252447128296,-0.8481078147888184,7.9995527267456055,2.8840973377227783,-0.014803528785705566,0.0,0.0,-0.014803528785705566,-0.011887013912200928,-0.0029165148735046387,0.3166925013065338,0.0,0.8250212669372559,0.4792449176311493,2.5932750701904297,0.0
0,41,None,False,"93,133,64,50,57,89,47,35,28,41",1.060522437095642,-2.1924514770507812,-1.2134950160980225,-1.0066962242126465,7.999538421630859,4.768741607666016,-0.011196816340088844,0.0,0.0,-0.011196816340088844,-0.003258049488067627,-0.007938766852021217,0.11354918032884598,0.0,0.9259737730026245,0.5093646049499512,2.5932750701904297,0.0
0,42,None,False,"93,133,64,50,57,89,47,35,28,41",1.042880654335022,-2.18274188041687,-1.4865026473999023,-0.8292737007141113,7.999288558959961,4.555279731750488,-0.0029606937896460295,0.0,0.0,-0.0029606937896460295,0.0035430192947387695,-0.006503713317215443,0.2138313353061676,0.0,0.9298190474510193,0.4029310941696167,2.5932750701904297,0.0
0,43,None,False,"93,133,64,50,57,89,47,35,28,41",1.1253942251205444,-2.1583378314971924,-1.0797306299209595,-0.8653474450111389,7.999319076538086,5.29873514175415,0.01549307070672512,0.0,0.0,0.01549307070672512,0.020305156707763672,-0.004812086001038551,-0.08630719035863876,0.0,0.962117075920105,0.4362170696258545,2.5932750701904297,0.0
0,44,None,False,"93,133,64,50,57,89,47,35,28,41",1.181172490119934,-1.9947211742401123,-0.9888354539871216,-0.6666789054870605,7.999268054962158,5.610568523406982,0.026536673307418823,0.0,0.0,0.026536673307418823,0.03184378147125244,-0.005307108163833618,-0.033029329031705856,0.0,0.8885574340820312,0.48791617155075073,2.5932750701904297,0.0
0,45,None,False,"93,133,64,50,57,89,47,35,28,41",1.121124505996704,-2.0936269760131836,-1.1381791830062866,-0.6183716058731079,7.9994425773620605,5.096949577331543,0.007040911819785833,0.0,0.0,0.007040911819785833,0.027257204055786133,-0.020216291770339012,0.2993950843811035,0.0,0.8229595422744751,0.4461798071861267,2.5932750701904297,0.0
0,46,None,False,"93,133,64,50,57,89,47,35,28,41",1.0669869184494019,-2.2056055068969727,-1.1832659244537354,-0.8784130811691284,7.999464511871338,4.287756443023682,0.013405447825789452,0.0,0.0,0.013405447825789452,0.02784121036529541,-0.014435762539505959,0.057840365916490555,0.0,0.7460765838623047,0.3412014842033386,2.5932750701904297,0.0
0,47,None,False,"93,133,64,50,57,89,47,35,28,41",1.0472162961959839,-1.790540337562561,-0.8036144375801086,-1.0758836269378662,7.999667167663574,4.967012882232666,0.015687668696045876,0.0,0.0,0.015687668696045876,0.02398681640625,-0.008299147710204124,0.18827572464942932,0.0,0.8885706663131714,0.3354417085647583,2.5932750701904297,0.0
0,48,None,False,"93,133,64,50,57,89,47,35,28,41",1.0035589933395386,-1.7558966875076294,-1.2032382488250732,-0.7034076452255249,7.9993696212768555,5.238743782043457,0.0002573728561401367,0.0,0.0,0.0002573728561401367,0.018419742584228516,-0.01816236972808838,0.14204470813274384,0.0,0.7254315614700317,0.3304373025894165,2.5932750701904297,0.0
0,49,None,False,"93,133,64,50,57,89,47,35,28,41",1.0319981575012207,-2.26955509185791,-0.9829449653625488,-1.0379287004470825,7.999527454376221,7.01352596282959,-0.0007840752368792892,0.0,0.0,-0.0007840752368792892,0.016434311866760254,-0.017218386754393578,0.07110584527254105,0.0,0.7066193222999573,0.3523363769054413,2.5932750701904297,0.0
0,50,Schedule,True,"55,119,114,74,138,23,131,50,53,44",0.974992036819458,-2.053332805633545,-1.45484459400177,-0.8184018731117249,7.999308109283447,6.865106105804443,0.021826034411787987,0.05099999864896138,0.10199999729792276,-0.1311739683151245,0.021541595458984375,-0.1527155637741089,-2.473560333251953,-12.320728302001953,0.724898636341095,0.27397915720939636,2.5932750701904297,0.0
0,51,None,False,"55,119,114,74,138,23,131,50,53,44",1.105833888053894,-2.2006595134735107,-0.8632724285125732,-0.7554962635040283,7.999388217926025,7.44804573059082,0.021178048104047775,0.0,0.0,0.021178048104047775,0.033011794090270996,-0.01183374598622322,0.184564471244812,0.0,0.737718939781189,0.34915071725845337,2.5932750701904297,0.0
0,52,None,False,"55,119,114,74,138,23,131,50,53,44",1.064915418624878,-1.7901140451431274,-1.0265440940856934,-0.7593375444412231,7.999533176422119,4.852957725524902,0.01870139315724373,0.0,0.0,0.01870139315724373,0.02772533893585205,-0.009023945778608322,0.1959700584411621,0.0,0.7671328783035278,0.36446523666381836,2.5932750701904297,0.0
0,53,None,False,"55,119,114,74,138,23,131,50,53,44",0.975558876991272,-2.186509132385254,-1.3502304553985596,-0.9281858205795288,7.9992780685424805,5.213372707366943,0.02531035616993904,0.0,0.0,0.02531035616993904,0.03064417839050293,-0.0053338222205638885,0.2624267041683197,0.0,0.7281882166862488,0.2607031762599945,2.5932750701904297,0.0
0,54,None,False,"55,119,114,74,138,23,131,50,53,44",1.1047332286834717,-1.969183325767517,-1.0598491430282593,-0.855357825756073,7.999505519866943,4.713006019592285,0.028542036190629005,0.0,0.0,0.028542036190629005,0.019495368003845215,0.00904666818678379,0.5609657764434814,0.0,0.6359977722167969,0.33486509323120117,2.5932750701904297,0.0
0,55,None,False,"55,119,114,74,138,23,131,50,53,44",1.0917807817459106,-1.884658932685852,-1.0654449462890625,-0.7673900127410889,7.999403476715088,4.290781497955322,0.028530681505799294,0.0,0.0,0.028530681505799294,0.020432472229003906,0.008098209276795387,0.32778236269950867,0.0,0.507961630821228,0.35799703001976013,2.5932750701904297,0.0
0,56,None,False,"55,119,114,74,138,23,131,50,53,44",1.063843011856079,-2.211982488632202,-0.9805034399032593,-0.9308581352233887,7.999564170837402,3.7821455001831055,0.02787368930876255,0.0,0.0,0.02787368930876255,0.02043449878692627,0.007439190521836281,0.4141460657119751,0.0,0.5230010151863098,0.2730979919433594,2.5932750701904297,0.0
0,57,None,False,"55,119,114,74,138,23,131,50,53,44",1.0906120538711548,-1.9017081260681152,-1.1153502464294434,-0.8247893452644348,7.999533176422119,3.9301626682281494,0.041928481310606,0.0,0.0,0.041928481310606,0.030266284942626953,0.01166219636797905,0.5209049582481384,0.0,0.5462341904640198,0.26461419463157654,2.5932750701904297,0.0
0,58,None,False,"55,119,114,74,138,23,131,50,53,44",1.0629318952560425,-1.9871032238006592,-1.1286417245864868,-0.5382044911384583,7.999307632446289,4.393898963928223,0.03611517697572708,0.0,0.0,0.03611517697572708,0.02102077007293701,0.01509440690279007,0.5679940581321716,0.0,0.3897344470024109,0.28650444746017456,2.5932750701904297,0.0
0,59,None,False,"55,119,114,74,138,23,131,50,53,44",1.0117161273956299,-1.9070292711257935,-1.4116274118423462,-0.7415058612823486,7.999237060546875,5.065898895263672,0.03451625257730484,0.0,0.0,0.03451625257730484,0.023798108100891113,0.010718144476413727,0.615170419216156,0.0,0.5720966458320618,0.3322076201438904,2.5932750701904297,0.0
0,60,None,False,"55,119,114,74,138,23,131,50,53,44",1.0922636985778809,-1.7010244131088257,-0.9139220118522644,-1.044256329536438,7.999430179595947,5.2324700355529785,0.019114499911665916,0.0,0.0,0.019114499911665916,0.010439157485961914,0.008675342425704002,0.30299410223960876,0.0,0.5958675146102905,0.34637442231178284,2.5932750701904297,0.0
0,61,None,False,"55,119,114,74,138,23,131,50,53,44",0.9936071038246155,-2.3475160598754883,-1.379420280456543,-0.6823514103889465,7.999239444732666,5.984525203704834,0.024095792323350906,0.0,0.0,0.024095792323350906,0.004201531410217285,0.01989426091313362,0.6358674168586731,0.0,0.6853156089782715,0.36264604330062866,2.5932750701904297,0.0
0,62,None,False,"55,119,114,74,138,23,131,50,53,44",1.059973120689392,-2.2673397064208984,-0.8395140171051025,-0.8548048734664917,7.999470233917236,5.385561943054199,0.0059111774899065495,0.0,0.0,0.0059111774899065495,-0.01209867000579834,0.018009847030043602,0.5894833207130432,0.0,0.8644339442253113,0.33479395508766174,2.5932750701904297,0.0
0,63,None,False,"55,119,114,74,138,23,131,50,53,44",1.1312297582626343,-1.9497451782226562,-1.0782562494277954,-0.9862662553787231,7.999455451965332,5.788248538970947,-0.0007425606017932296,0.0,0.0,-0.0007425606017932296,-0.011439383029937744,0.01069682277739048,0.3898344039916992,0.0,0.7603802680969238,0.3294451832771301,2.5932750701904297,0.0
0,64,Schedule,True,"35,115,77,23,64,113,5,126,8,106",1.02806556224823,-2.1317625045776367,-1.2428510189056396,-0.6728417277336121,7.999448776245117,5.03729248046875,-0.014321262016892433,0.05099999864896138,0.10199999729792276,-0.16732126474380493,-0.008724629878997803,-0.15859663486480713,-2.350691318511963,-11.719839096069336,0.6248304843902588,0.3232179284095764,2.5932750701904297,0.0
0,65,None,False,"35,115,77,23,64,113,5,126,8,106",1.0457266569137573,-1.8797783851623535,-0.9980154633522034,-0.9159387350082397,7.99946403503418,3.9124350547790527,-0.010205984115600586,0.0,0.0,-0.010205984115600586,-0.00025773048400878906,-0.009948253631591797,0.18020786345005035,0.0,0.6415326595306396,0.3709619641304016,2.5932750701904297,0.0
0,66,None,False,"35,115,77,23,64,113,5,126,8,106",1.1124430894851685,-1.7926021814346313,-0.9484620690345764,-1.1522544622421265,7.999474048614502,3.670260429382324,-0.0013608813751488924,0.0,0.0,-0.0013608813751488924,0.0006014108657836914,-0.001962292240932584,0.2276247888803482,0.0,0.559619128704071,0.32246801257133484,2.5932750701904297,0.0
0,67,None,False,"35,115,77,23,64,113,5,126,8,106",1.0941779613494873,-2.198498249053955,-1.0732232332229614,-0.8400565385818481,7.999426364898682,5.054709434509277,0.01869046688079834,0.0,0.0,0.01869046688079834,0.014977693557739258,0.003712773323059082,0.4176928699016571,0.0,0.49870744347572327,0.33782902359962463,2.5932750701904297,0.0
0,68,None,False,"35,115,77,23,64,113,5,126,8,106",1.0165115594863892,-1.8429877758026123,-1.2500883340835571,-0.7673836350440979,7.999350070953369,5.173575401306152,0.02271917462348938,0.0,0.0,0.02271917462348938,0.02140629291534424,0.0013128817081451416,0.2962387800216675,0.0,0.5700696110725403,0.3480989634990692,2.5932750701904297,0.0
0,69,None,False,"35,115,77,23,64,113,5,126,8,106",1.0147615671157837,-2.0705766677856445,-1.0263323783874512,-0.7630289196968079,7.999529838562012,5.246229648590088,0.016126442700624466,0.0,0.0,0.016126442700624466,0.020980000495910645,-0.004853557795286179,-0.07557632774114609,0.0,0.5236194133758545,0.3268686532974243,2.5932750701904297,0.0
0,70,None,False,"35,115,77,23,64,113,5,126,8,106",1.0480713844299316,-2.0705738067626953,-0.9558033347129822,-0.8568854331970215,7.999472141265869,4.5634989738464355,0.0245260838419199,0.0,0.0,0.0245260838419199,0.01896536350250244,0.005560720339417458,0.18857400119304657,0.0,0.7210071086883545,0.3250519633293152,2.5932750701904297,0.0
0,71,None,False,"35,115,77,23,64,113,5,126,8,106",1.0782346725463867,-2.1332595348358154,-1.1341511011123657,-0.8193660378456116,7.999536514282227,3.700033664703369,0.020068293437361717,0.0,0.0,0.020068293437361717,0.010058999061584473,0.010009294375777245,0.32121989130973816,0.0,0.7626909613609314,0.3331260085105896,2.5932750701904297,0.0
0,72,None,False,"35,115,77,23,64,113,5,126,8,106",1.071850299835205,-1.9302752017974854,-0.9824608564376831,-0.9093179702758789,7.9996657371521,3.2789666652679443,0.018093138933181763,0.0,0.0,0.018093138933181763,0.007376670837402344,0.010716468095779419,0.4272819757461548,0.0,0.6741761565208435,0.34484291076660156,2.5932750701904297,0.0
0,73,None,False,"35,115,77,23,64,113,5,126,8,106",1.0039798021316528,-2.3078415393829346,-1.0252450704574585,-0.9939281940460205,7.999534606933594,4.074578285217285,0.01837105117738247,0.0,0.0,0.01837105117738247,0.002553701400756836,0.015817349776625633,0.6304563283920288,0.0,0.5415027737617493,0.28015851974487305,2.5932750701904297,0.0
0,74,None,False,"35,115,77,23,64,113,5,126,8,106",1.0859508514404297,-1.9867030382156372,-1.2447478771209717,-0.7037560939788818,7.999349117279053,4.805454730987549,0.03346056491136551,0.0,0.0,0.03346056491136551,0.012272834777832031,0.021187730133533478,0.7785550951957703,0.0,0.6051501035690308,0.2742958068847656,2.5932750701904297,0.0
0,75,None,False,"35,115,77,23,64,113,5,126,8,106",1.054564356803894,-2.2086915969848633,-1.073769450187683,-0.8563975691795349,7.999464511871338,4.101866245269775,0.03567435219883919,0.0,0.0,0.03567435219883919,0.017008423805236816,0.01866592839360237,0.7311310172080994,0.0,0.7258688807487488,0.2624836266040802,2.5932750701904297,0.0
0,76,None,False,"35,115,77,23,64,113,5,126,8,106",1.066055178642273,-1.8979942798614502,-1.2152329683303833,-0.7895070314407349,7.999471664428711,4.07090950012207,0.04046745225787163,0.0,0.0,0.04046745225787163,0.027800917625427246,0.012666534632444382,0.7104877233505249,0.0,0.6685999631881714,0.28996506333351135,2.5932750701904297,0.0
0,77,None,False,"35,115,77,23,64,113,5,126,8,106",1.0747343301773071,-1.9405704736709595,-1.1095303297042847,-0.8185972571372986,7.999584197998047,3.4163715839385986,0.023570334538817406,0.0,0.0,0.023570334538817406,0.023672103881835938,-0.0001017693430185318,0.29178833961486816,0.0,0.6314629316329956,0.25558698177337646,2.5932750701904297,0.0
0,78,Schedule,True,"66,43,20,81,54,94,21,46,59,18",1.0621342658996582,-1.9153962135314941,-0.9568542242050171,-0.8684672117233276,7.999581813812256,3.9439303874969482,0.014522617682814598,0.056666666666666664,0.11333333333333333,-0.1554773896932602,0.015566110610961914,-0.1710435003042221,-2.9816653728485107,-14.8395357131958,0.7459496259689331,0.29541200399398804,2.5932750701904297,0.0
0,79,None,False,"66,43,20,81,54,94,21,46,59,18",1.1161234378814697,-2.2040858268737793,-1.0526071786880493,-0.681167483329773,7.999353885650635,4.288399696350098,0.0070899007841944695,0.0,0.0,0.0070899007841944695,0.00912320613861084,-0.0020333053544163704,0.1675240844488144,0.0,0.6922982931137085,0.3426874279975891,2.5932750701904297,0.0
0,80,None,False,"66,43,20,81,54,94,21,46,59,18",1.1162090301513672,-1.9332269430160522,-1.1156249046325684,-0.7446573972702026,7.999356269836426,5.59312629699707,0.015339684672653675,0.0,0.0,0.015339684672653675,0.009502172470092773,0.005837512202560902,0.3188107907772064,0.0,0.6340342164039612,0.3464580178260803,2.5932750701904297,0.0
0,81,None,False,"66,43,20,81,54,94,21,46,59,18",1.0842549800872803,-2.0597074031829834,-0.8917390704154968,-0.7740308046340942,7.999338626861572,5.630236625671387,0.02117910422384739,0.0,0.0,0.02117910422384739,0.005473136901855469,0.01570596732199192,0.6622083783149719,0.0,0.6431925296783447,0.2627749443054199,2.5932750701904297,0.0
0,82,None,False,"66,43,20,81,54,94,21,46,59,18",1.0664969682693481,-1.9306352138519287,-1.0128824710845947,-0.813849925994873,7.9995574951171875,6.067556858062744,0.016765177249908447,0.0,0.0,0.016765177249908447,0.004057049751281738,0.012708127498626709,0.6183775663375854,0.0,0.6604604721069336,0.2808636426925659,2.5932750701904297,0.0
0,83,None,False,"66,43,20,81,54,94,21,46,59,18",0.9526169896125793,-1.8880846500396729,-1.3125253915786743,-0.6283468008041382,7.999444961547852,3.4411849975585938,0.010800844058394432,0.0,0.0,0.010800844058394432,0.011199235916137695,-0.00039839185774326324,0.26721370220184326,0.0,0.8755420446395874,0.34290197491645813,2.5932750701904297,0.0
0,84,None,False,"66,43,20,81,54,94,21,46,59,18",1.0410749912261963,-2.0985500812530518,-1.4313952922821045,-0.8196170926094055,7.999232292175293,4.295668601989746,0.009473430924117565,0.0,0.0,0.009473430924117565,0.011242985725402832,-0.0017695548012852669,0.26632237434387207,0.0,0.9951860308647156,0.34679877758026123,2.5932750701904297,0.0
0,85,None,False,"66,43,20,81,54,94,21,46,59,18",1.1124948263168335,-2.212575912475586,-0.9998094439506531,-0.8392240405082703,7.999517917633057,5.074619293212891,0.0013350307708606124,0.0,0.0,0.0013350307708606124,0.0028564929962158203,-0.001521462225355208,0.3881557583808899,0.0,0.8413457870483398,0.3627871870994568,2.5932750701904297,0.0
0,86,None,False,"66,43,20,81,54,94,21,46,59,18",1.0484851598739624,-1.937252163887024,-0.9606610536575317,-0.7553234696388245,7.99949836730957,3.330103874206543,0.0006821214919909835,0.0,0.0,0.0006821214919909835,0.0018062591552734375,-0.001124137663282454,0.26741382479667664,0.0,0.9042150974273682,0.33859091997146606,2.5932750701904297,0.0
0,87,None,False,"66,43,20,81,54,94,21,46,59,18",1.018907904624939,-2.2566239833831787,-1.2522222995758057,-0.7843387126922607,7.999398708343506,4.903402328491211,0.01638009026646614,0.0,0.0,0.01638009026646614,0.005572676658630371,0.01080741360783577,0.5912647843360901,0.0,0.8619617223739624,0.32407820224761963,2.5932750701904297,0.0
0,88,None,False,"66,43,20,81,54,94,21,46,59,18",1.0158809423446655,-1.8902567625045776,-1.0696654319763184,-0.9290918111801147,7.999405384063721,5.915431499481201,0.011166912503540516,0.0,0.0,0.011166912503540516,0.004398941993713379,0.006767970509827137,0.5314968228340149,0.0,1.0912611484527588,0.33819061517715454,2.5932750701904297,0.0
0,89,None,False,"66,43,20,81,54,94,21,46,59,18",1.0177236795425415,-2.088109016418457,-1.1416021585464478,-0.8494762182235718,7.999614715576172,4.896785736083984,0.00739062437787652,0.0,0.0,0.00739062437787652,-0.0015183687210083008,0.008908992633223534,0.5696892142295837,0.0,1.012923002243042,0.33916226029396057,2.5932750701904297,0.0
0,90,None,False,"66,43,20,81,54,94,21,46,59,18",1.0805349349975586,-1.9526351690292358,-1.0915861129760742,-0.997199296951294,7.999470233917236,3.8374693393707275,0.013085240498185158,0.0,0.0,0.013085240498185158,0.006647944450378418,0.00643729604780674,0.6144012808799744,0.0,1.0988521575927734,0.4059043824672699,2.5932750701904297,0.0
0,91,None,False,"66,43,20,81,54,94,21,46,59,18",1.0228017568588257,-2.3516855239868164,-1.5111939907073975,-0.7735006213188171,7.99929666519165,6.365373611450195,0.008929205127060413,0.0,0.0,0.008929205127060413,0.0070334672927856445,0.0018957378342747688,0.47937384247779846,0.0,1.1733347177505493,0.4142228662967682,2.5932750701904297,0.0
0,92,Schedule,True,"29,77,48,63,9,128,54,102,7,98",1.0655404329299927,-1.99876070022583,-0.9558830261230469,-0.8803824186325073,7.99960470199585,6.510239601135254,-0.013471156358718872,0.05099999864896138,0.10199999729792276,-0.16647115349769592,-0.0009615421295166016,-0.16550961136817932,-2.6210432052612305,-13.057193756103516,1.0035984516143799,0.4086485803127289,2.5932750701904297,0.0
0,93,None,False,"29,77,48,63,9,128,54,102,7,98",1.1562395095825195,-1.9768873453140259,-1.007659912109375,-0.6837486028671265,7.999373435974121,4.996513843536377,-0.013902431353926659,0.0,0.0,-0.013902431353926659,-0.0026592016220092773,-0.011243229731917381,0.023025372996926308,0.0,1.1500788927078247,0.4652743339538574,2.5932750701904297,0.0
0,94,None,False,"29,77,48,63,9,128,54,102,7,98",1.0412050485610962,-2.029391288757324,-1.1331498622894287,-0.9460880160331726,7.999486923217773,6.005363464355469,-0.02107422426342964,0.0,0.0,-0.02107422426342964,-0.009316205978393555,-0.011758018285036087,0.08937668800354004,0.0,1.0632450580596924,0.454878568649292,2.5932750701904297,0.0
0,95,None,False,"29,77,48,63,9,128,54,102,7,98",1.1350449323654175,-2.222846508026123,-1.0617413520812988,-0.7978341579437256,7.99931001663208,7.323573112487793,-0.025654714554548264,0.0,0.0,-0.025654714554548264,-0.024122655391693115,-0.0015320591628551483,0.5304505228996277,0.0,1.1408538818359375,0.47167113423347473,2.5932750701904297,0.0
0,96,None,False,"29,77,48,63,9,128,54,102,7,98",1.0462610721588135,-1.951231598854065,-0.9996697902679443,-0.8812940716743469,7.999533176422119,6.4770708084106445,-0.0218255165964365,0.0,0.0,-0.0218255165964365,-0.022385001182556152,0.0005594845861196518,0.4154723882675171,0.0,1.0264240503311157,0.5669302940368652,2.5932750701904297,0.0
0,97,None,False,"29,77,48,63,9,128,54,102,7,98",1.0811659097671509,-2.519853353500366,-1.2265384197235107,-0.7226823568344116,7.9993815422058105,4.530287265777588,-0.006154126022011042,0.0,0.0,-0.006154126022011042,-0.009826838970184326,0.0036727129481732845,0.337824285030365,0.0,1.055991530418396,0.4507744312286377,2.5932750701904297,0.0
0,98,None,False,"29,77,48,63,9,128,54,102,7,98",1.116733193397522,-2.022346019744873,-0.882582426071167,-0.891327440738678,7.999516487121582,5.4955878257751465,-0.004582029767334461,0.0,0.0,-0.004582029767334461,-0.012758016586303711,0.00817598681896925,0.5220857262611389,0.0,0.9905287623405457,0.4765332043170929,2.5932750701904297,0.0
0,99,None,False,"29,77,48,63,9,128,54,102,7,98",1.0892438888549805,-1.8858363628387451,-1.2249360084533691,-0.7836156487464905,7.999545097351074,3.924222946166992,-0.0006530165555886924,0.0,0.0,-0.0006530165555886924,-0.0033302903175354004,0.002677273703739047,0.4309637248516083,0.0,0.9573594331741333,0.4186244606971741,2.5932750701904297,0.0
0,100,Struct Break (DC),True,"77,31,73,43,83,105,84,114,76,36",1.0974558591842651,-1.5528908967971802,-0.9729570150375366,-0.9680842757225037,7.999608039855957,2.6521451473236084,0.01188632845878601,0.05099999864896138,0.10199999729792276,-0.14111366868019104,0.003488302230834961,-0.144601970911026,-2.1216888427734375,-10.579242706298828,1.0025312900543213,0.43242311477661133,2.5932750701904297,0.0
0,101,None,False,"77,31,73,43,83,105,84,114,76,36",1.0619182586669922,-1.8571254014968872,-1.099346399307251,-0.8609147667884827,7.999560832977295,3.754971981048584,0.00755839329212904,0.0,0.0,0.00755839329212904,-0.0020132064819335938,0.009571599774062634,0.4864169657230377,0.0,1.0695505142211914,0.4824185073375702,2.5932750701904297,0.0
0,102,None,False,"77,31,73,43,83,105,84,114,76,36",1.038504958152771,-2.0915801525115967,-0.972030520439148,-0.9727813005447388,7.999580383300781,4.789406776428223,-0.0010384678607806563,0.0,0.0,-0.0010384678607806563,-0.00047528743743896484,-0.0005631804233416915,0.35446152091026306,0.0,1.0796949863433838,0.496361643075943,2.5932750701904297,0.0
0,103,None,False,"77,31,73,43,83,105,84,114,76,36",1.1011344194412231,-1.7956424951553345,-0.9807429313659668,-0.9293811917304993,7.999526023864746,4.01590633392334,0.009215259924530983,0.0,0.0,0.009215259924530983,0.014002442359924316,-0.0047871824353933334,0.297004371881485,0.0,0.7929929494857788,0.4614582657814026,2.5932750701904297,0.0
0,104,None,False,"77,31,73,43,83,105,84,114,76,36",1.0166409015655518,-1.8720691204071045,-1.2897906303405762,-0.7738054990768433,7.999336242675781,4.58198356628418,-0.008179688826203346,0.0,0.0,-0.008179688826203346,0.012392759323120117,-0.020572448149323463,0.2001115381717682,0.0,0.8185477256774902,0.40966537594795227,2.5932750701904297,0.0
0,105,None,False,"77,31,73,43,83,105,84,114,76,36",1.1026791334152222,-2.0522308349609375,-1.1329083442687988,-0.8368226289749146,7.999503135681152,5.377883434295654,-0.009201914072036743,0.0,0.0,-0.009201914072036743,0.020910978317260742,-0.030112892389297485,0.21439574658870697,0.0,0.8200516700744629,0.40938031673431396,2.5932750701904297,0.0
0,106,None,False,"77,31,73,43,83,105,84,114,76,36",1.0796586275100708,-1.9722620248794556,-1.1385024785995483,-0.7977791428565979,7.999622821807861,3.924717664718628,0.003933030180633068,0.0,0.0,0.003933030180633068,0.024500489234924316,-0.020567458122968674,0.15500439703464508,0.0,0.8302645683288574,0.3970903158187866,2.5932750701904297,0.0
0,107,None,False,"77,31,73,43,83,105,84,114,76,36",1.0526013374328613,-2.1340255737304688,-0.9318481683731079,-0.9065344929695129,7.999627113342285,4.0803422927856445,0.0030894458759576082,0.0,0.0,0.0030894458759576082,0.020259499549865723,-0.017170052975416183,0.007510636933147907,0.0,0.810164213180542,0.32210880517959595,2.5932750701904297,0.0
0,108,None,False,"77,31,73,43,83,105,84,114,76,36",1.0918595790863037,-1.975684642791748,-1.1984000205993652,-0.8922423124313354,7.999467372894287,5.53427267074585,0.006154912523925304,0.0,0.0,0.006154912523925304,0.016449689865112305,-0.010294777341187,-0.09324613213539124,0.0,0.8148639798164368,0.3389625549316406,2.5932750701904297,0.0
0,109,None,False,"77,31,73,43,83,105,84,114,76,36",1.1382813453674316,-1.9805779457092285,-0.9808329343795776,-0.9931070804595947,7.9994025230407715,5.932795524597168,0.031982798129320145,0.0,0.0,0.031982798129320145,0.03040170669555664,0.001581091433763504,0.4012386202812195,0.0,0.7310173511505127,0.4000706076622009,2.5932750701904297,0.0
0,110,None,False,"77,31,73,43,83,105,84,114,76,36",1.1097928285598755,-2.169142723083496,-1.1623854637145996,-0.8908799290657043,7.999575614929199,4.823050498962402,0.03345993161201477,0.0,0.0,0.03345993161201477,0.03037583827972412,0.0030840933322906494,0.4179484248161316,0.0,0.7590261697769165,0.34273988008499146,2.5932750701904297,0.0
0,111,None,False,"77,31,73,43,83,105,84,114,76,36",1.082399845123291,-1.9280067682266235,-1.1255896091461182,-0.9488447904586792,7.9995880126953125,4.323200702667236,0.03128911182284355,0.0,0.0,0.03128911182284355,0.029688239097595215,0.0016008727252483368,0.33720818161964417,0.0,0.9197980165481567,0.37122735381126404,2.5932750701904297,0.0
0,112,None,False,"77,31,73,43,83,105,84,114,76,36",1.121965765953064,-2.2018520832061768,-1.15366530418396,-0.8682622909545898,7.999545097351074,4.237730026245117,0.026950985193252563,0.0,0.0,0.026950985193252563,0.033661723136901855,-0.006710737943649292,0.21638940274715424,0.0,0.9325318336486816,0.3427547812461853,2.5932750701904297,0.0
0,113,None,False,"77,31,73,43,83,105,84,114,76,36",1.1062895059585571,-1.9340131282806396,-1.234679937362671,-0.9006690382957458,7.99945068359375,3.744396686553955,0.032471317797899246,0.0,0.0,0.032471317797899246,0.04076051712036133,-0.008289199322462082,0.3580102324485779,0.0,0.9315215349197388,0.3400871455669403,2.5932750701904297,0.0
0,114,Schedule,True,"24,54,25,60,103,124,78,76,77,51",1.042711615562439,-1.7492456436157227,-1.1868213415145874,-0.6375066041946411,7.9993896484375,5.15573787689209,0.022926753386855125,0.04533333400885264,0.09066666801770527,-0.11307325959205627,0.023769617080688477,-0.13684287667274475,-2.3834497928619385,-11.894675254821777,0.96822190284729,0.3276490569114685,2.5932750701904297,0.0
0,115,None,False,"24,54,25,60,103,124,78,76,77,51",1.0264090299606323,-2.0471339225769043,-1.1443208456039429,-0.8022226095199585,7.999535083770752,5.065356254577637,0.01788095198571682,0.0,0.0,0.01788095198571682,0.021952509880065918,-0.004071557894349098,0.37123119831085205,0.0,0.8024920225143433,0.32981622219085693,2.5932750701904297,0.0
0,116,None,False,"24,54,25,60,103,124,78,76,77,51",1.1515885591506958,-1.9350875616073608,-1.0761688947677612,-1.1161783933639526,7.999459743499756,6.037504196166992,0.013027560897171497,0.0,0.0,0.013027560897171497,0.011499404907226562,0.0015281559899449348,0.5045548677444458,0.0,0.938478946685791,0.32671546936035156,2.5932750701904297,0.0
0,117,None,False,"24,54,25,60,103,124,78,76,77,51",0.9879002571105957,-2.027269124984741,-1.1614530086517334,-0.7974470257759094,7.999429702758789,6.555304527282715,0.013973891735076904,0.0,0.0,0.013973891735076904,0.011912226676940918,0.0020616650581359863,0.32964175939559937,0.0,1.1517701148986816,0.3444858193397522,2.5932750701904297,0.0
0,118,None,False,"24,54,25,60,103,124,78,76,77,51",1.1127909421920776,-2.027467727661133,-1.1176761388778687,-0.6871417760848999,7.999467849731445,4.171914100646973,-0.0007580936071462929,0.0,0.0,-0.0007580936071462929,0.004590034484863281,-0.005348128266632557,0.3563416004180908,0.0,0.9610151052474976,0.3469645380973816,2.5932750701904297,0.0
0,119,None,False,"24,54,25,60,103,124,78,76,77,51",1.100964069366455,-2.188689947128296,-1.2042380571365356,-0.6853073835372925,7.999442100524902,3.6433842182159424,0.009793984703719616,0.0,0.0,0.009793984703719616,0.004304409027099609,0.0054895756766200066,0.56532883644104,0.0,0.894466757774353,0.3406682014465332,2.5932750701904297,0.0
0,120,None,False,"24,54,25,60,103,124,78,76,77,51",1.071507453918457,-2.052734375,-0.9351036548614502,-0.998913049697876,7.999485015869141,4.8557538986206055,0.031475793570280075,0.0,0.0,0.031475793570280075,0.011382818222045898,0.020092975348234177,0.8224849700927734,0.0,0.7304025888442993,0.3281206488609314,2.5932750701904297,0.0
0,121,None,False,"24,54,25,60,103,124,78,76,77,51",1.1266897916793823,-1.9724169969558716,-0.8964280486106873,-0.6292802095413208,7.999412536621094,5.186825275421143,0.03942849114537239,0.0,0.0,0.03942849114537239,0.028179168701171875,0.011249322444200516,0.5494723916053772,0.0,0.8006632328033447,0.38975948095321655,2.5932750701904297,0.0
0,122,None,False,"24,54,25,60,103,124,78,76,77,51",1.0966931581497192,-1.6722843647003174,-0.8500914573669434,-0.8903710246086121,7.999465465545654,5.244901657104492,0.020142395049333572,0.0,0.0,0.020142395049333572,0.022061705589294434,-0.0019193105399608612,0.33188554644584656,0.0,0.6336817741394043,0.32926708459854126,2.5932750701904297,0.0
0,123,None,False,"24,54,25,60,103,124,78,76,77,51",1.093599557876587,-2.019798755645752,-1.0931514501571655,-0.8133732080459595,7.99953031539917,3.0426690578460693,0.02999408170580864,0.0,0.0,0.02999408170580864,0.02290356159210205,0.007090520113706589,0.37021926045417786,0.0,0.6167008876800537,0.276501327753067,2.5932750701904297,0.0
0,124,None,False,"24,54,25,60,103,124,78,76,77,51",0.9442819952964783,-2.2794582843780518,-1.0788352489471436,-0.9543548822402954,7.999473571777344,4.3553876876831055,0.010509401559829712,0.0,0.0,0.010509401559829712,0.014943480491638184,-0.004434078931808472,0.0715678483247757,0.0,0.814757227897644,0.3545079231262207,2.5932750701904297,0.0
0,125,None,False,"24,54,25,60,103,124,78,76,77,51",1.078403115272522,-2.2744388580322266,-1.4801892042160034,-0.6131876111030579,7.99929141998291,5.28260612487793,0.005538314580917358,0.0,0.0,0.005538314580917358,0.005183577537536621,0.0003547370433807373,0.25331905484199524,0.0,0.7276327610015869,0.3319361209869385,2.5932750701904297,0.0
0,126,None,False,"24,54,25,60,103,124,78,76,77,51",1.1173175573349,-2.210440158843994,-1.1536760330200195,-0.9738034009933472,7.999457359313965,6.520248889923096,7.106065459083766e-05,0.0,0.0,7.106065459083766e-05,0.0015915632247924805,-0.0015205026138573885,0.18125669658184052,0.0,0.7831100225448608,0.2790199816226959,2.5932750701904297,0.0
0,127,None,False,"24,54,25,60,103,124,78,76,77,51",1.0516855716705322,-2.00858736038208,-1.0892413854599,-0.7112699151039124,7.999293804168701,4.8462700843811035,0.0015956342685967684,0.0,0.0,0.0015956342685967684,0.0036797523498535156,-0.0020841180812567472,0.4865551292896271,0.0,0.8693632483482361,0.27089881896972656,2.5932750701904297,0.0
0,0,Schedule | Regime Shift (Initial),True,"29,120,47,137,112,12,52,21,77,94",1.0736960172653198,-1.8862977027893066,-0.8947641849517822,-0.9485149383544922,7.999296188354492,4.926584720611572,-0.015561675652861595,0.0,0.0,-0.015561675652861595,-0.00790029764175415,-0.007661378011107445,-0.28065794706344604,-1.44357168674469,0.9941658973693848,0.3756100535392761,2.277430534362793,0.0
0,1,None,False,"29,120,47,137,112,12,52,21,77,94",1.0092085599899292,-2.250436782836914,-1.0387656688690186,-0.7661604881286621,7.998961448669434,5.396042346954346,-0.020729178562760353,0.0,0.0,-0.020729178562760353,-0.010489284992218018,-0.010239893570542336,-0.061392683535814285,0.0,1.0439478158950806,0.4569278955459595,2.277430534362793,0.0
0,2,None,False,"29,120,47,137,112,12,52,21,77,94",1.0592989921569824,-1.9499410390853882,-1.052343487739563,-0.8025334477424622,7.999138832092285,6.314244747161865,-0.0014552951324731112,0.0,0.0,-0.0014552951324731112,-0.0015211701393127441,6.587500683963299e-05,0.18823257088661194,0.0,1.1856660842895508,0.2841944098472595,2.277430534362793,0.0
0,3,None,False,"29,120,47,137,112,12,52,21,77,94",1.0779049396514893,-1.901100516319275,-0.935791015625,-1.0694458484649658,7.999320983886719,4.341547966003418,0.0344284251332283,0.0,0.0,0.0344284251332283,0.01766979694366455,0.01675862818956375,0.7672410011291504,0.0,1.2045106887817383,0.30632156133651733,2.277430534362793,0.0
0,4,None,False,"29,120,47,137,112,12,52,21,77,94",1.011494517326355,-1.9906710386276245,-1.1400843858718872,-0.7294888496398926,7.999237060546875,3.771265745162964,0.04669738933444023,0.0,0.0,0.04669738933444023,0.025389671325683594,0.021307718008756638,0.808923602104187,0.0,1.0939761400222778,0.29029369354248047,2.277430534362793,0.0
0,5,None,False,"29,120,47,137,112,12,52,21,77,94",1.0984914302825928,-2.0611214637756348,-1.1119595766067505,-0.8063156604766846,7.999115467071533,4.842690944671631,0.025581438094377518,0.0,0.0,0.025581438094377518,0.012202262878417969,0.013379175215959549,0.5169722437858582,0.0,1.064236044883728,0.30621033906936646,2.277430534362793,0.0
0,6,None,False,"29,120,47,137,112,12,52,21,77,94",1.0688197612762451,-2.272733449935913,-1.256716012954712,-0.775166392326355,7.998929023742676,5.393434524536133,0.016825944185256958,0.0,0.0,0.016825944185256958,0.004654645919799805,0.012171298265457153,0.5186781883239746,0.0,0.9377713203430176,0.2958250045776367,2.277430534362793,0.0
0,7,None,False,"29,120,47,137,112,12,52,21,77,94",1.0615158081054688,-1.7815189361572266,-0.677530825138092,-1.0421240329742432,7.999295234680176,5.344136714935303,-0.00904536247253418,0.0,0.0,-0.00904536247253418,-0.0013818740844726562,-0.0076634883880615234,0.07685691863298416,0.0,0.9316996335983276,0.3179122805595398,2.277430534362793,0.0
0,8,None,False,"29,120,47,137,112,12,52,21,77,94",1.0690360069274902,-1.8771367073059082,-0.8560435175895691,-0.8134869337081909,7.999351978302002,5.484799385070801,-0.01855219528079033,0.0,0.0,-0.01855219528079033,-0.008931636810302734,-0.009620558470487595,-0.07949959486722946,0.0,0.9331590533256531,0.3087560832500458,2.277430534362793,0.0
0,9,None,False,"29,120,47,137,112,12,52,21,77,94",1.0152759552001953,-1.8963028192520142,-0.8456937074661255,-0.842448353767395,7.999316692352295,5.1598076820373535,-0.020957523956894875,0.0,0.0,-0.020957523956894875,-0.004313468933105469,-0.016644055023789406,-0.5925548076629639,0.0,0.814378023147583,0.3145536780357361,2.277430534362793,0.0
0,10,None,False,"29,120,47,137,112,12,52,21,77,94",0.9382879734039307,-2.016063928604126,-1.0523110628128052,-0.8060005903244019,7.9993510246276855,4.093707084655762,-0.021701615303754807,0.0,0.0,-0.021701615303754807,-0.005433440208435059,-0.016268175095319748,-0.2439500242471695,0.0,0.7113678455352783,0.3252564072608948,2.277430534362793,0.0
0,11,None,False,"29,120,47,137,112,12,52,21,77,94",1.063308596611023,-2.174246072769165,-1.0492781400680542,-0.8340720534324646,7.999022006988525,5.018441677093506,0.005674439482390881,0.0,0.0,0.005674439482390881,0.0027464628219604492,0.0029279766604304314,0.04113646224141121,0.0,0.8069291710853577,0.28898149728775024,2.277430534362793,0.0
0,12,None,False,"29,120,47,137,112,12,52,21,77,94",1.0591585636138916,-1.8749117851257324,-0.9193285703659058,-0.9160986542701721,7.999269485473633,5.017793655395508,0.016142606735229492,0.0,0.0,0.016142606735229492,0.007449626922607422,0.00869297981262207,0.16207355260849,0.0,0.7241567373275757,0.31710246205329895,2.277430534362793,0.0
0,13,None,False,"29,120,47,137,112,12,52,21,77,94",1.0537866353988647,-1.9134081602096558,-0.9245305061340332,-0.9271184802055359,7.999370098114014,3.7671008110046387,0.1231963038444519,0.0,0.0,0.1231963038444519,0.031407952308654785,0.09178835153579712,2.0246551036834717,0.0,0.7851903438568115,0.3676953911781311,2.277430534362793,0.0
0,14,Schedule,True,"26,137,75,25,2,71,40,21,100,58",1.0833295583724976,-1.9230639934539795,-0.9302383661270142,-1.0352023839950562,7.999589443206787,3.5421011447906494,0.1309410035610199,0.04533333400885264,0.09066666801770527,-0.005059011280536652,0.03394210338592529,-0.039001114666461945,0.4724055528640747,2.2943551540374756,0.7730166912078857,0.37588387727737427,2.277430534362793,0.0
0,15,None,False,"26,137,75,25,2,71,40,21,100,58",1.0990959405899048,-1.8642479181289673,-1.0873219966888428,-0.8385103940963745,7.999340057373047,3.2548747062683105,0.13835647702217102,0.0,0.0,0.13835647702217102,0.03475141525268555,0.10360506176948547,3.767237901687622,0.0,0.7902660965919495,0.31532353162765503,2.277430534362793,0.0
0,16,None,False,"26,137,75,25,2,71,40,21,100,58",1.0758236646652222,-2.0599727630615234,-0.9525836706161499,-0.7891453504562378,7.999196529388428,4.141685962677002,0.12778586149215698,0.0,0.0,0.12778586149215698,0.030156850814819336,0.09762901067733765,2.5948567390441895,0.0,0.7404870986938477,0.3006742596626282,2.277430534362793,0.0
0,17,None,False,"26,137,75,25,2,71,40,21,100,58",1.104771614074707,-1.9919524192810059,-1.0003125667572021,-1.086541771888733,7.999245643615723,6.325546741485596,0.11910855770111084,0.0,0.0,0.11910855770111084,0.02871537208557129,0.09039318561553955,1.7626826763153076,0.0,0.8024611473083496,0.28560638427734375,2.277430534362793,0.0
0,18,None,False,"26,137,75,25,2,71,40,21,100,58",1.0740110874176025,-2.03753924369812,-1.1132569313049316,-0.7409920692443848,7.999208927154541,5.57977819442749,0.015128254890441895,0.0,0.0,0.015128254890441895,0.005548715591430664,0.00957953929901123,0.48680150508880615,0.0,0.8696919679641724,0.3492271304130554,2.277430534362793,0.0
0,19,None,False,"26,137,75,25,2,71,40,21,100,58",0.9700380563735962,-2.19879150390625,-1.2447535991668701,-0.901500940322876,7.9991865158081055,5.178878307342529,0.0009470403310842812,0.0,0.0,0.0009470403310842812,0.010553240776062012,-0.009606200270354748,-0.03484174981713295,0.0,1.055701494216919,0.46161675453186035,2.277430534362793,0.0
0,20,None,False,"26,137,75,25,2,71,40,21,100,58",1.0601140260696411,-2.034761667251587,-1.0314213037490845,-0.834140419960022,7.999293804168701,5.0206499099731445,-0.003541195299476385,0.0,0.0,-0.003541195299476385,0.009955525398254395,-0.013496721163392067,-0.07441947609186172,0.0,0.917151689529419,0.4282054603099823,2.277430534362793,0.0
0,21,None,False,"26,137,75,25,2,71,40,21,100,58",1.156393051147461,-2.0199382305145264,-1.0023467540740967,-0.7896723747253418,7.9991984367370605,4.6429290771484375,-0.000376152980607003,0.0,0.0,-0.000376152980607003,0.010578632354736328,-0.010954785160720348,-0.13979341089725494,0.0,0.9207843542098999,0.3282017111778259,2.277430534362793,0.0
0,22,None,False,"26,137,75,25,2,71,40,21,100,58",1.0102366209030151,-2.389944553375244,-0.8333163857460022,-1.2808207273483276,7.999442100524902,6.714366436004639,-0.012428170070052147,0.0,0.0,-0.012428170070052147,-0.0022149085998535156,-0.010213261470198631,-0.1313013732433319,0.0,0.8652496337890625,0.4500042200088501,2.277430534362793,0.0
0,23,None,False,"26,137,75,25,2,71,40,21,100,58",1.0750508308410645,-1.9690104722976685,-1.0481479167938232,-0.8495890498161316,7.999210357666016,5.735686779022217,-0.012719154357910156,0.0,0.0,-0.012719154357910156,-0.0009557604789733887,-0.011763393878936768,0.0795339047908783,0.0,0.8035378456115723,0.37165161967277527,2.277430534362793,0.0
0,24,None,False,"26,137,75,25,2,71,40,21,100,58",1.1175910234451294,-1.8506484031677246,-0.7553182244300842,-1.26432204246521,7.999338150024414,4.527456760406494,-0.025317197665572166,0.0,0.0,-0.025317197665572166,-0.014088034629821777,-0.011229163035750389,0.005897787865251303,0.0,0.80792236328125,0.29344281554222107,2.277430534362793,0.0
0,25,None,False,"26,137,75,25,2,71,40,21,100,58",1.0731841325759888,-1.951564908027649,-0.8198326826095581,-1.2226239442825317,7.999438762664795,4.863465785980225,-0.027486782521009445,0.0,0.0,-0.027486782521009445,-0.017726778984069824,-0.009760003536939621,-0.13299071788787842,0.0,0.6725534796714783,0.3137196898460388,2.277430534362793,0.0
0,26,None,False,"26,137,75,25,2,71,40,21,100,58",1.0405265092849731,-2.160444736480713,-0.9308689832687378,-1.0002551078796387,7.99922513961792,3.8473775386810303,-0.02271801233291626,0.0,0.0,-0.02271801233291626,-0.011887013912200928,-0.010830998420715332,-0.16797524690628052,0.0,0.6917489767074585,0.355209082365036,2.277430534362793,0.0
0,27,None,False,"26,137,75,25,2,71,40,21,100,58",0.9177542328834534,-2.190682888031006,-1.1012694835662842,-0.953812837600708,7.999208450317383,5.672224521636963,-0.00983249582350254,0.0,0.0,-0.00983249582350254,-0.003258049488067627,-0.006574446335434914,0.1719418168067932,0.0,0.8752132654190063,0.31515100598335266,2.277430534362793,0.0
0,28,Schedule,True,"81,75,43,89,24,119,32,70,129,48",1.0515637397766113,-1.9580943584442139,-1.0401064157485962,-1.0133137702941895,7.999377727508545,5.370334148406982,0.01584681309759617,0.05099999864896138,0.10199999729792276,-0.13715317845344543,0.0035430192947387695,-0.1406961977481842,-0.8159746527671814,-4.097164630889893,0.9150581359863281,0.37860751152038574,2.277430534362793,0.0
0,29,None,False,"81,75,43,89,24,119,32,70,129,48",1.069016695022583,-1.9219731092453003,-1.0792057514190674,-0.9550058841705322,7.99924898147583,4.289059638977051,0.0524919256567955,0.0,0.0,0.0524919256567955,0.020305156707763672,0.03218676894903183,1.375351071357727,0.0,0.9269143342971802,0.35057225823402405,2.277430534362793,0.0
0,30,None,False,"81,75,43,89,24,119,32,70,129,48",0.9916549324989319,-2.109410285949707,-1.2005677223205566,-0.6436376571655273,7.998863697052002,6.685865879058838,0.05410658195614815,0.0,0.0,0.05410658195614815,0.03184378147125244,0.022262800484895706,1.0566308498382568,0.0,0.8206552863121033,0.2962486743927002,2.277430534362793,0.0
0,31,None,False,"81,75,43,89,24,119,32,70,129,48",0.954541802406311,-2.029867172241211,-0.8718869090080261,-1.0012985467910767,7.9995808601379395,5.737151622772217,0.044465504586696625,0.0,0.0,0.044465504586696625,0.027257204055786133,0.017208300530910492,0.7709951400756836,0.0,0.7241499423980713,0.299966424703598,2.277430534362793,0.0
0,32,None,False,"81,75,43,89,24,119,32,70,129,48",1.0150957107543945,-2.3215525150299072,-1.1517990827560425,-0.9053640365600586,7.99910831451416,5.750003814697266,0.04303831607103348,0.0,0.0,0.04303831607103348,0.02784121036529541,0.015197105705738068,0.748516321182251,0.0,0.5902130007743835,0.3176172971725464,2.277430534362793,0.0
0,33,None,False,"81,75,43,89,24,119,32,70,129,48",1.071008563041687,-2.0758326053619385,-1.021589994430542,-0.8641577959060669,7.999316215515137,4.862120628356934,0.0372421070933342,0.0,0.0,0.0372421070933342,0.02398681640625,0.013255290687084198,0.6619243025779724,0.0,0.5228466987609863,0.32497715950012207,2.277430534362793,0.0
0,34,None,False,"81,75,43,89,24,119,32,70,129,48",1.0606093406677246,-2.0672523975372314,-0.8458729982376099,-0.8801477551460266,7.999485492706299,4.168219566345215,0.013867855072021484,0.0,0.0,0.013867855072021484,0.018419742584228516,-0.004551887512207031,0.050663676112890244,0.0,0.5910565853118896,0.3103426396846771,2.277430534362793,0.0
0,35,None,False,"81,75,43,89,24,119,32,70,129,48",1.0265223979949951,-1.9001810550689697,-0.9104099273681641,-0.9687214493751526,7.999312400817871,3.903966188430786,0.019972896203398705,0.0,0.0,0.019972896203398705,0.016434311866760254,0.0035385843366384506,-0.09000948071479797,0.0,0.6332233548164368,0.2974008321762085,2.277430534362793,0.0
0,36,None,False,"81,75,43,89,24,119,32,70,129,48",0.9111026525497437,-2.4896438121795654,-1.0194730758666992,-0.8617542386054993,7.998966693878174,7.171458721160889,0.0284956693649292,0.0,0.0,0.0284956693649292,0.021541595458984375,0.006954073905944824,0.2471199929714203,0.0,0.6194442510604858,0.3151642084121704,2.277430534362793,0.0
0,37,None,False,"81,75,43,89,24,119,32,70,129,48",1.096119999885559,-1.8565349578857422,-1.0224273204803467,-1.0851387977600098,7.999147891998291,6.7319183349609375,0.033541690558195114,0.0,0.0,0.033541690558195114,0.033011794090270996,0.000529896467924118,0.2725335657596588,0.0,0.6532168388366699,0.3188994526863098,2.277430534362793,0.0
0,38,None,False,"81,75,43,89,24,119,32,70,129,48",0.9928464293479919,-1.7373486757278442,-0.8482428193092346,-0.8561126589775085,7.999228000640869,5.474410057067871,0.03396139666438103,0.0,0.0,0.03396139666438103,0.02772533893585205,0.0062360577285289764,0.3964053988456726,0.0,0.589512050151825,0.2828059494495392,2.277430534362793,0.0
0,39,None,False,"81,75,43,89,24,119,32,70,129,48",1.0851997137069702,-2.1166038513183594,-1.0980384349822998,-0.9326996803283691,7.999143123626709,5.290192127227783,0.034129656851291656,0.0,0.0,0.034129656851291656,0.03064417839050293,0.003485478460788727,0.3632904291152954,0.0,0.5457206964492798,0.32569342851638794,2.277430534362793,0.0
0,40,None,False,"81,75,43,89,24,119,32,70,129,48",1.0836758613586426,-1.8631340265274048,-0.8356384038925171,-1.038609266281128,7.999389171600342,4.769626617431641,0.023215526714920998,0.0,0.0,0.023215526714920998,0.019495368003845215,0.0037201587110757828,0.6020151376724243,0.0,0.6271576881408691,0.2467782199382782,2.277430534362793,0.0
0,41,None,False,"81,75,43,89,24,119,32,70,129,48",1.0406628847122192,-1.6904046535491943,-0.9201145768165588,-1.0762208700180054,7.999340057373047,3.4450221061706543,0.024458546191453934,0.0,0.0,0.024458546191453934,0.020432472229003906,0.0040260739624500275,0.4454804062843323,0.0,0.5765461325645447,0.2664332985877991,2.277430534362793,0.0
0,42,Schedule,True,"72,33,122,34,51,70,30,36,54,80",0.9742637872695923,-2.137518882751465,-0.8649943470954895,-1.0549370050430298,7.999678134918213,4.803110599517822,0.015017693862318993,0.05099999864896138,0.10199999729792276,-0.1379823088645935,0.02043449878692627,-0.15841680765151978,-1.4027503728866577,-7.007540225982666,0.555048942565918,0.23385575413703918,2.277430534362793,0.0
0,43,None,False,"72,33,122,34,51,70,30,36,54,80",1.0890544652938843,-1.9597402811050415,-1.0814170837402344,-1.0307135581970215,7.999192237854004,5.4641547203063965,0.032199304550886154,0.0,0.0,0.032199304550886154,0.030266284942626953,0.001933019608259201,0.22874101996421814,0.0,0.49246734380722046,0.23459771275520325,2.277430534362793,0.0
0,44,None,False,"72,33,122,34,51,70,30,36,54,80",0.9972573518753052,-2.012549877166748,-1.2240009307861328,-0.8256672620773315,7.999497890472412,5.074428081512451,0.0235078576952219,0.0,0.0,0.0235078576952219,0.02102077007293701,0.0024870876222848892,0.22973006963729858,0.0,0.6549498438835144,0.24190808832645416,2.277430534362793,0.0
0,45,None,False,"72,33,122,34,51,70,30,36,54,80",1.0580880641937256,-1.929819941520691,-0.9479146003723145,-0.7818504571914673,7.99922513961792,4.509355545043945,0.02387126162648201,0.0,0.0,0.02387126162648201,0.023798108100891113,7.31535255908966e-05,0.28439971804618835,0.0,0.6370865702629089,0.24974732100963593,2.277430534362793,0.0
0,46,None,False,"72,33,122,34,51,70,30,36,54,80",1.0517420768737793,-2.2491064071655273,-0.9621118903160095,-0.922543466091156,7.999223709106445,5.3049421310424805,0.00867551565170288,0.0,0.0,0.00867551565170288,0.010439157485961914,-0.0017636418342590332,0.3971022963523865,0.0,0.6371341943740845,0.23278354108333588,2.277430534362793,0.0
0,47,None,False,"72,33,122,34,51,70,30,36,54,80",0.9951257109642029,-1.9730403423309326,-1.06966233253479,-0.706134557723999,7.999220371246338,4.876352787017822,0.0009587287786416709,0.0,0.0,0.0009587287786416709,0.004201531410217285,-0.0032428025733679533,0.09697426855564117,0.0,0.8103359341621399,0.32781070470809937,2.277430534362793,0.0
0,48,None,False,"72,33,122,34,51,70,30,36,54,80",1.0806127786636353,-2.006209135055542,-0.9267926216125488,-0.8644645810127258,7.999303340911865,4.088752746582031,-0.021157223731279373,0.0,0.0,-0.021157223731279373,-0.01209867000579834,-0.009058553725481033,-0.18763376772403717,0.0,0.6807584762573242,0.31229543685913086,2.277430534362793,0.0
0,49,None,False,"72,33,122,34,51,70,30,36,54,80",1.1084184646606445,-2.2196996212005615,-1.089234709739685,-0.9770782589912415,7.9993205070495605,3.421861410140991,-0.021906476467847824,0.0,0.0,-0.021906476467847824,-0.011439383029937744,-0.01046709343791008,-0.0720042884349823,0.0,0.7968084812164307,0.29542696475982666,2.277430534362793,0.0
0,50,None,False,"72,33,122,34,51,70,30,36,54,80",1.0736442804336548,-2.0921597480773926,-1.1084380149841309,-0.7475593090057373,7.999068260192871,4.689017295837402,-0.021527672186493874,0.0,0.0,-0.021527672186493874,-0.008724629878997803,-0.01280304230749607,-0.29769784212112427,0.0,0.8156006336212158,0.3276320695877075,2.277430534362793,0.0
0,51,None,False,"72,33,122,34,51,70,30,36,54,80",1.0291260480880737,-1.8938446044921875,-1.032301664352417,-0.846960186958313,7.999455451965332,3.4149527549743652,-0.0010056734317913651,0.0,0.0,-0.0010056734317913651,-0.00025773048400878906,-0.0007479429477825761,0.4028773009777069,0.0,0.7640118598937988,0.30777400732040405,2.277430534362793,0.0
0,52,None,False,"72,33,122,34,51,70,30,36,54,80",1.0067925453186035,-1.835288643836975,-1.2080678939819336,-0.9868944883346558,7.999042510986328,4.653587341308594,0.019181877374649048,0.0,0.0,0.019181877374649048,0.0006014108657836914,0.018580466508865356,0.66925448179245,0.0,0.7596861124038696,0.38723671436309814,2.277430534362793,0.0
0,53,None,False,"72,33,122,34,51,70,30,36,54,80",1.144063949584961,-2.1251883506774902,-1.0162734985351562,-0.9899784922599792,7.999001502990723,4.924267768859863,0.02946833334863186,0.0,0.0,0.02946833334863186,0.014977693557739258,0.014490639790892601,0.5738187432289124,0.0,0.7722050547599792,0.3757609724998474,2.277430534362793,0.0
0,54,None,False,"72,33,122,34,51,70,30,36,54,80",1.0458165407180786,-2.0257229804992676,-0.9085936546325684,-1.203764796257019,7.999514102935791,5.463701248168945,0.0449204221367836,0.0,0.0,0.0449204221367836,0.02140629291534424,0.02351412922143936,0.7773163318634033,0.0,0.8760258555412292,0.3668931722640991,2.277430534362793,0.0
0,55,None,False,"72,33,122,34,51,70,30,36,54,80",1.0613234043121338,-2.2561464309692383,-1.258053183555603,-0.7967763543128967,7.998899459838867,5.799210548400879,0.05593867972493172,0.0,0.0,0.05593867972493172,0.020980000495910645,0.03495867922902107,0.9762926697731018,0.0,0.9860937595367432,0.3789380192756653,2.277430534362793,0.0
0,56,Schedule,True,"75,51,32,45,69,59,72,70,33,130",1.00203275680542,-2.0618083477020264,-1.3973212242126465,-0.8113770484924316,7.999002456665039,5.0544657707214355,0.04999065399169922,0.03400000135103861,0.06800000270207722,-0.052009351551532745,0.01896536350250244,-0.07097471505403519,-0.5912795066833496,-2.988226890563965,1.0660988092422485,0.46016979217529297,2.277430534362793,0.0
0,57,None,False,"75,51,32,45,69,59,72,70,33,130",1.0087077617645264,-1.7391070127487183,-1.047532320022583,-0.878233790397644,7.999022483825684,3.735607147216797,0.02423453889787197,0.0,0.0,0.02423453889787197,0.010058999061584473,0.014175539836287498,0.7122789621353149,0.0,1.225978136062622,0.47471123933792114,2.277430534362793,0.0
0,58,None,False,"75,51,32,45,69,59,72,70,33,130",1.079230546951294,-1.9161136150360107,-0.9355683326721191,-0.8189208507537842,7.999322891235352,4.756148338317871,0.030318867415189743,0.0,0.0,0.030318867415189743,0.007376670837402344,0.0229421965777874,0.8160797357559204,0.0,1.225398302078247,0.4112716317176819,2.277430534362793,0.0
0,59,None,False,"75,51,32,45,69,59,72,70,33,130",0.9914424419403076,-2.0549354553222656,-0.8333622813224792,-1.126936912536621,7.99938440322876,4.655402183532715,0.014961856417357922,0.0,0.0,0.014961856417357922,0.002553701400756836,0.012408155016601086,0.6703193783760071,0.0,1.1794785261154175,0.41432344913482666,2.277430534362793,0.0
0,60,None,False,"75,51,32,45,69,59,72,70,33,130",1.0204952955245972,-2.1503565311431885,-0.896899402141571,-0.9251065254211426,7.999314785003662,3.6826181411743164,0.018386494368314743,0.0,0.0,0.018386494368314743,0.012272834777832031,0.006113659590482712,0.4977608323097229,0.0,1.1435034275054932,0.41358545422554016,2.277430534362793,0.0
0,61,None,False,"75,51,32,45,69,59,72,70,33,130",1.0779658555984497,-1.920373558998108,-1.0912983417510986,-0.892271876335144,7.999424457550049,3.961484909057617,0.033188603818416595,0.0,0.0,0.033188603818416595,0.017008423805236816,0.01618018001317978,0.7590671181678772,0.0,0.9805662631988525,0.3899018168449402,2.277430534362793,0.0
0,62,None,False,"75,51,32,45,69,59,72,70,33,130",0.9980257749557495,-2.207099199295044,-1.2518444061279297,-0.9363232254981995,7.999032497406006,4.397706985473633,0.0587959885597229,0.0,0.0,0.0587959885597229,0.027800917625427246,0.030995070934295654,0.9618836641311646,0.0,1.2542774677276611,0.34707528352737427,2.277430534362793,0.0
0,63,None,False,"75,51,32,45,69,59,72,70,33,130",1.1024978160858154,-2.163571834564209,-0.9825536608695984,-0.6811496019363403,7.999037265777588,4.760197162628174,0.054040879011154175,0.0,0.0,0.054040879011154175,0.023672103881835938,0.030368775129318237,0.8636237382888794,0.0,1.2761247158050537,0.3749135136604309,2.277430534362793,0.0
0,64,None,False,"75,51,32,45,69,59,72,70,33,130",1.094544529914856,-1.859906554222107,-0.9360049962997437,-0.7826837301254272,7.999346733093262,4.360091686248779,0.0404268316924572,0.0,0.0,0.0404268316924572,0.015566110610961914,0.024860721081495285,0.7646597623825073,0.0,1.3083076477050781,0.35662519931793213,2.277430534362793,0.0
0,65,None,False,"75,51,32,45,69,59,72,70,33,130",1.0979446172714233,-1.9924499988555908,-1.0151194334030151,-1.0707018375396729,7.999223709106445,3.8875343799591064,0.021861404180526733,0.0,0.0,0.021861404180526733,0.00912320613861084,0.012738198041915894,0.49965786933898926,0.0,1.1413620710372925,0.3815847337245941,2.277430534362793,0.0
0,66,None,False,"75,51,32,45,69,59,72,70,33,130",1.0714341402053833,-2.0496153831481934,-0.911771833896637,-0.9364245533943176,7.999541282653809,4.178640365600586,0.015135550871491432,0.0,0.0,0.015135550871491432,0.009502172470092773,0.005633378401398659,0.3690805733203888,0.0,1.0956134796142578,0.36240535974502563,2.277430534362793,0.0
0,67,None,False,"75,51,32,45,69,59,72,70,33,130",1.1057907342910767,-2.1059696674346924,-1.108498215675354,-0.9023845195770264,7.999223232269287,3.413593292236328,0.009007096290588379,0.0,0.0,0.009007096290588379,0.005473136901855469,0.00353395938873291,0.43357008695602417,0.0,1.1742304563522339,0.38000792264938354,2.277430534362793,0.0
0,68,None,False,"75,51,32,45,69,59,72,70,33,130",0.9109973907470703,-1.9205553531646729,-1.1733534336090088,-0.5325893759727478,7.998610973358154,6.630407810211182,-0.006336235906928778,0.0,0.0,-0.006336235906928778,0.004057049751281738,-0.010393286123871803,0.10332489758729935,0.0,0.9637612104415894,0.3096959888935089,2.277430534362793,0.0
0,69,None,False,"75,51,32,45,69,59,72,70,33,130",1.0872493982315063,-1.8885722160339355,-0.8703991770744324,-0.8644617795944214,7.999241828918457,6.640772819519043,-0.008027022704482079,0.0,0.0,-0.008027022704482079,0.011199235916137695,-0.019226258620619774,-0.15340867638587952,0.0,0.9033933877944946,0.2742781639099121,2.277430534362793,0.0
0,70,Schedule,True,"130,31,121,45,133,43,74,64,30,24",0.9758079051971436,-2.1398541927337646,-1.213411569595337,-0.607332706451416,7.999120235443115,4.453978538513184,-0.005092525389045477,0.04533333400885264,0.09066666801770527,-0.14109253883361816,0.011242985725402832,-0.152335524559021,-1.604706883430481,-8.013504028320312,0.819113552570343,0.24233895540237427,2.277430534362793,0.0
0,71,None,False,"130,31,121,45,133,43,74,64,30,24",1.0141305923461914,-1.9826664924621582,-0.9335473775863647,-0.8157973289489746,7.999373912811279,4.023681163787842,0.0007524609682150185,0.0,0.0,0.0007524609682150185,0.0028564929962158203,-0.0021040320862084627,0.3805527687072754,0.0,0.9817075133323669,0.2779396176338196,2.277430534362793,0.0
0,72,None,False,"130,31,121,45,133,43,74,64,30,24",1.081348180770874,-2.0413150787353516,-1.029435634613037,-0.9084526300430298,7.999521255493164,3.642547607421875,-0.012457567267119884,0.0,0.0,-0.012457567267119884,0.0018062591552734375,-0.014263826422393322,-0.01508760079741478,0.0,1.1938514709472656,0.4130588173866272,2.277430534362793,0.0
0,73,None,False,"130,31,121,45,133,43,74,64,30,24",1.0373679399490356,-2.0571727752685547,-0.8722144365310669,-0.9126617908477783,7.999393463134766,3.237971305847168,0.009528189897537231,0.0,0.0,0.009528189897537231,0.005572676658630371,0.00395551323890686,0.5338069796562195,0.0,1.4665448665618896,0.42382553219795227,2.277430534362793,0.0
0,74,None,False,"130,31,121,45,133,43,74,64,30,24",1.0389838218688965,-2.2145345211029053,-0.9487067461013794,-0.7457495927810669,7.999285697937012,4.374389171600342,0.009880530647933483,0.0,0.0,0.009880530647933483,0.004398941993713379,0.005481588654220104,0.4000850021839142,0.0,1.2778377532958984,0.43855682015419006,2.277430534362793,0.0
0,75,None,False,"130,31,121,45,133,43,74,64,30,24",1.0373574495315552,-2.337874412536621,-1.0175997018814087,-0.8700189590454102,7.99907112121582,5.026270866394043,0.0005308091640472412,0.0,0.0,0.0005308091640472412,-0.0015183687210083008,0.002049177885055542,0.45376449823379517,0.0,1.2764182090759277,0.4313291907310486,2.277430534362793,0.0
0,76,None,False,"130,31,121,45,133,43,74,64,30,24",1.138039231300354,-1.7900173664093018,-1.0635970830917358,-1.0846260786056519,7.9992499351501465,6.622410774230957,-0.008931743912398815,0.0,0.0,-0.008931743912398815,0.006647944450378418,-0.015579688362777233,-0.10248064994812012,0.0,1.253894329071045,0.47838014364242554,2.277430534362793,0.0
0,77,None,False,"130,31,121,45,133,43,74,64,30,24",1.0025779008865356,-2.045898914337158,-1.040160894393921,-0.8858383893966675,7.99923849105835,4.762872695922852,-0.0023492216132581234,0.0,0.0,-0.0023492216132581234,0.0070334672927856445,-0.009382689371705055,0.13062451779842377,0.0,1.3979358673095703,0.5258440971374512,2.277430534362793,0.0
0,78,None,False,"130,31,121,45,133,43,74,64,30,24",1.0383347272872925,-1.7629026174545288,-0.737848162651062,-0.9261408448219299,7.999524116516113,3.8291640281677246,-0.02217341586947441,0.0,0.0,-0.02217341586947441,-0.0009615421295166016,-0.02121187373995781,0.03435147926211357,0.0,1.2315609455108643,0.47470390796661377,2.277430534362793,0.0
0,79,None,False,"130,31,121,45,133,43,74,64,30,24",1.0561383962631226,-1.8525052070617676,-0.9644709229469299,-0.9682012796401978,7.999086380004883,3.939310312271118,-0.01707681454718113,0.0,0.0,-0.01707681454718113,-0.0026592016220092773,-0.014417612925171852,0.03279690071940422,0.0,1.144164800643921,0.5460351705551147,2.277430534362793,0.0
0,80,None,False,"130,31,121,45,133,43,74,64,30,24",1.0851188898086548,-1.9339377880096436,-0.986546516418457,-0.8443030118942261,7.999251365661621,4.945685863494873,-0.0278046615421772,0.0,0.0,-0.0278046615421772,-0.009316205978393555,-0.018488455563783646,0.07198363542556763,0.0,1.1634643077850342,0.5195655822753906,2.277430534362793,0.0
0,81,None,False,"130,31,121,45,133,43,74,64,30,24",1.046242356300354,-1.8517628908157349,-1.1500248908996582,-0.7199032306671143,7.999327182769775,3.767807722091675,-0.035563480108976364,0.0,0.0,-0.035563480108976364,-0.024122655391693115,-0.011440824717283249,0.23975974321365356,0.0,1.2319560050964355,0.41819918155670166,2.277430534362793,0.0
0,82,None,False,"130,31,121,45,133,43,74,64,30,24",0.9947877526283264,-1.940701961517334,-0.8867517113685608,-0.9802568554878235,7.999514579772949,3.660170793533325,-0.028617877513170242,0.0,0.0,-0.028617877513170242,-0.022385001182556152,-0.00623287633061409,0.07978858053684235,0.0,1.355652093887329,0.5077937245368958,2.277430534362793,0.0
0,83,None,False,"130,31,121,45,133,43,74,64,30,24",1.041507363319397,-1.9662758111953735,-0.986038088798523,-0.8892407417297363,7.999382972717285,4.599079132080078,-0.016746139153838158,0.0,0.0,-0.016746139153838158,-0.009826838970184326,-0.0069193001836538315,0.4011070132255554,0.0,1.1949450969696045,0.5391652584075928,2.277430534362793,0.0
0,84,Schedule,True,"67,42,101,55,27,118,48,3,97,94",1.101970911026001,-1.9558939933776855,-0.9462716579437256,-0.6910108327865601,7.999155521392822,5.539930820465088,0.010222053155303001,0.056666666666666664,0.11333333333333333,-0.1597779542207718,-0.012758016586303711,-0.14701993763446808,-2.001033067703247,-9.982405662536621,1.0743281841278076,0.4894089102745056,2.277430534362793,0.0
0,85,None,False,"67,42,101,55,27,118,48,3,97,94",1.1091598272323608,-2.0066945552825928,-0.963803768157959,-0.7945022583007812,7.9992241859436035,4.249153137207031,0.008142220787703991,0.0,0.0,0.008142220787703991,-0.0033302903175354004,0.011472511105239391,0.5417317152023315,0.0,0.9047064781188965,0.4055389165878296,2.277430534362793,0.0
0,86,Struct Break (DC),True,"15,51,10,73,89,78,126,124,61,131",1.0906596183776855,-2.0618743896484375,-1.0603485107421875,-0.7964138984680176,7.999296188354492,2.858736753463745,-0.003555548144504428,0.056666666666666664,0.11333333333333333,-0.17355555295944214,0.003488302230834961,-0.1770438551902771,-3.667774200439453,-18.25565528869629,1.1517603397369385,0.3535807728767395,2.277430534362793,0.0
0,87,None,False,"15,51,10,73,89,78,126,124,61,131",1.06094491481781,-2.187671184539795,-1.0482145547866821,-0.8186303377151489,7.99923849105835,4.314162731170654,-0.007361930795013905,0.0,0.0,-0.007361930795013905,-0.0020132064819335938,-0.005348724313080311,0.279606431722641,0.0,0.9430090188980103,0.4174714684486389,2.277430534362793,0.0
0,88,None,False,"15,51,10,73,89,78,126,124,61,131",1.0015290975570679,-1.9770132303237915,-1.027809739112854,-1.0795161724090576,7.999114513397217,5.662238597869873,-0.0014674663543701172,0.0,0.0,-0.0014674663543701172,-0.00047528743743896484,-0.0009921789169311523,0.29347652196884155,0.0,0.9042350053787231,0.4255392551422119,2.277430534362793,0.0
0,89,None,False,"15,51,10,73,89,78,126,124,61,131",1.0093778371810913,-1.5391606092453003,-1.0385522842407227,-0.802550733089447,7.99890661239624,6.944494724273682,0.010334456339478493,0.0,0.0,0.010334456339478493,0.014002442359924316,-0.0036679860204458237,0.22718895971775055,0.0,1.073660135269165,0.44196435809135437,2.277430534362793,0.0
0,90,None,False,"15,51,10,73,89,78,126,124,61,131",1.0609757900238037,-2.1276116371154785,-0.9608743190765381,-0.8207370042800903,7.999365329742432,5.9800190925598145,0.00047830940457060933,0.0,0.0,0.00047830940457060933,0.012392759323120117,-0.011914449743926525,-0.0847434252500534,0.0,1.036478042602539,0.35530638694763184,2.277430534362793,0.0
0,91,None,False,"15,51,10,73,89,78,126,124,61,131",1.0444605350494385,-1.7652801275253296,-0.8558919429779053,-0.9854292869567871,7.9994354248046875,3.4245800971984863,0.006997573189437389,0.0,0.0,0.006997573189437389,0.020910978317260742,-0.013913405127823353,0.07957066595554352,0.0,1.0428532361984253,0.3833557665348053,2.277430534362793,0.0
0,92,None,False,"15,51,10,73,89,78,126,124,61,131",0.9834577441215515,-2.191707134246826,-1.2548584938049316,-0.7093158960342407,7.999127388000488,4.355591773986816,0.01968710497021675,0.0,0.0,0.01968710497021675,0.024500489234924316,-0.004813384264707565,0.30343887209892273,0.0,1.02492094039917,0.26406311988830566,2.277430534362793,0.0
0,93,None,False,"15,51,10,73,89,78,126,124,61,131",1.1225364208221436,-1.7758991718292236,-0.8198655843734741,-1.2096340656280518,7.999447822570801,5.126016139984131,0.01627069152891636,0.0,0.0,0.01627069152891636,0.020259499549865723,-0.003988808020949364,0.24163438379764557,0.0,0.883332371711731,0.33634552359580994,2.277430534362793,0.0
0,94,None,False,"15,51,10,73,89,78,126,124,61,131",0.9851460456848145,-2.1667227745056152,-0.8655130863189697,-1.0424292087554932,7.999486446380615,5.682401657104492,0.010269147343933582,0.0,0.0,0.010269147343933582,0.016449689865112305,-0.006180542521178722,0.23507684469223022,0.0,1.008491039276123,0.3293115794658661,2.277430534362793,0.0
0,95,None,False,"15,51,10,73,89,78,126,124,61,131",1.0320848226547241,-2.063077688217163,-1.0906238555908203,-0.8166816830635071,7.999325752258301,4.2318220138549805,0.034607887268066406,0.0,0.0,0.034607887268066406,0.03040170669555664,0.004206180572509766,0.4620870053768158,0.0,0.7789261341094971,0.3308042883872986,2.277430534362793,0.0
0,96,None,False,"15,51,10,73,89,78,126,124,61,131",1.0635972023010254,-2.1717705726623535,-1.0465013980865479,-1.067590355873108,7.99937629699707,3.823714017868042,0.03828420117497444,0.0,0.0,0.03828420117497444,0.03037583827972412,0.00790836289525032,0.3579915165901184,0.0,0.744686484336853,0.2926042079925537,2.277430534362793,0.0
0,97,None,False,"15,51,10,73,89,78,126,124,61,131",1.0222753286361694,-2.2324328422546387,-1.123833417892456,-1.1046497821807861,7.999030590057373,4.942321300506592,0.018755584955215454,0.0,0.0,0.018755584955215454,0.029688239097595215,-0.01093265414237976,0.2610864043235779,0.0,0.5651277303695679,0.23083710670471191,2.277430534362793,0.0
0,98,None,False,"15,51,10,73,89,78,126,124,61,131",1.0840178728103638,-1.6999092102050781,-1.0869489908218384,-0.8124389052391052,7.999226093292236,5.889784812927246,0.03086606226861477,0.0,0.0,0.03086606226861477,0.033661723136901855,-0.0027956608682870865,0.35269805788993835,0.0,0.5953022241592407,0.3370550870895386,2.277430534362793,0.0
0,99,None,False,"15,51,10,73,89,78,126,124,61,131",1.067881464958191,-2.089339256286621,-1.0270174741744995,-0.8693387508392334,7.999345302581787,3.7539591789245605,0.035851407796144485,0.0,0.0,0.035851407796144485,0.04076051712036133,-0.004909109324216843,0.3512111008167267,0.0,0.7236860990524292,0.3717115521430969,2.277430534362793,0.0
0,100,Schedule,True,"22,126,30,108,37,77,60,53,33,117",1.0462729930877686,-1.8556537628173828,-1.0170674324035645,-1.06418776512146,7.99893045425415,4.8718180656433105,0.011359232477843761,0.05099999864896138,0.10199999729792276,-0.141640767455101,0.023769617080688477,-0.1654103845357895,-2.97087025642395,-14.78337287902832,0.712893009185791,0.2936896085739136,2.277430534362793,0.0
0,101,None,False,"22,126,30,108,37,77,60,53,33,117",1.0800358057022095,-2.3340463638305664,-1.0082285404205322,-0.957466721534729,7.998960494995117,6.0939178466796875,0.0038115798961371183,0.0,0.0,0.0038115798961371183,0.021952509880065918,-0.01814093068242073,-0.27966904640197754,0.0,0.6918188333511353,0.3115537464618683,2.277430534362793,0.0
0,102,None,False,"22,126,30,108,37,77,60,53,33,117",0.9911641478538513,-2.1817915439605713,-1.0764296054840088,-0.8993417024612427,7.999298095703125,4.651655197143555,0.004785758443176746,0.0,0.0,0.004785758443176746,0.011499404907226562,-0.006713646464049816,0.17043240368366241,0.0,0.6941696405410767,0.2939048409461975,2.277430534362793,0.0
0,103,None,False,"22,126,30,108,37,77,60,53,33,117",1.0415408611297607,-1.8390365839004517,-0.9799172282218933,-1.0913962125778198,7.999172687530518,5.250225067138672,0.017116164788603783,0.0,0.0,0.017116164788603783,0.011912226676940918,0.005203938111662865,0.5937396287918091,0.0,0.7964675426483154,0.28671759366989136,2.277430534362793,0.0
0,104,None,False,"22,126,30,108,37,77,60,53,33,117",1.0369025468826294,-1.9298657178878784,-0.9790401458740234,-0.9324932098388672,7.999367713928223,3.578362226486206,0.014233541674911976,0.0,0.0,0.014233541674911976,0.004590034484863281,0.009643507190048695,0.5275485515594482,0.0,0.7476473450660706,0.35340675711631775,2.277430534362793,0.0
0,105,None,False,"22,126,30,108,37,77,60,53,33,117",1.0295392274856567,-2.1413686275482178,-1.1011617183685303,-0.7346190810203552,7.999151229858398,4.881195068359375,0.006716495845466852,0.0,0.0,0.006716495845466852,0.004304409027099609,0.002412086818367243,0.3497117757797241,0.0,0.7088547348976135,0.3768067955970764,2.277430534362793,0.0
0,106,None,False,"22,126,30,108,37,77,60,53,33,117",1.0337473154067993,-1.8862979412078857,-0.9874904155731201,-1.1122968196868896,7.99958610534668,5.450727939605713,0.03190113231539726,0.0,0.0,0.03190113231539726,0.011382818222045898,0.020518314093351364,0.7111433744430542,0.0,0.692877471446991,0.38504964113235474,2.277430534362793,0.0
0,107,None,False,"22,126,30,108,37,77,60,53,33,117",1.1072611808776855,-1.9897077083587646,-1.0170212984085083,-1.0820982456207275,7.999252796173096,3.808253526687622,0.035924218595027924,0.0,0.0,0.035924218595027924,0.028179168701171875,0.007745049893856049,0.49863511323928833,0.0,0.8068543672561646,0.38239234685897827,2.277430534362793,0.0
0,108,None,False,"22,126,30,108,37,77,60,53,33,117",1.0818740129470825,-1.9506278038024902,-1.0997185707092285,-0.8600391149520874,7.999328136444092,3.750429153442383,0.027225876227021217,0.0,0.0,0.027225876227021217,0.022061705589294434,0.005164170637726784,0.43735331296920776,0.0,0.7393233776092529,0.35477644205093384,2.277430534362793,0.0
0,109,None,False,"22,126,30,108,37,77,60,53,33,117",0.9782876968383789,-2.0034680366516113,-1.1512823104858398,-0.9413567781448364,7.999258995056152,4.026832580566406,0.0238206684589386,0.0,0.0,0.0238206684589386,0.02290356159210205,0.0009171068668365479,0.23239584267139435,0.0,0.8119059801101685,0.41200727224349976,2.277430534362793,0.0
0,110,None,False,"22,126,30,108,37,77,60,53,33,117",1.0205199718475342,-1.9461796283721924,-0.8753218650817871,-0.9252910614013672,7.99935245513916,4.001034259796143,0.014735233969986439,0.0,0.0,0.014735233969986439,0.014943480491638184,-0.00020824652165174484,-0.11040688306093216,0.0,0.703554630279541,0.34489527344703674,2.277430534362793,0.0
0,111,None,False,"22,126,30,108,37,77,60,53,33,117",1.0386981964111328,-2.127526044845581,-0.9999129176139832,-0.9799568057060242,7.999363899230957,2.673121452331543,0.0014200567966327071,0.0,0.0,0.0014200567966327071,0.005183577537536621,-0.003763520624488592,0.19592240452766418,0.0,0.7064056396484375,0.3656812310218811,2.277430534362793,0.0
0,112,None,False,"22,126,30,108,37,77,60,53,33,117",1.0644283294677734,-1.9261829853057861,-1.1169685125350952,-0.9268761873245239,7.998931884765625,3.9136996269226074,-0.0035178721882402897,0.0,0.0,-0.0035178721882402897,0.0015915632247924805,-0.00510943541303277,0.21607384085655212,0.0,0.6106537580490112,0.3189598023891449,2.277430534362793,0.0
0,113,None,False,"22,126,30,108,37,77,60,53,33,117",1.002623200416565,-2.0109622478485107,-1.0687620639801025,-0.8287405371665955,7.999522686004639,4.2638959884643555,-0.0013891219859942794,0.0,0.0,-0.0013891219859942794,0.0036797523498535156,-0.005068874452263117,0.23812462389469147,0.0,0.5618375539779663,0.2388077825307846,2.277430534362793,0.0
0,114,Schedule,True,"137,130,93,78,121,120,21,109,54,81",0.974612295627594,-2.050642490386963,-1.1243386268615723,-1.1126381158828735,7.999225616455078,5.881372928619385,0.006443798542022705,0.056666666666666664,0.11333333333333333,-0.16355620324611664,0.005321025848388672,-0.1688772290945053,-2.850034713745117,-14.183819770812988,0.5187738537788391,0.27789267897605896,2.277430534362793,0.0
0,115,None,False,"137,130,93,78,121,120,21,109,54,81",1.0745289325714111,-1.861777663230896,-0.9447625875473022,-0.9800982475280762,7.999496936798096,5.124332427978516,0.023853396996855736,0.0,0.0,0.023853396996855736,0.024676084518432617,-0.0008226875215768814,0.3098323345184326,0.0,0.5152702331542969,0.2925442159175873,2.277430534362793,0.0
0,116,None,False,"137,130,93,78,121,120,21,109,54,81",1.0315943956375122,-2.1008970737457275,-1.095721960067749,-0.9333487749099731,7.999366760253906,4.294816017150879,0.03532906621694565,0.0,0.0,0.03532906621694565,0.031354427337646484,0.003974638879299164,0.3726596534252167,0.0,0.552718460559845,0.2280655801296234,2.277430534362793,0.0
0,117,None,False,"137,130,93,78,121,120,21,109,54,81",1.0289695262908936,-1.8654274940490723,-0.8548133969306946,-0.8257412910461426,7.999285697937012,4.727530479431152,0.03210676461458206,0.0,0.0,0.03210676461458206,0.026105642318725586,0.006001122295856476,0.5076599717140198,0.0,0.49841541051864624,0.230080246925354,2.277430534362793,0.0
0,118,None,False,"137,130,93,78,121,120,21,109,54,81",1.0719635486602783,-2.1637144088745117,-1.0828666687011719,-0.7548248767852783,7.999096870422363,5.577431678771973,0.019687796011567116,0.0,0.0,0.019687796011567116,0.02117002010345459,-0.001482224091887474,0.3317645788192749,0.0,0.4171212911605835,0.23443013429641724,2.277430534362793,0.0
0,119,None,False,"137,130,93,78,121,120,21,109,54,81",1.0569442510604858,-2.1135647296905518,-0.8320040106773376,-0.9575201272964478,7.9993462562561035,3.5291991233825684,0.016944164410233498,0.0,0.0,0.016944164410233498,0.011930704116821289,0.0050134602934122086,0.4693354368209839,0.0,0.42958781123161316,0.24041685461997986,2.277430534362793,0.0
0,120,None,False,"137,130,93,78,121,120,21,109,54,81",1.0720949172973633,-2.088768482208252,-1.1268627643585205,-0.8925468921661377,7.999068260192871,4.688334941864014,0.018028074875473976,0.0,0.0,0.018028074875473976,0.009580612182617188,0.008447462692856789,0.5638008117675781,0.0,0.38405776023864746,0.24878862500190735,2.277430534362793,0.0
0,121,None,False,"137,130,93,78,121,120,21,109,54,81",1.1156858205795288,-1.9321198463439941,-0.6482570767402649,-1.263340711593628,7.999493598937988,5.241617202758789,0.012301182374358177,0.0,0.0,0.012301182374358177,0.008851408958435059,0.0034497734159231186,0.4324130415916443,0.0,0.3790580928325653,0.2358284294605255,2.277430534362793,0.0
0,122,None,False,"137,130,93,78,121,120,21,109,54,81",1.0678157806396484,-2.109513521194458,-1.1591718196868896,-0.8522534370422363,7.99943733215332,4.9444427490234375,0.012812095694243908,0.0,0.0,0.012812095694243908,0.009927153587341309,0.0028849421069025993,0.3855440616607666,0.0,0.5018097758293152,0.23848411440849304,2.277430534362793,0.0
0,123,None,False,"137,130,93,78,121,120,21,109,54,81",1.0767155885696411,-2.060117483139038,-1.1333986520767212,-0.6734722852706909,7.9991631507873535,3.8660757541656494,0.014848476275801659,0.0,0.0,0.014848476275801659,0.014465689659118652,0.0003827866166830063,0.2921379506587982,0.0,0.5068724751472473,0.22933489084243774,2.277430534362793,0.0
0,124,None,False,"137,130,93,78,121,120,21,109,54,81",0.9798980951309204,-1.9984372854232788,-1.1378417015075684,-0.8951298594474792,7.9993205070495605,5.407382965087891,0.026531273499131203,0.0,0.0,0.026531273499131203,0.02477264404296875,0.0017586294561624527,0.2707976698875427,0.0,0.5878304839134216,0.2272292673587799,2.277430534362793,0.0
0,125,None,False,"137,130,93,78,121,120,21,109,54,81",1.0639663934707642,-1.9571195840835571,-1.0486289262771606,-0.8868278861045837,7.999345779418945,4.066465377807617,0.030651962384581566,0.0,0.0,0.030651962384581566,0.024372220039367676,0.00627974234521389,0.4591352939605713,0.0,0.48103243112564087,0.20786020159721375,2.277430534362793,0.0
0,126,None,False,"137,130,93,78,121,120,21,109,54,81",0.9100784063339233,-2.1605947017669678,-1.1587302684783936,-0.9514243006706238,7.99940824508667,4.990719795227051,0.03624711558222771,0.0,0.0,0.03624711558222771,0.015082478523254395,0.021164637058973312,0.9401761889457703,0.0,0.5895146131515503,0.250857949256897,2.277430534362793,0.0
0,127,None,False,"137,130,93,78,121,120,21,109,54,81",1.0336085557937622,-2.2996718883514404,-1.0179991722106934,-1.0107134580612183,7.999046802520752,6.050783157348633,0.07181322574615479,0.0,0.0,0.07181322574615479,0.02168118953704834,0.050132036209106445,1.3191328048706055,0.0,0.6511154770851135,0.2543621063232422,2.277430534362793,0.0
