batch_idx,timestep,trigger,rebalanced,selected_stocks,risk_eta,dir_logit_bear,dir_logit_side,dir_logit_bull,c_mkt_norm,c_mkt_diff,raw_return,turnover_penalty,symdiff_penalty,net_reward,baseline,advantage,advantage_norm,pg_loss,risk_loss,dir_loss,grad_norm,skipped_update
0,0,Schedule | Regime Shift (Initial),True,"30,108,58,66,115,37,97,18,10,50",1.097214698791504,-1.872305154800415,-1.294331431388855,-0.6066930294036865,7.999809265136719,0.0,0.017299849539995193,0.0,0.0,0.017299849539995193,0.014465689659118652,0.002834159880876541,0.21840408444404602,1.0336443185806274,0.5373024344444275,0.3415454030036926,2.732362747192383,0.0
0,1,None,False,"30,108,58,66,115,37,97,18,10,50",1.0555037260055542,-2.3261375427246094,-1.3491909503936768,-0.7201536893844604,7.999699592590332,5.836601734161377,0.022216135635972023,0.0,0.0,0.022216135635972023,0.02477264404296875,-0.002556508406996727,-0.0596744678914547,0.0,0.7775317430496216,0.33278363943099976,2.732362747192383,0.0
0,2,None,False,"30,108,58,66,115,37,97,18,10,50",1.1470296382904053,-1.7635295391082764,-1.032224416732788,-0.9866312742233276,7.999752998352051,5.477145671844482,0.023660147562623024,0.0,0.0,0.023660147562623024,0.024372220039367676,-0.0007120724767446518,-0.15376396477222443,0.0,0.782505214214325,0.4259617328643799,2.732362747192383,0.0
0,3,None,False,"30,108,58,66,115,37,97,18,10,50",1.1106913089752197,-2.1712398529052734,-1.356170892715454,-0.5764526128768921,7.999764919281006,4.7769880294799805,0.023348737508058548,0.0,0.0,0.023348737508058548,0.015082478523254395,0.008266258984804153,0.3478798568248749,0.0,0.9469917416572571,0.4146231412887573,2.732362747192383,0.0
0,4,None,False,"30,108,58,66,115,37,97,18,10,50",1.10103178024292,-1.9917937517166138,-0.9453569650650024,-0.7399579286575317,7.999765396118164,6.085535526275635,0.039367884397506714,0.0,0.0,0.039367884397506714,0.02168118953704834,0.017686694860458374,1.031687617301941,0.0,0.9215143322944641,0.4501801133155823,2.732362747192383,0.0
0,5,None,False,"30,108,58,66,115,37,97,18,10,50",1.089285969734192,-1.95693039894104,-1.1551626920700073,-0.7204703688621521,7.999819755554199,4.428886413574219,0.036213796585798264,0.0,0.0,0.036213796585798264,0.021342158317565918,0.014871638268232346,1.2588951587677002,0.0,0.9653037190437317,0.4663454592227936,2.732362747192383,0.0
0,6,None,False,"30,108,58,66,115,37,97,18,10,50",1.0912024974822998,-1.9722075462341309,-1.2640182971954346,-0.6844443082809448,7.999764919281006,2.9181463718414307,0.04929779842495918,0.0,0.0,0.04929779842495918,0.016625165939331055,0.03267263248562813,2.2744102478027344,0.0,0.9765889644622803,0.46007248759269714,2.732362747192383,0.0
0,7,None,False,"30,108,58,66,115,37,97,18,10,50",1.139158844947815,-1.7945685386657715,-0.8595848083496094,-0.8378785848617554,7.999819755554199,4.030028820037842,0.022729117423295975,0.0,0.0,0.022729117423295975,0.004214882850646973,0.018514234572649002,1.7921643257141113,0.0,0.8842052221298218,0.44171279668807983,2.732362747192383,0.0
0,8,None,False,"30,108,58,66,115,37,97,18,10,50",1.103594183921814,-1.9049893617630005,-0.9598434567451477,-0.8357726335525513,7.999817371368408,3.9236133098602295,0.021245384588837624,0.0,0.0,0.021245384588837624,0.010186076164245605,0.011059308424592018,0.7702926993370056,0.0,0.9789190292358398,0.4691121578216553,2.732362747192383,0.0
0,9,None,False,"30,108,58,66,115,37,97,18,10,50",1.0948517322540283,-2.0178160667419434,-1.3430966138839722,-0.5214440822601318,7.999823093414307,4.490980625152588,0.010912900790572166,0.0,0.0,0.010912900790572166,0.008364081382751465,0.0025488194078207016,0.23073086142539978,0.0,1.0160138607025146,0.5292247533798218,2.732362747192383,0.0
0,10,None,False,"30,108,58,66,115,37,97,18,10,50",1.1444635391235352,-2.195831060409546,-1.298495888710022,-0.7490862011909485,7.9997382164001465,4.28594446182251,0.00538784870877862,0.0,0.0,0.00538784870877862,0.007823944091796875,-0.0024360953830182552,0.07853522896766663,0.0,1.082064151763916,0.5119435787200928,2.732362747192383,0.0
0,11,None,False,"30,108,58,66,115,37,97,18,10,50",1.102568507194519,-2.1244213581085205,-1.116698980331421,-0.6728459596633911,7.999795913696289,4.440526008605957,-0.0007440865156240761,0.0,0.0,-0.0007440865156240761,0.008397698402404785,-0.009141785092651844,-0.2082172930240631,0.0,1.0292203426361084,0.45100730657577515,2.732362747192383,0.0
0,12,None,False,"30,108,58,66,115,37,97,18,10,50",0.9827062487602234,-1.8309881687164307,-1.225964069366455,-0.7242769002914429,7.9996514320373535,6.619480133056641,0.016153043136000633,0.0,0.0,0.016153043136000633,0.016896486282348633,-0.0007434431463479996,0.31186360120773315,0.0,0.99868243932724,0.4357810616493225,2.732362747192383,0.0
0,13,None,False,"30,108,58,66,115,37,97,18,10,50",1.117532730102539,-1.914339303970337,-1.1793962717056274,-0.5427526235580444,7.999800205230713,7.529566764831543,0.013594090938568115,0.0,0.0,0.013594090938568115,0.023203611373901367,-0.009609520435333252,-0.0757218673825264,0.0,1.1743961572647095,0.5085219740867615,2.732362747192383,0.0
0,14,Schedule,True,"68,76,133,131,100,92,55,6,118,19",1.047956109046936,-1.8469995260238647,-0.6718965172767639,-0.8386703729629517,7.999707221984863,7.033875942230225,0.029770631343126297,0.01,0.02,-0.00022936798632144928,0.02707076072692871,-0.02730012871325016,-0.5635167956352234,-2.8484272956848145,1.131675362586975,0.4416210651397705,2.732362747192383,0.0
0,15,None,False,"68,76,133,131,100,92,55,6,118,19",1.0703728199005127,-1.9297208786010742,-1.1288938522338867,-0.7058850526809692,7.999813556671143,4.996613502502441,0.010034906677901745,0.0,0.0,0.010034906677901745,0.01188671588897705,-0.001851809211075306,0.07998254150152206,0.0,0.9077885746955872,0.38359886407852173,2.732362747192383,0.0
0,16,None,False,"68,76,133,131,100,92,55,6,118,19",1.0612986087799072,-2.032231092453003,-1.2928566932678223,-0.6639869213104248,7.999768257141113,2.9832935333251953,-0.006671100854873657,0.0,0.0,-0.006671100854873657,-0.0051239728927612305,-0.0015471279621124268,-0.08577293157577515,0.0,0.8221360445022583,0.38141220808029175,2.732362747192383,0.0
0,17,None,False,"68,76,133,131,100,92,55,6,118,19",1.0690959692001343,-1.8190172910690308,-1.1419532299041748,-0.6092207431793213,7.999793529510498,4.40626859664917,-0.007975715212523937,0.0,0.0,-0.007975715212523937,-0.0038726329803466797,-0.0041030822321772575,-0.09927003085613251,0.0,0.7501517534255981,0.3148091733455658,2.732362747192383,0.0
0,18,None,False,"68,76,133,131,100,92,55,6,118,19",1.0728803873062134,-1.9984583854675293,-1.1935771703720093,-0.5803364515304565,7.999768257141113,3.343320369720459,-0.022889811545610428,0.0,0.0,-0.022889811545610428,-0.007268011569976807,-0.015621799975633621,-0.5615314245223999,0.0,0.7256238460540771,0.3807080388069153,2.732362747192383,0.0
0,19,None,False,"68,76,133,131,100,92,55,6,118,19",1.0685572624206543,-1.9361761808395386,-1.2167587280273438,-0.8362340927124023,7.999818325042725,5.064361572265625,-0.03542066365480423,0.0,0.0,-0.03542066365480423,-0.012857675552368164,-0.022562988102436066,-1.096474051475525,0.0,0.810803234577179,0.4043163061141968,2.732362747192383,0.0
0,20,None,False,"68,76,133,131,100,92,55,6,118,19",1.0897201299667358,-1.9577915668487549,-1.2336277961730957,-0.7345253229141235,7.999815940856934,3.2036452293395996,-0.025387877598404884,0.0,0.0,-0.025387877598404884,-0.0015456080436706543,-0.02384226955473423,-1.140577793121338,0.0,0.6979683041572571,0.3090686798095703,2.732362747192383,0.0
0,21,None,False,"68,76,133,131,100,92,55,6,118,19",1.0175113677978516,-2.015591621398926,-1.3823211193084717,-0.7287914752960205,7.999765872955322,4.482232570648193,-0.022889334708452225,0.0,0.0,-0.022889334708452225,-0.003858029842376709,-0.019031304866075516,-0.9310185313224792,0.0,0.700206458568573,0.3966909945011139,2.732362747192383,0.0
0,22,None,False,"68,76,133,131,100,92,55,6,118,19",0.9465142488479614,-2.112285852432251,-1.1602636575698853,-0.6820327043533325,7.999636650085449,7.127082347869873,-0.01649222895503044,0.0,0.0,-0.01649222895503044,-0.014763593673706055,-0.0017286352813243866,-0.17374899983406067,0.0,0.7870939373970032,0.380375474691391,2.732362747192383,0.0
0,23,None,False,"68,76,133,131,100,92,55,6,118,19",1.1484582424163818,-1.71867835521698,-1.0134087800979614,-0.9670654535293579,7.999782085418701,7.452873706817627,-0.011940574273467064,0.0,0.0,-0.011940574273467064,-0.022024154663085938,0.010083580389618874,0.6758261322975159,0.0,0.9815151691436768,0.3904472887516022,2.732362747192383,0.0
0,24,None,False,"68,76,133,131,100,92,55,6,118,19",1.1205235719680786,-1.874153971672058,-1.0909850597381592,-0.8100372552871704,7.999802589416504,3.0178613662719727,-0.006328475661575794,0.0,0.0,-0.006328475661575794,-0.02499157190322876,0.01866309717297554,1.1077430248260498,0.0,0.8266482353210449,0.3906901478767395,2.732362747192383,0.0
0,25,None,False,"68,76,133,131,100,92,55,6,118,19",1.1463676691055298,-2.1140196323394775,-0.9870450496673584,-1.1332952976226807,7.999619007110596,4.408962726593018,-0.00022052526765037328,0.0,0.0,-0.00022052526765037328,-0.03321337699890137,0.03299285098910332,1.9160417318344116,0.0,0.9351550936698914,0.36585330963134766,2.732362747192383,0.0
0,26,None,False,"68,76,133,131,100,92,55,6,118,19",1.086422085762024,-2.0492985248565674,-1.1403307914733887,-0.8995108604431152,7.999806880950928,4.8565168380737305,0.0066082836128771305,0.0,0.0,0.0066082836128771305,-0.02327960729598999,0.029887890443205833,1.7885847091674805,0.0,0.9464517831802368,0.3823493719100952,2.732362747192383,0.0
0,27,Struct Break (DC),True,"43,14,65,138,93,124,73,91,23,84",1.0774726867675781,-2.1248390674591064,-1.1672556400299072,-0.8260108232498169,7.99979829788208,4.886358737945557,0.006848835851997137,0.01,0.02,-0.023151163011789322,-0.005807220935821533,-0.01734394207596779,-0.7906105518341064,-3.9725310802459717,0.9143790006637573,0.47256535291671753,2.732362747192383,0.0
0,28,None,False,"43,14,65,138,93,124,73,91,23,84",1.1085059642791748,-2.165118455886841,-1.1442489624023438,-0.8950854539871216,7.999807834625244,3.5165724754333496,0.013779896311461926,0.0,0.0,0.013779896311461926,0.01138150691986084,0.0023983893916010857,0.5908433198928833,0.0,0.9760472774505615,0.44462722539901733,2.732362747192383,0.0
0,29,None,False,"43,14,65,138,93,124,73,91,23,84",1.0127224922180176,-1.8995616436004639,-1.2535755634307861,-0.8389606475830078,7.999764919281006,3.53601336479187,0.012362843379378319,0.0,0.0,0.012362843379378319,0.01322793960571289,-0.0008650962263345718,0.08314371854066849,0.0,0.9180697202682495,0.4104447364807129,2.732362747192383,0.0
0,30,None,False,"43,14,65,138,93,124,73,91,23,84",1.1653270721435547,-2.254081964492798,-1.1622769832611084,-0.7253851890563965,7.999782085418701,5.330060005187988,0.029603630304336548,0.0,0.0,0.029603630304336548,0.028043270111083984,0.0015603601932525635,0.015395605005323887,0.0,0.8921438455581665,0.39588236808776855,2.732362747192383,0.0
0,31,None,False,"43,14,65,138,93,124,73,91,23,84",1.0958328247070312,-1.8092139959335327,-0.9953123331069946,-0.8661624789237976,7.999820709228516,5.056159973144531,0.026149099692702293,0.0,0.0,0.026149099692702293,0.03877890110015869,-0.012629801407456398,-0.8314440846443176,0.0,0.9050995111465454,0.37094753980636597,2.732362747192383,0.0
0,32,None,False,"43,14,65,138,93,124,73,91,23,84",1.0430057048797607,-2.0604987144470215,-0.8418872952461243,-0.8048433065414429,7.999729156494141,5.396121501922607,0.018943315371870995,0.0,0.0,0.018943315371870995,0.030022740364074707,-0.011079424992203712,-0.8654543161392212,0.0,0.645463228225708,0.3631126880645752,2.732362747192383,0.0
0,33,None,False,"43,14,65,138,93,124,73,91,23,84",1.0913197994232178,-2.00152850151062,-1.121451735496521,-0.7986664772033691,7.999804496765137,4.474212169647217,0.011879568919539452,0.0,0.0,0.011879568919539452,0.011586308479309082,0.00029326044023036957,0.3429373800754547,0.0,0.7612038254737854,0.4084032475948334,2.732362747192383,0.0
0,34,None,False,"43,14,65,138,93,124,73,91,23,84",1.1292685270309448,-1.8383235931396484,-1.082327961921692,-0.6942561864852905,7.999817371368408,3.0160939693450928,0.020521897822618484,0.0,0.0,0.020521897822618484,0.013164043426513672,0.007357854396104813,0.5690807104110718,0.0,0.6987829208374023,0.38691332936286926,2.732362747192383,0.0
0,35,None,False,"43,14,65,138,93,124,73,91,23,84",1.0808067321777344,-2.225992202758789,-1.0831533670425415,-0.7386906743049622,7.999763488769531,5.171253681182861,0.02105150744318962,0.0,0.0,0.02105150744318962,0.013614773750305176,0.007436733692884445,0.6951833963394165,0.0,0.5936235189437866,0.3112896978855133,2.732362747192383,0.0
0,36,None,False,"43,14,65,138,93,124,73,91,23,84",1.0485671758651733,-2.271430253982544,-1.2157585620880127,-0.9875894784927368,7.999800682067871,5.969277858734131,0.024406999349594116,0.0,0.0,0.024406999349594116,0.016050100326538086,0.00835689902305603,0.6650703549385071,0.0,0.5804210305213928,0.3304566740989685,2.732362747192383,0.0
0,37,None,False,"43,14,65,138,93,124,73,91,23,84",1.1513392925262451,-2.032545328140259,-1.0810909271240234,-0.8490298390388489,7.999817848205566,4.902163028717041,0.0169520266354084,0.0,0.0,0.0169520266354084,0.013165116310119629,0.0037869103252887726,0.49872222542762756,0.0,0.557864248752594,0.3155915439128876,2.732362747192383,0.0
0,38,None,False,"43,14,65,138,93,124,73,91,23,84",1.1047769784927368,-2.027517557144165,-1.1664950847625732,-0.7021799087524414,7.999833106994629,3.6437337398529053,0.0033951043151319027,0.0,0.0,0.0033951043151319027,-0.000662684440612793,0.004057788755744696,0.22239179909229279,0.0,0.47295767068862915,0.31836891174316406,2.732362747192383,0.0
0,39,None,False,"43,14,65,138,93,124,73,91,23,84",1.0921564102172852,-1.9395183324813843,-1.2822006940841675,-0.6522732973098755,7.999814510345459,3.301342248916626,-0.018499935045838356,0.0,0.0,-0.018499935045838356,-0.006643772125244141,-0.011856162920594215,-0.8050272464752197,0.0,0.5862499475479126,0.34449294209480286,2.732362747192383,0.0
0,40,None,False,"43,14,65,138,93,124,73,91,23,84",1.0973801612854004,-1.991685152053833,-1.1505128145217896,-0.738006591796875,7.999730587005615,4.752010345458984,-0.02279980108141899,0.0,0.0,-0.02279980108141899,-0.01507711410522461,-0.007722686976194382,-0.33389613032341003,0.0,0.5848149657249451,0.30356651544570923,2.732362747192383,0.0
0,41,Schedule,True,"83,73,108,139,19,30,39,32,75,134",1.080143928527832,-1.8662227392196655,-1.0156745910644531,-0.8868973255157471,7.999785423278809,4.270280361175537,-0.01723431423306465,0.008999999761581421,0.017999999523162842,-0.04423431307077408,-0.013956248760223389,-0.03027806431055069,-1.6404142379760742,-8.188117027282715,0.5287229418754578,0.3235008716583252,2.732362747192383,0.0
0,42,None,False,"83,73,108,139,19,30,39,32,75,134",1.0049113035202026,-2.1696979999542236,-1.2481625080108643,-0.6955174207687378,7.999749183654785,6.479964733123779,0.001093786908313632,0.0,0.0,0.001093786908313632,-0.014081120491027832,0.015174907632172108,0.7896949052810669,0.0,0.413662850856781,0.3232857286930084,2.732362747192383,0.0
0,43,None,False,"83,73,108,139,19,30,39,32,75,134",1.0933829545974731,-1.7620337009429932,-0.9479080438613892,-0.8139393329620361,7.9997782707214355,5.307186603546143,0.028086716309189796,0.0,0.0,0.028086716309189796,0.004176616668701172,0.023910099640488625,1.111660361289978,0.0,0.4867899417877197,0.35425713658332825,2.732362747192383,0.0
0,44,None,False,"83,73,108,139,19,30,39,32,75,134",1.1259162425994873,-2.0246593952178955,-1.2984224557876587,-0.8542059063911438,7.999711990356445,6.265501499176025,0.007908863015472889,0.0,0.0,0.007908863015472889,-0.005769193172454834,0.013678056187927723,0.7293039560317993,0.0,0.6067559123039246,0.338779091835022,2.732362747192383,0.0
0,45,None,False,"83,73,108,139,19,30,39,32,75,134",1.039802074432373,-2.1057703495025635,-1.0754547119140625,-0.6738036870956421,7.999790668487549,5.155754566192627,-0.002197265625,0.0,0.0,-0.002197265625,-0.000847935676574707,-0.001349329948425293,-0.005523968022316694,0.0,0.815343976020813,0.3151823878288269,2.732362747192383,0.0
0,46,None,False,"83,73,108,139,19,30,39,32,75,134",1.085369348526001,-1.7975465059280396,-1.039855718612671,-0.8214356899261475,7.999786376953125,3.865600347518921,-0.017209535464644432,0.0,0.0,-0.017209535464644432,-0.011947154998779297,-0.005262380465865135,-0.4211387038230896,0.0,0.796231746673584,0.3192509412765503,2.732362747192383,0.0
0,47,None,False,"83,73,108,139,19,30,39,32,75,134",1.059850811958313,-2.17571759223938,-1.3853425979614258,-0.6465827822685242,7.9997382164001465,6.63611364364624,-0.03584156557917595,0.0,0.0,-0.03584156557917595,-0.015515267848968506,-0.020326297730207443,-0.6498770117759705,0.0,0.7160192728042603,0.3484172821044922,2.732362747192383,0.0
0,48,None,False,"83,73,108,139,19,30,39,32,75,134",1.0650150775909424,-2.0546681880950928,-1.039426326751709,-0.7009543180465698,7.999806880950928,5.134783744812012,-0.04929756373167038,0.0,0.0,-0.04929756373167038,-0.016587018966674805,-0.032710544764995575,-1.8153218030929565,0.0,0.7313954830169678,0.33276838064193726,2.732362747192383,0.0
0,49,None,False,"83,73,108,139,19,30,39,32,75,134",1.1044461727142334,-1.9406592845916748,-0.9989204406738281,-0.7881244421005249,7.999773979187012,4.900691986083984,-0.026129741221666336,0.0,0.0,-0.026129741221666336,-0.003695547580718994,-0.022434193640947342,-1.0642366409301758,0.0,0.5472484827041626,0.31797704100608826,2.732362747192383,0.0
0,50,None,False,"83,73,108,139,19,30,39,32,75,134",1.0612740516662598,-1.9512602090835571,-1.114296793937683,-0.8508363962173462,7.999744415283203,5.492432117462158,-0.016273653134703636,0.0,0.0,-0.016273653134703636,-0.004838109016418457,-0.01143554411828518,-0.40307673811912537,0.0,0.6807994842529297,0.3394366204738617,2.732362747192383,0.0
0,51,Struct Break (DC),True,"66,123,52,13,93,127,40,41,30,57",1.1020065546035767,-2.155785322189331,-1.1056302785873413,-0.7255516052246094,7.999723434448242,5.259857177734375,0.009356403723359108,0.008999999761581421,0.017999999523162842,-0.01764359511435032,0.003512740135192871,-0.02115633524954319,-1.0533965826034546,-5.281036853790283,0.4429354667663574,0.3425709903240204,2.732362747192383,0.0
0,52,None,False,"66,123,52,13,93,127,40,41,30,57",1.0565292835235596,-2.3936948776245117,-1.3933823108673096,-0.6924059987068176,7.999770164489746,5.584798336029053,0.008997445926070213,0.0,0.0,0.008997445926070213,0.00756072998046875,0.0014367159456014633,0.2403026521205902,0.0,0.645074725151062,0.3970903754234314,2.732362747192383,0.0
0,53,None,False,"66,123,52,13,93,127,40,41,30,57",1.1265052556991577,-1.81361722946167,-1.0196294784545898,-0.7838951945304871,7.999837875366211,4.5763397216796875,0.007926160469651222,0.0,0.0,0.007926160469651222,0.007462024688720703,0.0004641357809305191,-0.10962749272584915,0.0,0.6087559461593628,0.38909757137298584,2.732362747192383,0.0
0,54,None,False,"66,123,52,13,93,127,40,41,30,57",1.1335772275924683,-2.2542059421539307,-1.1998447179794312,-0.7063009738922119,7.9997334480285645,4.041595935821533,0.009404647164046764,0.0,0.0,0.009404647164046764,0.009378194808959961,2.6452355086803436e-05,0.0734422579407692,0.0,0.541610598564148,0.3922756016254425,2.732362747192383,0.0
0,55,None,False,"66,123,52,13,93,127,40,41,30,57",1.1118746995925903,-1.9625194072723389,-1.1173540353775024,-0.7124639749526978,7.999780654907227,3.2674975395202637,0.00894477404654026,0.0,0.0,0.00894477404654026,0.01023101806640625,-0.0012862440198659897,-0.08670441806316376,0.0,0.7105099558830261,0.3996134400367737,2.732362747192383,0.0
0,56,None,False,"66,123,52,13,93,127,40,41,30,57",1.0514609813690186,-1.9390171766281128,-0.8708940744400024,-0.7542775869369507,7.9996843338012695,4.525060176849365,0.002451431704685092,0.0,0.0,0.002451431704685092,0.006562709808349609,-0.004111277870833874,0.09137950092554092,0.0,0.8525850772857666,0.39498651027679443,2.732362747192383,0.0
0,57,None,False,"66,123,52,13,93,127,40,41,30,57",1.1099568605422974,-1.7379705905914307,-1.1142137050628662,-0.799441397190094,7.9997758865356445,5.4943037033081055,0.008379632607102394,0.0,0.0,0.008379632607102394,0.008807897567749023,-0.00042826496064662933,0.07375143468379974,0.0,0.7786397933959961,0.3869403004646301,2.732362747192383,0.0
0,58,None,False,"66,123,52,13,93,127,40,41,30,57",1.1359437704086304,-2.11582088470459,-1.2044649124145508,-0.8750298023223877,7.999749660491943,4.522723197937012,0.0061528743244707584,0.0,0.0,0.0061528743244707584,0.01199960708618164,-0.005846732761710882,-0.1897374540567398,0.0,0.8537011742591858,0.3765496611595154,2.732362747192383,0.0
0,59,None,False,"66,123,52,13,93,127,40,41,30,57",1.1397883892059326,-1.988663911819458,-1.1697152853012085,-0.6770834922790527,7.999787330627441,5.249928951263428,0.0038133442867547274,0.0,0.0,0.0038133442867547274,0.007746696472167969,-0.003933352418243885,-0.020436253398656845,0.0,0.8237683773040771,0.41555747389793396,2.732362747192383,0.0
0,60,None,False,"66,123,52,13,93,127,40,41,30,57",1.1504884958267212,-2.123702049255371,-1.3751816749572754,-0.5969645977020264,7.999730587005615,5.661676406860352,-0.010387646965682507,0.0,0.0,-0.010387646965682507,-0.003118455410003662,-0.0072691915556788445,-0.30081838369369507,0.0,0.7496353387832642,0.3647826015949249,2.732362747192383,0.0
0,61,None,False,"66,123,52,13,93,127,40,41,30,57",1.0204378366470337,-2.223177909851074,-0.9551486968994141,-0.7202475070953369,7.999763488769531,6.949802875518799,-0.011357259936630726,0.0,0.0,-0.011357259936630726,0.001526474952697754,-0.01288373488932848,-0.4600469768047333,0.0,0.8323835134506226,0.34196433424949646,2.732362747192383,0.0
0,62,None,False,"66,123,52,13,93,127,40,41,30,57",1.1404942274093628,-2.045081615447998,-1.2715201377868652,-0.5831903219223022,7.999802112579346,5.145383358001709,-0.006741833873093128,0.0,0.0,-0.006741833873093128,0.008223414421081543,-0.014965248294174671,-0.9004355669021606,0.0,0.7716402411460876,0.423211932182312,2.732362747192383,0.0
0,63,None,False,"66,123,52,13,93,127,40,41,30,57",1.0910648107528687,-1.826263427734375,-1.1047565937042236,-0.7535942792892456,7.999786376953125,3.942237138748169,0.004767715930938721,0.0,0.0,0.004767715930938721,0.008160829544067383,-0.003393113613128662,-0.32829079031944275,0.0,0.9159897565841675,0.3288688063621521,2.732362747192383,0.0
0,64,None,False,"66,123,52,13,93,127,40,41,30,57",1.0316317081451416,-2.4696784019470215,-1.1160482168197632,-0.8635300993919373,7.9997053146362305,6.438503265380859,0.0031550168059766293,0.0,0.0,0.0031550168059766293,0.012775182723999023,-0.009620165452361107,-0.6131082773208618,0.0,0.868269145488739,0.38175493478775024,2.732362747192383,0.0
0,65,Schedule,True,"86,5,49,128,99,85,32,102,14,97",1.1514248847961426,-2.080092191696167,-1.130918025970459,-0.794743001461029,7.999771595001221,7.489452362060547,0.02074161171913147,0.01,0.02,-0.009258387610316277,0.023265361785888672,-0.0325237512588501,-1.5869369506835938,-7.934128284454346,0.8155524730682373,0.39017969369888306,2.732362747192383,0.0
0,66,None,False,"86,5,49,128,99,85,32,102,14,97",1.0887196063995361,-1.9701908826828003,-1.1928813457489014,-0.8450803160667419,7.999843597412109,5.303354263305664,0.010204458609223366,0.0,0.0,0.010204458609223366,0.015317559242248535,-0.005113100633025169,0.08027367293834686,0.0,0.771725058555603,0.31656140089035034,2.732362747192383,0.0
0,67,None,False,"86,5,49,128,99,85,32,102,14,97",1.0829811096191406,-1.9700413942337036,-1.3008880615234375,-0.7200174331665039,7.999771595001221,3.937513589859009,-3.069639205932617e-06,0.0,0.0,-3.069639205932617e-06,0.008082151412963867,-0.0080852210521698,-0.19649508595466614,0.0,0.6125394105911255,0.3450266122817993,2.732362747192383,0.0
0,68,None,False,"86,5,49,128,99,85,32,102,14,97",1.120488166809082,-1.672865867614746,-1.147018313407898,-0.8949338793754578,7.9997453689575195,4.915483474731445,-0.0017512202030047774,0.0,0.0,-0.0017512202030047774,0.006798148155212402,-0.008549368008971214,-0.14073042571544647,0.0,0.5475776195526123,0.32154378294944763,2.732362747192383,0.0
0,69,None,False,"86,5,49,128,99,85,32,102,14,97",1.1231682300567627,-2.1581151485443115,-1.1054610013961792,-0.7122212648391724,7.999811172485352,4.27363920211792,-0.01640680432319641,0.0,0.0,-0.01640680432319641,0.00499880313873291,-0.02140560746192932,-1.014074444770813,0.0,0.731992244720459,0.34498274326324463,2.732362747192383,0.0
0,70,None,False,"86,5,49,128,99,85,32,102,14,97",1.1087734699249268,-2.2372231483459473,-1.264051914215088,-0.5451983213424683,7.999807834625244,3.3299312591552734,-0.022959941998124123,0.0,0.0,-0.022959941998124123,0.0001621246337890625,-0.023122066631913185,-0.8800063729286194,0.0,0.6924127340316772,0.4632259011268616,2.732362747192383,0.0
0,71,None,False,"86,5,49,128,99,85,32,102,14,97",1.129957914352417,-2.006155252456665,-0.970131516456604,-0.762843132019043,7.999756336212158,4.039201259613037,-0.017581671476364136,0.0,0.0,-0.017581671476364136,0.003574967384338379,-0.021156638860702515,-0.9827616810798645,0.0,0.8301904797554016,0.5174882411956787,2.732362747192383,0.0
0,72,None,False,"86,5,49,128,99,85,32,102,14,97",1.106845498085022,-1.9932751655578613,-1.0508193969726562,-0.8920479416847229,7.999812126159668,5.167300701141357,-0.02242112159729004,0.0,0.0,-0.02242112159729004,-0.00044661760330200195,-0.021974503993988037,-0.9445694088935852,0.0,0.8700305819511414,0.4853154420852661,2.732362747192383,0.0
0,73,None,False,"86,5,49,128,99,85,32,102,14,97",1.1105709075927734,-2.0622808933258057,-1.103054165840149,-0.7935548424720764,7.999812126159668,3.0367724895477295,-0.029776811599731445,0.0,0.0,-0.029776811599731445,-0.004588067531585693,-0.025188744068145752,-0.7516770958900452,0.0,1.0193158388137817,0.5485926866531372,2.732362747192383,0.0
0,74,None,False,"86,5,49,128,99,85,32,102,14,97",1.1523137092590332,-2.117434024810791,-0.8865700364112854,-0.7082260251045227,7.999728202819824,4.5382843017578125,-0.02124943770468235,0.0,0.0,-0.02124943770468235,-0.004917502403259277,-0.016331935301423073,-0.6743408441543579,0.0,0.9955525398254395,0.5002561211585999,2.732362747192383,0.0
0,75,None,False,"86,5,49,128,99,85,32,102,14,97",1.0659024715423584,-2.0574564933776855,-1.142638087272644,-0.821918249130249,7.999802589416504,6.162429332733154,-0.01598304510116577,0.0,0.0,-0.01598304510116577,-0.006541609764099121,-0.00944143533706665,-0.21880732476711273,0.0,1.2312830686569214,0.48418810963630676,2.732362747192383,0.0
0,76,None,False,"86,5,49,128,99,85,32,102,14,97",1.0265370607376099,-2.249668598175049,-1.4741508960723877,-0.717902660369873,7.99968147277832,5.6838202476501465,-0.014941370114684105,0.0,0.0,-0.014941370114684105,-0.015154004096984863,0.00021263398230075836,0.23598454892635345,0.0,1.1262602806091309,0.4947139322757721,2.732362747192383,0.0
0,77,None,False,"86,5,49,128,99,85,32,102,14,97",1.0606404542922974,-1.9358059167861938,-1.3816534280776978,-0.673987865447998,7.999797821044922,4.955811977386475,-0.0002666890504769981,0.0,0.0,-0.0002666890504769981,-0.003763914108276367,0.003497224999591708,0.41643863916397095,0.0,1.0377098321914673,0.5014837384223938,2.732362747192383,0.0
0,78,None,False,"86,5,49,128,99,85,32,102,14,97",1.1141455173492432,-1.8203314542770386,-1.0789462327957153,-0.847402811050415,7.999807357788086,4.3542561531066895,0.0075629414059221745,0.0,0.0,0.0075629414059221745,-0.004295706748962402,0.01185864768922329,0.746001660823822,0.0,1.019623041152954,0.520499050617218,2.732362747192383,0.0
0,79,Schedule,True,"25,104,64,112,43,87,108,8,92,53",1.142195701599121,-2.005627393722534,-1.1063638925552368,-0.8928908109664917,7.999791145324707,4.280089855194092,-0.008894747123122215,0.01,0.02,-0.03889474645256996,-0.0021712183952331543,-0.03672352805733681,-2.170311450958252,-10.823871612548828,1.1938928365707397,0.45210960507392883,2.732362747192383,0.0
0,80,None,False,"25,104,64,112,43,87,108,8,92,53",1.1090205907821655,-1.7731170654296875,-1.0701054334640503,-1.0120587348937988,7.9997358322143555,5.2626423835754395,-0.007067829370498657,0.0,0.0,-0.007067829370498657,0.004878640174865723,-0.01194646954536438,-0.586390495300293,0.0,1.058011770248413,0.5264061689376831,2.732362747192383,0.0
0,81,None,False,"25,104,64,112,43,87,108,8,92,53",1.0978283882141113,-2.297786235809326,-0.9484195709228516,-0.8681908845901489,7.999797821044922,6.707610607147217,-0.0030299187637865543,0.0,0.0,-0.0030299187637865543,0.014352202415466309,-0.017382120713591576,-0.954814612865448,0.0,1.2137811183929443,0.559007465839386,2.732362747192383,0.0
0,82,None,False,"25,104,64,112,43,87,108,8,92,53",1.1474592685699463,-2.0022106170654297,-1.0821261405944824,-0.891272246837616,7.999701976776123,5.83173942565918,-0.0025702952407300472,0.0,0.0,-0.0025702952407300472,0.007866621017456055,-0.01043691672384739,-0.26058530807495117,0.0,1.0684672594070435,0.5360578894615173,2.732362747192383,0.0
0,83,None,False,"25,104,64,112,43,87,108,8,92,53",1.0648269653320312,-1.937157392501831,-0.9411735534667969,-0.8794741630554199,7.999776840209961,6.544524192810059,0.0007823586347512901,0.0,0.0,0.0007823586347512901,0.012246489524841309,-0.011464131064713001,-0.5916505455970764,0.0,0.9555342197418213,0.4702970087528229,2.732362747192383,0.0
0,84,None,False,"25,104,64,112,43,87,108,8,92,53",1.0070394277572632,-2.190408945083618,-1.425408124923706,-0.7065792679786682,7.999746322631836,6.5811686515808105,-0.0024768649600446224,0.0,0.0,-0.0024768649600446224,0.012325286865234375,-0.014802152290940285,-0.6908959746360779,0.0,0.8333867788314819,0.4698840379714966,2.732362747192383,0.0
0,85,None,False,"25,104,64,112,43,87,108,8,92,53",1.1561777591705322,-1.682968258857727,-1.0051205158233643,-0.717345118522644,7.999748229980469,6.466522216796875,-0.00959119200706482,0.0,0.0,-0.00959119200706482,0.00862133502960205,-0.01821252703666687,-0.5689826607704163,0.0,0.8074700832366943,0.3643719553947449,2.732362747192383,0.0
0,86,None,False,"25,104,64,112,43,87,108,8,92,53",1.1265347003936768,-1.900331974029541,-1.108399748802185,-0.5914796590805054,7.999760627746582,4.211127281188965,-0.0041224719025194645,0.0,0.0,-0.0041224719025194645,0.009335637092590332,-0.01345810852944851,-0.4265243411064148,0.0,0.6943682432174683,0.3907172381877899,2.732362747192383,0.0
0,87,None,False,"25,104,64,112,43,87,108,8,92,53",1.064557433128357,-1.8728935718536377,-1.1164531707763672,-0.7190251350402832,7.999810218811035,5.464051723480225,-0.012560415081679821,0.0,0.0,-0.012560415081679821,0.0036056041717529297,-0.016166020184755325,-0.6511528491973877,0.0,0.7825261950492859,0.46311789751052856,2.732362747192383,0.0
0,88,None,False,"25,104,64,112,43,87,108,8,92,53",1.0747967958450317,-2.308124542236328,-1.2209773063659668,-0.878868043422699,7.999786376953125,4.956069469451904,-0.0157854612916708,0.0,0.0,-0.0157854612916708,0.000997304916381836,-0.016782766208052635,-0.6348796486854553,0.0,0.9371685981750488,0.4458054304122925,2.732362747192383,0.0
0,89,None,False,"25,104,64,112,43,87,108,8,92,53",1.107582926750183,-1.7672529220581055,-1.1187025308609009,-1.131983757019043,7.999726295471191,6.33740758895874,-0.016099387779831886,0.0,0.0,-0.016099387779831886,-0.008032739162445068,-0.008066648617386818,-0.16636984050273895,0.0,1.0748443603515625,0.4410788118839264,2.732362747192383,0.0
0,90,None,False,"25,104,64,112,43,87,108,8,92,53",1.0959863662719727,-2.1820132732391357,-0.902665376663208,-0.9849464297294617,7.999769687652588,5.338835716247559,-0.019896049052476883,0.0,0.0,-0.019896049052476883,-0.02416980266571045,0.004273753613233566,0.5007238388061523,0.0,1.0650951862335205,0.4480430483818054,2.732362747192383,0.0
0,91,None,False,"25,104,64,112,43,87,108,8,92,53",1.076594352722168,-2.2334516048431396,-1.3369114398956299,-0.7704437971115112,7.999810218811035,4.68412971496582,-0.02263237163424492,0.0,0.0,-0.02263237163424492,-0.025134384632110596,0.002502012997865677,0.32293209433555603,0.0,0.8119919896125793,0.42452770471572876,2.732362747192383,0.0
0,92,None,False,"25,104,64,112,43,87,108,8,92,53",1.0357089042663574,-2.22575044631958,-1.4480664730072021,-0.7798407077789307,7.999621391296387,4.860054969787598,-0.023462438955903053,0.0,0.0,-0.023462438955903053,-0.020337939262390137,-0.0031244996935129166,-0.13010136783123016,0.0,0.8557308316230774,0.45331478118896484,2.732362747192383,0.0
0,93,Schedule,True,"35,83,113,133,106,85,138,31,107,102",1.059217929840088,-1.8124934434890747,-1.0339843034744263,-0.7876050472259521,7.9997100830078125,6.315454006195068,-0.015038358978927135,0.01,0.02,-0.04503835737705231,-0.029116034507751465,-0.015922322869300842,-0.874291181564331,-4.390917778015137,0.9204554557800293,0.4343191981315613,2.732362747192383,0.0
0,94,None,False,"35,83,113,133,106,85,138,31,107,102",1.078885555267334,-2.301913022994995,-1.4461283683776855,-0.6489624977111816,7.999743938446045,6.357403755187988,0.004843664355576038,0.0,0.0,0.004843664355576038,-0.022608458995819092,0.027452122420072556,2.4158387184143066,0.0,1.0920829772949219,0.43427640199661255,2.732362747192383,0.0
0,95,Struct Break (DC),True,"103,5,0,73,88,126,111,100,32,33",1.085793137550354,-2.0692641735076904,-1.113454818725586,-0.7066746950149536,7.999815464019775,5.526921272277832,-0.03057393990457058,0.01,0.02,-0.060573939234018326,-0.014813482761383057,-0.04576045647263527,-2.370889186859131,-11.803757667541504,0.9243413805961609,0.4419217109680176,2.732362747192383,0.0
0,96,Vol Shock,True,"140,12,26,123,106,78,134,59,2,87",1.1151409149169922,-1.8151812553405762,-0.9690661430358887,-0.8312525749206543,7.999748706817627,4.128161907196045,-0.006292796228080988,0.01,0.02,-0.03629279509186745,-0.02446889877319336,-0.011823896318674088,-0.4934583604335785,-2.498356342315674,0.8270472288131714,0.33217304944992065,2.732362747192383,0.0
0,97,Vol Shock,True,"86,56,87,97,60,132,4,29,34,102",1.0632193088531494,-2.0152015686035156,-1.0427744388580322,-0.8223253488540649,7.999792575836182,4.636531352996826,-0.015959108248353004,0.008999999761581421,0.017999999523162842,-0.04295910894870758,-0.026588857173919678,-0.016370251774787903,-0.7228310108184814,-3.637443780899048,0.6367107629776001,0.47712481021881104,2.732362747192383,0.0
0,98,None,False,"86,56,87,97,60,132,4,29,34,102",1.0226792097091675,-1.9329898357391357,-1.237647294998169,-0.7379447221755981,7.9997878074646,4.374847412109375,-0.021735936403274536,0.0,0.0,-0.021735936403274536,-0.025606870651245117,0.003870934247970581,0.36486726999282837,0.0,0.605852484703064,0.3773496747016907,2.732362747192383,0.0
0,99,None,False,"86,56,87,97,60,132,4,29,34,102",1.054175615310669,-2.1314210891723633,-1.2940657138824463,-0.6279031038284302,7.999820709228516,2.87520694732666,-0.024307042360305786,0.0,0.0,-0.024307042360305786,-0.017727375030517578,-0.006579667329788208,-0.38370174169540405,0.0,0.600496768951416,0.29603463411331177,2.732362747192383,0.0
0,100,None,False,"86,56,87,97,60,132,4,29,34,102",0.99151211977005,-2.2403006553649902,-1.535085678100586,-0.9300033450126648,7.9996418952941895,5.376308441162109,0.004392468836158514,0.0,0.0,0.004392468836158514,0.004525661468505859,-0.00013319263234734535,0.2552734315395355,0.0,0.5849126577377319,0.30136826634407043,2.732362747192383,0.0
0,101,None,False,"86,56,87,97,60,132,4,29,34,102",1.0487456321716309,-2.295962333679199,-1.0901628732681274,-0.9243113994598389,7.9997639656066895,6.325394153594971,0.03528422862291336,0.0,0.0,0.03528422862291336,0.0164564847946167,0.01882774382829666,1.135146141052246,0.0,0.5856707096099854,0.39162012934684753,2.732362747192383,0.0
0,102,None,False,"86,56,87,97,60,132,4,29,34,102",1.1196916103363037,-1.9472817182540894,-1.2200405597686768,-0.6830582022666931,7.999820232391357,4.725234031677246,0.031249631196260452,0.0,0.0,0.031249631196260452,0.02228415012359619,0.00896548107266426,0.8932997584342957,0.0,0.6482976078987122,0.3503355383872986,2.732362747192383,0.0
0,103,None,False,"86,56,87,97,60,132,4,29,34,102",1.068833827972412,-1.9882862567901611,-1.1111263036727905,-0.7155055999755859,7.999842166900635,2.9461655616760254,0.035065870732069016,0.0,0.0,0.035065870732069016,0.03137040138244629,0.0036954693496227264,0.6035730242729187,0.0,0.6567440032958984,0.37987086176872253,2.732362747192383,0.0
0,104,None,False,"86,56,87,97,60,132,4,29,34,102",1.0882642269134521,-1.8604044914245605,-1.1384495496749878,-0.6962512731552124,7.999798774719238,4.312283515930176,0.03494664281606674,0.0,0.0,0.03494664281606674,0.02662646770477295,0.008320175111293793,0.8235846161842346,0.0,0.5717379450798035,0.37428194284439087,2.732362747192383,0.0
0,105,None,False,"86,56,87,97,60,132,4,29,34,102",1.139495849609375,-2.23110294342041,-1.1857242584228516,-0.7247645258903503,7.999744892120361,4.464849948883057,0.022343475371599197,0.0,0.0,0.022343475371599197,0.01760697364807129,0.004736501723527908,0.55862957239151,0.0,0.6135612726211548,0.4003913700580597,2.732362747192383,0.0
0,106,None,False,"86,56,87,97,60,132,4,29,34,102",1.128661036491394,-1.8077095746994019,-1.2490781545639038,-0.6109619140625,7.999772548675537,4.0716047286987305,-0.010274464264512062,0.0,0.0,-0.010274464264512062,0.013752222061157227,-0.02402668632566929,-1.1120867729187012,0.0,0.7984839677810669,0.3960496187210083,2.732362747192383,0.0
0,107,None,False,"86,56,87,97,60,132,4,29,34,102",1.0615284442901611,-2.20940899848938,-1.2506046295166016,-0.8130302429199219,7.999767303466797,4.762479305267334,-0.015409177169203758,0.0,0.0,-0.015409177169203758,0.014296650886535645,-0.029705828055739403,-1.159989356994629,0.0,0.7632473111152649,0.37526828050613403,2.732362747192383,0.0
0,108,None,False,"86,56,87,97,60,132,4,29,34,102",1.0870786905288696,-2.127980947494507,-1.3733961582183838,-0.6093382835388184,7.9997663497924805,6.004746913909912,0.006885075476020575,0.0,0.0,0.006885075476020575,0.02634584903717041,-0.01946077309548855,-0.7431407570838928,0.0,0.6509527564048767,0.3900289833545685,2.732362747192383,0.0
0,109,None,False,"86,56,87,97,60,132,4,29,34,102",1.1058100461959839,-2.0646588802337646,-1.2165827751159668,-0.626014232635498,7.999820709228516,4.697439670562744,0.013154983520507812,0.0,0.0,0.013154983520507812,0.018804311752319336,-0.0056493282318115234,-0.2670169472694397,0.0,0.8421540856361389,0.37881553173065186,2.732362747192383,0.0
0,110,None,False,"86,56,87,97,60,132,4,29,34,102",1.0789802074432373,-2.025803327560425,-1.1095932722091675,-0.7615092992782593,7.99981689453125,4.0763139724731445,0.010618060827255249,0.0,0.0,0.010618060827255249,0.01586735248565674,-0.005249291658401489,-0.11735517531633377,0.0,0.818591833114624,0.37985044717788696,2.732362747192383,0.0
0,111,Schedule,True,"114,131,107,43,55,89,27,16,134,35",1.1040207147598267,-1.8815295696258545,-1.10433030128479,-0.6899341344833374,7.999723434448242,4.670430660247803,0.0035013495944440365,0.01,0.02,-0.026498649269342422,0.016521453857421875,-0.0430201031267643,-1.7584257125854492,-8.783659934997559,0.6990946531295776,0.38354313373565674,2.732362747192383,0.0
0,112,None,False,"114,131,107,43,55,89,27,16,134,35",1.0678282976150513,-1.9740068912506104,-1.159650206565857,-0.6337437629699707,7.999761581420898,4.642104625701904,0.011191713623702526,0.0,0.0,0.011191713623702526,0.02142965793609619,-0.010237944312393665,-0.49890220165252686,0.0,0.7839193940162659,0.3944399058818817,2.732362747192383,0.0
0,113,None,False,"114,131,107,43,55,89,27,16,134,35",1.1138628721237183,-1.8798942565917969,-0.9838451147079468,-0.9264668822288513,7.999756813049316,5.92812967300415,0.003249740693718195,0.0,0.0,0.003249740693718195,0.011718273162841797,-0.00846853293478489,-0.5698847770690918,0.0,0.871494472026825,0.3683032691478729,2.732362747192383,0.0
0,114,None,False,"114,131,107,43,55,89,27,16,134,35",1.13885498046875,-1.863786220550537,-1.0113598108291626,-0.8581816554069519,7.9997687339782715,3.3477213382720947,0.017523080110549927,0.0,0.0,0.017523080110549927,0.029552221298217773,-0.012029141187667847,-0.7985689640045166,0.0,0.9316271543502808,0.37371036410331726,2.732362747192383,0.0
0,115,None,False,"114,131,107,43,55,89,27,16,134,35",1.0394282341003418,-2.209791898727417,-1.2422337532043457,-0.6022219657897949,7.999798774719238,5.570250988006592,0.0355052724480629,0.0,0.0,0.0355052724480629,0.04352104663848877,-0.008015774190425873,-0.4031507074832916,0.0,0.8239393830299377,0.34854426980018616,2.732362747192383,0.0
0,116,None,False,"114,131,107,43,55,89,27,16,134,35",1.1272140741348267,-1.8449662923812866,-1.0780599117279053,-0.7901757955551147,7.999747276306152,5.554381370544434,0.04205668717622757,0.0,0.0,0.04205668717622757,0.038637518882751465,0.0034191682934761047,0.29454144835472107,0.0,0.8599892854690552,0.39004769921302795,2.732362747192383,0.0
0,117,None,False,"114,131,107,43,55,89,27,16,134,35",1.1151286363601685,-1.8795510530471802,-0.8898834586143494,-0.7642443776130676,7.999819278717041,4.110166072845459,0.035959791392087936,0.0,0.0,0.035959791392087936,0.03984260559082031,-0.003882814198732376,0.07204201072454453,0.0,0.7784438729286194,0.36100900173187256,2.732362747192383,0.0
0,118,None,False,"114,131,107,43,55,89,27,16,134,35",1.1108386516571045,-2.1013712882995605,-0.8976693153381348,-0.9294531941413879,7.999772548675537,3.5067386627197266,0.03571360185742378,0.0,0.0,0.03571360185742378,0.04086744785308838,-0.0051538459956645966,-0.023975063115358353,0.0,0.8684308528900146,0.35628870129585266,2.732362747192383,0.0
0,119,None,False,"114,131,107,43,55,89,27,16,134,35",1.0739915370941162,-2.086642265319824,-1.0968796014785767,-0.8065789937973022,7.999782562255859,4.643062591552734,0.03515380620956421,0.0,0.0,0.03515380620956421,0.0345151424407959,0.0006386637687683105,0.19840620458126068,0.0,0.926242470741272,0.3201027512550354,2.732362747192383,0.0
0,120,None,False,"114,131,107,43,55,89,27,16,134,35",1.0859746932983398,-2.1471269130706787,-1.2372715473175049,-0.6389884948730469,7.999791145324707,3.954460859298706,0.042138077318668365,0.0,0.0,0.042138077318668365,0.03333759307861328,0.008800484240055084,0.9232151508331299,0.0,0.6509743928909302,0.29437121748924255,2.732362747192383,0.0
0,121,None,False,"114,131,107,43,55,89,27,16,134,35",0.9954065680503845,-2.145564079284668,-1.1897220611572266,-0.7919126749038696,7.999725818634033,5.619855880737305,0.021650439128279686,0.0,0.0,0.021650439128279686,0.0230405330657959,-0.0013900939375162125,0.16039833426475525,0.0,0.654439389705658,0.3980426788330078,2.732362747192383,0.0
0,122,None,False,"114,131,107,43,55,89,27,16,134,35",1.032439112663269,-2.0091552734375,-1.3619658946990967,-0.6556230783462524,7.999800205230713,4.2195916175842285,0.020648736506700516,0.0,0.0,0.020648736506700516,0.012151479721069336,0.00849725678563118,0.8299095630645752,0.0,0.6900607347488403,0.5231600999832153,2.732362747192383,0.0
0,123,None,False,"114,131,107,43,55,89,27,16,134,35",1.0799968242645264,-1.9589266777038574,-1.2966060638427734,-0.736290693283081,7.99976921081543,2.8102126121520996,0.013011431321501732,0.0,0.0,0.013011431321501732,0.012189269065856934,0.0008221622556447983,0.3951621353626251,0.0,0.6907579898834229,0.4111140966415405,2.732362747192383,0.0
0,124,None,False,"114,131,107,43,55,89,27,16,134,35",1.0687483549118042,-2.2390589714050293,-1.184680700302124,-0.7725317478179932,7.999746799468994,4.577682018280029,-0.0031446933280676603,0.0,0.0,-0.0031446933280676603,0.0011641979217529297,-0.004308891482651234,0.3632572591304779,0.0,0.743982195854187,0.4049423933029175,2.732362747192383,0.0
0,125,Schedule,True,"50,125,55,86,113,124,51,74,21,59",0.9430004358291626,-2.1938114166259766,-1.1148017644882202,-1.1395862102508545,7.999582290649414,7.55725622177124,-0.03355173394083977,0.008999999761581421,0.017999999523162842,-0.060551732778549194,-0.031174778938293457,-0.029376953840255737,-0.6903702020645142,-3.478353977203369,0.7685520648956299,0.3603946566581726,2.732362747192383,0.0
0,126,None,False,"50,125,55,86,113,124,51,74,21,59",1.1098883152008057,-1.7763675451278687,-0.9405450820922852,-0.8896026611328125,7.999814987182617,7.962337017059326,-0.020338088274002075,0.0,0.0,-0.020338088274002075,-0.021789491176605225,0.0014514029026031494,0.32369840145111084,0.0,0.6599947214126587,0.3706129193305969,2.732362747192383,0.0
0,127,None,False,"50,125,55,86,113,124,51,74,21,59",1.0861965417861938,-2.164064645767212,-0.9930647611618042,-0.9390790462493896,7.999792575836182,4.061081886291504,-0.018109440803527832,0.0,0.0,-0.018109440803527832,-0.02218306064605713,0.004073619842529297,0.5358526110649109,0.0,0.6596958637237549,0.3884408175945282,2.732362747192383,0.0
0,0,Schedule | Regime Shift (Initial),True,"30,108,58,66,115,37,97,18,10,50",1.097214698791504,-1.872305154800415,-1.294331431388855,-0.6066930294036865,7.999809265136719,0.0,0.017299849539995193,0.0,0.0,0.017299849539995193,0.014465689659118652,0.002834159880876541,0.21840408444404602,1.0336443185806274,0.5373024344444275,0.3415454030036926,2.732362747192383,0.0
0,1,None,False,"30,108,58,66,115,37,97,18,10,50",1.0555037260055542,-2.3261375427246094,-1.3491909503936768,-0.7201536893844604,7.999699592590332,5.836601734161377,0.022216135635972023,0.0,0.0,0.022216135635972023,0.02477264404296875,-0.002556508406996727,-0.0596744678914547,0.0,0.7775317430496216,0.33278363943099976,2.732362747192383,0.0
0,2,None,False,"30,108,58,66,115,37,97,18,10,50",1.1470296382904053,-1.7635295391082764,-1.032224416732788,-0.9866312742233276,7.999752998352051,5.477145671844482,0.023660147562623024,0.0,0.0,0.023660147562623024,0.024372220039367676,-0.0007120724767446518,-0.15376396477222443,0.0,0.782505214214325,0.4259617328643799,2.732362747192383,0.0
0,3,None,False,"30,108,58,66,115,37,97,18,10,50",1.1106913089752197,-2.1712398529052734,-1.356170892715454,-0.5764526128768921,7.999764919281006,4.7769880294799805,0.023348737508058548,0.0,0.0,0.023348737508058548,0.015082478523254395,0.008266258984804153,0.3478798568248749,0.0,0.9469917416572571,0.4146231412887573,2.732362747192383,0.0
0,4,None,False,"30,108,58,66,115,37,97,18,10,50",1.10103178024292,-1.9917937517166138,-0.9453569650650024,-0.7399579286575317,7.999765396118164,6.085535526275635,0.039367884397506714,0.0,0.0,0.039367884397506714,0.02168118953704834,0.017686694860458374,1.031687617301941,0.0,0.9215143322944641,0.4501801133155823,2.732362747192383,0.0
0,5,None,False,"30,108,58,66,115,37,97,18,10,50",1.089285969734192,-1.95693039894104,-1.1551626920700073,-0.7204703688621521,7.999819755554199,4.428886413574219,0.036213796585798264,0.0,0.0,0.036213796585798264,0.021342158317565918,0.014871638268232346,1.2588951587677002,0.0,0.9653037190437317,0.4663454592227936,2.732362747192383,0.0
0,6,None,False,"30,108,58,66,115,37,97,18,10,50",1.0912024974822998,-1.9722075462341309,-1.2640182971954346,-0.6844443082809448,7.999764919281006,2.9181463718414307,0.04929779842495918,0.0,0.0,0.04929779842495918,0.016625165939331055,0.03267263248562813,2.2744102478027344,0.0,0.9765889644622803,0.46007248759269714,2.732362747192383,0.0
0,7,None,False,"30,108,58,66,115,37,97,18,10,50",1.139158844947815,-1.7945685386657715,-0.8595848083496094,-0.8378785848617554,7.999819755554199,4.030028820037842,0.022729117423295975,0.0,0.0,0.022729117423295975,0.004214882850646973,0.018514234572649002,1.7921643257141113,0.0,0.8842052221298218,0.44171279668807983,2.732362747192383,0.0
0,8,None,False,"30,108,58,66,115,37,97,18,10,50",1.103594183921814,-1.9049893617630005,-0.9598434567451477,-0.8357726335525513,7.999817371368408,3.9236133098602295,0.021245384588837624,0.0,0.0,0.021245384588837624,0.010186076164245605,0.011059308424592018,0.7702926993370056,0.0,0.9789190292358398,0.4691121578216553,2.732362747192383,0.0
0,9,None,False,"30,108,58,66,115,37,97,18,10,50",1.0948517322540283,-2.0178160667419434,-1.3430966138839722,-0.5214440822601318,7.999823093414307,4.490980625152588,0.010912900790572166,0.0,0.0,0.010912900790572166,0.008364081382751465,0.0025488194078207016,0.23073086142539978,0.0,1.0160138607025146,0.5292247533798218,2.732362747192383,0.0
0,10,None,False,"30,108,58,66,115,37,97,18,10,50",1.1444635391235352,-2.195831060409546,-1.298495888710022,-0.7490862011909485,7.9997382164001465,4.28594446182251,0.00538784870877862,0.0,0.0,0.00538784870877862,0.007823944091796875,-0.0024360953830182552,0.07853522896766663,0.0,1.082064151763916,0.5119435787200928,2.732362747192383,0.0
0,11,None,False,"30,108,58,66,115,37,97,18,10,50",1.102568507194519,-2.1244213581085205,-1.116698980331421,-0.6728459596633911,7.999795913696289,4.440526008605957,-0.0007440865156240761,0.0,0.0,-0.0007440865156240761,0.008397698402404785,-0.009141785092651844,-0.2082172930240631,0.0,1.0292203426361084,0.45100730657577515,2.732362747192383,0.0
0,12,None,False,"30,108,58,66,115,37,97,18,10,50",0.9827062487602234,-1.8309881687164307,-1.225964069366455,-0.7242769002914429,7.9996514320373535,6.619480133056641,0.016153043136000633,0.0,0.0,0.016153043136000633,0.016896486282348633,-0.0007434431463479996,0.31186360120773315,0.0,0.99868243932724,0.4357810616493225,2.732362747192383,0.0
0,13,None,False,"30,108,58,66,115,37,97,18,10,50",1.117532730102539,-1.914339303970337,-1.1793962717056274,-0.5427526235580444,7.999800205230713,7.529566764831543,0.013594090938568115,0.0,0.0,0.013594090938568115,0.023203611373901367,-0.009609520435333252,-0.0757218673825264,0.0,1.1743961572647095,0.5085219740867615,2.732362747192383,0.0
0,14,Schedule,True,"68,76,133,131,100,92,55,6,118,19",1.047956109046936,-1.8469995260238647,-0.6718965172767639,-0.8386703729629517,7.999707221984863,7.033875942230225,0.029770631343126297,0.01,0.02,-0.00022936798632144928,0.02707076072692871,-0.02730012871325016,-0.5635167956352234,-2.8484272956848145,1.131675362586975,0.4416210651397705,2.732362747192383,0.0
0,15,None,False,"68,76,133,131,100,92,55,6,118,19",1.0703728199005127,-1.9297208786010742,-1.1288938522338867,-0.7058850526809692,7.999813556671143,4.996613502502441,0.010034906677901745,0.0,0.0,0.010034906677901745,0.01188671588897705,-0.001851809211075306,0.07998254150152206,0.0,0.9077885746955872,0.38359886407852173,2.732362747192383,0.0
0,16,None,False,"68,76,133,131,100,92,55,6,118,19",1.0612986087799072,-2.032231092453003,-1.2928566932678223,-0.6639869213104248,7.999768257141113,2.9832935333251953,-0.006671100854873657,0.0,0.0,-0.006671100854873657,-0.0051239728927612305,-0.0015471279621124268,-0.08577293157577515,0.0,0.8221360445022583,0.38141220808029175,2.732362747192383,0.0
0,17,None,False,"68,76,133,131,100,92,55,6,118,19",1.0690959692001343,-1.8190172910690308,-1.1419532299041748,-0.6092207431793213,7.999793529510498,4.40626859664917,-0.007975715212523937,0.0,0.0,-0.007975715212523937,-0.0038726329803466797,-0.0041030822321772575,-0.09927003085613251,0.0,0.7501517534255981,0.3148091733455658,2.732362747192383,0.0
0,18,None,False,"68,76,133,131,100,92,55,6,118,19",1.0728803873062134,-1.9984583854675293,-1.1935771703720093,-0.5803364515304565,7.999768257141113,3.343320369720459,-0.022889811545610428,0.0,0.0,-0.022889811545610428,-0.007268011569976807,-0.015621799975633621,-0.5615314245223999,0.0,0.7256238460540771,0.3807080388069153,2.732362747192383,0.0
0,19,None,False,"68,76,133,131,100,92,55,6,118,19",1.0685572624206543,-1.9361761808395386,-1.2167587280273438,-0.8362340927124023,7.999818325042725,5.064361572265625,-0.03542066365480423,0.0,0.0,-0.03542066365480423,-0.012857675552368164,-0.022562988102436066,-1.096474051475525,0.0,0.810803234577179,0.4043163061141968,2.732362747192383,0.0
0,20,None,False,"68,76,133,131,100,92,55,6,118,19",1.0897201299667358,-1.9577915668487549,-1.2336277961730957,-0.7345253229141235,7.999815940856934,3.2036452293395996,-0.025387877598404884,0.0,0.0,-0.025387877598404884,-0.0015456080436706543,-0.02384226955473423,-1.140577793121338,0.0,0.6979683041572571,0.3090686798095703,2.732362747192383,0.0
0,21,None,False,"68,76,133,131,100,92,55,6,118,19",1.0175113677978516,-2.015591621398926,-1.3823211193084717,-0.7287914752960205,7.999765872955322,4.482232570648193,-0.022889334708452225,0.0,0.0,-0.022889334708452225,-0.003858029842376709,-0.019031304866075516,-0.9310185313224792,0.0,0.700206458568573,0.3966909945011139,2.732362747192383,0.0
0,22,None,False,"68,76,133,131,100,92,55,6,118,19",0.9465142488479614,-2.112285852432251,-1.1602636575698853,-0.6820327043533325,7.999636650085449,7.127082347869873,-0.01649222895503044,0.0,0.0,-0.01649222895503044,-0.014763593673706055,-0.0017286352813243866,-0.17374899983406067,0.0,0.7870939373970032,0.380375474691391,2.732362747192383,0.0
0,23,None,False,"68,76,133,131,100,92,55,6,118,19",1.1484582424163818,-1.71867835521698,-1.0134087800979614,-0.9670654535293579,7.999782085418701,7.452873706817627,-0.011940574273467064,0.0,0.0,-0.011940574273467064,-0.022024154663085938,0.010083580389618874,0.6758261322975159,0.0,0.9815151691436768,0.3904472887516022,2.732362747192383,0.0
0,24,None,False,"68,76,133,131,100,92,55,6,118,19",1.1205235719680786,-1.874153971672058,-1.0909850597381592,-0.8100372552871704,7.999802589416504,3.0178613662719727,-0.006328475661575794,0.0,0.0,-0.006328475661575794,-0.02499157190322876,0.01866309717297554,1.1077430248260498,0.0,0.8266482353210449,0.3906901478767395,2.732362747192383,0.0
0,25,None,False,"68,76,133,131,100,92,55,6,118,19",1.1463676691055298,-2.1140196323394775,-0.9870450496673584,-1.1332952976226807,7.999619007110596,4.408962726593018,-0.00022052526765037328,0.0,0.0,-0.00022052526765037328,-0.03321337699890137,0.03299285098910332,1.9160417318344116,0.0,0.9351550936698914,0.36585330963134766,2.732362747192383,0.0
0,26,None,False,"68,76,133,131,100,92,55,6,118,19",1.086422085762024,-2.0492985248565674,-1.1403307914733887,-0.8995108604431152,7.999806880950928,4.8565168380737305,0.0066082836128771305,0.0,0.0,0.0066082836128771305,-0.02327960729598999,0.029887890443205833,1.7885847091674805,0.0,0.9464517831802368,0.3823493719100952,2.732362747192383,0.0
0,27,Struct Break (DC),True,"43,14,65,138,93,124,73,91,23,84",1.0774726867675781,-2.1248390674591064,-1.1672556400299072,-0.8260108232498169,7.99979829788208,4.886358737945557,0.006848835851997137,0.01,0.02,-0.023151163011789322,-0.005807220935821533,-0.01734394207596779,-0.7906105518341064,-3.9725310802459717,0.9143790006637573,0.47256535291671753,2.732362747192383,0.0
0,28,None,False,"43,14,65,138,93,124,73,91,23,84",1.1085059642791748,-2.165118455886841,-1.1442489624023438,-0.8950854539871216,7.999807834625244,3.5165724754333496,0.013779896311461926,0.0,0.0,0.013779896311461926,0.01138150691986084,0.0023983893916010857,0.5908433198928833,0.0,0.9760472774505615,0.44462722539901733,2.732362747192383,0.0
0,29,None,False,"43,14,65,138,93,124,73,91,23,84",1.0127224922180176,-1.8995616436004639,-1.2535755634307861,-0.8389606475830078,7.999764919281006,3.53601336479187,0.012362843379378319,0.0,0.0,0.012362843379378319,0.01322793960571289,-0.0008650962263345718,0.08314371854066849,0.0,0.9180697202682495,0.4104447364807129,2.732362747192383,0.0
0,30,None,False,"43,14,65,138,93,124,73,91,23,84",1.1653270721435547,-2.254081964492798,-1.1622769832611084,-0.7253851890563965,7.999782085418701,5.330060005187988,0.029603630304336548,0.0,0.0,0.029603630304336548,0.028043270111083984,0.0015603601932525635,0.015395605005323887,0.0,0.8921438455581665,0.39588236808776855,2.732362747192383,0.0
0,31,None,False,"43,14,65,138,93,124,73,91,23,84",1.0958328247070312,-1.8092139959335327,-0.9953123331069946,-0.8661624789237976,7.999820709228516,5.056159973144531,0.026149099692702293,0.0,0.0,0.026149099692702293,0.03877890110015869,-0.012629801407456398,-0.8314440846443176,0.0,0.9050995111465454,0.37094753980636597,2.732362747192383,0.0
0,32,None,False,"43,14,65,138,93,124,73,91,23,84",1.0430057048797607,-2.0604987144470215,-0.8418872952461243,-0.8048433065414429,7.999729156494141,5.396121501922607,0.018943315371870995,0.0,0.0,0.018943315371870995,0.030022740364074707,-0.011079424992203712,-0.8654543161392212,0.0,0.645463228225708,0.3631126880645752,2.732362747192383,0.0
0,33,None,False,"43,14,65,138,93,124,73,91,23,84",1.0913197994232178,-2.00152850151062,-1.121451735496521,-0.7986664772033691,7.999804496765137,4.474212169647217,0.011879568919539452,0.0,0.0,0.011879568919539452,0.011586308479309082,0.00029326044023036957,0.3429373800754547,0.0,0.7612038254737854,0.4084032475948334,2.732362747192383,0.0
0,34,None,False,"43,14,65,138,93,124,73,91,23,84",1.1292685270309448,-1.8383235931396484,-1.082327961921692,-0.6942561864852905,7.999817371368408,3.0160939693450928,0.020521897822618484,0.0,0.0,0.020521897822618484,0.013164043426513672,0.007357854396104813,0.5690807104110718,0.0,0.6987829208374023,0.38691332936286926,2.732362747192383,0.0
0,35,None,False,"43,14,65,138,93,124,73,91,23,84",1.0808067321777344,-2.225992202758789,-1.0831533670425415,-0.7386906743049622,7.999763488769531,5.171253681182861,0.02105150744318962,0.0,0.0,0.02105150744318962,0.013614773750305176,0.007436733692884445,0.6951833963394165,0.0,0.5936235189437866,0.3112896978855133,2.732362747192383,0.0
0,36,None,False,"43,14,65,138,93,124,73,91,23,84",1.0485671758651733,-2.271430253982544,-1.2157585620880127,-0.9875894784927368,7.999800682067871,5.969277858734131,0.024406999349594116,0.0,0.0,0.024406999349594116,0.016050100326538086,0.00835689902305603,0.6650703549385071,0.0,0.5804210305213928,0.3304566740989685,2.732362747192383,0.0
0,37,None,False,"43,14,65,138,93,124,73,91,23,84",1.1513392925262451,-2.032545328140259,-1.0810909271240234,-0.8490298390388489,7.999817848205566,4.902163028717041,0.0169520266354084,0.0,0.0,0.0169520266354084,0.013165116310119629,0.0037869103252887726,0.49872222542762756,0.0,0.557864248752594,0.3155915439128876,2.732362747192383,0.0
0,38,None,False,"43,14,65,138,93,124,73,91,23,84",1.1047769784927368,-2.027517557144165,-1.1664950847625732,-0.7021799087524414,7.999833106994629,3.6437337398529053,0.0033951043151319027,0.0,0.0,0.0033951043151319027,-0.000662684440612793,0.004057788755744696,0.22239179909229279,0.0,0.47295767068862915,0.31836891174316406,2.732362747192383,0.0
0,39,None,False,"43,14,65,138,93,124,73,91,23,84",1.0921564102172852,-1.9395183324813843,-1.2822006940841675,-0.6522732973098755,7.999814510345459,3.301342248916626,-0.018499935045838356,0.0,0.0,-0.018499935045838356,-0.006643772125244141,-0.011856162920594215,-0.8050272464752197,0.0,0.5862499475479126,0.34449294209480286,2.732362747192383,0.0
0,40,None,False,"43,14,65,138,93,124,73,91,23,84",1.0973801612854004,-1.991685152053833,-1.1505128145217896,-0.738006591796875,7.999730587005615,4.752010345458984,-0.02279980108141899,0.0,0.0,-0.02279980108141899,-0.01507711410522461,-0.007722686976194382,-0.33389613032341003,0.0,0.5848149657249451,0.30356651544570923,2.732362747192383,0.0
0,41,Schedule,True,"83,73,108,139,19,30,39,32,75,134",1.080143928527832,-1.8662227392196655,-1.0156745910644531,-0.8868973255157471,7.999785423278809,4.270280361175537,-0.01723431423306465,0.008999999761581421,0.017999999523162842,-0.04423431307077408,-0.013956248760223389,-0.03027806431055069,-1.6404142379760742,-8.188117027282715,0.5287229418754578,0.3235008716583252,2.732362747192383,0.0
0,42,None,False,"83,73,108,139,19,30,39,32,75,134",1.0049113035202026,-2.1696979999542236,-1.2481625080108643,-0.6955174207687378,7.999749183654785,6.479964733123779,0.001093786908313632,0.0,0.0,0.001093786908313632,-0.014081120491027832,0.015174907632172108,0.7896949052810669,0.0,0.413662850856781,0.3232857286930084,2.732362747192383,0.0
0,43,None,False,"83,73,108,139,19,30,39,32,75,134",1.0933829545974731,-1.7620337009429932,-0.9479080438613892,-0.8139393329620361,7.9997782707214355,5.307186603546143,0.028086716309189796,0.0,0.0,0.028086716309189796,0.004176616668701172,0.023910099640488625,1.111660361289978,0.0,0.4867899417877197,0.35425713658332825,2.732362747192383,0.0
0,44,None,False,"83,73,108,139,19,30,39,32,75,134",1.1259162425994873,-2.0246593952178955,-1.2984224557876587,-0.8542059063911438,7.999711990356445,6.265501499176025,0.007908863015472889,0.0,0.0,0.007908863015472889,-0.005769193172454834,0.013678056187927723,0.7293039560317993,0.0,0.6067559123039246,0.338779091835022,2.732362747192383,0.0
0,45,None,False,"83,73,108,139,19,30,39,32,75,134",1.039802074432373,-2.1057703495025635,-1.0754547119140625,-0.6738036870956421,7.999790668487549,5.155754566192627,-0.002197265625,0.0,0.0,-0.002197265625,-0.000847935676574707,-0.001349329948425293,-0.005523968022316694,0.0,0.815343976020813,0.3151823878288269,2.732362747192383,0.0
0,46,None,False,"83,73,108,139,19,30,39,32,75,134",1.085369348526001,-1.7975465059280396,-1.039855718612671,-0.8214356899261475,7.999786376953125,3.865600347518921,-0.017209535464644432,0.0,0.0,-0.017209535464644432,-0.011947154998779297,-0.005262380465865135,-0.4211387038230896,0.0,0.796231746673584,0.3192509412765503,2.732362747192383,0.0
0,47,None,False,"83,73,108,139,19,30,39,32,75,134",1.059850811958313,-2.17571759223938,-1.3853425979614258,-0.6465827822685242,7.9997382164001465,6.63611364364624,-0.03584156557917595,0.0,0.0,-0.03584156557917595,-0.015515267848968506,-0.020326297730207443,-0.6498770117759705,0.0,0.7160192728042603,0.3484172821044922,2.732362747192383,0.0
0,48,None,False,"83,73,108,139,19,30,39,32,75,134",1.0650150775909424,-2.0546681880950928,-1.039426326751709,-0.7009543180465698,7.999806880950928,5.134783744812012,-0.04929756373167038,0.0,0.0,-0.04929756373167038,-0.016587018966674805,-0.032710544764995575,-1.8153218030929565,0.0,0.7313954830169678,0.33276838064193726,2.732362747192383,0.0
0,49,None,False,"83,73,108,139,19,30,39,32,75,134",1.1044461727142334,-1.9406592845916748,-0.9989204406738281,-0.7881244421005249,7.999773979187012,4.900691986083984,-0.026129741221666336,0.0,0.0,-0.026129741221666336,-0.003695547580718994,-0.022434193640947342,-1.0642366409301758,0.0,0.5472484827041626,0.31797704100608826,2.732362747192383,0.0
0,50,None,False,"83,73,108,139,19,30,39,32,75,134",1.0612740516662598,-1.9512602090835571,-1.114296793937683,-0.8508363962173462,7.999744415283203,5.492432117462158,-0.016273653134703636,0.0,0.0,-0.016273653134703636,-0.004838109016418457,-0.01143554411828518,-0.40307673811912537,0.0,0.6807994842529297,0.3394366204738617,2.732362747192383,0.0
0,51,Struct Break (DC),True,"66,123,52,13,93,127,40,41,30,57",1.1020065546035767,-2.155785322189331,-1.1056302785873413,-0.7255516052246094,7.999723434448242,5.259857177734375,0.009356403723359108,0.008999999761581421,0.017999999523162842,-0.01764359511435032,0.003512740135192871,-0.02115633524954319,-1.0533965826034546,-5.281036853790283,0.4429354667663574,0.3425709903240204,2.732362747192383,0.0
0,52,None,False,"66,123,52,13,93,127,40,41,30,57",1.0565292835235596,-2.3936948776245117,-1.3933823108673096,-0.6924059987068176,7.999770164489746,5.584798336029053,0.008997445926070213,0.0,0.0,0.008997445926070213,0.00756072998046875,0.0014367159456014633,0.2403026521205902,0.0,0.645074725151062,0.3970903754234314,2.732362747192383,0.0
0,53,None,False,"66,123,52,13,93,127,40,41,30,57",1.1265052556991577,-1.81361722946167,-1.0196294784545898,-0.7838951945304871,7.999837875366211,4.5763397216796875,0.007926160469651222,0.0,0.0,0.007926160469651222,0.007462024688720703,0.0004641357809305191,-0.10962749272584915,0.0,0.6087559461593628,0.38909757137298584,2.732362747192383,0.0
0,54,None,False,"66,123,52,13,93,127,40,41,30,57",1.1335772275924683,-2.2542059421539307,-1.1998447179794312,-0.7063009738922119,7.9997334480285645,4.041595935821533,0.009404647164046764,0.0,0.0,0.009404647164046764,0.009378194808959961,2.6452355086803436e-05,0.0734422579407692,0.0,0.541610598564148,0.3922756016254425,2.732362747192383,0.0
0,55,None,False,"66,123,52,13,93,127,40,41,30,57",1.1118746995925903,-1.9625194072723389,-1.1173540353775024,-0.7124639749526978,7.999780654907227,3.2674975395202637,0.00894477404654026,0.0,0.0,0.00894477404654026,0.01023101806640625,-0.0012862440198659897,-0.08670441806316376,0.0,0.7105099558830261,0.3996134400367737,2.732362747192383,0.0
0,56,None,False,"66,123,52,13,93,127,40,41,30,57",1.0514609813690186,-1.9390171766281128,-0.8708940744400024,-0.7542775869369507,7.9996843338012695,4.525060176849365,0.002451431704685092,0.0,0.0,0.002451431704685092,0.006562709808349609,-0.004111277870833874,0.09137950092554092,0.0,0.8525850772857666,0.39498651027679443,2.732362747192383,0.0
0,57,None,False,"66,123,52,13,93,127,40,41,30,57",1.1099568605422974,-1.7379705905914307,-1.1142137050628662,-0.799441397190094,7.9997758865356445,5.4943037033081055,0.008379632607102394,0.0,0.0,0.008379632607102394,0.008807897567749023,-0.00042826496064662933,0.07375143468379974,0.0,0.7786397933959961,0.3869403004646301,2.732362747192383,0.0
0,58,None,False,"66,123,52,13,93,127,40,41,30,57",1.1359437704086304,-2.11582088470459,-1.2044649124145508,-0.8750298023223877,7.999749660491943,4.522723197937012,0.0061528743244707584,0.0,0.0,0.0061528743244707584,0.01199960708618164,-0.005846732761710882,-0.1897374540567398,0.0,0.8537011742591858,0.3765496611595154,2.732362747192383,0.0
0,59,None,False,"66,123,52,13,93,127,40,41,30,57",1.1397883892059326,-1.988663911819458,-1.1697152853012085,-0.6770834922790527,7.999787330627441,5.249928951263428,0.0038133442867547274,0.0,0.0,0.0038133442867547274,0.007746696472167969,-0.003933352418243885,-0.020436253398656845,0.0,0.8237683773040771,0.41555747389793396,2.732362747192383,0.0
0,60,None,False,"66,123,52,13,93,127,40,41,30,57",1.1504884958267212,-2.123702049255371,-1.3751816749572754,-0.5969645977020264,7.999730587005615,5.661676406860352,-0.010387646965682507,0.0,0.0,-0.010387646965682507,-0.003118455410003662,-0.0072691915556788445,-0.30081838369369507,0.0,0.7496353387832642,0.3647826015949249,2.732362747192383,0.0
0,61,None,False,"66,123,52,13,93,127,40,41,30,57",1.0204378366470337,-2.223177909851074,-0.9551486968994141,-0.7202475070953369,7.999763488769531,6.949802875518799,-0.011357259936630726,0.0,0.0,-0.011357259936630726,0.001526474952697754,-0.01288373488932848,-0.4600469768047333,0.0,0.8323835134506226,0.34196433424949646,2.732362747192383,0.0
0,62,None,False,"66,123,52,13,93,127,40,41,30,57",1.1404942274093628,-2.045081615447998,-1.2715201377868652,-0.5831903219223022,7.999802112579346,5.145383358001709,-0.006741833873093128,0.0,0.0,-0.006741833873093128,0.008223414421081543,-0.014965248294174671,-0.9004355669021606,0.0,0.7716402411460876,0.423211932182312,2.732362747192383,0.0
0,63,None,False,"66,123,52,13,93,127,40,41,30,57",1.0910648107528687,-1.826263427734375,-1.1047565937042236,-0.7535942792892456,7.999786376953125,3.942237138748169,0.004767715930938721,0.0,0.0,0.004767715930938721,0.008160829544067383,-0.003393113613128662,-0.32829079031944275,0.0,0.9159897565841675,0.3288688063621521,2.732362747192383,0.0
0,64,None,False,"66,123,52,13,93,127,40,41,30,57",1.0316317081451416,-2.4696784019470215,-1.1160482168197632,-0.8635300993919373,7.9997053146362305,6.438503265380859,0.0031550168059766293,0.0,0.0,0.0031550168059766293,0.012775182723999023,-0.009620165452361107,-0.6131082773208618,0.0,0.868269145488739,0.38175493478775024,2.732362747192383,0.0
0,65,Schedule,True,"86,5,49,128,99,85,32,102,14,97",1.1514248847961426,-2.080092191696167,-1.130918025970459,-0.794743001461029,7.999771595001221,7.489452362060547,0.02074161171913147,0.01,0.02,-0.009258387610316277,0.023265361785888672,-0.0325237512588501,-1.5869369506835938,-7.934128284454346,0.8155524730682373,0.39017969369888306,2.732362747192383,0.0
0,66,None,False,"86,5,49,128,99,85,32,102,14,97",1.0887196063995361,-1.9701908826828003,-1.1928813457489014,-0.8450803160667419,7.999843597412109,5.303354263305664,0.010204458609223366,0.0,0.0,0.010204458609223366,0.015317559242248535,-0.005113100633025169,0.08027367293834686,0.0,0.771725058555603,0.31656140089035034,2.732362747192383,0.0
0,67,None,False,"86,5,49,128,99,85,32,102,14,97",1.0829811096191406,-1.9700413942337036,-1.3008880615234375,-0.7200174331665039,7.999771595001221,3.937513589859009,-3.069639205932617e-06,0.0,0.0,-3.069639205932617e-06,0.008082151412963867,-0.0080852210521698,-0.19649508595466614,0.0,0.6125394105911255,0.3450266122817993,2.732362747192383,0.0
0,68,None,False,"86,5,49,128,99,85,32,102,14,97",1.120488166809082,-1.672865867614746,-1.147018313407898,-0.8949338793754578,7.9997453689575195,4.915483474731445,-0.0017512202030047774,0.0,0.0,-0.0017512202030047774,0.006798148155212402,-0.008549368008971214,-0.14073042571544647,0.0,0.5475776195526123,0.32154378294944763,2.732362747192383,0.0
0,69,None,False,"86,5,49,128,99,85,32,102,14,97",1.1231682300567627,-2.1581151485443115,-1.1054610013961792,-0.7122212648391724,7.999811172485352,4.27363920211792,-0.01640680432319641,0.0,0.0,-0.01640680432319641,0.00499880313873291,-0.02140560746192932,-1.014074444770813,0.0,0.731992244720459,0.34498274326324463,2.732362747192383,0.0
0,70,None,False,"86,5,49,128,99,85,32,102,14,97",1.1087734699249268,-2.2372231483459473,-1.264051914215088,-0.5451983213424683,7.999807834625244,3.3299312591552734,-0.022959941998124123,0.0,0.0,-0.022959941998124123,0.0001621246337890625,-0.023122066631913185,-0.8800063729286194,0.0,0.6924127340316772,0.4632259011268616,2.732362747192383,0.0
0,71,None,False,"86,5,49,128,99,85,32,102,14,97",1.129957914352417,-2.006155252456665,-0.970131516456604,-0.762843132019043,7.999756336212158,4.039201259613037,-0.017581671476364136,0.0,0.0,-0.017581671476364136,0.003574967384338379,-0.021156638860702515,-0.9827616810798645,0.0,0.8301904797554016,0.5174882411956787,2.732362747192383,0.0
0,72,None,False,"86,5,49,128,99,85,32,102,14,97",1.106845498085022,-1.9932751655578613,-1.0508193969726562,-0.8920479416847229,7.999812126159668,5.167300701141357,-0.02242112159729004,0.0,0.0,-0.02242112159729004,-0.00044661760330200195,-0.021974503993988037,-0.9445694088935852,0.0,0.8700305819511414,0.4853154420852661,2.732362747192383,0.0
0,73,None,False,"86,5,49,128,99,85,32,102,14,97",1.1105709075927734,-2.0622808933258057,-1.103054165840149,-0.7935548424720764,7.999812126159668,3.0367724895477295,-0.029776811599731445,0.0,0.0,-0.029776811599731445,-0.004588067531585693,-0.025188744068145752,-0.7516770958900452,0.0,1.0193158388137817,0.5485926866531372,2.732362747192383,0.0
0,74,None,False,"86,5,49,128,99,85,32,102,14,97",1.1523137092590332,-2.117434024810791,-0.8865700364112854,-0.7082260251045227,7.999728202819824,4.5382843017578125,-0.02124943770468235,0.0,0.0,-0.02124943770468235,-0.004917502403259277,-0.016331935301423073,-0.6743408441543579,0.0,0.9955525398254395,0.5002561211585999,2.732362747192383,0.0
0,75,None,False,"86,5,49,128,99,85,32,102,14,97",1.0659024715423584,-2.0574564933776855,-1.142638087272644,-0.821918249130249,7.999802589416504,6.162429332733154,-0.01598304510116577,0.0,0.0,-0.01598304510116577,-0.006541609764099121,-0.00944143533706665,-0.21880732476711273,0.0,1.2312830686569214,0.48418810963630676,2.732362747192383,0.0
0,76,None,False,"86,5,49,128,99,85,32,102,14,97",1.0265370607376099,-2.249668598175049,-1.4741508960723877,-0.717902660369873,7.99968147277832,5.6838202476501465,-0.014941370114684105,0.0,0.0,-0.014941370114684105,-0.015154004096984863,0.00021263398230075836,0.23598454892635345,0.0,1.1262602806091309,0.4947139322757721,2.732362747192383,0.0
0,77,None,False,"86,5,49,128,99,85,32,102,14,97",1.0606404542922974,-1.9358059167861938,-1.3816534280776978,-0.673987865447998,7.999797821044922,4.955811977386475,-0.0002666890504769981,0.0,0.0,-0.0002666890504769981,-0.003763914108276367,0.003497224999591708,0.41643863916397095,0.0,1.0377098321914673,0.5014837384223938,2.732362747192383,0.0
0,78,None,False,"86,5,49,128,99,85,32,102,14,97",1.1141455173492432,-1.8203314542770386,-1.0789462327957153,-0.847402811050415,7.999807357788086,4.3542561531066895,0.0075629414059221745,0.0,0.0,0.0075629414059221745,-0.004295706748962402,0.01185864768922329,0.746001660823822,0.0,1.019623041152954,0.520499050617218,2.732362747192383,0.0
0,79,Schedule,True,"25,104,64,112,43,87,108,8,92,53",1.142195701599121,-2.005627393722534,-1.1063638925552368,-0.8928908109664917,7.999791145324707,4.280089855194092,-0.008894747123122215,0.01,0.02,-0.03889474645256996,-0.0021712183952331543,-0.03672352805733681,-2.170311450958252,-10.823871612548828,1.1938928365707397,0.45210960507392883,2.732362747192383,0.0
0,80,None,False,"25,104,64,112,43,87,108,8,92,53",1.1090205907821655,-1.7731170654296875,-1.0701054334640503,-1.0120587348937988,7.9997358322143555,5.2626423835754395,-0.007067829370498657,0.0,0.0,-0.007067829370498657,0.004878640174865723,-0.01194646954536438,-0.586390495300293,0.0,1.058011770248413,0.5264061689376831,2.732362747192383,0.0
0,81,None,False,"25,104,64,112,43,87,108,8,92,53",1.0978283882141113,-2.297786235809326,-0.9484195709228516,-0.8681908845901489,7.999797821044922,6.707610607147217,-0.0030299187637865543,0.0,0.0,-0.0030299187637865543,0.014352202415466309,-0.017382120713591576,-0.954814612865448,0.0,1.2137811183929443,0.559007465839386,2.732362747192383,0.0
0,82,None,False,"25,104,64,112,43,87,108,8,92,53",1.1474592685699463,-2.0022106170654297,-1.0821261405944824,-0.891272246837616,7.999701976776123,5.83173942565918,-0.0025702952407300472,0.0,0.0,-0.0025702952407300472,0.007866621017456055,-0.01043691672384739,-0.26058530807495117,0.0,1.0684672594070435,0.5360578894615173,2.732362747192383,0.0
0,83,None,False,"25,104,64,112,43,87,108,8,92,53",1.0648269653320312,-1.937157392501831,-0.9411735534667969,-0.8794741630554199,7.999776840209961,6.544524192810059,0.0007823586347512901,0.0,0.0,0.0007823586347512901,0.012246489524841309,-0.011464131064713001,-0.5916505455970764,0.0,0.9555342197418213,0.4702970087528229,2.732362747192383,0.0
0,84,None,False,"25,104,64,112,43,87,108,8,92,53",1.0070394277572632,-2.190408945083618,-1.425408124923706,-0.7065792679786682,7.999746322631836,6.5811686515808105,-0.0024768649600446224,0.0,0.0,-0.0024768649600446224,0.012325286865234375,-0.014802152290940285,-0.6908959746360779,0.0,0.8333867788314819,0.4698840379714966,2.732362747192383,0.0
0,85,None,False,"25,104,64,112,43,87,108,8,92,53",1.1561777591705322,-1.682968258857727,-1.0051205158233643,-0.717345118522644,7.999748229980469,6.466522216796875,-0.00959119200706482,0.0,0.0,-0.00959119200706482,0.00862133502960205,-0.01821252703666687,-0.5689826607704163,0.0,0.8074700832366943,0.3643719553947449,2.732362747192383,0.0
0,86,None,False,"25,104,64,112,43,87,108,8,92,53",1.1265347003936768,-1.900331974029541,-1.108399748802185,-0.5914796590805054,7.999760627746582,4.211127281188965,-0.0041224719025194645,0.0,0.0,-0.0041224719025194645,0.009335637092590332,-0.01345810852944851,-0.4265243411064148,0.0,0.6943682432174683,0.3907172381877899,2.732362747192383,0.0
0,87,None,False,"25,104,64,112,43,87,108,8,92,53",1.064557433128357,-1.8728935718536377,-1.1164531707763672,-0.7190251350402832,7.999810218811035,5.464051723480225,-0.012560415081679821,0.0,0.0,-0.012560415081679821,0.0036056041717529297,-0.016166020184755325,-0.6511528491973877,0.0,0.7825261950492859,0.46311789751052856,2.732362747192383,0.0
0,88,None,False,"25,104,64,112,43,87,108,8,92,53",1.0747967958450317,-2.308124542236328,-1.2209773063659668,-0.878868043422699,7.999786376953125,4.956069469451904,-0.0157854612916708,0.0,0.0,-0.0157854612916708,0.000997304916381836,-0.016782766208052635,-0.6348796486854553,0.0,0.9371685981750488,0.4458054304122925,2.732362747192383,0.0
0,89,None,False,"25,104,64,112,43,87,108,8,92,53",1.107582926750183,-1.7672529220581055,-1.1187025308609009,-1.131983757019043,7.999726295471191,6.33740758895874,-0.016099387779831886,0.0,0.0,-0.016099387779831886,-0.008032739162445068,-0.008066648617386818,-0.16636984050273895,0.0,1.0748443603515625,0.4410788118839264,2.732362747192383,0.0
0,90,None,False,"25,104,64,112,43,87,108,8,92,53",1.0959863662719727,-2.1820132732391357,-0.902665376663208,-0.9849464297294617,7.999769687652588,5.338835716247559,-0.019896049052476883,0.0,0.0,-0.019896049052476883,-0.02416980266571045,0.004273753613233566,0.5007238388061523,0.0,1.0650951862335205,0.4480430483818054,2.732362747192383,0.0
0,91,None,False,"25,104,64,112,43,87,108,8,92,53",1.076594352722168,-2.2334516048431396,-1.3369114398956299,-0.7704437971115112,7.999810218811035,4.68412971496582,-0.02263237163424492,0.0,0.0,-0.02263237163424492,-0.025134384632110596,0.002502012997865677,0.32293209433555603,0.0,0.8119919896125793,0.42452770471572876,2.732362747192383,0.0
0,92,None,False,"25,104,64,112,43,87,108,8,92,53",1.0357089042663574,-2.22575044631958,-1.4480664730072021,-0.7798407077789307,7.999621391296387,4.860054969787598,-0.023462438955903053,0.0,0.0,-0.023462438955903053,-0.020337939262390137,-0.0031244996935129166,-0.13010136783123016,0.0,0.8557308316230774,0.45331478118896484,2.732362747192383,0.0
0,93,Schedule,True,"35,83,113,133,106,85,138,31,107,102",1.059217929840088,-1.8124934434890747,-1.0339843034744263,-0.7876050472259521,7.9997100830078125,6.315454006195068,-0.015038358978927135,0.01,0.02,-0.04503835737705231,-0.029116034507751465,-0.015922322869300842,-0.874291181564331,-4.390917778015137,0.9204554557800293,0.4343191981315613,2.732362747192383,0.0
0,94,None,False,"35,83,113,133,106,85,138,31,107,102",1.078885555267334,-2.301913022994995,-1.4461283683776855,-0.6489624977111816,7.999743938446045,6.357403755187988,0.004843664355576038,0.0,0.0,0.004843664355576038,-0.022608458995819092,0.027452122420072556,2.4158387184143066,0.0,1.0920829772949219,0.43427640199661255,2.732362747192383,0.0
0,95,Struct Break (DC),True,"103,5,0,73,88,126,111,100,32,33",1.085793137550354,-2.0692641735076904,-1.113454818725586,-0.7066746950149536,7.999815464019775,5.526921272277832,-0.03057393990457058,0.01,0.02,-0.060573939234018326,-0.014813482761383057,-0.04576045647263527,-2.370889186859131,-11.803757667541504,0.9243413805961609,0.4419217109680176,2.732362747192383,0.0
0,96,Vol Shock,True,"140,12,26,123,106,78,134,59,2,87",1.1151409149169922,-1.8151812553405762,-0.9690661430358887,-0.8312525749206543,7.999748706817627,4.128161907196045,-0.006292796228080988,0.01,0.02,-0.03629279509186745,-0.02446889877319336,-0.011823896318674088,-0.4934583604335785,-2.498356342315674,0.8270472288131714,0.33217304944992065,2.732362747192383,0.0
0,97,Vol Shock,True,"86,56,87,97,60,132,4,29,34,102",1.0632193088531494,-2.0152015686035156,-1.0427744388580322,-0.8223253488540649,7.999792575836182,4.636531352996826,-0.015959108248353004,0.008999999761581421,0.017999999523162842,-0.04295910894870758,-0.026588857173919678,-0.016370251774787903,-0.7228310108184814,-3.637443780899048,0.6367107629776001,0.47712481021881104,2.732362747192383,0.0
0,98,None,False,"86,56,87,97,60,132,4,29,34,102",1.0226792097091675,-1.9329898357391357,-1.237647294998169,-0.7379447221755981,7.9997878074646,4.374847412109375,-0.021735936403274536,0.0,0.0,-0.021735936403274536,-0.025606870651245117,0.003870934247970581,0.36486726999282837,0.0,0.605852484703064,0.3773496747016907,2.732362747192383,0.0
0,99,None,False,"86,56,87,97,60,132,4,29,34,102",1.054175615310669,-2.1314210891723633,-1.2940657138824463,-0.6279031038284302,7.999820709228516,2.87520694732666,-0.024307042360305786,0.0,0.0,-0.024307042360305786,-0.017727375030517578,-0.006579667329788208,-0.38370174169540405,0.0,0.600496768951416,0.29603463411331177,2.732362747192383,0.0
0,100,None,False,"86,56,87,97,60,132,4,29,34,102",0.99151211977005,-2.2403006553649902,-1.535085678100586,-0.9300033450126648,7.9996418952941895,5.376308441162109,0.004392468836158514,0.0,0.0,0.004392468836158514,0.004525661468505859,-0.00013319263234734535,0.2552734315395355,0.0,0.5849126577377319,0.30136826634407043,2.732362747192383,0.0
0,101,None,False,"86,56,87,97,60,132,4,29,34,102",1.0487456321716309,-2.295962333679199,-1.0901628732681274,-0.9243113994598389,7.9997639656066895,6.325394153594971,0.03528422862291336,0.0,0.0,0.03528422862291336,0.0164564847946167,0.01882774382829666,1.135146141052246,0.0,0.5856707096099854,0.39162012934684753,2.732362747192383,0.0
0,102,None,False,"86,56,87,97,60,132,4,29,34,102",1.1196916103363037,-1.9472817182540894,-1.2200405597686768,-0.6830582022666931,7.999820232391357,4.725234031677246,0.031249631196260452,0.0,0.0,0.031249631196260452,0.02228415012359619,0.00896548107266426,0.8932997584342957,0.0,0.6482976078987122,0.3503355383872986,2.732362747192383,0.0
0,103,None,False,"86,56,87,97,60,132,4,29,34,102",1.068833827972412,-1.9882862567901611,-1.1111263036727905,-0.7155055999755859,7.999842166900635,2.9461655616760254,0.035065870732069016,0.0,0.0,0.035065870732069016,0.03137040138244629,0.0036954693496227264,0.6035730242729187,0.0,0.6567440032958984,0.37987086176872253,2.732362747192383,0.0
0,104,None,False,"86,56,87,97,60,132,4,29,34,102",1.0882642269134521,-1.8604044914245605,-1.1384495496749878,-0.6962512731552124,7.999798774719238,4.312283515930176,0.03494664281606674,0.0,0.0,0.03494664281606674,0.02662646770477295,0.008320175111293793,0.8235846161842346,0.0,0.5717379450798035,0.37428194284439087,2.732362747192383,0.0
0,105,None,False,"86,56,87,97,60,132,4,29,34,102",1.139495849609375,-2.23110294342041,-1.1857242584228516,-0.7247645258903503,7.999744892120361,4.464849948883057,0.022343475371599197,0.0,0.0,0.022343475371599197,0.01760697364807129,0.004736501723527908,0.55862957239151,0.0,0.6135612726211548,0.4003913700580597,2.732362747192383,0.0
0,106,None,False,"86,56,87,97,60,132,4,29,34,102",1.128661036491394,-1.8077095746994019,-1.2490781545639038,-0.6109619140625,7.999772548675537,4.0716047286987305,-0.010274464264512062,0.0,0.0,-0.010274464264512062,0.013752222061157227,-0.02402668632566929,-1.1120867729187012,0.0,0.7984839677810669,0.3960496187210083,2.732362747192383,0.0
0,107,None,False,"86,56,87,97,60,132,4,29,34,102",1.0615284442901611,-2.20940899848938,-1.2506046295166016,-0.8130302429199219,7.999767303466797,4.762479305267334,-0.015409177169203758,0.0,0.0,-0.015409177169203758,0.014296650886535645,-0.029705828055739403,-1.159989356994629,0.0,0.7632473111152649,0.37526828050613403,2.732362747192383,0.0
0,108,None,False,"86,56,87,97,60,132,4,29,34,102",1.0870786905288696,-2.127980947494507,-1.3733961582183838,-0.6093382835388184,7.9997663497924805,6.004746913909912,0.006885075476020575,0.0,0.0,0.006885075476020575,0.02634584903717041,-0.01946077309548855,-0.7431407570838928,0.0,0.6509527564048767,0.3900289833545685,2.732362747192383,0.0
0,109,None,False,"86,56,87,97,60,132,4,29,34,102",1.1058100461959839,-2.0646588802337646,-1.2165827751159668,-0.626014232635498,7.999820709228516,4.697439670562744,0.013154983520507812,0.0,0.0,0.013154983520507812,0.018804311752319336,-0.0056493282318115234,-0.2670169472694397,0.0,0.8421540856361389,0.37881553173065186,2.732362747192383,0.0
0,110,None,False,"86,56,87,97,60,132,4,29,34,102",1.0789802074432373,-2.025803327560425,-1.1095932722091675,-0.7615092992782593,7.99981689453125,4.0763139724731445,0.010618060827255249,0.0,0.0,0.010618060827255249,0.01586735248565674,-0.005249291658401489,-0.11735517531633377,0.0,0.818591833114624,0.37985044717788696,2.732362747192383,0.0
0,111,Schedule,True,"114,131,107,43,55,89,27,16,134,35",1.1040207147598267,-1.8815295696258545,-1.10433030128479,-0.6899341344833374,7.999723434448242,4.670430660247803,0.0035013495944440365,0.01,0.02,-0.026498649269342422,0.016521453857421875,-0.0430201031267643,-1.7584257125854492,-8.783659934997559,0.6990946531295776,0.38354313373565674,2.732362747192383,0.0
0,112,None,False,"114,131,107,43,55,89,27,16,134,35",1.0678282976150513,-1.9740068912506104,-1.159650206565857,-0.6337437629699707,7.999761581420898,4.642104625701904,0.011191713623702526,0.0,0.0,0.011191713623702526,0.02142965793609619,-0.010237944312393665,-0.49890220165252686,0.0,0.7839193940162659,0.3944399058818817,2.732362747192383,0.0
0,113,None,False,"114,131,107,43,55,89,27,16,134,35",1.1138628721237183,-1.8798942565917969,-0.9838451147079468,-0.9264668822288513,7.999756813049316,5.92812967300415,0.003249740693718195,0.0,0.0,0.003249740693718195,0.011718273162841797,-0.00846853293478489,-0.5698847770690918,0.0,0.871494472026825,0.3683032691478729,2.732362747192383,0.0
0,114,None,False,"114,131,107,43,55,89,27,16,134,35",1.13885498046875,-1.863786220550537,-1.0113598108291626,-0.8581816554069519,7.9997687339782715,3.3477213382720947,0.017523080110549927,0.0,0.0,0.017523080110549927,0.029552221298217773,-0.012029141187667847,-0.7985689640045166,0.0,0.9316271543502808,0.37371036410331726,2.732362747192383,0.0
0,115,None,False,"114,131,107,43,55,89,27,16,134,35",1.0394282341003418,-2.209791898727417,-1.2422337532043457,-0.6022219657897949,7.999798774719238,5.570250988006592,0.0355052724480629,0.0,0.0,0.0355052724480629,0.04352104663848877,-0.008015774190425873,-0.4031507074832916,0.0,0.8239393830299377,0.34854426980018616,2.732362747192383,0.0
0,116,None,False,"114,131,107,43,55,89,27,16,134,35",1.1272140741348267,-1.8449662923812866,-1.0780599117279053,-0.7901757955551147,7.999747276306152,5.554381370544434,0.04205668717622757,0.0,0.0,0.04205668717622757,0.038637518882751465,0.0034191682934761047,0.29454144835472107,0.0,0.8599892854690552,0.39004769921302795,2.732362747192383,0.0
0,117,None,False,"114,131,107,43,55,89,27,16,134,35",1.1151286363601685,-1.8795510530471802,-0.8898834586143494,-0.7642443776130676,7.999819278717041,4.110166072845459,0.035959791392087936,0.0,0.0,0.035959791392087936,0.03984260559082031,-0.003882814198732376,0.07204201072454453,0.0,0.7784438729286194,0.36100900173187256,2.732362747192383,0.0
0,118,None,False,"114,131,107,43,55,89,27,16,134,35",1.1108386516571045,-2.1013712882995605,-0.8976693153381348,-0.9294531941413879,7.999772548675537,3.5067386627197266,0.03571360185742378,0.0,0.0,0.03571360185742378,0.04086744785308838,-0.0051538459956645966,-0.023975063115358353,0.0,0.8684308528900146,0.35628870129585266,2.732362747192383,0.0
0,119,None,False,"114,131,107,43,55,89,27,16,134,35",1.0739915370941162,-2.086642265319824,-1.0968796014785767,-0.8065789937973022,7.999782562255859,4.643062591552734,0.03515380620956421,0.0,0.0,0.03515380620956421,0.0345151424407959,0.0006386637687683105,0.19840620458126068,0.0,0.926242470741272,0.3201027512550354,2.732362747192383,0.0
0,120,None,False,"114,131,107,43,55,89,27,16,134,35",1.0859746932983398,-2.1471269130706787,-1.2372715473175049,-0.6389884948730469,7.999791145324707,3.954460859298706,0.042138077318668365,0.0,0.0,0.042138077318668365,0.03333759307861328,0.008800484240055084,0.9232151508331299,0.0,0.6509743928909302,0.29437121748924255,2.732362747192383,0.0
0,121,None,False,"114,131,107,43,55,89,27,16,134,35",0.9954065680503845,-2.145564079284668,-1.1897220611572266,-0.7919126749038696,7.999725818634033,5.619855880737305,0.021650439128279686,0.0,0.0,0.021650439128279686,0.0230405330657959,-0.0013900939375162125,0.16039833426475525,0.0,0.654439389705658,0.3980426788330078,2.732362747192383,0.0
0,122,None,False,"114,131,107,43,55,89,27,16,134,35",1.032439112663269,-2.0091552734375,-1.3619658946990967,-0.6556230783462524,7.999800205230713,4.2195916175842285,0.020648736506700516,0.0,0.0,0.020648736506700516,0.012151479721069336,0.00849725678563118,0.8299095630645752,0.0,0.6900607347488403,0.5231600999832153,2.732362747192383,0.0
0,123,None,False,"114,131,107,43,55,89,27,16,134,35",1.0799968242645264,-1.9589266777038574,-1.2966060638427734,-0.736290693283081,7.99976921081543,2.8102126121520996,0.013011431321501732,0.0,0.0,0.013011431321501732,0.012189269065856934,0.0008221622556447983,0.3951621353626251,0.0,0.6907579898834229,0.4111140966415405,2.732362747192383,0.0
0,124,None,False,"114,131,107,43,55,89,27,16,134,35",1.0687483549118042,-2.2390589714050293,-1.184680700302124,-0.7725317478179932,7.999746799468994,4.577682018280029,-0.0031446933280676603,0.0,0.0,-0.0031446933280676603,0.0011641979217529297,-0.004308891482651234,0.3632572591304779,0.0,0.743982195854187,0.4049423933029175,2.732362747192383,0.0
0,125,Schedule,True,"50,125,55,86,113,124,51,74,21,59",0.9430004358291626,-2.1938114166259766,-1.1148017644882202,-1.1395862102508545,7.999582290649414,7.55725622177124,-0.03355173394083977,0.008999999761581421,0.017999999523162842,-0.060551732778549194,-0.031174778938293457,-0.029376953840255737,-0.6903702020645142,-3.478353977203369,0.7685520648956299,0.3603946566581726,2.732362747192383,0.0
0,126,None,False,"50,125,55,86,113,124,51,74,21,59",1.1098883152008057,-1.7763675451278687,-0.9405450820922852,-0.8896026611328125,7.999814987182617,7.962337017059326,-0.020338088274002075,0.0,0.0,-0.020338088274002075,-0.021789491176605225,0.0014514029026031494,0.32369840145111084,0.0,0.6599947214126587,0.3706129193305969,2.732362747192383,0.0
0,127,None,False,"50,125,55,86,113,124,51,74,21,59",1.0861965417861938,-2.164064645767212,-0.9930647611618042,-0.9390790462493896,7.999792575836182,4.061081886291504,-0.018109440803527832,0.0,0.0,-0.018109440803527832,-0.02218306064605713,0.004073619842529297,0.5358526110649109,0.0,0.6596958637237549,0.3884408175945282,2.732362747192383,0.0
0,0,Schedule | Regime Shift (Initial),True,"137,101,127,125,86,68,48,142,76,118",1.0183643102645874,-2.0387749671936035,-1.0455126762390137,-0.7813948392868042,7.999582290649414,4.262053966522217,0.016532665118575096,0.0,0.0,0.016532665118575096,0.002696514129638672,0.013836150988936424,1.3626725673675537,6.715985298156738,1.2391266822814941,0.3638867437839508,2.5942132472991943,0.0
0,1,None,False,"137,101,127,125,86,68,48,142,76,118",1.0120478868484497,-2.204164981842041,-1.0831187963485718,-0.8717449307441711,7.999670028686523,4.806982517242432,0.015131151303648949,0.0,0.0,0.015131151303648949,0.0011333227157592773,0.013997828587889671,1.5594124794006348,0.0,1.1028887033462524,0.3587590754032135,2.5942132472991943,0.0
0,2,None,False,"137,101,127,125,86,68,48,142,76,118",1.114212155342102,-2.2196712493896484,-1.1201329231262207,-0.6501369476318359,7.999269962310791,6.08985710144043,0.00018408894538879395,0.0,0.0,0.00018408894538879395,-0.010152339935302734,0.010336428880691528,0.8888027667999268,0.0,1.0312931537628174,0.35976117849349976,2.5942132472991943,0.0
0,3,None,False,"137,101,127,125,86,68,48,142,76,118",1.0997302532196045,-1.9088923931121826,-1.0335981845855713,-0.776522696018219,7.999504566192627,5.619466304779053,-0.004995596595108509,0.0,0.0,-0.004995596595108509,-0.020277202129364014,0.015281605534255505,1.044995665550232,0.0,0.9615944623947144,0.25694626569747925,2.5942132472991943,0.0
0,4,None,False,"137,101,127,125,86,68,48,142,76,118",1.024623155593872,-2.058502435684204,-1.0514556169509888,-0.8806718587875366,7.999587535858154,4.775130748748779,-0.00465088477358222,0.0,0.0,-0.00465088477358222,-0.01594620943069458,0.011295324191451073,0.7142958045005798,0.0,1.082092046737671,0.3364611268043518,2.5942132472991943,0.0
0,5,None,False,"137,101,127,125,86,68,48,142,76,118",1.06849205493927,-2.1466662883758545,-1.295426845550537,-0.940693736076355,7.9993977546691895,4.895560264587402,-0.0014627277851104736,0.0,0.0,-0.0014627277851104736,-0.013296365737915039,0.011833637952804565,0.5754988193511963,0.0,0.8912222981452942,0.32421112060546875,2.5942132472991943,0.0
0,6,None,False,"137,101,127,125,86,68,48,142,76,118",1.073352575302124,-2.2479429244995117,-0.9727327823638916,-0.7476218938827515,7.999383449554443,5.801204204559326,-0.008197903633117676,0.0,0.0,-0.008197903633117676,-0.01162731647491455,0.003429412841796875,0.10697798430919647,0.0,0.8831477165222168,0.3004373013973236,2.5942132472991943,0.0
0,7,None,False,"137,101,127,125,86,68,48,142,76,118",1.0520049333572388,-2.000187873840332,-1.0828216075897217,-0.8438900113105774,7.999466419219971,5.751282691955566,-0.010237932205200195,0.0,0.0,-0.010237932205200195,-0.0048719048500061035,-0.005366027355194092,-0.3729388415813446,0.0,0.8221078515052795,0.2825111150741577,2.5942132472991943,0.0
0,8,Struct Break (DC),True,"43,16,98,103,129,114,64,63,130,39",1.099319577217102,-2.120037794113159,-1.066202163696289,-0.7401752471923828,7.999451160430908,4.799069881439209,-0.02130793407559395,0.01,0.02,-0.051307935267686844,-0.01139986515045166,-0.039908070117235184,-2.165126323699951,-10.79613208770752,0.9017572402954102,0.4279175400733948,2.5942132472991943,0.0
0,9,None,False,"43,16,98,103,129,114,64,63,130,39",1.0324535369873047,-2.1550586223602295,-1.1366022825241089,-0.8366376161575317,7.999454021453857,5.110813140869141,-0.03305292874574661,0.0,0.0,-0.03305292874574661,-0.015968799591064453,-0.01708412915468216,-0.7164047360420227,0.0,0.9767231941223145,0.40162193775177,2.5942132472991943,0.0
0,10,None,False,"43,16,98,103,129,114,64,63,130,39",1.00009024143219,-1.9572006464004517,-1.1334114074707031,-0.9476310014724731,7.999622344970703,4.806760311126709,-0.03477887436747551,0.0,0.0,-0.03477887436747551,-0.012903332710266113,-0.021875541657209396,-1.0652637481689453,0.0,0.6624338626861572,0.35573703050613403,2.5942132472991943,0.0
0,11,None,False,"43,16,98,103,129,114,64,63,130,39",1.0778746604919434,-2.0779852867126465,-1.150193452835083,-0.8840125799179077,7.999459743499756,4.315756320953369,-0.03451269865036011,0.0,0.0,-0.03451269865036011,-0.012334883213043213,-0.022177815437316895,-1.2366970777511597,0.0,0.747368335723877,0.379677951335907,2.5942132472991943,0.0
0,12,None,False,"43,16,98,103,129,114,64,63,130,39",1.110780954360962,-1.9910000562667847,-1.039960503578186,-0.5924917459487915,7.999484062194824,4.703697204589844,-0.057455677539110184,0.0,0.0,-0.057455677539110184,-0.021807849407196045,-0.03564782813191414,-1.9588427543640137,0.0,0.8092148303985596,0.397586464881897,2.5942132472991943,0.0
0,13,None,False,"43,16,98,103,129,114,64,63,130,39",1.0251233577728271,-1.9819762706756592,-1.1610983610153198,-0.788095235824585,7.999417304992676,4.326658248901367,-0.05125588923692703,0.0,0.0,-0.05125588923692703,-0.022218942642211914,-0.02903694659471512,-1.7170265913009644,0.0,0.9756083488464355,0.4179912507534027,2.5942132472991943,0.0
0,14,None,False,"43,16,98,103,129,114,64,63,130,39",0.9485129117965698,-2.222133159637451,-1.3824211359024048,-0.8371131420135498,7.999242305755615,5.944867134094238,-0.01964361034333706,0.0,0.0,-0.01964361034333706,-0.00790029764175415,-0.011743312701582909,0.11292769014835358,0.0,1.0754059553146362,0.4059290289878845,2.5942132472991943,0.0
0,15,None,False,"43,16,98,103,129,114,64,63,130,39",1.1017534732818604,-1.968979835510254,-1.043120265007019,-0.9112937450408936,7.99954080581665,5.781908988952637,-0.02705984190106392,0.0,0.0,-0.02705984190106392,-0.010489284992218018,-0.0165705569088459,-0.8626390099525452,0.0,1.0140002965927124,0.394134521484375,2.5942132472991943,0.0
0,16,None,False,"43,16,98,103,129,114,64,63,130,39",1.0576223134994507,-1.7384364604949951,-1.0442813634872437,-0.9405459761619568,7.999492168426514,4.410218238830566,-0.009499942883849144,0.0,0.0,-0.009499942883849144,-0.0015211701393127441,-0.0079787727445364,-0.44923079013824463,0.0,1.1676771640777588,0.41090744733810425,2.5942132472991943,0.0
0,17,None,False,"43,16,98,103,129,114,64,63,130,39",1.022983431816101,-1.990557074546814,-0.751313328742981,-1.0346802473068237,7.999566555023193,5.632387638092041,0.04485061764717102,0.0,0.0,0.04485061764717102,0.01766979694366455,0.02718082070350647,1.9555474519729614,0.0,0.9951125383377075,0.41446158289909363,2.5942132472991943,0.0
0,18,None,False,"43,16,98,103,129,114,64,63,130,39",1.1071442365646362,-1.9106688499450684,-1.015749216079712,-0.9956551194190979,7.999663352966309,4.888992786407471,0.05243905633687973,0.0,0.0,0.05243905633687973,0.025389671325683594,0.027049385011196136,1.6343767642974854,0.0,1.0628154277801514,0.39278721809387207,2.5942132472991943,0.0
0,19,None,False,"43,16,98,103,129,114,64,63,130,39",1.0786635875701904,-2.0081632137298584,-0.815773606300354,-0.9185200929641724,7.999576568603516,4.065264701843262,0.02558518573641777,0.0,0.0,0.02558518573641777,0.012202262878417969,0.013382922857999802,0.8696469664573669,0.0,1.1020398139953613,0.39136654138565063,2.5942132472991943,0.0
0,20,None,False,"43,16,98,103,129,114,64,63,130,39",1.0642342567443848,-1.7683067321777344,-1.1733810901641846,-0.7718781232833862,7.99949836730957,4.129097938537598,0.01063681859523058,0.0,0.0,0.01063681859523058,0.004654645919799805,0.005982172675430775,0.4788859784603119,0.0,1.099316954612732,0.3357958197593689,2.5942132472991943,0.0
0,21,None,False,"43,16,98,103,129,114,64,63,130,39",1.1161394119262695,-2.0258216857910156,-0.9747687578201294,-0.8327559232711792,7.99929666519165,5.48367977142334,0.00536192674189806,0.0,0.0,0.00536192674189806,-0.0013818740844726562,0.006743800826370716,0.324090838432312,0.0,0.9578390121459961,0.4200794994831085,2.5942132472991943,0.0
0,22,Schedule,True,"68,60,115,46,117,18,100,81,137,112",1.1191833019256592,-1.9502012729644775,-1.0975284576416016,-0.767957329750061,7.999581813812256,5.0652618408203125,-0.0018039882415905595,0.01,0.02,-0.03180398792028427,-0.008931636810302734,-0.022872351109981537,-1.2472007274627686,-6.246684551239014,0.9799203872680664,0.4176062345504761,2.5942132472991943,0.0
0,23,None,False,"68,60,115,46,117,18,100,81,137,112",1.0580512285232544,-1.945914387702942,-1.0127449035644531,-0.8111072182655334,7.999637126922607,3.6443846225738525,0.008336258120834827,0.0,0.0,0.008336258120834827,-0.004313468933105469,0.012649727053940296,0.7650129795074463,0.0,0.9183894395828247,0.35339289903640747,2.5942132472991943,0.0
0,24,None,False,"68,60,115,46,117,18,100,81,137,112",1.0249078273773193,-2.0671119689941406,-1.2658319473266602,-0.8342679142951965,7.999499797821045,4.201637268066406,-0.004627794027328491,0.0,0.0,-0.004627794027328491,-0.005433440208435059,0.0008056461811065674,0.07954127341508865,0.0,1.001432180404663,0.2556432783603668,2.5942132472991943,0.0
0,25,None,False,"68,60,115,46,117,18,100,81,137,112",1.0439053773880005,-2.428051233291626,-1.4189482927322388,-0.5990744233131409,7.999282360076904,5.610707759857178,-0.0041138590313494205,0.0,0.0,-0.0041138590313494205,0.0027464628219604492,-0.00686032185330987,-0.19384928047657013,0.0,1.1771125793457031,0.34129542112350464,2.5942132472991943,0.0
0,26,None,False,"68,60,115,46,117,18,100,81,137,112",1.0845246315002441,-1.9156684875488281,-1.1278191804885864,-0.7701963186264038,7.999556064605713,5.512991428375244,0.005393463186919689,0.0,0.0,0.005393463186919689,0.007449626922607422,-0.0020561637356877327,-0.1804887056350708,0.0,1.0198866128921509,0.33396774530410767,2.5942132472991943,0.0
0,27,None,False,"68,60,115,46,117,18,100,81,137,112",1.0266144275665283,-2.128166675567627,-0.9894399642944336,-0.8600424528121948,7.999602317810059,4.610898017883301,0.10941173881292343,0.0,0.0,0.10941173881292343,0.031407952308654785,0.07800378650426865,4.077346324920654,0.0,1.00876784324646,0.33186018466949463,2.5942132472991943,0.0
0,28,None,False,"68,60,115,46,117,18,100,81,137,112",1.05537748336792,-1.902768850326538,-1.4003403186798096,-0.6474663615226746,7.999325275421143,5.567747116088867,0.10921549797058105,0.0,0.0,0.10921549797058105,0.03394210338592529,0.07527339458465576,3.4281342029571533,0.0,0.9943615198135376,0.36259734630584717,2.5942132472991943,0.0
0,29,None,False,"68,60,115,46,117,18,100,81,137,112",1.0684117078781128,-1.815300464630127,-1.1175721883773804,-0.9379364848136902,7.999519348144531,5.182519912719727,0.12202372401952744,0.0,0.0,0.12202372401952744,0.03475141525268555,0.08727230876684189,4.583499431610107,0.0,0.8731477856636047,0.334829717874527,2.5942132472991943,0.0
0,30,None,False,"68,60,115,46,117,18,100,81,137,112",1.074222207069397,-2.0376570224761963,-1.0488896369934082,-0.9720498323440552,7.999605178833008,2.836514949798584,0.1282489001750946,0.0,0.0,0.1282489001750946,0.030156850814819336,0.09809204936027527,4.367208003997803,0.0,0.7959426641464233,0.37515223026275635,2.5942132472991943,0.0
0,31,None,False,"68,60,115,46,117,18,100,81,137,112",1.039340853691101,-2.0671396255493164,-1.2054619789123535,-0.7762933969497681,7.9994683265686035,3.3301146030426025,0.13573475182056427,0.0,0.0,0.13573475182056427,0.02871537208557129,0.10701937973499298,4.10123348236084,0.0,0.877137303352356,0.4066050946712494,2.5942132472991943,0.0
0,32,None,False,"68,60,115,46,117,18,100,81,137,112",1.0755867958068848,-1.9464561939239502,-1.1951169967651367,-0.7557806968688965,7.999311923980713,3.2733681201934814,0.016544699668884277,0.0,0.0,0.016544699668884277,0.005548715591430664,0.010995984077453613,0.7139855027198792,0.0,0.8977949023246765,0.47419852018356323,2.5942132472991943,0.0
0,33,None,False,"68,60,115,46,117,18,100,81,137,112",1.068095088005066,-2.068272590637207,-1.1674575805664062,-0.6126444339752197,7.999481201171875,4.427174091339111,0.016726762056350708,0.0,0.0,0.016726762056350708,0.010553240776062012,0.006173521280288696,0.3238414525985718,0.0,0.9197793006896973,0.4746400713920593,2.5942132472991943,0.0
0,34,None,False,"68,60,115,46,117,18,100,81,137,112",1.0222082138061523,-1.9561657905578613,-1.1637811660766602,-0.7968202233314514,7.999492645263672,4.600552558898926,0.026010315865278244,0.0,0.0,0.026010315865278244,0.009955525398254395,0.01605479046702385,0.9053309559822083,0.0,1.0091474056243896,0.409668505191803,2.5942132472991943,0.0
0,35,None,False,"68,60,115,46,117,18,100,81,137,112",0.9506908655166626,-2.115687370300293,-1.212066650390625,-0.7608582973480225,7.999571323394775,3.421574592590332,0.019981568679213524,0.0,0.0,0.019981568679213524,0.010578632354736328,0.009402936324477196,0.4889214038848877,0.0,0.9360686540603638,0.46531349420547485,2.5942132472991943,0.0
0,36,Schedule,True,"93,133,64,50,57,89,47,35,28,41",1.111539363861084,-1.7931313514709473,-0.8216936588287354,-0.7398627996444702,7.999422550201416,5.511098861694336,-0.002233272884041071,0.01,0.02,-0.03223327174782753,-0.0022149085998535156,-0.030018363147974014,-1.6312673091888428,-8.134817123413086,0.8908207416534424,0.4929903745651245,2.5942132472991943,0.0
0,37,None,False,"93,133,64,50,57,89,47,35,28,41",1.002108097076416,-1.9360120296478271,-1.1467053890228271,-0.76824951171875,7.999650478363037,4.696061611175537,-0.0021469772327691317,0.0,0.0,-0.0021469772327691317,-0.0009557604789733887,-0.001191216753795743,0.19537435472011566,0.0,0.9263744950294495,0.4262242317199707,2.5942132472991943,0.0
0,38,None,False,"93,133,64,50,57,89,47,35,28,41",1.0642509460449219,-1.7949602603912354,-0.9249807596206665,-0.788128137588501,7.999494552612305,3.483879327774048,-0.009831368923187256,0.0,0.0,-0.009831368923187256,-0.014088034629821777,0.0042566657066345215,0.5181788802146912,0.0,0.7857067584991455,0.3974497318267822,2.5942132472991943,0.0
0,39,None,False,"93,133,64,50,57,89,47,35,28,41",1.0969856977462769,-1.985473394393921,-1.2056173086166382,-0.7679624557495117,7.999542236328125,3.5801684856414795,-0.018556511029601097,0.0,0.0,-0.018556511029601097,-0.017726778984069824,-0.0008297320455312729,0.1643756777048111,0.0,0.7614665031433105,0.42311879992485046,2.5942132472991943,0.0
0,40,None,False,"93,133,64,50,57,89,47,35,28,41",1.0879653692245483,-1.9920806884765625,-1.040257215499878,-0.8481021523475647,7.999551773071289,2.8840672969818115,-0.014803528785705566,0.0,0.0,-0.014803528785705566,-0.011887013912200928,-0.0029165148735046387,0.07616346329450607,0.0,0.8250159025192261,0.47924554347991943,2.5942132472991943,0.0
0,41,None,False,"93,133,64,50,57,89,47,35,28,41",1.0606731176376343,-2.1924519538879395,-1.2134965658187866,-1.006700873374939,7.999537944793701,4.768730163574219,-0.011196816340088844,0.0,0.0,-0.011196816340088844,-0.003258049488067627,-0.007938766852021217,-0.45497503876686096,0.0,0.9259364604949951,0.5093638300895691,2.5942132472991943,0.0
0,42,None,False,"93,133,64,50,57,89,47,35,28,41",1.0429461002349854,-2.1827495098114014,-1.4865045547485352,-0.8292694091796875,7.999289035797119,4.555272579193115,-0.0029606937896460295,0.0,0.0,-0.0029606937896460295,0.0035430192947387695,-0.006503713317215443,-0.14573641121387482,0.0,0.9300065040588379,0.40293043851852417,2.5942132472991943,0.0
0,43,None,False,"93,133,64,50,57,89,47,35,28,41",1.1255040168762207,-2.15834379196167,-1.0797258615493774,-0.8653509020805359,7.999319553375244,5.298762798309326,0.01549307070672512,0.0,0.0,0.01549307070672512,0.020305156707763672,-0.004812086001038551,-0.3435620367527008,0.0,0.9623194932937622,0.4362168312072754,2.5942132472991943,0.0
0,44,None,False,"93,133,64,50,57,89,47,35,28,41",1.1812466382980347,-1.9947243928909302,-0.9888359904289246,-0.6666886806488037,7.999268531799316,5.610596179962158,0.026536673307418823,0.0,0.0,0.026536673307418823,0.03184378147125244,-0.005307108163833618,-0.4499101936817169,0.0,0.8888590931892395,0.4879164695739746,2.5942132472991943,0.0
0,45,None,False,"93,133,64,50,57,89,47,35,28,41",1.121237874031067,-2.0936286449432373,-1.1381815671920776,-0.6183730959892273,7.999443054199219,5.096966743469238,0.007040911819785833,0.0,0.0,0.007040911819785833,0.027257204055786133,-0.020216291770339012,-0.654334545135498,0.0,0.8232067823410034,0.44617959856987,2.5942132472991943,0.0
0,46,None,False,"93,133,64,50,57,89,47,35,28,41",1.0671098232269287,-2.2056076526641846,-1.1832669973373413,-0.8784134387969971,7.999464988708496,4.287775993347168,0.013405447825789452,0.0,0.0,0.013405447825789452,0.02784121036529541,-0.014435762539505959,-0.5247513651847839,0.0,0.7463541626930237,0.3412007689476013,2.5942132472991943,0.0
0,47,None,False,"93,133,64,50,57,89,47,35,28,41",1.0473030805587769,-1.7905409336090088,-0.8036128878593445,-1.075884461402893,7.9996657371521,4.967065334320068,0.015687668696045876,0.0,0.0,0.015687668696045876,0.02398681640625,-0.008299147710204124,-0.3833826780319214,0.0,0.8888829350471497,0.3354417681694031,2.5942132472991943,0.0
0,48,None,False,"93,133,64,50,57,89,47,35,28,41",1.0037251710891724,-1.7558996677398682,-1.2032421827316284,-0.7034069299697876,7.999370574951172,5.238778114318848,0.0002573728561401367,0.0,0.0,0.0002573728561401367,0.018419742584228516,-0.01816236972808838,-0.9414764642715454,0.0,0.725582480430603,0.33043694496154785,2.5942132472991943,0.0
0,49,None,False,"93,133,64,50,57,89,47,35,28,41",1.0321122407913208,-2.2695584297180176,-0.9829391837120056,-1.0379290580749512,7.9995269775390625,7.013569355010986,-0.0007840752368792892,0.0,0.0,-0.0007840752368792892,0.016434311866760254,-0.017218386754393578,-0.4322498142719269,0.0,0.7067490220069885,0.3523361384868622,2.5942132472991943,0.0
0,50,Schedule,True,"55,119,114,74,138,23,131,50,53,44",0.9752129316329956,-2.0533292293548584,-1.4548375606536865,-0.8184131979942322,7.999308109283447,6.865145206451416,0.021826034411787987,0.008999999761581421,0.017999999523162842,-0.00517396442592144,0.021541595458984375,-0.026715559884905815,-0.9497959017753601,-4.761491775512695,0.7252686023712158,0.2739785313606262,2.5942132472991943,0.0
0,51,None,False,"55,119,114,74,138,23,131,50,53,44",1.105920672416687,-2.200669288635254,-0.8632792830467224,-0.7554872035980225,7.999389171600342,7.448096752166748,0.021178048104047775,0.0,0.0,0.021178048104047775,0.033011794090270996,-0.01183374598622322,-0.25675663352012634,0.0,0.7380091547966003,0.34915003180503845,2.5942132472991943,0.0
0,52,None,False,"55,119,114,74,138,23,131,50,53,44",1.0651028156280518,-1.790120244026184,-1.0265477895736694,-0.7593332529067993,7.999533176422119,4.852966785430908,0.01870139315724373,0.0,0.0,0.01870139315724373,0.02772533893585205,-0.009023945778608322,-0.2591952681541443,0.0,0.7672752141952515,0.3644644618034363,2.5942132472991943,0.0
0,53,None,False,"55,119,114,74,138,23,131,50,53,44",0.9757327437400818,-2.1865153312683105,-1.3502264022827148,-0.928194522857666,7.999277591705322,5.213382720947266,0.02531035616993904,0.0,0.0,0.02531035616993904,0.03064417839050293,-0.0053338222205638885,-0.05507095158100128,0.0,0.7283845543861389,0.26070186495780945,2.5942132472991943,0.0
0,54,None,False,"55,119,114,74,138,23,131,50,53,44",1.1048356294631958,-1.9691816568374634,-1.0598399639129639,-0.855366051197052,7.999505043029785,4.713002681732178,0.028542036190629005,0.0,0.0,0.028542036190629005,0.019495368003845215,0.00904666818678379,0.91904616355896,0.0,0.6359138488769531,0.33486413955688477,2.5942132472991943,0.0
0,55,None,False,"55,119,114,74,138,23,131,50,53,44",1.0918571949005127,-1.8846561908721924,-1.0654410123825073,-0.7673976421356201,7.999403476715088,4.290827751159668,0.028530681505799294,0.0,0.0,0.028530681505799294,0.020432472229003906,0.008098209276795387,0.499824196100235,0.0,0.5077599287033081,0.3579968214035034,2.5942132472991943,0.0
0,56,None,False,"55,119,114,74,138,23,131,50,53,44",1.0638971328735352,-2.2119827270507812,-0.9804989099502563,-0.9308599829673767,7.9995646476745605,3.7822153568267822,0.02787368930876255,0.0,0.0,0.02787368930876255,0.02043449878692627,0.007439190521836281,0.5337693691253662,0.0,0.5230180025100708,0.2730969786643982,2.5942132472991943,0.0
0,57,None,False,"55,119,114,74,138,23,131,50,53,44",1.090713620185852,-1.9017083644866943,-1.1153489351272583,-0.8247857093811035,7.999532699584961,3.9302303791046143,0.041928481310606,0.0,0.0,0.041928481310606,0.030266284942626953,0.01166219636797905,0.9648773670196533,0.0,0.5463036298751831,0.26461338996887207,2.5942132472991943,0.0
0,58,None,False,"55,119,114,74,138,23,131,50,53,44",1.0630041360855103,-1.9871026277542114,-1.1286392211914062,-0.5382049679756165,7.999307155609131,4.39391565322876,0.03611517697572708,0.0,0.0,0.03611517697572708,0.02102077007293701,0.01509440690279007,0.9053180813789368,0.0,0.3895651698112488,0.28650403022766113,2.5942132472991943,0.0
0,59,None,False,"55,119,114,74,138,23,131,50,53,44",1.0117944478988647,-1.9070372581481934,-1.4116318225860596,-0.7415074110031128,7.999237537384033,5.0658860206604,0.03451625257730484,0.0,0.0,0.03451625257730484,0.023798108100891113,0.010718144476413727,0.6336677670478821,0.0,0.5720974206924438,0.3322066068649292,2.5942132472991943,0.0
0,60,None,False,"55,119,114,74,138,23,131,50,53,44",1.0923484563827515,-1.7010281085968018,-0.9139169454574585,-1.0442627668380737,7.9994306564331055,5.23246431350708,0.019114499911665916,0.0,0.0,0.019114499911665916,0.010439157485961914,0.008675342425704002,0.25007015466690063,0.0,0.5959472060203552,0.3463737666606903,2.5942132472991943,0.0
0,61,None,False,"55,119,114,74,138,23,131,50,53,44",0.993655800819397,-2.3475120067596436,-1.3794195652008057,-0.6823503971099854,7.999238967895508,5.984533309936523,0.024095792323350906,0.0,0.0,0.024095792323350906,0.004201531410217285,0.01989426091313362,0.8223021626472473,0.0,0.6854556798934937,0.3626454472541809,2.5942132472991943,0.0
0,62,None,False,"55,119,114,74,138,23,131,50,53,44",1.0600440502166748,-2.2673447132110596,-0.8395189046859741,-0.8547970652580261,7.9994707107543945,5.385557174682617,0.0059111774899065495,0.0,0.0,0.0059111774899065495,-0.01209867000579834,0.018009847030043602,0.8341816663742065,0.0,0.8645758628845215,0.33479321002960205,2.5942132472991943,0.0
0,63,None,False,"55,119,114,74,138,23,131,50,53,44",1.1312861442565918,-1.9497528076171875,-1.0782586336135864,-0.9862661957740784,7.999456405639648,5.78828763961792,-0.0007425606017932296,0.0,0.0,-0.0007425606017932296,-0.011439383029937744,0.01069682277739048,0.4934160113334656,0.0,0.7603441476821899,0.3294452428817749,2.5942132472991943,0.0
0,64,Schedule,True,"35,115,77,23,64,113,5,126,8,106",1.0280978679656982,-2.131770133972168,-1.2428538799285889,-0.6728354692459106,7.999449253082275,5.037339210510254,-0.014321262016892433,0.008999999761581421,0.017999999523162842,-0.04132126271724701,-0.008724629878997803,-0.03259663283824921,-1.376932978630066,-6.885601997375488,0.624495267868042,0.32321658730506897,2.5942132472991943,0.0
0,65,None,False,"35,115,77,23,64,113,5,126,8,106",1.0458450317382812,-1.879772663116455,-0.998012125492096,-0.9159379005432129,7.99946403503418,3.9124674797058105,-0.010205984115600586,0.0,0.0,-0.010205984115600586,-0.00025773048400878906,-0.009948253631591797,-0.23956191539764404,0.0,0.6414211988449097,0.3709613084793091,2.5942132472991943,0.0
0,66,None,False,"35,115,77,23,64,113,5,126,8,106",1.1124818325042725,-1.7926065921783447,-0.9484549760818481,-1.1522504091262817,7.999473571777344,3.6702120304107666,-0.0013608813751488924,0.0,0.0,-0.0013608813751488924,0.0006014108657836914,-0.001962292240932584,0.19981765747070312,0.0,0.5593851208686829,0.3224678635597229,2.5942132472991943,0.0
0,67,None,False,"35,115,77,23,64,113,5,126,8,106",1.0942168235778809,-2.198500633239746,-1.0732216835021973,-0.8400540351867676,7.999427318572998,5.054721832275391,0.01869046688079834,0.0,0.0,0.01869046688079834,0.014977693557739258,0.003712773323059082,0.3933286964893341,0.0,0.49827438592910767,0.3378291726112366,2.5942132472991943,0.0
0,68,None,False,"35,115,77,23,64,113,5,126,8,106",1.016550898551941,-1.8429896831512451,-1.2500864267349243,-0.7673866748809814,7.999350547790527,5.17357873916626,0.02271917462348938,0.0,0.0,0.02271917462348938,0.02140629291534424,0.0013128817081451416,0.16150116920471191,0.0,0.5698579549789429,0.3480995297431946,2.5942132472991943,0.0
0,69,None,False,"35,115,77,23,64,113,5,126,8,106",1.014906883239746,-2.070587396621704,-1.0263347625732422,-0.7630314230918884,7.9995293617248535,5.246260643005371,0.016126442700624466,0.0,0.0,0.016126442700624466,0.020980000495910645,-0.004853557795286179,-0.36452630162239075,0.0,0.523481011390686,0.32686808705329895,2.5942132472991943,0.0
0,70,None,False,"35,115,77,23,64,113,5,126,8,106",1.0489084720611572,-2.070585250854492,-0.9558054208755493,-0.8568840622901917,7.999471664428711,4.563482284545898,0.0245260838419199,0.0,0.0,0.0245260838419199,0.01896536350250244,0.005560720339417458,0.18857400119304657,0.0,0.720587968826294,0.3250514268875122,2.5942132472991943,0.0
0,71,None,False,"35,115,77,23,64,113,5,126,8,106",1.0783299207687378,-2.1332614421844482,-1.1341480016708374,-0.8193639516830444,7.999536037445068,3.7000207901000977,0.020068293437361717,0.0,0.0,0.020068293437361717,0.010058999061584473,0.010009294375777245,0.3964148759841919,0.0,0.7625934481620789,0.3331257700920105,2.5942132472991943,0.0
0,72,None,False,"35,115,77,23,64,113,5,126,8,106",1.0722410678863525,-1.9302785396575928,-0.9824607372283936,-0.9093142747879028,7.999667167663574,3.2789828777313232,0.018093138933181763,0.0,0.0,0.018093138933181763,0.007376670837402344,0.010716468095779419,0.5504328012466431,0.0,0.6741332411766052,0.34484291076660156,2.5942132472991943,0.0
0,73,None,False,"35,115,77,23,64,113,5,126,8,106",1.0040656328201294,-2.3078453540802,-1.0252448320388794,-0.9939178824424744,7.9995341300964355,4.074620723724365,0.01837105117738247,0.0,0.0,0.01837105117738247,0.002553701400756836,0.015817349776625633,0.8518327474594116,0.0,0.5415751934051514,0.28015801310539246,2.5942132472991943,0.0
0,74,None,False,"35,115,77,23,64,113,5,126,8,106",1.0860097408294678,-1.9866951704025269,-1.2447381019592285,-0.7037590742111206,7.999349117279053,4.805464744567871,0.03346056491136551,0.0,0.0,0.03346056491136551,0.012272834777832031,0.021187730133533478,1.6536656618118286,0.0,0.6052592992782593,0.2742958068847656,2.5942132472991943,0.0
0,75,None,False,"35,115,77,23,64,113,5,126,8,106",1.0545958280563354,-2.2086946964263916,-1.0737671852111816,-0.8564037680625916,7.999464988708496,4.1018829345703125,0.03567435219883919,0.0,0.0,0.03567435219883919,0.017008423805236816,0.01866592839360237,1.439361333847046,0.0,0.7258569002151489,0.2624826729297638,2.5942132472991943,0.0
0,76,None,False,"35,115,77,23,64,113,5,126,8,106",1.0660815238952637,-1.8979898691177368,-1.2152366638183594,-0.7895079851150513,7.999471187591553,4.07093620300293,0.04046745225787163,0.0,0.0,0.04046745225787163,0.027800917625427246,0.012666534632444382,1.1675944328308105,0.0,0.6686334609985352,0.289964497089386,2.5942132472991943,0.0
0,77,None,False,"35,115,77,23,64,113,5,126,8,106",1.0747416019439697,-1.9405730962753296,-1.10952627658844,-0.8185994625091553,7.999584674835205,3.4163966178894043,0.023570334538817406,0.0,0.0,0.023570334538817406,0.023672103881835938,-0.0001017693430185318,0.08600669354200363,0.0,0.6315034031867981,0.2555857300758362,2.5942132472991943,0.0
0,78,Schedule,True,"66,43,20,81,54,94,21,46,59,18",1.062204360961914,-1.915400743484497,-0.9568511247634888,-0.8684747219085693,7.999581336975098,3.943971872329712,0.014522617682814598,0.01,0.02,-0.015477381646633148,0.015566110610961914,-0.031043492257595062,-1.3906700611114502,-6.947940826416016,0.7460138201713562,0.2954111695289612,2.5942132472991943,0.0
0,79,None,False,"66,43,20,81,54,94,21,46,59,18",1.1160908937454224,-2.204084634780884,-1.0526098012924194,-0.6811666488647461,7.999353885650635,4.288460731506348,0.0070899007841944695,0.0,0.0,0.0070899007841944695,0.00912320613861084,-0.0020333053544163704,-0.07936215400695801,0.0,0.6924912333488464,0.34268665313720703,2.5942132472991943,0.0
0,80,None,False,"66,43,20,81,54,94,21,46,59,18",1.1162848472595215,-1.933235764503479,-1.1156255006790161,-0.7446620464324951,7.999355792999268,5.593134880065918,0.015339684672653675,0.0,0.0,0.015339684672653675,0.009502172470092773,0.005837512202560902,0.3839363157749176,0.0,0.6340985894203186,0.34645795822143555,2.5942132472991943,0.0
0,81,None,False,"66,43,20,81,54,94,21,46,59,18",1.0843321084976196,-2.0597174167633057,-0.8917422890663147,-0.7740291357040405,7.999338150024414,5.630210876464844,0.02117910422384739,0.0,0.0,0.02117910422384739,0.005473136901855469,0.01570596732199192,1.2623264789581299,0.0,0.6434866189956665,0.2627735435962677,2.5942132472991943,0.0
0,82,None,False,"66,43,20,81,54,94,21,46,59,18",1.0665363073349,-1.9306330680847168,-1.0128765106201172,-0.8138524293899536,7.999558448791504,6.067572116851807,0.016765177249908447,0.0,0.0,0.016765177249908447,0.004057049751281738,0.012708127498626709,1.0228708982467651,0.0,0.6607129573822021,0.28086307644844055,2.5942132472991943,0.0
0,83,None,False,"66,43,20,81,54,94,21,46,59,18",0.9526990056037903,-1.888081669807434,-1.3125245571136475,-0.6283454895019531,7.999444961547852,3.4412038326263428,0.010800844058394432,0.0,0.0,0.010800844058394432,0.011199235916137695,-0.00039839185774326324,0.2553425431251526,0.0,0.8758543729782104,0.342900812625885,2.5942132472991943,0.0
0,84,None,False,"66,43,20,81,54,94,21,46,59,18",1.0412592887878418,-2.0985474586486816,-1.4313907623291016,-0.8196227550506592,7.999233722686768,4.295705795288086,0.009473430924117565,0.0,0.0,0.009473430924117565,0.011242985725402832,-0.0017695548012852669,0.26758795976638794,0.0,0.9953618049621582,0.3467986583709717,2.5942132472991943,0.0
0,85,None,False,"66,43,20,81,54,94,21,46,59,18",1.112610936164856,-2.2125821113586426,-0.9998100996017456,-0.839221715927124,7.999519348144531,5.074631690979004,0.0013350307708606124,0.0,0.0,0.0013350307708606124,0.0028564929962158203,-0.001521462225355208,0.30762550234794617,0.0,0.841553807258606,0.3627864718437195,2.5942132472991943,0.0
0,86,None,False,"66,43,20,81,54,94,21,46,59,18",1.0485912561416626,-1.9372590780258179,-0.9606575965881348,-0.7553200125694275,7.999497413635254,3.33010196685791,0.0006821214919909835,0.0,0.0,0.0006821214919909835,0.0018062591552734375,-0.001124137663282454,0.17194506525993347,0.0,0.9043067693710327,0.33859115839004517,2.5942132472991943,0.0
0,87,None,False,"66,43,20,81,54,94,21,46,59,18",1.019016146659851,-2.2566261291503906,-1.2522153854370117,-0.7843421101570129,7.999399185180664,4.903378963470459,0.01638009026646614,0.0,0.0,0.01638009026646614,0.005572676658630371,0.01080741360783577,1.0098835229873657,0.0,0.8623557090759277,0.3240773379802704,2.5942132472991943,0.0
0,88,None,False,"66,43,20,81,54,94,21,46,59,18",1.01598060131073,-1.8902698755264282,-1.069664478302002,-0.9290997385978699,7.9994049072265625,5.915415287017822,0.011166912503540516,0.0,0.0,0.011166912503540516,0.004398941993713379,0.006767970509827137,0.7942705750465393,0.0,1.0914517641067505,0.338189959526062,2.5942132472991943,0.0
0,89,None,False,"66,43,20,81,54,94,21,46,59,18",1.0177947282791138,-2.0881054401397705,-1.1415987014770508,-0.8494793176651001,7.99961519241333,4.896749019622803,0.00739062437787652,0.0,0.0,0.00739062437787652,-0.0015183687210083008,0.008908992633223534,0.8553145527839661,0.0,1.0130559206008911,0.3391624987125397,2.5942132472991943,0.0
0,90,None,False,"66,43,20,81,54,94,21,46,59,18",1.0806175470352173,-1.952632188796997,-1.0915794372558594,-0.9971978664398193,7.9994707107543945,3.837489366531372,0.013085240498185158,0.0,0.0,0.013085240498185158,0.006647944450378418,0.00643729604780674,1.093909740447998,0.0,1.0992088317871094,0.40590500831604004,2.5942132472991943,0.0
0,91,None,False,"66,43,20,81,54,94,21,46,59,18",1.0229109525680542,-2.351682424545288,-1.511197566986084,-0.7734972238540649,7.99929666519165,6.365350246429443,0.008929205127060413,0.0,0.0,0.008929205127060413,0.0070334672927856445,0.0018957378342747688,0.5628509521484375,0.0,1.1735315322875977,0.41422179341316223,2.5942132472991943,0.0
0,92,Schedule,True,"29,77,48,63,9,128,54,102,7,98",1.065618872642517,-1.998765230178833,-0.955884575843811,-0.880382776260376,7.999603748321533,6.51023006439209,-0.013471156358718872,0.008999999761581421,0.017999999523162842,-0.0404711551964283,-0.0009615421295166016,-0.0395096130669117,-2.057398557662964,-10.259971618652344,1.0035330057144165,0.4086480438709259,2.5942132472991943,0.0
0,93,None,False,"29,77,48,63,9,128,54,102,7,98",1.1563106775283813,-1.9768970012664795,-1.0076532363891602,-0.6837522983551025,7.999373435974121,4.996570110321045,-0.013902431353926659,0.0,0.0,-0.013902431353926659,-0.0026592016220092773,-0.011243229731917381,-0.3156341016292572,0.0,1.1505024433135986,0.465273916721344,2.5942132472991943,0.0
0,94,None,False,"29,77,48,63,9,128,54,102,7,98",1.0412946939468384,-2.02939510345459,-1.133152723312378,-0.9460887908935547,7.99948787689209,6.005321502685547,-0.02107422426342964,0.0,0.0,-0.02107422426342964,-0.009316205978393555,-0.011758018285036087,-0.34888073801994324,0.0,1.0634794235229492,0.45487943291664124,2.5942132472991943,0.0
0,95,None,False,"29,77,48,63,9,128,54,102,7,98",1.1351184844970703,-2.222848892211914,-1.0617396831512451,-0.7978284358978271,7.999309539794922,7.3235554695129395,-0.025654714554548264,0.0,0.0,-0.025654714554548264,-0.024122655391693115,-0.0015320591628551483,0.2707885503768921,0.0,1.1409884691238403,0.4716717600822449,2.5942132472991943,0.0
0,96,None,False,"29,77,48,63,9,128,54,102,7,98",1.0463759899139404,-1.9512296915054321,-0.9996670484542847,-0.881291389465332,7.999533653259277,6.47707462310791,-0.0218255165964365,0.0,0.0,-0.0218255165964365,-0.022385001182556152,0.0005594845861196518,0.2274876981973648,0.0,1.0266125202178955,0.5669294595718384,2.5942132472991943,0.0
0,97,None,False,"29,77,48,63,9,128,54,102,7,98",1.0812699794769287,-2.519850730895996,-1.226538062095642,-0.7226778864860535,7.999382019042969,4.530308723449707,-0.006154126022011042,0.0,0.0,-0.006154126022011042,-0.009826838970184326,0.0036727129481732845,0.2592483162879944,0.0,1.0558085441589355,0.4507744312286377,2.5942132472991943,0.0
0,98,None,False,"29,77,48,63,9,128,54,102,7,98",1.1168768405914307,-2.022355318069458,-0.8825815916061401,-0.8913256525993347,7.99951696395874,5.495611190795898,-0.004582029767334461,0.0,0.0,-0.004582029767334461,-0.012758016586303711,0.00817598681896925,0.7021316289901733,0.0,0.9906664490699768,0.4765331447124481,2.5942132472991943,0.0
0,99,None,False,"29,77,48,63,9,128,54,102,7,98",1.0893224477767944,-1.8858393430709839,-1.2249345779418945,-0.7836138606071472,7.999545574188232,3.9242382049560547,-0.0006530165555886924,0.0,0.0,-0.0006530165555886924,-0.0033302903175354004,0.002677273703739047,0.5909408330917358,0.0,0.9568849205970764,0.4186241626739502,2.5942132472991943,0.0
0,100,Struct Break (DC),True,"77,31,73,43,83,105,84,114,76,36",1.0975122451782227,-1.5528953075408936,-0.9729563593864441,-0.9680889248847961,7.999606609344482,2.652146816253662,0.01188632845878601,0.008999999761581421,0.017999999523162842,-0.015113670378923416,0.003488302230834961,-0.018601972609758377,-0.5909467339515686,-2.982377290725708,1.0023088455200195,0.432422935962677,2.5942132472991943,0.0
0,101,None,False,"77,31,73,43,83,105,84,114,76,36",1.0620347261428833,-1.8571265935897827,-1.0993447303771973,-0.8609165549278259,7.999560356140137,3.7550220489501953,0.00755839329212904,0.0,0.0,0.00755839329212904,-0.0020132064819335938,0.009571599774062634,0.8716638088226318,0.0,1.0695116519927979,0.4824181795120239,2.5942132472991943,0.0
0,102,None,False,"77,31,73,43,83,105,84,114,76,36",1.0386649370193481,-2.091583728790283,-0.972032904624939,-0.9727733731269836,7.999580383300781,4.789417743682861,-0.0010384678607806563,0.0,0.0,-0.0010384678607806563,-0.00047528743743896484,-0.0005631804233416915,0.28351348638534546,0.0,1.0796905755996704,0.49636054039001465,2.5942132472991943,0.0
0,103,None,False,"77,31,73,43,83,105,84,114,76,36",1.101212978363037,-1.795642375946045,-0.9807449579238892,-0.929375946521759,7.9995269775390625,4.015907287597656,0.009215259924530983,0.0,0.0,0.009215259924530983,0.014002442359924316,-0.0047871824353933334,0.1467471867799759,0.0,0.7930455207824707,0.46145838499069214,2.5942132472991943,0.0
0,104,None,False,"77,31,73,43,83,105,84,114,76,36",1.0167406797409058,-1.8720698356628418,-1.2897943258285522,-0.773801326751709,7.999336242675781,4.581963539123535,-0.008179688826203346,0.0,0.0,-0.008179688826203346,0.012392759323120117,-0.020572448149323463,-0.673793613910675,0.0,0.818562388420105,0.4096650779247284,2.5942132472991943,0.0
0,105,None,False,"77,31,73,43,83,105,84,114,76,36",1.102818489074707,-2.0522265434265137,-1.1329021453857422,-0.836824893951416,7.999502658843994,5.3779377937316895,-0.009201914072036743,0.0,0.0,-0.009201914072036743,0.020910978317260742,-0.030112892389297485,-0.980606734752655,0.0,0.8201301097869873,0.4093794822692871,2.5942132472991943,0.0
0,106,None,False,"77,31,73,43,83,105,84,114,76,36",1.0797555446624756,-1.972266674041748,-1.1385040283203125,-0.7977787256240845,7.999622821807861,3.9247593879699707,0.003933030180633068,0.0,0.0,0.003933030180633068,0.024500489234924316,-0.020567458122968674,-0.7244544625282288,0.0,0.8304092884063721,0.39709001779556274,2.5942132472991943,0.0
0,107,None,False,"77,31,73,43,83,105,84,114,76,36",1.0527106523513794,-2.134033679962158,-0.9318521022796631,-0.9065306782722473,7.999626159667969,4.080350399017334,0.0030894458759576082,0.0,0.0,0.0030894458759576082,0.020259499549865723,-0.017170052975416183,-0.7504206895828247,0.0,0.810276985168457,0.32210835814476013,2.5942132472991943,0.0
0,108,None,False,"77,31,73,43,83,105,84,114,76,36",1.0919380187988281,-1.9756816625595093,-1.1983975172042847,-0.8922392129898071,7.999467372894287,5.53428840637207,0.006154912523925304,0.0,0.0,0.006154912523925304,0.016449689865112305,-0.010294777341187,-0.48039472103118896,0.0,0.814975380897522,0.33896222710609436,2.5942132472991943,0.0
0,109,None,False,"77,31,73,43,83,105,84,114,76,36",1.1383421421051025,-1.9805868864059448,-0.9808316826820374,-0.9931091070175171,7.99940299987793,5.932817459106445,0.031982798129320145,0.0,0.0,0.031982798129320145,0.03040170669555664,0.001581091433763504,0.37923118472099304,0.0,0.7312759160995483,0.4000706970691681,2.5942132472991943,0.0
0,110,None,False,"77,31,73,43,83,105,84,114,76,36",1.1098812818527222,-2.1691436767578125,-1.1623847484588623,-0.8908751010894775,7.999574661254883,4.823047637939453,0.03345993161201477,0.0,0.0,0.03345993161201477,0.03037583827972412,0.0030840933322906494,0.43864089250564575,0.0,0.7592347264289856,0.34273913502693176,2.5942132472991943,0.0
0,111,None,False,"77,31,73,43,83,105,84,114,76,36",1.0824967622756958,-1.9279999732971191,-1.1255837678909302,-0.9488536715507507,7.999587059020996,4.323235034942627,0.03128911182284355,0.0,0.0,0.03128911182284355,0.029688239097595215,0.0016008727252483368,0.2935943305492401,0.0,0.9200399518013,0.3712271451950073,2.5942132472991943,0.0
0,112,None,False,"77,31,73,43,83,105,84,114,76,36",1.1220821142196655,-2.201854705810547,-1.153662919998169,-0.8682622909545898,7.999545574188232,4.2377543449401855,0.026950985193252563,0.0,0.0,0.026950985193252563,0.033661723136901855,-0.006710737943649292,-0.11829028278589249,0.0,0.9327508211135864,0.34275439381599426,2.5942132472991943,0.0
0,113,None,False,"77,31,73,43,83,105,84,114,76,36",1.1063865423202515,-1.9340132474899292,-1.2346765995025635,-0.9006661176681519,7.99945068359375,3.744392156600952,0.032471317797899246,0.0,0.0,0.032471317797899246,0.04076051712036133,-0.008289199322462082,-0.02526232786476612,0.0,0.9319009780883789,0.34008657932281494,2.5942132472991943,0.0
0,114,Schedule,True,"24,54,25,60,103,124,78,76,77,51",1.0427937507629395,-1.7492562532424927,-1.1868228912353516,-0.6375079154968262,7.999389171600342,5.155745029449463,0.022926753386855125,0.00800000011920929,0.01600000023841858,-0.001073247753083706,0.023769617080688477,-0.024842865765094757,-1.1424733400344849,-5.727394104003906,0.9684985876083374,0.3276495039463043,2.5942132472991943,0.0
0,115,None,False,"24,54,25,60,103,124,78,76,77,51",1.0265183448791504,-2.047133445739746,-1.144317388534546,-0.8022216558456421,7.9995341300964355,5.065351963043213,0.01788095198571682,0.0,0.0,0.01788095198571682,0.021952509880065918,-0.004071557894349098,0.24525082111358643,0.0,0.8026668429374695,0.3298152685165405,2.5942132472991943,0.0
0,116,None,False,"24,54,25,60,103,124,78,76,77,51",1.1517164707183838,-1.9350898265838623,-1.0761631727218628,-1.1161868572235107,7.999460697174072,6.037534236907959,0.013027560897171497,0.0,0.0,0.013027560897171497,0.011499404907226562,0.0015281559899449348,0.636538565158844,0.0,0.9386969208717346,0.32671496272087097,2.5942132472991943,0.0
0,117,None,False,"24,54,25,60,103,124,78,76,77,51",0.9880545735359192,-2.0272700786590576,-1.161452293395996,-0.7974522113800049,7.999431133270264,6.555366516113281,0.013973891735076904,0.0,0.0,0.013973891735076904,0.011912226676940918,0.0020616650581359863,0.5254382491111755,0.0,1.1520196199417114,0.344485342502594,2.5942132472991943,0.0
0,118,None,False,"24,54,25,60,103,124,78,76,77,51",1.112907886505127,-2.027474880218506,-1.1176772117614746,-0.6871453523635864,7.999467849731445,4.171908378601074,-0.0007580936071462929,0.0,0.0,-0.0007580936071462929,0.004590034484863281,-0.005348128266632557,-0.055416710674762726,0.0,0.9613229036331177,0.3469632863998413,2.5942132472991943,0.0
0,119,None,False,"24,54,25,60,103,124,78,76,77,51",1.1010879278182983,-2.188690185546875,-1.2042361497879028,-0.6853082180023193,7.999441623687744,3.6433963775634766,0.009793984703719616,0.0,0.0,0.009793984703719616,0.004304409027099609,0.0054895756766200066,0.7697312831878662,0.0,0.8948457837104797,0.34066686034202576,2.5942132472991943,0.0
0,120,None,False,"24,54,25,60,103,124,78,76,77,51",1.0716581344604492,-2.0527403354644775,-0.9351046681404114,-0.9989089965820312,7.999485015869141,4.855786323547363,0.031475793570280075,0.0,0.0,0.031475793570280075,0.011382818222045898,0.020092975348234177,1.903086543083191,0.0,0.7306511402130127,0.3281206786632538,2.5942132472991943,0.0
0,121,None,False,"24,54,25,60,103,124,78,76,77,51",1.1268165111541748,-1.972420334815979,-0.8964256644248962,-0.629284143447876,7.999412536621094,5.186859130859375,0.03942849114537239,0.0,0.0,0.03942849114537239,0.028179168701171875,0.011249322444200516,0.9470207691192627,0.0,0.8010253310203552,0.3897591829299927,2.5942132472991943,0.0
0,122,None,False,"24,54,25,60,103,124,78,76,77,51",1.0968601703643799,-1.6722897291183472,-0.850090503692627,-0.890372097492218,7.9994659423828125,5.244912147521973,0.020142395049333572,0.0,0.0,0.020142395049333572,0.022061705589294434,-0.0019193105399608612,0.15563350915908813,0.0,0.6338587999343872,0.3292666971683502,2.5942132472991943,0.0
0,123,None,False,"24,54,25,60,103,124,78,76,77,51",1.0936821699142456,-2.019803762435913,-1.0931487083435059,-0.8133702874183655,7.99953031539917,3.0426759719848633,0.02999408170580864,0.0,0.0,0.02999408170580864,0.02290356159210205,0.007090520113706589,0.36181479692459106,0.0,0.6169083118438721,0.2765003740787506,2.5942132472991943,0.0
0,124,None,False,"24,54,25,60,103,124,78,76,77,51",0.9443604946136475,-2.279463529586792,-1.0788320302963257,-0.9543628096580505,7.9994730949401855,4.355384826660156,0.010509401559829712,0.0,0.0,0.010509401559829712,0.014943480491638184,-0.004434078931808472,-0.09146567434072495,0.0,0.8148535490036011,0.3545067608356476,2.5942132472991943,0.0
0,125,None,False,"24,54,25,60,103,124,78,76,77,51",1.078490138053894,-2.2744386196136475,-1.4801881313323975,-0.6131833791732788,7.99929141998291,5.282657623291016,0.005538314580917358,0.0,0.0,0.005538314580917358,0.005183577537536621,0.0003547370433807373,0.15921065211296082,0.0,0.7277798056602478,0.3319355249404907,2.5942132472991943,0.0
0,126,None,False,"24,54,25,60,103,124,78,76,77,51",1.1173961162567139,-2.2104434967041016,-1.1536706686019897,-0.9738020896911621,7.999457836151123,6.520256042480469,7.106065459083766e-05,0.0,0.0,7.106065459083766e-05,0.0015915632247924805,-0.0015205026138573885,-0.012880050577223301,0.0,0.7832273840904236,0.27901893854141235,2.5942132472991943,0.0
0,127,None,False,"24,54,25,60,103,124,78,76,77,51",1.0518049001693726,-2.0085949897766113,-1.0892417430877686,-0.7112704515457153,7.999293804168701,4.8462629318237305,0.0015956342685967684,0.0,0.0,0.0015956342685967684,0.0036797523498535156,-0.0020841180812567472,0.401294469833374,0.0,0.8695754408836365,0.27089837193489075,2.5942132472991943,0.0
0,0,Schedule | Regime Shift (Initial),True,"29,120,47,137,112,12,52,21,77,94",1.0738182067871094,-1.8862794637680054,-0.894769012928009,-0.948491096496582,7.999296188354492,4.926565170288086,-0.015561675652861595,0.0,0.0,-0.015561675652861595,-0.00790029764175415,-0.007661378011107445,-0.28065794706344604,-1.4435876607894897,0.994678258895874,0.3756195902824402,2.278308868408203,0.0
0,1,None,False,"29,120,47,137,112,12,52,21,77,94",1.0091756582260132,-2.2504212856292725,-1.0387589931488037,-0.766141414642334,7.998960971832275,5.3960723876953125,-0.020729178562760353,0.0,0.0,-0.020729178562760353,-0.010489284992218018,-0.010239893570542336,-0.3327835202217102,0.0,1.0446197986602783,0.45693710446357727,2.278308868408203,0.0
0,2,None,False,"29,120,47,137,112,12,52,21,77,94",1.059334635734558,-1.949929118156433,-1.0523618459701538,-0.802491307258606,7.999138832092285,6.314237594604492,-0.0014552951324731112,0.0,0.0,-0.0014552951324731112,-0.0015211701393127441,6.587500683963299e-05,0.12933462858200073,0.0,1.186508059501648,0.2842060625553131,2.278308868408203,0.0
0,3,None,False,"29,120,47,137,112,12,52,21,77,94",1.0779322385787964,-1.9010710716247559,-0.9357929229736328,-1.069409728050232,7.999320983886719,4.341511249542236,0.0344284251332283,0.0,0.0,0.0344284251332283,0.01766979694366455,0.01675862818956375,1.5763428211212158,0.0,1.2052438259124756,0.30633115768432617,2.278308868408203,0.0
0,4,None,False,"29,120,47,137,112,12,52,21,77,94",1.0116664171218872,-1.9906636476516724,-1.1400924921035767,-0.7294608950614929,7.999236583709717,3.771233320236206,0.04669738933444023,0.0,0.0,0.04669738933444023,0.025389671325683594,0.021307718008756638,1.6239548921585083,0.0,1.0941283702850342,0.2903038561344147,2.278308868408203,0.0
0,5,None,False,"29,120,47,137,112,12,52,21,77,94",1.0986571311950684,-2.0611088275909424,-1.11197030544281,-0.8062889575958252,7.999115943908691,4.842710018157959,0.025581438094377518,0.0,0.0,0.025581438094377518,0.012202262878417969,0.013379175215959549,0.6434351205825806,0.0,1.0638302564620972,0.3062191307544708,2.278308868408203,0.0
0,6,None,False,"29,120,47,137,112,12,52,21,77,94",1.0689724683761597,-2.2727208137512207,-1.2567297220230103,-0.7751343250274658,7.998928070068359,5.393472194671631,0.016825944185256958,0.0,0.0,0.016825944185256958,0.004654645919799805,0.012171298265457153,0.5984982252120972,0.0,0.9380407333374023,0.2958366274833679,2.278308868408203,0.0
0,7,None,False,"29,120,47,137,112,12,52,21,77,94",1.0617320537567139,-1.7815055847167969,-0.6775490045547485,-1.0420870780944824,7.999294757843018,5.344114780426025,-0.00904536247253418,0.0,0.0,-0.00904536247253418,-0.0013818740844726562,-0.0076634883880615234,-0.38426148891448975,0.0,0.9318395853042603,0.31792405247688293,2.278308868408203,0.0
0,8,None,False,"29,120,47,137,112,12,52,21,77,94",1.0691871643066406,-1.8771268129348755,-0.8560613393783569,-0.813450276851654,7.999351501464844,5.484791278839111,-0.01855219528079033,0.0,0.0,-0.01855219528079033,-0.008931636810302734,-0.009620558470487595,-0.6950762867927551,0.0,0.9333192110061646,0.3087671101093292,2.278308868408203,0.0
0,9,None,False,"29,120,47,137,112,12,52,21,77,94",1.0153942108154297,-1.896289348602295,-0.8457059264183044,-0.8424144983291626,7.999316692352295,5.159782409667969,-0.020957523956894875,0.0,0.0,-0.020957523956894875,-0.004313468933105469,-0.016644055023789406,-1.3060818910598755,0.0,0.814109206199646,0.3145621716976166,2.278308868408203,0.0
0,10,None,False,"29,120,47,137,112,12,52,21,77,94",0.9383289217948914,-2.016047239303589,-1.0523200035095215,-0.8059731721878052,7.9993510246276855,4.093667984008789,-0.021701615303754807,0.0,0.0,-0.021701615303754807,-0.005433440208435059,-0.016268175095319748,-1.2565962076187134,0.0,0.7108521461486816,0.32526639103889465,2.278308868408203,0.0
0,11,None,False,"29,120,47,137,112,12,52,21,77,94",1.0634100437164307,-2.1742355823516846,-1.049281358718872,-0.834048867225647,7.999022006988525,5.01837158203125,0.005674439482390881,0.0,0.0,0.005674439482390881,0.0027464628219604492,0.0029279766604304314,-0.2160947322845459,0.0,0.8068421483039856,0.2889922261238098,2.278308868408203,0.0
0,12,None,False,"29,120,47,137,112,12,52,21,77,94",1.0592502355575562,-1.8748974800109863,-0.919329822063446,-0.9160767793655396,7.999270439147949,5.017767906188965,0.016142606735229492,0.0,0.0,0.016142606735229492,0.007449626922607422,0.00869297981262207,0.16207355260849,0.0,0.724256157875061,0.3171108365058899,2.278308868408203,0.0
0,13,None,False,"29,120,47,137,112,12,52,21,77,94",1.053987979888916,-1.9133899211883545,-0.9245373010635376,-0.927090585231781,7.999369144439697,3.7671151161193848,0.1231963038444519,0.0,0.0,0.1231963038444519,0.031407952308654785,0.09178835153579712,3.7339389324188232,0.0,0.785220742225647,0.3677045702934265,2.278308868408203,0.0
0,14,Schedule,True,"26,137,75,25,2,71,40,21,100,58",1.0834859609603882,-1.9230414628982544,-0.9302489757537842,-1.0351604223251343,7.999589920043945,3.5420939922332764,0.1309410035610199,0.00800000011920929,0.01600000023841858,0.10694099962711334,0.03394210338592529,0.07299889624118805,2.978429079055786,14.72873592376709,0.7733933925628662,0.3758925795555115,2.278308868408203,0.0
0,15,None,False,"26,137,75,25,2,71,40,21,100,58",1.099118947982788,-1.8642265796661377,-1.087327003479004,-0.8384854793548584,7.999340534210205,3.2548491954803467,0.13835647702217102,0.0,0.0,0.13835647702217102,0.03475141525268555,0.10360506176948547,3.767237901687622,0.0,0.7902271151542664,0.3153320848941803,2.278308868408203,0.0
0,16,None,False,"26,137,75,25,2,71,40,21,100,58",1.0758761167526245,-2.0599558353424072,-0.952589750289917,-0.7891194820404053,7.9991960525512695,4.1416916847229,0.12778586149215698,0.0,0.0,0.12778586149215698,0.030156850814819336,0.09762901067733765,4.0196051597595215,0.0,0.7405014038085938,0.30068427324295044,2.278308868408203,0.0
0,17,None,False,"26,137,75,25,2,71,40,21,100,58",1.1047956943511963,-1.991923213005066,-1.00031578540802,-1.0865284204483032,7.999245643615723,6.325628757476807,0.11910855770111084,0.0,0.0,0.11910855770111084,0.02871537208557129,0.09039318561553955,3.7341408729553223,0.0,0.802064836025238,0.2856161892414093,2.278308868408203,0.0
0,18,None,False,"26,137,75,25,2,71,40,21,100,58",1.0740503072738647,-2.03753662109375,-1.1132681369781494,-0.7409647703170776,7.999209403991699,5.5798516273498535,0.015128254890441895,0.0,0.0,0.015128254890441895,0.005548715591430664,0.00957953929901123,0.7006566524505615,0.0,0.8695825934410095,0.34923622012138367,2.278308868408203,0.0
0,19,None,False,"26,137,75,25,2,71,40,21,100,58",0.9702783226966858,-2.1987764835357666,-1.2447541952133179,-0.9014803767204285,7.9991865158081055,5.178915023803711,0.0009470403310842812,0.0,0.0,0.0009470403310842812,0.010553240776062012,-0.009606200270354748,-0.7331370115280151,0.0,1.0558993816375732,0.46162617206573486,2.278308868408203,0.0
0,20,None,False,"26,137,75,25,2,71,40,21,100,58",1.0602476596832275,-2.0347483158111572,-1.0314334630966187,-0.8341166973114014,7.999293804168701,5.02065896987915,-0.003541195299476385,0.0,0.0,-0.003541195299476385,0.009955525398254395,-0.013496721163392067,-0.6959146857261658,0.0,0.9173640608787537,0.4282130002975464,2.278308868408203,0.0
0,21,None,False,"26,137,75,25,2,71,40,21,100,58",1.1565122604370117,-2.019926071166992,-1.0023655891418457,-0.7896358966827393,7.999198913574219,4.64298152923584,-0.000376152980607003,0.0,0.0,-0.000376152980607003,0.010578632354736328,-0.010954785160720348,-0.6568009257316589,0.0,0.9209604263305664,0.32821059226989746,2.278308868408203,0.0
0,22,None,False,"26,137,75,25,2,71,40,21,100,58",1.010416030883789,-2.3899316787719727,-0.8333276510238647,-1.2807872295379639,7.999441623687744,6.714449882507324,-0.012428170070052147,0.0,0.0,-0.012428170070052147,-0.0022149085998535156,-0.010213261470198631,-0.5588862895965576,0.0,0.8653348684310913,0.4500131607055664,2.278308868408203,0.0
0,23,None,False,"26,137,75,25,2,71,40,21,100,58",1.0751371383666992,-1.9689987897872925,-1.0481657981872559,-0.8495477437973022,7.999211311340332,5.735706806182861,-0.012719154357910156,0.0,0.0,-0.012719154357910156,-0.0009557604789733887,-0.011763393878936768,-0.5737807750701904,0.0,0.8035957217216492,0.3716610074043274,2.278308868408203,0.0
0,24,None,False,"26,137,75,25,2,71,40,21,100,58",1.1177926063537598,-1.850623369216919,-0.7553194761276245,-1.2642948627471924,7.999337673187256,4.527548313140869,-0.025317197665572166,0.0,0.0,-0.025317197665572166,-0.014088034629821777,-0.011229163035750389,-0.5215336084365845,0.0,0.8076629042625427,0.29345348477363586,2.278308868408203,0.0
0,25,None,False,"26,137,75,25,2,71,40,21,100,58",1.0734281539916992,-1.9515455961227417,-0.8198379874229431,-1.2226018905639648,7.999438762664795,4.86351203918457,-0.027486782521009445,0.0,0.0,-0.027486782521009445,-0.017726778984069824,-0.009760003536939621,-0.5702343583106995,0.0,0.6725966334342957,0.31373029947280884,2.278308868408203,0.0
0,26,None,False,"26,137,75,25,2,71,40,21,100,58",1.0406514406204224,-2.1604325771331787,-0.9308876991271973,-1.000212550163269,7.999224662780762,3.8474032878875732,-0.02271801233291626,0.0,0.0,-0.02271801233291626,-0.011887013912200928,-0.010830998420715332,-0.5099403262138367,0.0,0.6918508410453796,0.35521841049194336,2.278308868408203,0.0
0,27,None,False,"26,137,75,25,2,71,40,21,100,58",0.9178850054740906,-2.1906769275665283,-1.1012824773788452,-0.9537709951400757,7.999208927154541,5.672128200531006,-0.00983249582350254,0.0,0.0,-0.00983249582350254,-0.003258049488067627,-0.006574446335434914,-0.14271947741508484,0.0,0.875280499458313,0.3151627480983734,2.278308868408203,0.0
0,28,Schedule,True,"81,75,43,89,24,119,32,70,129,48",1.0516911745071411,-1.958085060119629,-1.040116310119629,-1.013292908668518,7.999378204345703,5.370310306549072,0.01584681309759617,0.008999999761581421,0.017999999523162842,-0.011153185740113258,0.0035430192947387695,-0.014696205034852028,0.014102869667112827,0.020327266305685043,0.9151598215103149,0.37861862778663635,2.278308868408203,0.0
0,29,None,False,"81,75,43,89,24,119,32,70,129,48",1.0691566467285156,-1.9219670295715332,-1.0792179107666016,-0.9549720287322998,7.9992475509643555,4.289092063903809,0.0524919256567955,0.0,0.0,0.0524919256567955,0.020305156707763672,0.03218676894903183,2.3599109649658203,0.0,0.9265238046646118,0.35058149695396423,2.278308868408203,0.0
0,30,None,False,"81,75,43,89,24,119,32,70,129,48",0.9917749166488647,-2.1093976497650146,-1.2005771398544312,-0.6436060667037964,7.998863697052002,6.685824871063232,0.05410658195614815,0.0,0.0,0.05410658195614815,0.03184378147125244,0.022262800484895706,1.839356780052185,0.0,0.820128858089447,0.2962576746940613,2.278308868408203,0.0
0,31,None,False,"81,75,43,89,24,119,32,70,129,48",0.9546595215797424,-2.0298633575439453,-0.8719000816345215,-1.0012716054916382,7.999580383300781,5.737114906311035,0.044465504586696625,0.0,0.0,0.044465504586696625,0.027257204055786133,0.017208300530910492,1.4658273458480835,0.0,0.7236980199813843,0.29997727274894714,2.278308868408203,0.0
0,32,None,False,"81,75,43,89,24,119,32,70,129,48",1.015214204788208,-2.3215460777282715,-1.1518175601959229,-0.9053187966346741,7.999108791351318,5.749973297119141,0.04303831607103348,0.0,0.0,0.04303831607103348,0.02784121036529541,0.015197105705738068,1.4861115217208862,0.0,0.5897201299667358,0.3176283836364746,2.278308868408203,0.0
0,33,None,False,"81,75,43,89,24,119,32,70,129,48",1.0711376667022705,-2.075814962387085,-1.021604299545288,-0.8641239404678345,7.999316692352295,4.862142562866211,0.0372421070933342,0.0,0.0,0.0372421070933342,0.02398681640625,0.013255290687084198,1.4194872379302979,0.0,0.5223467350006104,0.32498854398727417,2.278308868408203,0.0
0,34,None,False,"81,75,43,89,24,119,32,70,129,48",1.0608075857162476,-2.0672409534454346,-0.8458889722824097,-0.8801140785217285,7.999484539031982,4.1682586669921875,0.013867855072021484,0.0,0.0,0.013867855072021484,0.018419742584228516,-0.004551887512207031,-0.41981613636016846,0.0,0.590707004070282,0.3103501796722412,2.278308868408203,0.0
0,35,None,False,"81,75,43,89,24,119,32,70,129,48",1.0266700983047485,-1.900164008140564,-0.910416305065155,-0.9686975479125977,7.999311923980713,3.903963088989258,0.019972896203398705,0.0,0.0,0.019972896203398705,0.016434311866760254,0.0035385843366384506,-0.09000948071479797,0.0,0.6325343251228333,0.2974095940589905,2.278308868408203,0.0
0,36,None,False,"81,75,43,89,24,119,32,70,129,48",0.911298394203186,-2.4896297454833984,-1.0194865465164185,-0.8617013692855835,7.998966693878174,7.171441078186035,0.0284956693649292,0.0,0.0,0.0284956693649292,0.021541595458984375,0.006954073905944824,0.2733047604560852,0.0,0.6191465258598328,0.31517383456230164,2.278308868408203,0.0
0,37,None,False,"81,75,43,89,24,119,32,70,129,48",1.0962045192718506,-1.8565055131912231,-1.0224417448043823,-1.0851020812988281,7.999146461486816,6.731888294219971,0.033541690558195114,0.0,0.0,0.033541690558195114,0.033011794090270996,0.000529896467924118,0.01670871488749981,0.0,0.6525879502296448,0.31891047954559326,2.278308868408203,0.0
0,38,None,False,"81,75,43,89,24,119,32,70,129,48",0.9929395914077759,-1.7373383045196533,-0.8482527732849121,-0.8560874462127686,7.999227046966553,5.474416255950928,0.03396139666438103,0.0,0.0,0.03396139666438103,0.02772533893585205,0.0062360577285289764,0.4455546736717224,0.0,0.5893136262893677,0.2828153669834137,2.278308868408203,0.0
0,39,None,False,"81,75,43,89,24,119,32,70,129,48",1.0853395462036133,-2.116593837738037,-1.0980579853057861,-0.9326559901237488,7.999143600463867,5.290195941925049,0.034129656851291656,0.0,0.0,0.034129656851291656,0.03064417839050293,0.003485478460788727,0.4263378083705902,0.0,0.5462310910224915,0.32570451498031616,2.278308868408203,0.0
0,40,None,False,"81,75,43,89,24,119,32,70,129,48",1.0837814807891846,-1.8631181716918945,-0.8356499671936035,-1.038576364517212,7.999387264251709,4.769624710083008,0.023215526714920998,0.0,0.0,0.023215526714920998,0.019495368003845215,0.0037201587110757828,0.6020151376724243,0.0,0.6274460554122925,0.2467900812625885,2.278308868408203,0.0
0,41,None,False,"81,75,43,89,24,119,32,70,129,48",1.0407496690750122,-1.6903902292251587,-0.9201220870018005,-1.07619309425354,7.999338626861572,3.445006847381592,0.024458546191453934,0.0,0.0,0.024458546191453934,0.020432472229003906,0.0040260739624500275,0.7184938192367554,0.0,0.5767936706542969,0.2664448618888855,2.278308868408203,0.0
0,42,Schedule,True,"72,33,122,34,51,70,30,36,54,80",0.974340558052063,-2.1375136375427246,-0.8650107383728027,-1.0549063682556152,7.9996771812438965,4.8031134605407715,0.015017693862318993,0.008999999761581421,0.017999999523162842,-0.011982304975390434,0.02043449878692627,-0.03241680562496185,-1.4758507013320923,-7.371318817138672,0.5551945567131042,0.2338663935661316,2.278308868408203,0.0
0,43,None,False,"72,33,122,34,51,70,30,36,54,80",1.0891931056976318,-1.959728717803955,-1.0814299583435059,-1.0306841135025024,7.999191761016846,5.464169502258301,0.032199304550886154,0.0,0.0,0.032199304550886154,0.030266284942626953,0.001933019608259201,0.2200152575969696,0.0,0.4928016662597656,0.23460829257965088,2.278308868408203,0.0
0,44,None,False,"72,33,122,34,51,70,30,36,54,80",0.9973315596580505,-2.012542486190796,-1.2240099906921387,-0.8256384134292603,7.999496936798096,5.074378490447998,0.0235078576952219,0.0,0.0,0.0235078576952219,0.02102077007293701,0.0024870876222848892,0.22914986312389374,0.0,0.6552021503448486,0.24192073941230774,2.278308868408203,0.0
0,45,None,False,"72,33,122,34,51,70,30,36,54,80",1.0579946041107178,-1.9298036098480225,-0.9479236602783203,-0.7818212509155273,7.99922513961792,4.509275913238525,0.02387126162648201,0.0,0.0,0.02387126162648201,0.023798108100891113,7.31535255908966e-05,0.042422644793987274,0.0,0.6374155282974243,0.24975866079330444,2.278308868408203,0.0
0,46,None,False,"72,33,122,34,51,70,30,36,54,80",1.0518765449523926,-2.2490992546081543,-0.9621250629425049,-0.9225033521652222,7.9992218017578125,5.304919719696045,0.00867551565170288,0.0,0.0,0.00867551565170288,0.010439157485961914,-0.0017636418342590332,-0.011287296190857887,0.0,0.637406051158905,0.23279446363449097,2.278308868408203,0.0
0,47,None,False,"72,33,122,34,51,70,30,36,54,80",0.9951749444007874,-1.9730361700057983,-1.0696717500686646,-0.7061102986335754,7.999220371246338,4.8763322830200195,0.0009587287786416709,0.0,0.0,0.0009587287786416709,0.004201531410217285,-0.0032428025733679533,-0.1941596269607544,0.0,0.8105541467666626,0.327822208404541,2.278308868408203,0.0
0,48,None,False,"72,33,122,34,51,70,30,36,54,80",1.080712080001831,-2.006194591522217,-0.926800012588501,-0.8644328713417053,7.999302864074707,4.088741779327393,-0.021157223731279373,0.0,0.0,-0.021157223731279373,-0.01209867000579834,-0.009058553725481033,-0.6174148321151733,0.0,0.6809505820274353,0.3123067617416382,2.278308868408203,0.0
0,49,None,False,"72,33,122,34,51,70,30,36,54,80",1.1085340976715088,-2.2196857929229736,-1.0892448425292969,-0.9770602583885193,7.9993205070495605,3.421826124191284,-0.021906476467847824,0.0,0.0,-0.021906476467847824,-0.011439383029937744,-0.01046709343791008,-0.6138315796852112,0.0,0.7965999245643616,0.29543808102607727,2.278308868408203,0.0
0,50,None,False,"72,33,122,34,51,70,30,36,54,80",1.0736589431762695,-2.0921404361724854,-1.1084450483322144,-0.7475287914276123,7.999068260192871,4.689009189605713,-0.021527672186493874,0.0,0.0,-0.021527672186493874,-0.008724629878997803,-0.01280304230749607,-0.9167755246162415,0.0,0.8154120445251465,0.3276425302028656,2.278308868408203,0.0
0,51,None,False,"72,33,122,34,51,70,30,36,54,80",1.0291821956634521,-1.8938275575637817,-1.032312273979187,-0.8469241261482239,7.999454498291016,3.414954900741577,-0.0010056734317913651,0.0,0.0,-0.0010056734317913651,-0.00025773048400878906,-0.0007479429477825761,0.08196485042572021,0.0,0.7633931636810303,0.3077867329120636,2.278308868408203,0.0
0,52,None,False,"72,33,122,34,51,70,30,36,54,80",1.0068343877792358,-1.8352711200714111,-1.208072304725647,-0.9868655204772949,7.999042987823486,4.653523921966553,0.019181877374649048,0.0,0.0,0.019181877374649048,0.0006014108657836914,0.018580466508865356,1.2650516033172607,0.0,0.7597002387046814,0.3872465491294861,2.278308868408203,0.0
0,53,None,False,"72,33,122,34,51,70,30,36,54,80",1.1441593170166016,-2.1251752376556396,-1.0162886381149292,-0.9899450540542603,7.999001502990723,4.924233913421631,0.02946833334863186,0.0,0.0,0.02946833334863186,0.014977693557739258,0.014490639790892601,1.080593466758728,0.0,0.772173285484314,0.3757721185684204,2.278308868408203,0.0
0,54,None,False,"72,33,122,34,51,70,30,36,54,80",1.045847773551941,-2.0257201194763184,-0.9086090922355652,-1.2037289142608643,7.999513626098633,5.463700771331787,0.0449204221367836,0.0,0.0,0.0449204221367836,0.02140629291534424,0.02351412922143936,1.6395624876022339,0.0,0.8759533762931824,0.3669043183326721,2.278308868408203,0.0
0,55,None,False,"72,33,122,34,51,70,30,36,54,80",1.0614650249481201,-2.2561395168304443,-1.2580676078796387,-0.7967462539672852,7.998898983001709,5.799192428588867,0.05593867972493172,0.0,0.0,0.05593867972493172,0.020980000495910645,0.03495867922902107,2.088348388671875,0.0,0.9855903387069702,0.37894755601882935,2.278308868408203,0.0
0,56,Schedule,True,"75,51,32,45,69,59,72,70,33,130",1.0023486614227295,-2.061795473098755,-1.3973262310028076,-0.8113456964492798,7.999002456665039,5.054421901702881,0.04999065399169922,0.006000000238418579,0.012000000476837159,0.0319906547665596,0.01896536350250244,0.01302529126405716,0.9028042554855347,4.437119960784912,1.065642237663269,0.4601784348487854,2.278308868408203,0.0
0,57,None,False,"75,51,32,45,69,59,72,70,33,130",1.0086179971694946,-1.739087700843811,-1.0475356578826904,-0.8782050609588623,7.999021053314209,3.735546827316284,0.02423453889787197,0.0,0.0,0.02423453889787197,0.010058999061584473,0.014175539836287498,0.9543105363845825,0.0,1.225579023361206,0.4747216999530792,2.278308868408203,0.0
0,58,None,False,"75,51,32,45,69,59,72,70,33,130",1.0794323682785034,-1.9160947799682617,-0.9355678558349609,-0.8188983201980591,7.999321937561035,4.756136894226074,0.030318867415189743,0.0,0.0,0.030318867415189743,0.007376670837402344,0.0229421965777874,1.491776943206787,0.0,1.2250170707702637,0.4112815856933594,2.278308868408203,0.0
0,59,None,False,"75,51,32,45,69,59,72,70,33,130",0.9914945363998413,-2.0549192428588867,-0.8333773016929626,-1.1269034147262573,7.999383926391602,4.655406475067139,0.014961856417357922,0.0,0.0,0.014961856417357922,0.002553701400756836,0.012408155016601086,1.3456648588180542,0.0,1.1792553663253784,0.4143337309360504,2.278308868408203,0.0
0,60,None,False,"75,51,32,45,69,59,72,70,33,130",1.0205601453781128,-2.1503336429595947,-0.8969064354896545,-0.9250763058662415,7.999314785003662,3.6826250553131104,0.018386494368314743,0.0,0.0,0.018386494368314743,0.012272834777832031,0.006113659590482712,0.9421324729919434,0.0,1.143693447113037,0.4135950207710266,2.278308868408203,0.0
0,61,None,False,"75,51,32,45,69,59,72,70,33,130",1.0780391693115234,-1.9203580617904663,-1.0913087129592896,-0.8922392725944519,7.999424457550049,3.9615261554718018,0.033188603818416595,0.0,0.0,0.033188603818416595,0.017008423805236816,0.01618018001317978,1.7794357538223267,0.0,0.9800828695297241,0.3899115025997162,2.278308868408203,0.0
0,62,None,False,"75,51,32,45,69,59,72,70,33,130",0.9980915784835815,-2.2070837020874023,-1.2518551349639893,-0.9362878203392029,7.999032020568848,4.397674083709717,0.0587959885597229,0.0,0.0,0.0587959885597229,0.027800917625427246,0.030995070934295654,2.05947208404541,0.0,1.2543859481811523,0.34708476066589355,2.278308868408203,0.0
0,63,None,False,"75,51,32,45,69,59,72,70,33,130",1.102575659751892,-2.163559913635254,-0.9825688600540161,-0.6811262369155884,7.99903678894043,4.760160446166992,0.054040879011154175,0.0,0.0,0.054040879011154175,0.023672103881835938,0.030368775129318237,2.0162558555603027,0.0,1.2766425609588623,0.37492308020591736,2.278308868408203,0.0
0,64,None,False,"75,51,32,45,69,59,72,70,33,130",1.0945963859558105,-1.8598884344100952,-0.9360166788101196,-0.7826533913612366,7.9993462562561035,4.360062122344971,0.0404268316924572,0.0,0.0,0.0404268316924572,0.015566110610961914,0.024860721081495285,1.5808074474334717,0.0,1.3080980777740479,0.3566349744796753,2.278308868408203,0.0
0,65,None,False,"75,51,32,45,69,59,72,70,33,130",1.0980072021484375,-1.992417812347412,-1.015109896659851,-1.070678472518921,7.999224662780762,3.8875300884246826,0.021861404180526733,0.0,0.0,0.021861404180526733,0.00912320613861084,0.012738198041915894,0.8076990842819214,0.0,1.1420458555221558,0.3815948963165283,2.278308868408203,0.0
0,66,None,False,"75,51,32,45,69,59,72,70,33,130",1.0715123414993286,-2.049605369567871,-0.9117823243141174,-0.936392068862915,7.99954080581665,4.178645610809326,0.015135550871491432,0.0,0.0,0.015135550871491432,0.009502172470092773,0.005633378401398659,0.3994174897670746,0.0,1.0964055061340332,0.3624163568019867,2.278308868408203,0.0
0,67,None,False,"75,51,32,45,69,59,72,70,33,130",1.1058717966079712,-2.1059510707855225,-1.1085087060928345,-0.9023531079292297,7.999223232269287,3.4136455059051514,0.009007096290588379,0.0,0.0,0.009007096290588379,0.005473136901855469,0.00353395938873291,0.5310589671134949,0.0,1.1751686334609985,0.38001829385757446,2.278308868408203,0.0
0,68,None,False,"75,51,32,45,69,59,72,70,33,130",0.9111102223396301,-1.9205517768859863,-1.173357605934143,-0.532553493976593,7.998610019683838,6.630350589752197,-0.006336235906928778,0.0,0.0,-0.006336235906928778,0.004057049751281738,-0.010393286123871803,-0.24757881462574005,0.0,0.9640011191368103,0.30970650911331177,2.278308868408203,0.0
0,69,None,False,"75,51,32,45,69,59,72,70,33,130",1.08737313747406,-1.8885698318481445,-0.8704096674919128,-0.864437460899353,7.999241352081299,6.640753269195557,-0.008027022704482079,0.0,0.0,-0.008027022704482079,0.011199235916137695,-0.019226258620619774,-0.9743769764900208,0.0,0.903972864151001,0.27428901195526123,2.278308868408203,0.0
0,70,Schedule,True,"130,31,121,45,133,43,74,64,30,24",0.9759566783905029,-2.139843463897705,-1.2134158611297607,-0.607305645942688,7.999120235443115,4.453977584838867,-0.005092525389045477,0.00800000011920929,0.01600000023841858,-0.02909252606332302,0.011242985725402832,-0.040335513651371,-1.5733847618103027,-7.858083724975586,0.8196821808815002,0.24235035479068756,2.278308868408203,0.0
0,71,None,False,"130,31,121,45,133,43,74,64,30,24",1.0142124891281128,-1.9826527833938599,-0.9335505366325378,-0.8157743215560913,7.999373435974121,4.023656845092773,0.0007524609682150185,0.0,0.0,0.0007524609682150185,0.0028564929962158203,-0.0021040320862084627,0.2883157730102539,0.0,0.9824342727661133,0.2779504954814911,2.278308868408203,0.0
0,72,None,False,"130,31,121,45,133,43,74,64,30,24",1.0814014673233032,-2.04130220413208,-1.029448390007019,-0.908416748046875,7.999521732330322,3.6424903869628906,-0.012457567267119884,0.0,0.0,-0.012457567267119884,0.0018062591552734375,-0.014263826422393322,-0.6264554858207703,0.0,1.1943844556808472,0.4130678176879883,2.278308868408203,0.0
0,73,None,False,"130,31,121,45,133,43,74,64,30,24",1.037424087524414,-2.057158946990967,-0.8722342848777771,-0.9126289486885071,7.999392509460449,3.2378957271575928,0.009528189897537231,0.0,0.0,0.009528189897537231,0.005572676658630371,0.00395551323890686,0.5241511464118958,0.0,1.4672491550445557,0.4238335192203522,2.278308868408203,0.0
0,74,None,False,"130,31,121,45,133,43,74,64,30,24",1.039076805114746,-2.214514970779419,-0.9487153887748718,-0.7457177639007568,7.9992852210998535,4.374389171600342,0.009880530647933483,0.0,0.0,0.009880530647933483,0.004398941993713379,0.005481588654220104,0.5482714176177979,0.0,1.2786149978637695,0.43856731057167053,2.278308868408203,0.0
0,75,None,False,"130,31,121,45,133,43,74,64,30,24",1.0374888181686401,-2.3378705978393555,-1.017619252204895,-0.8699796199798584,7.99907112121582,5.026311874389648,0.0005308091640472412,0.0,0.0,0.0005308091640472412,-0.0015183687210083008,0.002049177885055542,0.4124773144721985,0.0,1.2767505645751953,0.4313392639160156,2.278308868408203,0.0
0,76,None,False,"130,31,121,45,133,43,74,64,30,24",1.1380982398986816,-1.789987564086914,-1.063601016998291,-1.0846010446548462,7.999250411987305,6.622459888458252,-0.008931743912398815,0.0,0.0,-0.008931743912398815,0.006647944450378418,-0.015579688362777233,-0.8902341723442078,0.0,1.2535951137542725,0.47839051485061646,2.278308868408203,0.0
0,77,None,False,"130,31,121,45,133,43,74,64,30,24",1.0027047395706177,-2.045880079269409,-1.0401716232299805,-0.8858053684234619,7.99923849105835,4.762916564941406,-0.0023492216132581234,0.0,0.0,-0.0023492216132581234,0.0070334672927856445,-0.009382689371705055,-0.3068517744541168,0.0,1.3979780673980713,0.5258541107177734,2.278308868408203,0.0
0,78,None,False,"130,31,121,45,133,43,74,64,30,24",1.0384314060211182,-1.762885570526123,-0.7378582954406738,-0.9261075854301453,7.999524116516113,3.8291006088256836,-0.02217341586947441,0.0,0.0,-0.02217341586947441,-0.0009615421295166016,-0.02121187373995781,-0.660574734210968,0.0,1.2319256067276,0.4747134745121002,2.278308868408203,0.0
0,79,None,False,"130,31,121,45,133,43,74,64,30,24",1.0562154054641724,-1.8524959087371826,-0.9644803404808044,-0.9681828022003174,7.999085903167725,3.939319133758545,-0.01707681454718113,0.0,0.0,-0.01707681454718113,-0.0026592016220092773,-0.014417612925171852,-0.6490467190742493,0.0,1.143347144126892,0.5460453033447266,2.278308868408203,0.0
0,80,None,False,"130,31,121,45,133,43,74,64,30,24",1.0851895809173584,-1.9339256286621094,-0.9865472912788391,-0.8442853689193726,7.999250888824463,4.94566535949707,-0.0278046615421772,0.0,0.0,-0.0278046615421772,-0.009316205978393555,-0.018488455563783646,-0.7817774415016174,0.0,1.1632170677185059,0.5195747017860413,2.278308868408203,0.0
0,81,None,False,"130,31,121,45,133,43,74,64,30,24",1.0463696718215942,-1.8517495393753052,-1.1500279903411865,-0.7198755741119385,7.999326705932617,3.767853021621704,-0.035563480108976364,0.0,0.0,-0.035563480108976364,-0.024122655391693115,-0.011440824717283249,-0.3192366659641266,0.0,1.2320374250411987,0.41820842027664185,2.278308868408203,0.0
0,82,None,False,"130,31,121,45,133,43,74,64,30,24",0.9948610067367554,-1.9406896829605103,-0.8867636322975159,-0.9802259206771851,7.999514102935791,3.660130739212036,-0.028617877513170242,0.0,0.0,-0.028617877513170242,-0.022385001182556152,-0.00623287633061409,-0.1110919937491417,0.0,1.3555370569229126,0.5078028440475464,2.278308868408203,0.0
0,83,None,False,"130,31,121,45,133,43,74,64,30,24",1.0416021347045898,-1.9662683010101318,-0.9860506653785706,-0.8892154693603516,7.999383449554443,4.599088668823242,-0.016746139153838158,0.0,0.0,-0.016746139153838158,-0.009826838970184326,-0.0069193001836538315,0.11443237960338593,0.0,1.1949434280395508,0.5391725897789001,2.278308868408203,0.0
0,84,Schedule,True,"67,42,101,55,27,118,48,3,97,94",1.1020560264587402,-1.9558862447738647,-0.9462941288948059,-0.69096839427948,7.9991559982299805,5.539956092834473,0.010222053155303001,0.01,0.02,-0.019777946174144745,-0.012758016586303711,-0.007019929587841034,-0.04071812331676483,-0.2517467737197876,1.0742881298065186,0.4894176125526428,2.278308868408203,0.0
0,85,None,False,"67,42,101,55,27,118,48,3,97,94",1.1092467308044434,-2.006682872772217,-0.9638116359710693,-0.794477641582489,7.9992241859436035,4.249170780181885,0.008142220787703991,0.0,0.0,0.008142220787703991,-0.0033302903175354004,0.011472511105239391,0.8485376834869385,0.0,0.9050342440605164,0.4055473208427429,2.278308868408203,0.0
0,86,Struct Break (DC),True,"15,51,10,73,89,78,126,124,61,131",1.0907858610153198,-2.061868190765381,-1.0603594779968262,-0.7963849306106567,7.999295711517334,2.8587632179260254,-0.003555548144504428,0.01,0.02,-0.03355554863810539,0.003488302230834961,-0.03704385086894035,-2.275019407272339,-11.34237003326416,1.1518460512161255,0.3535911738872528,2.278308868408203,0.0
0,87,None,False,"15,51,10,73,89,78,126,124,61,131",1.0610626935958862,-2.187674045562744,-1.0482332706451416,-0.8186052441596985,7.999237060546875,4.314164638519287,-0.007361930795013905,0.0,0.0,-0.007361930795013905,-0.0020132064819335938,-0.005348724313080311,-0.003265359904617071,0.0,0.9433813095092773,0.41748160123825073,2.278308868408203,0.0
0,88,None,False,"15,51,10,73,89,78,126,124,61,131",1.0016586780548096,-1.9770002365112305,-1.02780282497406,-1.0794955492019653,7.999114036560059,5.662240982055664,-0.0014674663543701172,0.0,0.0,-0.0014674663543701172,-0.00047528743743896484,-0.0009921789169311523,0.14735674858093262,0.0,0.9043891429901123,0.42554789781570435,2.278308868408203,0.0
0,89,None,False,"15,51,10,73,89,78,126,124,61,131",1.0094434022903442,-1.5391499996185303,-1.0385522842407227,-0.8025224804878235,7.998907089233398,6.94446325302124,0.010334456339478493,0.0,0.0,0.010334456339478493,0.014002442359924316,-0.0036679860204458237,-0.06967666745185852,0.0,1.07399320602417,0.44197362661361694,2.278308868408203,0.0
0,90,None,False,"15,51,10,73,89,78,126,124,61,131",1.0610936880111694,-2.127598524093628,-0.9608874320983887,-0.8207038640975952,7.999365329742432,5.979956150054932,0.00047830940457060933,0.0,0.0,0.00047830940457060933,0.012392759323120117,-0.011914449743926525,-0.6890699863433838,0.0,1.0370882749557495,0.3553164303302765,2.278308868408203,0.0
0,91,None,False,"15,51,10,73,89,78,126,124,61,131",1.0445291996002197,-1.765272617340088,-0.8559056520462036,-0.985396146774292,7.999434947967529,3.42453932762146,0.006997573189437389,0.0,0.0,0.006997573189437389,0.020910978317260742,-0.013913405127823353,-0.6741052865982056,0.0,1.0432745218276978,0.3833649456501007,2.278308868408203,0.0
0,92,None,False,"15,51,10,73,89,78,126,124,61,131",0.9835463166236877,-2.191683292388916,-1.254862904548645,-0.7092907428741455,7.99912691116333,4.355510234832764,0.01968710497021675,0.0,0.0,0.01968710497021675,0.024500489234924316,-0.004813384264707565,-0.09170499444007874,0.0,1.0252525806427002,0.2640743553638458,2.278308868408203,0.0
0,93,None,False,"15,51,10,73,89,78,126,124,61,131",1.1226239204406738,-1.7758800983428955,-0.8198705911636353,-1.2096104621887207,7.999447345733643,5.126021862030029,0.01627069152891636,0.0,0.0,0.01627069152891636,0.020259499549865723,-0.003988808020949364,-0.11538801342248917,0.0,0.883536696434021,0.33635619282722473,2.278308868408203,0.0
0,94,None,False,"15,51,10,73,89,78,126,124,61,131",0.9852858185768127,-2.16670560836792,-0.8655284643173218,-1.042386770248413,7.999486446380615,5.682464599609375,0.010269147343933582,0.0,0.0,0.010269147343933582,0.016449689865112305,-0.006180542521178722,-0.24386562407016754,0.0,1.0089772939682007,0.3293219804763794,2.278308868408203,0.0
0,95,None,False,"15,51,10,73,89,78,126,124,61,131",1.0321340560913086,-2.063060760498047,-1.0906355381011963,-0.816643476486206,7.999325275421143,4.2318315505981445,0.034607887268066406,0.0,0.0,0.034607887268066406,0.03040170669555664,0.004206180572509766,0.4537804126739502,0.0,0.7792177200317383,0.33081579208374023,2.278308868408203,0.0
0,96,None,False,"15,51,10,73,89,78,126,124,61,131",1.0636873245239258,-2.1717581748962402,-1.046514868736267,-1.067566990852356,7.999375343322754,3.823760747909546,0.03828420117497444,0.0,0.0,0.03828420117497444,0.03037583827972412,0.00790836289525032,0.4378160238265991,0.0,0.7449145317077637,0.29261499643325806,2.278308868408203,0.0
0,97,None,False,"15,51,10,73,89,78,126,124,61,131",1.0224103927612305,-2.232409954071045,-1.1238319873809814,-1.1046335697174072,7.999030113220215,4.942349910736084,0.018755584955215454,0.0,0.0,0.018755584955215454,0.029688239097595215,-0.01093265414237976,-0.2279350310564041,0.0,0.5651914477348328,0.23084864020347595,2.278308868408203,0.0
0,98,None,False,"15,51,10,73,89,78,126,124,61,131",1.084216833114624,-1.6998940706253052,-1.0869535207748413,-0.8124115467071533,7.999226093292236,5.889871597290039,0.03086606226861477,0.0,0.0,0.03086606226861477,0.033661723136901855,-0.0027956608682870865,0.3183084726333618,0.0,0.5955487489700317,0.3370639681816101,2.278308868408203,0.0
0,99,None,False,"15,51,10,73,89,78,126,124,61,131",1.0679510831832886,-2.089327812194824,-1.027026891708374,-0.8693077564239502,7.999345302581787,3.753924608230591,0.035851407796144485,0.0,0.0,0.035851407796144485,0.04076051712036133,-0.004909109324216843,0.16696879267692566,0.0,0.7237551212310791,0.37172290682792664,2.278308868408203,0.0
0,100,Schedule,True,"22,126,30,108,37,77,60,53,33,117",1.0464235544204712,-1.8556369543075562,-1.0170700550079346,-1.0641570091247559,7.998930931091309,4.871823787689209,0.011359232477843761,0.008999999761581421,0.017999999523162842,-0.01564076542854309,0.023769617080688477,-0.03941038250923157,-1.9239511489868164,-9.591229438781738,0.7127348184585571,0.29370012879371643,2.278308868408203,0.0
0,101,None,False,"22,126,30,108,37,77,60,53,33,117",1.0801056623458862,-2.334040641784668,-1.0082347393035889,-0.9574409127235413,7.998960971832275,6.093984603881836,0.0038115798961371183,0.0,0.0,0.0038115798961371183,0.021952509880065918,-0.01814093068242073,-0.7861232161521912,0.0,0.6918878555297852,0.3115646243095398,2.278308868408203,0.0
0,102,None,False,"22,126,30,108,37,77,60,53,33,117",0.9912602305412292,-2.181790351867676,-1.0764483213424683,-0.8992983102798462,7.99929666519165,4.651589870452881,0.004785758443176746,0.0,0.0,0.004785758443176746,0.011499404907226562,-0.006713646464049816,0.08398254960775375,0.0,0.6940016746520996,0.29391610622406006,2.278308868408203,0.0
0,103,None,False,"22,126,30,108,37,77,60,53,33,117",1.0416834354400635,-1.8390108346939087,-0.9799237847328186,-1.0913721323013306,7.999172210693359,5.250192165374756,0.017116164788603783,0.0,0.0,0.017116164788603783,0.011912226676940918,0.005203938111662865,0.7504028677940369,0.0,0.7964251041412354,0.286726713180542,2.278308868408203,0.0
0,104,None,False,"22,126,30,108,37,77,60,53,33,117",1.0370160341262817,-1.9298535585403442,-0.9790506362915039,-0.9324617385864258,7.999367713928223,3.5783605575561523,0.014233541674911976,0.0,0.0,0.014233541674911976,0.004590034484863281,0.009643507190048695,0.9601044058799744,0.0,0.7475466132164001,0.3534175157546997,2.278308868408203,0.0
0,105,None,False,"22,126,30,108,37,77,60,53,33,117",1.029639482498169,-2.1413705348968506,-1.1011762619018555,-0.7345871925354004,7.999150276184082,4.881180763244629,0.006716495845466852,0.0,0.0,0.006716495845466852,0.004304409027099609,0.002412086818367243,0.48335757851600647,0.0,0.7088962197303772,0.3768168091773987,2.278308868408203,0.0
0,106,None,False,"22,126,30,108,37,77,60,53,33,117",1.0338585376739502,-1.8862780332565308,-0.9875023365020752,-1.1122642755508423,7.9995856285095215,5.450716495513916,0.03190113231539726,0.0,0.0,0.03190113231539726,0.011382818222045898,0.020518314093351364,1.5493718385696411,0.0,0.6930910348892212,0.3850599527359009,2.278308868408203,0.0
0,107,None,False,"22,126,30,108,37,77,60,53,33,117",1.1073359251022339,-1.9896960258483887,-1.0170444250106812,-1.0820621252059937,7.9992523193359375,3.8082785606384277,0.035924218595027924,0.0,0.0,0.035924218595027924,0.028179168701171875,0.007745049893856049,0.7576214671134949,0.0,0.8062928915023804,0.3824027478694916,2.278308868408203,0.0
0,108,None,False,"22,126,30,108,37,77,60,53,33,117",1.081970453262329,-1.9506138563156128,-1.0997257232666016,-0.8600122928619385,7.999328136444092,3.7504303455352783,0.027225876227021217,0.0,0.0,0.027225876227021217,0.022061705589294434,0.005164170637726784,0.38062846660614014,0.0,0.7393345832824707,0.35478639602661133,2.278308868408203,0.0
0,109,None,False,"22,126,30,108,37,77,60,53,33,117",0.9783797860145569,-2.003455638885498,-1.1512991189956665,-0.941324770450592,7.999258518218994,4.026855945587158,0.0238206684589386,0.0,0.0,0.0238206684589386,0.02290356159210205,0.0009171068668365479,0.10142539441585541,0.0,0.8121711015701294,0.4120175838470459,2.278308868408203,0.0
0,110,None,False,"22,126,30,108,37,77,60,53,33,117",1.0206315517425537,-1.9461679458618164,-0.8753318786621094,-0.9252603054046631,7.999351501464844,4.000995635986328,0.014735233969986439,0.0,0.0,0.014735233969986439,0.014943480491638184,-0.00020824652165174484,-0.11040688306093216,0.0,0.7032134532928467,0.34490472078323364,2.278308868408203,0.0
0,111,None,False,"22,126,30,108,37,77,60,53,33,117",1.0387979745864868,-2.1275086402893066,-0.9999138116836548,-0.979930579662323,7.999362945556641,2.6730802059173584,0.0014200567966327071,0.0,0.0,0.0014200567966327071,0.005183577537536621,-0.003763520624488592,-0.12609609961509705,0.0,0.7065185904502869,0.3656913638114929,2.278308868408203,0.0
0,112,None,False,"22,126,30,108,37,77,60,53,33,117",1.0645112991333008,-1.9261709451675415,-1.1169729232788086,-0.9268431663513184,7.998931407928467,3.913689136505127,-0.0035178721882402897,0.0,0.0,-0.0035178721882402897,0.0015915632247924805,-0.00510943541303277,-0.07525219023227692,0.0,0.6103939414024353,0.318970263004303,2.278308868408203,0.0
0,113,None,False,"22,126,30,108,37,77,60,53,33,117",1.0027356147766113,-2.010953426361084,-1.0687708854675293,-0.8287169933319092,7.999522686004639,4.2639055252075195,-0.0013891219859942794,0.0,0.0,-0.0013891219859942794,0.0036797523498535156,-0.005068874452263117,-0.05654901638627052,0.0,0.5619770884513855,0.238819420337677,2.278308868408203,0.0
0,114,Schedule,True,"137,130,93,78,121,120,21,109,54,81",0.9747321009635925,-2.0506224632263184,-1.1243411302566528,-1.1126142740249634,7.99922513961792,5.881382942199707,0.006443798542022705,0.01,0.02,-0.02355620078742504,0.005321025848388672,-0.028877226635813713,-1.7721080780029297,-8.838067054748535,0.5186044573783875,0.2779030501842499,2.278308868408203,0.0
0,115,None,False,"137,130,93,78,121,120,21,109,54,81",1.0746206045150757,-1.8617579936981201,-0.9447731971740723,-0.9800657033920288,7.9994964599609375,5.12429666519165,0.023853396996855736,0.0,0.0,0.023853396996855736,0.024676084518432617,-0.0008226875215768814,0.14568571746349335,0.0,0.5152891874313354,0.2925552725791931,2.278308868408203,0.0
0,116,None,False,"137,130,93,78,121,120,21,109,54,81",1.0317516326904297,-2.10088849067688,-1.0957362651824951,-0.9333149194717407,7.999366760253906,4.294790267944336,0.03532906621694565,0.0,0.0,0.03532906621694565,0.031354427337646484,0.003974638879299164,0.5173666477203369,0.0,0.5525346994400024,0.22807787358760834,2.278308868408203,0.0
0,117,None,False,"137,130,93,78,121,120,21,109,54,81",1.0290846824645996,-1.8654074668884277,-0.8548228144645691,-0.8257101774215698,7.999285697937012,4.727534294128418,0.03210676461458206,0.0,0.0,0.03210676461458206,0.026105642318725586,0.006001122295856476,0.6821410059928894,0.0,0.49813732504844666,0.2300906479358673,2.278308868408203,0.0
0,118,None,False,"137,130,93,78,121,120,21,109,54,81",1.0720932483673096,-2.1637156009674072,-1.0828810930252075,-0.7547985315322876,7.9990973472595215,5.577446937561035,0.019687796011567116,0.0,0.0,0.019687796011567116,0.02117002010345459,-0.001482224091887474,0.392476886510849,0.0,0.4170015752315521,0.23444144427776337,2.278308868408203,0.0
0,119,None,False,"137,130,93,78,121,120,21,109,54,81",1.0570415258407593,-2.113546371459961,-0.8320192098617554,-0.9574810266494751,7.9993462562561035,3.5291645526885986,0.016944164410233498,0.0,0.0,0.016944164410233498,0.011930704116821289,0.0050134602934122086,0.7971077561378479,0.0,0.4293483793735504,0.2404281497001648,2.278308868408203,0.0
0,120,None,False,"137,130,93,78,121,120,21,109,54,81",1.0722965002059937,-2.088749408721924,-1.126869559288025,-0.8925110101699829,7.9990692138671875,4.688316345214844,0.018028074875473976,0.0,0.0,0.018028074875473976,0.009580612182617188,0.008447462692856789,0.8085677623748779,0.0,0.38368773460388184,0.24879956245422363,2.278308868408203,0.0
0,121,None,False,"137,130,93,78,121,120,21,109,54,81",1.1157467365264893,-1.932093858718872,-0.6482647061347961,-1.2633140087127686,7.999492645263672,5.241656303405762,0.012301182374358177,0.0,0.0,0.012301182374358177,0.008851408958435059,0.0034497734159231186,0.3189663589000702,0.0,0.37879616022109985,0.2358395904302597,2.278308868408203,0.0
0,122,None,False,"137,130,93,78,121,120,21,109,54,81",1.0679467916488647,-2.109501600265503,-1.1591835021972656,-0.8522228002548218,7.9994378089904785,4.944493770599365,0.012812095694243908,0.0,0.0,0.012812095694243908,0.009927153587341309,0.0028849421069025993,0.371300607919693,0.0,0.5017024874687195,0.23849666118621826,2.278308868408203,0.0
0,123,None,False,"137,130,93,78,121,120,21,109,54,81",1.0768229961395264,-2.06009840965271,-1.1334089040756226,-0.6734442710876465,7.9991631507873535,3.8661022186279297,0.014848476275801659,0.0,0.0,0.014848476275801659,0.014465689659118652,0.0003827866166830063,0.1851094514131546,0.0,0.5067421197891235,0.22934599220752716,2.278308868408203,0.0
0,124,None,False,"137,130,93,78,121,120,21,109,54,81",0.9800916910171509,-1.9984322786331177,-1.1378490924835205,-0.8951122760772705,7.9993205070495605,5.407415866851807,0.026531273499131203,0.0,0.0,0.026531273499131203,0.02477264404296875,0.0017586294561624527,0.2711643576622009,0.0,0.5876699686050415,0.2272394448518753,2.278308868408203,0.0
0,125,None,False,"137,130,93,78,121,120,21,109,54,81",1.0640844106674194,-1.9571045637130737,-1.0486353635787964,-0.8868035674095154,7.999345779418945,4.066469669342041,0.030651962384581566,0.0,0.0,0.030651962384581566,0.024372220039367676,0.00627974234521389,0.6338543891906738,0.0,0.48100635409355164,0.20787011086940765,2.278308868408203,0.0
0,126,None,False,"137,130,93,78,121,120,21,109,54,81",0.9102498292922974,-2.1605820655822754,-1.158734917640686,-0.9513968229293823,7.999408721923828,4.990707874298096,0.03624711558222771,0.0,0.0,0.03624711558222771,0.015082478523254395,0.021164637058973312,1.927406907081604,0.0,0.5894768238067627,0.25086846947669983,2.278308868408203,0.0
0,127,None,False,"137,130,93,78,121,120,21,109,54,81",1.0337178707122803,-2.2996625900268555,-1.0180096626281738,-1.0106786489486694,7.999046802520752,6.050741672515869,0.07181322574615479,0.0,0.0,0.07181322574615479,0.02168118953704834,0.050132036209106445,2.7588706016540527,0.0,0.6510066986083984,0.25437131524086,2.278308868408203,0.0
