date,stock,open,high,low,close,volume
2014-01-01,STK_00,100.13429250215502,101.8723308042622,99.49815031655211,100.54673581525412,609673
2014-01-02,STK_00,104.25998298223543,105.53947941556694,102.50233486851617,103.72051469341889,297628
2014-01-03,STK_00,106.98221722632765,107.83977564907445,104.67649124406539,106.1015404172407,605629
2014-01-06,STK_00,107.88780435277094,109.40213071441053,107.24587801809868,108.23450653896042,211308
2014-01-07,STK_00,110.30753351234324,111.91297762967906,108.64287449989442,109.54218345851125,175255
2014-01-08,STK_00,110.20623438253006,111.06499928161142,108.32013556313402,110.91919075286795,680562
2014-01-09,STK_00,110.52012041188169,111.48384149965717,109.07887346689546,110.67013300480679,396060
2014-01-10,STK_00,111.77960700575223,113.7098346905084,109.65275176477786,111.68729054060262,801202
2014-01-13,STK_00,108.649659748969,109.69596104319328,108.25009074457324,108.4665313321352,362100
2014-01-14,STK_00,106.10547842136644,106.52862490593114,103.4839259065936,105.02706139765847,364137
2014-01-15,STK_00,107.8073377689056,107.97719574756239,107.39994936548536,107.71562585584401,711702
2014-01-16,STK_00,108.02273943193586,108.30500798913974,107.16858113242066,108.18892817541513,491733
2014-01-17,STK_00,111.97000569615102,112.34439608003771,111.42305433537081,112.07536835680632,369781
2014-01-20,STK_00,114.25897024313483,114.9259161799653,113.6665494766144,114.42005549943684,608195
2014-01-21,STK_00,112.23216273383797,113.5724672124119,109.23663190333228,112.91635840946654,32228
2014-01-22,STK_00,113.39789928336772,115.54722988653822,113.20957901219731,113.9233905630683,445903
2014-01-23,STK_00,113.92186070575652,114.4122392902775,113.71293694836046,114.06862924376817,732094
2014-01-24,STK_00,115.1606236859325,115.21230987852604,113.55371023122991,114.74313964376256,170377
2014-01-27,STK_00,115.2442020046898,116.20726113983818,114.31956519116021,114.94411995826157,643299
2014-01-28,STK_00,117.45090989237761,118.013319631276,116.49197519105431,117.13838685305201,593986
2014-01-29,STK_00,112.08540879574338,112.4321773548993,111.18243282463517,112.43056893848171,464323
2014-01-30,STK_00,110.2497622964343,111.23567622337703,109.05301065500964,110.33797546139779,922122
2014-01-31,STK_00,111.81578499395131,114.12271119039434,111.58270366156415,112.33815906011084,503592
2014-02-03,STK_00,111.65000564516741,112.49141507418864,111.29656547665722,112.00597212831573,811344
2014-02-04,STK_00,117.18450250712928,117.24909143997888,116.7966452365951,117.19524262793344,124467
2014-02-05,STK_00,113.78159194324594,117.0222821125876,113.43846430513118,114.45153999302956,512887
2014-02-06,STK_00,114.73658053694274,115.65124702017705,113.5282471737996,114.95417355585543,192071
2014-02-07,STK_00,120.18712570647686,120.78156243587412,117.8000612373735,118.77548765995401,260276
2014-02-10,STK_00,113.82828952921508,114.96283048648246,113.15110210122036,113.94984422788359,34950
2014-02-11,STK_00,112.91180159457205,113.07974800779037,112.11834233997698,112.3349419996957,729004
2014-02-12,STK_00,115.11423872675468,115.19774207235079,113.91964311787738,114.38033963456084,252498
2014-02-13,STK_00,112.97813096458889,114.46349176886753,112.64819937717154,112.75827818766153,654612
2014-02-14,STK_00,112.48237186241765,112.95291652754861,111.51685129872293,112.37515861993937,613936
2014-02-17,STK_00,111.72069868628645,112.87603030344715,109.7096635063926,111.88076077065813,312414
2014-02-18,STK_00,112.4462274402171,112.5812096663862,109.58595029352038,111.63772585956566,613375
2014-02-19,STK_00,112.43281524061517,113.5926982586326,111.08227858805552,113.21089365886374,148256
2014-02-20,STK_00,113.19438843142892,113.8940474611098,112.7456384789664,113.23912714342666,222549
2014-02-21,STK_00,112.09823140062771,114.54770221519227,110.476793420354,112.73635073713238,977973
2014-02-24,STK_00,117.45982186501931,117.53474171412742,115.5427586569433,117.18252826188706,241548
2014-02-25,STK_00,116.879957860384,118.74094645717396,116.1431798007344,116.81685933767923,735143
2014-02-26,STK_00,114.59918517678615,115.02069656333305,114.14157952251021,114.52637083019951,701468
2014-02-27,STK_00,114.67712178683219,115.43903903732195,112.37245556855234,115.15204865168651,463455
2014-02-28,STK_00,115.11912651540774,115.38046458941696,113.96793016628622,115.1281082077918,414281
2014-03-03,STK_00,116.6177586698429,117.99204896591239,115.39736917857901,116.64381902410574,407585
2014-03-04,STK_00,123.54688387770015,124.50192635555499,122.38928625292033,124.33290536233937,578605
2014-03-05,STK_00,121.53710633654727,122.74773363736412,119.72617338213392,121.2205050928109,531235
2014-03-06,STK_00,124.1226655806524,124.80095220883247,123.35022684495928,124.795338176619,639776
2014-03-07,STK_00,122.66839225120127,124.35496397258842,121.98331839457587,123.9729611339741,22976
2014-03-10,STK_00,125.81454733854075,126.11993988473535,124.46357443018343,125.23087460158796,470889
2014-03-11,STK_00,122.54308043439744,124.02894638158762,119.45394420293643,121.3924948896289,736011
2014-03-12,STK_00,119.07278786415014,119.71096025180896,118.86023230297138,119.36509829629293,708973
2014-03-13,STK_00,118.57375275256014,120.39063247566052,115.945634220574,118.3003100967082,272703
2014-03-14,STK_00,116.65471057346006,117.70282630468901,114.7605879976875,116.06870756336045,625539
2014-03-17,STK_00,117.98111737895027,118.36630067954518,116.16856863599209,117.8815147845598,817721
2014-03-18,STK_00,117.10098896014023,119.39066744736336,115.7484634993318,117.71261745049725,582725
2014-03-19,STK_00,117.18858021229599,119.61109621311611,117.1257666886069,118.45577162700381,710722
2014-03-20,STK_00,115.7370325791724,116.99113603316138,115.36613931697778,116.05583263175143,396743
2014-03-21,STK_00,119.73503467690193,120.51811379097894,117.61326199835823,119.64324268428415,205193
2014-03-24,STK_00,117.08885118755437,118.4486704122496,115.2258938771235,117.72696867105587,825942
2014-03-25,STK_00,120.38562892358955,121.40094045217504,120.2880709731489,120.55875310476523,203579
2014-03-26,STK_00,118.5163180518121,118.91074746171016,118.06474206125864,118.73045688560354,145451
2014-03-27,STK_00,117.77997273171806,119.35696274843345,116.5000145886581,119.07515557609554,780831
2014-03-28,STK_00,123.42916283902944,124.96070861578997,121.54484270294968,121.57451619210873,836482
2014-03-31,STK_00,122.36196964318647,123.48140284968689,121.29113930767927,122.81120429563785,897934
2014-04-01,STK_00,125.62708187950251,125.76578014706624,124.99701643640891,125.3394015130581,96371
2014-04-02,STK_00,129.96044730087013,132.87593318128404,128.92877618312718,129.73253647201113,353007
2014-04-03,STK_00,131.18130840968675,132.74927582499564,128.57163738693004,131.3212600483695,742663
2014-04-04,STK_00,130.8241123898788,131.6393722431119,130.16430101468794,131.1722543322766,308840
2014-04-07,STK_00,124.10210066967167,125.79383480831731,123.15552533612032,124.74237300557857,75382
2014-04-08,STK_00,126.99307537392421,127.03830324974487,125.89965594415656,126.52486481360995,23819
2014-04-09,STK_00,126.68416763902097,129.70914851161075,125.46779535385625,127.3662858910594,324697
2014-04-10,STK_00,126.54894904004048,127.83922194953433,126.20661590546818,126.92102748231439,735977
2014-04-11,STK_00,125.72993827958808,126.74605223267731,123.33632436815817,126.29180395721201,347805
2014-04-14,STK_00,124.87050183184753,126.8198293246661,124.57480456370659,125.804288954868,667671
2014-04-15,STK_00,128.3814487252589,128.91359154648148,127.52405219099856,127.78712238872106,816801
2014-04-16,STK_00,123.63886356740525,123.78263278754714,121.88945183456192,123.45149260487716,434998
2014-04-17,STK_00,124.65659254812294,125.60553461875924,121.95446793504046,123.99048469364352,790210
2014-04-18,STK_00,127.46785688274356,129.44872395878406,127.06919180422496,127.72094934774337,8278
2014-04-21,STK_00,127.95290716558817,129.4629270766896,126.92038764729155,129.17161111349347,163844
2014-04-22,STK_00,128.46667770105196,129.1922638732545,127.89649418426562,128.3729324346793,539869
2014-04-23,STK_00,126.23521224657543,127.49635991599801,126.05076148069469,126.67823304488036,236592
2014-04-24,STK_00,125.12636477152553,125.9640618388667,124.34358242255176,125.28901865015058,67027
2014-04-25,STK_00,121.93895638021897,124.40138135444421,121.38433378153962,122.98827572940459,867049
2014-04-28,STK_00,122.56636491320013,122.92035977384425,122.0207677276039,122.17137127787757,728750
2014-04-29,STK_00,122.76194946152215,124.97290849334158,122.52526379126944,122.54168463424351,36544
2014-04-30,STK_00,122.48529579991592,122.71230669967306,120.94559091548632,121.37095609183385,577314
2014-05-01,STK_00,122.17137935799623,122.89645027974504,120.60775311056122,121.33339878675572,636551
2014-05-02,STK_00,120.98685762217146,122.5308479933394,120.54100236943327,120.55451848663179,657765
2014-05-05,STK_00,122.07393567284954,123.82551359050173,121.31943601671759,121.39313517743763,186556
2014-05-06,STK_00,121.60930565566277,122.95546202016868,120.13291844239706,122.03298806630531,99350
2014-05-07,STK_00,121.63227831008433,122.54978839221343,120.02072936769206,120.40030023386065,397741
2014-05-08,STK_00,121.53215334207624,123.67976579258168,120.14145539119313,121.14992009016139,266327
2014-05-09,STK_00,122.09548571799331,122.09786966688345,120.40029948472409,121.18188216552699,154714
2014-05-12,STK_00,121.18094477977245,122.88654263735926,120.63360407533663,121.39959390827765,125972
2014-05-13,STK_00,120.2105313121764,120.42706016012458,118.33618705350952,119.89967379022252,321257
2014-05-14,STK_00,119.02928869884462,120.59971666636476,118.66393614815357,118.97643403135582,715987
2014-05-15,STK_00,117.9870830552012,119.52521828803376,116.8471219145516,118.37353818521284,29506
2014-05-16,STK_00,117.9278159114635,118.28143162172638,116.11404559482985,118.21261811199808,867461
2014-05-19,STK_00,118.58547755980834,118.68548103555264,117.12569364078779,118.30127636948383,324617
2014-05-20,STK_00,118.30385166888097,119.7390835970203,117.00222776589324,117.69803162405145,841179
2014-05-21,STK_00,117.51914464748151,119.29850829359509,116.53959797284388,116.6787516831046,777601
2014-05-22,STK_00,115.85737824835138,116.18388092194029,115.62021889649269,115.89906282444058,950601
2014-05-23,STK_00,115.39168481413077,115.51961492842973,114.14858314236545,114.82309857703648,424103
2014-05-26,STK_00,113.02083539717724,113.82946282809894,112.79943112563934,113.79106889698777,15089
2014-05-27,STK_00,115.30629217445191,115.85661964313312,114.60479503313755,115.80857411184527,470827
2014-05-28,STK_00,110.8857906137889,112.83150780884347,109.23602451737077,111.19709145615806,272304
2014-05-29,STK_00,108.70755964062025,109.06277109739754,108.05128261824733,108.23183828302028,376989
2014-05-30,STK_00,106.25456083028978,107.78243361130883,105.95414554977327,107.12094704322783,602977
2014-06-02,STK_00,108.90554784477052,109.57998079784136,107.80018984406077,109.4077006991029,500059
2014-06-03,STK_00,107.35605276184896,110.10452164536287,104.20455642011979,107.60629446632244,732097
2014-06-04,STK_00,107.1013146479873,108.06477492396166,106.18553523725043,107.30139748563086,776378
2014-06-05,STK_00,104.93362351918269,106.96876760735088,104.62286151670187,105.28769490998147,521431
2014-06-06,STK_00,105.73172565784566,107.19234160230427,104.28337774071062,104.68825412450387,999208
2014-06-09,STK_00,103.10776626966518,104.28769756936492,102.0898531338496,102.87442324500812,90158
2014-06-10,STK_00,102.84524069127492,104.35077995377696,102.09921416572875,102.36015902450428,898969
2014-06-11,STK_00,101.56614079384906,102.65455546306983,101.36586930310817,101.78790345184248,83283
2014-06-12,STK_00,103.7691883118143,106.19147452385955,102.7007244355836,103.21352938232573,218117
2014-06-13,STK_00,106.27373910035877,107.58627687011925,103.55258529290863,105.80923904989663,846430
2014-06-16,STK_00,105.65413135832074,107.77801933360145,105.06587745911833,105.39847736755777,500512
2014-06-17,STK_00,109.19346393644746,110.81494100374887,108.95295060157632,109.6836795097222,664287
2014-06-18,STK_00,110.62815366586068,110.95335861562995,110.18589645579014,110.92084665590107,992822
2014-06-19,STK_00,109.64981559282398,109.9506735431541,108.87825023284283,109.7360455568578,797952
2014-06-20,STK_00,107.71230149968743,108.2965619333088,106.92777950464995,107.94921112788444,80839
2014-06-23,STK_00,106.80519202334955,108.03399271625953,105.95005673638174,107.65589683300027,465770
2014-06-24,STK_00,103.95137908868016,104.65775270724926,102.90695063453552,103.92553226138206,171446
2014-06-25,STK_00,102.72564258365807,103.64676645559045,101.40820924531391,102.72139994905815,952555
2014-06-26,STK_00,103.86997183275443,104.41816358298938,101.82335912348822,103.14918536260531,9661
2014-06-27,STK_00,99.64719741506704,100.43943964999886,98.63838933066444,100.24420331403033,609360
2014-06-30,STK_00,100.09053834241779,101.02916019009784,98.9871247507317,99.2170654893836,775411
2014-07-01,STK_00,99.31931119817949,101.63187559425607,98.63979673901078,100.19705571036752,78930
2014-07-02,STK_00,102.2834392769293,102.47089365816036,101.47510120411434,101.50677401833231,779229
2014-07-03,STK_00,102.21845296520567,102.31409845231903,101.18975886009652,101.65631260056443,12208
2014-07-04,STK_00,102.96708690176217,103.6869265638365,101.46540377382634,102.84586859715141,483391
2014-07-07,STK_00,102.41214163385182,103.2963901367196,101.10895007679736,102.54424508389573,457038
2014-07-08,STK_00,103.72916374978921,104.30688682608164,102.07897332683524,102.99380495935794,835130
2014-07-09,STK_00,98.9533803848601,99.87550309158567,98.26489667598919,99.69443471811084,991861
2014-07-10,STK_00,104.44306531491542,104.72231761570113,104.33316873863032,104.40658437755266,182706
2014-07-11,STK_00,104.7756698496558,105.48054140366446,104.39050327941717,104.55116012276159,318508
2014-07-14,STK_00,106.79371175398374,108.10999742443013,104.44264137034214,105.55714443689051,753057
2014-07-15,STK_00,103.8616033307637,106.44088359814069,102.84408876539555,103.58855168709161,700259
2014-07-16,STK_00,105.1519585773243,108.15802872935181,104.74872007150117,106.271175288647,316627
2014-07-17,STK_00,106.88785343265702,107.8033048983842,106.34832572135406,106.68764299766538,115904
2014-07-18,STK_00,104.58344143900116,105.37452511230917,104.1514035651539,104.46212798714731,969529
2014-07-21,STK_00,104.05157905911237,104.96984989027499,101.96960948491333,104.21264370165024,101852
2014-07-22,STK_00,107.64163342980855,107.95253691275805,106.22845914652406,106.8444715000841,49215
2014-07-23,STK_00,105.97597777285057,106.52808850599814,105.22159726070993,106.4060840466123,313517
2014-07-24,STK_00,105.76288778659848,106.6043193663381,104.73510911169022,105.12127660514602,635392
2014-07-25,STK_00,106.7896500621063,108.67733916875912,104.87295160175844,106.72134962186225,837543
2014-07-28,STK_00,103.38003367961286,104.27345618275197,102.59153183070323,103.75090226542936,659109
2014-07-29,STK_00,103.36316987065109,104.53724820442012,101.9925651160585,102.4077126445132,817830
2014-07-30,STK_00,104.48418064355594,105.89856668039022,103.17786201252491,104.79059481602692,215283
2014-07-31,STK_00,107.10934480147907,108.60322103325628,106.82096730630538,107.49978207224349,857878
2014-08-01,STK_00,105.80110324972095,106.02532048379825,104.81404113202119,105.65537997115815,265960
2014-08-04,STK_00,102.5897432394004,103.42909297151913,101.34641786740738,102.90286577065555,58640
2014-08-05,STK_00,102.39571036086508,104.38249645447618,101.42850027029873,102.83891312086942,905082
2014-08-06,STK_00,106.3215922444429,106.63501430637936,103.84367917843522,106.09253454385622,877047
2014-08-07,STK_00,107.78654117441921,109.42093227231197,107.39675045984812,108.79186545319688,879188
2014-08-08,STK_00,107.59653402698609,108.70415505525774,106.75441496386756,107.01311830948632,543731
2014-08-11,STK_00,109.6490468036706,111.23152538623314,108.91712707978174,109.21415636264722,779201
2014-08-12,STK_00,110.6023338191659,111.27216474118808,109.17390753943357,110.12226426883448,879986
2014-08-13,STK_00,110.83060985461474,111.15286014477444,109.49838911401926,109.81043718399597,145687
2014-08-14,STK_00,108.00241677323626,109.94277681372152,107.13699759410177,108.14373662909117,573120
2014-08-15,STK_00,108.4740519379685,110.16702650595954,108.44297086855583,109.40082829506821,313565
2014-08-18,STK_00,107.60231654872942,107.89742236323826,105.75260916809685,107.05234499286051,231398
2014-08-19,STK_00,105.43543819673155,106.29607656036167,104.95243872301377,105.57933791782114,633383
2014-08-20,STK_00,109.56804653678964,111.02266898220428,108.66547415111765,109.8030167707148,975125
2014-08-21,STK_00,110.06236765053339,111.88601541778542,109.60175568357494,110.21160597628358,361063
2014-08-22,STK_00,112.78205738178627,114.33977684909969,110.03367616275037,112.44775364184815,379027
2014-08-25,STK_00,110.22744860137902,111.68317515149091,109.383384825125,110.57939558218038,244773
2014-08-26,STK_00,110.52509492145765,110.74520801066078,108.53414680680885,110.56052158162143,523119
2014-08-27,STK_00,112.34016436571254,113.30590535661304,111.41890045375148,112.46653538212169,570394
2014-08-28,STK_00,112.54957941942477,113.06167873323105,111.46620109116394,112.40494324928308,527748
2014-08-29,STK_00,111.62923786118353,112.85155765839875,110.62872595846356,110.87458292857622,851557
2014-09-01,STK_00,108.55089895675214,109.61345052648645,106.21025869733711,109.06539718702179,544473
2014-09-02,STK_00,115.6083420283776,115.76278309813539,115.55492351897766,115.65316849428842,895047
2014-09-03,STK_00,115.77006163878598,117.17632657711412,112.986863319978,116.36121531604724,425750
2014-09-04,STK_00,117.47651882024167,118.19567240199616,115.91404941171179,118.13873208858767,366181
2014-09-05,STK_00,118.47745303158187,118.83023168334093,118.1812336045714,118.34892752951663,811950
2014-09-08,STK_00,121.52441155560417,121.85947088104436,120.2071872556367,120.90292388845995,186030
2014-09-09,STK_00,123.27533823861121,126.68607439641183,123.23886876195475,123.38732567431384,542080
2014-09-10,STK_00,127.74485714243689,128.16748457933062,126.33435253351277,128.05158479348682,831782
2014-09-11,STK_00,126.36789965618142,127.49451365214915,125.3942366009278,126.20893011315829,495988
2014-09-12,STK_00,128.82553339306043,129.66319426350248,128.41941446403243,129.53348179723787,352353
2014-09-15,STK_00,130.27335617477019,133.5076167714403,128.31607442352492,131.16487074399606,856469
2014-09-16,STK_00,129.29111257828512,133.0753351592196,127.68032763781203,130.70062753917372,372598
2014-09-17,STK_00,130.7857693321283,131.36642276846365,130.60867214641465,131.31149159505188,948409
2014-09-18,STK_00,132.02456058317446,132.88943610529046,129.67212916127986,131.64562032137343,516642
2014-09-19,STK_00,135.679595457179,136.94179610596285,134.33514992451967,136.27851899823628,281158
2014-09-22,STK_00,134.92197284183044,136.00417305113433,134.21768401515737,134.90458662338168,577508
2014-09-23,STK_00,136.5629888785638,138.35118390452672,135.10695103854323,137.47114982987608,211212
2014-09-24,STK_00,135.54242982555542,137.6149832126504,131.46683015750267,136.6243028994206,958323
2014-09-25,STK_00,137.8776206587283,138.84201346629615,137.2554029450566,137.72956544240927,968206
2014-09-26,STK_00,140.30326203496404,141.7958756800752,139.09433192652207,140.87879920554946,159823
2014-09-29,STK_00,138.40920955944466,139.2564741300396,138.34538970235985,138.91596635813931,641196
2014-09-30,STK_00,141.26689600952324,142.13349362269986,138.8553571075027,140.47763502729586,948833
2014-10-01,STK_00,141.18350110160966,142.17427951345198,140.03809949214852,141.48252289691655,800142
2014-10-02,STK_00,141.04358285761944,144.08199559207745,139.76026334680998,142.76407617057944,998875
2014-10-03,STK_00,140.12706744083266,142.29734554000055,139.7831268624512,140.035274477408,428947
2014-10-06,STK_00,142.5469763883576,144.00905694812428,140.15121174679894,143.10507806080278,686370
2014-10-07,STK_00,146.18075256729384,148.11388657758772,145.5011159647651,146.56651077369793,460941
2014-10-08,STK_00,142.5326648625751,143.7754541531383,141.02282239764605,143.14211024002327,942043
2014-10-09,STK_00,145.03184517031357,147.30662036877564,144.5102576388878,145.9238697598691,27917
2014-10-10,STK_00,143.472698249424,145.95817374789004,143.43885892112948,144.35900097849907,97586
2014-10-13,STK_00,148.4831921552301,149.08769727964167,145.45032964972762,147.87233183899042,838181
2014-10-14,STK_00,149.80726827580992,152.06713022544662,148.05824769326125,148.72245128502783,499853
2014-10-15,STK_00,151.02723902335566,152.0088804916265,150.0663138078445,150.55858454248613,275155
2014-10-16,STK_00,151.48584437721965,153.97537472810743,149.4026804862195,150.26018507253875,828171
2014-10-17,STK_00,153.14061028584896,153.81501224641735,152.62516613441056,152.93568937667197,283240
2014-10-20,STK_00,151.30563904206008,154.85946536627813,149.8487797712968,153.47916607687844,281797
2014-10-21,STK_00,150.42531557160606,152.2821072416001,148.42222026849294,150.52645073353997,554829
2014-10-22,STK_00,152.59517273827052,152.65120191920784,149.95889514693388,151.76382134064173,526893
2014-10-23,STK_00,153.36788137264784,154.63074943554255,150.72015215793633,152.59443609463068,494319
2014-10-24,STK_00,151.28961060095094,151.7625755224119,148.81366615994327,150.61166006269758,319260
2014-10-27,STK_00,149.6155542075719,151.48154706987174,145.02163613180733,148.90944608545396,812171
2014-10-28,STK_00,151.41805445372782,151.47303803538793,151.08017680514567,151.30857681513572,313087
2014-10-29,STK_00,150.5102088213657,151.09176254453024,150.20143396315606,150.55887882211564,438665
2014-10-30,STK_00,155.3113306596013,155.83247465367037,153.89542159534588,154.0951753926457,417315
2014-10-31,STK_00,154.56609344729807,155.03799272013495,154.0813536324361,154.69505084961085,60828
2014-11-03,STK_00,156.87244202999176,158.49359476815917,155.50219246817704,156.105224156726,529691
2014-11-04,STK_00,158.83379945918674,161.4525441252147,157.53729968923275,158.96309347370092,163693
2014-11-05,STK_00,161.53202120242176,162.7472970186423,160.06995285855533,160.92919986613504,735315
2014-11-06,STK_00,164.52412284898105,165.0483389436861,162.86235003307218,163.6270691911708,386454
2014-11-07,STK_00,164.9961703918395,166.77730155945284,163.67515759889054,164.89991292871147,205650
2014-11-10,STK_00,163.36316680528583,165.82207010956307,163.3188326634179,164.5709317248652,363137
2014-11-11,STK_00,167.33944042206716,169.92608536938562,165.8659302936729,167.2232434457627,21039
2014-11-12,STK_00,166.2595961062625,167.2332364181313,163.25941305260682,164.68529512510753,769171
2014-11-13,STK_00,164.6924664917678,165.96914999527803,162.6027475817448,163.66191841786636,416760
2014-11-14,STK_00,166.4964854123148,167.76894170019102,165.2484822747522,167.02166098966606,765359
2014-11-17,STK_00,164.8996323267326,168.07364567603173,164.42937045419455,166.23856098245653,933601
2014-11-18,STK_00,168.1518055891921,169.52641626742084,166.7122283752629,167.66884789765533,224264
2014-11-19,STK_00,169.585154820871,171.10871053206944,165.2256824841368,169.4769712013125,862518
2014-11-20,STK_00,164.57736702760897,165.5169270996498,164.25389833671815,164.64153405596136,542146
2014-11-21,STK_00,167.36722635724516,170.63709524116786,166.1741785163804,167.5653735542933,399508
2014-11-24,STK_00,170.3470948390289,171.80132737783,168.33758097652154,170.41319439093547,933289
2014-11-25,STK_00,168.1819584291362,170.70731526878558,164.11664430967977,167.2112224583848,127541
2014-11-26,STK_00,164.582985245329,165.73148313653257,163.77666849925612,164.82873360620044,560175
2014-11-27,STK_00,165.9992655821493,168.74874599616732,164.97827582985553,165.22528854289254,604854
2014-11-28,STK_00,166.97024515620987,169.24030841068267,164.22550087864516,166.88529490258168,152946
2014-12-01,STK_00,167.7256981134067,170.70383353157703,166.5159897488349,168.28374379347545,106619
2014-12-02,STK_00,168.5092528755942,168.92661098259708,166.05759528174787,167.89993932549743,125391
2014-12-03,STK_00,167.63088984362443,169.38766373670092,167.42511697721108,167.80510642101518,296044
2014-12-04,STK_00,165.79102877788378,166.78633627741536,161.79906616901252,165.12367941368944,26147
2014-12-05,STK_00,166.10792135377088,171.1891437970854,164.29710384069708,166.7767674153692,504690
2014-12-08,STK_00,161.33649280018113,164.98208511230249,158.524922374834,162.27661302380392,860715
2014-12-09,STK_00,161.25979091348725,161.68992384719385,160.2625735944261,161.09527436317268,61081
2014-12-10,STK_00,156.30176026516,157.36226552498323,155.7004860357179,157.32188075534822,355236
2014-12-11,STK_00,158.11098691718206,159.24596917600343,156.65999570221294,157.1387971139443,677521
2014-12-12,STK_00,157.13065186241013,158.22645049523237,155.909168936921,156.001276626448,598002
2014-12-15,STK_00,161.44356620960693,162.13031004377416,159.93915624985735,160.6201771244036,827028
2014-12-16,STK_00,160.0535465914855,163.36507594588775,158.67897643310204,161.03674255072477,719433
2014-12-17,STK_00,153.43696860567076,154.48370215454494,150.1149591699319,153.66177513331002,738783
2014-12-18,STK_00,158.69415929762098,161.65671091475633,158.60058525840088,159.09461590805728,490895
2014-12-19,STK_00,164.0979151591561,166.07814737805882,163.78541530288388,165.27415127165148,152050
2014-12-22,STK_00,164.39053080692665,164.82204780192137,161.0625512643133,163.91549798248192,183082
2014-12-23,STK_00,162.08596744477708,163.30992022854795,161.31862180224078,162.70377066188308,66754
2014-12-24,STK_00,165.08411438535876,167.83347210641986,165.07508142169783,165.9816816412844,159353
2014-12-25,STK_00,164.6491920829309,165.2660271590789,162.80209177671716,165.212104364716,546657
2014-12-26,STK_00,160.7453916095972,163.31377219818953,158.98665077524177,161.22439477605337,371804
2014-12-29,STK_00,163.4358353621955,166.77022392491696,161.27884710329505,163.0108015174765,117893
2014-12-30,STK_00,166.27418310786155,167.339888244125,163.813950045175,167.1414165005567,959832
2014-12-31,STK_00,166.28294912390692,166.95664503979785,164.4905385593585,165.5695451853843,280905
2015-01-01,STK_00,162.9566612197245,165.25974734568297,160.6833198298827,163.3634965104953,898683
2015-01-02,STK_00,163.11436295714756,163.80583860156057,160.5656402038553,162.0937992775264,90604
2015-01-05,STK_00,161.73998916947124,161.86415439728006,157.87595295525048,161.22100018209028,363374
2015-01-06,STK_00,157.55950366134624,158.6963411040775,156.3260851997395,158.5647473777033,352428
2015-01-07,STK_00,160.6758327890293,163.26732412015804,159.55185982378254,159.82214760081283,401219
2015-01-08,STK_00,158.07331921735533,160.20972447261605,157.42316953303748,157.7101436508153,961256
2015-01-09,STK_00,158.92103322281045,161.84956459455807,156.4141746664952,159.47534417737762,423936
2015-01-12,STK_00,162.71906370037146,164.3378830204601,160.9051902067299,162.3876327543607,931907
2015-01-13,STK_00,167.6307769807912,168.10445982959766,165.9447248091212,167.59253093109353,808445
2015-01-14,STK_00,171.70133468739675,171.8540143371872,170.92771271536859,171.78851240497767,727377
2015-01-15,STK_00,173.0551850893865,174.6913527177746,171.0755403904565,173.80714452956693,217076
2015-01-16,STK_00,173.45971663258035,175.8105870672559,172.0570667781928,174.01459746746508,466417
2015-01-19,STK_00,174.48773757556938,176.5505984892529,173.26348448230243,173.84892603322737,362450
2015-01-20,STK_00,169.54592206121654,171.51461354452968,169.54336202425947,171.16231038342778,11810
2015-01-21,STK_00,177.13072272207035,181.43246606805835,173.61680344778003,176.81308226558826,453090
2015-01-22,STK_00,169.34844405105258,169.9082420372475,168.60380038940215,169.09568294687372,125913
2015-01-23,STK_00,169.75716183816192,170.17641767842338,168.3375943823873,169.7343057660867,393491
2015-01-26,STK_00,170.6147940999252,172.5992756478745,167.88686937948765,169.45956591540815,894509
2015-01-27,STK_00,167.1876701138893,167.7987220074393,165.63927855738913,166.0785251432546,32631
2015-01-28,STK_00,165.78484566553226,168.43972290211929,163.9872597251953,165.49575397230208,94376
2015-01-29,STK_00,169.20400978886474,169.58819841288405,167.25293532831608,168.44418809103294,359113
2015-01-30,STK_00,169.08459117211467,170.8330160622494,168.42141620842332,169.37734311748292,325824
2015-02-02,STK_00,168.88587420099594,169.6077838012348,167.75963959791565,168.9894941416071,585727
2015-02-03,STK_00,166.43426843351295,168.48546700401948,165.80935985298987,167.47986140577953,997043
2015-02-04,STK_00,168.81913231526156,169.23386794490483,167.64955147696352,168.91028386146365,631999
2015-02-05,STK_00,170.47202338336677,172.3367264885947,169.30795255940401,170.20451784041626,51727
2015-02-06,STK_00,167.62811958797525,169.05854492632642,163.3127477845602,166.17496305736856,948264
2015-02-09,STK_00,167.87785113352297,168.4987110725015,166.51050997832357,167.36562856200138,464679
2015-02-10,STK_00,169.68122530590716,173.68357095255715,167.4175619190512,170.53249660899587,545897
2015-02-11,STK_00,169.34100047413605,171.7344871040917,167.1705180611586,170.04114824114157,905641
2015-02-12,STK_00,162.93702501258053,169.26212229642357,162.03942977078512,164.92174517340038,707053
2015-02-13,STK_00,165.327939247084,167.7551384381264,163.52877717235694,164.94982101315549,110812
2015-02-16,STK_00,164.2418751125752,164.55123590110372,162.19303813881177,163.1088772837018,277381
2015-02-17,STK_00,162.62858781642947,164.56610861903008,158.81682123775568,161.40009208775646,731854
2015-02-18,STK_00,158.99826893029407,160.08052817988852,158.89166053202638,158.9002806493454,654619
2015-02-19,STK_00,164.264544356829,165.73275522402798,160.78320237179403,163.2825911724365,710955
2015-02-20,STK_00,164.7999425677497,165.09134813740025,162.9648192750522,163.60772802903614,459841
2015-02-23,STK_00,165.6584526606523,168.40694523462594,162.99148417757974,164.64027110356994,53674
2015-02-24,STK_00,167.30302294356738,168.488439444473,164.82904991610735,167.75090482311938,396031
2015-02-25,STK_00,160.81186648340798,163.16600610481467,159.34360705815314,161.78878523411524,170018
2015-02-26,STK_00,165.72508998643698,166.48203145236562,163.45182915392598,164.46372589198978,482237
2015-02-27,STK_00,170.90407915067323,173.27073438415349,167.22760728953733,169.11314365251212,271888
2015-03-02,STK_00,167.97385464254825,169.82328804652596,164.9005864005676,167.4036659568894,367051
2015-03-03,STK_00,166.55044332311766,168.963528416406,161.99942043996657,167.16873786971163,64639
2015-03-04,STK_00,174.286022314817,174.51683128361302,171.56248299311662,172.81189455636346,842750
2015-03-05,STK_00,167.22187078843956,167.35713174900744,165.44789439391457,167.22446500308527,984453
2015-03-06,STK_00,166.8219719113977,167.2630226800634,165.0094919246549,167.17321497315197,255740
2015-03-09,STK_00,168.29997620472614,171.0317595595413,165.99381278947942,167.422975688093,713557
2015-03-10,STK_00,163.97713931770895,166.4628160103094,162.37884016252093,164.2149425914391,731931
2015-03-11,STK_00,162.9155457816976,165.81942554032946,162.3931316957947,163.56077616954323,320344
2015-03-12,STK_00,166.3294240205675,169.47154562373586,165.39474325375187,165.74428984352525,949287
2015-03-13,STK_00,162.3936612168568,165.25792653989117,161.8963059874395,164.66853374857956,772750
2015-03-16,STK_00,159.4140691557304,162.12886710852715,158.99122271792754,160.35823626547992,253835
2015-03-17,STK_00,162.24256551275988,165.04661353868826,161.1544301075509,162.81562444716525,488984
2015-03-18,STK_00,158.16386317372186,160.38189715458526,157.63734058635472,158.5071777447826,917327
2015-03-19,STK_00,154.65032794157835,157.89644503268792,152.99389242255114,155.4031191553374,921195
2015-03-20,STK_00,159.3851312399317,162.79626483212147,158.37585444249405,159.95824737917485,883530
2015-03-23,STK_00,159.57181714231083,160.1710873001074,155.14150583730756,159.13045848445802,148049
2015-03-24,STK_00,154.95782170299648,155.18788898952099,154.40079064071475,155.11107301882183,640546
2015-03-25,STK_00,153.66303844985654,155.94458946911328,153.45888060630585,154.8860103217374,284495
2015-03-26,STK_00,148.45416818896356,149.88649804237787,147.95324579207255,149.6983574752308,956188
2015-03-27,STK_00,150.6605649805212,153.9566819285787,149.62715856677804,151.72110057636402,749369
2015-03-30,STK_00,152.46772553090452,155.02452195342053,148.42734527031962,152.38595326932554,303528
2015-03-31,STK_00,149.29647131747743,151.51385496598434,148.2941961111457,149.99663376356955,211354
2015-04-01,STK_00,151.49256227593827,153.6622803566263,150.9868541518351,151.56516442447042,488269
2015-04-02,STK_00,149.81027919824226,151.17689034218952,148.65950579102758,150.63355274185074,239671
2015-04-03,STK_00,154.03656451554062,154.81202815812475,151.32357135372766,152.53043607543313,238167
2015-04-06,STK_00,151.1557403090534,151.88447384292627,148.24334066376338,151.84592472772533,773014
2015-04-07,STK_00,149.46211930390922,152.5950834605194,149.2180147846237,150.23550787696877,290189
2015-04-08,STK_00,153.21328272583418,156.36350819467015,152.54531434887963,154.09347725011085,968810
2015-04-09,STK_00,154.5412245320209,155.51226957456166,152.4835856873595,154.34590712293016,692400
2015-04-10,STK_00,152.59134954668002,153.7362657314342,149.9249207771382,152.0179053888184,457682
2015-04-13,STK_00,151.1014808166359,152.331943145366,148.0486063204632,150.6408806319486,212585
2015-04-14,STK_00,149.2998509487997,149.77872622117297,148.29300609110115,149.73363203175845,937553
2015-04-15,STK_00,152.44740146962752,155.31560313945258,151.355944385649,152.77725060310968,231729
2015-04-16,STK_00,154.51176786395396,155.5692009056447,153.1406176220828,155.07264409910624,834122
2015-04-17,STK_00,154.69622374113732,155.36865043989224,152.67920025657023,153.73149988223167,629329
2015-04-20,STK_00,150.97671221339453,151.03919003626817,150.40803200913385,151.03018424573065,862030
2015-04-21,STK_00,149.75420092628875,151.15712785923358,148.3742888272437,150.57182776423682,825123
2015-04-22,STK_00,149.17205830576387,152.77326915884595,146.80474810500914,150.81997352541447,500548
2015-04-23,STK_00,147.3074498539045,147.63975574807293,145.36035953291272,146.57124543259184,273689
2015-04-24,STK_00,147.88462410557614,149.15367490730804,147.33656800245166,147.85671538660242,835489
2015-04-27,STK_00,148.42751542199926,150.1649304758297,146.92329392101445,147.74684467042644,9895
2015-04-28,STK_00,147.63916854740228,148.2065400271462,142.55316839258444,147.99530692097215,932416
2015-04-29,STK_00,147.6131278630358,148.88413563041138,145.31482377949555,146.9936821058257,702764
2015-04-30,STK_00,148.0891712003511,148.49095400146336,145.31832508256335,148.29108131386278,735979
2015-05-01,STK_00,148.12659938011714,150.57438691560992,146.72706366607164,148.27425740620538,77089
2015-05-04,STK_00,145.34733513328325,146.2004981638976,144.7483712049937,145.88488425691435,546635
2015-05-05,STK_00,148.746586001401,149.81411200269616,146.73017025044174,147.84930848524286,569349
2015-05-06,STK_00,150.01951917067657,151.62948061461276,149.89755029223767,150.88718843938597,121350
2015-05-07,STK_00,152.34222322507162,153.5463656501799,149.38629378963083,152.04088323903017,639229
2015-05-08,STK_00,151.24237093621113,152.71543944908905,150.09375707935948,151.84048573916425,280153
2015-05-11,STK_00,155.9644515244154,156.94350986231638,154.46461847821607,156.16923863152488,190232
2015-05-12,STK_00,152.0721753803819,152.7419838759632,151.13933416824315,151.49712168401234,96999
2015-05-13,STK_00,152.1422628894621,154.51423761863467,150.98727150688015,152.23625598129996,564585
2015-05-14,STK_00,154.79417260087266,155.72544847225734,153.99845508142064,154.30991038322537,805025
2015-05-15,STK_00,154.6097638776148,156.1601549201618,152.50349120702955,154.57980933512826,235433
2015-05-18,STK_00,152.07832510735557,152.57290459501954,149.87958720555875,150.80909776032263,479758
2015-05-19,STK_00,150.60785399584034,152.69476326243011,148.69681994624884,152.01721270710908,161897
2015-05-20,STK_00,155.26554462985416,157.98744296249703,151.63710859550622,154.2521807282356,52745
2015-05-21,STK_00,151.0591993968313,156.22170660334683,149.81769852008992,151.33606555490823,341991
2015-05-22,STK_00,145.6877892316178,147.70982541816642,144.3789827224996,145.9953998589542,70369
2015-05-25,STK_00,146.90696866225582,147.3199487502708,146.65438746460563,146.7401081076396,713006
2015-05-26,STK_00,140.62759771639477,142.16571280662185,140.22624360167734,141.44555498308893,790309
2015-05-27,STK_00,137.97437519626152,138.75105670856942,136.61834341939462,137.47793756760757,257949
2015-05-28,STK_00,138.31150873230362,140.20205124982374,137.62010268803962,139.42687267587075,781556
2015-05-29,STK_00,133.12086784166,135.143663250865,130.86292490740644,133.04011078031314,306697
2015-06-01,STK_00,139.20901731231697,140.686849561692,137.88725888292814,138.73935824308234,259011
2015-06-02,STK_00,138.2272054242083,140.86220163791077,136.73544852359638,138.7937194721682,535390
2015-06-03,STK_00,141.07936222354596,143.56111652803682,140.40686017741788,142.46528846967973,526603
2015-06-04,STK_00,139.8109898311234,140.22671835868005,139.53093818066714,139.72252794599808,354140
2015-06-05,STK_00,137.86189157694773,139.37547350091148,136.96437793355773,138.48706105648458,879048
2015-06-08,STK_00,139.52575808282646,141.42881562150004,136.54182818660848,138.79705430901154,94153
2015-06-09,STK_00,142.18434316208334,143.24998177229375,140.74616793354923,141.60307731481635,770991
2015-06-10,STK_00,143.8908431444143,145.764695987896,142.94858584008662,143.96985153486742,207657
2015-06-11,STK_00,137.30968004942244,139.3217896295904,135.82694983726395,138.4068324138079,482057
2015-06-12,STK_00,137.46406891410123,139.5867219879364,135.3365472587582,137.2220644596435,486207
2015-06-15,STK_00,132.70592692940966,133.67007337331663,132.58021287649422,132.8958733514886,945886
2015-06-16,STK_00,131.75120553143066,132.31034240342117,130.82000523790958,131.9602893671773,800471
2015-06-17,STK_00,128.54589477092946,129.62663154087076,126.24609409286454,129.0347542424366,535872
2015-06-18,STK_00,129.4540133144509,129.8065970450768,127.68089657892061,128.23120961760628,760977
2015-06-19,STK_00,127.04203342373324,130.10216650520363,124.5121719222891,128.41149050280583,526889
2015-06-22,STK_00,133.1591582560745,133.91382095573303,131.82831394884448,133.69243285684584,283826
2015-06-23,STK_00,134.36272683292677,135.3241286156079,133.88043749781977,134.60480141526187,167594
2015-06-24,STK_00,134.67790522294933,135.80182274168308,134.28476694811647,134.55537979329546,972693
2015-06-25,STK_00,135.06082347546672,137.06865538797194,134.426012150817,137.00207201107426,832329
2015-06-26,STK_00,138.34665475590205,139.6476680185859,136.31500571682182,138.58106892611178,819737
2015-06-29,STK_00,143.66083798051673,145.72608775258746,142.56501340925016,142.8747386864256,462499
2015-06-30,STK_00,151.968933370445,153.4064325458316,150.4874754456803,151.2399256505393,969312
2015-07-01,STK_00,155.89309613051202,156.2290822132586,155.0745495077489,155.57107633023176,456343
2015-07-02,STK_00,150.91549378380168,151.26493073336198,149.07927530532893,150.64388052172697,537592
2015-07-03,STK_00,146.85767915051275,147.98019111258327,144.23262151803758,146.31903358436236,402972
2015-07-06,STK_00,151.6666326233568,153.60426645127234,150.59296910359822,151.8545736703782,404016
2015-07-07,STK_00,152.96013458902885,154.07172304343706,152.36515936338145,153.20758469617056,988229
2015-07-08,STK_00,155.88770602721803,155.95090754528195,154.7649049321114,155.78307202057368,416425
2015-07-09,STK_00,163.09778552038856,163.46447810785776,161.77857748868678,163.33502739876866,633930
2015-07-10,STK_00,165.6261322023896,166.93848407566057,165.364141276822,166.40936249974555,924234
2015-07-13,STK_00,165.6228727777265,167.2138995332631,163.63550919980509,166.43508735306344,168096
2015-07-14,STK_00,164.5765822593057,164.9969997724043,162.80571512616058,164.89601978945484,127648
2015-07-15,STK_00,170.82333002846673,171.96121095675656,169.12969919523692,171.8200811355096,379788
2015-07-16,STK_00,167.30589274804328,169.28375494156046,166.64876650550127,168.91683654494352,213113
2015-07-17,STK_00,165.61227965679157,167.53285148703827,162.3186962102381,165.46254658540957,935385
2015-07-20,STK_00,167.31285532507536,171.64413412345206,164.09243536249724,166.5672729116266,884042
2015-07-21,STK_00,164.1392590347103,164.52335086155733,161.94622252444609,164.25875389863754,203899
2015-07-22,STK_00,163.71667883168146,165.26432494934852,161.08283854513917,163.0091190248146,284313
2015-07-23,STK_00,168.77927241731427,170.94339530472058,167.77231950845697,169.82067739636418,452759
2015-07-24,STK_00,169.80284289838343,170.51536061534694,167.4279095545281,169.36871864143654,751462
2015-07-27,STK_00,169.48327193878887,171.01601003602184,167.885023021378,170.30582418665202,87369
2015-07-28,STK_00,168.38460201951963,170.69579808238916,168.2391428810334,169.7272392878628,682627
2015-07-29,STK_00,170.63528985359923,171.7821846146116,168.08077834712066,170.67308297122824,478443
2015-07-30,STK_00,168.88405285056245,171.47417789417915,168.64342472376737,168.8390361883316,731943
2015-07-31,STK_00,169.90911817496033,172.17578615278597,168.6699660157365,171.70510213287872,239008
2015-08-03,STK_00,175.22768540021056,176.53256570050792,172.4110527835521,174.7082013196068,909934
2015-08-04,STK_00,178.51303107264465,179.99962455777376,176.8547661137982,178.83559868377554,879503
2015-08-05,STK_00,180.27577823200718,181.62880697512338,179.18964032964348,180.5141589199366,798747
2015-08-06,STK_00,179.33509429763254,179.57904422254467,177.4954073422672,179.47056847709078,194330
2015-08-07,STK_00,182.74822380850625,183.02327020075055,177.45463066515572,180.3072466254033,30531
2015-08-10,STK_00,178.889918970607,180.1877155897072,178.53916209688649,179.8485287581105,919175
2015-08-11,STK_00,181.61100525483212,184.1797248424909,178.73539973093688,181.2295357761249,278938
2015-08-12,STK_00,181.28710717505373,181.51018395889912,180.02235838428496,180.25630505127626,687388
2015-08-13,STK_00,178.7519666347855,180.30139015890342,177.0434268329963,179.52302619697778,19657
2015-08-14,STK_00,183.17919225922063,183.90129467844693,181.09857435683784,181.99829719627797,129044
2015-08-17,STK_00,182.11901635204177,183.3745059513677,180.64079783748602,181.1029997229865,87547
2015-08-18,STK_00,179.4576000839871,183.99925697635896,172.87819665585258,181.560597838593,168413
2015-08-19,STK_00,181.60463021705715,182.0717888987002,181.24360413519545,181.72681558944134,80597
2015-08-20,STK_00,187.95576294595608,191.03872721639064,185.79893529488857,187.54085810324707,966975
2015-08-21,STK_00,174.18883168009194,175.96474490185796,173.4223940416972,174.8732548403753,890643
2015-08-24,STK_00,174.7186902436612,177.89924225867318,173.84761417512794,175.5748503317083,537786
2015-08-25,STK_00,169.09965013336873,172.73960563393285,168.07163919412505,170.29730086484813,953719
2015-08-26,STK_00,171.44873308590294,173.0527514666058,171.20276453207427,172.26170083417736,8273
2015-08-27,STK_00,171.7376337343583,171.97369358236796,171.3793999991347,171.39537519540247,650637
2015-08-28,STK_00,176.86560870849434,178.30077996799866,175.28635474872908,175.33372963721754,210218
2015-08-31,STK_00,170.1072578022402,170.33264158797707,168.39084559864634,170.10144845446675,214880
2015-09-01,STK_00,172.7880590714839,174.05482756495363,170.85050609522983,173.69348320661214,898010
2015-09-02,STK_00,170.94882199540885,171.4534401751309,167.52893748560092,169.7050508111498,112777
2015-09-03,STK_00,169.18056852912852,173.19915817106875,165.5810207353999,170.50826772190214,898721
2015-09-04,STK_00,173.81064028473685,175.93900832930697,172.91587753665596,173.60145721609751,471917
2015-09-07,STK_00,176.91613512995954,177.79724287479476,174.38439079374456,177.00967154772442,493920
2015-09-08,STK_00,179.45728603249563,183.2304762338928,177.8553758480285,179.3265144586837,841761
2015-09-09,STK_00,177.6470199852852,180.16617210029358,175.92952685668354,178.85109338499856,443084
2015-09-10,STK_00,177.00486983746887,180.88280380852444,176.27732329824528,176.79468264716715,635305
2015-09-11,STK_00,176.27922607241112,176.64194375728587,174.8602510554645,175.7681289205724,402338
2015-09-14,STK_00,169.77089841275807,172.11542146177666,168.738648427256,170.2792107293658,512506
2015-09-15,STK_00,167.94497960380247,168.90618866036303,166.9032417048771,168.01542597166258,81152
2015-09-16,STK_00,171.55700418348587,173.2865080669136,170.4569450495264,172.27503959973126,895363
2015-09-17,STK_00,175.59794726349827,179.91192435491234,174.12213321148266,176.12664035169504,256201
2015-09-18,STK_00,177.90012073057494,179.2161165262511,175.65204713868687,175.96455261748517,88616
2015-09-21,STK_00,175.39356069592856,177.09229261748618,172.62768998382515,174.88368948183435,291205
2015-09-22,STK_00,177.66312034275387,178.80675369970385,176.04562533087196,176.51724720571298,463291
2015-09-23,STK_00,170.4426461550997,172.50844205973254,168.47671814864813,171.1412939695791,987345
2015-09-24,STK_00,172.0364012230503,172.42661632495893,167.66547869929948,171.3497807656665,890039
2015-09-25,STK_00,174.85009467862093,175.13087588989643,172.79300591578175,173.82246021073766,81463
2015-09-28,STK_00,171.31346158789196,172.47932166075367,171.2320459067431,172.36901742689096,624743
2015-09-29,STK_00,173.97754681502056,179.4088746151419,170.61787918450227,175.45483209734283,987809
2015-09-30,STK_00,177.95685325861493,178.49986745463997,177.79041376303007,178.3616549607061,71695
2015-10-01,STK_00,178.79819011016647,179.71425507709122,175.58342472080795,178.57350935139164,975702
2015-10-02,STK_00,186.09693595980215,190.44686226312672,183.3460537661113,186.3197681808533,381439
2015-10-05,STK_00,192.81094494136698,194.28445949202953,188.87303418281434,191.44220679842587,678327
2015-10-06,STK_00,189.52759127134053,191.29306399680655,186.08580411703383,190.3054808656902,483869
2015-10-07,STK_00,192.72942794374163,194.53821559916605,189.94280398631082,193.27213193377784,20212
2015-10-08,STK_00,199.49980576596715,200.84058935911938,197.6139043796858,198.82148529598896,547188
2015-10-09,STK_00,198.19031076295374,200.9797563042175,195.6210909951179,198.39947230315548,45134
2015-10-12,STK_00,196.47991465195616,198.7524212497375,195.9186484673833,196.57660975770372,449564
2015-10-13,STK_00,193.9130766719266,195.20993787703304,190.56542582951624,193.00123060181764,805935
2015-10-14,STK_00,190.2174452098331,191.64245239853517,188.18079024578833,191.15754249814182,575632
2015-10-15,STK_00,190.22614008030487,191.08110360453838,189.19170321961974,190.44618050841868,551128
2015-10-16,STK_00,189.77230958963727,193.2282719789799,189.00669083447616,190.95985060264206,435730
2015-10-19,STK_00,200.27370579598332,200.89566511342503,198.77124343322683,199.08642117197076,912201
2015-10-20,STK_00,201.00058614999688,205.09644194694158,196.79466577874055,201.24333313061993,600725
2015-10-21,STK_00,196.91439398552345,199.24795044555893,196.67786801760016,197.61790028666005,800554
2015-10-22,STK_00,198.94220813711027,199.44795630173664,198.45988577336223,198.98973800960894,786904
2015-10-23,STK_00,202.2499635719836,204.52096660317503,196.70542361950243,200.8950667008707,267586
2015-10-26,STK_00,201.56247873925304,201.96106660643235,199.08770130958897,200.9597087004904,953022
2015-10-27,STK_00,197.40348805381475,199.3070812753499,194.95048508064363,197.62276157674256,683698
2015-10-28,STK_00,202.06354642179195,203.15710004263556,199.6924919149087,201.79448303661516,35921
2015-10-29,STK_00,202.06439150084114,205.875657499464,197.70288286680264,202.47380360138564,693331
2015-10-30,STK_00,199.28429592323596,200.96219060696401,198.6892410073072,200.0149520311921,483808
2015-11-02,STK_00,200.9657267203259,203.45949287695905,196.69438480153104,199.7429525501744,244187
2015-11-03,STK_00,204.0331963495188,207.45755871735028,202.6155692569573,204.27048634010998,412440
2015-11-04,STK_00,198.58587367411374,199.68328580331027,198.3576007039319,199.1693882275943,932463
2015-11-05,STK_00,206.3478031966646,206.90646621050112,201.0685725359343,205.17690473144577,905047
2015-11-06,STK_00,204.25375449853493,205.75971885372695,203.21948867415597,204.8437964794163,841172
2015-11-09,STK_00,196.18904747572034,197.45476295291428,191.96641714869648,196.61828003038585,802685
2015-11-10,STK_00,193.74753260182666,197.29520877371704,191.42378200601766,193.4459459846053,872103
2015-11-11,STK_00,199.18249097061917,201.25697695790694,196.25575119468678,199.40099668566089,847696
2015-11-12,STK_00,201.9235552313385,205.63769821860004,198.4963290746808,200.89126136664171,868586
2015-11-13,STK_00,196.35389685701995,199.6471655507784,194.0248736568404,198.7922753429081,982831
2015-11-16,STK_00,197.9672791714488,200.72438338459924,197.76108876027166,198.76890885148575,954504
2015-11-17,STK_00,199.10123669480143,201.2088078848598,196.7121823134237,197.4294098653069,857439
2015-11-18,STK_00,200.98936890751622,204.97670085858155,199.8192796430458,201.47830481088639,991359
2015-11-19,STK_00,208.22964709608627,209.40842857921703,205.56493884006866,206.8612311549505,464515
2015-11-20,STK_00,211.83563287413415,212.11319875086323,210.00468989832808,211.8033077428791,780639
2015-11-23,STK_00,213.31276926047764,216.08859344819896,212.29794006978076,212.57296595713825,420719
2015-11-24,STK_00,207.32318524835262,209.89809831975035,202.70723823689707,208.06377501072143,52606
2015-11-25,STK_00,204.44311690591837,206.02186589614595,203.3657677125785,204.75026788161077,503850
2015-11-26,STK_00,205.20433380349436,207.3262406584001,205.17761895871755,205.33483114668158,856812
2015-11-27,STK_00,205.80120089064008,207.0610560984375,204.6019603070279,205.04864460489202,807758
2015-11-30,STK_00,201.5018694055827,202.77355075552722,200.42728030119184,202.56432294915328,542533
2015-12-01,STK_00,195.92324197222695,197.27836236158993,194.70109060461377,195.42885725749613,920371
2015-12-02,STK_00,192.06850711591048,192.53273452042708,191.51569367827454,191.55911021593957,49683
2015-12-03,STK_00,190.56803459326466,195.0532806606005,187.67671219728697,190.9309682408178,881513
2015-12-04,STK_00,190.46047258130713,190.51124771278978,189.87870618860427,189.95317280405519,515446
2015-12-07,STK_00,188.42109408273083,188.8038001062244,186.6177956751916,188.6950876516114,933504
2015-12-08,STK_00,190.07820823194436,191.9686678526345,188.60967890693152,190.5634251633642,978734
2015-12-09,STK_00,187.17933190129634,187.82858964288704,185.99962609675902,186.19597948074045,279463
2015-12-10,STK_00,193.36114501270734,193.46390605141153,189.61293967345767,193.03432774277533,590852
2015-12-11,STK_00,199.73462163443932,204.47779205033265,198.9012566053851,200.88877866727077,796448
2015-12-14,STK_00,198.0987548405197,201.16414718531468,196.8838752406911,197.6472121414481,291815
2015-12-15,STK_00,195.41029121492508,195.87361047506062,193.86158168396562,194.37523245070025,789757
2015-12-16,STK_00,194.54574289750957,196.49389593743916,193.4653194752781,195.8092647441609,139133
2015-12-17,STK_00,194.27912353399705,195.12543005104126,191.80558328325256,192.71812544917802,78723
2015-12-18,STK_00,196.3499483298249,196.66757393704643,193.8440572460068,195.82426669373172,198414
2015-12-21,STK_00,197.46133320231084,201.08133660337452,194.12587978752154,196.7199935286292,10483
2015-12-22,STK_00,194.74648324036121,196.3800141620828,194.39832684031092,195.12213819898878,118730
2015-12-23,STK_00,197.33305953454243,199.43616738174413,195.10526615432434,196.63932618653791,28341
2015-12-24,STK_00,197.4228947537185,198.24293164485496,195.4405086905929,197.1268961168393,709717
2015-12-25,STK_00,195.71961112645076,195.86779491730653,192.10866265606865,194.52445679572173,835226
2015-12-28,STK_00,198.27851428518565,200.01971180612514,198.03574538805466,199.58611329636315,413707
2015-12-29,STK_00,199.16200838057696,201.60069520198806,194.11271560824494,198.00011365292517,303231
2015-12-30,STK_00,203.89084616685128,209.32099416815285,202.97406778951736,203.82747607335844,517986
2015-12-31,STK_00,204.52800560767434,208.18069527491616,203.83431225961922,206.08979135592898,194716
2016-01-01,STK_00,210.92143590685646,211.68224039010096,207.12573977783435,211.5602903599571,99493
2016-01-04,STK_00,213.54209063561794,218.74051643059028,213.31590141163866,213.35092771455245,815603
2016-01-05,STK_00,210.29582304825507,213.6136866556153,209.07885675132366,211.14255104659838,342114
2016-01-06,STK_00,208.5102950672707,211.0437457338064,206.25204654387997,207.15125361832315,936036
2016-01-07,STK_00,204.35334540799144,204.4871158772761,203.49133170282306,203.8881715422911,922981
2016-01-08,STK_00,207.10999819923788,207.71275237303345,205.9116216329186,206.7519649436911,546512
2016-01-11,STK_00,199.98425359355792,202.48818846788618,198.93167975070048,201.75213028525033,819618
2016-01-12,STK_00,203.57862973225252,203.8818845972062,199.53831479740762,201.27145407032398,904266
2016-01-13,STK_00,197.25631144765137,198.20239475363852,194.97969792541392,197.02603900692452,433761
2016-01-14,STK_00,192.17666749039165,195.53135764676412,190.1216897690304,193.74107963416517,911455
2016-01-15,STK_00,200.3815947002105,200.79676656606395,198.95808841382043,199.60141192754025,915158
2016-01-18,STK_00,200.63294851178298,201.65114474622453,199.4078523169694,200.1999656975478,412590
2016-01-19,STK_00,204.4571877995901,206.85025257341528,201.77450662664785,205.67176419894997,33370
2016-01-20,STK_00,208.2780030070832,208.40001391930932,207.21933304113128,208.3034139441614,374877
2016-01-21,STK_00,208.78872150514385,210.77732026486143,207.9728873454807,208.3974741930916,698514
2016-01-22,STK_00,200.7540522422265,203.1472908236066,198.8482928645548,200.42644328378952,845013
2016-01-25,STK_00,200.8221788112104,201.25624650233536,199.31646847013118,200.57949584197988,974310
2016-01-26,STK_00,197.935955542655,199.50392097554007,196.93640487076692,198.60206623145214,883271
2016-01-27,STK_00,200.89351103810276,202.43674107912344,199.72493177203285,201.2349977830352,523364
2016-01-28,STK_00,196.64174038799706,199.03963113419982,195.44569704171448,196.96529926475955,384635
2016-01-29,STK_00,200.347778269408,207.72312839736352,197.23559975404825,201.07632778928615,238685
2016-02-01,STK_00,196.75773050042082,197.0276491549598,193.46370838191368,194.7037592035256,99048
2016-02-02,STK_00,195.8745232484839,197.45171068930443,191.73731104102782,193.16545895117503,83911
2016-02-03,STK_00,198.6639804976537,199.59040952650759,198.3095140816251,198.79292045431822,253932
2016-02-04,STK_00,197.1643750584809,198.15476353361186,195.8360159835467,196.57719426929754,25396
2016-02-05,STK_00,198.4913744735467,200.9855743883385,193.61870907443947,197.93121307900975,712274
2016-02-08,STK_00,202.09538162370868,202.48289671376205,199.50710305787868,202.2581912730394,751385
2016-02-09,STK_00,201.17884910574182,201.48880220361931,201.03120469625708,201.11639722434717,891661
2016-02-10,STK_00,203.22856752177424,205.88700965690424,201.36763942027494,202.46784907721818,812712
2016-02-11,STK_00,199.6170642992836,201.21506243247475,197.52732880486639,200.99800616393995,271933
2016-02-12,STK_00,207.86586166369077,212.9681672370464,201.57748563221395,205.69686734119097,159417
2016-02-15,STK_00,198.60660361582006,200.09103589582622,198.28850250966303,200.03909926688706,247778
2016-02-16,STK_00,199.44921957178633,200.32556623635685,199.4095108683346,200.00932624563748,497756
2016-02-17,STK_00,201.72350349518788,203.82964340923365,199.9724826124154,202.00039685356364,977845
2016-02-18,STK_00,201.25055068387343,201.70145212753428,198.29206829332975,200.16368515438649,463115
2016-02-19,STK_00,198.41484699866422,199.78917813412184,194.0255282587482,199.42148796081355,669089
2016-02-22,STK_00,199.74644373143798,204.3346467111009,199.26741093176764,200.57925182269716,209434
2016-02-23,STK_00,203.58176489109093,203.95201497188626,200.43662863598928,201.4361872159429,894807
2016-02-24,STK_00,204.6498270907523,206.2061632510705,203.59522244774163,203.81360294132983,701709
2016-02-25,STK_00,200.67588743484737,204.81271092464414,200.1380751831077,202.7219950512786,157263
2016-02-26,STK_00,201.78847371358836,204.00082332665795,199.41736811235606,203.44800486494378,190310
2016-02-29,STK_00,201.6824890520004,203.62365743600256,201.52175845182308,201.94443528807867,169604
2016-03-01,STK_00,201.07386663826267,204.58036343530642,200.2832934219598,202.3594621485172,15072
2016-03-02,STK_00,201.2730451345056,203.14248085308944,198.92823756952416,201.89917255551734,210299
2016-03-03,STK_00,203.94456950162473,209.01801836162934,201.77094653536244,205.35315927003938,930519
2016-03-04,STK_00,209.18413848778675,210.63239325697458,203.05577668707483,207.50739621122077,870316
2016-03-07,STK_00,199.00006752397437,202.15761683860964,195.5058764379299,199.9713898505376,143123
2016-03-08,STK_00,199.75530949535303,200.90457847734032,199.1698833351886,200.75796262646915,398069
2016-03-09,STK_00,198.6051280215085,200.92060780686134,194.995070834406,199.1431989369886,642755
2016-03-10,STK_00,194.5093196520317,198.1563753195502,194.23273640590372,195.5399405712407,61590
2016-03-11,STK_00,198.6477670343392,198.76107330280195,197.56089274901754,198.52543936959546,781316
2016-03-14,STK_00,196.5809145836156,199.1773087975447,195.35464607421,197.86661152426282,530480
2016-03-15,STK_00,194.0593914980517,196.9923374683761,191.8208379418431,194.79859251960798,412687
2016-03-16,STK_00,195.42914233088953,197.2527718672373,194.69855249799514,195.25175396171022,214668
2016-03-17,STK_00,194.70167998827054,195.05499681102765,193.81109217664692,194.3876761544915,839785
2016-03-18,STK_00,192.05519333908768,194.65813413027962,191.51361093988206,192.70433041905306,343745
2016-03-21,STK_00,191.78056765967494,194.4175840560576,189.5929978118342,191.99758579701748,668896
2016-03-22,STK_00,193.8318216230037,194.75653546693687,192.70363877115557,192.8195947791767,730592
2016-03-23,STK_00,195.47713736239749,196.500120248819,194.2791490192645,194.6803639785143,880173
2016-03-24,STK_00,189.7711519422066,192.42916340974728,187.3861858144492,189.8258694593264,125190
2016-03-25,STK_00,188.83768015348795,190.6384765479293,187.90936159861891,188.4662419762241,282242
2016-03-28,STK_00,187.61780455863234,188.69639156887084,186.59942070655595,188.24000018014559,419670
2016-03-29,STK_00,184.05972199196634,187.42592176440866,183.13904237744543,185.27963482213252,539726
2016-03-30,STK_00,182.0471647702584,183.64506246934238,181.96779739074924,182.33653090041372,745592
2016-03-31,STK_00,185.65728881658004,188.6133340299524,183.7355299604944,185.9987384215694,381918
2016-04-01,STK_00,193.26751466455949,193.99667852134021,191.46353716793237,191.7844820449048,695627
2016-04-04,STK_00,192.8555967770308,194.5662395390364,191.25134279338377,193.7347236566962,390524
2016-04-05,STK_00,194.70020914749563,195.8923058164532,193.7084304891226,195.05622370118266,420220
2016-04-06,STK_00,194.07390545460112,196.41400263566337,191.98239048300016,194.10978159270758,585949
2016-04-07,STK_00,197.79680656711216,200.00869385981633,194.59840057965593,199.84009348702028,856981
2016-04-08,STK_00,198.91168880398897,202.24544656860644,196.68232710246528,200.01818492549515,608378
2016-04-11,STK_00,204.41872187317063,205.7671323334121,202.26624999405493,203.4270629862339,163897
2016-04-12,STK_00,211.35179877962346,214.43161335572685,209.77423388898407,209.96857599212683,71964
2016-04-13,STK_00,213.48847999774438,213.61362456934563,210.92762641090746,212.4115075160903,156264
2016-04-14,STK_00,217.38759738226176,218.49261909408474,215.6411503559303,216.4119477163333,221500
2016-04-15,STK_00,212.05728643500626,214.61896958309316,211.6170083818091,212.46939286145593,149520
2016-04-18,STK_00,209.66743459211304,210.81649560112504,205.3378268658842,208.11736041046458,532678
2016-04-19,STK_00,212.23603732629954,216.60461509515395,211.93950524904272,213.13193761846222,122765
2016-04-20,STK_00,211.76713931748662,214.24556175057563,209.82083998180872,212.27606209671558,710827
2016-04-21,STK_00,213.02594246323983,215.38600582294495,212.58738685855732,214.3684827179886,848384
2016-04-22,STK_00,223.9022644476546,227.58050598535544,222.71630137421894,223.42966704888178,484665
2016-04-25,STK_00,233.07442321206727,235.52999701400745,231.8088757601992,232.13504916137126,26195
2016-04-26,STK_00,240.88015990182774,245.23855472470225,237.75806270045504,238.0522974295353,827561
2016-04-27,STK_00,237.75569206443447,240.6903286632545,235.97292601071044,236.41806138601072,75100
2016-04-28,STK_00,235.44160781420692,238.50146408487998,232.39803227847472,234.20824802116013,996375
2016-04-29,STK_00,234.16011968056083,237.94674885687414,233.120745441964,235.82773092846415,236752
2016-05-02,STK_00,238.79618049235958,240.00832689461419,235.38843877125797,237.70575077003878,211492
2016-05-03,STK_00,235.01321603428426,236.8911439643291,233.3767528651287,236.3199779653173,166968
2016-05-04,STK_00,232.94244450566757,236.32021621145878,231.08687705398629,233.33999515363087,970618
2016-05-05,STK_00,234.57205409603856,235.49196480284533,231.2357643848472,234.93451015547788,843458
2016-05-06,STK_00,232.3968494802939,232.70270966948044,229.90338486743605,232.05188726832563,277139
2016-05-09,STK_00,232.90296169956073,236.01278824955588,230.46102927306507,231.10134804087534,785031
2016-05-10,STK_00,221.56433684668232,225.11822755142288,218.30978011956591,223.2500712890157,862604
2016-05-11,STK_00,229.67407376463973,230.19731081307395,227.08456108954962,228.48048924868198,394194
2016-05-12,STK_00,230.4903759640349,230.62130701291454,227.7593669978792,228.31799367069013,685447
2016-05-13,STK_00,223.06941464744227,226.45681625844222,222.11634956065646,225.2002055362987,616120
2016-05-16,STK_00,219.0209050361362,219.5800463824161,215.8996176304856,216.60509004052315,107850
2016-05-17,STK_00,219.4862486471503,220.11589350353742,217.21143536816905,219.82117736469175,702532
2016-05-18,STK_00,226.55214265574241,226.9636853415794,223.87231876441425,226.48642721934323,840155
2016-05-19,STK_00,220.94535107755382,222.6988152507832,219.90330205549748,221.89470938882127,83261
2016-05-20,STK_00,226.08655727225,228.32502013710743,224.41355094812474,225.7432428222748,903720
2016-05-23,STK_00,231.9631734855928,234.34843442617324,228.44034918330516,231.35469623666282,393654
2016-05-24,STK_00,230.26135790207022,231.75673797520187,226.8093388288552,227.26221772415516,330853
2016-05-25,STK_00,225.15997401259506,227.37996133160004,222.34175545217303,224.65717557059463,240322
2016-05-26,STK_00,230.5834504826365,232.2525847053621,228.39349377986272,230.79065400424642,908321
2016-05-27,STK_00,236.62051648479934,237.42125302235092,233.4511209859773,237.06136784168282,989555
2016-05-30,STK_00,243.95839568430546,244.76950382609027,240.14151669608333,241.04821110946398,934253
2016-05-31,STK_00,240.12449970351634,242.613123045116,239.45278409020258,241.5618411958578,837464
2016-06-01,STK_00,248.23506055286364,250.50682027643438,246.6336788544636,249.2767264966463,836505
2016-06-02,STK_00,259.66889715095283,260.9046718550624,254.24229615631432,260.18227489085797,622245
2016-06-03,STK_00,263.6535923448872,266.8179301958005,261.2893417476128,266.0375623026159,755967
2016-06-06,STK_00,267.4509491551435,269.53326682147474,264.8800102244949,266.2330049538522,891911
2016-06-07,STK_00,262.83831449222066,267.61415878316154,258.8617283742015,263.7559719737146,768116
2016-06-08,STK_00,262.1959691476073,263.05245775821436,258.8216840726345,262.81801468560326,768094
2016-06-09,STK_00,254.13472308846707,254.2201850174942,251.93802626337913,254.0618543404371,780307
2016-06-10,STK_00,263.8608979730094,263.90936725081644,259.68035961419,262.3487015336529,539936
2016-06-13,STK_00,261.6632228246342,264.68428669985053,256.772877103128,260.66940804279557,981249
2016-06-14,STK_00,265.9005683499134,270.4849214525925,264.7468166845101,266.89950857679486,819862
2016-06-15,STK_00,266.4907882055149,272.76138256977066,264.16672996198326,269.02190833447304,991290
2016-06-16,STK_00,272.3162751508487,274.991317641369,269.27692613374035,270.92619082227355,10874
2016-06-17,STK_00,263.8639645165636,264.5403752714323,261.8538766032125,263.373656559102,780896
2016-06-20,STK_00,256.5911446772652,258.62086500893474,255.63286942492678,256.9803032424147,462879
2016-06-21,STK_00,258.292317175523,259.21467293742893,253.37170838725967,258.6659163975328,757745
2016-06-22,STK_00,262.24732243441366,262.6115221510973,260.79206808400636,261.2065847441643,8911
2016-06-23,STK_00,260.50236112794363,269.6449778150549,258.3352765740029,261.6151999627508,288275
2016-06-24,STK_00,256.9978638404095,260.7153471404792,256.20082932466164,259.00101551227397,124430
2016-06-27,STK_00,260.8336953321941,264.23840550441315,256.94144892595756,262.42767847470077,54332
2016-06-28,STK_00,255.33698211270936,258.72713986316165,254.4922061772671,256.98321883535647,615735
2016-06-29,STK_00,253.81259215869719,255.1655493316364,252.02281659599512,253.5575991590133,727706
2016-06-30,STK_00,254.49705906766889,256.876597524439,253.19919102134963,254.21935325347886,505371
2016-07-01,STK_00,255.0971469191202,260.46970403430436,254.88388387351392,255.25092595650776,184657
2016-07-04,STK_00,254.34077709771668,256.8464710399519,250.42018816030148,254.85823875635458,547883
2016-07-05,STK_00,247.6834758873168,249.23341725238234,244.39997844153638,246.40447264893663,684736
2016-07-06,STK_00,247.83620300615783,252.10629058488206,247.63619764905914,251.4636198177708,31887
2016-07-07,STK_00,254.1499135516951,257.0185910337953,252.22169579746222,255.00581388905601,307470
2016-07-08,STK_00,251.32931826827385,252.38198479254825,250.7435304460308,251.6042802241233,261572
2016-07-11,STK_00,252.1807282864229,255.40357982067374,250.5370409600539,250.55383426813168,441159
2016-07-12,STK_00,250.4510079529761,253.0630941563298,246.59692592643577,248.59403962161247,915561
2016-07-13,STK_00,250.60007833374004,251.4665530264731,250.40185068925723,251.41997704341222,20123
2016-07-14,STK_00,258.60057711333997,261.4500387024423,256.474048776923,256.94855110609484,379429
2016-07-15,STK_00,268.64179874833474,269.4850211597161,263.2169232897324,267.0095400870875,789215
2016-07-18,STK_00,264.18203360167854,267.60137413325276,258.4478437565995,263.09417589010997,192210
2016-07-19,STK_00,265.42645303600835,266.0914519228756,264.35477708988884,264.5799757829031,221151
2016-07-20,STK_00,262.7421327567538,262.9111165127879,260.7494497444113,261.72872409568976,66786
2016-07-21,STK_00,274.2972031743047,277.6019875750501,272.18368134042305,275.7660839477151,50177
2016-07-22,STK_00,280.1793317607165,281.86114414713313,279.20647790301894,281.3942537058018,244236
2016-07-25,STK_00,287.555011586988,290.8636817140151,283.02003809082504,285.112345778742,734329
2016-07-26,STK_00,285.7941533354151,285.8019297726502,282.17278981942445,283.392479712729,490117
2016-07-27,STK_00,278.79864665196413,282.09919614619656,271.71052693809145,277.23700397328196,13432
2016-07-28,STK_00,275.58410870862843,282.8819915902798,273.9172735565275,276.1321984362007,960705
2016-07-29,STK_00,268.30855882932093,270.5457611081627,264.9752724410863,267.23335191374156,448200
2016-08-01,STK_00,269.48125461532095,270.6646790341721,264.9065949639624,268.9900043734598,519497
2016-08-02,STK_00,274.8072748031007,278.0693890334616,272.0711710115875,274.89447912722113,181283
2016-08-03,STK_00,269.8139988722518,273.42143687600594,267.7565334810681,271.9396780306075,992900
2016-08-04,STK_00,273.8224416288866,275.1435383939289,267.63311591066093,271.9921708109233,383967
2016-08-05,STK_00,271.21488238621527,271.2705790070551,267.01234336431395,269.89000018296355,244203
2016-08-08,STK_00,271.15335781102016,275.15545102218084,269.87242859082295,270.6448096497472,909089
2016-08-09,STK_00,281.57677882869456,282.4924133221275,281.3995074883733,282.0177102804065,440709
2016-08-10,STK_00,285.12487766730146,287.582804056177,281.7204394024284,286.27567455346326,963368
2016-08-11,STK_00,275.7437468194618,280.96372965959245,275.20460935678324,278.2513928810678,315398
2016-08-12,STK_00,266.8279945077841,270.52953904522366,266.7955148352049,270.352187373745,177996
2016-08-15,STK_00,262.9381323566102,264.10637892982805,261.63687483925446,263.83123895005826,305112
2016-08-16,STK_00,262.09946990716895,263.93797057137624,260.1528089033336,263.5386641592102,194427
2016-08-17,STK_00,264.3760799616093,266.17557572532496,264.00747313427036,265.91588781494244,897644
2016-08-18,STK_00,263.3896871273218,266.9912573511534,262.8604390429626,265.20468569475037,832790
2016-08-19,STK_00,266.9739472787235,268.13219081233086,264.34076245324974,267.91959189256045,225765
2016-08-22,STK_00,270.774160441267,272.843741209728,266.8591271569313,272.8303531302321,518855
2016-08-23,STK_00,280.35481755174897,283.0817489078551,276.0307873699124,281.37506022679815,698120
2016-08-24,STK_00,283.81194259134793,284.2352189667257,277.6115148025722,282.4928309662237,508097
2016-08-25,STK_00,280.7320358768893,282.5761374156697,279.10721582859856,279.1954373550081,376079
2016-08-26,STK_00,280.063771626577,283.18611426547966,278.8606680930711,280.792858175744,502981
2016-08-29,STK_00,278.99153948762836,285.62359965261345,274.4124529236159,280.5985315309605,909062
2016-08-30,STK_00,279.6942393114966,282.20442288135325,278.406465943317,279.7617150122172,447735
2016-08-31,STK_00,279.52983546279586,280.20652101415163,272.2565127229292,276.9280721674526,516462
2016-09-01,STK_00,275.29646362015285,277.1398953233382,274.96353623231147,275.6160358574139,362597
2016-09-02,STK_00,273.83576081557294,277.34640752665047,273.5386920542112,273.8878460009373,161733
2016-09-05,STK_00,276.0777409000238,278.70050706634015,272.1296930969716,275.8784657094887,33991
2016-09-06,STK_00,276.4709950024283,282.02102252048337,272.9937411746675,280.2592326918711,591540
2016-09-07,STK_00,296.4450402657604,298.1453547854904,290.821064259564,294.57058168212893,263076
2016-09-08,STK_00,293.1831442915431,298.04443194673854,291.41662501050837,292.2056843647385,176409
2016-09-09,STK_00,297.6631982820756,298.33903163199926,294.9001700078163,298.2573454312744,988105
2016-09-12,STK_00,299.32286767530627,301.4532678931058,296.7231438715624,299.4805535543907,606878
2016-09-13,STK_00,293.21552126301214,295.31285574221914,292.28385670762503,292.6991522147727,841690
2016-09-14,STK_00,291.0938171918766,294.98422275223174,286.8463805246208,290.9875328826479,414087
2016-09-15,STK_00,286.31814654659337,286.80526563468504,280.865291359661,286.59368562779963,86550
2016-09-16,STK_00,278.5653476004167,286.5604270366666,274.5964689143576,281.44557574584053,746782
2016-09-19,STK_00,283.5846400697532,284.438425104331,279.5098039898167,283.5535058302913,132238
2016-09-20,STK_00,289.52846401064755,292.0621843115514,288.6869887821989,289.67025406533077,90251
2016-09-21,STK_00,296.1452966695502,301.4718599910053,288.6218918496097,293.01662312274715,857713
2016-09-22,STK_00,285.7560568998936,289.1545479690436,283.5454016814547,287.63180328847017,11413
2016-09-23,STK_00,293.0887654099685,295.7783555854211,287.83805172832564,289.14440575650394,659641
2016-09-26,STK_00,302.0040642894533,309.50093361049966,299.98432850496346,304.2470536022869,898889
2016-09-27,STK_00,300.9674798553127,305.1999896548123,299.2265682001863,299.9170967182667,340256
2016-09-28,STK_00,306.56368696732943,308.3331380226884,305.24157669911756,305.62773388003967,46305
2016-09-29,STK_00,299.481868552206,302.1578777369235,299.0013872738485,300.01711527102657,316530
2016-09-30,STK_00,307.96921331880503,309.90765526096504,306.5852047829493,308.6362741439527,921234
2016-10-03,STK_00,317.7291634506061,320.880857715496,313.68202837455874,316.45556355661097,443321
2016-10-04,STK_00,308.27289725075883,308.52940769324937,306.583419913423,306.9779581632089,743391
2016-10-05,STK_00,302.80252339127173,306.6343262411732,302.73959997366575,303.8932425881327,728928
2016-10-06,STK_00,291.9178467604214,294.38998263163234,290.5431777070181,292.9153877820063,588532
2016-10-07,STK_00,287.04994574951775,288.3467741227809,281.1548364527676,284.4296889243514,539944
2016-10-10,STK_00,285.2789762021825,287.0120623928689,283.8108482664072,283.8133805495551,297654
2016-10-11,STK_00,293.2321832798431,299.73653895180524,290.06934280724516,293.8469633532813,765189
2016-10-12,STK_00,281.9773514567904,283.51810915221023,280.7045274501569,281.9453808176036,932632
2016-10-13,STK_00,274.758561206867,281.5868692323485,271.42448359571586,275.41404099429417,458387
2016-10-14,STK_00,269.6970252704554,271.3116006544659,266.3671443387335,268.3498955794767,666145
2016-10-17,STK_00,257.7836802455369,260.99363567341965,257.756896965389,257.8924503854599,94625
2016-10-18,STK_00,254.3699749194934,255.35906259135047,253.67373056091333,253.81898826607642,387775
2016-10-19,STK_00,252.0467955480573,259.6195862244148,249.22476101235105,252.33248948048157,635427
2016-10-20,STK_00,254.6147748217347,256.19773252431156,250.6090626414583,255.1754296104088,702387
2016-10-21,STK_00,250.1175491382909,250.2663031042902,248.29423531905675,249.8002416953506,469902
2016-10-24,STK_00,256.87103327280505,257.6405631826205,255.01232634677376,255.6347207347153,41312
2016-10-25,STK_00,254.33657672498475,256.0818069686293,252.109093472465,253.72759544583135,109476
2016-10-26,STK_00,242.41010563823377,244.21319158230295,240.08018550932016,243.06345613036294,646748
2016-10-27,STK_00,241.9302453060226,242.9908388359608,237.2476330826698,240.399574716794,773562
2016-10-28,STK_00,231.91970449528867,234.3637579728683,230.00174215071428,233.80028043337097,80117
2016-10-31,STK_00,228.0840685778033,232.36598410417048,227.35442873810106,230.00688528051464,339443
2016-11-01,STK_00,228.39643120235024,231.8937129759553,227.3296098892841,229.15669212231865,915602
2016-11-02,STK_00,237.26844225473073,238.818456284386,234.83481151649383,237.08171828220708,818463
2016-11-03,STK_00,246.57787918010035,247.17927365227112,244.32652780052607,245.2093024488997,979229
2016-11-04,STK_00,242.5731214805742,244.67178930193757,238.4232995672392,240.89241148290972,471178
2016-11-07,STK_00,247.58958920672362,247.99350266144037,246.98121309807348,247.45054344704363,99579
2016-11-08,STK_00,255.51132001578648,255.75441676435864,251.33253222439507,254.73240848708573,658745
2016-11-09,STK_00,262.9687255875155,263.26387542997827,260.91224224803256,262.1946819316789,85424
2016-11-10,STK_00,261.0020710797126,262.2777872377401,256.79531688161023,258.8322367203495,603594
2016-11-11,STK_00,256.7560046919732,259.4440190116902,254.48522001798912,258.58678956551915,557041
2016-11-14,STK_00,258.76593860347936,262.5246259415207,257.2140644677726,259.2692634086348,698967
2016-11-15,STK_00,268.3285232325947,268.8065439358947,267.1842621574464,267.6715335366443,297522
2016-11-16,STK_00,268.81880470261467,269.50621570732363,264.1066652781838,266.86859300517597,211586
2016-11-17,STK_00,269.28616343871647,271.3307053249313,268.0039831204368,269.0168302129971,203725
2016-11-18,STK_00,265.43735539324757,268.37305139672657,264.70716200145455,266.9974079870399,272391
2016-11-21,STK_00,265.55061954839255,270.48779460636035,265.3768793343312,266.2010526812373,192733
2016-11-22,STK_00,262.79194941404586,263.11474434260697,259.4199495905424,261.7653707862812,215582
2016-11-23,STK_00,270.58431228352345,274.18733613608504,267.0511157614288,267.1730982144668,914971
2016-11-24,STK_00,280.84335795436346,281.38355285585874,277.5377855390442,281.2729754057009,425993
2016-11-25,STK_00,284.90638275648223,290.2929260882308,281.46973488488237,284.1233231392773,341883
2016-11-28,STK_00,291.93673034323007,292.36859950429584,287.57112192813634,289.6638968783173,458527
2016-11-29,STK_00,288.093173784421,296.6929556745575,287.8567882669944,289.7667452034142,388282
2016-11-30,STK_00,288.0805343931273,291.1128898057311,285.40826314437203,290.9687831534414,228215
2016-12-01,STK_00,293.36010131176886,294.8693678288557,289.25430683913504,291.28067961677004,268050
2016-12-02,STK_00,289.3900816092924,290.8902416457137,283.3065446814929,287.3958084767212,616767
2016-12-05,STK_00,282.8278396862733,284.74972786089353,282.40194374007865,282.53613671255516,152110
2016-12-06,STK_00,286.40343633099275,291.5635258112438,284.78771598642476,285.5904100647543,937695
2016-12-07,STK_00,283.1634731084454,288.7253502248769,279.35334138429675,286.6456522368775,715446
2016-12-08,STK_00,286.3993298584434,287.05838284310107,282.89886744682485,284.2846897457554,364976
2016-12-09,STK_00,288.7494008014934,290.4148293418898,286.1576162395737,287.2277472875369,855600
2016-12-12,STK_00,283.9321374205736,286.2647109673377,283.26531781489695,285.3735894270246,273483
2016-12-13,STK_00,287.2658642425007,291.36574593820916,282.54325359932164,287.4796073144734,117606
2016-12-14,STK_00,278.82422638935526,282.75893964741493,276.9139747034968,280.29839717839604,994821
2016-12-15,STK_00,278.2453209314576,283.23769524210513,277.9242722811675,278.872652441828,596907
2016-12-16,STK_00,276.7477725933451,277.2700083774182,273.5781537335811,277.138862113743,129144
2016-12-19,STK_00,287.1138023548369,291.3669949371491,283.5978363714636,284.38264095715334,30105
2016-12-20,STK_00,278.13525327303967,281.73310905442247,272.5060718078521,276.47907816358986,352333
2016-12-21,STK_00,258.30853333066403,259.87764194403326,254.64742084477402,259.4858250208213,633929
2016-12-22,STK_00,263.0073347510288,264.7726283185095,259.22400258113225,262.5313117607255,600008
2016-12-23,STK_00,264.7366473853653,268.44468522663374,261.2283269108355,263.29165950247557,653584
2016-12-26,STK_00,267.7357468303677,269.11185981277885,261.2755416498231,265.8411269628764,607101
2016-12-27,STK_00,268.86178993000357,271.69647567813723,264.6072194549114,267.8758324822586,587056
2016-12-28,STK_00,266.8903609897585,267.63850880579366,263.2182179564763,266.5402167727914,510509
2016-12-29,STK_00,260.39179949008644,261.4608310088755,260.18699803361983,261.4603290286905,523891
2016-12-30,STK_00,258.951598340902,262.18722272189063,255.11697801957882,258.32013945663437,338946
2014-01-01,STK_01,101.38416209387285,101.98749224982036,100.40281954793066,101.02868765928844,423936
2014-01-02,STK_01,102.42781624598014,103.4949324985212,101.78293485770568,102.00297738812142,204590
2014-01-03,STK_01,105.94820607783166,106.56945195333765,105.08615581143009,105.14721443081619,408541
2014-01-06,STK_01,104.48903375934292,105.51944282256797,103.71111139191007,104.71129176474172,349195
2014-01-07,STK_01,102.24196159586147,104.79993899142568,101.82346480218519,103.3620408746985,444042
2014-01-08,STK_01,106.39693601974888,106.70632345994638,104.66052549363876,105.87056252522679,211242
2014-01-09,STK_01,107.15614658211456,108.00302079086133,105.88308368520181,106.65602218428212,383648
2014-01-10,STK_01,105.6491571336958,106.45070753208876,105.49856836415375,105.77331400257029,151237
2014-01-13,STK_01,106.6638173238984,108.0345612651103,106.15597030849813,106.63044388758189,219855
2014-01-14,STK_01,103.45724820741704,104.02447995134413,103.01957407931128,103.17582481312895,611856
2014-01-15,STK_01,101.84998511470121,102.9351087898941,100.95733249957144,101.78361624192712,982733
2014-01-16,STK_01,101.00476928709185,101.9994627350922,100.5476450185219,100.82035394818634,469223
2014-01-17,STK_01,101.43216732223127,102.1295257347864,100.94280953510851,101.43965362112407,662735
2014-01-20,STK_01,101.77879879239319,102.682522490721,100.91710644891216,101.83982425438379,82285
2014-01-21,STK_01,100.47422722190157,101.95269107551098,99.22184267337485,100.0226122653538,176610
2014-01-22,STK_01,98.08536721003647,98.73191902802729,97.78110543342781,98.30858143405156,321524
2014-01-23,STK_01,101.02778328796394,102.71068585921796,100.57277350009605,100.60413989335116,223523
2014-01-24,STK_01,99.66979484637386,100.44461403122186,98.93517854337034,99.59296572046138,157122
2014-01-27,STK_01,97.85342573663767,98.37316662907737,97.00659998834587,97.93205764181435,370712
2014-01-28,STK_01,96.78486946223052,98.31255941622071,95.8832171560344,97.15681166254774,311781
2014-01-29,STK_01,97.78774215411492,99.08073231585183,97.6387802828298,97.89052013165451,550031
2014-01-30,STK_01,96.01950039053642,96.90650134379459,95.86819649956769,95.94695588390141,926533
2014-01-31,STK_01,95.5545202205946,95.90254267469007,95.18404795542445,95.63384460678888,385366
2014-02-03,STK_01,96.39796820730155,98.96161858392944,95.424244260536,95.90958693716892,145070
2014-02-04,STK_01,96.5247979506722,96.64250166735623,95.57307363382104,95.94385525720243,370742
2014-02-05,STK_01,94.76497783290812,96.87366999564279,94.13290232374422,95.29444345732045,662549
2014-02-06,STK_01,93.84901593654446,95.69205222824142,93.011730368751,94.77377175674177,986151
2014-02-07,STK_01,93.9194554230908,94.12715574715357,92.76761073356164,93.77131583699104,427351
2014-02-10,STK_01,95.75352676625226,97.89455260537146,94.65547881390334,94.99446949219993,769541
2014-02-11,STK_01,93.54704480910037,94.08178316644565,92.33848646291526,93.34230822632273,577420
2014-02-12,STK_01,94.4093139251314,95.09345297337616,94.31282124768894,94.90992903794199,396158
2014-02-13,STK_01,95.55295974493785,96.1408296723449,93.4984636940768,95.39538793352763,312095
2014-02-14,STK_01,96.0581354632121,98.19332474237262,95.27182749972943,96.60768329547098,663715
2014-02-17,STK_01,94.54747283249938,96.8337053210932,94.25524351251352,94.73532490698214,746819
2014-02-18,STK_01,92.55480018049013,93.28305372037723,92.44644331600749,92.55256887973995,584620
2014-02-19,STK_01,92.15061587290485,93.1632522919021,92.0990565648681,92.1601453431917,174081
2014-02-20,STK_01,91.20770724520085,91.51049236217663,89.84517019511169,90.35008906674753,686323
2014-02-21,STK_01,90.11359458964517,90.33111407138787,88.23557976127441,90.24512190112385,408456
2014-02-24,STK_01,91.78147124665475,93.90329892102316,91.30417490271357,91.62631511399988,405524
2014-02-25,STK_01,91.53876930230105,92.56357073567578,89.60112885136022,91.62298994888164,509459
2014-02-26,STK_01,91.03733122563324,92.72240773273084,90.69056678409994,91.47110932860484,239170
2014-02-27,STK_01,90.10312492304999,90.38213669885822,88.36303110034689,89.57795217460051,267604
2014-02-28,STK_01,89.30975588120725,90.34594946631577,89.2631965148279,89.34466545268822,621827
2014-03-03,STK_01,86.86948600908163,86.93672399020964,86.19944808332099,86.71946977392072,907310
2014-03-04,STK_01,84.12937700562851,85.41602791890851,83.24606785406776,84.392637878776,785763
2014-03-05,STK_01,84.80161821926269,85.46849645695103,83.56315242941398,84.74673432173037,991507
2014-03-06,STK_01,84.53174600407958,86.01567209240599,83.826350361083,84.34364651799855,425850
2014-03-07,STK_01,87.46940712518433,87.94312708167817,86.63574957903062,87.66811777672002,277301
2014-03-10,STK_01,90.99948019170608,92.2042562911695,90.59831673619605,90.86041863624676,429836
2014-03-11,STK_01,88.28861256539341,89.64918468996864,88.05329413487127,89.5396529862323,638316
2014-03-12,STK_01,89.00389222987006,89.5334385377017,88.24706820250232,89.09339453919736,942605
2014-03-13,STK_01,86.91682892198375,87.7265561261686,86.7423878106321,87.11656085366154,567891
2014-03-14,STK_01,84.15069760164431,86.6915270072717,82.32909852094612,84.71679839735673,943690
2014-03-17,STK_01,87.99981985008864,88.7631800465853,86.58932147398704,87.26109178312474,730490
2014-03-18,STK_01,84.43752152649054,85.17301189684773,84.40744133966152,84.8746185416,596691
2014-03-19,STK_01,85.4557466374072,86.96252935551945,85.04285783260444,85.97767632565895,450092
2014-03-20,STK_01,86.83199506037879,87.6692934407321,84.53853271103904,86.78175210213006,919645
2014-03-21,STK_01,85.96982121290871,86.55930912233545,85.04933920521833,86.0422291561861,353719
2014-03-24,STK_01,88.23291261506174,88.24114647455959,87.90398930569967,87.95986101942337,75238
2014-03-25,STK_01,88.27028087758282,89.06522109556568,86.6457367950866,88.24416003702474,258740
2014-03-26,STK_01,88.45526047761145,88.63482788059336,85.49630085630479,88.4612500448615,234714
2014-03-27,STK_01,87.6959108930657,89.42018127871913,87.21175114314605,87.35964001901266,864943
2014-03-28,STK_01,84.67955635424123,85.45450787610956,83.93216203582168,84.60308530007573,244859
2014-03-31,STK_01,85.60540524769722,86.47172308664665,85.43734527298967,85.94549068213969,946908
2014-04-01,STK_01,85.61190272236051,86.30707769169088,85.13877237076933,85.67131694737952,320264
2014-04-02,STK_01,86.90914168548778,87.55847564246162,86.12797799281992,86.62083886336337,394193
2014-04-03,STK_01,86.45434103784393,87.12479556541798,85.6777424682705,86.81823558865042,781464
2014-04-04,STK_01,88.38333167734073,88.92845169126657,87.93042706524074,88.04916160567423,673631
2014-04-07,STK_01,88.34604506792077,89.578243941938,86.68927616930213,88.22153577991864,768897
2014-04-08,STK_01,89.78476108829192,89.87433025622771,88.9715933379844,89.85004093198768,32593
2014-04-09,STK_01,86.17269657624998,86.47616567561967,84.40217066579714,85.69477625034405,408741
2014-04-10,STK_01,87.72381880551622,87.91219772441363,86.20135079446064,87.75416214936389,237642
2014-04-11,STK_01,88.43122525816179,89.60820911356186,87.81075162167456,88.49367246141067,76684
2014-04-14,STK_01,88.82088582714272,88.93240081627916,87.88286014605703,88.41406283057789,978710
2014-04-15,STK_01,90.45099875497728,91.25767164642515,90.06143510756812,90.76076261847031,837913
2014-04-16,STK_01,85.6780521246595,87.99158429649692,84.69736294994304,85.76162580507916,81049
2014-04-17,STK_01,85.85937211831408,86.78681473575668,85.51050399904408,85.92889449994456,483816
2014-04-18,STK_01,87.50367098715878,88.84295379115466,86.89894739824375,87.34648350884889,482809
2014-04-21,STK_01,87.33312214092706,87.88239641905554,86.74895781927856,87.1026865069391,36718
2014-04-22,STK_01,84.3761173135851,86.18885792027945,83.04922283830089,84.65728995071014,610258
2014-04-23,STK_01,82.07505553489237,82.47385632299877,81.76254872314149,82.36216355728016,643587
2014-04-24,STK_01,81.6829867478155,82.06457016779424,81.65891514676956,81.69314547850522,537704
2014-04-25,STK_01,79.68821688615583,80.94867618250272,78.51024523287617,80.04253875318707,721474
2014-04-28,STK_01,77.76462534081047,78.63365789643828,77.36599987459405,78.03619724340933,877771
2014-04-29,STK_01,79.85087966493921,80.93784895701711,77.88966706164368,79.24040068813392,662751
2014-04-30,STK_01,76.42881425299211,77.49812271769922,76.09846664549988,77.08868979479132,584413
2014-05-01,STK_01,77.33010093238292,78.32559530041148,77.06042379569551,77.06604406419507,486837
2014-05-02,STK_01,78.86265555496466,79.92937643296918,78.75776462019631,79.43182511538444,639481
2014-05-05,STK_01,77.81423749333435,78.51114216579079,76.81709592388903,77.75976558379163,356339
2014-05-06,STK_01,74.78972366507578,76.39369848492322,74.58024701167149,75.55594367937053,410497
2014-05-07,STK_01,75.37564235604474,76.51424445288845,75.02695012276438,75.1820378677007,793024
2014-05-08,STK_01,74.99216785471948,75.88453214045737,74.93792216278973,75.42020219159751,17332
2014-05-09,STK_01,72.71418596530654,74.41178963591456,72.0949818474797,73.18613826621362,918043
2014-05-12,STK_01,72.92389530651825,73.06494263226668,72.36485275294237,72.56653591238972,668643
2014-05-13,STK_01,72.10454200007683,72.41409549321668,71.56505463545919,72.02267043343713,594562
2014-05-14,STK_01,73.15129429245246,73.57503321794796,72.71242513037242,73.04920184637277,72179
2014-05-15,STK_01,73.844999156215,74.26999494602471,73.67773777391086,73.90604738542228,377566
2014-05-16,STK_01,74.12775822662913,74.96070722066379,72.49893150764522,73.45053855174359,93876
2014-05-19,STK_01,72.43453753650037,73.00492202370869,71.46263549742505,72.74885831774701,405030
2014-05-20,STK_01,72.98164660134805,74.48539105020411,72.17949225988785,72.71325237201987,467260
2014-05-21,STK_01,71.87869887171135,72.4842866258634,70.32254196898617,71.49484173816646,496053
2014-05-22,STK_01,70.72393430377468,71.20460474906727,70.40796851950081,71.0061388814831,254158
2014-05-23,STK_01,75.73508520939681,75.88945718146168,75.1624047055022,75.26744826745546,45357
2014-05-26,STK_01,75.98849460990827,76.26877598639169,74.91438337819741,76.19002861192105,16191
2014-05-27,STK_01,75.45150477978049,75.74208325349562,74.86276720528292,75.40939468848828,289439
2014-05-28,STK_01,74.04181243031151,75.40839439822501,73.62300445485069,74.12682979965453,589004
2014-05-29,STK_01,74.57796641991817,74.60399571759683,73.00891920321466,74.58400277884981,413404
2014-05-30,STK_01,77.02709464165908,77.50135920317254,75.73720133980964,76.72291615938481,593234
2014-06-02,STK_01,74.38341902752536,75.68363201760201,73.16345731189436,73.95882532770108,285457
2014-06-03,STK_01,74.1275878391976,74.45604405641886,72.88773549743206,74.4110828353558,216646
2014-06-04,STK_01,75.94096442892881,76.42477247799816,74.13637696336592,75.28347833589,356306
2014-06-05,STK_01,73.37044888910255,73.95909507289387,72.86470498606792,73.09209882668992,317544
2014-06-06,STK_01,73.27746896470678,73.97351381418598,72.77182601880176,73.30573997409284,566638
2014-06-09,STK_01,74.95014791016456,75.20118451462889,74.5339706116976,74.81065408348896,172307
2014-06-10,STK_01,74.76971861160351,75.06427151051011,73.98028357277867,74.53178431108894,113412
2014-06-11,STK_01,73.82211755993548,74.26597146145893,72.70400532821519,73.10042034319838,251681
2014-06-12,STK_01,72.31470822179519,73.69074926879038,70.99888185514617,72.11789687873775,12137
2014-06-13,STK_01,73.00912367417652,74.19089434701499,70.70307885586679,72.83991372829784,72425
2014-06-16,STK_01,74.10483282957075,74.24513525317198,73.62508160850403,73.83562584369889,733310
2014-06-17,STK_01,73.69886361312007,74.14477946191202,72.82123678638312,73.36656824599235,647287
2014-06-18,STK_01,71.48723742412928,72.64360459332981,71.08916572776255,72.30734453110296,721992
2014-06-19,STK_01,72.1685037172866,72.25512700604654,71.77996793765554,72.2014474024236,341883
2014-06-20,STK_01,72.04649707532765,72.17728777822533,71.4590062844821,72.1615054149277,526541
2014-06-23,STK_01,71.50634582904213,71.78085348065203,70.60697416213426,71.54804370830477,259677
2014-06-24,STK_01,73.05627334353355,73.23006812074745,72.26268293258255,73.13229821711685,660227
2014-06-25,STK_01,72.8402509240752,73.03144691360268,72.24603289373921,72.8594847850948,752091
2014-06-26,STK_01,72.93371681878126,73.26164148456834,71.91872866236474,72.88002373596659,74783
2014-06-27,STK_01,74.51612226241883,76.43010289732409,74.45666383694716,75.01522488963198,675871
2014-06-30,STK_01,73.84942036621781,74.13709996186749,73.1537067351554,73.53992346592284,626801
2014-07-01,STK_01,70.35035961352371,71.87787641072046,69.45933587495534,70.25581149123367,775153
2014-07-02,STK_01,70.62009658514317,71.11400981453096,70.11566585014522,70.44195265311309,268436
2014-07-03,STK_01,69.73151449483672,70.19587759495873,69.6290600585742,69.84134341267922,637880
2014-07-04,STK_01,69.60394186477946,70.52000382227797,68.99073704526079,69.6632017909194,604945
2014-07-07,STK_01,71.09138307557048,71.48809089234585,69.87591187205973,70.90108596125587,700046
2014-07-08,STK_01,71.76168580917826,73.75959658138933,71.17725546537434,71.8633286826881,723686
2014-07-09,STK_01,70.62541621613592,70.9189379482128,70.42762056130726,70.81328995816312,482098
2014-07-10,STK_01,70.65367324552884,70.9137080055161,69.8490336209995,70.59225805863454,398284
2014-07-11,STK_01,72.35065711080946,72.88994661971307,71.26846808614147,71.98725302167563,165002
2014-07-14,STK_01,73.83059507431798,75.65979994041176,73.49184425821213,74.73336556395776,460841
2014-07-15,STK_01,72.04496795177904,72.72239647545105,71.5357696626115,72.39440976434848,704152
2014-07-16,STK_01,70.02662796804645,71.18184651465066,69.56103231997952,70.26685770740626,505272
2014-07-17,STK_01,70.05333128353097,71.2086236229583,69.00680061322296,69.79198806556487,802097
2014-07-18,STK_01,70.54062674942332,71.4849933080933,70.4452351535455,70.68662107799275,921753
2014-07-21,STK_01,73.64013299158464,73.76992656008521,73.2399813564291,73.28257362656005,940465
2014-07-22,STK_01,73.40398136980944,73.93640117615226,73.23886459991945,73.2445235453198,620504
2014-07-23,STK_01,73.00366666139062,73.64664607591331,72.65566612453212,73.36059684495757,16520
2014-07-24,STK_01,73.90014911821996,75.0087162764734,73.63843176212796,73.74035281703752,332265
2014-07-25,STK_01,73.49522285516859,74.26847632788431,72.11119454441106,73.64664468601237,564370
2014-07-28,STK_01,71.92313339755758,72.1953593640269,71.8650173609194,72.05053981991942,314241
2014-07-29,STK_01,71.1909422561337,73.35027787472711,70.84882150831662,71.59391491317089,56902
2014-07-30,STK_01,70.41872938103967,71.75179250310367,69.96485198407834,70.42914775616704,514360
2014-07-31,STK_01,70.23308693061577,70.38633262768055,68.93053200181164,70.31424536155426,484945
2014-08-01,STK_01,71.88474142275783,73.32362877043703,71.31805408383323,72.03675585080222,116558
2014-08-04,STK_01,73.52732537586886,74.28391549879193,72.75767454796164,73.78321129753114,600951
2014-08-05,STK_01,74.41726320145854,75.82132654107947,73.98869516067461,74.48353646325552,433540
2014-08-06,STK_01,75.2030024227084,76.18091963791981,74.3842600532234,75.19057705027791,638092
2014-08-07,STK_01,74.74029239819794,75.89205262538508,73.61274697621234,74.4794037946953,58552
2014-08-08,STK_01,77.98609672264621,79.39499732166065,77.28934852405864,77.62623173492389,224029
2014-08-11,STK_01,77.37042919724539,78.23129569069232,76.64988974251492,77.01584959687139,652435
2014-08-12,STK_01,76.99728291248425,77.53762998303431,75.6423153294541,77.34146487077483,999905
2014-08-13,STK_01,79.15462062503565,79.8300052976287,78.56576014332316,78.63137801447445,995927
2014-08-14,STK_01,74.96244036542183,75.76214504546644,74.61361901776148,75.39711954223469,743923
2014-08-15,STK_01,77.99304197074744,78.88013902566178,77.13157257915167,77.7490162876325,810057
2014-08-18,STK_01,75.85060339532953,75.92054412159001,75.37474114162684,75.79605512238034,152109
2014-08-19,STK_01,76.20258514839243,76.31227550298117,75.82517958023836,75.9676704821153,383186
2014-08-20,STK_01,78.49085281815894,80.10955778420735,78.41459783865224,78.48151470125465,384147
2014-08-21,STK_01,79.51861829585603,79.86608143494307,78.94645362047858,79.44546879514637,331301
2014-08-22,STK_01,78.039424260967,78.91192243080623,76.45839638225436,77.51726618791328,402104
2014-08-25,STK_01,78.73838214802385,79.65104545203015,78.33456710373557,79.40934862720005,914801
2014-08-26,STK_01,78.59947155753991,80.40360381544046,78.115410990809,78.49595402497074,180624
2014-08-27,STK_01,78.5164679687979,78.72485975005998,76.81538688175974,78.08407547124001,329009
2014-08-28,STK_01,75.70096257946939,76.8420824655641,74.93356092059295,76.4667825077374,64540
2014-08-29,STK_01,77.52533961357476,77.8764928178301,76.08669387093157,76.70598832508414,709638
2014-09-01,STK_01,81.28381433440838,82.65173176436308,81.25725631151653,81.7457541997865,780931
2014-09-02,STK_01,79.02337345484978,80.53085157372075,78.62760107802829,79.28207565280596,317793
2014-09-03,STK_01,79.24531380220701,79.65189890689463,79.17604520120165,79.23395260244175,972216
2014-09-04,STK_01,78.85529611113682,79.9002440583148,78.70421073507802,79.39053454723961,719134
2014-09-05,STK_01,79.8475079050301,80.07928751923468,79.31935143898052,79.69187239765645,853119
2014-09-08,STK_01,77.88460869528878,79.86121991895372,77.19290762044996,78.46055895188483,20482
2014-09-09,STK_01,78.00533398973536,78.7500123997479,77.19091400198285,78.58156356606936,870211
2014-09-10,STK_01,81.00555096400858,81.13790671656257,80.61267045936779,80.67382005583475,934016
2014-09-11,STK_01,81.09892872999933,81.84135779348082,80.42410964088307,81.09619199262427,132615
2014-09-12,STK_01,84.30209156110696,85.40160720490977,82.6556283800138,84.23723847371143,201007
2014-09-15,STK_01,84.1271569688781,84.89773704324116,83.58261270137324,83.95373269359258,18477
2014-09-16,STK_01,84.2743230946713,86.32433760279513,83.17932609174552,84.97610468117546,859417
2014-09-17,STK_01,84.97408885134739,85.92660385783249,83.92432099175537,85.28480968296272,701035
2014-09-18,STK_01,86.3751344457611,87.2732327829516,85.07843633792815,86.33015528445642,642260
2014-09-19,STK_01,86.75836846661187,87.62201302871789,85.51019912176591,86.62386576269606,847226
2014-09-22,STK_01,86.63917282668228,88.13316802443593,85.34625206935969,86.70259574200603,650049
2014-09-23,STK_01,88.83831209396928,89.43576533909665,87.66097062129106,88.41696472727428,186065
2014-09-24,STK_01,88.87541747005943,89.24716341183111,87.56950055667068,88.61939448035825,204700
2014-09-25,STK_01,89.13956330566403,89.51152228468307,87.75382606077078,88.52772294326141,816986
2014-09-26,STK_01,88.70356849083724,89.88190516978503,88.13420928619456,88.59445209710772,279705
2014-09-29,STK_01,86.68624011081597,86.91425462198171,86.55644342800572,86.73199542346399,6577
2014-09-30,STK_01,90.58790786028207,91.90006475761372,90.15215944673308,90.92788233987571,704561
2014-10-01,STK_01,92.43898929738417,92.85279792411123,91.2799360925868,91.96349075715581,211032
2014-10-02,STK_01,90.83936275814578,91.6042686853236,89.78474101969088,90.66796268369424,451778
2014-10-03,STK_01,92.9694625113238,93.57249487643776,92.71921614376481,93.05149683473451,233216
2014-10-06,STK_01,96.59950507185188,97.3427649232409,94.9767710541703,96.4682671601643,958034
2014-10-07,STK_01,98.2135188081569,99.9511732484081,98.19097502322491,98.73759353233488,808821
2014-10-08,STK_01,94.870349110153,96.70552521812331,94.67117490224898,95.73738808737225,649765
2014-10-09,STK_01,93.82629642365757,96.116792797391,92.27303700033482,92.9714604588061,185896
2014-10-10,STK_01,94.77435859045816,96.11630206173548,92.43610040883934,94.48065564780683,276254
2014-10-13,STK_01,91.56564298102144,91.77140926680381,90.75904480907498,91.7291595478992,441400
2014-10-14,STK_01,94.55179682727129,95.86134022369578,93.01163748364667,95.55135927337567,430971
2014-10-15,STK_01,92.59838383871069,93.42520031699671,90.97882123500109,92.20956637879029,271547
2014-10-16,STK_01,91.4564726828309,92.56030798271851,91.18730757224128,91.31048375538325,529842
2014-10-17,STK_01,93.26595765118074,95.44063687493649,92.77908485052156,93.67988614606037,535838
2014-10-20,STK_01,94.74847363102964,94.9680687778773,93.26549349243759,94.10310680107905,86246
2014-10-21,STK_01,94.61610426230006,95.17760771340978,94.45445869576557,94.89260766267142,255817
2014-10-22,STK_01,93.4788486905097,94.25727788235987,91.91560893622739,92.83689814388919,592792
2014-10-23,STK_01,94.14351210890989,94.87636709097077,93.2057892221393,93.73912311032439,366493
2014-10-24,STK_01,92.7084155143642,93.65933639871699,92.22603887185909,92.63005454880168,387406
2014-10-27,STK_01,91.3451209640503,91.67545551377458,89.18434779154273,91.66247345232283,534398
2014-10-28,STK_01,95.01804458694428,95.38795746256582,93.64778315966596,94.38687445197462,723820
2014-10-29,STK_01,92.18236025146348,92.57695837143476,90.51732738973288,91.88540097253559,122527
2014-10-30,STK_01,93.81346151348481,94.50220882820359,92.82488737869366,93.36217496571696,756528
2014-10-31,STK_01,93.12889750770357,93.62157824423126,91.14042778965467,92.52765065835561,19986
2014-11-03,STK_01,93.9030681403841,94.96678120505733,91.93291622193549,94.38095250661878,900983
2014-11-04,STK_01,92.30415361289765,92.79922608388516,91.26172657004928,92.11831773226166,543439
2014-11-05,STK_01,91.39498534933188,93.38471464809233,89.81711693813251,91.1236747649857,85167
2014-11-06,STK_01,90.74876210339117,91.64917431269748,90.44296931450138,91.17623909333182,660230
2014-11-07,STK_01,90.28252330421431,91.36585103498838,89.85768847056647,91.06484686175638,525001
2014-11-10,STK_01,89.97190238745064,90.87799768544629,89.52214944966877,90.77177086490957,793840
2014-11-11,STK_01,93.03146424760529,93.70798313698974,92.28529937673217,92.32122828211283,391838
2014-11-12,STK_01,93.44739616479715,93.56255837892532,92.6887240334951,93.25151536375873,685173
2014-11-13,STK_01,92.4508213765878,93.35344920479737,91.63263066564781,92.9581096572949,144624
2014-11-14,STK_01,96.04221483380641,97.12605815513078,94.27597025064894,96.26652524386276,170219
2014-11-17,STK_01,94.7100885274052,95.92092167861975,94.29030294297219,95.4505771855912,609377
2014-11-18,STK_01,92.80339224433298,93.2207099249099,90.5922517190067,92.2983069415105,310465
2014-11-19,STK_01,94.35367474931232,94.50607114356909,93.11241368765197,93.74959354922174,675525
2014-11-20,STK_01,91.94605442992554,94.09130490983613,91.539002798582,92.8073111596374,936874
2014-11-21,STK_01,91.09019886837474,92.26397762628211,89.77304320180636,91.29226304007663,708086
2014-11-24,STK_01,92.4737250937922,92.48760985747595,90.94066042475774,91.6256175007687,511110
2014-11-25,STK_01,94.40464594650864,94.96011572992964,93.70800016628762,93.9263792385915,257181
2014-11-26,STK_01,94.06605442530447,95.16514838565766,92.68373008700323,93.8396878639713,622519
2014-11-27,STK_01,93.7813000558114,94.23513895715246,91.9651577558698,93.43452063931056,654864
2014-11-28,STK_01,90.80737923792668,92.03817774667746,89.82393449187924,91.36556091643594,597209
2014-12-01,STK_01,94.92611631857004,95.87901195139476,94.72423387022592,95.03152021323925,275975
2014-12-02,STK_01,98.36404693375438,99.17375039590992,97.70841179915719,98.6068001118032,419502
2014-12-03,STK_01,100.32563307491043,101.6632054941618,99.24489700474734,100.06443592285105,9843
2014-12-04,STK_01,98.41678173441845,100.53104351359835,96.59581599271802,99.3134584427685,919832
2014-12-05,STK_01,97.18718391843771,98.65630879316701,96.78529666745308,97.38527273966197,773404
2014-12-08,STK_01,92.28394483370364,92.71969697073158,91.93954656398024,92.68665288264795,644041
2014-12-09,STK_01,94.34425347837075,94.79662621771648,93.940066737973,94.28027179007569,177244
2014-12-10,STK_01,92.04109837176783,93.51930364247984,91.15109368570508,92.36834421456311,293914
2014-12-11,STK_01,92.00730450938441,92.75759721331761,91.42949259043657,92.21950475791348,206465
2014-12-12,STK_01,87.38639038642128,88.02759086827749,86.53255211296785,86.57773163586968,906982
2014-12-15,STK_01,88.3639939345091,89.01363045331959,87.87542176965141,88.18614368954725,317573
2014-12-16,STK_01,87.81430492815309,88.92698332751368,86.93580136749392,88.10531275892639,884254
2014-12-17,STK_01,86.25711436041061,87.2937861677691,85.15919335596611,86.90288363733748,108350
2014-12-18,STK_01,87.86322722113566,89.57140467741284,86.20427942370218,87.97142061283567,671734
2014-12-19,STK_01,91.6039550457127,91.86676160750707,89.0651581515084,90.29307007080763,807069
2014-12-22,STK_01,90.97662067726733,91.70572434456322,89.28034787049369,90.54765358604801,949965
2014-12-23,STK_01,96.21406510241985,97.11283949786498,95.2459047958072,95.90589694052076,637947
2014-12-24,STK_01,96.12633200176462,96.5374053619806,94.89051984436654,95.23664990452845,993457
2014-12-25,STK_01,94.01394476383501,95.17194419824867,92.55968768801125,94.26265945439043,24026
2014-12-26,STK_01,92.53821195185472,92.93800737048053,90.93067040520842,92.87531432942411,893307
2014-12-29,STK_01,92.65544453891226,93.72942593694273,92.02285572967416,93.13497418874137,495869
2014-12-30,STK_01,91.14009160202676,91.74940030087554,90.5964957137607,91.45188896784052,692807
2014-12-31,STK_01,92.6886971562397,93.84234004823458,91.27085835751005,93.1322286726526,750375
2015-01-01,STK_01,93.47674343381748,93.6831802763943,91.83649838063329,93.46381490412546,32926
2015-01-02,STK_01,92.70242622894553,93.19321427744626,90.91786798746134,92.47464041963903,464591
2015-01-05,STK_01,92.54848659201213,93.02969238123553,92.0308362041106,92.97276507783405,451857
2015-01-06,STK_01,93.01203690622064,93.1337451904587,91.95549047386518,92.5473500354227,245734
2015-01-07,STK_01,93.28103921999593,93.30560410180499,92.0009363589875,92.9202686256915,418542
2015-01-08,STK_01,95.46831079081386,96.21268314106236,95.18499851600426,95.38627252387083,18232
2015-01-09,STK_01,97.45420117578779,98.46340230465499,96.5409229400924,97.74832742754306,686955
2015-01-12,STK_01,99.39564691695148,99.65749601327795,98.86419197898213,98.95467512775416,936299
2015-01-13,STK_01,102.73394079795591,104.17548631178855,100.83731435485089,102.59177941405898,312356
2015-01-14,STK_01,100.46382346481046,101.01400608750639,100.12353210177201,100.76510025081136,845452
2015-01-15,STK_01,101.20484555291986,104.66268924822475,100.81294548577492,101.21114589970345,829752
2015-01-16,STK_01,98.04097064088457,99.67670383350628,97.91301395414516,98.78295147879393,134372
2015-01-19,STK_01,100.22394037399756,100.32793179905629,99.36617808944715,100.10138059843757,3932
2015-01-20,STK_01,100.65823639025948,102.6918551723497,100.41026696089645,101.0570651830277,92886
2015-01-21,STK_01,99.94300719943126,101.2275598331891,99.2607541469496,100.60311730697093,668318
2015-01-22,STK_01,100.1358445566138,100.70378383201694,98.4196698954672,99.88079303277968,552894
2015-01-23,STK_01,101.46612910838552,103.22279544388768,100.51011621823073,100.97920430469692,78239
2015-01-26,STK_01,103.31816291477895,104.25461885451348,102.52701016304425,103.60988768480401,421939
2015-01-27,STK_01,105.99630701926479,107.1889790858939,105.46937196625424,106.36137837361748,89974
2015-01-28,STK_01,105.8904875136272,105.9158138788482,105.54675774825681,105.73246957339913,422818
2015-01-29,STK_01,107.32008104969258,108.78443506261142,106.58184493470958,107.24508229424569,320256
2015-01-30,STK_01,108.84685238759637,109.22996802966442,108.12695075897136,108.51593460570191,717305
2015-02-02,STK_01,105.98911648382601,107.2546238427082,105.70543899577338,106.00874899805422,941199
2015-02-03,STK_01,108.71010074167049,110.04843793232918,105.06785154962894,108.72534808279241,360642
2015-02-04,STK_01,107.5736558485913,108.39256320086271,106.43516517802259,107.73236916566307,428078
2015-02-05,STK_01,107.24055950034865,108.59362084594859,107.19351944348874,107.7586513452982,599599
2015-02-06,STK_01,107.00984839395862,108.54186629150821,106.49523955997049,106.6974616038363,701459
2015-02-09,STK_01,105.05081250592357,105.80176711783162,103.85927114990335,104.92691822492797,369548
2015-02-10,STK_01,103.90882811442626,105.56753481541915,103.60817004603872,104.29747588433092,455409
2015-02-11,STK_01,107.61768822521951,108.72849110366796,106.4682690624066,106.92920555758491,157897
2015-02-12,STK_01,104.31523977909607,106.81976785411263,103.09042414966623,104.86347772308473,589365
2015-02-13,STK_01,102.83596829923458,103.60996320457069,101.49668282299932,103.27101106082704,644646
2015-02-16,STK_01,102.58751424036112,103.23122529077597,101.68687884185856,102.84225811454348,680171
2015-02-17,STK_01,102.51594460355439,103.78346018899151,101.62225928814564,102.22081406078124,1466
2015-02-18,STK_01,101.8513885086749,102.7698109656866,100.28141703707867,102.49357310569904,473026
2015-02-19,STK_01,103.73608117714092,103.92199785789232,102.74683010733531,103.83174242604181,810351
2015-02-20,STK_01,106.68396690072582,108.1382292602718,105.17508406251937,107.2728816906577,646517
2015-02-23,STK_01,108.0167068846719,108.73348672312174,107.35263390991037,108.69673306966337,838560
2015-02-24,STK_01,107.12749131791708,107.69249762127787,106.3345495882016,107.47697409837382,858391
2015-02-25,STK_01,106.99874644865083,109.17651033082055,106.00553657449755,107.56842619431433,748064
2015-02-26,STK_01,102.72356978445616,103.79113664005025,102.59978866348503,103.17085909077107,677253
2015-02-27,STK_01,100.04385727087397,100.76613271145135,99.4587553279597,100.09110245383889,930511
2015-03-02,STK_01,97.45105439291567,98.3640680311878,96.76444444265142,97.14692494880644,465510
2015-03-03,STK_01,96.68638179205247,98.43366925316454,95.7420119668401,96.60210075751186,820298
2015-03-04,STK_01,101.53027718945778,102.17340126914884,101.26032554421415,101.39525011923338,592622
2015-03-05,STK_01,99.29798960394496,100.00431661017831,98.84017148654488,99.03774266960866,897410
2015-03-06,STK_01,94.7970166165671,95.56125944058822,93.60072772809183,95.06661166803154,181833
2015-03-09,STK_01,91.97148953522067,92.55883763373242,91.34718673505596,92.5024457063918,147589
2015-03-10,STK_01,94.5173247036161,95.25511260880224,92.7927032960517,94.39551366790938,761297
2015-03-11,STK_01,93.23492906052634,94.11847997560886,91.84503846080152,92.92717605478755,39251
2015-03-12,STK_01,93.27975373480977,94.2691185124808,92.45398050361467,92.96735234492209,713282
2015-03-13,STK_01,93.52476775699144,93.58732447698398,91.95828634131144,92.9842863150792,139927
2015-03-16,STK_01,93.57707343221756,95.69873825988431,92.56689709818119,93.29832360456547,169880
2015-03-17,STK_01,93.17987183236563,94.4911051651276,92.7641351028923,93.51611774365995,72210
2015-03-18,STK_01,94.59808200936887,95.28474089100989,93.38921587367975,93.83868663490628,178259
2015-03-19,STK_01,93.20365524329141,93.55241911212701,92.24320112320707,93.10314759675597,336518
2015-03-20,STK_01,90.54534658400266,91.59843769863211,89.52347334445474,89.94901609201108,642982
2015-03-23,STK_01,90.0527737437564,90.63310415904563,89.47895947492303,89.61512483977498,83886
2015-03-24,STK_01,90.34881147801322,92.40341248992073,89.94053787347485,90.5842320435586,402183
2015-03-25,STK_01,89.05049487355271,90.02215701190734,88.55189828467306,89.24356052086183,904646
2015-03-26,STK_01,92.66934200570549,93.0424268437096,91.28737014104962,92.31848071040122,655804
2015-03-27,STK_01,92.15861592391997,92.80453867372835,91.57985314061433,92.64911313717381,437442
2015-03-30,STK_01,88.65304028457788,89.66662214219541,88.30739752335403,88.32326107052205,275083
2015-03-31,STK_01,87.69392258348061,87.7902890733191,87.54016747477179,87.63868391965968,605672
2015-04-01,STK_01,89.31828641026422,90.89525899811623,88.90746785883584,90.34178935554608,325429
2015-04-02,STK_01,91.96289074790796,92.81311984619711,90.4400006438366,91.10628153274652,156285
2015-04-03,STK_01,93.0550008139865,93.1691653568958,91.89072835047709,92.57505177032613,756181
2015-04-06,STK_01,93.05585442897225,93.08992762503775,91.85300926609149,91.90748413522894,658551
2015-04-07,STK_01,93.44276525401993,94.53820446560256,93.05205677480593,93.38296559075434,266354
2015-04-08,STK_01,92.7100672891663,92.94292976989921,90.52083660812913,92.10184538889007,186593
2015-04-09,STK_01,90.18307354269697,90.68393629929598,89.20069359030775,90.67912690931286,724669
2015-04-10,STK_01,91.95396744471785,93.28922908468347,91.4326569016249,92.46508531485802,750515
2015-04-13,STK_01,91.76330818306924,91.89510500653411,91.28358226868022,91.6854518627974,763928
2015-04-14,STK_01,88.00225718599867,89.19346702735885,86.9577626737371,88.86152169577915,562302
2015-04-15,STK_01,86.93245427844877,87.88380793271263,86.29036103119829,86.6220432837694,302165
2015-04-16,STK_01,82.14765953038113,83.65735761098969,81.56897777832357,82.3527227954071,450248
2015-04-17,STK_01,82.340159478163,82.75923872134571,80.47886843698149,82.33151660759867,902192
2015-04-20,STK_01,81.47670066565252,82.98504693886171,80.8380461807748,81.12317550656506,882744
2015-04-21,STK_01,81.01634598291926,81.17560159004373,79.06141607112144,80.6784661256635,557120
2015-04-22,STK_01,81.53674458399468,82.15786867722626,81.00050314319981,81.23388336327409,355191
2015-04-23,STK_01,82.4469375192316,83.61942466749605,82.04441654773501,83.05522422784075,381425
2015-04-24,STK_01,84.83360297359158,85.6285400892321,84.08534373521687,84.3577033697125,116076
2015-04-27,STK_01,81.8419346294733,82.35053896756413,80.89959547234744,81.4447595921693,990850
2015-04-28,STK_01,79.96788118510783,81.56466179933126,79.42980938660057,79.66638088857289,814872
2015-04-29,STK_01,82.1182617308994,82.63258357395046,81.56335794868082,82.14782270894639,788320
2015-04-30,STK_01,82.37607252256875,83.34395005846069,81.87609264391102,82.46108533370457,344882
2015-05-01,STK_01,81.29597773300272,81.344442073877,80.29272682829806,80.38568709896411,726901
2015-05-04,STK_01,80.15192772730347,81.82612238020536,79.2463911536773,80.65190560455926,914247
2015-05-05,STK_01,80.7442189980437,82.18419689662359,80.27203141745392,80.30624271981426,967413
2015-05-06,STK_01,78.53105974406671,79.10065809881263,77.71160806410936,78.11248621933957,222720
2015-05-07,STK_01,74.41704025453922,74.97284538402548,73.61092621395174,74.48986540911429,393479
2015-05-08,STK_01,76.4271180329152,77.14254681121191,75.8679896851833,76.23585026344058,132821
2015-05-11,STK_01,78.3604848818872,78.96404116076657,77.92123473166333,78.74173847009149,895449
2015-05-12,STK_01,78.28063055580924,78.77254093364664,77.70592662123678,78.28431394653119,927167
2015-05-13,STK_01,75.8100669294642,76.13049125892678,74.47972587201915,75.71495281747042,77556
2015-05-14,STK_01,73.26789533751439,73.60037998132606,72.0959852330471,73.07794848335111,346827
2015-05-15,STK_01,72.07630258628993,74.18956615208013,71.60909764000462,71.85246422346997,286292
2015-05-18,STK_01,75.30397628352749,75.86927583568517,75.12780459451213,75.63954893206343,212111
2015-05-19,STK_01,77.01229403485202,77.36582377005409,76.16120225784394,76.53259946123958,849153
2015-05-20,STK_01,75.55807787830192,75.86298656192407,74.9334365388787,75.00093975053437,910871
2015-05-21,STK_01,76.90090013861294,77.60555298290164,76.33294155431818,76.52617156998035,827191
2015-05-22,STK_01,75.96150259432041,77.12000782813261,75.7189799901394,75.77204999361426,42683
2015-05-25,STK_01,73.19678266686307,74.3059852858048,73.03318698970844,73.22419770889088,54356
2015-05-26,STK_01,74.5941796385923,74.66864183389956,73.91605127103485,74.02364611307465,740367
2015-05-27,STK_01,75.51936562626967,76.36439030146148,75.47903146272506,75.58654196209692,481233
2015-05-28,STK_01,75.90227581191094,76.94824010586336,75.1171935921485,75.28932210447505,415995
2015-05-29,STK_01,74.0010485785009,74.1948729244438,72.95313388963875,73.71361941835183,329989
2015-06-01,STK_01,71.49366696066147,72.60314052179213,70.78541003490493,71.64248762218357,375556
2015-06-02,STK_01,69.96011254966368,70.73574282013529,69.58068028304142,69.74542379356762,731508
2015-06-03,STK_01,69.02634816392082,69.44579827675761,68.79708435428766,69.04226188522878,3030
2015-06-04,STK_01,71.05055184011735,71.90001853614687,70.73902309246512,71.36855979798744,151716
2015-06-05,STK_01,70.98319770568172,72.16607187319688,70.05081979744207,71.1502900252163,171413
2015-06-08,STK_01,69.54497005933464,69.69533260716157,68.79138578841989,69.30321131779057,239131
2015-06-09,STK_01,69.13603677899748,70.42988149579269,67.43124822955512,68.9674388040219,514728
2015-06-10,STK_01,69.06093485246706,69.41590516011915,68.93446629570927,69.25903224834654,878215
2015-06-11,STK_01,68.21232417424076,68.95328809919926,67.82395513068273,68.560943660888,765442
2015-06-12,STK_01,68.76385736668297,68.8174262583942,67.68502004816793,68.5477525542857,841337
2015-06-15,STK_01,67.6253677666357,68.80486486002998,67.47682039069798,68.04118763175615,981601
2015-06-16,STK_01,67.8987498615001,68.12112783658286,66.84245673291258,67.70295335017484,401740
2015-06-17,STK_01,66.33055631029853,66.41889291337188,65.5594838708838,66.27693885594347,482749
2015-06-18,STK_01,64.65033478047907,65.41969860457462,63.93448393065297,64.76657388929915,329962
2015-06-19,STK_01,63.68592193493493,64.28016404074354,63.03066979944797,63.75749471473013,202152
2015-06-22,STK_01,65.03952769022082,66.04376182003004,63.81948662930006,64.69584026937326,516608
2015-06-23,STK_01,64.64697581929225,64.92681155004591,64.29613151660001,64.66313855968494,207966
2015-06-24,STK_01,63.457336797858105,64.33736061741541,63.01991617781388,63.18695961210743,270870
2015-06-25,STK_01,65.17090929530069,65.54748661332715,64.60922273929417,64.74230233060962,770640
2015-06-26,STK_01,63.43112018192726,64.77020205401125,63.352875170454055,64.285954869002,228218
2015-06-29,STK_01,65.30528415508422,66.77066389955515,65.25395743717674,65.60433680623373,284910
2015-06-30,STK_01,65.3957220335954,65.87815971034532,65.00808764152164,65.56975539381875,609673
2015-07-01,STK_01,66.66428301154976,67.16268105401157,64.95250070697983,66.58221568288981,422885
2015-07-02,STK_01,69.92262443516374,70.87120579095397,68.94779018258242,69.5963196854341,173453
2015-07-03,STK_01,69.22172748223811,69.75121888698236,68.15695126924562,68.56250762079203,355740
2015-07-06,STK_01,64.88459057653297,65.29084043061783,64.73688429786739,64.97687223094341,410311
2015-07-07,STK_01,63.73608611496717,64.37073466447903,63.140769422628985,63.66305076381575,3960
2015-07-08,STK_01,64.0442894041144,64.48557296344077,63.38197004690461,64.38112110465423,954033
2015-07-09,STK_01,65.35157031312903,65.73313421886525,64.50841608172387,65.50343095986433,851021
2015-07-10,STK_01,66.29105018902473,66.74169855212484,65.48801872931442,66.46786236315515,810366
2015-07-13,STK_01,68.4293292256859,69.07251730863709,67.78221574548813,68.49417852311925,983699
2015-07-14,STK_01,70.04618422895466,70.25416229717219,68.83928259945337,69.89098920472723,459446
2015-07-15,STK_01,70.95691223663545,71.54537249694347,70.62494669924415,71.23079998067854,562382
2015-07-16,STK_01,72.41166156855233,73.17592473860134,72.35018786216897,72.95075817395967,941405
2015-07-17,STK_01,71.47003698343974,71.90199631709633,70.22941801549817,70.45233737009862,859857
2015-07-20,STK_01,71.46377199821896,72.26985110090747,70.95201309360226,71.42609137487304,109723
2015-07-21,STK_01,70.90022867902056,70.99449217234367,69.98806733318855,70.39101089816745,253337
2015-07-22,STK_01,71.98586811950287,72.28481932375341,70.77769304913711,71.89271877941927,816985
2015-07-23,STK_01,72.74146154002946,73.83670305408992,72.051686712015,73.0255445725028,869387
2015-07-24,STK_01,71.84048697066721,72.66372556063362,71.7111072335435,72.25690690161213,790990
2015-07-27,STK_01,70.07323233285562,71.42974910056664,69.84506851168578,70.92559992002066,458031
2015-07-28,STK_01,70.98712239574114,72.57425121399031,70.19978575530652,70.6835359299979,117027
2015-07-29,STK_01,69.00319723913327,69.64411040753987,68.45522156459096,69.44004492648635,126517
2015-07-30,STK_01,71.28552654542266,71.47301351495236,70.6921802573341,70.81428642046238,712376
2015-07-31,STK_01,73.39442730236821,73.61627442153441,71.71491927714423,72.76014184529083,213664
2015-08-03,STK_01,73.2981645608637,73.33117517403898,71.90955174357424,73.2194484453994,653362
2015-08-04,STK_01,74.83681378668341,75.05104134982449,74.24945629382778,74.94714562233257,131454
2015-08-05,STK_01,72.15173447958524,72.96135900264268,71.25511305018811,72.10005986716077,810175
2015-08-06,STK_01,72.16537961724372,73.64453638027744,70.88783307230904,71.82693006798971,314567
2015-08-07,STK_01,69.35459851381144,70.29268589669027,68.59465106905438,69.29080200616785,228727
2015-08-10,STK_01,68.80451734928803,69.59187387336449,68.34493348025192,69.0513757594328,116787
2015-08-11,STK_01,70.37220631136154,70.47364906196006,68.29128907602836,69.41196433491754,221819
2015-08-12,STK_01,71.67491656838175,71.88202969728682,70.96961686972224,71.72026534639254,91503
2015-08-13,STK_01,70.08925088125478,70.88211089236866,69.88980438216407,70.13912505721515,35856
2015-08-14,STK_01,68.80651866839398,68.98470547620994,67.43950456370571,68.64517243272331,736079
2015-08-17,STK_01,68.72617885474918,69.02545630300037,67.94547596213906,68.87047149277193,455720
2015-08-18,STK_01,69.69243206052562,70.39866673137347,68.77280040301204,69.79714796769998,526799
2015-08-19,STK_01,69.19526282590657,69.60193579607211,68.64931387170863,69.1866040018218,462505
2015-08-20,STK_01,68.9289548984219,69.52749582272742,68.13501372959034,68.25489087707315,127161
2015-08-21,STK_01,69.14072632152224,69.85305336639492,68.34768694046001,69.0286639226788,686230
2015-08-24,STK_01,66.94971925624152,67.13579959509775,66.35339781096219,66.68100026187652,458655
2015-08-25,STK_01,65.15771920628023,66.36964116920413,64.97754987719824,65.64537230492239,24165
2015-08-26,STK_01,66.19239548686693,66.57878472548768,65.74457929945659,66.3996005463951,720142
2015-08-27,STK_01,65.2007188558839,65.85298150712406,64.67851241771606,65.58690686842282,1357
2015-08-28,STK_01,64.20391635929855,64.44411758232883,64.07508776491649,64.15633191668623,378170
2015-08-31,STK_01,64.55952060442439,65.3228709874385,63.81438190937535,64.49098664111865,412192
2015-09-01,STK_01,68.00605248838494,68.4270323188888,67.67169345626165,67.7510989828899,636297
2015-09-02,STK_01,67.76615280862289,68.62860828297889,67.3199887649807,67.98501641056247,794621
2015-09-03,STK_01,68.55372301979033,68.93082421771055,68.06295981757084,68.54630669652163,380947
2015-09-04,STK_01,69.86449607823792,71.45771648710242,69.67995082550404,69.89482235924717,669524
2015-09-07,STK_01,68.08807592580408,69.1032263457125,67.41538914443744,67.82128694778412,830776
2015-09-08,STK_01,67.85659469221997,68.7718785278511,67.03961818874146,67.8932028051492,736337
2015-09-09,STK_01,65.88927893872318,66.05723471770143,64.89050456428315,65.72534299426148,622203
2015-09-10,STK_01,66.24135863077778,67.27177701905146,66.15193162658734,66.26542935310515,52615
2015-09-11,STK_01,64.05294756731787,65.47956377598845,62.74913375929762,63.628164267190215,480857
2015-09-14,STK_01,63.58201686926382,64.57965207067028,63.360403274747625,64.00655197209517,327660
2015-09-15,STK_01,63.73005283083915,64.20920289743063,62.965322886697436,63.658858917697096,345977
2015-09-16,STK_01,64.64515055411798,65.99378487593893,64.35650930877097,65.08655281374713,964221
2015-09-17,STK_01,64.25233724208509,65.28748091059458,64.06573198836998,64.28943931034513,637272
2015-09-18,STK_01,60.790931195675,61.32213765385064,60.78009083324297,61.06932714112625,600092
2015-09-21,STK_01,61.22782570217203,61.25859491833202,59.75405557522421,60.968732045033676,70504
2015-09-22,STK_01,61.20112098814564,61.729603582344616,61.081020545554594,61.53096880761689,894747
2015-09-23,STK_01,60.50623043771219,60.70968166978812,60.14678700940805,60.45963613390045,361093
2015-09-24,STK_01,61.18071212931397,62.68525804263261,60.89855015580106,61.683871398412506,862666
2015-09-25,STK_01,61.67831426501877,62.12323637152595,61.61938603814022,61.77167534825616,777521
2015-09-28,STK_01,63.019536071359155,63.49236125335379,61.796865437319376,62.57545161638525,430991
2015-09-29,STK_01,64.53214781417905,65.3819609097518,63.49478828530218,63.92493179975346,261230
2015-09-30,STK_01,65.695524861441,66.70402969430133,64.50006691116138,65.7717286261826,517085
2015-10-01,STK_01,65.22690444505471,66.45374141883372,64.66663204736628,66.06844210238658,312262
2015-10-02,STK_01,65.07608818369759,65.89134651633667,63.782583579083514,65.40978735027565,853425
2015-10-05,STK_01,65.309513034584,65.42664922234094,65.03010249263508,65.35083337194187,734444
2015-10-06,STK_01,65.75345890769731,65.84498488564587,65.36483754022508,65.4790310506851,843985
2015-10-07,STK_01,64.93576101345039,65.13774796624577,64.4843601196743,64.77805105326667,14382
2015-10-08,STK_01,62.7526604279195,62.96379104233816,62.22589740668204,62.57963922431191,320253
2015-10-09,STK_01,62.05643628685996,62.50094821216847,62.003623193896345,62.15658232020868,161160
2015-10-12,STK_01,64.22363181061147,64.40150993779531,63.514266539178614,64.10829952373065,493181
2015-10-13,STK_01,61.58426658992999,62.23995402393646,60.73989802855917,61.99285012882988,25815
2015-10-14,STK_01,61.719011960648174,62.432460731861745,61.460364726574156,62.13974413756487,283207
2015-10-15,STK_01,62.04247419991203,62.372396389192325,61.571952328351195,62.33466629943691,807826
2015-10-16,STK_01,62.414933507781086,63.12182830552014,61.93322202803332,62.18627106183814,901646
2015-10-19,STK_01,61.09939497355424,61.73931658899577,60.71456496892505,61.13059842293514,318559
2015-10-20,STK_01,61.22282163811482,62.00138299079218,60.12630805522136,60.82020484957476,403147
2015-10-21,STK_01,59.64930657514808,59.88330007135322,58.11417402280383,59.32113030353416,484090
2015-10-22,STK_01,58.426974002768205,58.77797493370654,57.890739602448,58.52125753315123,269143
2015-10-23,STK_01,58.00241599619619,58.76834974988178,57.934434632130824,58.294902485748594,320913
2015-10-26,STK_01,58.693513698003784,59.580680379326225,58.452203479095175,58.89213072944953,641632
2015-10-27,STK_01,59.72681703130262,60.628546699270245,59.59099481726493,60.041738762098014,952276
2015-10-28,STK_01,59.79849463567631,60.04231647680312,58.67925391038678,59.181947350179406,839101
2015-10-29,STK_01,58.79280114722094,58.808502310449384,58.32822416055854,58.40173474605149,153108
2015-10-30,STK_01,59.85261929058978,60.8047664757729,59.257996429046656,60.56196126112688,445211
2015-11-02,STK_01,60.90305213838274,61.56888588170832,59.18622496245349,61.25376359740347,49234
2015-11-03,STK_01,59.089790442646134,59.74638448558396,59.03441455584601,59.133638585866755,764808
2015-11-04,STK_01,60.8969578979814,61.598421301725004,60.21042285527906,60.33913016419572,87540
2015-11-05,STK_01,59.714970426335995,60.37694164849989,58.71553420803694,59.46785046840698,909104
2015-11-06,STK_01,60.63403536609884,60.744064749223256,59.13934245447709,60.137073413073686,82588
2015-11-09,STK_01,61.73608020830077,62.31782041133675,61.308840683334346,61.93009992871455,858661
2015-11-10,STK_01,62.58692761435954,63.778055463034626,62.27017133313464,62.57845022572704,194243
2015-11-11,STK_01,60.20677129572205,60.77109787050479,59.271909321370515,60.67914026083182,917671
2015-11-12,STK_01,62.73639467681414,63.41763897166991,62.69840071240576,62.97880247283973,236839
2015-11-13,STK_01,62.9107635296886,63.32019062450037,62.617499073535974,63.084065683892945,939768
2015-11-16,STK_01,62.881148781585495,64.40890049636185,62.135220151786584,62.87398538117763,326724
2015-11-17,STK_01,59.587478905246925,60.16861568354149,58.90176128298014,59.93684599022479,300354
2015-11-18,STK_01,59.848154995221414,60.53248049127486,59.44755233897769,59.883162163169956,598741
2015-11-19,STK_01,59.63955505112637,59.91259578868723,58.98591592843465,59.87238637348953,488371
2015-11-20,STK_01,58.045445065411215,58.65286229179523,57.989610635174614,58.421870361216214,334200
2015-11-23,STK_01,57.72220709523992,57.7887961805595,57.333074113943766,57.468815500511205,395207
2015-11-24,STK_01,58.13596948138547,58.79574949006344,57.93550106015404,57.98287295058444,293284
2015-11-25,STK_01,58.17928494264842,58.487893617276114,57.278625561396716,58.33682035999324,656533
2015-11-26,STK_01,58.220316945864376,58.525454124293745,57.70222469708893,57.97960998918591,64483
2015-11-27,STK_01,56.383561314614575,57.06577648701727,55.86553398157053,56.41113487159278,760542
2015-11-30,STK_01,58.75276255072173,59.57468137935504,57.31420985222265,57.90897255604526,428805
2015-12-01,STK_01,57.313510152858605,58.60962609130009,56.66809770216122,57.20848398650458,760695
2015-12-02,STK_01,57.06523194890965,57.986003136959944,55.940010635505494,57.477152876793134,293843
2015-12-03,STK_01,56.08235382739272,56.651750417462736,55.70160482592763,56.33291943094657,865945
2015-12-04,STK_01,54.603752739250744,54.93534154063189,54.062566815726676,54.451480160487165,871016
2015-12-07,STK_01,55.109221856195774,55.40028248998579,54.637099113010294,55.37984156505381,569654
2015-12-08,STK_01,56.58677369102569,57.17804063611533,55.438134009141265,56.84796918915902,328767
2015-12-09,STK_01,55.58801351726606,55.80290594678362,55.45937819898318,55.61551423616718,100455
2015-12-10,STK_01,56.999934434060485,57.22685133522453,56.6988422717433,56.96447142419353,895274
2015-12-11,STK_01,58.81791602042679,58.840504331966926,58.04963800474454,58.120096894856935,880260
2015-12-14,STK_01,56.46130629354267,56.588076594736805,55.40644844271875,56.3071134268734,902799
2015-12-15,STK_01,57.75055478693974,58.13647974167925,56.945206904242504,57.181117935617934,509431
2015-12-16,STK_01,57.841351325497904,58.27855223279026,57.51992218232032,57.838386516906134,612295
2015-12-17,STK_01,59.91252761680659,60.952662130219124,58.940169545195324,59.71369106164333,12751
2015-12-18,STK_01,57.983060133475426,59.176357834225875,57.58841974276173,58.45838936593094,769007
2015-12-21,STK_01,57.76270635463042,58.10035687093926,56.15091463399916,57.69218790200768,393494
2015-12-22,STK_01,58.03870058734887,58.524372209746495,57.28508941526845,57.859890191713546,933360
2015-12-23,STK_01,57.82873781409013,59.07348224156304,57.19465597784345,57.96915672665056,624146
2015-12-24,STK_01,58.124851025849395,58.94751800239988,57.880862746098366,58.27675519335352,789492
2015-12-25,STK_01,58.715959906872015,59.04157243449732,57.91797786689206,57.996175275636176,75940
2015-12-28,STK_01,57.88286544940796,58.090239175099136,56.53662889949055,57.834571741523554,960572
2015-12-29,STK_01,59.17965846435942,59.45071907696909,58.391914708926954,58.98543622976637,399465
2015-12-30,STK_01,59.54851398811293,59.72648028909844,58.9145310743991,59.42176832542419,113374
2015-12-31,STK_01,57.67838488136874,57.95531706430046,57.45058391944306,57.79709754562828,850357
2016-01-01,STK_01,57.8630748074895,58.416642472616154,57.265804797730354,57.974099055465956,892707
2016-01-04,STK_01,57.52970668482419,58.63213830836966,56.511267675711295,57.766493243812576,588276
2016-01-05,STK_01,57.535401321929534,57.8664043238905,57.189214718504616,57.33549164534391,849106
2016-01-06,STK_01,58.30735490585839,58.50768348989579,57.99204156477484,58.457532010821765,683286
2016-01-07,STK_01,58.50867533110061,58.669123881366346,57.477107782644424,58.35377498366192,493543
2016-01-08,STK_01,56.90456119188032,57.6142891440805,56.2104229742831,57.213372689336644,401402
2016-01-11,STK_01,57.577954420900554,58.169754740208354,56.483284668707945,57.12339342231499,869277
2016-01-12,STK_01,57.018755841559255,57.77421390562776,56.86487620074969,57.312944872584026,853444
2016-01-13,STK_01,57.425661393475714,58.20724837372313,56.8504522337809,57.05075910610356,636257
2016-01-14,STK_01,56.04841979896176,56.061746361332084,55.221559542823414,55.65170755828863,804715
2016-01-15,STK_01,55.38883014477439,55.94297954006433,54.29220713831638,55.62582956603796,776186
2016-01-18,STK_01,55.31801070140939,55.663972006893005,54.42122090292629,54.989087439472065,837762
2016-01-19,STK_01,55.07381348308427,55.95664509615143,54.813006172526805,55.57117882763609,438523
2016-01-20,STK_01,56.17028789950494,56.25811416325096,55.733679998292956,56.04322295645736,832529
2016-01-21,STK_01,53.41397232949111,53.66717373367199,52.88014611118617,53.40795709769173,474433
2016-01-22,STK_01,51.16622825141033,51.962538197088655,50.97490831103945,51.07621507322275,398703
2016-01-25,STK_01,50.47493241359999,51.88549737535737,50.22197850852689,51.07825696086337,890835
2016-01-26,STK_01,49.83173461757574,49.89243731230451,49.087524313435615,49.55318012750084,78859
2016-01-27,STK_01,50.34663235150054,51.403189488958986,49.77601651121019,50.10813480088128,869447
2016-01-28,STK_01,51.079384776315,51.76298050200389,50.81314065016853,51.42590180210605,256208
2016-01-29,STK_01,52.26363323626118,52.319642920868354,51.73166441784415,52.13195833122998,792607
2016-02-01,STK_01,52.809991146734454,52.973753760226515,52.53868521498212,52.70908024627097,663419
2016-02-02,STK_01,53.468156281340924,53.77999693926961,53.17923937802732,53.45984823100579,127928
2016-02-03,STK_01,52.35540750190986,52.55361994059628,51.4190084128294,52.08789385356488,553505
2016-02-04,STK_01,53.41575638379083,53.69442484983993,52.8079156306381,53.071693820146365,830932
2016-02-05,STK_01,54.648173973588875,55.28677750073226,53.83502372765199,54.032062931712865,439148
2016-02-08,STK_01,52.17521018774583,52.98051524420025,51.56257074559817,52.12204962981801,170137
2016-02-09,STK_01,51.5678035279928,51.63532398965323,51.46354034388304,51.487658330644265,699038
2016-02-10,STK_01,52.39985893345079,52.64496781980406,51.80112349796964,52.34425311543825,156547
2016-02-11,STK_01,52.854588961445856,53.0297223535866,51.773611736408256,52.99096345574124,620056
2016-02-12,STK_01,53.02019227263459,53.261855119555875,52.71607944139072,52.833333305187125,635648
2016-02-15,STK_01,51.940152825732106,52.154759395008014,51.411016373556144,51.77672963713845,670712
2016-02-16,STK_01,54.00497515066797,55.22798911614072,53.690296932045634,53.791662531996764,962179
2016-02-17,STK_01,53.79494004238008,54.11670290235682,52.854120025089095,53.86395103592266,211315
2016-02-18,STK_01,54.00514538070858,54.58242687888184,53.2847200582068,54.1311006439206,889143
2016-02-19,STK_01,54.30647758641796,55.030897715846905,53.82559728677582,54.42082589224428,486899
2016-02-22,STK_01,52.51813811460759,52.94567126915625,52.16943554344575,52.80044285621628,115061
2016-02-23,STK_01,51.96555862113245,52.715289993251496,51.55295601598773,51.730605299819345,387344
2016-02-24,STK_01,50.50293098590265,50.98109502688257,50.27104049805645,50.81622344250151,463909
2016-02-25,STK_01,50.72681434946351,51.01510417822263,50.315649898798924,50.48877469156412,548963
2016-02-26,STK_01,51.83336120548107,52.549857451962744,51.74471315534983,52.40959508182964,507244
2016-02-29,STK_01,49.4980115850555,50.075062355286605,49.32656679502205,49.5021460037018,938616
2016-03-01,STK_01,48.79137956322012,49.25506135447644,48.73430356145243,49.103132581903,898332
2016-03-02,STK_01,47.99187746354443,48.32093083659935,47.830744201753134,48.08673830589317,805445
2016-03-03,STK_01,46.03085103020195,46.40139513814423,44.566984314858466,45.667314079326054,830149
2016-03-04,STK_01,47.098169962607614,47.46967221791291,46.48449465108089,46.90418800899618,217043
2016-03-07,STK_01,47.59487233599272,48.724556770917374,47.568776640434315,47.925674919637835,739359
2016-03-08,STK_01,50.03942835996427,50.645545382491164,49.316868270988316,49.55833126841021,77964
2016-03-09,STK_01,50.84580733144656,51.388456318356475,50.37291739662935,50.71278746606105,623124
2016-03-10,STK_01,51.08788561209484,51.90997160208216,50.67473987548181,51.05233135366576,620162
2016-03-11,STK_01,50.868288139452865,51.122630087866106,50.56502906242669,51.00686672712651,805525
2016-03-14,STK_01,51.91618118686478,52.16946211804111,51.08424568382654,51.96131255175147,314265
2016-03-15,STK_01,52.36197698335446,53.38717668977536,51.886239773425466,52.58217024150594,473552
2016-03-16,STK_01,52.653888316963005,52.90753787127783,52.17909662943176,52.73914886785019,516817
2016-03-17,STK_01,51.19244108586067,51.580649313159206,50.55942463973284,51.54731766231738,519612
2016-03-18,STK_01,50.87679460722718,51.62736462931575,50.8070640673189,50.884444972606474,107054
2016-03-21,STK_01,51.21488726502172,52.14090056542189,50.87672136870275,51.14531978669695,215715
2016-03-22,STK_01,51.813835403013506,52.220586099994094,51.35425795435181,51.547198680379886,841882
2016-03-23,STK_01,51.307050882268214,52.61462883704185,51.08643807349668,51.9780972087504,48449
2016-03-24,STK_01,52.33404909361347,52.61891378721002,51.22264916545176,52.408016448894564,617569
2016-03-25,STK_01,52.72467305243741,53.696021243678,52.11567114095342,53.02525299981105,376898
2016-03-28,STK_01,52.40094088760587,52.601248616657806,51.88906724102008,52.54606736082011,699646
2016-03-29,STK_01,53.70927261735967,54.2160933643362,52.97820962340211,53.28255178048315,670274
2016-03-30,STK_01,51.738351917428915,52.31928073699736,51.57482650307293,52.02958721713515,568195
2016-03-31,STK_01,52.32613118435041,52.91171577272197,52.111312948665706,52.27045919435877,753722
2016-04-01,STK_01,53.798713752515496,54.23443005797353,53.21163131564294,54.00595477173939,954035
2016-04-04,STK_01,53.75776640917135,54.15076344165149,53.21897543980281,53.565684410709515,350034
2016-04-05,STK_01,52.94052221005703,53.34731334436555,52.02878821304937,52.65629762329549,42547
2016-04-06,STK_01,53.52621910815325,53.776810874792766,53.37109723246695,53.64119800476412,282690
2016-04-07,STK_01,53.085314451611154,53.55938539018983,52.42682082435199,53.357084655322986,669353
2016-04-08,STK_01,53.52130006778282,54.16354499405126,53.51295272028492,53.88370291730183,787418
2016-04-11,STK_01,54.57555932015489,54.97085308427101,54.55955371861861,54.810504081833976,428007
2016-04-12,STK_01,55.65038671501923,56.281680326517694,54.77710275487047,55.62638889058976,160419
2016-04-13,STK_01,54.81675820999126,55.22552459613902,54.65708896160444,55.203911888528445,11644
2016-04-14,STK_01,55.00712946273254,55.34947153631921,54.56186753649476,54.67389730837539,919258
2016-04-15,STK_01,56.74757514500914,57.00436024584852,56.66386898041329,56.81774887509847,348408
2016-04-18,STK_01,56.37421835823543,56.90681894831882,56.33036297369423,56.59263246492665,237191
2016-04-19,STK_01,55.96787801345309,56.838174803745645,55.793008062966344,55.83454955974081,322804
2016-04-20,STK_01,57.07455280192344,57.883618672706845,56.61108064372692,57.335691001624454,188275
2016-04-21,STK_01,57.52819785263221,57.62231903461667,56.5551373012484,57.55541467949975,608483
2016-04-22,STK_01,58.690334874911244,59.27648852912834,58.46507204716129,59.117377571732085,679416
2016-04-25,STK_01,61.07316081189399,61.64750477186189,60.69397667010189,61.107961513674915,910366
2016-04-26,STK_01,61.000123250028054,61.51981022608616,60.52403008336122,61.1329902241463,834200
2016-04-27,STK_01,61.528542458776954,62.470899676633195,61.330733884244914,61.87413408746225,973452
2016-04-28,STK_01,62.37618544285413,63.20045550752231,62.362022668228946,62.80967229356886,805329
2016-04-29,STK_01,61.75433466732479,62.09381701943666,60.44665726466055,61.6443108437026,851127
2016-05-02,STK_01,62.59692142757307,63.50407551685781,61.848925524025674,62.702575850309636,421737
2016-05-03,STK_01,62.911867052820064,63.281244203450214,62.34417043939798,62.63740637942048,139569
2016-05-04,STK_01,65.84320118407743,66.9786802654885,63.796006372657054,64.79694088036133,736225
2016-05-05,STK_01,64.2339292386518,65.41128750053758,64.02775854026089,64.2077293209056,979060
2016-05-06,STK_01,65.13260268249547,65.8957930959937,63.71863930494248,64.93279238343494,457305
2016-05-09,STK_01,64.42670255548602,64.97178034207045,64.25840016099113,64.55110299879782,729310
2016-05-10,STK_01,63.92640943977895,64.5431383709747,63.421592244348915,64.25814265667799,943213
2016-05-11,STK_01,65.30888025242827,65.77373301583091,64.69904544870137,65.05691832674272,764583
2016-05-12,STK_01,66.63531072763848,67.94257817003447,65.74242150172932,66.0623735226076,444411
2016-05-13,STK_01,68.8775126972369,69.26754389541345,68.40027244876426,68.78108084703297,989756
2016-05-16,STK_01,69.25326448560016,69.84647199345414,68.15657616681449,68.86163905125687,482877
2016-05-17,STK_01,66.5722948475841,67.23202379789895,66.09823360287459,67.10663911272829,974484
2016-05-18,STK_01,65.40718523344911,66.7521903085766,64.93818567289935,65.72289933176897,316240
2016-05-19,STK_01,64.59660157058566,65.87433144379628,64.3560569770759,64.87721716463851,638592
2016-05-20,STK_01,64.09377253760135,64.7710061937865,62.59838941787112,63.437384828300196,973633
2016-05-23,STK_01,63.616602138575296,64.37047035289494,63.14607865954373,64.03310574887226,484812
2016-05-24,STK_01,62.92261038423932,63.00736873085831,61.96841914525421,62.201023131512606,4128
2016-05-25,STK_01,63.81798152214921,64.4828454439117,63.62821849545229,63.905993563257105,381056
2016-05-26,STK_01,63.07271661268768,63.42442991966474,61.76903709636603,63.17659393054474,312282
2016-05-27,STK_01,65.00401342965905,65.76799401669584,63.97607090354725,64.92629307693709,598836
2016-05-30,STK_01,65.23082294834839,66.87005656285571,64.12557733490107,65.03563227989035,873614
2016-05-31,STK_01,64.21765839559751,65.02955284569967,63.49619439357823,64.33833819185445,470414
2016-06-01,STK_01,65.02055993447884,65.47218553199465,64.09353088738371,64.68738636235176,601094
2016-06-02,STK_01,63.78683885034933,64.1070696142422,63.779653015289696,63.95785691501444,547989
2016-06-03,STK_01,64.88301647750436,64.99609929756909,64.00957470113032,64.51275060185777,186963
2016-06-06,STK_01,63.20872233672636,63.877275236983834,62.84416782379213,62.991695724472834,499489
2016-06-07,STK_01,65.15528007225711,65.28796414978186,64.10717460362554,64.97347750292087,360221
2016-06-08,STK_01,65.06871054164104,65.82730298547374,64.95545589445463,65.70471195983468,129928
2016-06-09,STK_01,65.57235607023722,66.56478610715207,64.72935223263929,65.79956422351351,375670
2016-06-10,STK_01,67.55969285476304,69.37172734996588,66.85704782406174,68.29460973119865,318664
2016-06-13,STK_01,69.66785958015363,70.03364673433778,68.6266561098078,69.76767717037495,529082
2016-06-14,STK_01,70.87958437562773,71.44156562750501,69.76460202096872,70.44711011314793,840679
2016-06-15,STK_01,68.58818310621167,69.04702698450235,68.0773422713845,68.89826055383787,712492
2016-06-16,STK_01,68.67240452492625,69.37578606848211,67.30483033139473,69.26585189155128,236965
2016-06-17,STK_01,68.10219664334599,68.65375672582256,67.40813143969184,67.67158148694823,345598
2016-06-20,STK_01,67.10538142269687,67.84832282586346,66.7080587698746,67.13119877536884,492232
2016-06-21,STK_01,65.9683441771888,67.23383144177772,65.76895497237432,66.22907216549073,899619
2016-06-22,STK_01,65.27472421980481,66.30635921351006,64.79708303735302,65.57133341242113,509658
2016-06-23,STK_01,65.39805625952181,66.01846419954263,64.74185994760751,65.21226963694322,554782
2016-06-24,STK_01,63.944560528494165,65.32057838026941,63.69014709449476,64.31464223568223,918848
2016-06-27,STK_01,63.55579389998868,63.806052712581874,63.05018307303865,63.08061438101804,124377
2016-06-28,STK_01,63.50604837151495,64.32660073024043,63.152235604916044,63.42565856137734,419151
2016-06-29,STK_01,63.73012275422642,64.4501308185712,63.22321001128005,64.06196199322923,810766
2016-06-30,STK_01,61.620987244292195,61.98449738286387,61.41159821480906,61.92787134774557,404408
2016-07-01,STK_01,63.08286357506252,63.611789657517654,62.354646877072895,63.05321229775948,769498
2016-07-04,STK_01,63.33832319627091,63.578220269534,62.581780733987884,63.18790807963082,571189
2016-07-05,STK_01,63.409291172258136,63.51308804674502,62.72109243413282,63.378448189623775,256794
2016-07-06,STK_01,64.28047931214594,64.83618588647919,63.5097927477512,63.92707580194734,879272
2016-07-07,STK_01,64.6232324996688,65.29952966702842,64.34872383171556,64.59085458014404,756112
2016-07-08,STK_01,64.03322557858937,64.69209401490005,63.257226198340284,63.70820194932678,268697
2016-07-11,STK_01,66.38377721223256,66.83227769839388,65.67870913726368,66.36679650792016,956508
2016-07-12,STK_01,66.6324832995238,66.83264051045127,65.99101307060913,66.17438379917722,62312
2016-07-13,STK_01,66.54032098304647,66.66647044730601,66.19023076657572,66.46299790952024,663064
2016-07-14,STK_01,63.42187222006921,63.986403602533066,63.26097146173123,63.49975532451012,322591
2016-07-15,STK_01,63.664288806497936,64.78392375647863,63.116845816494546,63.98682977044774,475614
2016-07-18,STK_01,65.10683325659029,65.94263027979126,64.36878944836256,65.08521977575596,448889
2016-07-19,STK_01,63.490531160284846,64.0492791613135,62.39848682396299,63.32186540470123,228706
2016-07-20,STK_01,63.28509447470403,64.82945002460067,63.233517476097305,63.29226426432126,80953
2016-07-21,STK_01,64.67318501961154,64.77382755337314,63.63688297241936,64.57762644884951,695211
2016-07-22,STK_01,62.8715998203358,63.426141454053294,62.72175426530425,63.20016677963178,789033
2016-07-25,STK_01,63.524445332320944,63.9801911328106,63.23998500381552,63.26493413907687,443930
2016-07-26,STK_01,64.45069237802261,64.6979814436259,63.796292681673684,63.96936729954083,467972
2016-07-27,STK_01,62.79561332468433,63.5831400168692,62.57678563833629,63.12384958364073,317271
2016-07-28,STK_01,64.41688202451678,64.62260840455279,64.02773370635317,64.61415974692476,639756
2016-07-29,STK_01,64.61422054060156,64.77795989476967,63.92022247341904,64.09587890774296,149803
2016-08-01,STK_01,61.58883139457993,62.261277361299186,61.470252492282945,61.95431844525517,828569
2016-08-02,STK_01,61.255906646144894,61.94366130748983,60.9571740871774,61.03635541809895,222561
2016-08-03,STK_01,59.620322474400595,59.6365400915485,58.61315795939762,59.35419023367557,262582
2016-08-04,STK_01,59.02071690261176,59.86499588747494,58.09595951982594,58.449002174939274,308991
2016-08-05,STK_01,58.653713368245,59.0236720477449,57.984438024621184,58.9132322362659,378161
2016-08-08,STK_01,57.390235084861814,57.59250498051547,56.985292169005184,57.151290345500165,590474
2016-08-09,STK_01,59.370853921674836,60.25678283702014,59.312049264377926,59.330695515633586,485247
2016-08-10,STK_01,55.58449497353942,55.91211102291607,55.16605745281446,55.47464959786153,333587
2016-08-11,STK_01,54.71848873083178,55.140856439813504,54.637758806136674,55.05055455912247,58055
2016-08-12,STK_01,52.94147397695025,53.74158723639074,52.789409910581156,53.01408981498426,361752
2016-08-15,STK_01,53.48781043121272,54.05150478087246,52.68727451444046,53.91607415641586,311417
2016-08-16,STK_01,54.165589001657246,55.102212841980794,54.087383736899184,54.59211320126898,808450
2016-08-17,STK_01,54.52329374766896,55.115824169786876,53.10992149024618,54.30663718426689,301743
2016-08-18,STK_01,55.17978061902082,55.81885012329069,55.10608395272232,55.14642058209016,892669
2016-08-19,STK_01,55.309885251335636,56.19573386300363,54.79432681292304,55.61005022421047,962127
2016-08-22,STK_01,55.987834220968786,56.35801746016464,55.19904272935318,55.786154289470446,242811
2016-08-23,STK_01,52.84857137496402,53.636020451623494,52.78702802470259,53.06016710504293,84959
2016-08-24,STK_01,51.43620612638911,51.976580287508554,51.156845985232884,51.83928501852821,407489
2016-08-25,STK_01,51.0139608042075,51.350610911923326,49.84864391750297,51.075571917648766,897653
2016-08-26,STK_01,50.55395928785449,51.35843990150957,49.545705846825996,50.65989634049451,929500
2016-08-29,STK_01,50.56555159221907,51.39029561407515,49.87942798682342,50.528204424261176,705928
2016-08-30,STK_01,51.131359036046184,51.49181368831713,51.10520164212683,51.2773244967134,272477
2016-08-31,STK_01,49.31103587193046,49.971200626823524,48.93770341675152,49.22249977016705,809542
2016-09-01,STK_01,48.75766715574084,48.87510564034601,48.14781970173801,48.59918043149341,35476
2016-09-02,STK_01,50.35090711632526,50.78680148473365,49.79497427168567,50.20183914791678,780657
2016-09-05,STK_01,49.8694541705049,50.365569166622315,49.25586137834691,50.039766659405224,147847
2016-09-06,STK_01,48.43030055260194,48.91159019507144,48.39099322077106,48.679376588165745,521796
2016-09-07,STK_01,48.94387144525316,49.41053035113931,48.36037050956194,49.08277540723611,95500
2016-09-08,STK_01,50.28046499531064,50.91907027449795,49.47512307356371,50.02470512389974,531335
2016-09-09,STK_01,49.21908576206966,49.40598575946508,48.919263769634526,49.21706049339632,162610
2016-09-12,STK_01,47.54080358264928,47.953650941967275,47.291477003640274,47.90717529012802,593574
2016-09-13,STK_01,48.446328052295534,48.67180873524557,47.5118195098037,48.197561292945934,448544
2016-09-14,STK_01,47.948993093874954,48.58313905046502,47.511773284758895,47.706864062870196,602599
2016-09-15,STK_01,48.33038240736337,48.88543686900453,48.325222674364404,48.52688417291384,106087
2016-09-16,STK_01,48.10786983405683,48.39770185993374,47.99643295661846,48.21491053828673,683689
2016-09-19,STK_01,49.341801756914556,49.388627948353935,48.87699145632716,49.16096161034528,788311
2016-09-20,STK_01,47.60965679808632,48.29783706562573,47.390288746861266,48.21787580543342,167775
2016-09-21,STK_01,48.91041654249851,49.14085161227515,48.50381547363331,48.94242577926899,273814
2016-09-22,STK_01,48.215824502015884,48.88726980521929,47.96889413625279,48.45397792937788,369289
2016-09-23,STK_01,48.13305002603674,48.72448009600679,47.415870570372455,48.16043026293642,723893
2016-09-26,STK_01,49.232845250006804,49.426224766997315,48.52586262577403,48.747520478199064,373729
2016-09-27,STK_01,49.23277532457792,49.51338146883788,48.439863270664745,48.6834076553168,714150
2016-09-28,STK_01,49.03118599752378,49.23295788590577,48.51953747449561,49.030453962599196,864847
2016-09-29,STK_01,49.24536871451879,49.62632039549068,49.22468023876637,49.617894527061345,673853
2016-09-30,STK_01,48.783965073973015,49.19904419824949,47.4677271050657,48.46679489006138,391695
2016-10-03,STK_01,50.44173912036935,50.60918571768474,49.63528153331878,50.270839367246865,174553
2016-10-04,STK_01,49.57747994481952,49.83897548957532,49.55110350303265,49.79844074067021,772180
2016-10-05,STK_01,48.94309445517326,49.26074124113358,48.909027398055976,49.032438297493854,803466
2016-10-06,STK_01,48.09160534086997,48.677901904226225,47.978823024757574,48.03851025227959,55876
2016-10-07,STK_01,48.37127988300277,48.61859458153894,47.525411432035135,48.15859553960283,62458
2016-10-10,STK_01,48.004506594821315,48.45980423858698,47.29406913017735,47.813183677704835,441019
2016-10-11,STK_01,46.15810724803146,46.42155902179253,46.12851377613696,46.18671739066289,167704
2016-10-12,STK_01,45.694019406613776,45.99395007383611,44.343421260539095,45.77989342816006,731555
2016-10-13,STK_01,46.987529548913145,47.867799113071975,46.39117296162181,46.6541981101016,730868
2016-10-14,STK_01,45.46376231027119,45.57212238314714,44.14002664274045,45.04829672429125,417997
2016-10-17,STK_01,45.15810793738637,45.501181259961875,44.32836188544742,44.979138154403685,477964
2016-10-18,STK_01,45.75762929725271,45.92582685051188,45.71313068513764,45.92539411131321,8564
2016-10-19,STK_01,44.75672751672661,44.83076734698367,44.498272277554854,44.572073755399416,86233
2016-10-20,STK_01,43.361405869790836,44.105423472997984,43.21624259085135,43.98128639355139,299338
2016-10-21,STK_01,43.4642135653441,43.66132944154469,43.42548205105543,43.490252562892046,250917
2016-10-24,STK_01,41.96271739634477,41.987275635585995,41.48424159050097,41.80471566915259,208541
2016-10-25,STK_01,41.772786527736166,42.294680052623875,41.27033073661282,41.814918166147244,356100
2016-10-26,STK_01,41.184005334568305,41.612843826921804,40.82948280554823,41.17006705019434,250428
2016-10-27,STK_01,41.2728894463971,41.84546382401494,40.56975853161339,41.44924238129264,769820
2016-10-28,STK_01,41.251876048834774,41.29050181260293,40.6435962036578,40.9047408169402,985062
2016-10-31,STK_01,39.16242559339313,39.30369888535417,39.095399566260824,39.26989482885738,48126
2016-11-01,STK_01,39.42711269012162,39.8757452103714,39.3648197780271,39.71733020096528,860464
2016-11-02,STK_01,40.009174840967226,40.22626128628549,39.45578495494394,39.52454825946719,836840
2016-11-03,STK_01,39.90107414510092,40.43586561372869,39.793843736040884,39.84704688327197,131466
2016-11-04,STK_01,38.886850937532984,39.19873668783836,38.174760717861574,39.10712570303283,275660
2016-11-07,STK_01,39.56771993369119,39.81078213428696,39.398012454625736,39.40696994929128,246838
2016-11-08,STK_01,39.01339416315839,39.46347203805541,38.79165215066604,39.13564216923297,207608
2016-11-09,STK_01,40.47937791197423,40.924547041914536,39.72610437189154,40.317234688910006,779273
2016-11-10,STK_01,38.8709998395397,39.02320354524847,38.86832170931141,38.98901773584351,630169
2016-11-11,STK_01,38.90569492774666,39.01427109895853,38.4602261378545,38.71488526583339,182028
2016-11-14,STK_01,38.34240092743141,38.42958957124138,38.020613836814725,38.04843419569196,785594
2016-11-15,STK_01,38.354318087165105,38.624755101452,37.89101703700638,38.204159256677976,287907
2016-11-16,STK_01,37.93787816462796,38.36974953956051,37.79039370531868,38.16488365512455,39670
2016-11-17,STK_01,38.70529609044923,39.17515480213402,38.20280614710516,38.64480563854738,606203
2016-11-18,STK_01,37.97845574058057,38.33657646850975,37.89655091234674,38.03664566896619,236950
2016-11-21,STK_01,38.134778604260966,38.16137039665204,37.869379824621774,38.13382080940088,429225
2016-11-22,STK_01,37.657774600158,37.968703944128954,37.51638630797315,37.78767754047024,621153
2016-11-23,STK_01,36.7350370426887,36.8051178240211,36.20433849289652,36.34768571604395,941159
2016-11-24,STK_01,36.52939752964529,36.921659691158304,36.31308761837733,36.83665610701715,863964
2016-11-25,STK_01,37.30963094818532,37.54181308068801,37.0447840893361,37.349159270661644,630197
2016-11-28,STK_01,36.082391817811214,36.90188594839283,35.99974907905985,36.5752441242155,967044
2016-11-29,STK_01,36.955022922041906,37.09287052254077,36.298997003485084,36.87213985969265,189664
2016-11-30,STK_01,37.39926821099582,37.50320977868156,37.09364848336276,37.11540518914217,352811
2016-12-01,STK_01,36.921562729466466,37.1610546862849,35.451291835793654,36.61038937707636,738735
2016-12-02,STK_01,38.11535451993389,38.456159522644725,37.30709853641936,38.23008773382815,99564
2016-12-05,STK_01,38.323687542893275,38.4006986918937,38.171653255599736,38.37918856889874,103808
2016-12-06,STK_01,39.152760935506286,39.412123109077406,39.100560436355536,39.1449435118775,212909
2016-12-07,STK_01,39.45870039363413,39.64328313894083,38.66140207228021,39.35043495464217,646833
2016-12-08,STK_01,38.95977129944959,39.633982775182375,38.859574737663,39.202402885888304,244377
2016-12-09,STK_01,41.01465483042461,41.570056410076724,40.27703305351361,40.72141048198071,380314
2016-12-12,STK_01,40.24448085831526,40.58777496080982,40.192248619187026,40.469747143091325,903563
2016-12-13,STK_01,40.17623102020517,40.87317435220856,39.45044503783101,40.06073863964095,983978
2016-12-14,STK_01,40.61106812411834,40.62165062608954,40.29566416434147,40.31666309826097,390662
2016-12-15,STK_01,39.03905370392576,39.124205315879024,38.950084541480514,39.04480624485977,889261
2016-12-16,STK_01,37.59171795084624,38.04562276440887,37.27614038020499,37.68357639845522,866132
2016-12-19,STK_01,38.415130232157466,38.63959474115259,37.77285928794443,38.18133965218868,703412
2016-12-20,STK_01,38.09167484437441,38.377177400214926,37.933114948796984,37.947772394880104,389092
2016-12-21,STK_01,38.63689910794874,39.00820382846369,38.04509320198789,38.58586800408622,567677
2016-12-22,STK_01,39.141935496269625,39.94324121134213,38.71963762454538,39.279697397656086,967324
2016-12-23,STK_01,38.705423795313614,38.83293916654417,38.54747670498552,38.82268274177899,339392
2016-12-26,STK_01,39.95517487807946,40.27549794243752,38.631239063445804,39.69796479064001,688725
2016-12-27,STK_01,40.34190287831254,40.73253337870395,40.20697239984914,40.34988632477595,499588
2016-12-28,STK_01,40.11838782573301,40.61308519557611,39.36112956799646,40.199492408480495,223655
2016-12-29,STK_01,40.46988510294115,40.54738627722275,40.24032526044262,40.42660384359767,598754
2016-12-30,STK_01,41.754728879520236,42.29969952324565,41.21339634636699,41.796247227728145,331787
2014-01-01,STK_02,98.32620371703148,99.00577924839656,97.50065183419353,98.67222716706313,637239
2014-01-02,STK_02,102.15528083658229,103.40185741260088,100.94004300893215,101.40720083644801,499225
2014-01-03,STK_02,100.22903430086981,101.33697374561085,100.07076512224629,100.61298694887023,842752
2014-01-06,STK_02,101.4507987146161,102.25161646320844,101.19334536840114,101.77538544557325,599709
2014-01-07,STK_02,103.60246334850272,104.93730601424201,103.25434007790119,103.28681374461449,346294
2014-01-08,STK_02,101.76526284202197,102.02262155730439,101.6628993597041,101.73583639188729,272239
2014-01-09,STK_02,99.69166968173944,102.55691655370708,97.55423369441473,99.61908246726101,856021
2014-01-10,STK_02,102.16206879361995,102.28393274282881,101.70499400238374,102.08006896959942,271135
2014-01-13,STK_02,98.90577406437457,99.71670326005253,98.68370993615302,99.67446674956098,730907
2014-01-14,STK_02,97.23746347023271,98.41510316089526,96.15569018168537,98.06215557947766,616060
2014-01-15,STK_02,95.80273642087634,97.65700486318929,95.61440187191995,95.70993619550926,325122
2014-01-16,STK_02,93.92906005579886,94.64793805012282,92.58947400876386,93.97244003887866,924474
2014-01-17,STK_02,90.79306198372917,91.28640620688252,89.59713186483471,91.20031383205088,962148
2014-01-20,STK_02,89.41382325285113,89.92467872206248,89.12965164430116,89.70930226721629,434704
2014-01-21,STK_02,89.85861770171907,90.41770766414382,89.04893874429622,89.19584440400888,928191
2014-01-22,STK_02,89.84267628162782,90.02559497215161,88.84034068317793,89.38947773211952,324983
2014-01-23,STK_02,88.10511874470978,89.19981413832639,87.84780352552983,88.48571000486218,610699
2014-01-24,STK_02,88.95247258872831,89.86918823563617,87.69128083949441,89.75702097737017,888308
2014-01-27,STK_02,91.61655389799834,91.77493265762014,90.3994030216586,91.1551858721768,874304
2014-01-28,STK_02,90.71542973740233,91.27025981945009,89.76315267086855,90.58739260840599,292831
2014-01-29,STK_02,92.24134209531597,93.36345575762836,90.58832314936234,92.88426430540409,867711
2014-01-30,STK_02,89.46274762930874,90.8474442304517,88.00579575333028,89.676662912114,134086
2014-01-31,STK_02,91.16147305910836,91.47177345578207,90.34759552922792,91.00910954408076,573898
2014-02-03,STK_02,88.14470139254651,88.4944645128725,87.03324148556513,88.02686373277787,897386
2014-02-04,STK_02,87.30622451345248,87.94430245853354,84.79090693675522,86.95017863645162,702929
2014-02-05,STK_02,85.75749282742782,87.04763340127765,84.96627846144679,85.61829571290674,874723
2014-02-06,STK_02,86.32451363026618,87.5986358017834,83.98787251485,85.87849012394098,427360
2014-02-07,STK_02,89.37540905363788,90.09693243708458,88.96669659980695,89.49641783713761,859905
2014-02-10,STK_02,91.09822806444207,91.82654438526367,90.48704632044549,90.93754991494943,307524
2014-02-11,STK_02,94.90251805933708,95.79633729119954,93.94527352006854,94.34091783125692,990266
2014-02-12,STK_02,94.20700144058812,96.67028011617047,93.78261956083756,94.95908108288478,951459
2014-02-13,STK_02,96.5388928961354,97.04927184577284,94.39658657673715,96.04521909578342,28019
2014-02-14,STK_02,94.37139155047119,94.39710114880646,93.7354302115584,94.04324926909565,214275
2014-02-17,STK_02,93.19785546697109,93.8313842517959,92.11119598469575,92.75238150172257,91544
2014-02-18,STK_02,92.1592317100338,94.23662128886906,92.09032465964074,93.07536866414064,603477
2014-02-19,STK_02,95.45599430941125,96.7574779012166,93.88211270614917,95.07448715820847,881739
2014-02-20,STK_02,97.92187605732018,98.57171885514333,95.33085048611653,97.41320050527662,945274
2014-02-21,STK_02,95.99486259345487,97.47789087268926,95.81665195453056,96.29223887916345,296103
2014-02-24,STK_02,93.83553234332197,94.25550903369206,92.80253264413119,93.97905904015352,334806
2014-02-25,STK_02,94.2458876537687,95.04246408097292,92.85626151063364,94.13021825815105,481743
2014-02-26,STK_02,93.0955195757142,93.56528862294574,91.88418866190256,92.7025266182322,7774
2014-02-27,STK_02,91.05591507033077,92.171729030607,90.49974837115144,91.63394526365751,616950
2014-02-28,STK_02,92.54229335757562,93.45483067874997,90.19508524767937,92.6329548136789,548426
2014-03-03,STK_02,95.81768732094838,96.53573731245652,95.05514579533583,95.69205918534968,803350
2014-03-04,STK_02,94.52877512089471,95.92318197136181,94.35975970764837,94.68709642518746,732072
2014-03-05,STK_02,99.45442942719426,101.3002190151491,99.43015240522222,99.76059557763966,45006
2014-03-06,STK_02,97.25010052359438,97.38701216916031,96.29620289337255,96.78718416880906,662954
2014-03-07,STK_02,95.30765322360043,96.30118094650442,95.0121622205751,95.51457015564345,14734
2014-03-10,STK_02,94.86174293011969,95.19622656579699,91.94779144968066,93.47853999608178,983408
2014-03-11,STK_02,94.53935404019782,94.54664781290248,93.29879824977985,94.15494400765135,510467
2014-03-12,STK_02,96.39164665632887,97.21266083622874,96.06120540631056,96.64400958128216,369186
2014-03-13,STK_02,96.92973960007389,97.82174394606358,96.1543828608948,96.68683371183968,680387
2014-03-14,STK_02,98.51879379243267,99.74012972612178,97.65439111598293,97.68758640274426,842468
2014-03-17,STK_02,95.51143445048918,96.48984975451901,93.9484468245544,96.08730468761983,156726
2014-03-18,STK_02,93.79902778845647,95.0188327464554,92.82909608216318,93.16890837858172,115505
2014-03-19,STK_02,90.86382947915969,92.52504160300577,90.32223722673477,91.08287600276404,305020
2014-03-20,STK_02,89.69474519312398,91.39226900041075,88.59488717977447,90.03085985188419,674553
2014-03-21,STK_02,93.02265826478379,95.32799327009421,91.12997895470902,93.03698510236302,769041
2014-03-24,STK_02,93.06968321911896,93.24952870471078,92.92617132398395,93.24021253603576,243029
2014-03-25,STK_02,89.00226664989383,89.36661413053402,88.24474120694057,88.81273718669578,94680
2014-03-26,STK_02,92.35677160570212,92.69748654719385,89.78497395846655,92.2920374863848,500599
2014-03-27,STK_02,92.64982380418544,92.68672251293998,91.55860332303428,92.5008145248812,766071
2014-03-28,STK_02,92.73472450506928,93.21370213470117,91.76938383723379,93.08766046431862,341251
2014-03-31,STK_02,93.120365369612,94.5132187866115,92.5262214704902,93.05432446030608,521113
2014-04-01,STK_02,95.7940207077501,95.94355600851026,94.68058294046666,95.5042547938312,81793
2014-04-02,STK_02,96.12719955907158,96.97608120824238,95.44734849624999,96.27112339339989,606711
2014-04-03,STK_02,99.44875401133847,100.61229990249744,96.64020327768864,98.1960570318442,96299
2014-04-04,STK_02,98.82260913675212,98.83802634101409,97.89517858692459,98.22695116398683,788843
2014-04-07,STK_02,97.16051225546079,97.40753192122136,96.70700162677578,96.9110771723857,811150
2014-04-08,STK_02,97.18607009268324,97.68763691432228,96.71575153554198,97.13180759543013,361755
2014-04-09,STK_02,96.85098676061244,97.07368541691663,96.81786636825842,96.89327874834281,608466
2014-04-10,STK_02,96.14385193438127,97.32643685843617,95.38512604965496,95.65398053313352,245546
2014-04-11,STK_02,94.98369809293078,96.73967072826534,94.94236709362248,95.0774825733118,130479
2014-04-14,STK_02,93.44385795603509,94.1119528249636,93.00095863778334,93.18989438169476,869102
2014-04-15,STK_02,94.63908614337026,95.18253110255574,94.56009682363236,94.97168485529623,979101
2014-04-16,STK_02,91.64605687667475,92.58613224759807,90.75429005229573,91.408059951233,218724
2014-04-17,STK_02,91.74739885790248,93.02506356113591,91.26489966901742,91.98037340477138,573066
2014-04-18,STK_02,94.83934106350509,95.23182130139455,93.6741950243155,94.90114678844412,585065
2014-04-21,STK_02,94.91466552631012,96.08426714663254,94.09667195936066,94.87687917826607,716904
2014-04-22,STK_02,92.47625282869379,94.95811465239517,91.82306648915572,93.25156992748693,29295
2014-04-23,STK_02,94.18530772865577,95.60017250175275,93.17090691798747,94.20367737314274,154423
2014-04-24,STK_02,90.04136202764957,91.39020742104874,89.50965981185425,91.05045357516366,65364
2014-04-25,STK_02,92.41152371343499,92.77108561765473,91.3875707169789,92.51059092085205,224822
2014-04-28,STK_02,95.47288062863987,96.06620553129487,95.02591861619992,95.3005701511264,98502
2014-04-29,STK_02,94.95515311599117,95.07729345957006,94.8301972437183,95.03028425257669,62491
2014-04-30,STK_02,90.6806085007183,93.36442318688707,90.67740514361331,90.92142120719441,787916
2014-05-01,STK_02,88.98265456458006,89.67383543780127,87.64285066701107,89.54729475735864,297063
2014-05-02,STK_02,87.8472403531452,88.52151742536192,87.22499400493017,88.42652586047744,643781
2014-05-05,STK_02,90.27468039761598,90.44615887265661,89.86405698930724,89.96078173752836,847063
2014-05-06,STK_02,89.78119297144903,90.53940927952469,88.38460402783568,89.25185341397254,704384
2014-05-07,STK_02,91.55441433313312,91.69130778971662,90.58861765928242,90.9060724191344,942869
2014-05-08,STK_02,91.06661293142393,91.43337283640491,88.93026718306339,90.8315649178408,642993
2014-05-09,STK_02,92.4853792371965,93.2037432108693,92.08224604450129,92.17413542305144,314249
2014-05-12,STK_02,93.24112914839621,95.2605256994173,92.78869383230406,93.306492745768,348809
2014-05-13,STK_02,94.43367899937624,94.46056310266579,93.42580885987759,93.66535626033453,542088
2014-05-14,STK_02,91.26098020540734,92.25630267367569,91.23463747436308,91.76512306773876,823957
2014-05-15,STK_02,93.71234308855094,94.06586269776,93.40164836853127,93.40907173717713,384148
2014-05-16,STK_02,94.20239463171742,95.71795607815399,92.8175096105087,94.69848958060189,306190
2014-05-19,STK_02,93.56458899645378,94.0546635884995,91.28935494846309,94.04974043858272,140646
2014-05-20,STK_02,94.88123532817175,95.34350129498748,94.45639730567099,94.5626165502177,790612
2014-05-21,STK_02,94.67855239877161,95.29915908225648,93.05537791980727,94.69311162423317,918072
2014-05-22,STK_02,92.26639128053918,93.5886818617955,91.96661622498483,92.42575962620062,111856
2014-05-23,STK_02,90.752381758355,91.59037818399099,89.31557668766018,91.30127110234407,913790
2014-05-26,STK_02,92.22574960688033,92.92098049860367,91.50525913011404,91.86472043490738,454536
2014-05-27,STK_02,89.56677656955719,89.77537717462157,88.79937101998163,89.3179287241022,152339
2014-05-28,STK_02,89.23655206250812,91.2775946536573,88.98327172129561,89.94029027365396,71388
2014-05-29,STK_02,90.53937548488977,90.55141241561044,90.46385566281168,90.53823303416428,484457
2014-05-30,STK_02,94.10535616874967,95.08228609441777,91.93701015380115,93.46939352843206,235233
2014-06-02,STK_02,95.09044050395498,95.79918894696043,94.005363914169,94.35601080168617,328701
2014-06-03,STK_02,93.42083418049893,95.2338726914174,92.42101054989999,94.17129188441504,767551
2014-06-04,STK_02,92.20151688366893,94.56500705803329,91.82844303173522,93.18085299253482,973777
2014-06-05,STK_02,91.21758044987695,91.51995364126913,90.53702345444408,90.81297260613526,561455
2014-06-06,STK_02,92.0362295503116,92.49027593724587,91.07879297880861,91.95259336723467,243691
2014-06-09,STK_02,93.50944663300251,93.77185411330522,92.88007524939732,93.34746453417577,497516
2014-06-10,STK_02,96.39200122570594,96.95475763729554,94.40386229224369,96.3290783979798,27737
2014-06-11,STK_02,95.28825960867134,96.15702159893456,95.00157538600142,95.218689248103,67497
2014-06-12,STK_02,92.22262244335674,93.43560438046927,92.03289609934004,92.62595316771079,158216
2014-06-13,STK_02,90.26877771726643,90.45258299741411,88.21186967479315,89.8830594708385,923052
2014-06-16,STK_02,91.07201107868767,91.67436955875758,90.25887693736098,91.3196595194159,118022
2014-06-17,STK_02,92.86975963803417,95.59282912493241,92.29789130525955,93.2772328651829,88480
2014-06-18,STK_02,89.7611470955645,90.10809588079975,89.68417922375755,90.0212014815502,200177
2014-06-19,STK_02,88.5568349533706,89.22305837927291,87.87289310183968,88.31923001957601,209523
2014-06-20,STK_02,87.82384157696154,89.41201285934987,87.13839531668005,88.31493755299968,815249
2014-06-23,STK_02,89.68034120082908,89.8759363903481,87.99970486890359,88.83507533000665,397204
2014-06-24,STK_02,87.42089044450141,88.40607129941537,86.85150853857822,87.79242029508745,530021
2014-06-25,STK_02,85.87563708144572,86.46065686467264,84.8167448077083,85.95076223837901,32765
2014-06-26,STK_02,84.4884562803973,85.37109984841014,83.70094634323006,84.78252872732455,435056
2014-06-27,STK_02,81.96528018875557,83.16722766138956,81.79792192101614,82.76594225235486,920731
2014-06-30,STK_02,84.62897581917905,85.12059564422454,84.31797793581666,84.82721600800303,206273
2014-07-01,STK_02,83.21487441986305,84.67096384428683,82.57788091373986,83.11316519934662,360988
2014-07-02,STK_02,85.19474297993057,85.23442827440242,83.9150912174326,84.6961410520677,139018
2014-07-03,STK_02,83.57751590824296,84.4346067841598,83.06929363028577,84.034469113047,259077
2014-07-04,STK_02,84.27896711161932,85.46697701722334,81.92444309668839,84.06385537960017,915493
2014-07-07,STK_02,83.6062659391394,84.12570409982585,82.08402165863366,82.84070279244106,905889
2014-07-08,STK_02,85.86696117845675,86.40423508887808,84.16798185287304,85.46939199912099,835370
2014-07-09,STK_02,90.22940776273114,90.76691631920103,89.02832281602872,89.95892682138962,162593
2014-07-10,STK_02,89.2645392964599,91.09551617707037,88.8103405180222,89.26692744838167,392890
2014-07-11,STK_02,90.15391688751443,90.51394022850958,89.95163746353384,90.1611381703484,808237
2014-07-14,STK_02,90.77539476810401,91.59679894509941,90.13122876248109,90.73752874692545,32529
2014-07-15,STK_02,92.24672608239932,93.29086397718483,91.8080603280733,92.87152363989414,404995
2014-07-16,STK_02,90.0675292354328,90.31565663205018,88.61979087089252,89.74627673310037,602517
2014-07-17,STK_02,87.22253396391332,87.51628018721746,85.31155964354541,87.47308503235345,994073
2014-07-18,STK_02,84.33213721501184,85.056937236751,84.00304845045073,84.51656111554749,253621
2014-07-21,STK_02,84.24431265209394,85.6710853487053,83.62102798617947,83.8284512286226,365372
2014-07-22,STK_02,82.62061396297399,82.84607911768698,82.20228166348883,82.6701294996041,698967
2014-07-23,STK_02,84.71198709795809,85.01383922564112,83.873016483016,84.70669745446557,887763
2014-07-24,STK_02,83.54330330549728,84.7116260641386,83.22532142770858,83.68483276156917,294967
2014-07-25,STK_02,82.99998755399433,83.55176550163375,82.13280460065255,82.63102843152058,751111
2014-07-28,STK_02,81.397397038975,82.63755090723576,79.65677343304789,82.19583226186863,399458
2014-07-29,STK_02,80.94054808571899,80.97468033755749,80.16211388077379,80.96156752832364,113102
2014-07-30,STK_02,79.33212915786558,79.49165338506421,77.46762239862531,79.0020791276521,43936
2014-07-31,STK_02,79.89159669101842,80.96291664937654,78.8588221994219,80.35562602636165,836079
2014-08-01,STK_02,78.97413216965572,81.34956456306247,78.3099611407605,80.7055692534075,388081
2014-08-04,STK_02,78.24268269865593,79.18658136351327,76.62639745128826,78.5600269144032,837817
2014-08-05,STK_02,79.1823814239976,80.21092234453661,77.75266184159547,78.47387744745271,271683
2014-08-06,STK_02,77.62790308123583,78.46731391855448,77.58443770936877,77.95638176910144,417746
2014-08-07,STK_02,80.50427953287306,81.31066957966762,78.95818275125275,80.18977449664199,197571
2014-08-08,STK_02,81.08424090865911,82.73583547199387,80.15693434853478,81.33313063542627,132807
2014-08-11,STK_02,81.89260361784615,83.28173368932826,81.326226981123,82.21499387338383,533318
2014-08-12,STK_02,83.32435545424781,83.48831230633638,82.95397813578795,83.24922361985762,817810
2014-08-13,STK_02,81.24882510648106,82.34445309638214,79.22341275619127,81.90543823845313,296919
2014-08-14,STK_02,83.63499470226718,84.43512887895476,83.41425796914687,83.44262577504307,438776
2014-08-15,STK_02,82.90918692858439,84.16008869942922,82.9032513613498,83.46548427193197,721402
2014-08-18,STK_02,82.62387047695856,86.01590283725457,82.07583027969882,82.86664569113118,893846
2014-08-19,STK_02,82.77893084281108,84.50739336380306,80.88905840663014,83.20680409956671,57759
2014-08-20,STK_02,82.61001783795871,82.78550781803905,82.02507583681634,82.35782743491188,317516
2014-08-21,STK_02,83.18432760898732,83.38788396627727,82.48938519133155,82.92211868022243,853742
2014-08-22,STK_02,83.50593412584281,83.85002399827385,82.85282283398492,83.25835710832679,70105
2014-08-25,STK_02,85.24621627086697,85.91980302005801,82.77167474037212,84.89273582174056,343836
2014-08-26,STK_02,86.4442508956505,87.56479591358737,86.20559256007753,86.84504909662517,496424
2014-08-27,STK_02,84.25872108730914,84.6010222452185,82.82262248320158,83.51636883231616,730872
2014-08-28,STK_02,82.78085919189097,83.34417572352403,81.37099989043489,83.08595273902677,950332
2014-08-29,STK_02,83.51597112253071,83.83845781548489,82.57459626360824,83.75568284997775,754895
2014-09-01,STK_02,84.79474199538086,85.19306663430174,84.38793997605032,85.11275286500643,567990
2014-09-02,STK_02,85.40628810025031,86.47120855905244,84.26995996861937,85.8141416038553,761437
2014-09-03,STK_02,81.14302495362969,81.85261855260433,80.0230187910552,80.96802107799186,725041
2014-09-04,STK_02,80.72739042554359,81.23095634692193,80.1158498314266,80.93761655108155,527379
2014-09-05,STK_02,81.1368181534173,81.522855464792,80.29265529952809,80.83024363641258,614441
2014-09-08,STK_02,83.78172058853184,84.33295406405976,83.50982875626552,84.10154420431046,611837
2014-09-09,STK_02,85.02365403719679,85.77565780785936,83.34870587779852,84.79126720186908,436106
2014-09-10,STK_02,85.76019609782219,86.941703820006,84.86659172395116,86.26257743169826,45370
2014-09-11,STK_02,87.19067514628313,87.72422505171642,86.59248720087645,87.56091070541476,519675
2014-09-12,STK_02,89.92890076737862,90.93104222379912,89.88967992186842,89.92087944737362,650663
2014-09-15,STK_02,92.02646786193972,93.80141973687513,89.24643496838786,91.46533214843728,494721
2014-09-16,STK_02,89.9354922426036,91.61697423527683,89.77598997583411,90.46545704987693,128979
2014-09-17,STK_02,88.70019977506605,89.30940436126892,86.4649203894411,88.0426611652279,324812
2014-09-18,STK_02,88.68566885284879,89.86153580626971,86.98096973604129,89.10160574432425,74374
2014-09-19,STK_02,89.10162570734354,90.14770312352333,87.50166548370153,88.482190492778,714500
2014-09-22,STK_02,88.65692362753366,88.85292214166195,87.77991582290497,88.39006603337916,356823
2014-09-23,STK_02,89.46415812289706,90.67760491081295,88.87900389470376,89.77784120062279,382524
2014-09-24,STK_02,90.5445622846873,91.9017045925026,90.33503519190585,90.88623360133384,162761
2014-09-25,STK_02,88.35289619851137,88.56291276203834,88.06231470423133,88.1649396551365,595716
2014-09-26,STK_02,88.31620391909514,89.7874662528243,87.92390512683373,88.85935865315294,717855
2014-09-29,STK_02,90.90594155338174,92.70118874123425,88.3658490182123,90.70298360966326,413011
2014-09-30,STK_02,93.18410335540798,93.85165038092816,92.58566591489209,92.90414356586646,223657
2014-10-01,STK_02,94.72305918891279,95.0315408786291,93.61138901923118,94.33729187245392,357178
2014-10-02,STK_02,93.16476205212129,94.01967949512697,91.87500075980634,93.98719937632056,34970
2014-10-03,STK_02,92.18596652094764,92.34425668873311,91.70849348238899,91.98113364177338,677566
2014-10-06,STK_02,90.33292035172238,90.68807672415234,90.0204286092801,90.15542010847366,601414
2014-10-07,STK_02,87.65129880069264,88.82852425997241,87.64073731659268,87.6803552655799,324427
2014-10-08,STK_02,87.82691511291331,88.83468237769817,87.7139458803661,87.98731046772654,787091
2014-10-09,STK_02,84.63919519068328,85.71202259021551,83.53271952862755,85.15224287047485,87781
2014-10-10,STK_02,82.95065255991673,84.32757545130954,82.48374195965681,83.8203680183221,427734
2014-10-13,STK_02,83.52440242605684,85.22440337280139,83.12688312028291,84.23511238788205,788743
2014-10-14,STK_02,86.0575078659098,86.34561175540443,85.72719828658778,85.87483320899682,517401
2014-10-15,STK_02,86.60959086591826,87.70420361521676,86.02318821248916,86.6640133417596,291800
2014-10-16,STK_02,88.84597606351996,89.55080851275511,88.5213800014187,89.02053311702653,565914
2014-10-17,STK_02,87.27861645991774,87.89014559137095,86.22585767195315,87.73624453782404,983078
2014-10-20,STK_02,86.71040594271112,87.41451909458868,86.39077890820683,86.48403621799461,834946
2014-10-21,STK_02,85.9649842542907,86.9695842976667,85.79600725048377,85.92996642328372,787444
2014-10-22,STK_02,85.07305972743069,86.17021147153612,84.12076222138406,85.64159634231103,530682
2014-10-23,STK_02,85.51058538244942,85.65379715552548,84.60827109982259,85.36058602073652,454616
2014-10-24,STK_02,83.86148946275524,84.15503283785809,83.69889379128045,83.74167677799907,678216
2014-10-27,STK_02,83.57165304971595,84.55699434007775,83.38684124417537,83.82124880842349,954904
2014-10-28,STK_02,82.02256342717416,82.88815333723791,81.29192263536679,82.76964232505672,522749
2014-10-29,STK_02,84.49320518154829,85.86518060183118,82.72780064092764,83.88393495009531,946439
2014-10-30,STK_02,81.5989180456667,82.77227874318912,80.91022035530138,81.46380562631784,763335
2014-10-31,STK_02,80.02356857875841,81.36198482407714,79.74040462782574,80.36802096117786,746912
2014-11-03,STK_02,85.1055371878495,86.23572445279814,83.84209421284058,84.7773364419411,861532
2014-11-04,STK_02,82.37019893691479,82.9098295388901,81.01647905823013,82.43926126470083,182690
2014-11-05,STK_02,83.61124096906956,84.89558041669416,82.7910862322017,83.95336729523255,275289
2014-11-06,STK_02,86.2058422734147,86.45412970729845,84.66692127534287,85.2131747479112,244149
2014-11-07,STK_02,86.2981213091114,86.89875569483496,85.1838947368796,85.90254106745185,957727
2014-11-10,STK_02,82.56241659397914,83.4635396394651,81.96692671416471,82.66774602749369,921470
2014-11-11,STK_02,84.4023849576149,84.72136990935795,83.47446097860225,84.42107501859077,181345
2014-11-12,STK_02,85.97802353165815,86.36871986459043,84.79211479206828,85.21543914479555,927431
2014-11-13,STK_02,81.74281896977658,82.2315351885434,81.4033042150876,81.81570956180606,283341
2014-11-14,STK_02,82.23031396359791,84.05236553178187,80.95397559635869,81.95059627688607,197321
2014-11-17,STK_02,82.09114126941677,82.7101850421446,80.93663033073283,82.35710637801505,935897
2014-11-18,STK_02,83.15043732305067,84.37358780917478,82.22117305692987,83.72000747642987,690114
2014-11-19,STK_02,83.52817874187481,84.81995394996459,83.43076120044255,84.10706430016508,897876
2014-11-20,STK_02,85.43703137156223,86.05486165440864,85.3890994065872,85.98357984532709,762953
2014-11-21,STK_02,84.9838713144961,85.10573206285463,83.76467803327594,84.26465696173247,391432
2014-11-24,STK_02,86.13836914055844,86.84896505860843,85.07416569097705,85.94984020846528,555218
2014-11-25,STK_02,85.3013464267706,86.37457793422722,83.8998730954043,85.68509877461919,727427
2014-11-26,STK_02,84.56928986911863,84.83240049066393,84.12999889526851,84.45977470292573,690934
2014-11-27,STK_02,81.10982340628725,81.52528642128422,79.73408897457898,81.29723241422289,1842
2014-11-28,STK_02,80.56504447934918,81.97326276691085,79.96155563444952,81.13643935287446,637263
2014-12-01,STK_02,80.62158303193456,80.72786869672032,79.88584081259353,80.55204097393785,957513
2014-12-02,STK_02,80.25319195770686,80.85855927857712,78.22517677595923,79.79828387105688,957880
2014-12-03,STK_02,75.92871693369389,76.87779922352198,75.08795793184878,76.35416878195227,491591
2014-12-04,STK_02,76.05145059987478,77.59937452266534,75.07855029889436,75.94289767484474,595592
2014-12-05,STK_02,72.19354383448164,72.81218398954931,71.57732788621234,72.38037570850796,363666
2014-12-08,STK_02,75.81070581406155,76.23440988214897,74.9616148439792,75.44591552302255,594401
2014-12-09,STK_02,74.05606364121016,75.24082145750698,72.24499226367496,74.50846795976595,610090
2014-12-10,STK_02,75.40026092105795,75.48196031065346,75.07586161489158,75.11046241109364,289851
2014-12-11,STK_02,77.75967895319744,78.7312422750476,77.35637095774736,77.5890770324952,24633
2014-12-12,STK_02,78.44828902027795,79.67226558782768,76.73357671678538,79.03007771743104,617482
2014-12-15,STK_02,79.80752214093178,80.0846779903507,79.19002311569461,79.60147241695276,998356
2014-12-16,STK_02,80.687696818419,80.94054278990214,79.89090219286861,80.35247327801571,360542
2014-12-17,STK_02,81.78866123224891,82.00254400999341,81.09348218344242,81.69037848227428,35388
2014-12-18,STK_02,82.2147296228044,82.34369146284052,81.70306366507657,82.30321538386667,645593
2014-12-19,STK_02,80.58395271879822,81.32628610363813,79.62228681497284,80.77339599659805,311476
2014-12-22,STK_02,82.99337478284919,83.93156777637724,82.4614657460921,83.54192416805206,963584
2014-12-23,STK_02,84.75249645256916,85.8409925761268,83.65852124104819,84.8779819050308,108826
2014-12-24,STK_02,84.33403333835369,84.82592252586859,83.98145883920986,84.19910144472135,990823
2014-12-25,STK_02,86.58330661543697,87.14371651542199,85.56926570855069,86.54887598585567,248066
2014-12-26,STK_02,83.31113048132833,84.87967905642823,82.37194284092288,83.27581615046519,683286
2014-12-29,STK_02,86.08185467979773,87.41889148703137,85.51546830062979,85.640625716028,508246
2014-12-30,STK_02,85.54229796953602,87.44000119447114,85.51227441495494,86.28332744657581,561733
2014-12-31,STK_02,82.26804086324589,82.62942057746524,81.21854866928254,82.55098526257015,278911
2015-01-01,STK_02,84.38053105071553,85.8901401209574,83.03494944056115,84.77228718006769,994706
2015-01-02,STK_02,85.30790277167605,87.70974510881884,85.05528946924532,85.92692755619638,128068
2015-01-05,STK_02,88.38649910897371,88.67723021378261,87.10967453954245,88.4329284735778,925755
2015-01-06,STK_02,85.084030353113,85.74921416719073,83.4776571094722,85.32945761488163,565877
2015-01-07,STK_02,87.45685168341801,88.35284850257986,86.64412732365322,87.27929107471385,221980
2015-01-08,STK_02,84.46846367111714,86.39747502098567,84.41315913847086,84.89277682468072,963110
2015-01-09,STK_02,82.93698789285327,84.41277443379877,80.92984464772135,82.70762358467684,506203
2015-01-12,STK_02,82.15331110747346,82.4168874104453,81.04133135270023,82.21779428373125,944794
2015-01-13,STK_02,81.26620607470709,81.45694188969753,80.47159740443956,80.85773034724137,363266
2015-01-14,STK_02,81.3858330944648,81.87040650676927,80.6403797461281,80.69517269009532,450827
2015-01-15,STK_02,76.09191759317004,77.59664405787306,75.92719617374131,76.51194425077304,71357
2015-01-16,STK_02,79.16463291635817,79.80417852457775,77.93411932150708,79.11941377119031,848309
2015-01-19,STK_02,79.36560694565057,79.68224021555302,78.4815898032337,79.23247771268348,986929
2015-01-20,STK_02,80.26757817162566,80.95985583229965,80.09930654840164,80.64928833908841,576401
2015-01-21,STK_02,79.51691941341578,80.3643720661605,77.60846885292182,79.86876611093865,305240
2015-01-22,STK_02,80.8610215893969,81.29528445403888,80.5551036567139,80.69603410460476,664345
2015-01-23,STK_02,82.10115909615622,83.10851226917512,81.59290587581668,81.70704712391456,781867
2015-01-26,STK_02,79.74491767874223,79.8919231231801,78.27892007336781,79.86180003019517,43409
2015-01-27,STK_02,81.40409972087403,81.48664572101812,80.25373225460262,81.43274818801278,986631
2015-01-28,STK_02,79.93829908293814,80.74545001203273,79.335461113996,79.88491572733352,641335
2015-01-29,STK_02,80.54570224613612,81.8494870562727,79.99798437665046,81.19140464525401,611376
2015-01-30,STK_02,80.19084149081249,81.55706006614732,79.00056894983116,80.52388359429693,115286
2015-02-02,STK_02,79.40660073225993,79.52895652789728,78.52727191035729,79.06756069040335,854766
2015-02-03,STK_02,80.20742372724513,80.65202451622432,79.10351259826449,79.4585418989341,473430
2015-02-04,STK_02,78.0147727897026,79.47029909432625,77.41536254767635,78.45651838969158,939072
2015-02-05,STK_02,77.61328234606029,79.3109084783255,77.0956814336263,78.50644369306137,379000
2015-02-06,STK_02,76.5753774649651,77.83706679146566,76.02822969121169,77.29019724885602,737303
2015-02-09,STK_02,77.42412641147126,78.78545639284353,77.04289973036485,77.6054366574655,699400
2015-02-10,STK_02,77.83880551522988,78.88558245881309,77.17764818779028,77.63370885891324,972343
2015-02-11,STK_02,75.96384551320939,77.48637194491536,74.63509357351231,75.90344218014955,855020
2015-02-12,STK_02,74.1974198296386,75.13232798347987,73.97980959295604,74.43870476639395,282045
2015-02-13,STK_02,74.77344773785993,75.547929323849,72.71237142957625,74.97289988478617,61431
2015-02-16,STK_02,72.54158705185097,73.57677902853153,71.39874564425956,72.73521274186486,252799
2015-02-17,STK_02,75.56154937741299,76.25498783803623,74.30939814288881,75.47926888227624,495760
2015-02-18,STK_02,74.72994147076402,75.08315644876707,74.13866347445625,74.78104992060437,265045
2015-02-19,STK_02,73.35017838005952,74.2704328964635,72.29374624591408,73.19332218999362,734189
2015-02-20,STK_02,74.84093253002735,75.35373395861573,74.49348755653442,75.20709842796833,217098
2015-02-23,STK_02,73.54728011848174,73.82240139884453,72.83252548713898,73.11492796436232,590804
2015-02-24,STK_02,73.65783117962172,74.03228931082784,72.93069677677644,73.62299520385262,945923
2015-02-25,STK_02,73.03041518707768,73.65816874282228,72.04660402174898,73.34956934323708,234398
2015-02-26,STK_02,75.8191331396638,76.6594066608297,75.057115026236,75.48118382289114,310061
2015-02-27,STK_02,76.51084849883551,76.52639062026786,75.25803720233002,75.71814613007774,105044
2015-03-02,STK_02,74.36173536856315,75.24591256319157,73.97289885080647,74.11416622975626,547105
2015-03-03,STK_02,78.30058871101622,79.02456045408414,77.37506793328592,77.68256211306375,853718
2015-03-04,STK_02,77.53049323872156,78.20538860159763,76.83959602140304,77.8902944233563,161892
2015-03-05,STK_02,77.6268812724262,78.1620816129135,77.17307048132274,77.89714859543862,712229
2015-03-06,STK_02,76.31222140791624,76.43662643768873,75.26707596922304,76.42605188027827,745755
2015-03-09,STK_02,74.85440866906715,75.93662420586939,74.42675110381302,74.96710697718697,379765
2015-03-10,STK_02,75.90468536873658,75.96410405494025,74.58956477644806,75.61598715764784,604890
2015-03-11,STK_02,75.25478825547532,75.27350439882848,73.0363272782292,74.88939303259545,333612
2015-03-12,STK_02,75.23693828690041,76.74072969442763,74.89705031922563,75.35497124908902,531805
2015-03-13,STK_02,75.54725618679772,76.08319213851037,74.82588701355711,74.95451579325926,759828
2015-03-16,STK_02,77.0407883916052,78.31454143467532,76.40292570439122,77.42394395852789,1539
2015-03-17,STK_02,74.58459819109534,75.33437110597252,74.51603323106487,74.76946923122078,4900
2015-03-18,STK_02,75.06982887625426,76.34553848359401,73.9655584145912,75.26233370985975,976649
2015-03-19,STK_02,74.78208852560957,75.03044348062872,73.98331467407186,74.71392219538897,629695
2015-03-20,STK_02,74.11126832542634,75.48350521842914,73.73662142146114,73.9703190407979,665258
2015-03-23,STK_02,72.68119569820216,73.87657869514352,71.44014232529193,73.01805998519896,495153
2015-03-24,STK_02,70.02701803960875,70.83756306801317,69.39874298183891,70.2207704654883,930206
2015-03-25,STK_02,71.13069022784805,71.90240378870318,70.74187448557463,71.77358609805634,351051
2015-03-26,STK_02,71.38786147462824,72.3356580114413,70.76263693704011,71.68638946005609,683444
2015-03-27,STK_02,71.25008889693594,72.74143379646831,70.69148150698162,72.17980884811175,245415
2015-03-30,STK_02,74.26398549883943,75.40744733444181,72.0713100888586,73.6029093585089,829687
2015-03-31,STK_02,73.68390197501247,73.98461487719247,73.2710665360345,73.56412776166378,530617
2015-04-01,STK_02,74.32956350390825,75.44300047209732,73.91467168632039,74.62207036881381,541580
2015-04-02,STK_02,74.96495547528691,76.51360343122994,74.4281006124774,75.36982505324113,19610
2015-04-03,STK_02,72.54758226900461,74.34372020029161,72.25897544767558,73.40926671046067,211851
2015-04-06,STK_02,75.29755817242906,75.65511380870454,75.23834189933396,75.28037722919439,94008
2015-04-07,STK_02,74.69397012556102,75.97286899765331,73.88562315330324,74.83620350040832,573765
2015-04-08,STK_02,73.98609096774491,74.84588310775477,72.17850948844908,74.083161440651,633324
2015-04-09,STK_02,74.52703827319107,75.0921048439053,74.18003692819869,74.94854208976491,365636
2015-04-10,STK_02,75.23480200822081,75.85513681564207,74.66769383466952,74.73040890115912,467164
2015-04-13,STK_02,75.62354824138762,76.69569654999297,75.24284923273812,75.98688619911346,500106
2015-04-14,STK_02,74.85968372577413,75.54160309314281,73.33665096083043,75.25593312730999,28840
2015-04-15,STK_02,73.42855468303237,74.68340035228849,73.16385636018082,73.55948473487801,93249
2015-04-16,STK_02,76.11241349249671,77.4789288198135,75.19577795310376,75.80734424598359,506725
2015-04-17,STK_02,76.23335773294151,76.2535312123121,75.15308369998164,75.4747638072304,945287
2015-04-20,STK_02,76.25237939383223,77.23086106256802,74.86591341322706,76.52575513930965,502019
2015-04-21,STK_02,76.30926439824542,76.55013510321984,75.7455270526498,76.49515077719069,222479
2015-04-22,STK_02,80.19726208158295,81.1569836494156,78.13274347489181,79.93867830443061,545282
2015-04-23,STK_02,81.50575292292339,81.88570572450517,80.57028289963182,81.70356256278238,849095
2015-04-24,STK_02,81.65279158024825,82.30524888918764,80.75558081073534,81.48410689024769,460565
2015-04-27,STK_02,82.73290178620141,83.37883925310864,82.25130793839845,82.98492993148557,4117
2015-04-28,STK_02,86.28708246305233,86.93997244884284,85.82962792906162,85.83790710770107,517710
2015-04-29,STK_02,87.74449036857428,88.5199668593806,87.01848795913129,88.42014171697717,30619
2015-04-30,STK_02,87.94434259145105,88.58392556498373,86.64131082873804,88.01708271733432,422610
2015-05-01,STK_02,88.0435939209005,88.77198057585818,86.21928299323686,87.45734154628018,739632
2015-05-04,STK_02,86.85211773024696,86.86317547000047,84.98913811112875,86.15117968521325,775918
2015-05-05,STK_02,85.15927504955943,86.89939475180104,84.50905886368578,85.1026158675711,347857
2015-05-06,STK_02,82.93973096805367,84.74509442240043,82.90120320928776,83.25527228588855,877207
2015-05-07,STK_02,81.88535396312061,82.71303653026378,80.13462251599623,82.04121512225842,155599
2015-05-08,STK_02,81.8244428668844,84.03410824607252,80.85769724933076,81.47599755432222,97341
2015-05-11,STK_02,82.7102059320182,84.3155557954628,81.69508458918524,82.85280630827462,33662
2015-05-12,STK_02,83.78839630526856,84.46623820253528,82.4897222670078,83.7335979658379,464560
2015-05-13,STK_02,84.47681329858683,86.0232181336953,82.9800404710985,84.43087635532645,195185
2015-05-14,STK_02,86.07768032540058,87.18751838457602,85.88132823401925,86.74978216287789,548400
2015-05-15,STK_02,88.36914105760961,88.83409785188854,87.43597893909123,88.51974139901877,880243
2015-05-18,STK_02,88.42778444223391,90.36698051841361,87.4341083058241,87.46474448101905,307700
2015-05-19,STK_02,88.51618719987835,88.95909862397305,87.680687091935,88.25220722925553,324259
2015-05-20,STK_02,88.87112321095387,89.80729773536716,88.62764475372624,89.48687973198824,558948
2015-05-21,STK_02,90.4116376464808,92.26393114114774,89.1997478683005,90.48192088328724,650446
2015-05-22,STK_02,88.5875333626262,89.55918094714916,88.26266859087117,89.04363305728123,214276
2015-05-25,STK_02,89.08338404948492,89.5785311168176,88.38584308498302,89.09100104730453,733928
2015-05-26,STK_02,90.04793572071452,90.35767339154552,87.71735207856595,89.9571542143372,306809
2015-05-27,STK_02,89.48736586738654,90.9658978870365,88.93452809316443,90.81208319706562,192430
2015-05-28,STK_02,91.94210244376671,92.76766945154394,91.80496557020955,92.1467931616273,643168
2015-05-29,STK_02,97.47626450672075,97.98385913833286,97.29949930177843,97.55279508512763,175721
2015-06-01,STK_02,100.38394824163807,102.07482602648969,100.18574601795424,101.41225267420536,932356
2015-06-02,STK_02,103.74540800814546,105.20345350138888,102.02141093822847,104.30914611311309,626336
2015-06-03,STK_02,102.8492038848688,103.75963925119798,102.28504697852011,102.78876229254976,596140
2015-06-04,STK_02,104.10253673422702,104.86099235584891,103.67599830667109,103.99578563906124,113050
2015-06-05,STK_02,105.69478590006862,105.88350899307582,104.84754976821235,105.16658241983853,465920
2015-06-08,STK_02,106.50788748792138,108.90983165559811,106.38136746269902,107.19426296746778,419787
2015-06-09,STK_02,108.35451011601465,108.78922104353973,106.34739306173826,107.81329072982204,854460
2015-06-10,STK_02,102.63202207085739,104.46092187339563,101.38080756997368,102.75914631861166,329116
2015-06-11,STK_02,103.41206478552074,103.9365357562566,101.40117039615201,102.7492447451949,805136
2015-06-12,STK_02,102.89253533549477,103.23421382830718,102.22202067558135,102.700141842576,653733
2015-06-15,STK_02,102.55505123041031,103.63751787416243,100.5251826725023,101.83973617773776,647785
2015-06-16,STK_02,101.8830954485886,103.79787188906678,99.75538265885181,101.65953029409711,606438
2015-06-17,STK_02,107.4274569783297,109.619384740562,106.94737259018414,107.12390072272586,324480
2015-06-18,STK_02,105.60258131164964,106.99237071838613,104.32224326198772,105.22281981231005,924428
2015-06-19,STK_02,107.15620322519226,108.31929577318161,106.4839933372344,107.89188721368733,507161
2015-06-22,STK_02,106.33865280683754,106.67363283678485,105.02854406500656,106.34974494352574,554489
2015-06-23,STK_02,104.43847764688354,106.17545876966659,104.19262597557831,105.411205896371,32770
2015-06-24,STK_02,109.19134075363306,110.95088447578341,108.74147762659783,108.89496556157195,389921
2015-06-25,STK_02,113.15869060095842,114.28456225533986,112.04999656392015,114.0122767186142,852620
2015-06-26,STK_02,113.19776338015424,114.3184791039553,111.98249527647603,112.45506678998248,992467
2015-06-29,STK_02,108.63527745353458,110.44707182608582,107.85346234100766,108.82324948483986,373219
2015-06-30,STK_02,108.24652014478892,108.65577844382042,107.62339138321504,108.61709528431746,869698
2015-07-01,STK_02,108.15808019372035,109.6584452182046,106.70060922066584,108.82200345891648,901147
2015-07-02,STK_02,109.9886954675058,111.0561621832575,108.70642097226911,110.35766436529693,826722
2015-07-03,STK_02,112.92246377508735,113.53169614972451,112.50989291907875,112.64651252969641,70990
2015-07-06,STK_02,114.84441790147207,116.18225101716877,113.77897867853677,115.16791520127633,54097
2015-07-07,STK_02,116.63770093219944,117.9570728396801,115.40049299528795,116.08079642079652,844517
2015-07-08,STK_02,119.3426196499193,120.54242534969343,118.81473598763384,120.0502713995016,404503
2015-07-09,STK_02,116.69592348849939,117.31518449188782,115.43972573190467,117.12319798158534,126037
2015-07-10,STK_02,116.673649156967,117.91798501511134,115.65166138481571,116.17933961561248,955959
2015-07-13,STK_02,118.94762189535935,120.09744046177252,118.77840891449249,118.7875491739742,510116
2015-07-14,STK_02,115.8273653679813,117.82645237820297,114.75929932698189,117.0672244744205,977262
2015-07-15,STK_02,114.73760129006816,116.64474074988146,113.08015375568347,114.46876712597026,501600
2015-07-16,STK_02,107.74262277966479,109.51263857658437,107.36185119567861,108.22508822253822,559383
2015-07-17,STK_02,108.46319693842828,109.15696969584148,106.76888426201437,107.74027526465696,659018
2015-07-20,STK_02,107.55340296042587,108.4795249434861,106.81553128465247,107.72869333895875,865217
2015-07-21,STK_02,111.22633285994935,111.52331736038711,110.25222474969955,110.34512098784705,904245
2015-07-22,STK_02,113.95648208771915,116.86943642224611,111.7823597421619,114.34529072312502,549600
2015-07-23,STK_02,114.42317013096905,115.45988001017093,113.32501001128979,114.1298151052912,172951
2015-07-24,STK_02,111.86701144220768,112.82420921260304,108.1832427473443,112.6022075064356,950868
2015-07-27,STK_02,114.27688959113492,114.82241326751347,111.3844337690713,113.37074625630235,894996
2015-07-28,STK_02,115.68278145886103,117.03891102535283,114.02122629166769,115.46032662345165,864526
2015-07-29,STK_02,116.57758531070016,118.19391665063073,115.91934408898526,116.83519042765415,34237
2015-07-30,STK_02,119.23825381989177,119.71571481380754,117.84363360619615,119.63806008496499,835343
2015-07-31,STK_02,118.84121693195944,119.46245305145287,117.83723150062524,118.32640111050854,895012
2015-08-03,STK_02,117.8653239704869,117.91665127237128,115.1677574223666,117.43899261040116,39385
2015-08-04,STK_02,118.71842846245335,119.08835709186836,118.12353157903607,118.28830942662356,367726
2015-08-05,STK_02,119.46808004546287,120.15353481362878,118.62381745039977,119.41435408665775,482695
2015-08-06,STK_02,124.23662658002422,124.29165861497445,123.16076954909937,123.68528067842057,355670
2015-08-07,STK_02,120.88914639009514,122.04391987227069,120.5665072316012,122.03734810889186,994782
2015-08-10,STK_02,122.81347283104715,124.76861957518123,120.9796269878909,122.08936705208193,726042
2015-08-11,STK_02,127.36734145172862,128.31064003206367,127.28460416814984,127.81024806982295,798698
2015-08-12,STK_02,132.30438236796635,134.80753020991457,132.03584203502828,132.31313708088038,440556
2015-08-13,STK_02,129.84117469792747,130.49502182092354,128.67131498892002,130.31958803158525,699078
2015-08-14,STK_02,132.90997273937947,135.42453866905183,131.7540216586928,131.83626564232162,221690
2015-08-17,STK_02,129.23859918064676,131.9783138450905,127.4592837900161,128.61285310344604,502645
2015-08-18,STK_02,127.38084887242118,128.38072067287592,125.96919537955044,126.87320415700094,780681
2015-08-19,STK_02,127.09686254709068,127.50608529064252,125.64825660964182,126.3867977447962,673129
2015-08-20,STK_02,120.50289026288847,122.70338286236131,118.90527428155194,121.44157968831698,847755
2015-08-21,STK_02,123.53188779010569,124.061201577037,121.67178300585952,123.83474325054193,855784
2015-08-24,STK_02,122.47593591822992,123.07703179842476,119.35225603893448,121.77840431906529,142457
2015-08-25,STK_02,122.06074111158719,122.36398850606797,119.74790217268327,122.22129100445444,155088
2015-08-26,STK_02,122.38293295914954,123.56195267518828,120.51363611566927,123.16461937124389,65383
2015-08-27,STK_02,126.07322145037519,127.50590260717526,124.91543376779757,126.73907653236782,409120
2015-08-28,STK_02,127.24864524361685,129.55230153075732,126.7888220141145,128.40993011806833,215382
2015-08-31,STK_02,128.3476937629697,129.17365542670348,127.98975647661584,128.65608981807657,625787
2015-09-01,STK_02,129.20000196505083,130.3048364777105,128.641254171929,128.94500109621234,719649
2015-09-02,STK_02,126.46278342027809,126.53996331247201,125.64803523226226,126.2206867328285,543716
2015-09-03,STK_02,128.0095113837488,129.84196112610203,126.12350567731812,127.18241864624412,495103
2015-09-04,STK_02,127.08257477733184,128.4702759203547,125.87300555789363,126.1221347392288,545047
2015-09-07,STK_02,128.98097198579993,130.86318478655502,128.97367474999643,128.994284169059,144576
2015-09-08,STK_02,128.83695906262167,131.01325079703116,128.28936659666545,128.72916828712042,709095
2015-09-09,STK_02,131.7732820410899,132.96493988814223,130.4022977462697,132.06725888790538,524892
2015-09-10,STK_02,131.99676944353217,132.6091971145847,131.12938206466305,132.08648652699537,198553
2015-09-11,STK_02,133.05686975390861,134.2276314658647,132.73976348599953,133.0553419807573,100252
2015-09-14,STK_02,131.91581558332317,135.19340404995617,131.0667703025953,133.1610868426337,575219
2015-09-15,STK_02,132.60387118070935,133.88557134104238,130.33474006394897,133.19731602232346,305899
2015-09-16,STK_02,134.34480628245745,134.51055955990597,132.04430600502585,133.07087959110788,104367
2015-09-17,STK_02,138.01373090147837,138.78871082697987,136.46417692015,138.45344493184433,547945
2015-09-18,STK_02,141.005942596703,141.07683532306052,139.70902397335757,140.2907960177251,766008
2015-09-21,STK_02,142.33130280499245,143.76091744973937,138.0187146275306,142.43264720348435,117612
2015-09-22,STK_02,146.89024048180138,147.60842305602404,144.1028793224722,146.41018168058574,20882
2015-09-23,STK_02,141.0597197574142,143.6789924998428,140.31281386537026,140.74027582281514,396005
2015-09-24,STK_02,142.9037900357879,143.51138938841729,139.6151705424106,141.5219543223019,988500
2015-09-25,STK_02,143.4059902438981,143.74539290026615,142.23396394668757,142.81755561983329,47748
2015-09-28,STK_02,142.79838083418826,142.8843458945693,141.74223097551945,142.72196480368575,260536
2015-09-29,STK_02,149.27813683960088,150.52502375019318,147.35917237565178,148.19046393329018,64744
2015-09-30,STK_02,146.13000484712381,148.14994074592695,144.72107440483734,146.3087682460326,240395
2015-10-01,STK_02,150.469606251359,152.76271813311945,149.8344996406191,150.26622533153517,501098
2015-10-02,STK_02,148.33655049875284,149.28046655876173,147.26474490079582,149.0094984941271,647559
2015-10-05,STK_02,156.2611938964338,157.06330240705338,155.38993652466272,156.42728380819185,55760
2015-10-06,STK_02,157.35848934409304,158.8483064477037,155.7665621149175,156.57730335603293,868475
2015-10-07,STK_02,157.19917860052053,160.52049749130023,157.03178572119867,157.29511350936946,850090
2015-10-08,STK_02,149.15765555844294,150.7403519743206,148.62367550934758,148.86087309768456,724080
2015-10-09,STK_02,149.85052793377582,150.48625404553832,147.34568473631654,148.25743336405722,173978
2015-10-12,STK_02,146.78508486870652,147.42407173816363,146.66938383780402,147.40389780513436,228298
2015-10-13,STK_02,143.28227742536734,145.084080601247,141.96467450408392,143.83524398344125,654046
2015-10-14,STK_02,144.4136252090114,147.15639528278902,143.33689392614045,144.70331417476726,948014
2015-10-15,STK_02,145.59589165972832,146.91430662848433,145.04403043035416,145.74826855153157,631027
2015-10-16,STK_02,143.7192487827882,144.3240684093765,142.61372641181103,143.98350005371324,564428
2015-10-19,STK_02,143.82714511069167,144.45527893485243,142.0720240811087,144.4001931363707,570037
2015-10-20,STK_02,149.4362439305191,150.484955804648,146.87173250366766,148.9931439365819,57558
2015-10-21,STK_02,148.08582823517548,148.46939513057782,146.87709996080503,147.5299648181429,440453
2015-10-22,STK_02,146.76334993162033,149.13536772253656,144.9016276481753,146.87368361779983,829446
2015-10-23,STK_02,150.73321562337046,150.870239455,149.0975999062878,150.41185533713417,72148
2015-10-26,STK_02,151.7571902777157,153.79824932720263,151.14309300821395,152.64435570560707,380097
2015-10-27,STK_02,148.38953592178206,148.49226551027806,147.74313471623196,147.97725029373825,204437
2015-10-28,STK_02,146.53238645904284,147.1579206133663,143.8076302262098,146.1257564727409,385460
2015-10-29,STK_02,149.2685218403216,152.1825021555029,148.81816955850587,149.61139639197714,585006
2015-10-30,STK_02,152.85056318020975,154.7561907032125,151.10826919160087,154.03335916626716,800721
2015-11-02,STK_02,158.95097354324375,160.82707015964337,153.76656981569462,158.57483499883207,560275
2015-11-03,STK_02,153.8565019653689,156.56658581699796,152.48624932952126,154.06051529278525,272479
2015-11-04,STK_02,150.6159296046164,153.99083157981997,149.00267991483116,151.37583916122477,848395
2015-11-05,STK_02,155.36070159781625,155.48936617957548,153.99072141045266,154.83530540771073,388804
2015-11-06,STK_02,157.9685786536937,158.4735883220077,153.4415805696303,156.4193282715911,156386
2015-11-09,STK_02,158.63889044963105,160.10818870029118,155.00766233883846,158.9526598655233,488314
2015-11-10,STK_02,155.68212684597424,156.71997744972236,154.39542380786406,155.76999950635167,92841
2015-11-11,STK_02,156.79498663732713,156.79759094661847,155.23480463663074,156.19095468722512,287108
2015-11-12,STK_02,158.04700495370304,158.09419817127423,157.20376430091696,157.23860694753162,120689
2015-11-13,STK_02,156.2113189593202,156.4285349712475,154.1315798725189,156.23019010390348,578605
2015-11-16,STK_02,152.68078073568228,154.1268152942346,150.6637313630123,153.17929895885015,306642
2015-11-17,STK_02,156.31294297675743,157.93942730620122,155.79023464384983,156.5279966103693,93292
2015-11-18,STK_02,156.79755326533493,158.53465804445867,156.56385653416604,156.86437002404622,928271
2015-11-19,STK_02,159.23421666198294,161.29747238925725,159.23157196893405,159.2441938721148,227914
2015-11-20,STK_02,159.41525254022298,161.60355315451804,157.61484538889286,158.97519250115755,1012
2015-11-23,STK_02,158.28451759929132,158.3903590058666,156.60624778806599,157.90928068969373,985948
2015-11-24,STK_02,157.39130509721576,158.60789093614824,156.40563323578243,156.8419013812316,581861
2015-11-25,STK_02,155.8872970169154,159.33540688395507,155.27751664977686,156.56081289932501,47234
2015-11-26,STK_02,155.44359170141155,156.96114618226963,152.5375187434996,154.46257864094568,409840
2015-11-27,STK_02,156.93322694294147,158.28508523510925,156.0635371395843,156.49687561121817,846405
2015-11-30,STK_02,152.91997848892848,154.1638159243684,151.62154164369147,151.69114050390053,881279
2015-12-01,STK_02,152.51723509684433,154.79816831238466,148.48330319987016,153.3198493517574,339954
2015-12-02,STK_02,155.85742563064505,156.53370963728958,152.45876401783795,155.3901727787138,665238
2015-12-03,STK_02,155.34622121290116,155.7339655815295,154.424539401174,154.65298641909067,623340
2015-12-04,STK_02,155.4870637955546,156.6464793966393,153.51921485497044,154.93434052462675,327388
2015-12-07,STK_02,155.1406720520981,158.0758819378022,153.91185690759377,154.2912624489399,272100
2015-12-08,STK_02,155.44890418657198,159.14281534913502,154.4535374072653,156.04846543086504,299633
2015-12-09,STK_02,156.1984143767395,158.09840529535674,155.34078075537604,155.79522097874738,36007
2015-12-10,STK_02,160.16957025787232,162.99006148963386,160.14906039659934,160.4252399139923,352100
2015-12-11,STK_02,158.3937221887952,159.80802187447512,156.2117555301165,158.23691034714437,368615
2015-12-14,STK_02,153.61986219061643,155.56539403854873,150.01123936308664,155.09289579992728,944756
2015-12-15,STK_02,157.05851339219322,157.4591924415275,155.94357728695047,156.63893434179676,586881
2015-12-16,STK_02,149.44288517621297,150.46114321553605,148.74396056280366,148.9953904191618,72046
2015-12-17,STK_02,146.08979807381436,146.26965158016887,144.01691999207378,144.8922227904554,70524
2015-12-18,STK_02,144.85590386813163,146.60605237850837,144.07533789815093,145.27580338878198,83814
2015-12-21,STK_02,146.0190627234299,147.54539591662746,145.2475462737701,145.28398163158022,36833
2015-12-22,STK_02,146.2650257631114,148.57360734460727,145.71466797622944,146.17928752029349,336535
2015-12-23,STK_02,146.89502765230742,149.38820654347623,143.61121217914226,147.19827373012035,962492
2015-12-24,STK_02,146.28336444225883,150.93633118358113,146.0965982524684,147.3956915374276,501993
2015-12-25,STK_02,145.22958480186335,146.9402503119953,143.38181540242263,146.06681262073292,429012
2015-12-28,STK_02,146.91672324815474,148.09425149379294,145.24422507781892,147.24403818555214,257243
2015-12-29,STK_02,145.7500736261713,148.13868212957516,145.01691053295957,147.3601967274541,237432
2015-12-30,STK_02,152.74732591806298,155.0403131170251,152.43610982343756,152.57909678293902,355657
2015-12-31,STK_02,150.9770641687388,151.46479492249404,147.54469979949027,150.76752783321692,541498
2016-01-01,STK_02,149.7798518952154,150.24501677359137,146.79789740332146,148.606645871174,407248
2016-01-04,STK_02,151.08602502603026,151.93720505309525,150.56751192527742,151.39783251537648,143540
2016-01-05,STK_02,150.3523455675192,151.15610877163488,149.9700833423919,150.27439993120274,665947
2016-01-06,STK_02,142.42138791180744,144.12441847952306,142.13009841261226,143.39674829865496,477491
2016-01-07,STK_02,142.56690407570818,142.57800841686097,142.1181546918222,142.20536097435644,448820
2016-01-08,STK_02,147.11609559587222,147.39443819280447,145.94353081808333,146.5922075451742,736321
2016-01-11,STK_02,147.00815979757076,147.4651456919127,146.20165622569723,147.4150171749465,713288
2016-01-12,STK_02,150.50557090901285,151.46242416421197,148.50056880236363,149.70163207850257,518196
2016-01-13,STK_02,153.28592179820595,153.60677389712546,152.9135768028387,153.39419309092727,436680
2016-01-14,STK_02,146.32294936740672,148.4667002961486,145.2063236208504,146.13000893057443,562435
2016-01-15,STK_02,148.88067601663272,150.3422502259561,147.55423247790074,148.90055205468676,908418
2016-01-18,STK_02,144.88254029549384,145.98762398657115,143.47911556038449,144.64662864425708,55610
2016-01-19,STK_02,140.96507250190095,141.70083704313967,138.41351861626865,141.26027360726272,566366
2016-01-20,STK_02,144.43735396419325,144.97079278636838,142.71207198367125,143.42439982398304,109784
2016-01-21,STK_02,134.39476752664294,134.75073475136625,132.4092619950529,134.4187262024395,433865
2016-01-22,STK_02,129.45798437574416,133.24350148329125,128.32838176556524,129.63516322317489,534679
2016-01-25,STK_02,125.94689945789678,126.10701287124738,125.49706869525936,125.74792044262651,76522
2016-01-26,STK_02,129.65154792442658,131.43260410754772,127.70875852168216,128.92915137431177,687653
2016-01-27,STK_02,133.504798511035,134.6622450133158,130.22899207948456,131.97703929585185,984509
2016-01-28,STK_02,132.03813910857957,133.15542245535795,131.7017727443675,132.24924253661504,99208
2016-01-29,STK_02,137.2728202253382,137.56069193964066,135.7388642102849,137.16162552586727,403725
2016-02-01,STK_02,140.36638590063095,142.4029726540568,140.108300661769,140.76397064223164,926267
2016-02-02,STK_02,142.5412694594532,144.58748757113932,141.96724978289845,143.42575853117665,309638
2016-02-03,STK_02,145.06898268414966,145.65146498071513,141.8627360425359,144.4235998496382,111571
2016-02-04,STK_02,144.19958615973954,145.86042505111843,141.83239134526673,144.65385526438538,77258
2016-02-05,STK_02,143.6231400841866,145.99549960788278,141.9006578252591,142.62026078202842,638700
2016-02-08,STK_02,144.07598757180705,148.0445427078075,143.0475890630538,145.0599692088027,527201
2016-02-09,STK_02,142.65657814221225,143.89061154323142,139.96175089927598,143.1222327136561,740148
2016-02-10,STK_02,144.39732609279915,148.116249907735,142.47405970342245,145.36811601191843,272012
2016-02-11,STK_02,143.53045294243233,143.86361496409785,143.20720010039076,143.28102702641186,407323
2016-02-12,STK_02,142.09797233974382,145.3560959029635,140.34395052125527,142.4533515976659,780923
2016-02-15,STK_02,137.98402584315744,140.2346388587972,136.39312042160114,137.26503701180863,305084
2016-02-16,STK_02,138.28685920392678,140.02266680619218,136.40671379133735,138.31796584377864,259462
2016-02-17,STK_02,142.70759799534562,144.98413730519076,139.296177640326,141.00472589507882,439862
2016-02-18,STK_02,142.23026113137956,142.49300162838642,141.73990328408436,141.83657696794327,402324
2016-02-19,STK_02,142.59099327995767,143.78231895740484,141.71510786397826,143.39856954823318,447287
2016-02-22,STK_02,145.02672286220675,145.74828624226856,143.58507703990108,145.29719063428936,568420
2016-02-23,STK_02,146.0370161823112,147.11902444889338,145.5306327462486,146.93772215476116,923424
2016-02-24,STK_02,152.6655589924105,153.69876865503576,151.6920748842209,152.77666581276,685432
2016-02-25,STK_02,151.42286992485774,153.5440650317419,150.49425782449495,151.54963078429807,205217
2016-02-26,STK_02,157.0136240479126,157.19521095215268,154.34381580668344,156.90124675463395,866661
2016-02-29,STK_02,154.30187151425324,155.4266274678891,153.09147436660254,154.3012717863433,874711
2016-03-01,STK_02,151.75933683068794,153.96643566045523,147.6512339073806,153.14678245247495,431959
2016-03-02,STK_02,154.4085540573167,156.79858665155228,152.77238107695285,154.75480438293462,176105
2016-03-03,STK_02,160.23267294442553,161.2430351305149,159.08199940504866,160.2110604462003,3350
2016-03-04,STK_02,161.67280971964584,162.179857773214,160.75279030732614,161.48541710578615,105495
2016-03-07,STK_02,162.37883046310964,163.37070062139264,161.06312147000014,163.00832270247702,873666
2016-03-08,STK_02,160.36492322101816,162.40699567885122,159.46057536199504,160.25962157925952,951310
2016-03-09,STK_02,159.55440877915836,161.33678886386474,156.56976318974193,159.57769835754206,571338
2016-03-10,STK_02,160.99153729007082,162.25889776384386,160.168795010519,160.47217927918578,709659
2016-03-11,STK_02,157.9925407517934,159.0245572750036,155.02593078011233,157.4892623913236,200958
2016-03-14,STK_02,159.65008570459636,159.92899756535854,158.33081451167297,158.97737327613135,458736
2016-03-15,STK_02,154.74759242929676,155.81021905304786,152.99663928243717,154.14463161542707,493036
2016-03-16,STK_02,148.68709935428788,152.75525795283718,147.13995150270594,149.6636659401207,712296
2016-03-17,STK_02,154.9271569600197,156.50573175577247,154.0831819399324,155.51376633369574,158608
2016-03-18,STK_02,153.2198069387176,153.35965499473141,151.98615033210933,153.1760090461078,99105
2016-03-21,STK_02,154.46629439136746,155.18240866228814,153.19626645206108,154.32866383617989,724363
2016-03-22,STK_02,155.56832806158306,155.8941250605141,153.2414328893633,153.74465731517967,107861
2016-03-23,STK_02,152.39145805198353,156.61841498971876,150.97668151826463,152.58562905635577,289064
2016-03-24,STK_02,149.692211449293,151.39537227928727,148.73525691549426,149.150360433354,897425
2016-03-25,STK_02,150.80723885942237,151.4933842702655,149.48039945523297,149.63406294898172,250057
2016-03-28,STK_02,147.78188302811614,147.84041879185298,146.65652079596734,147.67314219327764,746209
2016-03-29,STK_02,149.24264962720554,150.22069763065292,147.8382329283827,149.56162577981084,472931
2016-03-30,STK_02,149.45263399937593,150.2740243887043,146.29646478834644,148.92393882329333,416431
2016-03-31,STK_02,147.88541899622348,149.33970434256096,145.89977414932574,146.7162325416465,476773
2016-04-01,STK_02,144.73325945616165,146.1139404077386,143.8868249241712,144.02518012686144,683967
2016-04-04,STK_02,144.01706014731135,144.23312753033323,143.80933803822575,144.1128065483794,301567
2016-04-05,STK_02,146.3860306967889,148.32252143077557,145.58988651840295,146.87038788522096,16662
2016-04-06,STK_02,143.4375719642784,146.00720458850412,142.3024049295617,143.70662289501803,874724
2016-04-07,STK_02,142.67198735166022,143.83795673346606,141.68892521548275,143.62336747219646,328788
2016-04-08,STK_02,143.0126791159623,143.74700807134693,142.93240234402865,143.02054270017152,279456
2016-04-11,STK_02,137.90376724066164,138.26368729155396,137.5015515132005,137.67421974243214,472592
2016-04-12,STK_02,140.23075425835606,142.16731080507847,136.38982980345423,139.22528662702993,799260
2016-04-13,STK_02,139.0728877179843,141.23502962423993,136.0759321454297,139.0850996179588,131252
2016-04-14,STK_02,140.62978773827857,141.68548442318587,139.09934748885374,140.1495755873415,895747
2016-04-15,STK_02,139.70277869527104,141.45595383726396,137.0004242755381,139.78769736078695,417241
2016-04-18,STK_02,144.42696123656032,146.55565357231944,141.62780468321895,143.8349617180626,682051
2016-04-19,STK_02,142.99161388371385,143.51124069841924,141.02018276317153,143.0243452203237,369530
2016-04-20,STK_02,148.86700346149576,149.76636406734409,146.75428369040011,147.4717307832602,935055
2016-04-21,STK_02,149.93808034975743,150.0852370955045,149.74972797215995,149.96944172308267,191894
2016-04-22,STK_02,149.08499552707642,150.1446037125407,147.28503388450423,149.36187422543344,585469
2016-04-25,STK_02,146.83368478886416,149.24609961328605,144.66022755347117,148.44531520944696,955106
2016-04-26,STK_02,149.04590895790227,150.6256239951832,148.73082267172612,149.0633097457238,6154
2016-04-27,STK_02,150.00140101766866,150.70565088750547,149.7142258888081,150.6092414008412,279976
2016-04-28,STK_02,146.0690860658416,146.621323838184,145.64093873185058,145.99636080403613,334744
2016-04-29,STK_02,149.8957568339956,150.14128506463197,148.64334958115305,149.15894901218715,520949
2016-05-02,STK_02,148.8496949982878,151.91434189744018,147.644195168128,148.2242580869379,199414
2016-05-03,STK_02,149.9680679947862,150.97911713099884,146.53681303448423,150.7471092140516,911898
2016-05-04,STK_02,150.55748873002997,151.84938433996254,150.22201363499246,150.40048499805857,806467
2016-05-05,STK_02,148.81135426557438,150.04605745749328,145.786162317775,148.06377474954846,680084
2016-05-06,STK_02,148.9846469350687,151.60605952436472,146.71147353322067,148.35637994916002,266166
2016-05-09,STK_02,148.38718392550132,149.96639454297056,148.34949460276437,149.89515701549954,51466
2016-05-10,STK_02,150.69688297782383,151.86644498849682,150.63741742460337,150.98056390504897,194110
2016-05-11,STK_02,156.9739491648847,158.71923831814368,153.88085115229026,156.16028180456817,944620
2016-05-12,STK_02,151.12595199706814,152.37480238204338,149.6514418243103,150.706473787631,131511
2016-05-13,STK_02,152.06509019291033,153.96197693825715,150.59977636930466,152.79885352203658,188936
2016-05-16,STK_02,153.63155147331037,155.62612482210682,150.81104693026316,152.7860516635503,349159
2016-05-17,STK_02,150.94204442477,152.7404210217413,149.97498634193073,151.73133890313187,445279
2016-05-18,STK_02,147.08476528229463,148.00862822152408,145.9463065738456,147.5462340112628,227021
2016-05-19,STK_02,144.90170019178208,147.10276747160577,144.730356582284,144.80213893511845,577115
2016-05-20,STK_02,148.52429921108168,151.3952843382825,147.79495179634586,148.75105381856886,747521
2016-05-23,STK_02,145.7819288916555,146.58707905282503,145.4208400403587,146.50750670839432,338983
2016-05-24,STK_02,153.34448543785672,154.45491464987165,152.42025598754012,152.89067235319445,444639
2016-05-25,STK_02,148.88446822953702,149.8501455476245,147.53759450610247,148.46976476065774,895313
2016-05-26,STK_02,146.5554136374045,147.0530648231486,144.00399577852954,146.01854535005623,772043
2016-05-27,STK_02,142.37328136445768,142.64934044779716,140.93835354253966,141.07012415186682,811360
2016-05-30,STK_02,143.92028403801777,144.51576382518917,143.8386899022823,144.28661749868766,130197
2016-05-31,STK_02,140.7779011173269,141.87946677340713,140.646673628708,141.38075940422627,350513
2016-06-01,STK_02,143.91395322982837,144.52210369502833,141.51250749581672,143.07007112652312,197676
2016-06-02,STK_02,142.8478944390645,146.5387189184656,138.65008912143202,143.35496482842493,179339
2016-06-03,STK_02,146.01675227015681,146.2670282712152,144.41054699772747,146.05868340544598,45980
2016-06-06,STK_02,143.56136279097055,145.94198013946686,141.9551923090194,143.61800102774544,431430
2016-06-07,STK_02,145.61785363892656,145.8134643934731,145.19381461702497,145.45331608792046,303215
2016-06-08,STK_02,145.03552267806714,145.1238841631344,143.55297351717667,145.01275032867528,884419
2016-06-09,STK_02,142.66313938714595,144.1945744343491,142.46164345824792,143.16544214902956,384523
2016-06-10,STK_02,149.3140852686732,149.7373252593188,147.60974517995754,147.97612070626855,676767
2016-06-13,STK_02,141.78437827039951,144.72834393870988,140.00141395118465,142.78605446424012,680296
2016-06-14,STK_02,142.4269147138011,145.3097725156653,141.20870119128233,143.76931433658984,776671
2016-06-15,STK_02,146.1477633466397,146.64464411265908,144.80230319138082,145.82104066270236,196125
2016-06-16,STK_02,143.48221991372756,147.335348265296,142.28989292570222,145.23782677599112,152154
2016-06-17,STK_02,143.61732636121775,143.7377158945294,142.61964705198736,142.92620630140573,562717
2016-06-20,STK_02,143.0173904765574,144.4942064196375,142.19004480164503,143.8755321357735,162062
2016-06-21,STK_02,148.78076178065106,149.6614149823074,147.3546014891359,148.6564352069113,1737
2016-06-22,STK_02,152.67691930565476,153.52711353453734,150.3779026617959,151.30670078448404,21556
2016-06-23,STK_02,155.12209024538305,155.28981592214748,151.2800073626818,154.30775799662842,182235
2016-06-24,STK_02,152.29692231891718,153.72787302571035,150.0185275511784,151.32758637036852,936184
2016-06-27,STK_02,145.47211557836164,145.53649665329428,144.5783436548374,145.14917149781806,632269
2016-06-28,STK_02,145.92280809017836,149.6461002659547,144.53548078004252,147.50547480914113,781733
2016-06-29,STK_02,143.60659456014815,144.20953898745282,142.25369223497663,143.64061219398178,398169
2016-06-30,STK_02,140.55631044809513,144.45630944976264,137.74145845980567,141.67932330689538,78044
2016-07-01,STK_02,138.38785015451407,142.66746917687664,138.0358672098751,140.03171858102806,88259
2016-07-04,STK_02,143.38978461126783,145.02721212115978,140.714768440515,141.56515529379425,624926
2016-07-05,STK_02,138.21611596358522,138.97747047341755,137.1404042439742,137.96297065377388,109859
2016-07-06,STK_02,135.91220140268598,136.63200511307107,133.88150839658002,135.54718296612242,484945
2016-07-07,STK_02,135.4092933778564,136.59122070394864,133.7563576268046,135.3993892505167,703299
2016-07-08,STK_02,136.0260939316908,136.31583306944077,135.53811897935182,135.60877893250841,742689
2016-07-11,STK_02,133.64418907163736,134.73094744539628,133.16087327999793,133.62751484290206,847033
2016-07-12,STK_02,133.7274563606177,133.74479830086676,132.95606587859544,133.521485762378,371650
2016-07-13,STK_02,130.2627038235129,132.14487951259403,130.11983748297007,130.6997310625191,345718
2016-07-14,STK_02,132.805180128916,134.39194680018682,130.28892923480373,132.91251055788968,541788
2016-07-15,STK_02,130.31868789260332,131.97570992973374,129.10578922671974,130.5656694191194,157516
2016-07-18,STK_02,131.9926556790437,133.01443880703772,130.98251080200885,132.72126696685243,543494
2016-07-19,STK_02,131.2324221864825,131.97594002238154,129.35387482385883,130.1655318283762,206752
2016-07-20,STK_02,129.10407163786175,130.04428526665066,127.64139853799318,129.19524406222095,882780
2016-07-21,STK_02,127.09015332952416,128.6633282887437,127.0358206228466,127.85979065554687,110054
2016-07-22,STK_02,124.68250548117366,125.31942499291829,122.91052933132482,125.2953514003515,570250
2016-07-25,STK_02,126.21224239408821,127.09326114705381,123.54623639563268,126.95762701381788,235737
2016-07-26,STK_02,126.42976743526187,127.63914939025072,123.90374508182612,126.99024397546489,212335
2016-07-27,STK_02,130.69366998258405,131.96456643026738,130.06336052684074,130.7551210019795,775731
2016-07-28,STK_02,127.3627234645772,129.57962449430008,126.5868906568711,127.53674959598078,603889
2016-07-29,STK_02,128.78872906546167,130.0795920765685,128.64350306561127,129.0109452763819,636987
2016-08-01,STK_02,126.21915758610675,127.60269824228767,124.08769665725147,127.24603462829145,496247
2016-08-02,STK_02,131.29509720983654,134.49386846469673,128.8681829383395,130.72256056346694,955564
2016-08-03,STK_02,127.11602237853026,127.97520795362045,126.17888958482256,126.66752312608573,7354
2016-08-04,STK_02,126.38000564498068,127.43752805020644,125.28301395086064,126.56114796746712,396383
2016-08-05,STK_02,128.50866734332226,129.67035982223445,128.42242594089964,128.89435063923037,746150
2016-08-08,STK_02,129.5090341090572,129.51618193952285,127.18958316015612,128.83723250607662,20155
2016-08-09,STK_02,127.1548147306711,127.20328058271566,125.76308848739923,126.33192677175126,183334
2016-08-10,STK_02,127.15660306158935,128.22156049081352,126.52134449392194,127.5519754900747,708281
2016-08-11,STK_02,126.7586362837611,127.88487006232867,126.25468611718959,126.72691312734372,212176
2016-08-12,STK_02,125.79876468057816,127.56954169340949,124.657912917608,126.69869048112103,681232
2016-08-15,STK_02,124.21125846654937,124.70584204041279,122.17967907034142,123.96128535751899,851902
2016-08-16,STK_02,123.87795103983497,125.6545517088061,123.23060323204639,124.43316118596967,953760
2016-08-17,STK_02,122.00938892300572,123.03486245098905,121.65374928296112,122.56677319801098,514250
2016-08-18,STK_02,122.21738708293657,124.32733029663383,120.1000102124327,121.74778997376634,160375
2016-08-19,STK_02,124.97080455172701,126.23112527899966,123.95582721346062,124.64299359671377,644863
2016-08-22,STK_02,127.07263399540302,127.28398116181343,126.12225167701371,126.73265156433602,664759
2016-08-23,STK_02,126.44453023595011,126.62716375218587,123.68722727569504,126.12755093555604,624422
2016-08-24,STK_02,124.47381825326045,124.47536885283698,123.99809974764356,124.36526436012086,184491
2016-08-25,STK_02,123.85324044569822,124.77189991630175,121.50431482949946,123.85573613424319,995828
2016-08-26,STK_02,122.8993118468349,123.02655524885061,121.61264560928504,122.99084611816232,450782
2016-08-29,STK_02,122.57965586302628,122.85796443988363,120.13958985376813,121.43060379086492,40253
2016-08-30,STK_02,119.56955587123797,119.95848055851378,117.64248926423247,119.04231568332125,752939
2016-08-31,STK_02,119.40468466626359,119.81247111737453,118.82363837812737,118.90400574521985,411116
2016-09-01,STK_02,119.03331271924726,120.12519976236784,117.1495951238804,118.22613829440229,764102
2016-09-02,STK_02,115.47936399447755,117.67903469045676,114.80678824374256,115.26813115234978,952696
2016-09-05,STK_02,113.13401345538854,115.73904056768596,113.09177003211681,114.40635315794546,566838
2016-09-06,STK_02,115.56155754442675,116.1294696369253,114.40091648841049,115.30572258650483,118937
2016-09-07,STK_02,113.8356187898203,114.88015844581285,112.58557770943749,114.43834584382618,483265
2016-09-08,STK_02,114.14060890373582,115.90291384021043,113.53311839572856,114.26597288110139,536457
2016-09-09,STK_02,114.7305439172056,116.3219205161055,113.39876244802386,115.29352498715417,328308
2016-09-12,STK_02,116.78827960131906,116.90543786205299,115.61244261152206,116.41125688561343,469171
2016-09-13,STK_02,117.99234848782,119.40915888424458,115.9041691908409,117.91626078536173,754507
2016-09-14,STK_02,118.35926021478814,118.58053245974045,115.17756441240972,117.66415533854848,279032
2016-09-15,STK_02,116.93849359397665,117.59124822812603,115.78542235312642,117.24527214274597,402353
2016-09-16,STK_02,115.3875992317603,115.50324634863503,113.4046035577015,115.24433011677029,464261
2016-09-19,STK_02,120.23931752993639,120.27113758663805,119.01790205586789,119.97152587259673,492265
2016-09-20,STK_02,120.4654410569772,121.59712982083964,118.23918059685296,120.7041030764346,367453
2016-09-21,STK_02,122.04473346320067,122.88436697758867,121.68265625962039,121.76913544038378,590972
2016-09-22,STK_02,124.41328505061783,125.12544498763111,122.27070559090188,124.16128051651808,365636
2016-09-23,STK_02,122.1836908797503,124.2925351955379,120.54835532034042,122.26647964554274,36892
2016-09-26,STK_02,120.14037077223865,122.82104573153701,117.92838179035935,121.5568878992683,74504
2016-09-27,STK_02,120.34052448374001,120.56804693783712,118.90797803440654,120.26064966256506,539299
2016-09-28,STK_02,117.40963960955531,119.72381582834144,115.80219276184991,117.10257538049092,268465
2016-09-29,STK_02,123.30183004070204,124.91682684895429,121.04031433569597,122.6713860037219,122037
2016-09-30,STK_02,127.66742456628968,130.3412649391868,126.86875655892929,128.06437634410506,493391
2016-10-03,STK_02,125.15313387518641,125.44323841589066,124.2457942323505,124.33488016472748,888909
2016-10-04,STK_02,124.47755153194743,126.52847204162191,119.59926533049507,124.01219208276244,53743
2016-10-05,STK_02,125.48778775769674,126.73120684750364,124.7091363879276,125.02260105978338,930905
2016-10-06,STK_02,121.11036520158056,121.77200558079218,120.36989073170079,121.38984009461979,898388
2016-10-07,STK_02,122.78147716340135,123.90709882176125,122.46395617356328,123.25506061623031,897939
2016-10-10,STK_02,126.22800233508714,127.85665080544217,125.60279543951442,126.80685362619813,522274
2016-10-11,STK_02,126.64840737779313,128.4777144439242,125.55257520811179,128.22833995434354,374290
2016-10-12,STK_02,132.15482119885786,132.57658892696512,131.0365030413675,131.37983473546743,649748
2016-10-13,STK_02,129.36031355510738,129.68425341898865,128.54250065521967,128.86278288655492,894417
2016-10-14,STK_02,127.76353828748931,129.05099977867698,126.7734847816636,127.25156180169606,652393
2016-10-17,STK_02,127.88328676865473,129.3285986175244,125.64455274333184,128.70530139391056,780824
2016-10-18,STK_02,131.52035716799597,133.23264396886475,129.95092407161505,130.5071760348086,628786
2016-10-19,STK_02,125.99267686673078,127.76062573551599,124.31674393846154,125.70142250308588,978284
2016-10-20,STK_02,122.45490863350192,123.32375287017032,121.31628707251885,122.23392259687043,622706
2016-10-21,STK_02,123.04216879666149,125.11045214312804,120.79362290966088,123.04950280015535,239685
2016-10-24,STK_02,124.15837290882502,124.23138518915796,123.72090393841435,124.20452340524355,473700
2016-10-25,STK_02,126.38289858935386,129.76396710957488,124.9997618010939,126.34513843080664,94735
2016-10-26,STK_02,129.94603701721294,130.5667467498251,128.74230876077664,130.18622270421812,209362
2016-10-27,STK_02,129.91676080175597,130.9182844357601,128.7599030252458,129.9003172530464,621104
2016-10-28,STK_02,126.96254499824825,127.16192416433064,124.62469266824222,126.3985109350232,722077
2016-10-31,STK_02,126.77521056764326,127.77347031995535,126.61295452213757,127.72017667662939,563222
2016-11-01,STK_02,129.1535801304024,132.3655602947413,128.32242768917084,128.75254954459163,302057
2016-11-02,STK_02,125.55644426941609,126.00115172831325,125.25163004666503,125.85331963682601,317775
2016-11-03,STK_02,127.45689401787655,128.63799003530335,126.95722402037391,127.34762297137462,588437
2016-11-04,STK_02,127.05036899196797,129.622788880016,126.31887194127735,127.35097231026045,867396
2016-11-07,STK_02,126.35851094721869,127.05024670328889,125.30092033971667,126.41524200403192,743468
2016-11-08,STK_02,128.77080416475894,130.48318767017307,127.29947416287852,129.3457604877532,859824
2016-11-09,STK_02,128.2707644311642,129.4391345333751,128.1028330493774,129.04370339179965,466196
2016-11-10,STK_02,127.84783732791055,130.3442684010155,127.13330595041558,128.2502478662134,162179
2016-11-11,STK_02,130.8882088933181,134.0131601240082,129.5176287135374,131.34303475227662,918969
2016-11-14,STK_02,129.72556234615493,130.33364892139178,129.45003531690313,130.0766766670586,701561
2016-11-15,STK_02,133.52200379868577,134.44526088076543,131.9157528640423,132.45650027277512,488299
2016-11-16,STK_02,127.62580891279156,129.56620108550447,126.6922673662935,127.59882400428663,258702
2016-11-17,STK_02,131.17297698564525,132.52979530058238,130.69898284332135,130.74669464554268,30401
2016-11-18,STK_02,129.1906702451856,131.21852070995612,128.2885888526431,129.06500073958463,264859
2016-11-21,STK_02,130.34251412158437,131.0656542530932,130.3146046943931,130.91346746240148,852104
2016-11-22,STK_02,134.5055254792654,134.98045590905897,133.95490550026932,134.3660588461286,608854
2016-11-23,STK_02,136.8918101088551,137.49729603851384,135.57122523071132,135.73330288271035,48438
2016-11-24,STK_02,135.73192422742898,135.8857002197923,134.33662836208234,135.61077956157047,83833
2016-11-25,STK_02,137.10696336010628,137.44422065634126,135.43869052264412,137.4317922707283,624978
2016-11-28,STK_02,137.63726302403853,138.84423955600008,136.26932607687903,138.34221636134652,377230
2016-11-29,STK_02,137.87335402685542,139.33749746633646,133.73690616138697,138.85531804059497,543125
2016-11-30,STK_02,135.68609399814636,136.63997549072366,134.56442677870484,135.70455046723126,198242
2016-12-01,STK_02,134.01757381238687,136.63005235143092,133.98663577964825,134.33915113304272,8635
2016-12-02,STK_02,132.7372565308006,135.19621326345478,131.03520135965093,132.1580844835037,348828
2016-12-05,STK_02,135.9569758293518,138.00557357585993,135.12222987143798,136.19145114363297,25094
2016-12-06,STK_02,134.43410460687727,135.6540570584011,133.79653340961391,134.0135599852874,606759
2016-12-07,STK_02,138.30722842493208,139.76453422738663,136.69836882964398,137.03005906279031,891660
2016-12-08,STK_02,140.33995705578792,140.434859568611,138.58080965997485,139.75005470589932,314850
2016-12-09,STK_02,141.38101019264363,143.24861401344808,141.09066660633437,142.16315154156615,957708
2016-12-12,STK_02,139.013641617416,140.02209669064152,137.96345762820428,139.63341251491394,499169
2016-12-13,STK_02,135.67173781181594,137.29172520693442,134.08638207753143,136.27647452315776,838230
2016-12-14,STK_02,137.257267063063,138.1314961948242,134.53441247727133,137.23696976278484,144791
2016-12-15,STK_02,134.43875692493654,135.3541024088067,133.67559358830317,134.23937308140015,500308
2016-12-16,STK_02,131.6410052018824,132.80020683039024,131.38113762940603,131.6118249609847,183659
2016-12-19,STK_02,134.56277960807003,135.3825556392282,132.19744448898388,134.7138545910069,884149
2016-12-20,STK_02,139.45871765954988,140.03339394495256,137.58388057759132,138.25077582256543,143879
2016-12-21,STK_02,136.35368582913003,136.92772113105062,135.210069975829,135.67176108575077,444973
2016-12-22,STK_02,131.16617528663474,131.6740536701091,128.6804956065329,131.59700930599772,192465
2016-12-23,STK_02,136.4111427921381,136.91337254050364,133.6540964293915,135.4798881235298,740778
2016-12-26,STK_02,130.413014594852,130.5406877645321,129.30818115190505,130.25902770840602,499450
2016-12-27,STK_02,130.41570872208115,130.86810651846432,128.1331830727267,130.10991100215688,835460
2016-12-28,STK_02,127.01885706510626,131.02118982149736,124.48658399079815,128.16197440633002,514163
2016-12-29,STK_02,132.71240929141013,134.11746269416886,131.18967053712262,132.28535824385887,302709
2016-12-30,STK_02,134.09202416409883,134.55328883745813,132.63176378644908,134.3139414692635,267435
2014-01-01,STK_03,103.0656681881344,103.29249862924016,100.83469926400029,102.20003096295986,37285
2014-01-02,STK_03,98.57682313815913,98.78131425170766,96.72980156498474,97.92162726370621,380209
2014-01-03,STK_03,98.36633123576156,99.8586127957945,97.31618165434236,98.84431810464714,990916
2014-01-06,STK_03,101.2346932319531,102.15931214899764,100.29044915132538,100.70041816757735,451695
2014-01-07,STK_03,103.46119348917993,104.15112079328539,101.6431171319164,103.02916765743511,771118
2014-01-08,STK_03,102.75524942701817,103.86596014917662,101.71249120888233,103.03442341871504,793667
2014-01-09,STK_03,103.10028953281713,103.54022963071127,101.77650756096804,102.54035982269609,216807
2014-01-10,STK_03,101.87392265564927,102.80526577745214,101.34946280406965,101.8067203555841,666551
2014-01-13,STK_03,104.07822458178717,104.77555561040485,101.04897650000598,103.7463805284468,922116
2014-01-14,STK_03,104.13920333963334,104.29379714708116,102.53728603561508,103.85843551814028,807981
2014-01-15,STK_03,104.34843028930129,105.35090247934602,104.18738810617744,104.42515069819011,818817
2014-01-16,STK_03,104.16324136491217,104.5101856427153,103.50448758124055,103.8628254795176,23268
2014-01-17,STK_03,102.81127187568994,103.37230212966038,101.93381245924806,102.74412975173352,28331
2014-01-20,STK_03,105.21052116462698,106.4476103072351,104.21535025356812,105.07758483913675,106249
2014-01-21,STK_03,102.36740625704586,104.17193161815311,101.43259954157848,102.7517233411563,344225
2014-01-22,STK_03,103.54759396129575,103.7946819863301,103.02606424247466,103.69041954493079,437413
2014-01-23,STK_03,104.77487008237631,105.20135020660919,102.80427432255055,104.40273601676645,403281
2014-01-24,STK_03,101.52955212751402,101.8147516772392,100.1506673216129,101.08381431253174,302388
2014-01-27,STK_03,102.44714746946067,103.28943846899764,101.48618079450976,102.18371107585114,998693
2014-01-28,STK_03,103.75602303833121,105.06750101883763,103.6153911409835,103.93056341973296,583178
2014-01-29,STK_03,103.01620595230008,103.44840641111432,101.54604999497631,102.60695328856085,591653
2014-01-30,STK_03,101.86378224818294,102.1427020852791,100.38890321146255,100.97694087079924,971670
2014-01-31,STK_03,97.67775623886078,98.72160878327462,97.10997756045121,97.69422664941173,370115
2014-02-03,STK_03,96.27391495452623,96.81755915821276,96.2290399655018,96.25087898636427,255385
2014-02-04,STK_03,96.15580124884792,96.29453295942689,94.74842619819654,96.20061504951182,437878
2014-02-05,STK_03,97.84863230863526,98.15104950190589,96.94394784391586,97.91019147151226,992482
2014-02-06,STK_03,97.59804189690891,99.03828246988381,97.46498012539917,97.87998780617299,299025
2014-02-07,STK_03,96.2788649160154,96.7928692875604,95.33362931550171,96.23962178624232,547022
2014-02-10,STK_03,96.96166845614519,97.44524117429904,96.44812314795163,97.0033501288957,487687
2014-02-11,STK_03,99.06381642640386,100.50082085479994,97.38624848161608,98.64764193053666,698218
2014-02-12,STK_03,96.50072968186169,97.00431990207043,95.4185207134573,96.51186325448026,309405
2014-02-13,STK_03,94.62926030434902,95.00613089472057,93.85715004032465,94.61609374151807,589121
2014-02-14,STK_03,94.14729859365843,94.18544366952581,94.00653275380844,94.17010870074427,94215
2014-02-17,STK_03,93.31366429864065,94.33079437053182,92.97887003882143,93.54017138753409,558723
2014-02-18,STK_03,92.98299643457133,94.36779873289085,92.76844541669722,93.31919871480565,921491
2014-02-19,STK_03,96.10544805359564,96.41712113586519,95.85250286911595,96.0924853847966,697715
2014-02-20,STK_03,98.59047375249223,99.46962459116678,97.73204943122259,98.39604137138582,299188
2014-02-21,STK_03,98.44414218702684,100.45138457251159,98.27879412414461,98.81243665738405,628327
2014-02-24,STK_03,97.51036730091772,98.46728945939064,97.02422473627391,97.561024422946,838720
2014-02-25,STK_03,97.90903239298657,98.10570808397358,97.359924865029,97.64168086880812,309936
2014-02-26,STK_03,96.37645836413925,97.85159088781236,94.22481704114679,96.22460030928937,749629
2014-02-27,STK_03,94.61169548736923,94.98952425141186,93.63090736978407,94.44591922368696,661933
2014-02-28,STK_03,94.27105082272008,94.74266951566435,92.73212874160575,93.72944703816347,116860
2014-03-03,STK_03,94.18935560086643,94.2431272734201,92.92606080642143,94.16046432809274,450871
2014-03-04,STK_03,96.13819918280237,97.48169136924614,94.9935101408723,96.22191144586019,625809
2014-03-05,STK_03,97.16188728035553,98.59057878515901,95.71396272205853,96.61973663118384,194056
2014-03-06,STK_03,96.1507294410507,96.81540600157851,95.4215872919521,95.6703220375981,971922
2014-03-07,STK_03,98.97588251134212,100.4669853331981,98.87051593935618,99.20391708101022,615644
2014-03-10,STK_03,98.42338029682112,99.14585564024456,98.08539177021915,98.18220674178886,181094
2014-03-11,STK_03,98.87107635145824,100.28581040755456,96.80458028251637,99.09216431370822,985554
2014-03-12,STK_03,98.30368283691928,98.42068635778415,97.0566276639964,97.96460759857963,98316
2014-03-13,STK_03,97.21717168610911,97.44521977201951,96.36779458750642,97.02984666352992,994760
2014-03-14,STK_03,98.24565616782856,99.87459347718529,97.67564947017996,98.46440882646668,471427
2014-03-17,STK_03,98.30122495834209,99.80506302154211,96.3291335242965,97.31910233939387,195786
2014-03-18,STK_03,98.88417435771802,99.08745886205776,98.4159871545364,98.62453180114893,108516
2014-03-19,STK_03,102.08453268898579,102.11126979321537,100.57420296639788,101.1420761296196,428972
2014-03-20,STK_03,99.51781266045555,99.91244961472924,97.51063437108557,99.68592479895413,407649
2014-03-21,STK_03,96.86958554374918,97.70895718590835,94.76413439780379,97.3297969585723,134461
2014-03-24,STK_03,95.95678861962423,96.11451141116564,94.45366847773579,95.5160818009433,980240
2014-03-25,STK_03,95.33717908888912,95.64695980024838,93.78763933762463,95.06131252676724,125891
2014-03-26,STK_03,97.9708720868565,99.78694342209018,97.19035720110013,97.39300793205159,306683
2014-03-27,STK_03,98.01936615150734,98.21123330177168,97.54056538937833,97.62609809368927,489294
2014-03-28,STK_03,99.79148781069888,99.83742346855415,98.91940939184727,99.53908796185515,248769
2014-03-31,STK_03,99.00153926080452,100.60587956642922,98.33301522513072,100.03550292016907,519722
2014-04-01,STK_03,97.76290115407963,97.88919210238093,96.54059323544367,97.73162391885403,183292
2014-04-02,STK_03,97.33187442259361,98.7809383617996,97.13713140781279,97.51225003114509,983765
2014-04-03,STK_03,100.4018044227439,100.7539248774687,99.74401245283126,100.62402486742428,996198
2014-04-04,STK_03,100.8154397234438,102.12252770942338,99.84215197448253,101.10808132809007,204142
2014-04-07,STK_03,100.39185047176802,100.82909769375809,100.39105525334212,100.5796494720346,176551
2014-04-08,STK_03,101.82736080876222,102.9009389309399,101.2677229979224,102.56818338328009,853114
2014-04-09,STK_03,102.93653685266605,103.58102937216898,100.41839961273607,102.56336005010597,740368
2014-04-10,STK_03,100.91336036804003,101.27228162554506,100.86890404743293,100.91102172063317,89400
2014-04-11,STK_03,98.57441643856137,99.01811334915304,96.67610341149634,98.24619692920882,674782
2014-04-14,STK_03,97.87640367945383,98.44622108588804,96.38666373159477,97.62497948205444,429609
2014-04-15,STK_03,100.55499806940568,100.69166831146471,99.21580087783514,100.43295848975391,864406
2014-04-16,STK_03,101.66120132856133,102.16976482663473,101.12826068565322,101.66023713394961,272103
2014-04-17,STK_03,102.60393462566513,102.76745286803373,100.90905260128753,102.10969239456374,612143
2014-04-18,STK_03,99.0806146700614,99.84942746434719,97.57593383784702,98.42498683808765,407770
2014-04-21,STK_03,102.10113160634951,103.24622007468547,98.39425001607454,100.72017657452683,979047
2014-04-22,STK_03,97.61029245707377,99.88547242432497,96.9184343733965,97.92466146540227,476901
2014-04-23,STK_03,97.62501181058168,98.47297009361709,96.4099940055594,96.98375159023193,291591
2014-04-24,STK_03,97.52186042192712,98.92521880109933,97.27722163512793,97.6105901026171,27419
2014-04-25,STK_03,97.78603939648134,97.98215433216083,96.45708668665158,97.00118314076802,671848
2014-04-28,STK_03,97.31614898086228,97.5348727692686,96.58783528590268,97.4943726680902,185038
2014-04-29,STK_03,94.91682047292929,94.97821314582302,93.82502890154296,94.62957985922212,820071
2014-04-30,STK_03,94.6175378399757,94.91870641666237,94.17197331150628,94.34534084869088,961493
2014-05-01,STK_03,95.0281802655841,97.12493664030025,94.34916863108491,95.54539235859926,320351
2014-05-02,STK_03,95.84472952460521,96.18382537160996,95.4572991396287,95.83219885750792,11139
2014-05-05,STK_03,96.55471909037348,96.93839781979186,95.70897513392637,96.32612845620345,201480
2014-05-06,STK_03,94.98007591175094,96.04163168529391,93.85148132900565,95.34355028088606,722468
2014-05-07,STK_03,94.33757392668254,95.3455291124272,92.81388276686243,94.08238256074398,997305
2014-05-08,STK_03,93.72017223188224,93.94194861998241,92.69078877454032,93.45037115616377,952018
2014-05-09,STK_03,91.46824031058527,92.87203696539552,90.87351511112642,92.11049630301034,469088
2014-05-12,STK_03,93.36032280669755,93.96289469128462,92.02457415644642,93.71875603228293,926523
2014-05-13,STK_03,94.49658548563262,94.99234929956857,93.73610493335059,94.3452456578459,500667
2014-05-14,STK_03,93.11198209859438,94.20638202888276,92.39820037436917,93.50509189790645,879739
2014-05-15,STK_03,95.78847878041478,98.22891570450481,94.84912116151943,96.33908884025695,772372
2014-05-16,STK_03,95.38682472290459,96.46711489537228,93.57850524810615,94.22349834814442,210733
2014-05-19,STK_03,93.66472886934832,94.62256354923483,92.86882733024098,93.55942181557978,465256
2014-05-20,STK_03,92.44625889954791,93.39566438603279,92.41700253055143,92.91074172498912,506320
2014-05-21,STK_03,92.90694626031708,93.68541956146312,92.61169022487594,92.90064413602184,516121
2014-05-22,STK_03,89.69682352723068,89.79201130042976,88.41954618840568,89.61924433125064,42580
2014-05-23,STK_03,89.00574848283044,89.64395071443613,88.60321921763219,88.8683488593408,440054
2014-05-26,STK_03,91.12537727567106,92.0258673196889,88.74326619545377,90.57446552541282,882847
2014-05-27,STK_03,88.51583708086758,88.58897360249604,87.48216676671208,88.01676298273064,430290
2014-05-28,STK_03,89.2713771008517,92.12061427076277,88.14890715556905,90.03252353076967,543481
2014-05-29,STK_03,93.27761525047569,94.0522075373858,92.15422054741359,92.57663120630099,740126
2014-05-30,STK_03,96.13564427283684,96.2173362065286,93.83380406062415,95.10235105250648,896089
2014-06-02,STK_03,91.65198149512293,92.4211058371452,89.69395863534315,91.21257616723393,379705
2014-06-03,STK_03,91.63141416921005,93.14539324842318,90.10333407813133,91.95953146716641,958862
2014-06-04,STK_03,93.35463251191864,94.08198730090116,92.9634286111873,93.2013238700052,882486
2014-06-05,STK_03,96.18850968406109,97.64203779245597,95.27933535350643,95.83615250449218,162710
2014-06-06,STK_03,94.70808662692578,96.24137635545736,93.91179496367039,94.86570522307008,879023
2014-06-09,STK_03,95.41547550059259,96.29657707294699,93.4866119164598,95.99616124151706,892749
2014-06-10,STK_03,97.62844141679766,97.7704013369576,97.25657929490683,97.65185275790915,990640
2014-06-11,STK_03,97.76700573186814,98.68957493585658,97.06658480264501,97.46342258068486,917665
2014-06-12,STK_03,96.7677191859479,98.14559090336314,95.84851209504377,97.29866298080437,443602
2014-06-13,STK_03,93.93346002349878,94.13475835899347,93.16641895687877,93.64930241538639,851765
2014-06-16,STK_03,94.11295320779129,94.99614309682981,92.77909135291809,94.23807554433904,413865
2014-06-17,STK_03,94.55880044740174,95.63809679310458,94.04935709166838,94.8123575538412,937642
2014-06-18,STK_03,96.48325394909043,98.01907064507593,93.91932158628968,95.78397441596903,208703
2014-06-19,STK_03,97.1668045749959,98.420096051212,96.58567285913347,97.86286991499205,224031
2014-06-20,STK_03,99.0469253643665,101.43310980262045,98.79039642738665,100.06939206986478,92919
2014-06-23,STK_03,99.6712184710278,100.94927410071863,98.54717371189467,99.60880750013379,160305
2014-06-24,STK_03,101.2430038607743,101.34942544772203,100.56888561204666,101.0848964103375,299134
2014-06-25,STK_03,100.94648995126727,101.5757842074228,100.59551002649941,101.4338993565881,300988
2014-06-26,STK_03,97.67113903355971,98.27179629893956,96.64255038001203,98.02186492037333,493791
2014-06-27,STK_03,95.99827044915462,96.31343073152607,95.04844043319741,95.72912288709766,110993
2014-06-30,STK_03,97.1433419423629,99.00460690821421,95.90076123132557,97.07205503275141,238519
2014-07-01,STK_03,98.23911385817267,100.28751248089796,97.81869635189395,99.34953516360281,258531
2014-07-02,STK_03,98.16032652004446,99.99248909943516,97.09676955397376,98.57821888210495,692151
2014-07-03,STK_03,95.4163793483541,96.23923157331028,94.371831662923,96.2231410602063,472470
2014-07-04,STK_03,98.39063265757336,100.68491371762605,97.04340417033781,99.76616692049917,27181
2014-07-07,STK_03,99.16055354618317,101.57715786283559,98.11593607065309,99.3609295100051,443532
2014-07-08,STK_03,101.01875237206484,102.00554831925103,100.3662176255383,101.38551110380818,719330
2014-07-09,STK_03,100.04094724628828,100.45077713453753,99.41447922023806,99.49395460130711,826986
2014-07-10,STK_03,98.45452541224637,99.0265166459326,97.27712179942318,97.75106310915199,937177
2014-07-11,STK_03,92.42741562163968,92.66874274568201,90.9484144054611,92.48797543450326,302913
2014-07-14,STK_03,89.99023174544243,91.51171709820206,88.85155664713545,90.06224428124357,42929
2014-07-15,STK_03,88.41851764843096,89.3193733375841,87.95327522481075,88.60845168537121,898955
2014-07-16,STK_03,89.93602789082348,91.63791535763761,88.61569307898866,88.91731415135878,689023
2014-07-17,STK_03,88.46389597704356,89.03079093959782,87.98026598665625,88.92545203995111,859534
2014-07-18,STK_03,87.8922182654479,89.04334977568122,87.22219682262866,88.22321830252724,572426
2014-07-21,STK_03,88.72403646860424,89.18500043521857,88.27306099283659,88.95198206077526,526290
2014-07-22,STK_03,90.0872335852335,90.80723421554546,88.21825349263786,89.24968031379733,271559
2014-07-23,STK_03,91.16558112786328,92.7136199023612,90.65176732496579,91.59904104154714,436115
2014-07-24,STK_03,92.22819978216329,93.44524489112196,92.13045512742741,92.45663801199451,834553
2014-07-25,STK_03,91.3012154612603,91.80943939038224,90.1241777378128,90.70399631633764,402705
2014-07-28,STK_03,91.33621964863772,92.42794884214166,90.63398044934132,91.15987848846595,101092
2014-07-29,STK_03,91.209020271386,92.44982058436919,88.9996577652279,90.76973956203344,250534
2014-07-30,STK_03,89.87286576384304,90.08135702046236,87.98017144620742,89.49303956719099,867763
2014-07-31,STK_03,88.40583590720365,88.70043272481357,87.4522746244854,88.44462197109395,983865
2014-08-01,STK_03,90.16822648261427,91.31179881848047,89.69489464550185,90.93109529373339,379344
2014-08-04,STK_03,91.22810980367854,91.97218151173347,91.10396243093899,91.69422937507142,967009
2014-08-05,STK_03,88.84469522077286,89.266975048942,88.78964623499134,88.92842641023273,529444
2014-08-06,STK_03,86.49435899030378,86.53796261781142,85.49597163006347,85.92377407174872,957731
2014-08-07,STK_03,85.10061042096206,85.55584280427149,84.73949162619661,85.48217105959462,82549
2014-08-08,STK_03,85.9043343241933,86.69660473903005,85.02274286132341,86.09174509123095,45753
2014-08-11,STK_03,84.30156781680681,85.4628381689495,83.35419412279573,84.17357233068282,334774
2014-08-12,STK_03,85.53726171145932,87.05348859975352,82.97587609599863,84.65080504629424,199838
2014-08-13,STK_03,85.19314855397842,85.48425223746781,84.13709593852751,85.10075707373754,705033
2014-08-14,STK_03,87.14739620985654,87.37620542003303,86.69160551646138,87.10197178601513,338168
2014-08-15,STK_03,88.16192910951229,89.0415831279636,87.55219072307827,87.76913244052074,532028
2014-08-18,STK_03,87.6141548357279,87.64531257236467,86.61707474073089,87.0020378701872,825045
2014-08-19,STK_03,84.40069354144586,85.24482706403147,82.1662505861461,84.1625325462171,270362
2014-08-20,STK_03,84.41750016032158,84.99631070327546,83.87551592120627,84.81791160158069,774268
2014-08-21,STK_03,83.12490731370904,84.90634538666195,82.88273093244744,83.5370676434404,937872
2014-08-22,STK_03,83.2758566258566,84.88626451903919,83.18126660290659,84.20224921613116,528454
2014-08-25,STK_03,82.24601528351272,84.21258373051107,81.72322583835022,81.77301454213425,743092
2014-08-26,STK_03,77.6904261000758,78.781229409965,76.72915839724682,77.77027210237401,711763
2014-08-27,STK_03,78.87265831662177,80.60116335799847,78.0083719576354,78.38734354569334,830165
2014-08-28,STK_03,80.42565001495664,80.7403868319816,79.20272641320649,79.68535206654684,435932
2014-08-29,STK_03,81.25892680420293,81.78457669905659,80.57922022371856,81.33326813639762,307431
2014-09-01,STK_03,78.98461232651584,79.06386706846241,77.75863559947464,78.728367256738,990419
2014-09-02,STK_03,79.98717637476082,80.25511199312082,79.45361792708667,80.14556376575514,262639
2014-09-03,STK_03,84.16417573605041,85.08466617489307,83.20628462579089,84.33485962318461,585027
2014-09-04,STK_03,84.42991842638972,84.83200613046493,82.86399505553241,83.79935416850684,612655
2014-09-05,STK_03,82.19966071179219,83.81119565615622,82.11155617439738,82.14575256643107,201592
2014-09-08,STK_03,83.49310523125226,85.02576233207141,82.91144344104278,83.16048771561377,846507
2014-09-09,STK_03,83.36938700317219,84.07862670284072,82.95760686619232,83.43019107384987,479000
2014-09-10,STK_03,82.36557262637047,82.68820670333837,81.21841666917942,81.93350230214946,79342
2014-09-11,STK_03,83.64024153515267,84.96097247015095,81.22002363492126,83.82260975488333,647312
2014-09-12,STK_03,83.63274031482732,84.95792485712401,82.88332045609258,84.14655740235376,510306
2014-09-15,STK_03,82.4174347264561,83.09405819620903,81.5263595371638,82.14550477053106,714451
2014-09-16,STK_03,82.97099346627492,84.14287629456402,82.25819569025097,82.93813808176448,178034
2014-09-17,STK_03,84.41929390644087,84.62209874224678,83.65684050885106,84.35535129815601,297154
2014-09-18,STK_03,87.96486077646593,88.75058531006083,86.5870371887006,87.85911332698699,261043
2014-09-19,STK_03,88.53826019729557,89.4715666189171,86.9325416395169,88.66787299650709,129808
2014-09-22,STK_03,88.59323497649272,89.48875452840944,86.9889550588737,88.86211424871352,750161
2014-09-23,STK_03,91.49229203121516,92.21352895187721,88.91644531484964,91.76996124290547,218684
2014-09-24,STK_03,92.02467684272409,93.40041818560552,91.14561913075877,92.50922210870382,332319
2014-09-25,STK_03,92.56064430915802,92.98815011005324,91.47638345460089,92.08868554348156,322799
2014-09-26,STK_03,91.03642535609215,91.92139529215748,90.97159305592143,91.71737204718467,2817
2014-09-29,STK_03,91.7361791059799,93.04735290188219,90.92782379658276,92.00622277952166,815858
2014-09-30,STK_03,95.90021086820242,97.07140483721301,95.03363095758345,96.29676861259173,759789
2014-10-01,STK_03,97.1274424685672,98.70355945212602,96.98677673142257,97.21573880547878,586689
2014-10-02,STK_03,100.66769726019731,102.54820335041961,100.44399245585328,100.97304080810542,596517
2014-10-03,STK_03,104.74034077863791,105.56762155403757,102.88339297032404,104.18036933912938,809953
2014-10-06,STK_03,107.4722417810295,108.19130589423509,106.52041253438308,107.31447837390243,530555
2014-10-07,STK_03,106.21998124102402,106.60740732803892,105.52672599088595,105.98338992286483,327213
2014-10-08,STK_03,107.43982244996457,108.66684361808905,105.88358578627624,107.62851629637676,923802
2014-10-09,STK_03,106.75664236323881,108.17212389197006,106.26710717195573,106.98597853920907,750915
2014-10-10,STK_03,108.11796294243759,109.41472916632081,107.78023754753632,108.71400524082074,365418
2014-10-13,STK_03,107.95139681076388,108.03605937688025,107.15519494954867,107.54539017084086,140304
2014-10-14,STK_03,109.34571659860927,110.08819480031836,108.81786385788168,109.56804845345268,219158
2014-10-15,STK_03,111.50052016146019,112.12057923692659,109.90986760726462,111.42503945985213,505447
2014-10-16,STK_03,111.42556949923045,113.30978117957304,110.08791963422398,110.85232633569801,381660
2014-10-17,STK_03,107.80237240631993,108.50475852696381,106.18679803304826,106.65390588315731,696424
2014-10-20,STK_03,109.69543304064159,110.23528273300192,109.07392175211095,109.86774496335079,223665
2014-10-21,STK_03,110.99901087980338,112.44230925069397,109.95098644318635,111.4356274278342,259475
2014-10-22,STK_03,113.24327362466873,113.75672713914015,112.16728039186034,113.5273187137334,459396
2014-10-23,STK_03,112.50965814115081,113.13948167667745,111.81409332883172,112.00945336759064,658712
2014-10-24,STK_03,110.5386153313632,111.0403039412755,110.46977455023367,110.83818595976408,255060
2014-10-27,STK_03,110.60032421708257,111.46266144192067,110.1754843759241,111.15820514929833,999154
2014-10-28,STK_03,110.1687766510061,110.87520803183152,109.39872992174419,109.87686492018759,362478
2014-10-29,STK_03,110.27080829460917,111.37652942250868,108.76011465471257,110.86550275118199,110574
2014-10-30,STK_03,113.62327486888525,114.11287266509046,112.01080399393146,114.05182869015498,114398
2014-10-31,STK_03,111.69323161702474,112.28372275667455,110.55677215938435,111.06223085209582,700639
2014-11-03,STK_03,108.81985500363913,109.85901779855634,107.95817320315922,109.21096180354692,146328
2014-11-04,STK_03,106.06921300803761,106.20065533273593,105.85813473117662,105.88420449623163,176566
2014-11-05,STK_03,107.84441570416337,109.08769317606593,107.41569150395856,108.62957876102651,179979
2014-11-06,STK_03,110.09146904788994,113.42944417063896,108.36976537315812,108.89412281152862,465514
2014-11-07,STK_03,107.72959032841858,110.52573483670953,107.01167588310734,108.83406914015326,846874
2014-11-10,STK_03,109.83878084511686,110.38459739342905,108.68697150992386,109.8418476262643,443789
2014-11-11,STK_03,108.65249585474777,110.12544957344468,108.08575758683276,109.2883671659224,417061
2014-11-12,STK_03,110.06770451130015,110.4238538428806,109.39385420341019,109.88537939672516,569117
2014-11-13,STK_03,107.12409013081057,110.36844972296393,107.0050181946709,108.33782923330853,636954
2014-11-14,STK_03,105.93179858297925,106.01785544675104,104.29216409191693,105.80293477570514,599125
2014-11-17,STK_03,109.5741758964816,110.10339017178906,108.8664860612838,110.01547735533426,380926
2014-11-18,STK_03,109.10174650226838,109.65542419415,108.70626377354542,109.19259219364064,353418
2014-11-19,STK_03,109.9399420274316,111.15406196679656,109.42505810804379,109.65384518648008,453659
2014-11-20,STK_03,107.18661463852531,107.46113025785289,105.39921385349271,106.85004688736704,515064
2014-11-21,STK_03,106.16433243183796,107.8736297084385,105.28237722801785,106.42945977582177,409292
2014-11-24,STK_03,107.077241935879,107.47297980163918,105.5377766021534,107.07004139063984,642649
2014-11-25,STK_03,109.61175884399478,111.34381877398889,107.0834329265792,109.7724288565161,66497
2014-11-26,STK_03,111.75138910247283,112.19402942018752,110.14416559750939,111.49311365693217,240895
2014-11-27,STK_03,114.46184056869328,115.05286674687157,113.16528000439706,114.76506869129841,101573
2014-11-28,STK_03,113.6569552709036,114.7088033311557,110.53879579510283,113.35945105969695,474624
2014-12-01,STK_03,115.39381621846681,117.4687436949754,112.63665988588633,115.60493360181032,200048
2014-12-02,STK_03,112.3188669250948,113.8218544168725,111.79949331211495,113.13263309803727,434241
2014-12-03,STK_03,115.73901272621242,116.29116485157763,115.646031313641,115.89284417137166,663968
2014-12-04,STK_03,115.51266905259838,116.14935184288736,113.06824616532974,114.63121993506786,478743
2014-12-05,STK_03,119.37233352186327,120.90709886931575,118.62835344289323,119.44231185141433,619070
2014-12-08,STK_03,120.5700005826236,122.2503653786208,118.68272074593091,120.05917465999856,752108
2014-12-09,STK_03,120.33529253910424,122.54994113427716,120.19605093912226,122.44076738898399,274180
2014-12-10,STK_03,125.55950041278402,126.21578673266568,125.2266026394271,125.91415404359807,588316
2014-12-11,STK_03,126.84529354090682,127.14097675123037,125.64606186471617,126.72175658015281,105340
2014-12-12,STK_03,124.99147887968356,126.85635748574894,124.48851379205246,125.46259102026916,481277
2014-12-15,STK_03,127.87769552788433,129.05186296738785,125.9493614133386,128.2736632529129,360198
2014-12-16,STK_03,130.11290117108462,131.0792649903709,127.98971870241647,129.40894869587007,978338
2014-12-17,STK_03,130.55802987032735,131.30110698502835,129.4512523353814,130.39461482102703,483522
2014-12-18,STK_03,132.58677863290916,132.9438522821257,131.80096720797596,132.4160577327953,77340
2014-12-19,STK_03,127.59715607064656,129.395777986649,127.07502599211298,127.76591583518065,251446
2014-12-22,STK_03,128.87664374521495,130.1251749776214,125.95436116765669,128.577366092883,463345
2014-12-23,STK_03,124.11379104821079,124.86908978094158,121.35229207106335,124.24584814911415,287908
2014-12-24,STK_03,123.61401792479523,124.671833408681,122.10467543745875,122.98888197419569,793946
2014-12-25,STK_03,125.9463975172895,127.18718148074262,125.68736934053624,126.19084325539635,843523
2014-12-26,STK_03,128.02100398630293,128.7900357805017,127.49457093135955,127.79268783893008,735609
2014-12-29,STK_03,129.63017618209003,130.11152073212946,126.71861623015921,130.0656333284041,977591
2014-12-30,STK_03,138.41631943226128,139.27181107888933,136.89895944060535,138.85737475095425,252553
2014-12-31,STK_03,135.50534095983366,135.6086061734332,133.65033596146867,135.27778169125375,835700
2015-01-01,STK_03,127.4690815731929,127.72300473486979,126.14526560902999,127.26283703549767,609749
2015-01-02,STK_03,130.33480397416298,130.87997882222174,127.69994444837357,129.78834701925487,365612
2015-01-05,STK_03,133.58558581877557,135.20954981157078,132.35954531990134,133.41961063109895,113778
2015-01-06,STK_03,130.6499216682308,131.33136316807713,127.96283055528897,130.29553586368198,368696
2015-01-07,STK_03,132.07289536546674,134.57046602678813,131.52671283081565,131.7001434452011,783184
2015-01-08,STK_03,128.71830975083742,129.69441430603436,128.36942010733603,128.6767671811275,16817
2015-01-09,STK_03,130.08170993767664,132.08482172742143,130.06288171790385,130.20863784261974,458220
2015-01-12,STK_03,130.23579493834302,131.64500922999358,129.78140117851427,130.90527306745093,876549
2015-01-13,STK_03,127.44744041545852,130.24636307186253,126.10068893909568,128.13105159220106,265255
2015-01-14,STK_03,124.57535378886625,125.86070323419442,123.59888439305826,124.50887272974434,449638
2015-01-15,STK_03,124.9250449942118,126.56966879875938,124.881873651481,124.99224158991579,482406
2015-01-16,STK_03,123.88795020097875,125.96328945627735,123.43542549376014,124.03232128563054,7862
2015-01-19,STK_03,124.85724785656532,124.93261791235022,120.46098509864677,124.386786844872,203173
2015-01-20,STK_03,122.8051257676151,124.37190473355312,122.80184795958684,123.25903098482452,302168
2015-01-21,STK_03,121.89624503896471,123.94914388009164,119.48523748844566,121.4520417554402,846163
2015-01-22,STK_03,119.13386349263449,120.31536623355703,117.35155813649521,120.03358561147968,957707
2015-01-23,STK_03,118.64601546805072,119.51865177069772,118.24064025791122,119.18269100786515,202372
2015-01-26,STK_03,118.94635120179267,121.68072044683396,117.51756787799741,119.34131722311095,555742
2015-01-27,STK_03,117.23050375474543,118.30967106902574,115.66748834691613,115.9401359402699,745648
2015-01-28,STK_03,113.8093090211075,115.07552909989407,113.76702771139175,114.44200646712981,11073
2015-01-29,STK_03,117.80077024255655,117.95674632139787,114.77895656329856,117.49016199742816,467870
2015-01-30,STK_03,119.91080730976168,121.43505227400789,116.7300075458489,119.95691936613375,381985
2015-02-02,STK_03,115.00987742911529,116.5975999458469,114.32003054550543,116.28701552653132,288699
2015-02-03,STK_03,116.06589112665853,118.89791964987559,114.96796244889681,117.52795011810758,120176
2015-02-04,STK_03,124.1847876397549,125.07099189226165,123.48751984363031,123.5108262594776,391870
2015-02-05,STK_03,125.47996805397601,126.27139527895682,123.40147822229984,125.2167813704959,619038
2015-02-06,STK_03,128.87530231838724,129.03994959201532,127.47496500380707,128.80323629567962,129768
2015-02-09,STK_03,131.14262288087147,131.42050464264403,129.13971730556116,130.3186411505691,710007
2015-02-10,STK_03,132.44490598273336,133.77655330849268,131.60857871597725,131.73749354852472,758324
2015-02-11,STK_03,132.01879139353164,133.9225615714831,129.33396059804616,132.72653990134555,319167
2015-02-12,STK_03,135.76495631315748,137.63675751128,135.6326245932399,136.21689386465428,77120
2015-02-13,STK_03,133.80399453266625,135.4379498835408,132.9851112268512,134.2118857133707,603409
2015-02-16,STK_03,135.4917936647507,135.49668070306598,133.1731732738004,134.1544431186155,522689
2015-02-17,STK_03,133.48666567342656,134.26222608945565,131.83099777624815,133.46638068622292,309899
2015-02-18,STK_03,134.81080214221956,135.9029663362339,132.0493267164119,134.54303145961694,33628
2015-02-19,STK_03,137.47124150484615,137.7256500529102,136.460615316788,137.56827132428845,285722
2015-02-20,STK_03,137.1883115421332,137.38624554563913,135.86981462546456,136.89497523516192,96972
2015-02-23,STK_03,135.97994048186612,137.71600432736594,135.67780747033672,136.13370520291386,340316
2015-02-24,STK_03,135.59647168571564,136.6520102096453,134.3629651757468,134.99487271587694,945710
2015-02-25,STK_03,132.8520856584098,135.19651127379555,131.14276516751366,133.14580361343542,421707
2015-02-26,STK_03,133.71069419373507,134.166975947054,132.00476993296954,133.64395787416515,606127
2015-02-27,STK_03,133.25628556080466,134.5753514908454,131.8223681068283,133.94079044146923,703153
2015-03-02,STK_03,137.48611288821698,138.7001138917751,136.71227205275076,137.12086552424495,207553
2015-03-03,STK_03,133.70828731463843,134.77408676276082,132.03346913976816,133.2257675651506,697847
2015-03-04,STK_03,134.85245446769756,137.69568626692185,132.59229138521212,135.78353669822278,714493
2015-03-05,STK_03,141.25633611143272,141.50061334259948,138.68213992677036,140.39725155415624,50658
2015-03-06,STK_03,136.69883187039883,139.31666312006251,133.81120476931687,136.96291422550786,460112
2015-03-09,STK_03,132.12928877191814,135.2538222027774,129.50622262867816,133.16672898398807,310100
2015-03-10,STK_03,130.8610258998415,134.4878104782499,130.6167239087731,132.71623048381142,311083
2015-03-11,STK_03,130.58039523350843,131.39491375499912,129.65908327270992,130.40684019565165,45493
2015-03-12,STK_03,129.55384010899567,130.75725500864607,128.25990694556583,129.5345180850924,957380
2015-03-13,STK_03,126.83733648551504,126.87158317297393,125.622070544806,125.68551969820822,303537
2015-03-16,STK_03,125.466672026083,126.90779811625224,124.95681820895032,125.32422498024124,494431
2015-03-17,STK_03,126.24056796806433,127.59174918584256,125.10194313980467,125.49841550203773,112874
2015-03-18,STK_03,126.8001886051459,127.86660323720886,126.23785571577477,126.44223899263893,330795
2015-03-19,STK_03,126.27766694478666,127.04169723048486,124.83620638609095,126.39263730890507,538783
2015-03-20,STK_03,123.9374054180162,125.08520646894188,122.4828922356211,123.65461116480647,676577
2015-03-23,STK_03,124.84030624424773,126.59462032055819,121.9147179827205,125.29378054168106,751863
2015-03-24,STK_03,126.27602654003758,127.24704693470498,124.71366297639379,126.41229914119506,158415
2015-03-25,STK_03,126.48488521164997,128.21635005216277,124.4387193565916,126.97931756000484,309185
2015-03-26,STK_03,131.58454138826215,132.60032002418447,130.48523933758088,130.85893685001037,196481
2015-03-27,STK_03,127.19221785088337,128.99750878403893,126.45201612596313,127.31580378022853,464209
2015-03-30,STK_03,128.59608270538143,129.59226155051053,128.44542072836475,128.52573371817817,114990
2015-03-31,STK_03,125.38738522754396,126.67971201413941,124.7038771305524,125.56234634733902,783952
2015-04-01,STK_03,121.59795078618043,123.43228550378973,119.56648642690547,120.49644403553027,331746
2015-04-02,STK_03,116.79341999809087,117.64551506102637,114.88513553156223,116.13683041305669,660752
2015-04-03,STK_03,121.46698148264831,123.49058798997825,118.57464824158758,120.79687744543929,292408
2015-04-06,STK_03,121.60295744140464,122.23202829784678,120.3845961496144,120.95548573974592,651427
2015-04-07,STK_03,125.16680125617319,126.29338794796152,122.66642253410188,124.71276998865659,501532
2015-04-08,STK_03,126.15574333058053,126.52005917307922,125.67622008387113,126.51128008150188,88612
2015-04-09,STK_03,127.05232312214726,127.57286321044562,124.25583380926558,126.33259497655676,150079
2015-04-10,STK_03,127.70440925275284,129.3608281244634,127.59148832417121,128.29490740357045,266508
2015-04-13,STK_03,126.81605177924904,130.39246609621023,126.04726004329564,128.04048537640884,515615
2015-04-14,STK_03,129.47203227290262,132.1062740667933,128.61540810533978,128.92652013077833,235836
2015-04-15,STK_03,130.1193987468332,130.32830734103192,129.70868567714652,129.90582022426236,238444
2015-04-16,STK_03,127.67635632881631,128.13217299172325,126.96367856594495,127.57667430287368,909017
2015-04-17,STK_03,128.2725828368509,129.2027585290153,127.43959314986913,127.85211181619306,688118
2015-04-20,STK_03,127.50685069078342,128.1342351021821,125.961045704331,127.32529731581988,247236
2015-04-21,STK_03,132.06809168137016,133.01108447655156,129.1367413538477,130.71613282804245,225628
2015-04-22,STK_03,131.4214167908188,133.22134927306715,130.50544618270882,131.64173707522292,913734
2015-04-23,STK_03,129.41402223057065,131.14295648712934,128.35288529015548,129.2033657209147,266412
2015-04-24,STK_03,135.94671949845255,136.10147435667164,134.08191674612794,135.76043093630238,940123
2015-04-27,STK_03,136.19441838992728,136.35655366501433,135.43288961365678,135.74479929187146,48349
2015-04-28,STK_03,136.22985632979547,138.06271764946612,134.40977467760206,136.52506125250835,21949
2015-04-29,STK_03,137.31563272557372,137.57689607784513,136.3691426654199,136.42391419016283,692249
2015-04-30,STK_03,140.7822665376088,143.81622686043733,139.68721590355756,140.95666892278695,147608
2015-05-01,STK_03,141.04649841153883,142.55483270348643,140.32339317840763,141.1046733904935,699012
2015-05-04,STK_03,142.3238944873897,144.02698211932974,141.66629546282542,142.1224012525761,808581
2015-05-05,STK_03,141.73862438645358,143.388627220001,140.56884604783286,142.96537455350102,835685
2015-05-06,STK_03,151.27056296115825,152.60086834633424,147.21293436513085,150.4470990416135,174607
2015-05-07,STK_03,149.19120234856538,150.158834017303,146.73758790436162,149.322549810905,103579
2015-05-08,STK_03,153.70892993228782,153.87576355837064,151.47545571711805,152.53140450420574,818309
2015-05-11,STK_03,153.27789756878235,156.45899317285685,152.55650528965236,153.6844834263998,524034
2015-05-12,STK_03,155.59189411746596,158.19882700726447,152.8582515026339,155.69280906984002,226799
2015-05-13,STK_03,158.2882077886107,160.24623002562296,155.0816779670855,158.29678854139283,144475
2015-05-14,STK_03,154.37342734476837,156.393685184393,152.6399179037772,155.41225784939357,938266
2015-05-15,STK_03,156.4496920328965,157.25978456967982,155.31564186208107,155.85808711572372,247052
2015-05-18,STK_03,151.63589023796126,153.40629800226054,148.32844915929482,152.32643277772823,396477
2015-05-19,STK_03,154.66502729042347,158.3503747804099,150.36203004551496,152.72683589756383,45456
2015-05-20,STK_03,150.31117676208652,150.74114512963675,148.76363024178283,149.66038445169008,390195
2015-05-21,STK_03,145.6969998846365,147.71343570485558,143.92965970817747,144.70740173717726,268095
2015-05-22,STK_03,145.80813004430385,145.8903255352562,143.92824376396266,144.431050346284,618627
2015-05-25,STK_03,146.99512978395381,148.4017606144167,146.95410145307628,147.28436553428975,561897
2015-05-26,STK_03,152.32226923858107,153.74210409895292,151.1137366764016,152.72566125020143,585157
2015-05-27,STK_03,152.5754657690925,152.93373120929536,150.94558807241913,152.32206063718087,106385
2015-05-28,STK_03,153.6752173461868,155.1071827615066,152.19636272279996,154.37949533357877,939352
2015-05-29,STK_03,158.45100645133596,159.0876497023527,158.32063664437396,158.77835957747988,276789
2015-06-01,STK_03,155.40371253865442,155.93814588522528,153.7751195503167,154.49953381219947,933702
2015-06-02,STK_03,150.4220887402171,151.23613823531787,148.55086742127,150.35878150261536,922754
2015-06-03,STK_03,150.5297066366559,152.62243682389686,149.10747694167142,151.69559303957396,323091
2015-06-04,STK_03,150.20507316753938,153.49398696028373,150.18001688168894,151.71485443305235,744824
2015-06-05,STK_03,150.65298575112323,153.2708273420705,150.33081961295252,152.01745647928215,987285
2015-06-08,STK_03,149.9624517123533,153.23060568907565,147.67055561117556,151.67055197411918,465537
2015-06-09,STK_03,159.01952691993287,161.51056461327093,158.779620574225,159.5237069127745,544310
2015-06-10,STK_03,162.95146217136477,163.64954740317407,162.08433127362477,163.52660799684497,652902
2015-06-11,STK_03,162.99069130074645,164.9234598644094,162.08797327119572,162.5699762580788,199610
2015-06-12,STK_03,164.06107730108843,164.74884318659528,163.97866787059624,164.6311699671115,657725
2015-06-15,STK_03,169.5718471930533,170.73217930377155,167.73571860607004,169.76120474046164,145888
2015-06-16,STK_03,167.6425256279245,168.3044200148001,163.32511943221004,166.57168350829076,202245
2015-06-17,STK_03,157.82017380672588,158.69524927271337,154.6227419332221,156.87309407573568,360810
2015-06-18,STK_03,150.5907409363148,150.73017721328844,150.26837287593156,150.6111060617096,127791
2015-06-19,STK_03,149.14051262698936,151.564704484744,147.9482412583158,148.53107239230542,656118
2015-06-22,STK_03,146.19447511139813,147.60223841499152,145.1815782178893,146.19135684394357,102558
2015-06-23,STK_03,143.13904746750637,144.65891708702023,142.73934984200235,143.9072072763164,320988
2015-06-24,STK_03,143.06969165691368,145.75392117413136,142.0912690029064,143.5381171374065,455438
2015-06-25,STK_03,141.47295739888696,142.4631908532923,139.0573440399991,142.29806980902976,922766
2015-06-26,STK_03,144.34764908646832,145.47582812288093,142.67436153457322,143.2769994021609,494341
2015-06-29,STK_03,146.40995061743504,147.79617821832488,141.36742160327418,145.1487566606592,103843
2015-06-30,STK_03,140.3325884461283,142.61212038008406,139.44298653049978,140.5610135933517,220403
2015-07-01,STK_03,145.09867822328806,146.5471978482255,143.30156709511166,145.1368761926506,481248
2015-07-02,STK_03,144.25370152942088,148.9733742928895,143.52426914941162,145.80288709200283,881503
2015-07-03,STK_03,144.48577231553452,144.49615417656844,142.72920641211402,144.0396472669414,943257
2015-07-06,STK_03,137.9020380624593,139.40220114367727,137.4779727837152,138.31212047026796,643224
2015-07-07,STK_03,138.73541730142665,139.17852104782696,136.9096411948331,138.4531660687104,435803
2015-07-08,STK_03,135.02853330058147,136.50433559096882,134.34752486928573,134.53620629101715,823127
2015-07-09,STK_03,135.98719923233307,138.94762697839104,135.76428588060844,136.71645540118593,61143
2015-07-10,STK_03,130.0462135575004,131.71365791865855,128.4918349010599,130.41735672565343,27622
2015-07-13,STK_03,130.42808475533735,132.53235376556734,128.9156275422462,131.09260635153356,554262
2015-07-14,STK_03,130.33199093299518,131.96437918920088,129.70168239014592,129.8897562279191,360745
2015-07-15,STK_03,132.55593068919555,134.2806562474587,130.90090421415664,131.84529533558498,773971
2015-07-16,STK_03,135.23017185132778,135.9805262807803,132.08804182842647,134.79578749662141,357008
2015-07-17,STK_03,128.11098516455732,129.75741383578085,127.05203799317233,128.42079575499238,396513
2015-07-20,STK_03,130.68274171875112,131.34904546134013,127.50377858251716,130.57461000444434,832975
2015-07-21,STK_03,131.74868227389499,132.06161602275253,131.0064864814661,131.0717724299769,243605
2015-07-22,STK_03,132.1662115006045,133.64855918834388,131.6570107676243,132.10793109780303,578166
2015-07-23,STK_03,132.872488376245,133.51008163395323,131.19056108397274,132.43757602656058,530570
2015-07-24,STK_03,136.4117038587838,139.22789367155758,136.30047994433116,136.48195577681065,225526
2015-07-27,STK_03,137.98419367363516,138.65129463518585,134.61161600605988,136.836251079321,961176
2015-07-28,STK_03,136.55733672598254,137.5625633014261,134.35623527386954,136.45119556846316,306925
2015-07-29,STK_03,136.07127714015618,138.75773754021216,133.4138868022799,134.9829120711092,608650
2015-07-30,STK_03,135.41228457780346,136.3986482376437,134.17624304856332,136.3000161220868,351447
2015-07-31,STK_03,140.1140175333348,140.94627597820772,139.59404919540876,140.68533682384015,985616
2015-08-03,STK_03,138.29542640384312,142.22402029281798,138.291212047408,139.8803017796268,747115
2015-08-04,STK_03,138.81549940245347,139.19429141606759,136.2120388954068,138.77896254816258,33221
2015-08-05,STK_03,136.6017441575898,137.13577306828628,135.85657366445108,137.10300207380988,770481
2015-08-06,STK_03,141.33388988821133,142.79597424852656,139.5174069572847,141.21321022870035,110126
2015-08-07,STK_03,141.83203765507224,142.39103968262344,140.64845763621662,141.7917094525291,645901
2015-08-10,STK_03,139.92173479532397,141.4562610470341,137.5022739777936,138.52204549288473,200842
2015-08-11,STK_03,139.8537981340529,140.77364547018271,139.3755792747057,139.98040536673383,537860
2015-08-12,STK_03,139.71137844258587,141.0693899886759,138.6448123981622,139.2862828817731,335823
2015-08-13,STK_03,143.98538798526448,147.6473711956197,142.82859507671262,143.24637312944228,480059
2015-08-14,STK_03,138.5493147763129,140.76809844786337,137.16804585606212,139.21550111417397,804091
2015-08-17,STK_03,142.5921103697287,142.9325095703048,141.08670186390052,141.76128110844508,517412
2015-08-18,STK_03,142.80569179935512,145.21797612395977,141.52569271836086,142.07321822674476,277677
2015-08-19,STK_03,137.97920556586922,138.56182917974735,137.2704877633592,138.13244994200886,327358
2015-08-20,STK_03,138.19020048133703,138.78815725586875,136.41641014916038,137.77103355326224,625562
2015-08-21,STK_03,137.204759749741,138.70522098344205,135.69382115380762,137.88298135072253,228550
2015-08-24,STK_03,136.9969499719805,138.1679132449806,136.49626219675432,137.13543219865892,314266
2015-08-25,STK_03,138.96559515041525,139.76001008738106,137.39619326868169,138.95057419131803,317013
2015-08-26,STK_03,139.5898158046481,140.6923599471345,139.06550832817874,140.39508633495782,800013
2015-08-27,STK_03,141.61322105739583,141.73130422532236,141.24444288948297,141.40715505782018,150423
2015-08-28,STK_03,138.95055673713472,142.59659486007862,138.65574529249255,139.62067559518485,973973
2015-08-31,STK_03,140.34870988745092,142.73739575431142,139.89169407317357,141.32471764647363,674502
2015-09-01,STK_03,143.42588657775798,147.27473420774348,142.1221856769061,144.4396688233205,483399
2015-09-02,STK_03,147.96550630292757,149.39100667344857,146.08123005137722,147.5432315959212,956386
2015-09-03,STK_03,151.8142020833521,152.80895196406155,150.55316557788052,151.0322675420532,294871
2015-09-04,STK_03,153.9374103338545,154.1558290397053,151.71230243649603,153.9063960027459,877564
2015-09-07,STK_03,157.86409450463273,157.87026989477837,156.89600406274624,157.85751484511923,633573
2015-09-08,STK_03,164.51860460815686,165.1338665911833,162.20478531980245,164.68619776507535,245319
2015-09-09,STK_03,163.67240746421658,165.73783116121857,162.75830435514015,164.68942471608838,24257
2015-09-10,STK_03,168.86321646370905,170.07986718966393,167.89902781381252,168.75324114107485,262880
2015-09-11,STK_03,167.97122096874085,168.2027254327177,166.4525579548319,167.814815748499,522982
2015-09-14,STK_03,161.11309544432703,162.91007580430824,160.90992981630527,161.4301245121907,516362
2015-09-15,STK_03,166.18756878434868,167.27416560959563,163.9206754606337,164.88876211192365,182503
2015-09-16,STK_03,165.1700391416875,165.65188957322573,163.84701792069114,164.04420941324744,128889
2015-09-17,STK_03,165.14180508795076,167.61711528252428,163.75240425074222,165.30450974648852,40996
2015-09-18,STK_03,162.9672682063095,163.58901039347813,159.54220765809387,162.24502020101926,66644
2015-09-21,STK_03,161.37565114202906,162.70500103755344,160.77014947000353,161.3909397671249,549823
2015-09-22,STK_03,160.2684203671007,161.64360279948448,159.82669169430835,160.8849656996304,605968
2015-09-23,STK_03,159.96312531753262,161.26224472125142,158.6316444537224,159.86791586230646,367044
2015-09-24,STK_03,158.9763634142859,160.27868682904386,158.00392815815076,159.0815965118128,917910
2015-09-25,STK_03,160.14776439163796,161.1815627476407,157.92816144551395,160.3661215815259,921268
2015-09-28,STK_03,157.6855431455859,158.50014440933947,156.91022579855584,157.40509432185314,592512
2015-09-29,STK_03,161.80230750074412,165.43645465670272,160.0201420349599,161.92316605033568,361541
2015-09-30,STK_03,164.15590227059786,166.17232523359223,162.67837125464155,165.1983983683145,528312
2015-10-01,STK_03,169.49165020557675,170.46103588718563,167.68510505332884,169.99954375612162,998523
2015-10-02,STK_03,170.847781129631,172.25121460615497,169.79376943484797,170.89408738387752,259566
2015-10-05,STK_03,167.84955346214056,170.99843493901602,166.7494803057449,169.23163116475638,323395
2015-10-06,STK_03,174.20444098944586,177.00464796887636,173.22767809611875,176.2490842263459,267280
2015-10-07,STK_03,175.772648601068,178.75429027137497,175.7378629283027,176.6743776914607,400764
2015-10-08,STK_03,174.26997423500933,176.1739757606947,172.8071671377159,175.43135806740383,154856
2015-10-09,STK_03,172.56872787627168,174.6147219261493,169.17222773018474,174.10014331250505,568613
2015-10-12,STK_03,166.6558365154338,167.6614215147404,163.8248005275197,166.18177530424913,387237
2015-10-13,STK_03,169.6662103332005,171.47813844260324,169.36713575745986,170.76723841684932,353753
2015-10-14,STK_03,166.79762571197634,170.18912954319717,166.72467064847342,167.41431378989063,673595
2015-10-15,STK_03,168.20105586393018,169.64354169786492,167.16874637749126,168.17075234893565,721517
2015-10-16,STK_03,170.68169176099343,172.49438232158602,169.492586765972,171.78478542818846,614187
2015-10-19,STK_03,172.83567735384514,177.72019533333057,170.6687460161957,176.64698956930005,89572
2015-10-20,STK_03,178.01551446350794,181.86788121470812,177.46217463637439,178.06109063581326,404553
2015-10-21,STK_03,169.72120368289765,171.2145253092602,169.61812189059972,169.72528987148294,207712
2015-10-22,STK_03,163.94475795134724,166.9909673255879,162.69964812544586,163.7700224987266,874682
2015-10-23,STK_03,166.0636508041319,166.5109042702337,165.26919886789494,166.1391910406558,385954
2015-10-26,STK_03,165.35618335433443,168.24575955961944,165.0333418988921,166.42687779403641,195800
2015-10-27,STK_03,170.79143999995466,172.91478947651822,168.81290963355642,171.2744584863797,477995
2015-10-28,STK_03,176.4648734660284,178.74335682856582,174.59775114242228,175.54279850933065,543196
2015-10-29,STK_03,172.73792086228167,174.44261564653056,171.1261721948097,173.51907751335565,954000
2015-10-30,STK_03,176.18680742077504,177.45473696620493,172.79195568531125,174.15939913633036,164286
2015-11-02,STK_03,177.4257644708752,179.12474252434882,172.7784198525299,176.19135114996712,890332
2015-11-03,STK_03,173.81473314562814,174.45914700465653,172.06147047364692,174.07814585131578,118476
2015-11-04,STK_03,178.67434936032325,181.67003984893518,176.12769829861273,178.9450249325243,751726
2015-11-05,STK_03,175.05826397126938,176.66146607864778,173.3393161400265,175.58023529171925,375463
2015-11-06,STK_03,171.0862139875901,173.76036485133795,168.85955635707495,171.30055012067766,833143
2015-11-09,STK_03,168.58967879939584,169.45151903341002,167.96857136246297,168.59019815592941,365241
2015-11-10,STK_03,170.99630436723803,173.25892930193737,169.09638347438897,170.8751163483719,350192
2015-11-11,STK_03,170.90440093349525,172.9442108918121,168.71059100511278,169.78637846462652,455781
2015-11-12,STK_03,169.3601241993062,171.46782890789643,168.17916452162328,169.185731581857,814339
2015-11-13,STK_03,171.80625974423333,174.29751224001868,170.16591114334406,171.9816717708237,721302
2015-11-16,STK_03,172.58011384535428,174.9217675413607,169.35295123861556,171.77576225827312,63264
2015-11-17,STK_03,171.32558222852398,171.9531675596271,169.05739551178826,171.56705321606748,105533
2015-11-18,STK_03,164.05887975451586,165.58780911611416,160.23585182496964,164.66659633685063,685624
2015-11-19,STK_03,165.19564689822496,165.4671609624748,163.12450224346225,165.44321857478002,565395
2015-11-20,STK_03,170.5970481410614,171.1467472939685,166.41002973396473,169.64085776796622,290546
2015-11-23,STK_03,175.62985346285168,175.845829688424,174.58782832525952,175.84043198771255,155143
2015-11-24,STK_03,179.34003710695353,180.8074254126281,177.9414334254351,178.6550275912198,517406
2015-11-25,STK_03,180.04690189606245,181.26328787536536,178.25101479948233,179.08771805740014,818645
2015-11-26,STK_03,178.1710741616938,178.89021889825148,174.52863860165104,178.65795462352395,101884
2015-11-27,STK_03,180.95106517416053,182.19208557638524,179.264270950942,180.6599378568764,409388
2015-11-30,STK_03,178.92262391826858,181.34686003501878,177.86013861740437,179.17994839531437,429377
2015-12-01,STK_03,180.46305872994438,182.02455020459254,176.62453365107274,179.6233879783054,253825
2015-12-02,STK_03,179.35772660983704,181.6808121003251,178.62071275289418,179.09460091065867,154444
2015-12-03,STK_03,170.57992247708785,171.21893222415645,169.32352753936522,170.94058122363586,25064
2015-12-04,STK_03,171.0292660633354,172.68774621841254,167.1725739179237,168.99587765025908,141793
2015-12-07,STK_03,161.81787443454405,161.94760026372393,161.4303386982555,161.6306274417511,618891
2015-12-08,STK_03,155.3692516473685,155.37479059705166,153.58862623281553,155.05581367371627,329408
2015-12-09,STK_03,152.98317990774115,154.16415650487357,151.9799348914616,152.24147433271705,400097
2015-12-10,STK_03,150.85887941557516,152.03480054543957,150.51668067349465,151.20822832559662,245565
2015-12-11,STK_03,152.8902518651266,153.16443277532287,150.94563884803796,152.92723055016856,853746
2015-12-14,STK_03,152.67377477092953,153.7988023781459,150.90922007716367,152.2111928700082,876646
2015-12-15,STK_03,150.8808465159888,151.3390814908569,150.15459126535364,150.92880431803874,330485
2015-12-16,STK_03,150.30399782788578,153.22468863015953,148.1584919710838,150.07808264115172,99725
2015-12-17,STK_03,150.92815120376343,151.9957578404471,148.652248366264,150.4224321624349,679512
2015-12-18,STK_03,150.83992842600892,151.9915969072994,150.67700044705697,151.6598421146098,849193
2015-12-21,STK_03,150.85144836573082,151.66208243392086,148.81373039861558,150.27265853493182,821449
2015-12-22,STK_03,153.6758759254391,155.79061656000263,152.45237095707694,154.0535253082341,920122
2015-12-23,STK_03,153.56825240006245,155.42650074504468,150.53132395851944,153.53190148214114,138277
2015-12-24,STK_03,155.6075136904606,156.776940674012,154.62402799584234,155.6696331839532,693310
2015-12-25,STK_03,149.84733475242768,151.22441059580086,148.08683313703398,151.15676032027847,3759
2015-12-28,STK_03,152.18159839958952,153.305368206897,149.86984801415824,153.01952266620302,107085
2015-12-29,STK_03,148.34321634820392,151.16589715121324,146.68463769558468,149.13620949430842,123357
2015-12-30,STK_03,153.47709191930883,153.84907575804812,152.55879460908034,153.64841151412372,460385
2015-12-31,STK_03,152.38433507498593,155.89751778965942,151.96216830453068,152.86995595772214,510914
2016-01-01,STK_03,152.19910574810172,153.37691002510678,150.8819448905464,153.05171383911093,375732
2016-01-04,STK_03,158.8454443073059,161.41978160744026,155.82933373491747,157.46198743056945,754685
2016-01-05,STK_03,164.4038615090543,167.2901401585996,161.5087244543624,165.30393025906932,601146
2016-01-06,STK_03,161.84815156896983,164.29019206169087,160.4330465206453,161.9506276511809,546413
2016-01-07,STK_03,166.89201192592094,166.91742524472735,165.8389753159225,166.03111873806037,816155
2016-01-08,STK_03,165.50361357332577,167.69226062168983,164.6641812659781,166.02731248833717,401298
2016-01-11,STK_03,164.7201717460542,165.96785091814843,162.21120723876777,162.78559196148538,337320
2016-01-12,STK_03,169.22626293375853,172.1938334208902,167.27668711696816,168.72020475939493,515565
2016-01-13,STK_03,167.06971034088892,168.6781323709938,165.986451785679,166.46983739101128,993822
2016-01-14,STK_03,166.78729356372799,168.99018146781245,166.04484149715827,166.5790167272046,636169
2016-01-15,STK_03,165.56704957934338,166.30479739901307,164.16224550049304,165.6081586684414,355399
2016-01-18,STK_03,166.01968790202827,168.27203410746355,163.60936953956104,165.77908436522847,71945
2016-01-19,STK_03,169.11562253822174,172.0144213312174,165.99026410043797,170.33217477680253,578243
2016-01-20,STK_03,167.10970376834408,168.54831522429168,166.37127376049304,166.42986835281386,97589
2016-01-21,STK_03,161.97285409029746,164.26277928785228,159.65084271505688,161.0095898447908,115766
2016-01-22,STK_03,162.28767306752954,163.2746465207619,161.00410624287002,162.3442768174504,650294
2016-01-25,STK_03,164.49871801051074,166.4638643922685,160.42435018250984,162.9729389942548,876856
2016-01-26,STK_03,162.19662412128517,162.79898019773808,159.26700153023867,161.34312523021094,117888
2016-01-27,STK_03,162.512346545771,166.9630716570766,161.19733362564966,163.08392247653558,213973
2016-01-28,STK_03,161.25466601740615,163.3766862966231,160.29229353131066,160.82322200291424,670699
2016-01-29,STK_03,162.89067620307463,164.522064365659,162.44024801206717,162.52200390691894,280515
2016-02-01,STK_03,162.69423798824144,164.3420318113763,161.1755856168128,162.2612563655707,936992
2016-02-02,STK_03,168.7460832493739,171.12183018523075,167.91343060399484,168.4649510595995,938990
2016-02-03,STK_03,170.58897814015143,171.35173431980817,169.2466217922819,169.55175381335326,188715
2016-02-04,STK_03,173.89473897366327,175.06767796687706,171.0695729747857,173.5637532644202,577448
2016-02-05,STK_03,172.8363924631574,175.99280297342088,172.19102246051693,173.74467487646257,959622
2016-02-08,STK_03,169.08753272456948,170.10367221139205,168.75703055199196,169.30159949687499,554536
2016-02-09,STK_03,168.09119505245837,169.3865107671431,167.82414347947997,169.14625196158065,458485
2016-02-10,STK_03,167.46915997053307,168.54155631749333,166.62563201622814,168.28114201221248,921697
2016-02-11,STK_03,170.83747958876106,174.09902902389382,167.40008853486748,171.29883295089078,231036
2016-02-12,STK_03,167.78829884231106,170.5245058088169,166.77254682374667,167.55236605216763,625411
2016-02-15,STK_03,173.85453821437832,174.94760944481698,173.52407542661285,173.98859040798308,838593
2016-02-16,STK_03,172.91912159654706,173.7093244068831,172.854471806047,173.36572546423034,444696
2016-02-17,STK_03,171.97389667921604,172.3225419690401,171.86494875227424,172.0032287354819,27965
2016-02-18,STK_03,171.7786102787237,174.7466663788518,169.916684653437,172.61540833647436,587235
2016-02-19,STK_03,176.18205847388543,177.66753666465402,173.00168688498357,175.5175724735006,344247
2016-02-22,STK_03,172.04100068118248,175.00200929524627,170.87833461864935,172.08350626124982,384625
2016-02-23,STK_03,168.89336486168153,171.01937110326097,168.4326119971398,169.79497151232908,903889
2016-02-24,STK_03,173.16406239154634,175.2843467932718,171.91698632662815,174.5819276590862,697572
2016-02-25,STK_03,175.6598984647192,176.34919047799755,172.9190839573176,175.10079004500173,285835
2016-02-26,STK_03,183.00013728591824,184.0213832667839,179.95892765316447,182.3535784281552,107389
2016-02-29,STK_03,187.42777533769384,188.2436066766926,186.60932321918398,186.98989333809047,358420
2016-03-01,STK_03,183.23886619162397,184.6967498740325,182.21740381503454,184.66170863227205,851032
2016-03-02,STK_03,184.78949857704833,185.05032756532773,182.03314823209504,183.0371504263976,477244
2016-03-03,STK_03,177.99164788058098,178.92224262079188,177.65256451635872,177.96738150331365,71930
2016-03-04,STK_03,177.29831760001065,181.68944548024123,176.9988863391067,179.64274731672626,176368
2016-03-07,STK_03,178.46832488213818,181.00671044103598,177.50899594108034,180.49930992698532,838508
2016-03-08,STK_03,177.40784970915803,178.024449025369,175.95195248431975,176.22735639748734,814656
2016-03-09,STK_03,175.26293244071374,175.71398713914874,173.29666376265445,174.11984773263507,828478
2016-03-10,STK_03,173.69244864680002,174.86281471495005,172.36698015931046,173.91083374230308,325690
2016-03-11,STK_03,167.11890372624308,168.9468483685366,165.96498355508334,166.91363822738182,12412
2016-03-14,STK_03,171.22857285193626,172.34832796600367,168.49647430469074,170.64989283519625,569207
2016-03-15,STK_03,168.5031247696086,168.65635839666467,165.11159200949714,167.63745942395778,921025
2016-03-16,STK_03,167.02764489490687,169.18331421900857,164.66169753171562,166.11137866992377,341636
2016-03-17,STK_03,167.69823079991468,168.31518368362848,163.0483843294492,166.8386447389903,291334
2016-03-18,STK_03,169.02630898472944,169.61538881338836,166.86139120016455,168.7335261332511,478533
2016-03-21,STK_03,167.18641758335568,167.5733820566218,165.36799103566003,166.67086792501007,866277
2016-03-22,STK_03,170.91759460051932,174.26488776251236,169.48861643544106,169.94210618521532,904053
2016-03-23,STK_03,174.9859201984365,180.13982479047252,173.70257750245833,175.7358993828707,200869
2016-03-24,STK_03,183.21311790569902,185.0031862177014,180.92690977718098,182.2802310073689,654943
2016-03-25,STK_03,179.16467455404725,179.79108900039898,176.78030782815222,179.09538666325818,805600
2016-03-28,STK_03,172.8595640410702,174.0988291015704,172.43218903577443,172.82138872116582,351810
2016-03-29,STK_03,171.77729109106772,173.81978961304188,170.0999054637848,172.42106567218883,491722
2016-03-30,STK_03,171.44535679502624,172.07858521904512,170.24865808769272,170.91928380204712,195023
2016-03-31,STK_03,170.13149817172993,171.79918958008923,168.767102897026,169.78364099424198,379873
2016-04-01,STK_03,168.7784110334606,170.52682656547725,167.43948209689754,168.22516290902993,201210
2016-04-04,STK_03,167.81363324549542,167.92916335499297,167.77337623318576,167.87331156654687,592079
2016-04-05,STK_03,168.3207065889581,169.23252578415227,163.15050212670573,167.1338369818475,926029
2016-04-06,STK_03,170.0670360949547,172.74570182223516,168.6591439891611,169.65242878833948,623612
2016-04-07,STK_03,171.7710030294433,172.7042194378538,171.2193107385868,171.31219792710021,308783
2016-04-08,STK_03,177.22753799877486,177.35880810587406,176.351992440548,176.5056720757094,572621
2016-04-11,STK_03,175.63534986104148,180.2583954216993,173.26353263350606,176.61019687292327,18488
2016-04-12,STK_03,177.3681147741785,179.35697153035025,175.72740444172445,177.04568348411277,576165
2016-04-13,STK_03,182.35180424203045,184.5533524662008,181.39252919468066,181.46389701173334,747435
2016-04-14,STK_03,177.78475866212628,179.78603336910606,175.4605484344343,178.249955058213,93263
2016-04-15,STK_03,173.17849069784626,173.34469666936468,168.15710197013746,172.84807395079855,403086
2016-04-18,STK_03,171.71901446415896,172.1353392156423,166.93903682603707,170.74777227516353,580507
2016-04-19,STK_03,165.97141237338076,169.78339648215365,163.8486531537315,166.43996992321308,741637
2016-04-20,STK_03,164.40685246405232,166.44188895069382,162.1062269918229,165.01053108571955,216160
2016-04-21,STK_03,165.0446795205166,165.70387400201204,164.06286892060143,165.46318205660938,764394
2016-04-22,STK_03,166.12908551841338,169.15706713504198,164.75091859745845,164.85071087039208,905250
2016-04-25,STK_03,170.82392540522287,173.90556510334022,169.79292210145417,170.16266553976195,259439
2016-04-26,STK_03,165.46602441438378,165.58123299232366,164.26441936265928,165.07291998694583,331919
2016-04-27,STK_03,163.8617187349855,164.07578075624934,161.1964258226085,162.95472424068288,58150
2016-04-28,STK_03,164.4138236540645,166.87143425681032,162.2337372217399,165.61323097757096,248346
2016-04-29,STK_03,167.60990625433791,169.81028234214617,166.89081096061278,167.35511264070223,235878
2016-05-02,STK_03,167.56693938924315,169.74660300929875,167.39457359436838,167.62669929693732,536430
2016-05-03,STK_03,165.2395377158494,167.1485357011024,164.22658764479553,164.800833963256,689761
2016-05-04,STK_03,164.10901063358656,165.27038274589606,162.6003939388269,162.76050207638895,186299
2016-05-05,STK_03,158.68042255997526,162.07621777907067,156.94281647480352,159.30752851512298,123673
2016-05-06,STK_03,163.44109532930582,164.39357448916277,160.29022031813975,161.74733117784595,548788
2016-05-09,STK_03,163.2313389912576,163.6492380832568,161.31404137080446,162.39179799989915,322242
2016-05-10,STK_03,164.74784379758893,167.49906872979477,163.28260505957533,163.92842045827672,290364
2016-05-11,STK_03,165.9257165657999,166.55405250001735,164.72948905341096,165.37750666869394,374114
2016-05-12,STK_03,163.69851893889458,164.91629345998427,162.23700455002256,164.40335756076394,530668
2016-05-13,STK_03,160.2723527458982,161.98535250930155,158.04153288824858,160.73021792628853,942644
2016-05-16,STK_03,154.8840851684609,158.14341940805926,154.20282037104417,156.53293910368058,463656
2016-05-17,STK_03,157.4865527979455,159.20335487043516,154.49417753006261,156.52256531206277,945801
2016-05-18,STK_03,150.13716641952803,151.33417743328457,148.61097012019766,149.96581583570207,965748
2016-05-19,STK_03,148.6895770304771,150.12104324074286,148.5373767467065,148.7772370726339,842483
2016-05-20,STK_03,146.70027162327142,148.2317090145055,143.89257754863573,146.41113934051228,921592
2016-05-23,STK_03,146.92517353012175,148.52369709594552,146.36342167807013,147.44920490171341,446950
2016-05-24,STK_03,144.85635499267383,148.40610548418698,144.537519870576,145.735556172257,288662
2016-05-25,STK_03,142.77046725928656,143.57567910123848,142.39393149311962,142.5634635300822,231314
2016-05-26,STK_03,143.44080059276735,145.3885267344139,142.6777739844396,142.75536163631813,713289
2016-05-27,STK_03,148.10144456975513,149.04149923531222,147.1278519890976,147.24668150044127,291409
2016-05-30,STK_03,143.86914004138862,145.03533744274517,143.09805209409743,144.32495894942357,878608
2016-05-31,STK_03,144.02965020942813,145.7016196656263,143.21401794097096,143.66844878772463,153452
2016-06-01,STK_03,143.4575218983366,143.92837064377198,142.24807946976412,143.6238529703277,573918
2016-06-02,STK_03,143.45125463010652,144.3355530633579,142.7285592623339,144.14869586586147,835929
2016-06-03,STK_03,148.02744217222966,149.10740691194678,145.10534024344366,147.2395726832891,465138
2016-06-06,STK_03,149.7116536097805,150.60241999562894,147.82265160019426,149.14080668772172,121649
2016-06-07,STK_03,151.30923043409626,152.103380259664,149.28594644068758,151.27189401908052,229528
2016-06-08,STK_03,154.88222120355016,156.17193143639068,152.87325170783862,155.4914959225287,715947
2016-06-09,STK_03,156.67409895070872,159.03526634889695,156.35018278309548,158.481598286973,643953
2016-06-10,STK_03,156.89171660071486,159.58893698262585,154.5083084675164,157.449557439191,881355
2016-06-13,STK_03,159.958014498243,160.23515734096182,158.11694363676727,159.78979821846488,175507
2016-06-14,STK_03,164.75643675711197,167.1616018726366,163.21881221062986,164.6982223856,999284
2016-06-15,STK_03,163.1561793338621,163.97153559971974,162.8065264486974,163.78168025339318,806760
2016-06-16,STK_03,164.64676051735378,166.17064279882752,162.07294524254928,164.9677802710189,784734
2016-06-17,STK_03,161.0608628864277,162.12548392489953,159.21197010372856,161.98174083900562,9365
2016-06-20,STK_03,162.47042545300621,165.0297883774604,161.583086298698,163.71277987303787,858268
2016-06-21,STK_03,161.2281386219305,161.86181429029102,160.93613809757287,161.52122701796313,594307
2016-06-22,STK_03,164.94590476914001,165.7508929352541,164.63197280268457,164.83891695182186,410389
2016-06-23,STK_03,160.8053476237859,164.0894504773393,159.5142106823277,162.1968823009427,241663
2016-06-24,STK_03,165.57938513058437,166.5402399208375,163.82691908546934,166.46306486526214,81859
2016-06-27,STK_03,160.35085379213476,162.67737274096876,158.92068681326631,161.50736616922697,42257
2016-06-28,STK_03,164.26299350285367,165.53748385785656,164.09867738809066,164.51588537799913,143680
2016-06-29,STK_03,166.25315673399115,166.26150241515157,163.72014026775724,165.64128526738725,636852
2016-06-30,STK_03,166.25017178293908,169.66691978588153,165.51909335513685,167.75095570652772,746605
2016-07-01,STK_03,165.46138698230024,166.75436101321895,165.0177512369424,165.34008755960122,694598
2016-07-04,STK_03,162.7665507244517,164.96393754275746,159.14810285176299,161.48131935677537,510207
2016-07-05,STK_03,161.9089990961219,162.8542659982377,159.24966338165996,161.45299090052546,980078
2016-07-06,STK_03,164.51247828467655,167.08261384474758,161.47053741098154,164.83865457478612,697515
2016-07-07,STK_03,164.2721565391798,167.16589484632226,162.7066745208765,166.045646595752,38172
2016-07-08,STK_03,168.2274452872021,171.13492314141462,166.64399992471925,167.2160860566719,965889
2016-07-11,STK_03,165.9045243588821,166.1786417979024,164.53410333608673,164.8773498343551,798946
2016-07-12,STK_03,169.50950604697067,171.77042970216155,166.68169017489822,169.0729496402287,606896
2016-07-13,STK_03,171.6671176030854,172.75574750287694,171.36413207266133,171.69553264739278,341124
2016-07-14,STK_03,174.04415546908317,175.37724625778537,173.56039881026192,175.0144726648436,809536
2016-07-15,STK_03,176.09785403762214,179.52543459349866,175.54434095209035,176.6490642704873,652203
2016-07-18,STK_03,175.8902393670336,177.90121003154505,175.38937402503052,176.77813435265634,301184
2016-07-19,STK_03,168.36282305014697,170.43356242825283,166.15320811123163,168.87255846558236,897241
2016-07-20,STK_03,166.87330970085807,167.70369543086292,164.99741494138584,165.60208199072562,639897
2016-07-21,STK_03,166.2159023913595,167.9847743370477,165.3303259737722,166.77077004519802,38451
2016-07-22,STK_03,169.2986319291621,174.5197066726211,168.62854571804453,169.06745047876987,316544
2016-07-25,STK_03,172.50806431084942,173.3693107270503,169.9297891529561,172.11753272045692,267138
2016-07-26,STK_03,172.14048675768095,176.96359019272793,172.05831819321733,174.14523993513995,333803
2016-07-27,STK_03,174.95414191512285,177.45942376772385,173.8507480291016,174.0309838994698,787636
2016-07-28,STK_03,167.61823102014836,168.78626161146917,166.47045347080027,168.26600017598201,182817
2016-07-29,STK_03,166.72825748363303,168.92591296730436,166.2469278309466,166.79230081462512,322014
2016-08-01,STK_03,166.02862506374964,167.0291010892493,164.46196750944935,165.3677960099659,489845
2016-08-02,STK_03,161.14932210854792,164.3480015255453,160.96842839580103,161.4268045579429,147480
2016-08-03,STK_03,158.96319454372147,160.94377050068837,158.24895021122626,158.88336525913041,268000
2016-08-04,STK_03,159.61558465361023,160.266640638336,156.48712132000009,159.6729167116527,144771
2016-08-05,STK_03,157.6697805699034,159.8003378529467,156.2069671925227,158.82438845730266,497066
2016-08-08,STK_03,154.82179322108965,157.53733239126936,153.86591205467576,155.80604891659667,762931
2016-08-09,STK_03,155.62367045576482,157.0061085979641,154.69451023945567,154.8894253165529,460401
2016-08-10,STK_03,148.63533039110933,150.75895117496543,148.31774620511993,148.71595235807385,382562
2016-08-11,STK_03,150.45911079148442,151.6745834643319,148.18767437671892,150.13098540618037,262411
2016-08-12,STK_03,152.9840330773889,154.98516665901445,152.97001913906624,154.5724074629704,515364
2016-08-15,STK_03,156.84384492210572,159.3557258715372,154.11388327329226,156.28878814603678,16116
2016-08-16,STK_03,159.7391135389675,164.26740089712234,157.65931314903395,158.41304445309714,38962
2016-08-17,STK_03,157.2831946251429,158.1390724432744,156.3670048875766,158.02948435865858,441365
2016-08-18,STK_03,159.78189226720073,161.87449203253928,158.14384538367153,160.51652117535966,897196
2016-08-19,STK_03,163.644076598685,165.25783168198103,162.46031736284175,164.21120079366844,875559
2016-08-22,STK_03,159.37681348778494,161.22883271316772,157.31619368159414,158.58448675699887,574264
2016-08-23,STK_03,157.74645115855267,159.15754771200162,155.9566072011574,158.69082839882836,565409
2016-08-24,STK_03,154.8026401906998,156.05212992014734,153.25694944566484,153.687030034013,453021
2016-08-25,STK_03,154.13487479189718,154.28525276306874,152.7835117301751,153.35820477703356,701170
2016-08-26,STK_03,148.8304549428168,149.04654278600196,146.8095678271605,148.60831699881354,635078
2016-08-29,STK_03,144.85494532822685,146.12297543877796,142.13853564746864,145.59123505611296,841119
2016-08-30,STK_03,150.225118946532,152.44335600533248,147.51419196498614,148.71161472678367,868558
2016-08-31,STK_03,145.52304863028485,145.9805261515944,143.899836680236,144.83181187305198,739693
2016-09-01,STK_03,147.58994016175106,148.0366760088636,145.76744007550798,146.68042599914193,225240
2016-09-02,STK_03,149.32566117451464,151.40175884411656,147.4243892340206,149.60076016948972,723524
2016-09-05,STK_03,152.10615354373112,153.48398418667898,149.95206532800552,151.34150329353753,854616
2016-09-06,STK_03,148.63551089721304,149.00603503193778,146.424339953159,148.01304019419777,323410
2016-09-07,STK_03,147.74735401713897,150.8060052556541,145.62851567842557,149.16292370757066,663959
2016-09-08,STK_03,149.15699795890768,150.64023890621638,147.26996856233805,148.80763174524355,945782
2016-09-09,STK_03,144.3654001741767,145.63324391107747,143.93361936824198,144.32433241981883,600956
2016-09-12,STK_03,146.79760607006628,148.1962351884401,146.10080503028473,147.29919006833356,1829
2016-09-13,STK_03,150.93301364940623,153.26167282362542,150.25194681900663,150.35130412141717,734008
2016-09-14,STK_03,157.10206905420887,157.37290830306037,154.64635438113473,156.63699485225683,202481
2016-09-15,STK_03,161.9773885583408,163.06186849900203,159.57402720420873,162.59357766755713,960643
2016-09-16,STK_03,160.12172205223314,162.43844988096973,158.93350304825444,159.8298574948689,461693
2016-09-19,STK_03,158.15482319371537,159.86596519442355,158.08946976373616,158.91552242151116,103155
2016-09-20,STK_03,160.28791160588486,163.9585875461318,156.04325302837532,160.6857945799326,627249
2016-09-21,STK_03,156.0331350661649,159.8341831709598,155.48898025134437,156.4852530053178,728702
2016-09-22,STK_03,158.2343390284686,159.8951924791686,156.73984349964027,157.97059249233382,110832
2016-09-23,STK_03,153.99529485564653,154.2887321487364,151.65816944276767,152.62295969052715,358214
2016-09-26,STK_03,155.70173724272826,155.95708010223535,154.25924499309997,155.95257208141254,683126
2016-09-27,STK_03,161.3514644978119,163.49713123725033,160.7654186671374,161.06090963395485,267941
2016-09-28,STK_03,162.47804199329897,163.5707716420556,160.64316647647502,162.7437375852599,639433
2016-09-29,STK_03,164.38709075141955,167.68093676784852,162.15519806624036,163.77125552723166,528598
2016-09-30,STK_03,158.1131613946528,159.30368154102644,157.69326144939646,158.78458731481356,917036
2016-10-03,STK_03,160.39425935040012,163.09571735518296,159.89599035828755,161.21503919438345,542800
2016-10-04,STK_03,163.7734377062024,164.91313251756858,160.5656719550068,162.40393304247996,5335
2016-10-05,STK_03,167.85511917714666,169.03542070818384,166.88548134698556,167.5682569352119,557750
2016-10-06,STK_03,168.2403333258269,170.86134282146196,167.23624425537398,168.73548607322581,174358
2016-10-07,STK_03,166.4704419683355,167.82602179605098,161.78401715637722,165.39435897446378,80441
2016-10-10,STK_03,161.06629849019671,163.379378958932,160.7905752818187,161.4111664205618,275795
2016-10-11,STK_03,160.43440289922214,161.7579213554724,159.06831321625558,160.6677100842936,550968
2016-10-12,STK_03,165.74819805158023,166.38726450309198,162.94539891270378,165.46046972473232,721219
2016-10-13,STK_03,164.07661647741793,166.25282511205114,163.825363243839,163.85352235182248,158745
2016-10-14,STK_03,163.92454894280806,165.64953098178773,162.07127194939588,163.70338530849696,835680
2016-10-17,STK_03,161.70435062479473,163.33313378378224,159.66331223210435,161.5355733798571,699139
2016-10-18,STK_03,159.53499196478523,161.29192565231747,159.04862840772486,159.34386783394527,1172
2016-10-19,STK_03,157.7684485294129,158.5248111958373,156.12315544735088,156.48493365146552,977365
2016-10-20,STK_03,159.56243250577702,160.92666510260452,154.9765019622237,157.81641730993988,583339
2016-10-21,STK_03,158.71562126483047,160.20938995462072,157.74098190445247,158.9464601064155,448573
2016-10-24,STK_03,157.05701712151568,159.99114698753152,156.93927253979655,157.11397099990697,963713
2016-10-25,STK_03,160.09539921232133,162.2283361836871,159.31399053137122,161.23935466658907,752544
2016-10-26,STK_03,164.68217553555252,165.29900578447254,163.61780461347738,164.19018971812451,649510
2016-10-27,STK_03,156.27838389208495,156.9066705596782,154.21714911718217,156.12430725152183,765743
2016-10-28,STK_03,159.89846319727138,161.86360919872897,158.58340455910704,159.79269745229314,722652
2016-10-31,STK_03,164.1337935795643,165.1292164807137,163.041317497588,164.81793720928954,70127
2016-11-01,STK_03,172.3821530268753,174.12040273000562,170.18527910524372,172.59206210988137,722346
2016-11-02,STK_03,176.6042328562121,178.51037712201227,173.58928655806963,175.8855758540431,678766
2016-11-03,STK_03,178.58104123476215,179.49618605039933,177.80463640322895,178.88100630756142,846834
2016-11-04,STK_03,175.7425226685776,176.16473136364945,174.3445718739092,175.57978760877984,226546
2016-11-07,STK_03,176.4387097582879,177.74179573665054,173.38881633242227,175.7303157415203,134073
2016-11-08,STK_03,175.52319229818912,176.45912123591623,172.35099213942527,175.29018153082376,71639
2016-11-09,STK_03,177.72217703712946,180.04773648063372,177.2146022980385,177.86784240148,368816
2016-11-10,STK_03,178.72997183414816,178.89424782048542,177.33483627025174,177.3445247353895,775622
2016-11-11,STK_03,169.08968968003288,170.60311955428335,167.77087591808214,170.49741880345974,450283
2016-11-14,STK_03,166.68282941762502,167.75969492486217,164.20282720171477,166.11927050927466,189994
2016-11-15,STK_03,167.4204280884135,170.14046370650476,166.265906819861,167.6205003296243,693524
2016-11-16,STK_03,169.92981932519305,171.3312586276096,169.21328396491563,170.48509520740322,88731
2016-11-17,STK_03,174.1501329322144,176.52943817441155,173.33411519662448,174.23565440918298,512923
2016-11-18,STK_03,173.63874962121048,177.46558029989848,173.2952867655602,175.20106301602016,611269
2016-11-21,STK_03,177.22133337086805,178.36362952680315,174.62224276174484,177.46819738421084,910945
2016-11-22,STK_03,176.22638281851357,178.74052798273036,174.71326235752088,175.79380939944528,717496
2016-11-23,STK_03,175.3946249197338,177.90582474398556,171.04113480052374,175.09193680004998,438036
2016-11-24,STK_03,172.95656861375448,173.05977048819855,171.413261374551,172.83079222679856,919787
2016-11-25,STK_03,178.73942023728824,180.61741211131817,177.67046760777453,178.61330369043063,547766
2016-11-28,STK_03,182.6591996452093,184.83974385117463,182.36123843961127,182.39143224159181,724464
2016-11-29,STK_03,181.64703313155087,185.45750734830474,179.8936414874416,181.73692887310102,40690
2016-11-30,STK_03,176.4641940681771,177.65116510722115,175.34981126129207,175.69805957630382,122283
2016-12-01,STK_03,175.83817036247981,178.28401742615702,174.43060318817152,176.42576842282145,677969
2016-12-02,STK_03,179.61216238530275,180.8858316813791,177.84954303034422,179.49815911005373,493377
2016-12-05,STK_03,173.49942784494857,174.3338021980595,173.04448908865976,173.65733194729816,142305
2016-12-06,STK_03,174.78422505708954,175.9874637548656,172.72268437925683,175.9238950847174,963497
2016-12-07,STK_03,178.69449281096362,180.64600598987548,176.89380851994676,179.22150666215617,770391
2016-12-08,STK_03,177.99097928699365,178.63143107552094,176.0785211298217,177.99054972639107,141697
2016-12-09,STK_03,178.3344228782628,182.04675015183824,177.5725973988543,179.38581097166343,694817
2016-12-12,STK_03,179.02134289307375,181.54622522017712,177.28349597230383,179.37277256826235,844283
2016-12-13,STK_03,177.53941331490395,180.1223152798136,174.01009199026382,177.08539893663038,864950
2016-12-14,STK_03,175.72856174961973,176.66818434672268,174.36205819809103,176.44831671483664,399429
2016-12-15,STK_03,173.5089944883554,173.952174311559,171.65311947739306,172.8123085866914,49431
2016-12-16,STK_03,171.0063855885857,172.58091704278044,170.63212442642555,171.93590327792575,465629
2016-12-19,STK_03,170.89502097590116,172.69199959514967,169.6467188188828,171.38348128462286,319138
2016-12-20,STK_03,174.15228020919488,175.16934624514087,171.07506398134612,174.6926520225029,593570
2016-12-21,STK_03,171.35017180122625,173.45030040409648,168.33186563310005,170.54017039810574,844652
2016-12-22,STK_03,169.54451753176465,172.54197910225724,169.07591212650897,170.30632781093126,358221
2016-12-23,STK_03,167.39507241082129,170.9692229635842,165.61877542779277,168.5656073283358,708565
2016-12-26,STK_03,169.33392860840632,173.50235527799163,168.60586941139795,171.41645039061356,913937
2016-12-27,STK_03,165.89071645850484,167.15382620346173,164.59452434494173,166.19004229790175,448415
2016-12-28,STK_03,163.13736887664814,163.46758321895865,161.91900508941282,163.19598892611972,607746
2016-12-29,STK_03,163.48447806472907,165.92211185063223,160.2588481940474,162.80343977843287,700777
2016-12-30,STK_03,162.7948123007589,163.2621184177438,161.50825086765246,161.73379327083643,149104
2014-01-01,STK_04,97.04258921408417,98.06433765776302,96.91596739063891,97.38950659370423,526704
2014-01-02,STK_04,98.72788092343032,99.78777118886681,97.79741630052418,98.60689644486496,797621
2014-01-03,STK_04,98.45501800316178,99.0329653982525,97.54450064166312,98.62684398645557,773220
2014-01-06,STK_04,101.83757347772756,102.34017971450268,101.2791379320511,101.65941634073572,383779
2014-01-07,STK_04,104.42139041674403,105.04661560613785,104.15846798386255,104.65024335226205,324580
2014-01-08,STK_04,104.377514148331,104.42801960052806,103.09273407770009,104.41509836120562,912937
2014-01-09,STK_04,105.48211051030627,107.15087430376138,104.30749421850385,105.8567086120012,417279
2014-01-10,STK_04,105.42042780428733,106.43815757030549,104.93529565145633,105.60738053198432,598827
2014-01-13,STK_04,104.8101892876114,105.30977546664379,104.00770456721922,104.84908593675185,725866
2014-01-14,STK_04,106.7229509983833,107.22096537972752,104.09005929018215,105.54151202438064,11095
2014-01-15,STK_04,104.53038248779092,105.04005882577037,104.08365147971813,104.87060443792892,60954
2014-01-16,STK_04,101.39815001179231,102.80458359836771,100.47172080457156,102.37460454565506,522930
2014-01-17,STK_04,105.8459056496414,106.54777564453943,103.19776546634738,105.95141451998833,220735
2014-01-20,STK_04,105.03817601749492,105.4928176870295,104.7898016205094,105.28965240126287,267410
2014-01-21,STK_04,101.88040493378158,102.09443467219778,100.32327328351697,101.24623874134218,861935
2014-01-22,STK_04,101.157151012183,102.33420886593595,100.57461243691654,100.87502393441072,69888
2014-01-23,STK_04,102.54150135651541,104.90604607168919,101.53845705590932,102.78795221679502,281024
2014-01-24,STK_04,102.45488776047796,103.28232505328602,102.30543971789133,103.06590805118542,905907
2014-01-27,STK_04,100.10064528512261,100.57264009996616,99.05152246511653,100.06176388173645,192106
2014-01-28,STK_04,102.1064225568189,102.30020715158672,101.11587290241943,101.94782697919469,674225
2014-01-29,STK_04,99.50835310794655,101.06661506075382,98.19233901826925,99.55384386611554,58063
2014-01-30,STK_04,98.86673437972708,98.90566461513306,98.38407888068582,98.7814664964829,71101
2014-01-31,STK_04,99.43241197690509,99.90579780974669,99.22468038504678,99.49565620297649,789237
2014-02-03,STK_04,98.19860571198755,99.40890639603722,98.14877067300013,98.95885312322929,203172
2014-02-04,STK_04,99.28473032400635,99.43689449063832,98.4426997160307,99.0655902755182,317474
2014-02-05,STK_04,99.02974688505273,99.80178975870227,98.22105542419311,98.7099049436663,751072
2014-02-06,STK_04,101.13607297602955,103.20601715200557,100.24848084682034,101.5120445173573,431094
2014-02-07,STK_04,100.93581042546711,103.0943841226277,99.89734445294437,101.25004413613635,717312
2014-02-10,STK_04,101.09042135070818,102.4282275732836,100.81291494716305,101.70239296086879,125220
2014-02-11,STK_04,98.62624784060783,101.05085141224943,97.94686886341549,99.70447413090936,975749
2014-02-12,STK_04,97.46277461940984,99.02958149535056,97.17449563278865,97.97928436564754,285346
2014-02-13,STK_04,96.53492880776999,97.14596811277201,94.54367008899013,96.29205747820119,729062
2014-02-14,STK_04,97.61665437301409,97.94501304993075,96.67992868258509,97.64637164510816,7678
2014-02-17,STK_04,97.99898047212355,99.83692017649899,97.63349585476648,97.9190131418583,859958
2014-02-18,STK_04,99.39258735544132,100.70456165758203,99.16679958407796,99.50636629427221,710415
2014-02-19,STK_04,98.1829548807842,99.05741071612618,97.79069412331131,98.27808885826423,26485
2014-02-20,STK_04,99.6291830253825,100.922618757596,98.67860048077544,98.75932845742757,396794
2014-02-21,STK_04,99.21234465752767,100.08783113822072,97.5822936798408,99.5817567097141,581438
2014-02-24,STK_04,101.15943427609292,101.80535707826745,100.51166674709947,100.83714481532927,606725
2014-02-25,STK_04,101.1098749803857,101.7229597152997,99.9393975833255,101.06437366542657,146678
2014-02-26,STK_04,96.64087384735389,97.4005856878731,95.83514710874749,97.05043245977679,896041
2014-02-27,STK_04,93.70240274022449,94.74805300487688,92.2885332126067,93.12234524705563,333370
2014-02-28,STK_04,95.95656649390386,96.49986635775392,94.47525135864134,95.2755548917925,905147
2014-03-03,STK_04,95.4469964998965,96.35962523499522,94.56037493671238,96.19185109619185,799001
2014-03-04,STK_04,93.10650712676927,93.64948756668356,93.07843717669004,93.37657155353457,518080
2014-03-05,STK_04,94.89729541665085,95.11111014303086,94.48156698844268,95.05585077063769,348546
2014-03-06,STK_04,94.15266856373906,94.82098339777774,94.05932782401644,94.77536146721326,360131
2014-03-07,STK_04,92.4716776127131,94.30385671646579,90.87818232012921,92.72428826499382,561467
2014-03-10,STK_04,92.3768575066526,93.18266414114588,91.80984386108966,92.80150761930263,725484
2014-03-11,STK_04,89.96240236646118,91.18971341205952,89.34719543532425,90.44491638336066,940930
2014-03-12,STK_04,89.49826739962432,90.0649081834105,88.48404624705758,89.65883453801409,516589
2014-03-13,STK_04,86.40355550783221,87.36565158917435,86.3319159635133,86.91983764207568,821500
2014-03-14,STK_04,86.83582912135553,87.37236758414946,86.23571579484386,86.8010275880976,894624
2014-03-17,STK_04,86.43678581665459,87.0349790138207,84.60198468413667,85.60012150377996,14149
2014-03-18,STK_04,85.780085209462,86.81824132518273,85.40256443911102,85.51616789282495,941410
2014-03-19,STK_04,81.49705793698145,82.74429752102586,81.27322968639668,82.03091502401526,795009
2014-03-20,STK_04,80.84802014260318,81.90332147995832,80.04818636256262,80.55153660665822,421685
2014-03-21,STK_04,81.0738070159841,81.73971765130186,80.64289754094978,81.46905428329138,552571
2014-03-24,STK_04,80.52316518912184,81.33850988504287,79.95367106646813,81.14590284588559,652606
2014-03-25,STK_04,79.73036059478666,80.20960836417811,79.02260346907049,79.0655691371903,507915
2014-03-26,STK_04,77.71096894969521,79.46810186719406,77.07818033294693,78.27724291297237,369690
2014-03-27,STK_04,77.96151662498353,78.88279177607488,76.26596520386165,77.32391441949969,91320
2014-03-28,STK_04,77.49755265082547,79.20700456337191,76.10184513751176,77.80918081380827,956864
2014-03-31,STK_04,79.07173016614185,79.80511170490527,76.86610552309341,78.68349837544017,294921
2014-04-01,STK_04,75.41935587285002,77.08078922111443,74.6352014961806,75.0067864239617,488063
2014-04-02,STK_04,74.03142440375578,75.20884480692253,73.26934042576862,74.40163824668603,191822
2014-04-03,STK_04,75.59733752962008,75.77534195534012,74.70293318182803,75.35803831090118,976280
2014-04-04,STK_04,75.74249191709973,76.33372795751876,74.82069238232562,76.31881405732037,191527
2014-04-07,STK_04,74.92781830008505,76.18577052403764,74.77262147302488,75.02782689559928,550065
2014-04-08,STK_04,75.49932971065044,76.07556297590972,73.30007365687729,74.71713192921004,280467
2014-04-09,STK_04,73.76545747825053,73.92706384218009,73.11860974002978,73.60829416678355,937074
2014-04-10,STK_04,74.70087588530295,75.52188779940028,73.42101440645503,74.61988151996535,28942
2014-04-11,STK_04,74.0005086692035,75.02770998416966,73.67923037896016,74.32650207612348,848357
2014-04-14,STK_04,73.81112078962799,73.84150014945355,72.99522178355619,73.57741352891765,602076
2014-04-15,STK_04,72.40042822668262,73.03659790436456,71.24419986278536,72.40555540663306,816684
2014-04-16,STK_04,73.72677394485926,73.90663483762822,73.00842103411702,73.61184180928478,581211
2014-04-17,STK_04,70.92221960183053,71.20930293879783,70.71982564989783,70.85783510834072,310228
2014-04-18,STK_04,70.56146426830071,71.68018691225991,69.27741277657036,71.08853526663826,210252
2014-04-21,STK_04,73.61871204848411,74.23533598180347,72.9479163810185,73.84933778822918,533554
2014-04-22,STK_04,73.1265134825473,73.42558043435162,71.40953811221509,72.86810566166267,314370
2014-04-23,STK_04,70.93925818298005,72.92840584260816,69.94605001573015,71.19413101071115,137819
2014-04-24,STK_04,69.48755376492247,70.7438414192707,67.78622655127525,69.24146419000141,445668
2014-04-25,STK_04,70.53973842790218,71.77249983143123,70.45765581910662,70.83656093171739,310401
2014-04-28,STK_04,71.15071671916013,71.52271018880151,69.41489467260068,70.87709804155077,912764
2014-04-29,STK_04,69.87544688889172,71.20303662592733,69.67992225510886,70.21295703949278,966235
2014-04-30,STK_04,68.73946781006343,69.18277488751403,67.79595094187111,68.8042001451021,363512
2014-05-01,STK_04,70.10633824421775,70.5056070240759,70.09212160247368,70.28184218295772,993998
2014-05-02,STK_04,70.00165270924606,70.6297247920867,69.8306045361138,70.52701509882569,41215
2014-05-05,STK_04,71.6696730196021,72.26288161316614,70.63510818893997,71.6050356479712,980905
2014-05-06,STK_04,70.96736871568443,71.50239807238339,69.83576431143534,70.83016998495948,183114
2014-05-07,STK_04,71.3746964720801,71.96389425677015,70.74017935412799,71.27171793547336,999432
2014-05-08,STK_04,71.45485831781245,73.16586443419858,70.25364153371717,71.73763499538633,295954
2014-05-09,STK_04,72.19232404408922,73.39672981377016,70.94982072917443,72.46350001211464,830302
2014-05-12,STK_04,70.99910917050302,71.09202569037133,70.58122432725105,70.82891201109584,662937
2014-05-13,STK_04,72.27565521345497,72.86410874561955,71.63312868066038,72.49741220347343,488194
2014-05-14,STK_04,73.41967694055634,74.26006763469587,72.08318919893617,73.6183060498712,460002
2014-05-15,STK_04,77.38120654171671,79.05678985091585,76.58588756450811,76.85726263090737,364903
2014-05-16,STK_04,77.66431849593009,77.87859882239218,77.04698914173997,77.09290378103596,20271
2014-05-19,STK_04,76.92265696047555,77.76730380851512,76.21081503350499,77.44164074696087,112845
2014-05-20,STK_04,78.58032593024839,80.03080190892932,77.27099311628288,78.18675970043051,75458
2014-05-21,STK_04,76.66586975057093,76.91389785140888,76.51354907709369,76.80314657157,227821
2014-05-22,STK_04,73.61642845579664,74.1233946838461,73.39988917782225,73.46571728223185,45157
2014-05-23,STK_04,73.82932502108682,74.63706053000293,72.74816642499813,74.0649608708936,485624
2014-05-26,STK_04,72.6474859929422,73.0157845781222,71.96764860271864,72.5777336801486,752439
2014-05-27,STK_04,72.98841760260206,73.68485034915753,72.29865654565536,72.70466173427651,285666
2014-05-28,STK_04,72.25598013789718,73.64254121153212,71.51429407640924,72.20082413524975,169836
2014-05-29,STK_04,73.03357749047755,74.90482948953681,72.25461010429497,73.0882168124717,562608
2014-05-30,STK_04,73.16923425037996,74.99714499258363,72.70222512918131,73.24290026790375,658007
2014-06-02,STK_04,71.50143644809425,71.96426849375675,71.08353042515516,71.57670379111896,113960
2014-06-03,STK_04,69.02111062309555,69.52565336290544,68.70845086160242,68.94083766331879,448693
2014-06-04,STK_04,68.93200677572084,69.33079831251858,67.93933317145806,69.05916757171757,800183
2014-06-05,STK_04,68.85096899656934,69.10812990720633,68.21022536354234,68.76434047563501,336496
2014-06-06,STK_04,68.69873997755043,69.53835777916373,68.09025035912765,68.58968053297488,430359
2014-06-09,STK_04,66.62295821403913,68.34416236217736,66.45524625788605,66.87113762687447,461740
2014-06-10,STK_04,65.64437752398257,66.56278774703311,64.99730515845397,65.13204482890852,284048
2014-06-11,STK_04,65.66145532155451,66.49873572958366,64.97588092687796,66.07898921789366,440770
2014-06-12,STK_04,66.44761465561571,66.53160472603832,65.89910736300257,66.23093905994777,123282
2014-06-13,STK_04,66.41691075615418,66.8464629634785,66.31164774747435,66.41621356541478,74100
2014-06-16,STK_04,67.28247007375585,67.6372257569069,66.68866277420007,67.49645367942443,356896
2014-06-17,STK_04,67.21792080563915,68.5003513108714,67.21386113746499,67.54829051506599,557931
2014-06-18,STK_04,70.371433087381,70.97586109875425,69.7091683365706,69.7902383730553,239062
2014-06-19,STK_04,68.92243246309147,69.31551256404245,67.7754992329326,69.11420439980846,961355
2014-06-20,STK_04,71.38905905089106,71.62922421794755,70.33734362234627,71.06711683897618,472845
2014-06-23,STK_04,71.08059367903496,71.42244460610048,70.48785376687636,70.89896960524148,981074
2014-06-24,STK_04,74.10031497677326,74.3609802628091,73.94150534416647,73.98136044374303,607887
2014-06-25,STK_04,75.33885333991012,75.90002810047696,74.46015327933186,74.76791215009332,692215
2014-06-26,STK_04,75.40900952264488,76.80357462296315,75.32647111975625,75.63730623204854,759199
2014-06-27,STK_04,77.76988660526861,78.41405915935432,76.07708992614128,77.59862743120715,601162
2014-06-30,STK_04,79.82233160701217,80.43827701305935,78.94116526307533,79.06698964133768,27204
2014-07-01,STK_04,79.99912858001525,80.18870982992928,78.91495553587569,79.71563494264795,262733
2014-07-02,STK_04,77.44128442946982,78.81356705368891,77.12292185441666,77.66147025279128,968489
2014-07-03,STK_04,77.46109861153815,77.59412636356059,76.9695719673503,77.32058559492577,905152
2014-07-04,STK_04,76.52260454740528,76.91883270278745,76.19721575688463,76.79623854848067,161981
2014-07-07,STK_04,76.7168594337601,76.78044727645073,75.49552292649315,76.55055522584564,633008
2014-07-08,STK_04,75.16899848484638,77.09146831590976,73.79872539387294,75.82044992160183,244618
2014-07-09,STK_04,74.90356661983637,74.98163714943995,74.40288492089364,74.93136120045745,680981
2014-07-10,STK_04,75.0016382312154,76.43160632287257,74.88926647021417,75.54196000644356,525562
2014-07-11,STK_04,76.21954471109636,76.83718022273999,75.17373212368682,75.89091883122046,318101
2014-07-14,STK_04,78.0343100680503,78.78143183369227,77.12943076783158,77.8644319834786,372608
2014-07-15,STK_04,76.77302777956338,77.16859905187644,75.95798419314188,76.75273809481239,239820
2014-07-16,STK_04,76.98046191816748,77.48775784271834,75.3591861161349,76.51525588709208,56377
2014-07-17,STK_04,77.49719845035824,77.97064711116093,77.49065032587171,77.62269547358059,161779
2014-07-18,STK_04,77.33603635051351,78.39662835689893,76.79464748676732,77.38441779372721,532983
2014-07-21,STK_04,75.7240406575163,76.73333973417876,75.48979355178976,76.08821850386582,528600
2014-07-22,STK_04,76.18959736043247,76.62455820649295,75.38401946740254,75.89721060785016,6305
2014-07-23,STK_04,73.78415452300935,74.4069260285485,72.49541844165394,73.19320280887281,876927
2014-07-24,STK_04,72.54584408594359,73.07241098608635,71.41369320574101,72.55217170340076,861524
2014-07-25,STK_04,72.91212058822238,74.01615404536099,71.80301775221594,72.8234034073437,755342
2014-07-28,STK_04,72.38467444002316,73.58602722908589,71.79665137468169,71.9245175456632,889742
2014-07-29,STK_04,70.6226872298829,70.7244443598055,70.29277841625331,70.65171222273105,918351
2014-07-30,STK_04,67.62503531952815,68.11741999676141,67.36915377645312,67.70417546902121,791216
2014-07-31,STK_04,68.16581609261064,68.62228867500927,66.42648403427125,67.37972734552974,903993
2014-08-01,STK_04,67.54249649726313,67.91109511191175,66.76060966742166,67.33239060295416,20167
2014-08-04,STK_04,64.18255173705616,64.83426476881199,63.06469261019364,64.75023688017156,716174
2014-08-05,STK_04,67.14288976233884,67.26599478184941,66.69998130371233,67.21077456364044,791084
2014-08-06,STK_04,65.83637806020336,67.06502058519541,65.7644763458069,66.11656591731385,631480
2014-08-07,STK_04,66.08714561776786,66.55281757332772,65.54678069410042,66.35479425049434,435883
2014-08-08,STK_04,66.21461668273203,67.09504611481213,65.90248465756491,66.04865037715977,358989
2014-08-11,STK_04,67.65429428779203,68.38411568980273,67.38667042986673,67.7748489125807,745648
2014-08-12,STK_04,68.59589733118726,69.69294372046025,67.73907762960114,68.55787508572826,449541
2014-08-13,STK_04,67.79810932422043,68.04233564572601,66.11495381949689,67.22733235323511,395725
2014-08-14,STK_04,66.02322155028797,66.09811528382937,65.52222009533854,65.67200297760144,648796
2014-08-15,STK_04,68.12312212851204,68.77967965954798,67.08181867425407,67.58193647848836,682281
2014-08-18,STK_04,65.56329625700923,66.83768558331384,65.32741082359013,65.3399893141835,979510
2014-08-19,STK_04,66.09542381890067,67.23130820713213,64.92719984341217,65.90452403514409,118658
2014-08-20,STK_04,66.40279242664832,67.69363412201173,65.65552466923667,66.92504046910017,955036
2014-08-21,STK_04,65.84754991292239,66.18346049031325,65.17851272439883,65.47409349753418,884899
2014-08-22,STK_04,65.32537346584739,66.15666868960129,64.44106278799268,65.64774636928375,413609
2014-08-25,STK_04,64.3434708524838,65.2740131414619,62.87935422316938,63.80373985385153,769576
2014-08-26,STK_04,61.04583395378315,62.909784508338305,60.25005559063191,61.54885722644765,437798
2014-08-27,STK_04,62.50101163676158,62.93885707269902,61.72189792448558,62.87501049193533,296667
2014-08-28,STK_04,62.83676125459713,64.19869927121988,62.220603447416,63.09883931730172,728881
2014-08-29,STK_04,64.62815116594294,64.66832129314726,64.56107540136479,64.62144249399111,63088
2014-09-01,STK_04,64.74467314563623,65.34979749777365,64.03132288049578,64.5108693919389,758693
2014-09-02,STK_04,63.72292436840602,64.69052024759105,63.688468117037914,64.11411975539805,296502
2014-09-03,STK_04,63.713369930343475,64.50664788574421,63.36029258022189,63.541059416119374,656643
2014-09-04,STK_04,63.4557826267803,64.18480469496751,62.48696495452426,63.352092372179044,597351
2014-09-05,STK_04,61.73067754309031,62.3734341057184,61.30418184781027,61.64885651570253,588237
2014-09-08,STK_04,61.23561381379577,61.76478707283111,60.793180599817056,60.99879367002892,623900
2014-09-09,STK_04,59.458183095773386,59.80879002552626,58.614555296966294,59.08865237194162,304658
2014-09-10,STK_04,59.701296881958875,60.29315856657803,59.12698576197934,60.177331429371584,572208
2014-09-11,STK_04,58.417038027455135,58.758776015216,57.94066415101677,58.58725057357575,8115
2014-09-12,STK_04,60.678883092560625,61.253418426406576,60.4701602868182,60.50176373558948,225616
2014-09-15,STK_04,60.554998771722346,62.13824503874375,59.427970188357754,60.94316811018182,598656
2014-09-16,STK_04,60.44301292219108,61.09326174782255,60.219766695614965,60.37389437996294,200058
2014-09-17,STK_04,60.419172948039716,60.66895709542425,58.87147374356196,59.99393831467136,633689
2014-09-18,STK_04,58.44734275695531,58.567941148253375,57.51350298072846,58.50360460118878,197577
2014-09-19,STK_04,58.53562335260707,60.402325570108665,58.24967963417456,59.13763214891421,244565
2014-09-22,STK_04,57.36613796175564,57.64982764528712,57.12305095844652,57.385512092754,125616
2014-09-23,STK_04,56.28044758699289,56.42693397713072,55.569738048170706,56.118266991787294,343484
2014-09-24,STK_04,56.29259634466272,57.17004662016865,54.80811134329634,55.6227569714675,985921
2014-09-25,STK_04,54.9557082238048,55.2603091007959,54.77088131580688,55.18648028545287,193747
2014-09-26,STK_04,56.09115038114723,56.43514043843388,55.91535647831639,56.23005515032881,707878
2014-09-29,STK_04,58.53242724922738,58.93377892621315,58.33567856161189,58.91839630352501,320654
2014-09-30,STK_04,57.89968145775747,58.01850721973161,56.46713133233297,57.824217679758526,605574
2014-10-01,STK_04,57.68687568945603,58.20054025609136,57.623244405287736,57.80524680389933,916316
2014-10-02,STK_04,57.090520579402956,57.844955788484455,56.409790977280984,56.92040571423629,629326
2014-10-03,STK_04,56.62395271002685,57.02849374321579,55.88364518318862,56.99029794653954,164301
2014-10-06,STK_04,58.60521638168204,59.479142123766216,57.92998836297014,59.09640456095964,201220
2014-10-07,STK_04,57.781821583636685,58.81275517151074,57.36232937289468,58.22540789603892,664023
2014-10-08,STK_04,59.32207173968317,60.29608570164867,58.44800201038026,58.98994685343934,110644
2014-10-09,STK_04,58.039432794838525,59.45107220287648,57.58127218309047,58.300797870869374,55385
2014-10-10,STK_04,56.8185424545789,57.59055952583119,56.509374601109435,57.090127525591306,919718
2014-10-13,STK_04,56.821710637876414,58.10636756072768,56.726695855603154,57.08755510730987,695002
2014-10-14,STK_04,58.94678864463785,59.15090962282798,58.705795055183856,58.85634712206159,210078
2014-10-15,STK_04,58.1661655816167,58.49884135445253,57.817473492203725,57.95636910997415,743890
2014-10-16,STK_04,57.79731344475297,58.099924336124936,57.2473116592764,57.56981894057574,45535
2014-10-17,STK_04,57.076945130095325,57.94601739233002,56.78844220335237,57.1656440892606,686606
2014-10-20,STK_04,56.21572352093905,57.550471073509144,55.68703929170845,56.58951578808642,271455
2014-10-21,STK_04,56.006238547382154,56.13983458433276,55.69157661574624,55.951927879821554,84272
2014-10-22,STK_04,56.92654421036347,57.342466951057176,56.57270270210363,56.74612124981103,593645
2014-10-23,STK_04,57.557160864571905,58.62032158856345,57.1241241316318,57.71023614643269,990488
2014-10-24,STK_04,59.299070044648104,59.31605977231426,58.00223132789313,59.28770398030229,593883
2014-10-27,STK_04,57.98244418103471,58.844507065708044,57.217750018566406,57.899146711881976,241925
2014-10-28,STK_04,56.52159369481458,57.15330266040849,55.998945201843306,56.285187373081136,492420
2014-10-29,STK_04,58.370391779543716,59.045917836654,57.797116702577455,58.10224545995845,524771
2014-10-30,STK_04,56.8506257952045,57.41204799807837,56.652213255606135,56.70682336860707,835826
2014-10-31,STK_04,59.722559858156956,59.75354039320425,58.77499994751636,59.37506004289508,136632
2014-11-03,STK_04,59.70268720883919,60.71450267630862,58.800344653831615,60.4376923121017,152027
2014-11-04,STK_04,59.698462718018355,60.159468585686646,59.424756343023354,59.617594607739726,928391
2014-11-05,STK_04,57.52011236656263,58.726993114937244,56.805448031880495,57.94539147007168,839700
2014-11-06,STK_04,58.83259919661826,59.22976268913134,58.28353247319049,58.41906006105537,665903
2014-11-07,STK_04,59.20762968386116,59.53171112802383,58.94538361326375,58.9795964250632,920313
2014-11-10,STK_04,59.63593627835256,60.09481892582785,59.59626474114456,59.97729022418113,46400
2014-11-11,STK_04,59.46991865850463,60.472045961046334,59.332443757670326,59.477750914657214,967771
2014-11-12,STK_04,56.098781104972296,57.02486721314438,55.966138458368356,56.279506969397815,850747
2014-11-13,STK_04,56.39603059444829,56.80605271450064,56.11257017981687,56.472581860745656,487286
2014-11-14,STK_04,55.727865372324764,56.51124806054858,54.876195633541336,55.6848546757587,975092
2014-11-17,STK_04,57.6561085883288,59.16460724062586,57.03724483287202,57.23898078492236,361859
2014-11-18,STK_04,57.29688301006738,57.436461966083925,56.47788841342539,56.885273825526,560543
2014-11-19,STK_04,56.22819267156365,56.96186629405959,55.994997815054546,56.484543041149585,549884
2014-11-20,STK_04,56.151074817153955,56.546281166636405,56.04245555966064,56.43207591506452,671332
2014-11-21,STK_04,58.40381148361033,59.471411619588416,58.03279881255742,58.090100322605075,900749
2014-11-24,STK_04,57.56188574123125,58.03613914587111,57.42168942931849,57.542448469159396,182821
2014-11-25,STK_04,56.68150966703354,57.38304404827884,55.12224833425588,56.38198156806852,483930
2014-11-26,STK_04,57.33932735036201,57.91889976275409,56.736949186494655,57.644019647753616,232661
2014-11-27,STK_04,58.96349129013375,59.738453689078376,58.569408030270885,58.951361936280485,508578
2014-11-28,STK_04,59.77746945022739,60.93614735734039,59.62053746237184,60.23575758816626,217633
2014-12-01,STK_04,61.708751578840406,62.15306032450229,61.54288522505386,61.646154748178084,925939
2014-12-02,STK_04,61.98149383824066,62.17177889707345,61.01200036268228,61.82309149323573,100964
2014-12-03,STK_04,61.846979011685406,62.08906823792827,60.289084865183995,61.468034954204235,633788
2014-12-04,STK_04,60.65617571503837,61.18977963632959,60.44905374667323,61.12457966496086,144749
2014-12-05,STK_04,60.985067215517,61.253043615410895,60.58537838533252,61.23954178403563,338123
2014-12-08,STK_04,59.99091482947752,60.2098924768455,58.72865878521484,59.427529650326605,861058
2014-12-09,STK_04,59.91172288240394,60.84462698077182,59.487819149340105,59.89269346062088,774875
2014-12-10,STK_04,58.002874283379356,58.98376405392175,57.88257091111364,58.243597192443964,940346
2014-12-11,STK_04,60.61982396411307,60.82360097449608,59.062062142218494,59.97865764362714,680852
2014-12-12,STK_04,61.13668809737267,61.763395130166344,61.08371969157462,61.253464272558475,697212
2014-12-15,STK_04,61.93293468242518,63.00116221541612,61.621911923786385,61.69304502004949,545310
2014-12-16,STK_04,60.3047276563671,61.08147259935374,59.96064716989816,60.59913631284645,781765
2014-12-17,STK_04,58.88780274472079,59.52090478743605,57.90299655698564,58.960361920651415,679733
2014-12-18,STK_04,57.53296280939976,58.52027673504139,57.13540724151891,58.05577112088314,682668
2014-12-19,STK_04,57.52372905220636,58.300156170424444,56.70959976739212,58.18947433352626,690597
2014-12-22,STK_04,57.35004310210725,57.795420261091245,56.8218628516548,57.56444447044452,870209
2014-12-23,STK_04,57.00866550588255,57.09970674381354,56.7194826836878,57.015983839730296,880300
2014-12-24,STK_04,57.48867331738053,57.99846036065921,57.1411514042963,57.54707630254742,505739
2014-12-25,STK_04,54.52154979112327,54.688745880304616,54.02268188584743,54.5315740938632,567144
2014-12-26,STK_04,52.94459864839939,53.05752802829658,52.784011912873716,53.00032460506346,370010
2014-12-29,STK_04,52.33788885540661,52.850584963581255,52.050567764071886,52.61988709079666,403990
2014-12-30,STK_04,53.90721692608313,54.54324557004779,53.82034210477272,54.14719150838961,444655
2014-12-31,STK_04,55.12062303698787,56.49508534519465,54.38878699982351,54.749676854764566,427055
2015-01-01,STK_04,55.02751052386866,55.63028011634423,54.35811815529925,55.178706927056034,239529
2015-01-02,STK_04,56.07214323730281,56.31956019727114,55.636141871642174,56.11731296025303,505006
2015-01-05,STK_04,55.9294243031152,56.790952042353474,55.25062452968294,55.89711599109459,606951
2015-01-06,STK_04,55.0457238885267,55.49687395723082,54.4595759757838,54.77500539314641,265653
2015-01-07,STK_04,54.07175649384769,54.838475773157214,53.45047257560497,54.36239090501866,338034
2015-01-08,STK_04,53.330744478338126,53.89591461925614,53.028446737738264,53.11065875302634,146744
2015-01-09,STK_04,52.55069607046406,52.89965008343437,52.50150845949548,52.74597679068725,216701
2015-01-12,STK_04,51.93343931362497,53.02676075887211,51.709326753347824,52.23980516765407,709329
2015-01-13,STK_04,52.417099440063005,52.92611038361877,52.22869262608392,52.2943581246203,288497
2015-01-14,STK_04,51.59669284315962,51.79198024464991,51.46220148554449,51.750501875020895,446304
2015-01-15,STK_04,51.33487565830832,51.70491972263918,51.29949758581665,51.535954644039684,111594
2015-01-16,STK_04,54.49522440011374,54.569845017865646,54.06556961723399,54.19159059697081,887456
2015-01-19,STK_04,54.475417902738485,55.09827078335711,54.01786517003157,54.46853787244715,530759
2015-01-20,STK_04,54.46693190736133,54.753332206814775,54.44540447838468,54.60753088651663,165440
2015-01-21,STK_04,55.42843085502688,55.84366689135086,54.89527483460387,55.58487297237482,899451
2015-01-22,STK_04,55.34475652204126,56.77162570272752,55.105474371765474,55.316129087625264,641082
2015-01-23,STK_04,54.745213047041005,55.35332520774322,54.60063934007725,54.94484549013331,672754
2015-01-26,STK_04,54.83497345169718,55.93315045999224,54.504657272992155,54.81404287669865,749774
2015-01-27,STK_04,55.083029861205326,55.697097697295,54.673340597657614,55.3672811294883,242315
2015-01-28,STK_04,55.736122398929005,55.9860522002533,54.313456732076475,55.50813107617916,840299
2015-01-29,STK_04,54.60754771602539,55.14566092063188,54.60294056464776,54.84955760377301,25686
2015-01-30,STK_04,56.334486323347214,56.82846240671468,55.79887566281857,56.22164509857711,904939
2015-02-02,STK_04,56.085156576974256,56.91232043390081,54.9602081206789,55.35561622352419,541561
2015-02-03,STK_04,55.58910974342248,55.87137627238999,55.28230670651959,55.71011624115604,301416
2015-02-04,STK_04,54.15883014503245,54.26425212376331,53.55989232258898,54.17735926276063,286137
2015-02-05,STK_04,54.95595659549001,55.5466968449567,54.62712694604062,54.676075135989066,102151
2015-02-06,STK_04,54.38179188419644,54.77040846777263,54.11764108007501,54.45988345617254,607519
2015-02-09,STK_04,55.116110893411154,55.31050349531456,54.21821258390401,54.997599955856444,709304
2015-02-10,STK_04,55.90543170922775,56.62960625951888,55.355470465026656,55.84222437033355,812403
2015-02-11,STK_04,55.54277872224727,56.439139860196626,54.55149992370722,55.99271322378727,875764
2015-02-12,STK_04,56.69425939503896,57.20104080405236,55.64156722657365,56.581452047509615,714004
2015-02-13,STK_04,55.98320666940707,57.08916591043551,55.37719225526821,55.55388209343959,184253
2015-02-16,STK_04,54.084073092285365,54.29198980703305,53.62964606536364,54.27247881167251,451198
2015-02-17,STK_04,56.77096845108025,56.92627724124809,56.12098519651804,56.146060103600185,881871
2015-02-18,STK_04,56.53505031399765,57.35251867832771,56.218643260225605,56.336548968704854,979187
2015-02-19,STK_04,55.8639636211485,55.87403430322418,54.7516056709505,55.721247265302246,919508
2015-02-20,STK_04,55.88083240098214,56.5727684821808,55.175459373546396,55.588371204410436,878270
2015-02-23,STK_04,56.34117706836436,57.077487136241615,56.29402582373958,56.46715230966716,556715
2015-02-24,STK_04,57.079146313323776,57.880741416927656,56.800642361334,57.212873136514446,188238
2015-02-25,STK_04,56.38110798651172,56.90845474150213,55.835827127688006,56.35548035242807,170161
2015-02-26,STK_04,56.46310774356718,56.788997570673544,56.0795240288158,56.158758837863274,985904
2015-02-27,STK_04,55.28247437071932,55.64650322263337,54.46521874137574,55.33783940170325,292138
2015-03-02,STK_04,57.34678524016223,58.480849616523315,56.707602101097024,57.35874070858049,948698
2015-03-03,STK_04,56.99180052880405,57.56982408772145,56.15157301429727,56.76583096589449,579440
2015-03-04,STK_04,54.59457067596151,55.191469494042174,53.8934767917518,54.58447362303163,777765
2015-03-05,STK_04,54.05983860307782,54.39998096132094,53.2524339554852,54.3916878103687,911808
2015-03-06,STK_04,53.66215244623669,54.15834815924596,52.75283123114812,53.70616982100853,423272
2015-03-09,STK_04,52.928861387483444,54.00061446492491,52.322505676680656,53.03907329448185,418025
2015-03-10,STK_04,53.85594572587653,54.16652621867176,53.36474544403055,53.80895783210536,789762
2015-03-11,STK_04,53.730831236261004,54.324349455433655,53.51965452413421,53.879140383398514,767555
2015-03-12,STK_04,54.427905787223125,55.83346492038989,53.86238465527269,54.24095422438006,182933
2015-03-13,STK_04,53.91353166048897,54.36472801833247,53.67239089656415,53.83437356861809,218014
2015-03-16,STK_04,52.732496861769086,53.25490303792908,52.49741541880205,52.65743924363257,336600
2015-03-17,STK_04,52.88752671024177,53.2680330441242,52.71012336743058,53.03073515103817,410991
2015-03-18,STK_04,53.66138555360616,53.96627557878632,52.86917208833721,53.26664636325579,526213
2015-03-19,STK_04,53.66761855512267,54.38952019987635,52.8003043360371,53.36048828015484,535121
2015-03-20,STK_04,54.00153412875038,54.90856162598817,53.19833961578053,53.769156319547015,425851
2015-03-23,STK_04,55.2514713335989,55.4635379807217,54.84887254777849,55.29854160692283,758829
2015-03-24,STK_04,54.64818273660422,55.465746501752925,54.350342012497066,54.65470343037687,194620
2015-03-25,STK_04,52.99771372370484,53.22143903357356,52.18330145650011,53.10035266651956,886196
2015-03-26,STK_04,53.25318720571051,53.65694642328542,52.966163755116874,53.44746737366672,576959
2015-03-27,STK_04,54.33757521693385,54.909190861277594,53.926737523757055,53.93939828912984,3587
2015-03-30,STK_04,54.9349656110217,55.62532769556669,54.752656133121235,55.133186109347406,7217
2015-03-31,STK_04,54.260473514594786,55.03619276822036,53.930840222087944,54.14802277009083,629442
2015-04-01,STK_04,52.89363964161842,52.91655152621415,52.46250342664834,52.677273117932224,65322
2015-04-02,STK_04,51.763464350735696,53.69687453543042,51.39486134340775,52.44340233142719,82828
2015-04-03,STK_04,52.87305818632882,53.43790969513262,52.857033181746104,52.91853197530035,32538
2015-04-06,STK_04,51.40945731833608,52.01933348569442,51.01547145395045,51.95863172258558,451131
2015-04-07,STK_04,50.89142878395122,51.671476089422434,50.0585012067027,51.09925700463478,890049
2015-04-08,STK_04,52.36214995093467,53.248891229313436,51.870369502635164,52.338663489258764,395670
2015-04-09,STK_04,52.9043832869718,53.59484179440755,52.596172353679925,53.01933754365786,457653
2015-04-10,STK_04,53.85824331563544,54.50961782536129,53.184347227910614,53.96195301723064,813569
2015-04-13,STK_04,54.72148021279808,54.86353254637823,53.697132486600154,54.73573465193049,564914
2015-04-14,STK_04,54.318589134566146,54.67195172612858,53.83834236757983,54.307301485324146,828808
2015-04-15,STK_04,56.181085510345696,56.35273247131969,55.74308762724323,56.26065022612712,896759
2015-04-16,STK_04,57.181626905840396,58.63975433064341,57.17760802708212,57.49251136508244,517327
2015-04-17,STK_04,58.76911616588266,59.84118817693986,57.848371547084874,58.93570000159886,387537
2015-04-20,STK_04,57.05905275552697,57.7730900012765,56.74001925561104,56.772640281914825,674307
2015-04-21,STK_04,56.686721834211355,57.47302175066632,56.522110491090515,56.87195356678776,871643
2015-04-22,STK_04,57.290965249817475,57.370153911836546,56.6726160894004,56.78554615136477,500127
2015-04-23,STK_04,55.61550721323445,56.462534278187434,54.96175357431394,55.219387413633385,272835
2015-04-24,STK_04,53.44524512702707,53.55387419259639,53.18644135349154,53.45983798064259,922463
2015-04-27,STK_04,51.160353454003626,52.327735782421136,50.38312946637489,51.9059932167877,625076
2015-04-28,STK_04,55.54717316890228,56.377470428484386,55.354145634758765,55.601453843877415,834107
2015-04-29,STK_04,54.69603687558298,54.90555552662988,53.9124467436253,54.155362858505235,941343
2015-04-30,STK_04,53.61609360147537,54.2852480179055,53.51869345870393,53.73300824379815,385758
2015-05-01,STK_04,54.072072943497226,54.11987489521424,53.97962182567595,54.08138249486436,36307
2015-05-04,STK_04,52.388967566117465,52.508973596358366,51.939983379564524,52.41157727862736,388884
2015-05-05,STK_04,52.2864496954185,52.730632740677216,51.85690514545597,52.423777138612714,467376
2015-05-06,STK_04,52.43676625286954,52.85747386224372,50.0342803131641,52.060900776476515,268802
2015-05-07,STK_04,53.769594173589525,53.926504176796485,52.879888534223944,53.479895078970216,913730
2015-05-08,STK_04,53.88611911276002,54.58787732947422,53.58028422241691,54.10878445452876,959452
2015-05-11,STK_04,52.50733184968789,53.033780971421145,51.05073104273744,52.32491359515125,876739
2015-05-12,STK_04,55.05021949988816,55.33808595939141,54.50988245031217,54.70274007735992,523153
2015-05-13,STK_04,54.94274367897783,55.24377926753038,54.43160446082719,54.93673188147733,919109
2015-05-14,STK_04,55.80957637235616,55.82052952764941,55.339423324510186,55.54460443053298,942339
2015-05-15,STK_04,55.766656745703436,55.93518950888388,55.64119938589438,55.844528189847566,85739
2015-05-18,STK_04,54.270924430171476,55.044644408038195,53.77239797211504,54.623310754103436,316170
2015-05-19,STK_04,55.26558659024534,55.911401632334204,54.305848062832936,54.997428111419396,868096
2015-05-20,STK_04,54.33152500251369,54.396848276617746,53.78090366124495,54.32187961746602,66608
2015-05-21,STK_04,54.398056559878626,55.80413988090819,54.13923871130621,54.60549315754725,388109
2015-05-22,STK_04,54.661561851067546,55.38836538307092,53.54130802008753,54.33625248290698,594248
2015-05-25,STK_04,54.38080690542934,55.03260972674411,53.77243728118585,54.681619362406394,746385
2015-05-26,STK_04,55.460039379893054,55.86371046021092,55.37794728728637,55.563924551143934,644293
2015-05-27,STK_04,52.8268912836361,53.34931630644455,52.02932732775643,53.313675295784485,175671
2015-05-28,STK_04,53.990831094145165,54.73640183264343,53.642889924550474,54.144610663141954,595668
2015-05-29,STK_04,53.618095775759066,53.65829672096782,53.351424351694064,53.47521418440342,462906
2015-06-01,STK_04,54.97152327737608,56.09636132411462,54.433674430283695,54.823521814526885,33954
2015-06-02,STK_04,53.41102258968532,54.324159011647474,52.64554567325049,53.484322838128634,887247
2015-06-03,STK_04,54.142253293653255,54.58798974043441,52.56729866609182,53.81027876246088,867204
2015-06-04,STK_04,54.71485225332583,55.05318179790905,54.33845124197539,54.77354604270097,143212
2015-06-05,STK_04,53.413464499005165,54.341105474154865,52.611932077657215,53.598217727556964,743431
2015-06-08,STK_04,53.83869865408089,54.37342265889241,53.10963762981753,53.9274857927533,805699
2015-06-09,STK_04,52.69252107976614,53.12915501079135,52.27868417242573,52.5963108989592,458131
2015-06-10,STK_04,50.66628134881473,51.219715538084266,49.581427679291075,50.758097922975864,241247
2015-06-11,STK_04,49.43392036090485,50.46247082674746,49.21913388686494,49.39082265032551,319950
2015-06-12,STK_04,50.90001475284808,51.8720689055044,49.86605178478816,51.39695991267092,978336
2015-06-15,STK_04,49.72298421269785,49.79899927473596,48.85170996349062,49.66280056440587,677379
2015-06-16,STK_04,49.975652557299114,50.073681847240486,49.3804780314077,49.782675346848954,262127
2015-06-17,STK_04,49.405061061380344,50.169839012491,49.151379740245666,49.895786142502104,221485
2015-06-18,STK_04,48.7246961148167,49.01280060132974,48.512121811175284,48.75459796427096,690361
2015-06-19,STK_04,49.608808817598025,49.84662600506409,49.48007317430994,49.70470073948624,53445
2015-06-22,STK_04,50.20422512197858,50.34953676563731,49.94298845360377,50.33498566341225,396748
2015-06-23,STK_04,49.152753201739806,49.25559110606579,48.41203238558575,48.89775246432974,205485
2015-06-24,STK_04,48.78533028672592,49.522922179040876,48.13791101732577,49.18775415279102,967512
2015-06-25,STK_04,48.252575182073635,48.67857604790491,47.85694536777035,48.34091253990527,947950
2015-06-26,STK_04,46.68169613674704,46.7117107364001,46.1589704864349,46.21311073395996,664650
2015-06-29,STK_04,45.126343749967006,45.38907322020053,44.63931965740002,45.36014979938753,309241
2015-06-30,STK_04,44.74966597652579,45.04323525745991,44.46291170101422,44.984805337958115,86223
2015-07-01,STK_04,44.6688284930186,44.86763094911192,43.95531364563991,44.44893314405148,954559
2015-07-02,STK_04,43.84289354372313,44.003942146401265,43.0459043518015,43.6587962580475,585951
2015-07-03,STK_04,42.64822733958928,42.89790280914368,42.571359779911646,42.74465651136082,547043
2015-07-06,STK_04,43.50958833195845,44.071628371917434,43.167025493732844,43.59571916136545,634646
2015-07-07,STK_04,44.518419765140976,45.276382385384615,44.131291754205265,44.7441212917259,371756
2015-07-08,STK_04,45.58167296466262,46.02443943338943,44.607165502910526,45.83385995399825,222545
2015-07-09,STK_04,45.97813515790982,46.489507772366146,45.65921820274393,45.996128336688365,959079
2015-07-10,STK_04,44.73644197036079,44.94053563725958,44.13389516116672,44.9039750991582,247845
2015-07-13,STK_04,43.78687871234791,44.0684931876763,43.680818831058346,43.99061519847982,551310
2015-07-14,STK_04,44.205572291524994,44.32795533265872,44.06193614558187,44.267583485421504,980406
2015-07-15,STK_04,45.44453295594047,47.15536257404821,45.24258910926729,45.55377820866915,379082
2015-07-16,STK_04,45.08872270376695,45.16904912252721,44.78004987720047,44.876269886945664,656842
2015-07-17,STK_04,45.26695321336677,45.963435870548025,45.06320210865979,45.41777484158169,59706
2015-07-20,STK_04,44.82909891839519,45.016306253506364,44.37951554750047,44.47746028206529,832816
2015-07-21,STK_04,45.2460901445856,45.45871539445328,45.102438669982554,45.27902503414476,436839
2015-07-22,STK_04,44.41976814958547,44.63387628315976,43.60533056653857,44.50942286417568,923939
2015-07-23,STK_04,42.60921818392869,42.9469320593615,42.41245102006939,42.857067643686456,958283
2015-07-24,STK_04,42.202271812104435,42.91523565566481,41.60600575283158,42.49258504952819,892040
2015-07-27,STK_04,40.59842562229127,40.78705728847387,39.870815006716214,40.53108642992434,899933
2015-07-28,STK_04,41.01492430861665,41.199401972256936,40.58734955120608,41.12924963682785,328582
2015-07-29,STK_04,40.404803632865885,40.836484146292406,40.40062278304531,40.701904878304276,646895
2015-07-30,STK_04,39.45027350815962,39.6027116563301,38.93197695278557,39.514572079780145,203245
2015-07-31,STK_04,41.19343345172795,41.39078146015601,40.87579141593789,41.059824729929936,434294
2015-08-03,STK_04,41.747489825922464,41.84717801870218,41.117821837514725,41.75127742381256,583396
2015-08-04,STK_04,40.531231419676395,40.90077518176902,39.98129905226174,40.69131225760333,197855
2015-08-05,STK_04,41.90227650872557,41.903568956926065,41.5022910843248,41.78474774134655,283351
2015-08-06,STK_04,41.43405412221608,41.530473119433275,40.977487264646896,41.32482634789911,960185
2015-08-07,STK_04,41.28562509619881,41.620895704566614,40.92136255795823,40.99693332323459,647049
2015-08-10,STK_04,41.73000498802814,41.75062065693273,41.55769307892222,41.57339218537869,573480
2015-08-11,STK_04,41.352466026670044,42.2278036811441,41.32652778003006,41.83606948286063,868363
2015-08-12,STK_04,42.811371365567666,42.81657631793694,42.57862427185557,42.753049062671046,620508
2015-08-13,STK_04,43.09578652904455,43.616995154198634,42.39171769772329,43.006503407991836,650506
2015-08-14,STK_04,44.06352903909333,44.42993054316024,42.83995424041309,43.737791995665916,831982
2015-08-17,STK_04,44.52863193213961,44.77747739973025,43.68521193739584,44.43541103087969,330449
2015-08-18,STK_04,43.77369751528191,44.14877129451541,43.37157205650766,43.777446641618226,35052
2015-08-19,STK_04,42.97891477324875,43.5183661134583,42.799577191886236,43.260921529293356,881091
2015-08-20,STK_04,43.48345560502613,44.166872656986335,42.86550834945772,43.793036111217724,552946
2015-08-21,STK_04,42.10524503851114,42.44704169052332,41.77030199794883,42.198389534929085,464826
2015-08-24,STK_04,40.50078643410555,40.59175770130063,40.08134952378336,40.539271842497755,521078
2015-08-25,STK_04,41.07544497367786,41.25034649052631,40.45872075572131,40.81605146010698,846899
2015-08-26,STK_04,41.19079166631036,41.50628940135362,40.93148766350819,41.480675289801354,826369
2015-08-27,STK_04,41.560330908139996,41.91469211322182,41.20941669611004,41.692493611924064,483500
2015-08-28,STK_04,40.44317484799093,40.79504463053292,39.99563991432727,40.46043949635191,431577
2015-08-31,STK_04,39.38326525870029,39.79349788143267,39.24911342721739,39.3731613555122,791885
2015-09-01,STK_04,38.9027259139115,39.54644479062027,38.695859314405666,39.02648399858916,612079
2015-09-02,STK_04,37.975900768784264,38.41144167819239,37.41572334786844,37.96452820794143,435344
2015-09-03,STK_04,36.85877746179032,37.07568650696315,36.79699595846053,36.967789562830596,439523
2015-09-04,STK_04,36.8111134871855,37.178418134996086,36.3759454919685,36.80177513225473,320343
2015-09-07,STK_04,36.42849952538227,36.531724105792044,36.15297409366979,36.316611017951,599581
2015-09-08,STK_04,35.713929651620575,35.85901733750401,35.17551997181802,35.79806788862984,380749
2015-09-09,STK_04,36.39698810029667,36.84790733109147,36.18636201231264,36.40229794790022,579551
2015-09-10,STK_04,37.158518609252376,37.29137627658665,36.7642710218429,37.15221596500138,325341
2015-09-11,STK_04,36.72355278070622,37.095244926711025,36.687199895971574,36.78216463577597,169415
2015-09-14,STK_04,36.5863904937024,36.68369361792709,36.46706114425289,36.620640450866986,379079
2015-09-15,STK_04,36.330508939748746,37.039623917807056,35.90020196284096,36.4589440101296,340277
2015-09-16,STK_04,36.27145607135842,36.35761718602986,36.07914401304703,36.24473210816057,738482
2015-09-17,STK_04,36.93117311050639,37.25614812624074,36.69670701138564,36.77622610967989,340171
2015-09-18,STK_04,36.77089844672143,38.042840087934565,36.453684904429984,36.646553411140964,14650
2015-09-21,STK_04,37.01634296761311,37.45759161117427,36.61904635044725,37.35341381148816,352917
2015-09-22,STK_04,37.115449677177075,37.54039798332275,37.01035362682024,37.29818381761056,260252
2015-09-23,STK_04,38.20588034329371,38.68516844487529,37.89178651768477,38.19294392317041,544369
2015-09-24,STK_04,39.5614050323232,39.69059217105868,38.919906172837315,39.39383422124456,190731
2015-09-25,STK_04,39.806967264037844,39.85358564037639,38.72605793501585,39.59183812952452,876669
2015-09-28,STK_04,41.025201809895535,41.33013815519355,39.952684317594525,40.60758834466643,600822
2015-09-29,STK_04,40.43385663641314,40.4702683045371,40.11409226633953,40.43465146443716,612921
2015-09-30,STK_04,41.100939920459766,41.220073257031636,40.15809833119993,40.82733806734018,167681
2015-10-01,STK_04,40.65587706510677,41.33254357884365,40.445640383608904,40.87897507462811,612715
2015-10-02,STK_04,39.943168834792246,40.328148802995706,39.335848891529444,39.80448407343228,411680
2015-10-05,STK_04,39.230011695912935,39.45866031977313,38.93488699943665,39.19458978634358,555868
2015-10-06,STK_04,38.0307596684752,38.30142102717834,37.7823221966256,38.12582874838051,817337
2015-10-07,STK_04,38.179780524300384,38.41470850241467,37.771177785734245,38.23564782762148,313059
2015-10-08,STK_04,38.931697641429245,39.064359166989945,38.657918729362436,38.788713750372295,436827
2015-10-09,STK_04,38.28681544063166,38.76806098940049,37.67595168608823,38.32459794286773,583944
2015-10-12,STK_04,37.679078216112806,37.74936248179387,37.48942103404684,37.74025481483818,241150
2015-10-13,STK_04,38.464152280824116,38.47538714689549,38.30202914597294,38.40581294420119,701059
2015-10-14,STK_04,39.295908055456955,39.68721053499095,39.19827281495147,39.52508465436282,963813
2015-10-15,STK_04,39.84640944132895,39.97079492312603,39.37789339076581,39.657128475631076,601548
2015-10-16,STK_04,37.42405754687889,37.85126060009023,37.048064154961146,37.62481371450566,661158
2015-10-19,STK_04,37.53900556644289,37.99141809527739,37.30106885707755,37.70376002873658,355604
2015-10-20,STK_04,38.15911358475257,38.67231327758547,37.319529786636316,38.40971675033278,720355
2015-10-21,STK_04,37.21855498694379,37.343657716555306,37.13960714269145,37.17617532372407,786060
2015-10-22,STK_04,36.003180881078684,36.451701342576605,35.37851831788616,36.16318302349569,882955
2015-10-23,STK_04,36.52961861123285,36.86756166152236,36.19802198461226,36.33376589616638,373143
2015-10-26,STK_04,36.909084598469946,38.279732309423714,36.4147020665637,37.337585827371434,176787
2015-10-27,STK_04,38.244040198711104,38.5598582540035,37.86144606914606,38.10598625204442,870136
2015-10-28,STK_04,37.099596718277574,37.70387492452975,36.893802739875355,37.198174991398204,750858
2015-10-29,STK_04,36.70543729018234,37.21421458509929,35.944241979756704,36.393637543914735,822947
2015-10-30,STK_04,37.63089963676862,37.68309123033126,37.46533076050956,37.66678088695492,867176
2015-11-02,STK_04,37.20172972037792,37.46165678301253,36.9339263023161,37.39978985908262,318384
2015-11-03,STK_04,38.763889621683155,38.88319681359101,38.35318383062055,38.74259151025388,107777
2015-11-04,STK_04,38.85964696012136,39.23882769372196,38.845307488628514,39.19944847658196,285777
2015-11-05,STK_04,39.77596603124358,40.00404101926697,39.256203147007234,39.662025828102756,872211
2015-11-06,STK_04,38.94574812877566,39.10498988321651,38.589880322645485,39.04101430661775,884914
2015-11-09,STK_04,37.495399405710465,37.888868461830384,37.25761742829665,37.625438427065454,789214
2015-11-10,STK_04,35.7252308586253,36.511794663153054,35.2964972624955,36.078771827147406,643810
2015-11-11,STK_04,36.91496464499235,37.362368807562106,36.527672490517794,36.85554890832835,675444
2015-11-12,STK_04,38.22487361407342,39.44093626760667,38.1081524613768,38.50286041478042,459986
2015-11-13,STK_04,37.71201871582812,37.71828373302901,37.224008178058035,37.391688180639974,279616
2015-11-16,STK_04,37.531798736600194,37.663497654055625,37.393122290291146,37.6132500096193,633166
2015-11-17,STK_04,37.325426993587705,38.00555297700415,37.063751971599345,37.4717813603664,553255
2015-11-18,STK_04,37.09709210026396,37.657166106001995,36.9897448678737,37.074350146578105,298606
2015-11-19,STK_04,38.29133300191684,38.666867205573375,38.26340156283322,38.58867205288331,922656
2015-11-20,STK_04,37.59108992127542,37.74258245332045,36.323917556197934,37.253623478367885,222380
2015-11-23,STK_04,38.461407381599216,38.71132928672552,38.21402137728078,38.27181146538466,779350
2015-11-24,STK_04,37.68608138079379,38.06698677036925,37.27600937795664,37.42580380093671,481625
2015-11-25,STK_04,38.30104818829102,38.8379646463453,37.78675720792814,38.142839721639255,339578
2015-11-26,STK_04,37.402923896456,37.53834509433877,36.510758176442906,37.339597674720245,306994
2015-11-27,STK_04,38.20780738327034,38.31566560012464,37.99640953126171,38.13138827386912,218530
2015-11-30,STK_04,38.221404043713896,38.42653253348415,37.16977564152425,38.251230476987395,87233
2015-12-01,STK_04,37.73964960107809,37.81205584175213,37.106865122980565,37.475312175076056,815466
2015-12-02,STK_04,36.72287998777435,37.01441390134982,36.26730903009348,36.55024096211992,327367
2015-12-03,STK_04,36.58791130807486,36.99631694961556,35.72596629145575,36.45002802561,153361
2015-12-04,STK_04,36.759640887784435,37.275117319783014,36.64467609424089,36.77799601871296,931452
2015-12-07,STK_04,36.841409737249826,37.02977881153749,36.35850659118545,36.62426383883282,327892
2015-12-08,STK_04,36.41127133554699,37.111023053260254,35.82200496084658,36.368987033659636,725736
2015-12-09,STK_04,35.299378274258586,35.79583004733928,35.26324222275427,35.57304895224439,952064
2015-12-10,STK_04,35.61619400534238,35.93609079051957,35.57332484319574,35.71020875176066,397235
2015-12-11,STK_04,35.966946927280745,36.73490384298466,35.54748814554622,36.118258326673306,728406
2015-12-14,STK_04,36.407768032890715,37.37779599037869,36.152481580071786,36.55053502499417,10777
2015-12-15,STK_04,35.58171583632281,35.95886771572415,35.38184132152405,35.94232824837721,607889
2015-12-16,STK_04,36.07977689761635,36.17964785443701,35.64185548324054,36.056330741131305,920805
2015-12-17,STK_04,34.79727468856072,35.654795686922945,34.606728917549354,35.07011069655532,831147
2015-12-18,STK_04,34.31041334109137,34.80762176009269,33.848249571323606,34.482098687191886,926724
2015-12-21,STK_04,34.57088641889699,34.756756937153426,34.01308685732243,34.36963500302008,781664
2015-12-22,STK_04,35.462886071236596,35.955309530089835,35.099430190928416,35.297268866877054,970099
2015-12-23,STK_04,34.84620372418376,35.875814850830935,34.81637473752643,35.328724137693946,631746
2015-12-24,STK_04,35.487349492678284,36.12902867427198,35.22971187011733,35.63947159005831,684258
2015-12-25,STK_04,36.167117488546424,36.567352041066535,35.8313998185644,36.43750663746902,53253
2015-12-28,STK_04,37.391959440494865,37.94609283305543,37.00254801592841,37.19947804707408,2847
2015-12-29,STK_04,37.88622985867112,38.315623616758565,37.16685526073573,37.95040968333003,314479
2015-12-30,STK_04,37.012668921201126,37.52345740487955,36.84985666285719,37.02150592915652,574800
2015-12-31,STK_04,36.076204920752346,36.672966471331065,35.80814443232609,36.189326021978324,807574
2016-01-01,STK_04,36.108921919259245,36.388843707309995,35.88248964524917,36.20017775745304,274597
2016-01-04,STK_04,36.9144414052013,37.11900564114301,36.76667999900724,36.85376149766226,88460
2016-01-05,STK_04,38.373075148671575,39.35596446536013,36.994754125026994,37.759768201827484,923916
2016-01-06,STK_04,38.20466852966892,38.24249878545378,37.648475800360885,37.90040968694661,429394
2016-01-07,STK_04,38.107274620952495,38.49523917770158,38.10161242333723,38.23051896480844,991105
2016-01-08,STK_04,38.935469474873884,39.52786142096952,38.36487914688188,39.20931132085214,504402
2016-01-11,STK_04,38.88900071730112,39.25644539908611,38.503551386352264,38.959399658727946,41086
2016-01-12,STK_04,38.810922474295175,39.90813787658158,38.55177379824508,39.11353195058024,458886
2016-01-13,STK_04,38.865162753424336,39.46764882113397,38.53433501259302,38.86292645983372,719833
2016-01-14,STK_04,39.96307500416787,40.15348384518337,39.79130835043392,39.836495979506445,106078
2016-01-15,STK_04,38.61572075210526,38.896351482998845,38.42063837788331,38.60358520784709,60836
2016-01-18,STK_04,37.99496322282037,38.79791606032218,37.39351732328659,37.913292420423744,28184
2016-01-19,STK_04,37.39468772828261,37.695615904112096,37.2560866855061,37.27744743123573,99225
2016-01-20,STK_04,36.07202273873969,36.295517080111345,35.52345895291182,36.24196080519483,384304
2016-01-21,STK_04,36.24133092630711,36.428201048678474,35.87739219974854,36.33403914293877,837733
2016-01-22,STK_04,37.483617460483245,37.586015706733754,36.982386050037796,37.44227077014943,422226
2016-01-25,STK_04,38.18264336422527,38.685734674684774,37.97177975126178,38.3716499294477,991522
2016-01-26,STK_04,38.88770327468754,39.14576304416378,38.569387361696194,38.948427948624825,798346
2016-01-27,STK_04,37.304517627949245,38.118114559968404,37.07303865379127,37.86115942317734,547391
2016-01-28,STK_04,37.09307694829804,37.49633332186639,36.78972875146261,37.03686642099456,991022
2016-01-29,STK_04,36.46851392644654,37.070569132444625,35.93492910811566,36.432132887312086,747207
2016-02-01,STK_04,36.848142106074725,37.08824198944907,36.4904091007527,36.90247085864782,650304
2016-02-02,STK_04,35.8848845541703,36.42133636344941,35.70540907460211,36.24863615056589,210501
2016-02-03,STK_04,35.405250029061946,35.774173768068756,35.27749927779038,35.43980642315503,313760
2016-02-04,STK_04,35.116708803616476,35.549013464263574,34.70742191573187,35.514354719185654,832178
2016-02-05,STK_04,36.741414529387804,36.8874936956362,36.62723062034002,36.7060293624578,840513
2016-02-08,STK_04,34.71661259107758,34.78754322597019,34.51532346507939,34.706106156578365,727124
2016-02-09,STK_04,35.29673563434245,35.3142623903903,35.04378183657773,35.15384964344165,8014
2016-02-10,STK_04,35.673315374536806,36.0072638880411,35.16945556473477,35.44070584353154,393289
2016-02-11,STK_04,34.63125390202959,35.00758046874477,34.2442514880613,34.796110402445606,494586
2016-02-12,STK_04,34.132008064396985,34.81528906141261,33.662170451343954,33.87243906018856,454056
2016-02-15,STK_04,33.78836173830074,34.62982116657069,33.313792892310836,34.013161082913996,120009
2016-02-16,STK_04,33.12514290752154,33.651644463032646,32.65226551648358,33.34613938868429,522084
2016-02-17,STK_04,33.051574544448336,33.21971650485582,32.88913161946916,33.17180671085412,662133
2016-02-18,STK_04,33.35995352684121,33.78346062839026,33.23161792551301,33.72554872271427,532817
2016-02-19,STK_04,34.03950655421899,34.09973033648678,33.790040244762885,33.94448981608785,768813
2016-02-22,STK_04,33.12337121569231,33.299586356383635,32.05805717026542,33.158399929353955,499447
2016-02-23,STK_04,33.73781193505371,34.104303458534,33.34682378010681,33.83147176099342,976089
2016-02-24,STK_04,33.0427400069948,33.32378605331398,32.65771274660763,33.13373273569289,8027
2016-02-25,STK_04,33.57851343710812,33.854280488518285,33.3351231322254,33.43179783280452,909372
2016-02-26,STK_04,33.758991831888125,34.01688211847789,32.95398371510044,33.4048997972223,469443
2016-02-29,STK_04,32.46392613878384,32.536946376706425,31.899674409459383,32.30300869775548,417127
2016-03-01,STK_04,32.078246375720454,32.34065025896644,32.01373559897796,32.01547384896683,608935
2016-03-02,STK_04,31.74948713227748,32.51449818709348,31.443357150322033,31.607635707639687,949806
2016-03-03,STK_04,30.942717764064586,31.147402629257993,30.884933896894296,31.088350983542632,339456
2016-03-04,STK_04,31.60306873527344,31.727829972617606,31.367723515777268,31.552507719843693,356782
2016-03-07,STK_04,31.588591521574312,31.79778048020257,31.31879630267257,31.4128010534808,49410
2016-03-08,STK_04,31.150492204614114,31.283189021304164,30.983348680973208,31.00167634131468,587956
2016-03-09,STK_04,30.662951267390987,30.94973481791062,29.93478293641174,30.926635026593125,869742
2016-03-10,STK_04,30.585970654992508,30.821505354075313,30.395699833961373,30.76396751505404,906346
2016-03-11,STK_04,31.107613693528588,31.403588510534618,30.942918794307023,31.008010055245904,447028
2016-03-14,STK_04,31.34184135670869,31.46633848458708,31.229528672742923,31.401588082943288,704658
2016-03-15,STK_04,31.243364792817573,31.28011675982384,31.19882703283918,31.268464751650384,632013
2016-03-16,STK_04,31.437383468547285,31.53125396320063,31.04077645395912,31.224613224961697,248136
2016-03-17,STK_04,30.44388711236482,30.814823541193253,30.32361113610062,30.561713544347157,12972
2016-03-18,STK_04,30.372068029252873,30.54347228880938,29.79765053562295,30.09475880683036,536146
2016-03-21,STK_04,31.18520562116324,31.367578621839183,30.85637668692443,31.074905521138483,290073
2016-03-22,STK_04,30.691005863988646,30.725780864299487,30.32730621609326,30.660747552858343,536218
2016-03-23,STK_04,29.918265638842712,30.324692216522344,29.564564561986913,30.120962020133295,87243
2016-03-24,STK_04,30.94040428160956,31.084052940049496,30.837090121287073,31.023764935692366,704221
2016-03-25,STK_04,30.844713339520766,31.045650358932505,30.622680671400285,30.65472482800034,110016
2016-03-28,STK_04,29.570594692195886,29.92527142715558,29.147215740820574,29.629974955936806,545397
2016-03-29,STK_04,29.65543633691627,29.92868076068822,29.517741442573367,29.73377684882525,341592
2016-03-30,STK_04,29.879686328566937,30.19479202739327,29.519958072880694,29.72167045204797,656992
2016-03-31,STK_04,29.23332763199985,30.121098426766988,29.08850991769571,29.60883050291364,575206
2016-04-01,STK_04,29.511081517098706,29.791299920396575,29.230046758949364,29.50808586810767,588818
2016-04-04,STK_04,29.519130349746085,29.54167351110978,29.280427037168398,29.46630905324606,22209
2016-04-05,STK_04,29.857629321810833,29.862657283184024,29.791435639300378,29.856914205940793,585499
2016-04-06,STK_04,29.999504781508115,30.358070344956086,29.653396342788227,29.9494913250854,866043
2016-04-07,STK_04,30.19643861661534,30.373170241497466,30.006212226971606,30.36702213635824,515526
2016-04-08,STK_04,30.40747233745581,30.90039960802756,30.098983259424504,30.4533435816911,20928
2016-04-11,STK_04,30.676430176805138,31.179310166068287,30.64606448667507,30.73986845188235,867906
2016-04-12,STK_04,31.436678642340464,31.9489721387563,31.157323264865237,31.413675442652707,299270
2016-04-13,STK_04,31.339915228003306,31.58358831367345,31.33666159559808,31.46368856740333,862134
2016-04-14,STK_04,31.252664753839344,31.32600116836694,31.2323367539828,31.300752975201565,685328
2016-04-15,STK_04,31.86129562626829,32.02767645375831,31.487992689082013,31.867649249778864,902193
2016-04-18,STK_04,31.66969210734533,31.914962341010614,31.33351595513556,31.67994308701826,400133
2016-04-19,STK_04,30.999019949196324,31.05179537457425,30.31748009259898,30.81525634687248,853505
2016-04-20,STK_04,30.315369637154628,30.438343496079135,29.83788633958016,30.40963515485981,721828
2016-04-21,STK_04,30.9711026454601,31.27661541562032,30.79205298029786,30.86617832363222,940741
2016-04-22,STK_04,31.45456667765571,31.54028617884636,31.106552647191176,31.176988387605796,341085
2016-04-25,STK_04,30.947400921390734,31.147084299862925,30.827107419992046,30.99279668965698,109171
2016-04-26,STK_04,31.366330890997844,31.885193000018038,30.996077285598282,31.63527558222777,659853
2016-04-27,STK_04,32.68360928175459,33.45839224425863,31.92474427564256,32.5380803817369,170602
2016-04-28,STK_04,33.0439299981944,33.06187046388438,32.96170319368724,32.99245914404585,897729
2016-04-29,STK_04,32.09345339717657,32.13248814270242,31.71676835041777,31.993215067016866,453435
2016-05-02,STK_04,32.046749982401344,32.36605089761284,31.822348983042946,31.953431251423563,128075
2016-05-03,STK_04,32.25893473546308,32.43772149868344,31.972382487956736,32.379671247301275,642971
2016-05-04,STK_04,32.20846237891991,32.407948804324306,32.05341518633335,32.21399697275941,227609
2016-05-05,STK_04,32.69484202947358,33.33484304409262,32.27466396988014,32.862357394906766,515849
2016-05-06,STK_04,32.484674786025536,32.787864627954825,32.39402918259068,32.70106266718532,768703
2016-05-09,STK_04,32.747490499877486,33.06434061824165,32.49457078351017,32.62916435327447,127211
2016-05-10,STK_04,33.69110521801959,34.17270564034518,33.66599980457861,33.792676759099564,386424
2016-05-11,STK_04,32.655004715564885,33.002972762204664,32.25088806344179,32.86871811825561,239907
2016-05-12,STK_04,33.482152228847255,33.63370973759909,32.84918453022008,33.1271870061262,313053
2016-05-13,STK_04,34.50053172543286,34.53897036047025,34.25321819386549,34.34016985640305,146319
2016-05-16,STK_04,34.011118207375326,34.10056097178668,33.897533862617095,34.01572716044992,25509
2016-05-17,STK_04,34.05021857199234,34.25621304477834,33.99783237760139,34.059215392166884,120660
2016-05-18,STK_04,33.538160732947226,34.21533434232413,33.353946752334885,33.677764083735354,881801
2016-05-19,STK_04,33.4168530086822,33.51266330423666,33.0709396458771,33.32494100282146,471705
2016-05-20,STK_04,34.65708546931759,34.786251113855116,34.611484495983156,34.673035131101635,527698
2016-05-23,STK_04,36.05452752552623,36.4364283944345,35.487513143578404,35.726187917426095,728792
2016-05-24,STK_04,35.299290165798006,35.64544934076368,35.206566145116966,35.59067541973977,2304
2016-05-25,STK_04,37.20692826334299,37.85666792179392,36.97313546830916,37.12214068161227,153057
2016-05-26,STK_04,38.12997643114111,38.34154079264836,37.64125603343273,38.04325975579474,993784
2016-05-27,STK_04,38.2565536300567,38.687033100080285,37.64122402695197,38.370929753315586,756654
2016-05-30,STK_04,38.623530080506924,38.86496960182504,38.569914612114296,38.67065862521394,674949
2016-05-31,STK_04,37.39561540511032,38.04876530515678,36.97096110963878,37.83668860152716,109987
2016-06-01,STK_04,37.93663756160064,38.604151835624286,37.70237057602361,38.01159232619578,864666
2016-06-02,STK_04,37.68541405554793,38.087872958519704,37.466534752990526,37.66292934450951,457840
2016-06-03,STK_04,36.593364925183955,36.956205706155984,36.371797754191654,36.87426715877633,928895
2016-06-06,STK_04,36.356180372549986,36.437743161865164,35.996610180322776,36.16264688820214,980752
2016-06-07,STK_04,35.991395333621,36.39899536649784,35.70902246968335,35.98010564015488,252520
2016-06-08,STK_04,36.77620877050838,37.047090341721244,36.67153716358509,36.975635366167154,534466
2016-06-09,STK_04,37.30854843898501,37.7063767108858,37.192630958528824,37.42405348540637,323447
2016-06-10,STK_04,37.76471533197518,37.95545873221433,37.62892160129766,37.80475165021413,673145
2016-06-13,STK_04,37.03977271148227,37.40657615353197,36.840191133370716,37.25565520344954,213847
2016-06-14,STK_04,36.689283203614615,36.97804266381242,36.07525697119752,36.93679865020441,474581
2016-06-15,STK_04,36.87718776584274,37.393022527397655,36.446528112411286,36.687090135168305,602125
2016-06-16,STK_04,38.01560016120299,38.03094859562512,37.64030291667607,37.64128531782326,739063
2016-06-17,STK_04,38.63400950755399,38.80184822720622,38.60185502893183,38.61965554035531,544979
2016-06-20,STK_04,39.436594376136505,39.675630258413086,38.66877477579242,39.384445632307674,105928
2016-06-21,STK_04,38.75681321896707,39.62932998646227,38.50439051105072,38.606952058714676,335231
2016-06-22,STK_04,38.31289969065162,38.491971753914136,38.22651863074514,38.32380680636953,320264
2016-06-23,STK_04,38.42283933473314,38.57548821161393,37.81382792424409,38.277561138322994,288045
2016-06-24,STK_04,38.24345612216378,39.16535705989807,37.97657540966011,38.33449295982294,340545
2016-06-27,STK_04,38.00308918503648,38.4523806451337,37.59851396978979,38.13569066361698,160254
2016-06-28,STK_04,38.83744947038365,39.05827673002943,38.395972169406235,38.54752681033977,557891
2016-06-29,STK_04,38.9884700023209,39.17369430816165,38.32871334488982,38.9488862462135,747585
2016-06-30,STK_04,39.76138670074251,39.77391499682017,39.65061496989258,39.74324486583916,148229
2016-07-01,STK_04,39.22514852345498,39.30879029705733,38.93126415547512,39.033057894258164,919208
2016-07-04,STK_04,38.449365135100074,38.82551947447136,37.69814170272092,38.226408326744675,946681
2016-07-05,STK_04,38.52662926986456,38.635111945859094,38.49565242142338,38.59148426041791,926661
2016-07-06,STK_04,39.36659317686003,39.45617546902107,39.30780090904148,39.44280755620835,718775
2016-07-07,STK_04,39.999400198359695,40.0835209495834,39.78311712889601,40.002680235124565,572435
2016-07-08,STK_04,39.3808409306506,40.00389002527959,38.75562395629339,39.567367022746325,485679
2016-07-11,STK_04,39.01463361859254,39.40696335741033,38.85084845268345,38.92098648450755,497265
2016-07-12,STK_04,40.2700225945365,40.39926509124471,39.676196259101395,40.17523687650773,43643
2016-07-13,STK_04,40.52968991072491,41.509312304854845,40.314570914066785,40.93361061086609,428662
2016-07-14,STK_04,41.08753155019401,42.23154529709738,40.840711640127175,41.578151508200136,502011
2016-07-15,STK_04,40.48439095004689,40.961788181424964,40.48009231026969,40.65248866268223,423901
2016-07-18,STK_04,39.89206357727387,40.3596855158747,39.48325605606284,39.89441960932304,63977
2016-07-19,STK_04,40.4934093398785,40.641810455600385,40.29062029227004,40.40826093810475,362680
2016-07-20,STK_04,41.002148945245104,41.58665527593032,40.897663202504944,41.02077234021067,706666
2016-07-21,STK_04,41.131837074718426,41.35492725239905,41.125039012904175,41.20315816287674,175777
2016-07-22,STK_04,40.209217414301115,40.95984645063261,40.00467966364501,40.49375143238136,467701
2016-07-25,STK_04,38.98978693978514,39.07211212488789,38.55626342050721,38.96346464652053,610381
2016-07-26,STK_04,37.180481050155855,37.66432091795508,36.97395991978326,37.53016767458538,949692
2016-07-27,STK_04,38.45903435583218,38.621979509759214,37.90420517732543,38.16877107037428,790250
2016-07-28,STK_04,37.585675441985835,38.46428791379314,36.865944916611184,37.41279800690772,242118
2016-07-29,STK_04,36.478597647179086,36.78159561599498,36.466478020307406,36.51678700056689,633381
2016-08-01,STK_04,34.538030174396106,34.712843650155556,33.84589148719627,34.48571121282372,747300
2016-08-02,STK_04,33.34345080862562,33.72324879339453,32.96667586977539,33.35711084733047,710535
2016-08-03,STK_04,34.204748648646024,34.34883352689846,33.739177251343015,34.09723518461455,12918
2016-08-04,STK_04,34.23258050344442,34.36781143104466,33.50004149927164,34.22044555770262,561974
2016-08-05,STK_04,33.87715525209572,34.60372954230316,33.50551346515016,33.82140282430053,810587
2016-08-08,STK_04,32.87829943316842,33.064467018207544,32.66348249692249,32.958606362994736,882381
2016-08-09,STK_04,32.39478956066314,32.55313755777796,32.39222664913302,32.494647258661026,136484
2016-08-10,STK_04,32.27448564590698,32.444974519186516,31.68746768193008,32.196305940530536,32136
2016-08-11,STK_04,32.394825204255206,32.71638618795744,32.130209273794996,32.59105120672151,75984
2016-08-12,STK_04,31.686415461507487,31.928976501559237,31.340170239715253,31.81287576750927,751894
2016-08-15,STK_04,32.54222085384653,32.755725417601674,32.37055169770382,32.41454882928322,482864
2016-08-16,STK_04,33.49918069117862,33.54793061809453,33.216676159103955,33.42890541149454,628510
2016-08-17,STK_04,34.23406945809005,34.43977990943406,34.22677234123171,34.239359588426765,288614
2016-08-18,STK_04,34.46644051148626,34.75383079077596,33.90699964534484,34.66155139730761,602638
2016-08-19,STK_04,34.888875987599214,35.17146937809463,34.76516451889043,34.94828195877799,204165
2016-08-22,STK_04,35.028719323451554,35.18895910919034,34.19683962423447,34.88187952674481,314749
2016-08-23,STK_04,33.28220498481659,33.815893929986395,33.24768415962782,33.51193791554191,791754
2016-08-24,STK_04,33.840003476719616,34.05127770603584,33.77030140167916,33.809793490030565,687717
2016-08-25,STK_04,34.79228070545601,35.312946504035885,34.443819247140695,34.538543460440394,141739
2016-08-26,STK_04,33.82115813675878,34.22526800454126,33.62391204008605,34.013868685339325,149589
2016-08-29,STK_04,34.25183482744023,34.44689318552961,34.247708778857884,34.263610535491495,20105
2016-08-30,STK_04,34.675562979520336,35.065965750333156,34.380408183627715,34.648845242490765,780361
2016-08-31,STK_04,34.893347260688955,35.43295389565079,34.47590990108582,35.01350515852852,507787
2016-09-01,STK_04,34.90172665193099,35.643955583747946,34.56121560281998,35.1556470349264,646818
2016-09-02,STK_04,34.29468024319927,34.46110027581023,34.16431357609295,34.39033898529449,588591
2016-09-05,STK_04,34.90290744718358,35.44812424108871,34.720977122457604,34.789785032344604,839930
2016-09-06,STK_04,33.3762618023784,33.61656577170214,32.64334069764483,33.09341386957063,845630
2016-09-07,STK_04,33.503898212248046,34.03963378440575,33.38601432529683,33.71180011014134,549164
2016-09-08,STK_04,33.348006347211786,33.61505155873108,33.25101671256634,33.39872052863172,177788
2016-09-09,STK_04,33.12506131715221,33.697575588345956,33.115170440941135,33.20764602906158,552338
2016-09-12,STK_04,33.29247034266839,33.8181839996397,33.25817140194779,33.28806122806822,507163
2016-09-13,STK_04,34.33729075217229,34.7520282718375,34.14294160073486,34.2081957945951,458110
2016-09-14,STK_04,34.09202751769353,34.83618410916377,33.687634949626116,34.2454819668336,1843
2016-09-15,STK_04,33.512190278123626,34.02213296497891,33.29183783299464,33.622553047626226,198844
2016-09-16,STK_04,33.20262705280923,33.52268674144036,32.95619486384836,33.46654235456924,760811
2016-09-19,STK_04,34.55928486405789,34.72494416325846,34.40694202166046,34.570448911948226,715363
2016-09-20,STK_04,34.53606640477373,34.70468259881052,34.237744372251456,34.68606591828507,882946
2016-09-21,STK_04,35.00380073871987,35.17561558037248,34.826436450054054,34.86588137074152,941545
2016-09-22,STK_04,35.24721868283091,35.67334264316587,34.97390150016994,35.15916162377285,906660
2016-09-23,STK_04,36.90795699035238,37.45904696799302,36.49591261633138,36.748498546967895,575944
2016-09-26,STK_04,37.09782371746467,37.22396748057907,36.56674766161017,36.75654091969123,452003
2016-09-27,STK_04,39.09641300336071,39.45258357675543,38.88962208820145,39.104438963734346,384609
2016-09-28,STK_04,39.808622553784545,40.042616042795025,38.876861408782425,39.744410321619874,734430
2016-09-29,STK_04,39.356731120388496,39.47278897813511,38.966280910075454,39.20028630494494,654400
2016-09-30,STK_04,40.516925053924275,40.76788594973968,39.26012102010567,40.174216374560956,372176
2016-10-03,STK_04,40.72509093739828,41.05777099552775,39.80804854978839,40.65898553103955,62514
2016-10-04,STK_04,40.3672428676999,40.47899334966189,39.836059625094514,40.427837409804184,425415
2016-10-05,STK_04,40.579246579163126,40.74390079817827,40.361661891665484,40.63685238769033,33822
2016-10-06,STK_04,41.23900020534805,41.77876132961104,40.68283208934774,41.43440919775037,689461
2016-10-07,STK_04,41.29665949048234,41.668618585313766,40.8865603631761,41.180744778105286,590112
2016-10-10,STK_04,42.339323893943025,42.60791957713057,41.68868909124586,41.911538695467705,733246
2016-10-11,STK_04,42.218128868623175,42.689435113888585,41.50094830594011,42.46975210368466,503584
2016-10-12,STK_04,42.215171894910476,42.57266502644567,42.01003928816413,42.16471100634362,623769
2016-10-13,STK_04,41.537055713819036,42.49716508878936,40.9408385667369,41.84111059706862,495361
2016-10-14,STK_04,42.51785577757048,43.347058372213255,42.45990386399378,42.73668205174636,151181
2016-10-17,STK_04,42.960232084362346,43.09476900266701,42.34030475376759,42.77991301740763,672973
2016-10-18,STK_04,43.440096564194484,43.487432367810094,42.768602399866545,43.02433200229542,444589
2016-10-19,STK_04,42.69108374229658,43.135476623534835,42.317061233060265,42.731459619123235,748303
2016-10-20,STK_04,41.70674313664966,41.77157938933103,41.536800814465586,41.71495143778009,940317
2016-10-21,STK_04,41.26764716763007,41.4971598892847,40.861568051791096,41.48022085338788,508928
2016-10-24,STK_04,43.53531658471299,43.62254631799675,42.78444496554538,43.06371922151131,311461
2016-10-25,STK_04,44.76305889244881,45.07692774123485,43.70449008726955,44.026232505094754,197832
2016-10-26,STK_04,44.66955526919448,45.18770833988661,44.364469003529585,44.481819093666495,794142
2016-10-27,STK_04,44.3408826762376,45.56211177230075,43.563227090049715,44.18119746503814,465506
2016-10-28,STK_04,45.00946811056394,45.21442813751984,44.232241212733136,44.83977531975704,342160
2016-10-31,STK_04,44.52034789783836,44.85214706428403,44.24572507972347,44.75749976792475,698021
2016-11-01,STK_04,45.21004212448211,45.390100738480115,44.83444029606617,45.24912274519473,812423
2016-11-02,STK_04,44.96183140425439,45.494837796659546,44.57713200233631,44.8221252745926,908033
2016-11-03,STK_04,45.107912350464616,45.72341452379144,44.107973685903325,44.693921831902756,390479
2016-11-04,STK_04,42.96055634474032,43.10184317679206,42.437648529703914,42.71186683178895,987299
2016-11-07,STK_04,42.622369516175375,43.03347626901166,42.425635140336375,42.47360958750301,39054
2016-11-08,STK_04,43.22210542867347,43.46142335189237,42.86058489223376,42.90643528917443,560964
2016-11-09,STK_04,41.87859135018856,42.431872973315144,41.83521745030745,41.955177106054194,397407
2016-11-10,STK_04,40.22475857679755,40.639797928968655,39.851368238882266,40.346402071844636,666164
2016-11-11,STK_04,40.7330668772579,40.821003069145355,40.36982181149107,40.55527133653983,147005
2016-11-14,STK_04,40.404451077770815,40.711563497123024,40.07774097893782,40.1875637512528,590382
2016-11-15,STK_04,40.69147114940721,42.01040370105256,40.34432873199206,40.499084364135285,826008
2016-11-16,STK_04,39.846847615158104,40.422833036959624,39.24400152925583,39.76433361543732,561642
2016-11-17,STK_04,39.98036805698542,40.27754606511454,39.36327361246654,39.44322395730897,715277
2016-11-18,STK_04,40.03993532159629,40.57041819873807,39.62376598688916,39.71633732415802,511552
2016-11-21,STK_04,40.97855079978528,41.33460775480705,40.483534124365534,40.916823275246834,193006
2016-11-22,STK_04,41.123654022612506,41.40116305531947,40.359507082218876,41.132751028453924,660486
2016-11-23,STK_04,41.83017502640225,42.56470632427938,40.911328910033724,41.91966985778832,83023
2016-11-24,STK_04,42.57110885825525,42.5824663549831,42.09671601975733,42.40622321006605,138747
2016-11-25,STK_04,42.208213797885946,42.59205382662676,41.69696057943527,42.358794759826964,505906
2016-11-28,STK_04,43.209994630479265,43.88395492360013,43.05762897787613,43.28476115553495,154900
2016-11-29,STK_04,43.78936721397056,44.893677075881946,42.87313469342038,43.65275838798028,516942
2016-11-30,STK_04,42.296460367161316,43.424703027043364,41.74963636080851,42.587091361165896,958621
2016-12-01,STK_04,40.29356335616002,40.849683587498255,39.77494952209232,40.756681135456695,622849
2016-12-02,STK_04,41.11962164121908,41.29677658512888,40.95601314035109,40.96008413134095,460529
2016-12-05,STK_04,40.80883700996405,41.04543043026032,40.77046426514127,40.871285388488836,350528
2016-12-06,STK_04,40.24886651604363,40.6504366408037,39.7844499297527,40.14974845884723,481650
2016-12-07,STK_04,39.33315680234365,39.335445192525164,39.163128081251465,39.3334485484455,745236
2016-12-08,STK_04,38.97320957347644,39.80119321190236,38.666980093858974,39.25782679621657,585692
2016-12-09,STK_04,39.85268805707664,39.9563571665172,38.99795871830616,39.63682857884429,421661
2016-12-12,STK_04,39.160895284611335,39.784600525460924,39.12874592703803,39.24144931010719,380989
2016-12-13,STK_04,38.374647562828244,38.726313196692544,37.68884772657201,38.293543380099784,998976
2016-12-14,STK_04,38.45423344634672,38.752796665630726,38.13430347853601,38.354031694793306,911484
2016-12-15,STK_04,37.65980841127337,37.96588242452875,37.636812699888424,37.773275342718236,48682
2016-12-16,STK_04,38.3314941300479,38.73299656055314,37.997114824473684,38.297109995036074,903157
2016-12-19,STK_04,36.27563782831468,36.33361504440187,36.12364609259656,36.26520291736318,431851
2016-12-20,STK_04,36.01729962075516,36.35318607946294,35.28499383146184,35.96755338779038,712112
2016-12-21,STK_04,35.655042238381846,36.0551838485625,35.19524897895838,35.59570697635954,23333
2016-12-22,STK_04,34.59378850576679,34.78369696600186,34.0500322784792,34.51582842344269,72185
2016-12-23,STK_04,34.318564616554994,35.407810642845234,34.1623962298898,34.4243130537729,10343
2016-12-26,STK_04,34.27697072310352,34.42259616615389,33.94266574818912,34.37738923142934,398136
2016-12-27,STK_04,35.32663848932676,35.621091220137906,35.203106263348765,35.23455287805153,899335
2016-12-28,STK_04,36.49392577276462,36.63797700207145,35.992950098641195,36.24004158051817,486344
2016-12-29,STK_04,37.15122454650977,37.67458798226365,36.914715470866604,37.35080602270469,621639
2016-12-30,STK_04,38.801162605592516,39.141837943252995,38.559421194199246,39.00244235083359,935715
2014-01-01,STK_05,102.07789402496756,102.46953258190682,101.13039214905127,101.7659803067753,756672
2014-01-02,STK_05,99.1723181755391,101.09468197416527,98.07819371697121,100.44490550548342,292249
2014-01-03,STK_05,102.87217358685918,104.10213451239933,102.19434295620329,102.2526101242131,573434
2014-01-06,STK_05,102.6711601975659,103.12136379012246,101.42406473207991,102.52741282325394,552957
2014-01-07,STK_05,103.74849282393492,104.05162090469817,103.06035158294779,103.91220700749746,637795
2014-01-08,STK_05,103.18134207788566,104.53175815155694,102.99572865097561,103.66235364478125,791912
2014-01-09,STK_05,103.25542979452605,104.99245370924916,102.33919369751214,103.68087109237582,800222
2014-01-10,STK_05,101.03859460440813,103.22551635757928,100.99687812279554,101.94247640544043,410489
2014-01-13,STK_05,104.18487921036655,106.22705630723999,104.08626578637869,104.10629291557368,832715
2014-01-14,STK_05,101.98466477015884,103.65380868731818,101.47843201028486,102.09514826873236,705984
2014-01-15,STK_05,100.4595334890129,102.42918168916776,99.4841623335365,100.39998493358547,500976
2014-01-16,STK_05,99.63900254447488,100.05196879171814,98.2057839393447,99.20474376495405,162591
2014-01-17,STK_05,101.57072886015638,102.21273943873614,99.8923334353294,101.42632462912216,322426
2014-01-20,STK_05,101.66939314731998,103.81172517668645,99.84307866767188,101.16343710964296,479497
2014-01-21,STK_05,97.92900591184284,98.79824412159486,97.31785137975722,98.41522008535001,380745
2014-01-22,STK_05,100.95963294514823,101.9053034155577,99.0776503635899,100.53169065162376,964335
2014-01-23,STK_05,97.20024683429412,98.70644920103692,96.40158800780607,97.94246348217926,932452
2014-01-24,STK_05,96.61826557518513,96.84331576493472,95.48446011193833,96.11110099793157,555952
2014-01-27,STK_05,98.86210657166357,99.32684981566624,98.73135967624403,99.0101370145862,36712
2014-01-28,STK_05,97.04257172677666,98.81180369161315,96.32879189958956,97.6037862189981,103046
2014-01-29,STK_05,92.8328605847683,93.6853026881197,90.315757012574,93.40772769691411,968098
2014-01-30,STK_05,92.96311612566029,93.15187883047224,92.75463152470228,93.01408750910129,893434
2014-01-31,STK_05,94.33621093800666,95.07149535626948,93.91880382229512,94.37515906175345,746324
2014-02-03,STK_05,93.37308045896833,94.61192542607795,91.61869718353931,94.23889160287703,283015
2014-02-04,STK_05,89.81572919696471,91.24823042788864,88.9252990172203,89.290599729843,777942
2014-02-05,STK_05,89.00738023219519,89.02845394172074,88.27201360202325,88.84305486112534,809646
2014-02-06,STK_05,87.85779442644267,88.61553526265298,87.65208188689043,88.14535436033326,69840
2014-02-07,STK_05,87.17054719508388,88.36738495516332,87.13597845777798,87.62966962456561,768801
2014-02-10,STK_05,88.57525742781534,89.5313325449837,88.28016472753929,88.65653780536141,200343
2014-02-11,STK_05,86.09197109293876,87.35948739693224,85.90775778433577,86.7203328102447,616309
2014-02-12,STK_05,83.2106833337864,84.55402358825422,82.68540160067666,83.64765277083221,550404
2014-02-13,STK_05,84.19652211001335,85.18407597175558,83.95684795627237,83.96072461592506,12012
2014-02-14,STK_05,83.50161638411501,84.29837059825502,82.78904678097796,83.85340385067596,857186
2014-02-17,STK_05,86.30260309266012,86.56926188483666,84.98235686747532,85.25988315128278,483116
2014-02-18,STK_05,87.83897485553393,89.3008150954487,87.22965223321135,87.4188136738609,121932
2014-02-19,STK_05,88.7463280163291,89.23835781793109,87.81943610998954,88.44888635189928,290226
2014-02-20,STK_05,87.14019122745012,89.1922026174093,86.78987709496612,88.76456870682463,816047
2014-02-21,STK_05,88.64139841960021,90.266470838847,88.30849936562724,88.71231372895598,943628
2014-02-24,STK_05,90.41014325143067,90.75837706345001,89.24695110311693,89.85898801868379,636158
2014-02-25,STK_05,91.68706985252004,91.99260573689286,91.40760335215694,91.85055624241353,988308
2014-02-26,STK_05,90.98947921313973,92.7875720972149,90.76308768414336,91.26106890111969,886207
2014-02-27,STK_05,91.73926671107934,92.10649291855103,91.47480284094065,91.74614957584674,56964
2014-02-28,STK_05,90.87562873028403,91.3250506877258,89.46304857598784,90.7745750528881,108917
2014-03-03,STK_05,88.4109396726801,89.65684085930177,88.2092927213943,89.07775462041154,970636
2014-03-04,STK_05,89.2642820054045,90.0498608997263,88.9045401439504,90.00415038220557,581144
2014-03-05,STK_05,88.09466484405044,89.94655115436152,86.84449938577151,88.97102911266583,374305
2014-03-06,STK_05,88.78705355138021,89.42829623965049,88.75371864844755,88.97844515803928,81561
2014-03-07,STK_05,90.9050249388576,91.64135931063835,89.44072992390497,89.68436258129759,443038
2014-03-10,STK_05,90.26551002710785,90.74402909755706,89.48582759894654,90.25059702805918,81772
2014-03-11,STK_05,90.27868786862804,90.44648807111918,89.91672992370637,89.99158930643759,627222
2014-03-12,STK_05,87.73993494055266,88.09842850057434,85.76230601056565,87.27339396919247,639048
2014-03-13,STK_05,85.56443783655787,86.62415565397615,85.46285136725702,85.82575437393811,83348
2014-03-14,STK_05,89.20727542731521,90.23057564454423,88.6923955041347,89.13156837176591,930630
2014-03-17,STK_05,88.59373043762818,88.62772464487507,87.96587339552725,88.50245060352222,591293
2014-03-18,STK_05,87.57629868890194,88.3682833442372,86.7868058906172,87.60507811158995,866131
2014-03-19,STK_05,87.17571320950161,89.02429018905536,85.91545634063995,87.79793339677282,2700
2014-03-20,STK_05,90.62146276714174,91.47763586565225,90.3488775941621,90.807585560266,74218
2014-03-21,STK_05,89.12279794200066,89.53566563370521,88.04592374617705,89.49978224111995,696946
2014-03-24,STK_05,89.72517595927714,89.96260344502808,88.59941420740518,89.39103110725829,704467
2014-03-25,STK_05,90.2921536902634,92.14078445887115,89.86020044101626,90.98860279117164,526654
2014-03-26,STK_05,93.32856921379695,94.55528410873764,92.87528634017154,92.88068881384571,954308
2014-03-27,STK_05,92.44874583932501,92.4715053979654,91.06345129148814,91.75252997689041,902801
2014-03-28,STK_05,91.81993717966766,92.50950666052015,90.22410895758703,92.15975506115649,781048
2014-03-31,STK_05,92.6349254410113,93.22334159793931,91.53798389282997,93.11372543306169,475180
2014-04-01,STK_05,91.26977702807861,93.16142482535216,90.33134474516295,91.32423097230662,219875
2014-04-02,STK_05,89.30717666407978,90.52405684934907,87.75255261914783,89.18798884353926,503768
2014-04-03,STK_05,89.87629143163417,91.64292924422071,89.28611036623464,89.97692717815956,887355
2014-04-04,STK_05,88.84305150382563,90.19358780086625,88.21942716641588,88.67046844213378,669630
2014-04-07,STK_05,88.16749818643198,89.18469456960443,86.54249083354168,89.01022542547112,828477
2014-04-08,STK_05,89.32759145368661,89.76876708160029,88.51641166909118,89.58418358145317,623055
2014-04-09,STK_05,89.24866625247016,90.14353418455799,89.09690394690558,89.34337843037068,513442
2014-04-10,STK_05,91.43710576143738,91.83797694717958,90.50529720534058,90.78083610584048,116200
2014-04-11,STK_05,90.65335232817051,91.20789608705738,90.11395819165328,91.12210878961723,837566
2014-04-14,STK_05,92.90732444528936,94.0100764382128,92.23137175199216,93.5383700783298,306521
2014-04-15,STK_05,90.53853004222522,90.7743231663186,89.53489453186673,89.88285437180951,24484
2014-04-16,STK_05,89.54205793117137,90.69048761992845,88.22975623287017,89.97406709474826,828702
2014-04-17,STK_05,86.49853476748002,88.2509350185718,85.31560232267388,87.01870142134558,936088
2014-04-18,STK_05,87.15629256171975,87.67089931228145,86.66986654645795,87.31549791465353,669679
2014-04-21,STK_05,88.97639951880376,89.0207165550112,87.46522936295752,88.3917569115163,214828
2014-04-22,STK_05,88.12285753663006,89.33552014747421,87.81027593360395,88.22410532123062,60527
2014-04-23,STK_05,91.47092743988952,92.67347311719155,91.17190679301989,91.53614264765105,10586
2014-04-24,STK_05,91.47694153259812,91.79616664147939,91.11985630398252,91.61962818526595,367269
2014-04-25,STK_05,88.38182697433679,89.17808536360346,87.8034627493785,88.5088217135858,855909
2014-04-28,STK_05,87.97758766078684,88.1601446637179,87.3018107590382,87.6465182544473,235738
2014-04-29,STK_05,90.0170781615128,90.04319358200055,88.50644778011704,89.70310289804542,662073
2014-04-30,STK_05,89.62027254264456,90.24162997809516,89.15736266970914,89.77671786537795,454047
2014-05-01,STK_05,91.56139010801822,92.13880599519034,88.78792870836561,91.13047727136134,605258
2014-05-02,STK_05,91.76971242284048,92.6707719387767,90.84338324020037,91.36040489647883,811680
2014-05-05,STK_05,90.85339161154263,92.0559818036835,89.90383173033453,90.90349074717977,322156
2014-05-06,STK_05,93.82343790747596,94.0139942814559,91.11704701302848,93.31955542736239,647619
2014-05-07,STK_05,94.78569994984973,95.84600033526593,93.46429460060149,95.4398192996362,412236
2014-05-08,STK_05,96.40176049204373,97.07625231986023,95.92792035219145,96.30470836683787,308778
2014-05-09,STK_05,99.21675210158017,99.77508188670437,98.49599760741452,99.17474355589232,368614
2014-05-12,STK_05,92.32392130789562,93.62740842875489,91.74396850664081,92.57024727549583,66681
2014-05-13,STK_05,94.4751913544237,94.96787702104464,92.86280562023303,93.62392077830293,427382
2014-05-14,STK_05,91.95493799288342,92.33761025481753,91.90176518648724,92.13927365853381,362915
2014-05-15,STK_05,92.54337038181069,93.5288853491828,92.09619689938621,92.35704008839951,915734
2014-05-16,STK_05,92.7455646181853,93.96491290511828,92.19851678532697,93.74498465205527,979535
2014-05-19,STK_05,95.13064041138868,96.24826508852706,94.50168628827349,95.5474975734385,65934
2014-05-20,STK_05,95.2832215519544,97.50424654234172,95.1521080541137,96.17895079852735,201901
2014-05-21,STK_05,93.0426581871185,93.29053783409643,89.94118208253029,92.72234024574468,238836
2014-05-22,STK_05,92.35580267356272,92.67618557168886,91.64093338255529,91.95937906267955,874715
2014-05-23,STK_05,90.91531640906477,93.46938288486477,89.25426865631373,91.81627842040908,916303
2014-05-26,STK_05,92.46466547592792,93.31883742083811,91.76991925682478,92.35878441394803,245814
2014-05-27,STK_05,91.49617531705161,91.57101455655867,90.44471422971237,91.2415365583205,340441
2014-05-28,STK_05,89.14512331002962,89.51563539821936,88.32470809981844,89.48820558501009,344634
2014-05-29,STK_05,89.78510088898835,90.82130132350461,88.55930362504242,89.41987923611674,3621
2014-05-30,STK_05,87.65950409660354,88.27477335176879,86.86270845716327,87.55297144364496,98844
2014-06-02,STK_05,84.7187879955939,86.34516516893368,84.01977708769009,84.93182006011031,183973
2014-06-03,STK_05,86.27920194063734,87.79290742362228,85.08473234584967,85.85676990533969,340308
2014-06-04,STK_05,86.3915446609204,87.6578990285667,85.84026802803263,86.37630527218435,747307
2014-06-05,STK_05,89.73592359402006,89.98110058906688,89.22852188316746,89.96953907227359,598080
2014-06-06,STK_05,89.71557312037848,89.8211633360812,89.41878960363819,89.59873425019491,44407
2014-06-09,STK_05,89.15467836784134,90.10557473783858,87.21311840317003,88.26919740209982,114455
2014-06-10,STK_05,90.3916838049461,91.93888643614547,89.7150737494529,90.03033571669908,394390
2014-06-11,STK_05,91.52795690256426,91.9347699435976,90.85081979138576,91.19320653936414,957310
2014-06-12,STK_05,89.82703781732808,91.13669672361313,87.81270394653751,89.68413060106657,900069
2014-06-13,STK_05,90.66805186053352,90.70278605473453,89.64931211222577,90.23300614356259,571078
2014-06-16,STK_05,92.76505347035605,93.27626712944934,91.26827015511238,91.62166592833054,995159
2014-06-17,STK_05,93.28402317205146,95.74985458540439,92.73221551684425,93.37730745114392,369696
2014-06-18,STK_05,94.32961053542017,96.34870338470657,93.95948737109805,94.54067398536154,727165
2014-06-19,STK_05,96.50277988573036,97.22298588821762,95.39801860163567,96.20553010039666,94377
2014-06-20,STK_05,97.81681067345414,99.0728556286872,97.49469311102733,97.65275365477468,775087
2014-06-23,STK_05,91.59573599701318,91.75513786016721,91.08998671594009,91.0928255166799,633420
2014-06-24,STK_05,89.80297983866232,90.50835512700499,88.30850690421933,89.8920157277091,573453
2014-06-25,STK_05,91.14386357493127,91.64736085979249,90.42529302327546,90.87016322542567,772485
2014-06-26,STK_05,93.64617504411665,94.61501118960169,93.10518063190989,94.33836397751425,687743
2014-06-27,STK_05,94.11223774234115,95.16174958563712,93.71013425835754,94.01334271006604,757130
2014-06-30,STK_05,93.17218748159115,93.19884675369238,92.5420024114512,93.18547385030831,745661
2014-07-01,STK_05,92.971903312359,93.17070091153121,92.69494159205178,92.7972465801591,912270
2014-07-02,STK_05,93.11982226534948,93.54801934803733,92.91817557334188,92.9789906241395,612821
2014-07-03,STK_05,91.98693950907554,92.85723491190144,90.93743131102913,91.80847059161913,378164
2014-07-04,STK_05,89.2168253600909,89.46397690747135,88.13088222634339,88.56606071550505,359284
2014-07-07,STK_05,87.00917124145256,87.64951081952388,86.89623618268027,87.10110113764874,677391
2014-07-08,STK_05,84.95758539581118,86.20342871263273,84.4872832592919,85.07680006165492,518708
2014-07-09,STK_05,85.47693099705285,85.84096506492132,85.34267859105582,85.6746663119118,227359
2014-07-10,STK_05,83.4183092649042,83.45905138066081,81.61764242375743,83.31665799465192,534717
2014-07-11,STK_05,84.29337642181238,85.71958482754935,83.51954426615876,84.14802072461337,654745
2014-07-14,STK_05,83.53198653826189,84.39691438130343,82.88689678140024,83.25272960260918,395297
2014-07-15,STK_05,82.14761674814598,83.20947060405472,82.06023317676662,82.31319128994556,926987
2014-07-16,STK_05,83.77295477777415,84.62137359628703,82.47258191685754,83.64598794703669,217070
2014-07-17,STK_05,82.38293181981334,82.9910813060061,81.5463354826194,82.79836780783245,795106
2014-07-18,STK_05,80.7801522213636,80.78086300885386,79.6654220335454,80.75397341184437,871088
2014-07-21,STK_05,77.23770135671661,77.41769291408724,76.58128184074793,77.29127481460955,541696
2014-07-22,STK_05,76.56205354846534,78.18455043106688,74.98630693112196,75.78710780980876,63173
2014-07-23,STK_05,74.19582914259914,75.72130155004879,72.98140357092134,74.02537021072904,679795
2014-07-24,STK_05,74.43313155306849,75.50100732153368,73.97778586714485,75.30204523657945,786264
2014-07-25,STK_05,76.51811911024008,77.42259289787646,75.43790274257003,76.6902070942504,841871
2014-07-28,STK_05,77.89502011776015,78.64767702961696,77.77942933081042,78.11985282008,975579
2014-07-29,STK_05,79.15144905472735,80.75746621646097,78.19904387652784,79.30579234084085,757365
2014-07-30,STK_05,81.64378249293806,82.04635433715667,80.88235214543884,81.05048386604419,115468
2014-07-31,STK_05,83.19933249958474,83.25183949930977,82.18828940539049,82.63868441194415,750221
2014-08-01,STK_05,83.40512353961124,84.25142278383268,83.05268644653717,83.32546414449796,561393
2014-08-04,STK_05,81.74500657367685,81.94956070371359,81.32380152474961,81.94953914582972,622228
2014-08-05,STK_05,82.85403974435106,83.99227642256662,82.47400997001722,83.01128315115814,818800
2014-08-06,STK_05,80.64404410479835,81.21910179516131,79.5792340130104,80.3682491192842,523005
2014-08-07,STK_05,80.36968841267917,80.82972335080228,80.3190230078161,80.69344543826597,541789
2014-08-08,STK_05,81.25496749906556,81.94265388855322,81.17725395792483,81.2680780010455,194786
2014-08-11,STK_05,81.24237254736552,82.05855356966738,80.89924633114708,81.7940821136188,547981
2014-08-12,STK_05,82.9332482374322,83.16377382329651,82.44219131204962,82.81578967384101,579930
2014-08-13,STK_05,80.63069726105222,81.51781191031084,80.62122160085187,80.96175674215125,766502
2014-08-14,STK_05,79.3783957468936,79.85902725301834,79.1994137192026,79.25490357133819,763502
2014-08-15,STK_05,79.2250648350198,80.1035747892263,79.0789103239035,79.68152646532981,84525
2014-08-18,STK_05,78.14524849364578,78.18010044626642,76.89432044681186,78.09380024503544,246856
2014-08-19,STK_05,79.64994504598498,79.96856738871571,79.05361165940873,79.28592714202279,922262
2014-08-20,STK_05,76.7773194747052,77.84938277607468,76.33629711014434,76.49071716402652,612805
2014-08-21,STK_05,74.90288435638148,75.42577096323821,74.38630523066662,75.18045623492549,188383
2014-08-22,STK_05,76.38771968061883,77.52471385160962,75.63621124496846,76.49393780469346,362576
2014-08-25,STK_05,76.14467964764239,77.06837515793391,74.54355547953399,76.13720284937027,545824
2014-08-26,STK_05,77.12708642386013,78.37484931674572,76.914368211974,76.99500567866802,483583
2014-08-27,STK_05,77.91931241102219,78.46397954185073,76.93133556320839,78.45982486343516,515133
2014-08-28,STK_05,78.25520789754253,78.39574090683712,77.75767103401999,78.33077034239739,253319
2014-08-29,STK_05,77.39437702964055,78.41269720195065,77.05198314441195,77.9290422852528,249300
2014-09-01,STK_05,79.8098343315365,81.18499432194818,78.58003650653814,79.2663885242242,305345
2014-09-02,STK_05,79.58097198045745,80.20874167754417,78.69500708716497,80.14963860368054,856428
2014-09-03,STK_05,79.94833277032842,80.46889415547278,79.54309286416189,79.66597955612,862113
2014-09-04,STK_05,78.0351044320887,78.49231224592754,76.61478746463092,78.24319966182364,43161
2014-09-05,STK_05,78.04614200855144,79.21878533642662,77.72861835273136,77.7413441174188,618646
2014-09-08,STK_05,78.39965911011335,80.07896226895332,77.78812324129335,78.50712150438443,20535
2014-09-09,STK_05,81.04359574068852,81.4382487328292,79.19708271428378,80.81990186042047,122965
2014-09-10,STK_05,84.2102181807515,85.03299936282278,83.63510555560677,84.66535154414572,181265
2014-09-11,STK_05,82.9144009707337,83.46991703562912,82.33465528013099,82.7380876663252,816811
2014-09-12,STK_05,79.3694903023804,80.07981600262363,79.06332924247108,79.25224147299137,72172
2014-09-15,STK_05,80.27849427271532,80.36899990286187,79.08290835067226,79.59401018693812,391444
2014-09-16,STK_05,81.71800147537286,83.21378083728037,80.773972539827,81.2831813658541,955367
2014-09-17,STK_05,82.128749471453,82.54141075494012,80.12221699133357,81.12821387626505,316809
2014-09-18,STK_05,83.34464280977781,83.57617767383886,82.48970570448435,83.21098346184314,923182
2014-09-19,STK_05,84.44236850281828,85.31951890214442,83.94744589800618,84.10684140054161,36804
2014-09-22,STK_05,81.83095070855902,82.91628036002174,81.34788521275793,81.46926537874897,772401
2014-09-23,STK_05,81.9537137176521,82.73303963736268,80.55999260826141,81.79629843210121,36802
2014-09-24,STK_05,81.36501667842326,82.68506515244921,80.60624463434095,82.33302013737786,844299
2014-09-25,STK_05,82.3672984157123,82.94072795916138,82.31971221877325,82.72689460987044,922009
2014-09-26,STK_05,78.80489852824826,80.0784160813447,78.17457805418958,79.36112377406525,65475
2014-09-29,STK_05,79.46686986400893,80.24866393301865,78.02975559509828,79.7044173691496,529097
2014-09-30,STK_05,78.30827623368114,78.94450961912976,77.97781528580107,78.74304911620108,117785
2014-10-01,STK_05,77.41180177754046,78.4764886318684,77.03072263909912,77.81648359261945,331655
2014-10-02,STK_05,77.72953425623318,78.94356796388561,77.52677661037481,77.79905782998172,134244
2014-10-03,STK_05,76.56782125406014,77.70386149716315,75.50403945158114,76.39037191046013,235503
2014-10-06,STK_05,77.31504191008493,77.60472957969432,77.2312478704008,77.33250582185713,571878
2014-10-07,STK_05,75.24833884690777,75.94271638176794,74.0411361795598,75.6662322882277,65900
2014-10-08,STK_05,76.41099893745788,76.69978357588404,75.90789085794815,76.05820987435587,647724
2014-10-09,STK_05,76.98720341451714,78.1791593655859,76.74073771958385,77.01871823227071,242837
2014-10-10,STK_05,77.56047343299299,77.63732581873603,76.16990047961066,77.42311665415113,447345
2014-10-13,STK_05,76.39732484715636,77.15675922586234,76.13018611026263,76.70357575204112,598944
2014-10-14,STK_05,75.03466134583583,75.716981476466,74.87238286282928,75.22616710598284,255473
2014-10-15,STK_05,72.23198013545698,72.65633123875813,71.41182013809615,72.5615000779546,409927
2014-10-16,STK_05,72.86270963937828,74.29464573707156,71.52139311631575,73.03786950550175,499663
2014-10-17,STK_05,72.27557376704013,72.53430955323435,69.98259375013626,71.86256889804964,916066
2014-10-20,STK_05,70.91054592373321,71.23484771224665,70.50499880434035,70.77842967599321,137521
2014-10-21,STK_05,72.65818695907855,73.06046274050992,72.47833589758132,72.73106314495784,475378
2014-10-22,STK_05,71.25132037027456,71.54039383060363,70.93639581017747,71.49958089459726,989959
2014-10-23,STK_05,73.99330026255417,74.46397575171359,72.6756618713333,74.27453678331496,277411
2014-10-24,STK_05,75.1284367999023,75.70588939152225,74.2702561534596,74.48645215209389,151585
2014-10-27,STK_05,73.69920042673425,74.64120567868738,72.55274466568893,73.43863351288648,143779
2014-10-28,STK_05,73.47289045854225,74.634869031619,72.38645191896791,74.05385088710786,415399
2014-10-29,STK_05,73.55101047031101,73.86238198850438,73.18726414318516,73.53153023561019,571685
2014-10-30,STK_05,71.7691361333742,72.46329106487158,71.20891244584094,72.42900401617621,418578
2014-10-31,STK_05,72.6476896169085,73.15517051186542,72.64723645917051,72.76959253037616,526548
2014-11-03,STK_05,71.43801386513779,72.99399842519412,70.98182317229521,71.81344139361332,315898
2014-11-04,STK_05,73.2475045817871,73.25635408659134,71.78730957989504,72.97749334609978,387004
2014-11-05,STK_05,72.89184373825783,74.4839247431597,71.91634052634207,73.60705495752907,909289
2014-11-06,STK_05,73.951706167697,74.09527499003082,73.17769009252847,73.94478839174995,677041
2014-11-07,STK_05,72.62492830860249,73.3170252195529,72.46345360094983,72.8544734173389,799436
2014-11-10,STK_05,74.37660025068337,74.87384087801827,73.54707804354393,74.63249925545922,551799
2014-11-11,STK_05,74.51872704997713,75.17790012139389,74.18240417076306,74.676268967441,378685
2014-11-12,STK_05,76.528406627985,76.54304202841443,75.6064815288982,76.5424448837358,767270
2014-11-13,STK_05,73.63935663636765,73.90309604699232,73.4143434998456,73.44616177790047,612206
2014-11-14,STK_05,73.22328374790722,73.80117305777846,72.99813813451846,73.45770956217974,137721
2014-11-17,STK_05,74.69715333328459,75.59399117253746,74.40750218319893,75.1145525294587,287404
2014-11-18,STK_05,74.83586667932086,76.03753379851322,73.81068401490424,74.28178544148498,190054
2014-11-19,STK_05,75.92941227166551,77.83011151130175,75.18275758269515,76.5029221442885,633282
2014-11-20,STK_05,73.57638468582671,74.32200033124452,73.07399751026504,74.07612199281012,418321
2014-11-21,STK_05,73.57100638236156,73.66886286010696,73.2710996632193,73.63887406012549,937257
2014-11-24,STK_05,73.71886349131586,75.19340306159445,73.44680610695707,74.04254000688071,40685
2014-11-25,STK_05,75.86775999926277,76.6765049503308,74.43694175636368,75.498338746108,507087
2014-11-26,STK_05,73.82458127890006,74.32140588282887,72.73835770589294,74.21317580537692,769405
2014-11-27,STK_05,76.31330224635144,77.21952014781495,75.20725424801607,75.95419898377531,273222
2014-11-28,STK_05,78.09949033554622,78.8779746174723,77.28729714344787,78.26731660880901,60992
2014-12-01,STK_05,79.75072282967018,80.66810919722946,78.69358609341624,79.39415948321935,405307
2014-12-02,STK_05,79.04890610947858,79.83052836678169,78.39901451673232,78.59760154238417,180289
2014-12-03,STK_05,78.25467262630126,78.94877266468657,77.88486035697319,78.13326563042696,996480
2014-12-04,STK_05,80.30541556749678,80.92302690592743,80.12726548552043,80.13667763347668,150898
2014-12-05,STK_05,80.21112004593162,80.34405602958677,79.67445784453737,80.32785605528605,20988
2014-12-08,STK_05,81.90750787843011,83.6414988664728,81.57352425195079,82.17448353648214,259317
2014-12-09,STK_05,83.4328607822845,85.57842324844025,83.07612709558022,84.09876704073667,951389
2014-12-10,STK_05,84.15212855906663,85.11637434653845,83.34432459309434,83.93764252024104,451084
2014-12-11,STK_05,82.33147557101918,83.83163541780335,81.32484803086557,82.67293016564261,513273
2014-12-12,STK_05,85.04601554072273,85.53722298101323,84.28188208809787,84.67394073615455,684258
2014-12-15,STK_05,85.55380741597209,86.21851893013837,84.50878353650593,85.73803813843043,674301
2014-12-16,STK_05,82.72089726446495,83.89872768985342,82.28292960958301,83.10982733463524,264608
2014-12-17,STK_05,82.58194020926975,84.01436880589493,80.8373254950735,82.76244078050084,414407
2014-12-18,STK_05,79.74513447570766,81.9554043105033,78.63726730976792,80.2393998756626,965266
2014-12-19,STK_05,82.66960186206309,82.9272088969162,82.45219187886383,82.50783284726442,205249
2014-12-22,STK_05,78.61779975440639,79.62900475427972,77.86599155738612,79.23555982932228,625581
2014-12-23,STK_05,78.71501677353868,80.0254627602495,78.6380307487371,79.28506722151279,958681
2014-12-24,STK_05,81.00624133487125,82.09111087104976,80.06550495448109,80.1417620877262,208041
2014-12-25,STK_05,81.53245659086778,81.58287185628922,80.55361941098894,80.93915819016047,696379
2014-12-26,STK_05,82.86079600908141,83.1552178485023,82.56951428477744,82.73603492992868,495594
2014-12-29,STK_05,84.7804491952579,85.48059291241826,84.56251629925644,84.81638426005318,870620
2014-12-30,STK_05,86.04544819178332,86.44392011125123,85.53134598337901,85.80493153086576,354022
2014-12-31,STK_05,85.36814496428946,86.3771765507932,85.0430089842537,85.52302895287815,594723
2015-01-01,STK_05,83.60919445560305,84.5076206387097,82.83395342672334,83.678669727845,684846
2015-01-02,STK_05,83.44941946012729,85.5135574106454,82.75650567717048,83.69445244561751,457629
2015-01-05,STK_05,83.50670995884417,84.15660427123137,82.30922731418016,83.33867364359503,106335
2015-01-06,STK_05,82.81827573460984,83.8538907115705,81.39743952708417,82.87095564087213,322046
2015-01-07,STK_05,82.8828661146775,83.87209044844936,82.68723645931102,83.57937047926511,92295
2015-01-08,STK_05,85.45256792201118,85.5940605625956,84.61841718788018,85.42193983166351,225728
2015-01-09,STK_05,84.66652949735082,84.67417821701937,83.47093035706988,83.88547093134375,536472
2015-01-12,STK_05,85.00651608864099,85.19644866141984,84.88946570738534,85.0641221781459,67468
2015-01-13,STK_05,83.96278651367508,85.95858747778391,83.90973292349973,84.38024663582037,72336
2015-01-14,STK_05,84.14193419490636,84.61956543247584,83.33394640364135,84.07337814402257,173550
2015-01-15,STK_05,84.65276343960753,86.27418133174727,83.55589048394869,85.28818544429407,101945
2015-01-16,STK_05,84.2509281710052,85.11958055982943,83.64559981957508,84.3137030463315,452515
2015-01-19,STK_05,85.63144896972261,86.66925490231756,84.93081356803879,85.65919368911412,368959
2015-01-20,STK_05,85.24822994692101,85.44240590063009,83.55296753761513,85.04399577625081,651372
2015-01-21,STK_05,81.22271099034141,81.55647857726557,80.71622953028546,81.19169332545212,670597
2015-01-22,STK_05,79.82444569635771,80.72564623314388,78.42902626893523,80.11247201334307,150523
2015-01-23,STK_05,77.63003749257457,78.50383291047669,76.5602475764474,77.7346234553238,258540
2015-01-26,STK_05,75.54161572850894,75.66739533738058,74.57745489608138,75.20954879747089,360122
2015-01-27,STK_05,74.70287069870074,75.65085790095145,73.43803856272544,75.51163335676956,788701
2015-01-28,STK_05,77.55349459019557,78.23983375542461,77.41634049986531,77.60650529818231,620267
2015-01-29,STK_05,76.22684735184153,77.47343059341547,75.00106517522819,76.4603807045596,672496
2015-01-30,STK_05,78.91170713779229,79.32931075359822,78.09631823072934,79.05029237136196,673063
2015-02-02,STK_05,79.58054050716348,80.18491016130501,79.10497119796143,79.42127840060448,877640
2015-02-03,STK_05,79.0977512325429,80.20245520711612,78.4549698430328,79.44344928777018,52890
2015-02-04,STK_05,78.45008840719818,79.70578648369094,78.41852330444199,78.80220595184734,347615
2015-02-05,STK_05,78.5501895529322,78.59848356665933,77.65365086580672,78.18693587771281,380020
2015-02-06,STK_05,80.52038492997764,81.25943433315994,79.98342443081843,80.33082415836495,245017
2015-02-09,STK_05,78.84194002174169,79.51825594053646,78.53751166484673,79.11492748005061,691840
2015-02-10,STK_05,82.79452040148982,82.87619231744914,82.67365976532763,82.82611971966038,563647
2015-02-11,STK_05,85.66694259401943,86.07714172418254,85.16388410205673,85.7480849333377,577953
2015-02-12,STK_05,88.05570375410764,88.84017006015407,85.96686429229636,87.65850836046447,202325
2015-02-13,STK_05,88.62393785360315,89.87772675148967,86.69495949331115,88.63143796448648,741435
2015-02-16,STK_05,90.41846054277335,93.7611805452418,89.31435501660161,90.13995021295109,554832
2015-02-17,STK_05,89.38035996827443,89.66594665566272,87.8509093682083,88.97364648106701,682578
2015-02-18,STK_05,91.18584553469294,91.4309340137625,90.69974645136723,91.0294321938244,492683
2015-02-19,STK_05,89.87365159392583,91.25413137792775,89.8256791860205,90.30336149550675,419385
2015-02-20,STK_05,91.45589058065573,92.49046671739632,90.7484231907165,91.49248357546146,104637
2015-02-23,STK_05,93.99692549005306,95.59728914046568,93.93627391386866,94.195361464975,884145
2015-02-24,STK_05,92.21583696757577,92.74887656528557,91.98839867028076,92.39741720730979,150419
2015-02-25,STK_05,92.65033860343131,93.11406896365568,91.58299262289307,92.42435683186115,651288
2015-02-26,STK_05,88.8238110587312,89.89629345716385,86.92660930891806,88.9690926406296,334081
2015-02-27,STK_05,89.94639855128025,91.0265849561718,89.17482341803482,89.64288449823535,427402
2015-03-02,STK_05,88.68355481587773,88.86084534375165,88.03730403684081,88.70405449094028,34202
2015-03-03,STK_05,87.28073110432456,87.8187929316538,87.01056660832634,87.248533339698,291515
2015-03-04,STK_05,86.82601747776613,87.34407427953992,86.5200003879427,86.62554900168233,337399
2015-03-05,STK_05,85.02767102632637,85.43574362975305,84.30331333270105,84.9472839469302,680593
2015-03-06,STK_05,86.33868477620781,89.4807264276573,86.07186135951089,86.81137186416402,53931
2015-03-09,STK_05,88.25819007898997,88.34374528649828,87.21311859748104,87.74889681255299,176721
2015-03-10,STK_05,91.71262023297265,92.07123455081212,91.42833695508402,91.92715690135621,41618
2015-03-11,STK_05,95.4456274076429,95.50908046983672,93.61638594791957,94.2030993787516,849670
2015-03-12,STK_05,91.8888867260451,93.07555194577064,90.98738578786295,92.7343189286731,414079
2015-03-13,STK_05,91.84330838366522,92.64878911705826,90.97512090249332,92.3267251633653,306857
2015-03-16,STK_05,91.93571628014611,92.85312717694512,91.44326308592264,91.93385569147114,945776
2015-03-17,STK_05,88.19389999800102,88.790698608347,87.72808183995033,88.3062112878931,559437
2015-03-18,STK_05,85.30560845105353,86.73170695628654,84.49603449492913,85.03609721357036,577031
2015-03-19,STK_05,83.05573672418885,83.35519352262757,81.9043992783747,82.40174004427152,570747
2015-03-20,STK_05,81.3935637126212,82.18049628590374,81.25080752995218,81.4367062378943,108279
2015-03-23,STK_05,82.35965188942454,82.61842686698836,81.33083829874778,82.55100663720424,296477
2015-03-24,STK_05,80.3567036766394,80.90350652058547,80.26026973462125,80.71512258276009,603546
2015-03-25,STK_05,83.16511201464881,83.8196564380579,81.81969275293464,82.60411567223736,153264
2015-03-26,STK_05,83.3561489572556,83.80616668710766,82.75485315739562,83.73479991768956,821641
2015-03-27,STK_05,81.83975855744563,83.31955549367689,81.04534973320077,82.79739471999375,24000
2015-03-30,STK_05,81.50287428708523,82.07324066819783,81.06025791619605,81.51418108364815,853314
2015-03-31,STK_05,81.79038301769535,82.20074420996154,80.76006368734852,81.90569308784994,539796
2015-04-01,STK_05,80.97464989841495,81.75416253792581,80.64308839500123,81.4024319424701,447422
2015-04-02,STK_05,82.34098430134502,83.57678288278441,81.12752853416322,81.87777469814505,712366
2015-04-03,STK_05,81.50027981321679,81.65345039913696,80.66116853587431,80.92350731073627,73079
2015-04-06,STK_05,83.50559690279239,84.2970942191258,82.50104430246036,82.89909474727052,12903
2015-04-07,STK_05,85.30679261381617,85.78570642403571,84.42392926686139,85.56889993659951,581099
2015-04-08,STK_05,84.01314589560442,86.01895155723409,83.16152025676847,83.85281034319542,309325
2015-04-09,STK_05,85.9686338202313,86.71394560024802,84.43266814612274,85.7465006719167,112313
2015-04-10,STK_05,82.85766187951917,83.14964756327095,82.31417124302658,83.13869861177284,587321
2015-04-13,STK_05,83.24324164982262,83.6312088385228,82.72854482519338,82.95001549385542,782580
2015-04-14,STK_05,80.72048427787018,83.33913367060822,80.61294004661248,81.06678921786181,794698
2015-04-15,STK_05,79.97173756670266,80.2428473489396,79.68582504088127,80.211689936183,143218
2015-04-16,STK_05,80.84367588077208,81.35988257106473,79.47350887419168,80.7119515033817,342124
2015-04-17,STK_05,82.88157818063272,84.02074807456498,81.93372974562746,82.77445262462842,382675
2015-04-20,STK_05,80.75984286162543,81.48640844680901,79.88401910511789,81.17385416244251,474170
2015-04-21,STK_05,82.81335127980974,84.86452692779594,82.57717279220215,82.70498458870352,877805
2015-04-22,STK_05,84.07145347676719,84.83999105264293,83.36718197515503,84.7270089501475,378050
2015-04-23,STK_05,82.55017498270263,83.94534753841776,82.52730312486138,82.80270520111664,719465
2015-04-24,STK_05,82.10486400653724,83.03232712675215,81.66127535774756,82.41188516582676,33779
2015-04-27,STK_05,83.34785570329805,83.36676021745255,82.9975859148078,83.19994440347924,685198
2015-04-28,STK_05,83.81407747316787,84.01360630973898,82.54763764164788,83.03842566266599,821409
2015-04-29,STK_05,84.45573094673267,85.60121578311315,83.78640825087085,84.52686427567873,171471
2015-04-30,STK_05,87.38980790874572,88.50338032103294,86.72950692796954,87.73337696673937,895253
2015-05-01,STK_05,84.10605071358442,84.88148231370451,83.04861496337188,83.70142525103373,938441
2015-05-04,STK_05,81.88738110983714,82.92696499198013,80.4056134668982,82.5970510079128,729605
2015-05-05,STK_05,80.46768821597294,81.12121594449597,79.26908668449623,80.60678957250279,515693
2015-05-06,STK_05,80.37116394480101,81.33284211207935,79.90198485324643,80.17055101640372,715274
2015-05-07,STK_05,82.07147615099187,82.12163198601094,81.34222489520828,81.88217969733418,69950
2015-05-08,STK_05,78.66729454136672,79.77817129564157,78.30198397864125,79.11558248381623,666811
2015-05-11,STK_05,81.06765203649067,81.3154257167362,80.49857365037074,80.54159103191249,70011
2015-05-12,STK_05,77.63520276203609,78.20657009979595,77.22671679117433,77.87193123089459,795288
2015-05-13,STK_05,75.4165518303559,75.51781656291101,74.83532322880552,75.05078656192651,211548
2015-05-14,STK_05,77.02193686780221,77.11062616974256,76.27464415100786,76.90351987258224,299505
2015-05-15,STK_05,75.47007945275757,76.42106306968843,74.32675642712462,74.88878729025012,415492
2015-05-18,STK_05,76.3680149795105,77.29124174740544,75.99861872886672,77.13589183610928,560146
2015-05-19,STK_05,78.75642037374459,79.0668630475688,78.33329822395496,79.01471322019898,67227
2015-05-20,STK_05,79.37805246383613,79.74564376661793,78.2652124363282,79.07579554588641,342146
2015-05-21,STK_05,82.19384768630717,82.36062786420165,81.53896753976815,81.64966142447486,422639
2015-05-22,STK_05,80.85157075468543,82.35289831755397,80.02842604292803,80.95733199899219,518135
2015-05-25,STK_05,78.89916858068318,79.64223914279735,78.45896450079317,78.9577100598766,770813
2015-05-26,STK_05,76.46334352236266,78.66151170142203,76.30375088790892,76.80254352757039,3258
2015-05-27,STK_05,75.82340029394122,76.70991890575692,75.33270589757748,75.65509353424684,693253
2015-05-28,STK_05,72.00256540664114,72.94854910397846,71.41694656601925,71.81356912124252,41754
2015-05-29,STK_05,71.28497766112896,72.36491583296969,69.6303737523343,71.7681859101272,160738
2015-06-01,STK_05,73.17750111446114,73.97298442987659,73.09882836461401,73.3627486616733,129690
2015-06-02,STK_05,71.91240003800323,72.66429854708943,71.7815277654021,71.8006594964876,388423
2015-06-03,STK_05,70.01116104993532,70.46881235547731,68.66500569923994,70.243290413346,235262
2015-06-04,STK_05,71.91452063155661,72.85131680127661,71.78556315108202,72.18376356967464,139827
2015-06-05,STK_05,72.57111475595929,72.78260988128508,71.73503060399705,72.66671491357565,991386
2015-06-08,STK_05,71.14944368682107,71.42764673088114,69.93729298673935,71.05417296209728,890694
2015-06-09,STK_05,70.71247149877777,71.39133405281838,70.63279786854258,70.76938728582606,752108
2015-06-10,STK_05,71.60409700625983,73.28958634214419,71.56360265462183,71.99400851589692,907681
2015-06-11,STK_05,69.68166315527286,70.16162815096,68.60749539216843,69.43530931499662,251521
2015-06-12,STK_05,68.87401498001931,69.6917186531846,68.66154276346954,68.98969086779009,462363
2015-06-15,STK_05,70.48046403696823,71.16578076625963,70.0327978289295,70.5943237779614,675143
2015-06-16,STK_05,71.70945123698861,71.80139116615922,71.6010698977026,71.75366606976539,323401
2015-06-17,STK_05,72.05467805301507,72.96360299808684,71.06317417527474,71.81370286560883,50138
2015-06-18,STK_05,74.52658716310138,75.26755570393323,73.1342146487547,73.95532530362901,200753
2015-06-19,STK_05,75.30581930910166,75.44594099451385,74.65015941429293,75.34765704464,292389
2015-06-22,STK_05,73.80579628373764,75.8507204281703,73.73913845254835,74.37561365128316,803438
2015-06-23,STK_05,74.27041598494357,74.9292178567937,73.19141335565001,74.35229880220442,630100
2015-06-24,STK_05,73.22162023723978,74.50045741879563,72.114152253329,73.38480206776092,284463
2015-06-25,STK_05,75.34164683828779,75.96651960609671,75.23124607916104,75.89583532226062,403685
2015-06-26,STK_05,76.12684160966882,76.42120688784217,76.06915352065148,76.32890489575709,219985
2015-06-29,STK_05,74.41989114885757,74.75507166336499,73.08137180526909,74.25291128387768,34558
2015-06-30,STK_05,74.96007663120224,75.03539112383099,74.63025733246154,74.84452114237105,242261
2015-07-01,STK_05,73.46667036254941,73.6381374333143,72.90977033153227,73.10532577246049,48863
2015-07-02,STK_05,74.13581274330456,74.8237077077883,73.62815227568902,74.55292270177699,752212
2015-07-03,STK_05,73.12021507179368,74.14841048073554,72.19302101621004,73.88378167820665,147125
2015-07-06,STK_05,76.92429470681503,77.04640112652757,76.15381684751831,76.73828966358586,552217
2015-07-07,STK_05,78.00071978538726,78.31487356982065,77.9909483414607,78.05007559555041,688798
2015-07-08,STK_05,76.60068851226505,77.49865832792614,76.20733253612107,77.10032421974785,979293
2015-07-09,STK_05,80.83905755674903,81.84278697053455,79.85834935467828,80.3012211686675,641999
2015-07-10,STK_05,78.92583082760763,79.54786452554403,77.04085202399432,77.97919065313098,169420
2015-07-13,STK_05,77.73212818471328,78.07219749442164,76.5126632096111,77.20849633708502,18457
2015-07-14,STK_05,76.5464124430496,77.38848786870035,76.27658020999982,76.93103768603292,557883
2015-07-15,STK_05,77.16902310779975,78.93204561905426,76.7140040045279,77.42166792482806,341808
2015-07-16,STK_05,81.56156640932419,82.296416501272,81.21633549835343,81.40373177933863,190499
2015-07-17,STK_05,79.07220576619159,79.74140436947278,78.7219489499739,79.68110056142592,624465
2015-07-20,STK_05,79.49758253497734,79.77250630604759,79.10296624850577,79.13792544977898,645113
2015-07-21,STK_05,80.72223841922076,81.35027207018713,80.06891173107286,80.92698563141016,971213
2015-07-22,STK_05,83.09851367858832,83.76236400248692,80.74192308641894,83.1473364510541,156878
2015-07-23,STK_05,85.33132024943941,85.80222664003064,84.60780189959914,85.67203593780522,203242
2015-07-24,STK_05,87.86982952310949,89.1533244148409,86.60268481250338,87.53223899556919,188037
2015-07-27,STK_05,85.72734058498455,85.81621562278303,84.94370310886806,85.17378203189143,31302
2015-07-28,STK_05,85.78872207496183,86.24557615770125,85.35124132490573,85.52592638481225,918756
2015-07-29,STK_05,84.252519911428,84.58385578088296,82.20803976019151,84.20589470622717,438217
2015-07-30,STK_05,84.11301993192727,84.27847427733015,83.30748059238813,83.69550816000022,638370
2015-07-31,STK_05,82.45446804136205,83.72908666143115,81.26852690704654,83.18773683600305,129524
2015-08-03,STK_05,84.34404017337023,85.72591693295378,83.32693210892114,83.77011417667609,121671
2015-08-04,STK_05,84.28589038591421,84.55277526148201,84.09423466975643,84.42634854841688,16736
2015-08-05,STK_05,88.12388935461202,88.15916737431739,87.11614281311115,87.35551620502933,504674
2015-08-06,STK_05,84.00121841647828,84.0122801461156,82.97709630211129,83.69579341195403,281123
2015-08-07,STK_05,79.98995212371186,80.10603929053242,79.12400393063334,79.76616807091374,300396
2015-08-10,STK_05,80.1555872561934,81.2912704221761,79.45579200828683,80.80640001216739,22260
2015-08-11,STK_05,79.96771911780553,80.73364987029309,77.56840998856605,79.82028719256405,233037
2015-08-12,STK_05,80.00721590273774,80.4358927742609,79.10900305533661,79.50592926877641,831283
2015-08-13,STK_05,76.86237138236778,77.61337711515404,75.75022630671435,77.24912929960371,320081
2015-08-14,STK_05,78.73994393226413,80.1839433208326,77.08408074026494,78.21784184398209,350438
2015-08-17,STK_05,76.91489729879477,77.23125649803245,76.05450664802056,76.47048972973009,13635
2015-08-18,STK_05,75.40897338602468,75.58930072190002,73.23848513903089,75.30910750470488,691469
2015-08-19,STK_05,77.21564837055729,77.8043469466964,75.87100939562,77.32517510828171,486544
2015-08-20,STK_05,76.01693575353347,77.6226889988511,75.85333380320712,76.79543391378174,293759
2015-08-21,STK_05,75.04059518519514,75.30275500219624,74.71472559897958,74.78173713313463,363941
2015-08-24,STK_05,73.67087085786913,76.44963237628077,72.94334798143112,74.04415112183128,302523
2015-08-25,STK_05,73.36184073681207,73.68038380664593,72.28878050862347,73.14037904557809,117062
2015-08-26,STK_05,72.84321699941276,73.1665169891424,72.18466160146407,72.94940921499014,519033
2015-08-27,STK_05,75.86855838767744,77.28558157423699,74.75581561455657,75.76300035455178,484161
2015-08-28,STK_05,79.78027089618652,79.95960943927939,78.79827113961667,79.87862650228838,344455
2015-08-31,STK_05,79.57711563710258,80.12856557755903,78.2329127664022,79.25432662208185,605854
2015-09-01,STK_05,79.41437467833151,79.55795724073563,78.28503326685438,78.73945807055041,767828
2015-09-02,STK_05,77.81049423821526,79.66822883677422,77.39606507539516,77.9786139844117,639415
2015-09-03,STK_05,77.05340594017171,78.01620253759539,76.55141383848823,76.81566262186404,343457
2015-09-04,STK_05,75.23360052947463,75.5856853335887,73.94337061632422,74.78981661232613,949558
2015-09-07,STK_05,73.22394492523526,74.0671328412398,72.96571326424575,73.26347468373639,897196
2015-09-08,STK_05,75.05012416232157,75.17402515410302,73.60562181683336,74.57261654313928,937964
2015-09-09,STK_05,72.10188331160295,72.76443124574003,70.91223460953664,71.5667513367943,842052
2015-09-10,STK_05,70.47293073755041,70.8070107954812,69.83178668419583,70.49492045114275,964165
2015-09-11,STK_05,67.85929603898138,68.27672799315759,67.73201576794057,68.17516125731044,485876
2015-09-14,STK_05,67.63081318013052,68.11033461467251,67.30737909430202,67.80919443507265,609682
2015-09-15,STK_05,67.590223080624,68.39825305380009,67.05338403850342,67.15553186981924,717484
2015-09-16,STK_05,66.41317956680035,66.56694318500547,66.3017019096776,66.55942435093102,391696
2015-09-17,STK_05,67.8455930055013,68.69985519333927,67.47590524119431,68.16836197985161,469566
2015-09-18,STK_05,64.58888385839788,64.86330697079285,64.50259101099728,64.6713306050678,115194
2015-09-21,STK_05,63.26205158496713,63.628825076157725,63.042188932037256,63.14619558696853,875721
2015-09-22,STK_05,63.26140329674932,63.85948445777658,62.59268180054629,63.066265422482644,308834
2015-09-23,STK_05,65.17920197506173,65.4931837905591,64.63002559319361,64.91788389532256,652084
2015-09-24,STK_05,63.68865016863933,64.51684329880906,63.63634081686329,63.81965834932783,601978
2015-09-25,STK_05,62.82647555032708,63.01103792547522,62.44793749217652,62.819861503020775,591696
2015-09-28,STK_05,62.77308172190629,63.12336761779177,62.09117901048815,62.8625547252224,574902
2015-09-29,STK_05,64.818028185379,65.22689987099731,63.63233995937737,64.98699785736639,467231
2015-09-30,STK_05,64.89811451729621,65.2504576150782,64.71746333005063,65.06209994191505,929689
2015-10-01,STK_05,65.6021343772738,66.47035229628543,65.42389684443799,65.87425349268104,472600
2015-10-02,STK_05,65.6329329012042,65.67327834020658,64.68738101162472,65.15313529822151,999127
2015-10-05,STK_05,66.2840786295825,66.33649621866813,65.36910680379799,65.89153128883702,529438
2015-10-06,STK_05,65.51502122114216,65.85697543194424,64.2550314746352,65.54224265298467,96262
2015-10-07,STK_05,65.98429465310019,66.25135859786705,65.32914736498465,65.66612870771783,986734
2015-10-08,STK_05,65.18449535243421,66.60624084096807,64.56206704260684,65.80990227126848,689705
2015-10-09,STK_05,66.81480084919427,67.73884906751816,66.1444600650838,67.09996920953695,249091
2015-10-12,STK_05,62.33728352919588,62.99381151432082,62.035445072162354,62.524777003018485,895620
2015-10-13,STK_05,62.38631672379746,63.9367794157367,61.34323599619067,62.589425588812176,90812
2015-10-14,STK_05,62.665067647046875,63.476677682888955,61.919091175719046,62.24268639308658,296357
2015-10-15,STK_05,65.04598813152779,65.42626776150291,64.49145048684656,64.91925000747916,932325
2015-10-16,STK_05,65.45189631755485,65.9176138355379,64.2850434475058,65.27966816961451,99340
2015-10-19,STK_05,65.21163798288987,66.17548562609278,64.80139426054699,64.97606842844168,954845
2015-10-20,STK_05,65.52306232064561,65.72560097087606,64.85305185730789,65.47975775131236,101525
2015-10-21,STK_05,62.88418569415271,63.70865917533615,62.33802867747085,63.531239178246494,685148
2015-10-22,STK_05,64.12316607173933,65.41043716948262,63.58909038441742,64.1557661620207,676047
2015-10-23,STK_05,63.8656425055863,64.7708115542732,63.79611768130917,64.60012739049093,235545
2015-10-26,STK_05,64.04074098262272,64.47217774629414,63.03101765401486,63.741930903118806,818176
2015-10-27,STK_05,61.59868374740428,61.96859327906017,60.33322752212198,61.39569076404959,249345
2015-10-28,STK_05,59.79613046724528,60.23854041947237,59.46533619597222,59.70773787797681,386892
2015-10-29,STK_05,58.86756970394962,59.180853760441956,58.48972003936506,58.60496563810817,727353
2015-10-30,STK_05,59.084832771064406,59.25346942798342,57.15234066691551,58.245369617152036,457279
2015-11-02,STK_05,57.414345086139726,57.976914437575246,56.67242561941329,56.808894135101696,333772
2015-11-03,STK_05,55.85631344821977,55.97018435316254,54.54194802295559,55.89347694140861,977901
2015-11-04,STK_05,56.718902771630475,57.227857317659065,56.28736557001315,56.52566386403761,160466
2015-11-05,STK_05,56.12206091608386,56.53342060014812,55.02145779856174,56.15652635743702,567108
2015-11-06,STK_05,55.16759884240519,56.03330583405732,53.28250290913268,54.78934108033196,30520
2015-11-09,STK_05,55.55943135757442,56.663724630135654,54.52238179634579,55.79549530728984,323375
2015-11-10,STK_05,55.62129871953981,55.790132852848735,54.91480563370372,55.41127966652352,252864
2015-11-11,STK_05,53.301347773439026,53.33508432836306,52.49323796084379,53.29802516654884,216117
2015-11-12,STK_05,52.18652264675729,53.11766980222689,52.008805873514596,52.466499558622075,948908
2015-11-13,STK_05,53.750607615340705,54.51707468667301,52.90719713495068,53.63715816347803,893704
2015-11-16,STK_05,53.113936888753436,54.595165858594314,52.70490174899228,53.04298481806434,710399
2015-11-17,STK_05,53.0288710818922,53.73699390431197,52.898847128008704,52.992321570928915,707019
2015-11-18,STK_05,53.25762880853101,53.79547380199837,52.992931133434766,53.23487500754466,974332
2015-11-19,STK_05,54.31184676922106,55.20046614506468,53.27455024819459,54.796188524096614,952923
2015-11-20,STK_05,56.09197585888312,56.226957839157485,55.95469000097233,56.05011592181446,766539
2015-11-23,STK_05,55.557750854342615,56.00536039538973,54.785394822497274,55.62392466520192,123374
2015-11-24,STK_05,56.181384521494465,56.42060190407792,55.75073470096104,55.9148084277488,886593
2015-11-25,STK_05,56.749766040618034,58.247446212957094,56.362906224854505,56.816212308061516,968042
2015-11-26,STK_05,57.843978269468074,58.09288938721027,57.10609524283027,58.02172116339357,461335
2015-11-27,STK_05,58.06051037489349,58.25638174430067,57.41519710902306,57.999677957190514,633980
2015-11-30,STK_05,58.3260246034056,59.74320828565438,57.91959299362168,58.564815994451536,800991
2015-12-01,STK_05,59.18400714228895,59.91008620099328,58.32640758719229,59.31855450354972,267488
2015-12-02,STK_05,60.25346428159347,60.95636511711068,59.2803208726646,60.15976669545918,820919
2015-12-03,STK_05,60.451188714440505,61.338349646088346,60.40569514295515,61.24860717131002,585701
2015-12-04,STK_05,58.986567814428085,59.9030593582337,58.653904933236745,59.47768667986558,255009
2015-12-07,STK_05,61.20347908185005,62.99755871723978,60.94156273909328,61.70770783804746,676939
2015-12-08,STK_05,63.589911889094,64.56103723479839,63.19195723483856,63.21005092801044,123401
2015-12-09,STK_05,64.77810954773317,65.5864282330313,64.14548746879935,64.67844323123316,745032
2015-12-10,STK_05,65.1040868663922,65.75549784470398,64.87875807344577,65.30526604621039,827366
2015-12-11,STK_05,63.91569150149616,64.20337613324178,63.01130383085333,63.925575770436865,74828
2015-12-14,STK_05,66.83801530338926,68.22363749589452,66.03056746141245,66.34042519400829,699781
2015-12-15,STK_05,64.76294872419936,65.04968900555386,64.09186008134061,64.55393679365973,423956
2015-12-16,STK_05,64.94632383002842,65.54987806613562,64.23640602852156,65.24591606172037,821888
2015-12-17,STK_05,67.27947103028077,67.55053532768987,66.35065050778024,66.74212982331395,135458
2015-12-18,STK_05,66.73536253718495,67.28162124792709,65.50957967144042,67.04336093853037,7094
2015-12-21,STK_05,65.39115925613196,66.5300644149742,65.13372038378948,66.00662349388078,139424
2015-12-22,STK_05,65.03299286012358,65.5814439963797,65.00305599151453,65.1109921031653,497582
2015-12-23,STK_05,64.23326301196336,64.7220776644464,63.894544838416145,64.31800140541834,1115
2015-12-24,STK_05,64.81613214205744,65.13448908661903,63.643696422415694,64.49740110567942,416346
2015-12-25,STK_05,64.56562834268432,65.08717483328711,63.36181033321975,64.19965825782556,295952
2015-12-28,STK_05,65.41700782800471,66.23013774375916,64.87595938207,65.80632819816941,21712
2015-12-29,STK_05,66.12538678013021,66.63061950946948,65.55011167960883,65.78047850726864,258966
2015-12-30,STK_05,66.3982523058788,66.76108817692848,65.8168955094559,66.53559450819543,664534
2015-12-31,STK_05,65.31831229346068,66.43268400981557,64.71479950408339,65.81292425903115,385295
2016-01-01,STK_05,63.849313546460415,64.31737408310366,63.623953555715595,63.72342657555443,585084
2016-01-04,STK_05,64.45006645497575,65.2207582911127,63.58105958702081,64.75309376261177,731634
2016-01-05,STK_05,64.69068069187679,64.98147500336455,64.31006150053537,64.90415755590061,144060
2016-01-06,STK_05,63.43312037744661,64.22742645457812,62.6305679974339,63.29664912123206,610149
2016-01-07,STK_05,64.20862106423009,64.79963733752687,64.03738961737407,64.04104887700049,263347
2016-01-08,STK_05,65.3574368892265,66.36468211189249,64.06208258888672,64.79700985161067,812803
2016-01-11,STK_05,67.44586229992413,67.68844742216638,66.37008748777025,67.40763018634392,726528
2016-01-12,STK_05,67.28981445251866,67.88778658695419,66.5448990606139,67.16044179753338,109304
2016-01-13,STK_05,65.97064990143691,66.48221041355183,65.80254577303252,66.32081924215616,439616
2016-01-14,STK_05,66.66738048625176,67.18661978861007,66.33871771511802,66.70031917258896,517592
2016-01-15,STK_05,66.74540751432129,66.92236441743519,66.59052080588955,66.69417005364878,438716
2016-01-18,STK_05,67.31892109017845,67.56605428967598,65.85195041409234,67.2647534232589,783073
2016-01-19,STK_05,63.324434840059475,64.37303898334709,62.2302673131323,64.00199366401914,704317
2016-01-20,STK_05,61.68232723975816,62.161192641655376,60.761249116859815,61.7549717443106,506693
2016-01-21,STK_05,63.09491814390011,63.869806338214964,61.70056555636133,62.71802036337089,232403
2016-01-22,STK_05,62.61151991680331,63.05434733037558,61.51180926287731,62.047285645147596,730802
2016-01-25,STK_05,61.82399389012023,62.258411734605275,61.150315495923394,62.127375939778865,868828
2016-01-26,STK_05,60.6498907100109,61.50187172385598,60.33273198239079,60.853667971608836,313206
2016-01-27,STK_05,60.97221992439908,61.31085414006456,60.56708728003776,60.86368562506552,627141
2016-01-28,STK_05,60.10076701614881,60.68367612424042,60.05771307270762,60.24344574876821,184415
2016-01-29,STK_05,62.87392743303339,63.59844262552828,62.467637095279734,62.92704264503687,318193
2016-02-01,STK_05,62.225959772395434,62.93278061813902,59.91666491939065,61.8566918595557,107640
2016-02-02,STK_05,61.17302979309584,61.44722657529036,59.99569738947042,61.09824937942101,997744
2016-02-03,STK_05,63.96428741361395,64.6404427416031,62.78076465560023,63.747910055036,564688
2016-02-04,STK_05,61.741311065465105,62.43500013063598,61.68091547278062,61.94466855220672,650266
2016-02-05,STK_05,62.8994116546788,63.51969726034411,62.38385166444382,62.81345959733289,507624
2016-02-08,STK_05,61.37726659818562,62.225468277645696,60.26220176257925,61.77678130909247,493295
2016-02-09,STK_05,60.47331333279277,60.98485615868953,59.854902795090766,60.64209992158853,92456
2016-02-10,STK_05,60.670557478701895,60.94554277433411,59.817070529766646,60.65248263268858,228521
2016-02-11,STK_05,61.775512761017566,62.31789416790501,61.410223576223146,62.13169327276781,368886
2016-02-12,STK_05,63.974669239926286,64.25265347661494,63.524809864224885,64.22326984653996,797444
2016-02-15,STK_05,64.69085555236566,65.32613298047258,64.20494918243841,65.017867553046,804377
2016-02-16,STK_05,66.70987566266959,67.16706347491791,65.99691059409909,66.50722177826624,539001
2016-02-17,STK_05,66.35280475182844,67.36427136810347,65.40378023979258,66.80332106152142,915401
2016-02-18,STK_05,67.16895617178264,67.90779621815396,67.13852313828906,67.52886778203295,782049
2016-02-19,STK_05,66.69309498755473,66.83697928917732,65.85764747425438,66.21631222106404,108149
2016-02-22,STK_05,66.19757628975897,67.25318594822735,65.43633042282094,66.56535367372109,617583
2016-02-23,STK_05,65.76155626329383,66.42207753958583,65.07035506202944,65.57523804548764,822839
2016-02-24,STK_05,65.35461756919997,65.78093657464986,64.67619548029238,65.22047378491061,90365
2016-02-25,STK_05,63.212747951013306,64.04048398631382,63.01206950076441,63.952786298057134,949361
2016-02-26,STK_05,64.91040890585705,65.8035115376786,63.42122067187097,65.45620076974765,902431
2016-02-29,STK_05,66.07144033068666,66.54135386532928,65.25414866795019,66.34922889733451,895910
2016-03-01,STK_05,63.43329742464915,64.18800776318574,62.13244683980175,64.02577300264451,264805
2016-03-02,STK_05,65.72948516986644,66.09995506390197,64.55080286024798,65.83598736471852,322101
2016-03-03,STK_05,64.82805689977677,66.42682294090785,63.70359957519972,65.11038957452614,867794
2016-03-04,STK_05,66.39451587759932,66.61795739364182,66.06133418273484,66.17312305024949,550315
2016-03-07,STK_05,64.42262102330547,64.90915881535042,64.39816140798212,64.66735302335776,864862
2016-03-08,STK_05,65.76165574238975,66.09942641781898,65.11610187514462,65.22448940653723,146547
2016-03-09,STK_05,66.75715086776248,67.1751822587618,65.57356434850016,66.33751952746303,788627
2016-03-10,STK_05,66.7646044327231,67.340965016591,65.5441562636084,67.01262055464223,481513
2016-03-11,STK_05,66.30593532746714,66.6480965333565,64.80292659282442,66.31845554367641,883107
2016-03-14,STK_05,65.8364610909479,67.45983263438033,65.26865368600015,65.86208287655498,102168
2016-03-15,STK_05,65.38687438533744,66.04262803494288,63.894987562258336,65.12968725561433,311539
2016-03-16,STK_05,63.59356986656197,64.07992222760639,63.03308177157463,63.27473775478278,534817
2016-03-17,STK_05,62.42550176027822,63.84559536095043,62.247757620807626,62.75736417839482,737521
2016-03-18,STK_05,64.16534887711681,65.14450375909362,63.85415481813934,64.20587416268965,890386
2016-03-21,STK_05,62.00668209329268,62.03690711698574,61.99399637633843,62.00224457003792,20616
2016-03-22,STK_05,63.57088969103514,63.73436699219985,63.343762161527444,63.63126015175458,162837
2016-03-23,STK_05,65.14895803110242,65.70455574398898,64.28000903140287,64.61793269682543,747763
2016-03-24,STK_05,65.87271694413865,66.80628662384164,65.42564360770896,65.86695083066395,464744
2016-03-25,STK_05,65.16071750297196,66.29934490141126,64.6807475316727,65.3535617257932,351162
2016-03-28,STK_05,64.84149323386296,65.48134063554213,64.70188211076976,64.88560267796832,350403
2016-03-29,STK_05,63.47174125114768,63.94595766068773,63.18780995351525,63.28458290241889,290641
2016-03-30,STK_05,64.49750568305633,64.73366567096878,64.33850113239116,64.4693193692514,391081
2016-03-31,STK_05,64.35669593915823,65.18641496580206,63.945936109656685,64.84230993171083,477303
2016-04-01,STK_05,65.97023688056724,67.34539547665683,65.69555975867891,65.73974506656869,631324
2016-04-04,STK_05,65.16489176997914,65.85133775968966,63.32062850466115,64.5574849247055,378946
2016-04-05,STK_05,63.038852035839085,64.05235279186476,62.693260416593056,63.13657768850333,869655
2016-04-06,STK_05,62.87567546298928,63.02202732483269,62.83999241206059,62.89829566476043,999635
2016-04-07,STK_05,61.408624083988485,62.07252856971332,61.349306569631054,61.53245169709265,447960
2016-04-08,STK_05,62.34893626598225,62.690855739985864,61.451419112237204,61.99704598520467,311991
2016-04-11,STK_05,61.124798036983044,62.388663995061215,59.959603829851474,60.87754761834299,4799
2016-04-12,STK_05,58.944128193159145,59.39420489947855,58.81876334286693,59.20786260092681,173897
2016-04-13,STK_05,59.43622822830153,60.110785063535594,58.79752007723711,59.99088519448619,431184
2016-04-14,STK_05,57.52990147997224,58.15113429966579,57.17951244156219,57.69089625971742,744336
2016-04-15,STK_05,56.644406542985216,57.07236734071162,56.27597854801812,56.80910226249259,281433
2016-04-18,STK_05,55.53431549734719,55.616098650738664,54.97669917919158,55.33633473409322,826341
2016-04-19,STK_05,55.117926328228776,55.621138823692554,54.59669058867311,55.3012223578665,519360
2016-04-20,STK_05,55.38353020471416,56.28199534505215,55.20166784233853,55.36052773693611,629181
2016-04-21,STK_05,57.66685770933237,57.8780806705921,57.56994015042531,57.59028605319131,712483
2016-04-22,STK_05,58.59298767102428,58.76929658822396,57.8289908318188,58.71825946061602,818915
2016-04-25,STK_05,60.35106065298368,61.12212297371971,60.17284911452794,60.485194550383284,173003
2016-04-26,STK_05,62.19726099959755,62.32782650021407,61.27751294333017,62.290811083419435,654116
2016-04-27,STK_05,63.051433845322485,63.79227475997905,62.82770665194358,63.171877904490664,32113
2016-04-28,STK_05,63.22121859592036,63.58818834996988,62.70511177353036,62.91018294369819,72527
2016-04-29,STK_05,62.4478260679495,63.233495919847364,61.6880905798953,62.88969882624007,996458
2016-05-02,STK_05,60.21357016787496,60.725719153221625,59.59483803171738,60.3027200410762,787514
2016-05-03,STK_05,61.09223685398825,61.515556182911695,60.94011149350027,61.05247330215543,179332
2016-05-04,STK_05,59.93319415304084,60.62133211535269,59.52719214859884,59.89187024566559,306809
2016-05-05,STK_05,61.877856600234814,62.16338064024383,61.00693196313702,62.13028070435828,848009
2016-05-06,STK_05,63.33677704215047,63.84454425705429,62.20445626564481,62.6915979560955,653211
2016-05-09,STK_05,63.81223073476866,64.64181964929409,63.64176063016377,64.11112575468462,349584
2016-05-10,STK_05,63.58020925956443,63.685217959394556,62.630196591464156,63.54363412914818,980104
2016-05-11,STK_05,65.57360930135353,66.32711124788813,64.83288399000035,65.26153867877382,131949
2016-05-12,STK_05,67.16048803444437,67.58689682656917,66.97465511167914,67.31447853406738,179857
2016-05-13,STK_05,66.78601629209007,66.88947934789921,66.44951424205388,66.74074940944173,977489
2016-05-16,STK_05,65.31190444760765,66.11271494674652,65.04360907425156,65.38325961367777,382042
2016-05-17,STK_05,65.81965398148583,66.33745194472432,65.43700668187272,66.03808348834444,160744
2016-05-18,STK_05,64.88832194529948,65.64267054505694,64.217772547953,64.77111761795199,979977
2016-05-19,STK_05,66.24428521997984,67.10311301127022,66.00028470562756,66.11251387030963,319908
2016-05-20,STK_05,64.62510636511566,65.94926542260151,64.51243091977396,64.93353757318266,998570
2016-05-23,STK_05,66.42971358365637,66.52432863242987,65.68759960564792,65.96814827655729,273629
2016-05-24,STK_05,66.94313811245624,67.53983842263895,65.62135380943347,66.11033142814141,131807
2016-05-25,STK_05,68.94168729344541,69.14359203134649,67.8683126662068,68.85318566994398,287614
2016-05-26,STK_05,67.37158541964672,68.01115036988206,67.3416145111227,67.54539343164093,43783
2016-05-27,STK_05,66.63485984916211,67.65273108605516,66.11442332111379,66.84899564509018,432316
2016-05-30,STK_05,66.94163258798959,67.62156545726977,66.70123466298585,67.05475387519229,967820
2016-05-31,STK_05,67.70653369637404,68.29004033802876,67.16530681600925,68.03609882033993,580497
2016-06-01,STK_05,68.0649284180023,68.65430466716302,67.50752112244722,68.31675020563445,797875
2016-06-02,STK_05,65.71843217976695,66.11225342289046,64.67595857597601,65.44717784753863,638969
2016-06-03,STK_05,66.8748375974741,68.37798981495888,66.1081709577961,66.33606392675752,312475
2016-06-06,STK_05,66.75262862429575,67.22493219509398,66.43169607005362,66.94742152030135,933229
2016-06-07,STK_05,68.53666289755506,68.7412074581096,67.82871841828049,68.64348672719748,888976
2016-06-08,STK_05,67.95386366483251,69.45237094243608,67.82756900790903,68.5327182559618,821958
2016-06-09,STK_05,69.13916785782683,69.61668247829269,68.17653788600474,68.79000329338687,266851
2016-06-10,STK_05,70.32104420914143,70.39241514177282,70.21614762835584,70.3889880252844,984108
2016-06-13,STK_05,68.44521016961082,68.63784273919121,67.15802543296687,68.26122425320389,879199
2016-06-14,STK_05,68.73075867669397,69.79476313519295,68.16798372513824,68.82069086664794,17888
2016-06-15,STK_05,72.1627923689062,73.41353829998003,72.11963932154634,72.20393525135023,644379
2016-06-16,STK_05,75.25511677582148,76.33098757264958,74.67756249865373,75.03493618966849,419308
2016-06-17,STK_05,76.88136657306062,76.8948010770685,74.83072617590722,76.78754354775329,263986
2016-06-20,STK_05,76.08526447600529,76.42821669628002,75.06418245907227,76.26245134408545,506220
2016-06-21,STK_05,77.28281145330796,78.30316858342238,76.6525384552826,76.8368262558029,811398
2016-06-22,STK_05,77.11168663866545,79.40101015033508,76.0928275710694,78.1926845352096,873081
2016-06-23,STK_05,77.49453153972149,77.94866814652833,76.73700982106767,77.64745467681023,741979
2016-06-24,STK_05,75.59084466415491,76.53507713937415,74.96017736155275,76.09578445373273,564591
2016-06-27,STK_05,74.5706827196547,75.30964571456678,73.87196791351822,74.55449694146797,739737
2016-06-28,STK_05,76.54132038756967,77.81652973902244,76.0365254659908,76.49507240950375,997147
2016-06-29,STK_05,77.21201090394058,77.49308987743538,76.22216834816194,77.44904784522318,740767
2016-06-30,STK_05,78.8816121855149,80.2663823079518,78.76509358848433,79.10971434629283,430251
2016-07-01,STK_05,78.58131936800999,79.57678965451484,77.6445761407421,78.3198026032313,723751
2016-07-04,STK_05,76.83669718941407,76.88006832906714,76.28013108205417,76.50363450658891,883239
2016-07-05,STK_05,75.54122116493997,76.17361557284096,74.3906828809796,74.66911999147686,978306
2016-07-06,STK_05,74.76638180092739,76.77110321203929,73.54732286250044,74.01444139439458,948590
2016-07-07,STK_05,73.56386305105681,76.09187673229737,71.84663586188066,73.90693327330222,522000
2016-07-08,STK_05,73.2854109805735,74.3650328185908,72.99714736398778,73.4933744700571,567605
2016-07-11,STK_05,73.40290970772449,73.47714883699459,72.28562716436818,73.30438744770346,662339
2016-07-12,STK_05,72.64036364080181,73.18071958967174,71.71290344167403,72.09623186341989,229112
2016-07-13,STK_05,71.88534400972603,73.15744412108442,71.83614030633181,72.14068344789004,931167
2016-07-14,STK_05,73.55587169332475,74.1154533591053,72.94361587586185,73.17874110160525,24924
2016-07-15,STK_05,73.25630092946145,73.37486189193983,73.06466591477468,73.077059948586,602772
2016-07-18,STK_05,72.75825512884599,73.8814595735964,72.04381027689044,72.81222606056524,934722
2016-07-19,STK_05,73.93989533894465,74.92997747929245,73.64112098695071,74.0552547809926,881480
2016-07-20,STK_05,73.35237547886177,74.00543306806344,72.8935406529651,73.03115112417906,291461
2016-07-21,STK_05,72.30193676313431,73.72136773539829,72.03170484453221,72.26816154339534,332484
2016-07-22,STK_05,70.46494586919815,71.09548390865638,69.27040798486856,69.9034504301045,581882
2016-07-25,STK_05,68.61577985235567,69.07659983853254,67.90802870636094,68.37297927801635,741709
2016-07-26,STK_05,69.89127857125078,70.23554767584908,69.78040034979522,69.94233638028864,605594
2016-07-27,STK_05,70.45083497690074,70.6612589529726,68.7216338301958,69.78533944324019,23911
2016-07-28,STK_05,71.69203727549728,72.20504741904648,71.60005905961057,71.6777793014886,499310
2016-07-29,STK_05,69.94113531605319,70.48676325245198,69.72358381565974,69.82352234166281,680551
2016-08-01,STK_05,68.88290843711262,69.35118742614647,67.82949427288209,68.72140017469958,159850
2016-08-02,STK_05,69.82026496272832,70.42390427511504,69.55784442058643,70.10041592325399,322463
2016-08-03,STK_05,69.78318836562165,70.27639379159125,68.40104521094389,69.11486142854784,614990
2016-08-04,STK_05,68.69106031800597,70.28747184137225,68.21438788831647,68.31971854720275,37007
2016-08-05,STK_05,67.67018748482616,68.59669010788296,67.18196725496733,67.97214294147899,638516
2016-08-08,STK_05,68.61440481626106,69.86841629003541,68.36592217712932,68.85988096329609,237130
2016-08-09,STK_05,71.03702368028047,71.49270420211089,70.33399963614033,71.45554934004154,144708
2016-08-10,STK_05,70.86315400798652,71.68312462795417,69.77497886196142,70.23190787755318,869410
2016-08-11,STK_05,70.97636393171473,71.25063902546091,70.3466515706392,70.86424655583609,148322
2016-08-12,STK_05,68.81977918327296,70.23075763774409,67.94951191234536,69.29070141184303,177979
2016-08-15,STK_05,70.05467478210919,70.29305570919001,69.2236750514234,70.23397990687506,400317
2016-08-16,STK_05,69.54090489650248,70.38975922845971,68.67895153625612,69.21815913504572,58815
2016-08-17,STK_05,68.08460502625454,68.44449703932989,67.77218228231402,68.26659248680532,231395
2016-08-18,STK_05,67.25559295252381,68.28901999564283,66.70646164347771,67.14059984419812,430397
2016-08-19,STK_05,64.02043454390956,64.38135741999403,63.56924490444203,64.02147976891838,319162
2016-08-22,STK_05,63.91907473631689,65.10280657342466,62.57387377370204,64.85652760489728,570189
2016-08-23,STK_05,65.73316200145216,66.80587647818844,65.40632322274871,65.8085048034191,462967
2016-08-24,STK_05,65.6427851694199,66.81085375743848,65.24935904283885,65.95561175055424,286050
2016-08-25,STK_05,65.76981726322046,66.52813704325636,65.70458410813707,66.3128956618305,785344
2016-08-26,STK_05,65.24935294195707,65.51204516099432,64.95317656142731,65.27530753747804,529111
2016-08-29,STK_05,65.6668175517806,66.14302441877837,64.63313553156297,65.67679883543431,439741
2016-08-30,STK_05,63.9125456749378,64.01553634953214,63.55473653100264,63.80365673367155,662304
2016-08-31,STK_05,63.01589506331452,64.59614034914173,61.550192089029515,63.32292094187395,524437
2016-09-01,STK_05,63.44700355865994,64.04007155206025,63.11864233559561,63.695210589336135,245170
2016-09-02,STK_05,64.9558513619329,65.47869349885192,64.3528624449079,65.4770220347236,7996
2016-09-05,STK_05,67.7463685887344,68.58018707081408,66.5863454282944,67.9090487530772,162349
2016-09-06,STK_05,67.02221664313738,67.61619896689342,66.94166165172709,67.17955260574634,387587
2016-09-07,STK_05,65.93712267718148,66.1511337828478,65.73269996867532,66.09323161339634,516650
2016-09-08,STK_05,66.6115178550373,66.66870878954808,65.81435151279348,65.84192542969646,826112
2016-09-09,STK_05,67.3893258913119,67.56717730135087,66.08310552658916,67.09772542006762,494639
2016-09-12,STK_05,68.55796969044778,69.25204052193497,67.42721907583831,67.89584058188228,212059
2016-09-13,STK_05,64.97952409547018,65.36778855808011,64.61479090583047,65.10523844270965,491059
2016-09-14,STK_05,65.7439856225939,65.89925618746891,65.11332225098741,65.36550401204984,415479
2016-09-15,STK_05,67.49526696574104,67.80897390700731,67.29059910544166,67.76479775496077,673743
2016-09-16,STK_05,69.1881162423561,69.79339490098116,67.37233908638736,68.36676688306443,257005
2016-09-19,STK_05,67.61258985866948,67.65015597908263,66.87754322818762,67.459284458888,375148
2016-09-20,STK_05,69.35646075786546,70.64088858601261,68.42625891671192,68.64372299677392,11610
2016-09-21,STK_05,66.63813744066941,67.98702182683476,65.82167864944564,66.35330794111466,790175
2016-09-22,STK_05,65.36557977975588,66.94575577228329,64.84226322286267,66.42052774286319,61359
2016-09-23,STK_05,67.45639442938052,68.01114879055662,66.15149795228575,66.98540910782387,181889
2016-09-26,STK_05,67.82341163877226,67.9770499213827,67.56531002676927,67.68261955193817,358377
2016-09-27,STK_05,67.33513376172867,68.08961769490402,66.68883931827783,67.74048412401474,541178
2016-09-28,STK_05,64.16860399172016,64.95328582248082,63.729586274813514,64.44997914113044,536717
2016-09-29,STK_05,65.38200322608523,66.05219141466871,65.27200323768409,65.69811069585454,936952
2016-09-30,STK_05,68.08419762504425,68.3919664378699,67.54789767518866,67.88637212974308,19748
2016-10-03,STK_05,67.26039471687554,68.2704598126999,65.98566052642596,66.91175653738357,567811
2016-10-04,STK_05,66.07040783044145,66.51682667468084,65.32562869041158,65.83215724027896,721106
2016-10-05,STK_05,68.47321707590298,70.0465798624214,67.69654295924813,68.38634467290478,374839
2016-10-06,STK_05,69.0604934939819,69.46785595694215,68.94614920382139,69.06087163542892,140407
2016-10-07,STK_05,69.62948242600795,70.23097092490687,68.90718678904173,69.80170829132798,781268
2016-10-10,STK_05,68.92383602011422,69.27466553236424,67.90612200249208,68.18029970057236,211008
2016-10-11,STK_05,68.76463956593255,69.18977995744821,67.73579446980891,68.77005359311084,947314
2016-10-12,STK_05,69.0107072309689,70.02059096316648,68.59697017248288,69.4590447754701,830989
2016-10-13,STK_05,70.55476575896981,70.57065958757902,70.06180737508153,70.56983777502049,257539
2016-10-14,STK_05,71.35038061479494,71.47190258396898,69.08686356107417,70.24389569305602,592911
2016-10-17,STK_05,72.08444022905056,72.22454029867767,70.77124223495045,71.68380308013218,184109
2016-10-18,STK_05,73.10124570229317,73.29476700220886,71.85565883310277,73.08007444958635,544315
2016-10-19,STK_05,72.14511326142214,73.71272714725261,71.53311562091838,71.54661495101666,864685
2016-10-20,STK_05,71.68237724832917,72.73485286875048,70.31907708803755,70.86141930031883,238749
2016-10-21,STK_05,69.89903367264758,71.08684402385697,68.97244433891633,70.04715697368223,124109
2016-10-24,STK_05,73.10612915492588,73.39290014846036,72.33970577949606,72.79644396863512,803531
2016-10-25,STK_05,74.51234689729813,75.04123922988205,74.27076860916198,74.93763097419611,722485
2016-10-26,STK_05,74.96748674280275,75.07648884465026,73.53709589105716,75.07125374172412,39501
2016-10-27,STK_05,79.15447440719116,80.55503099130217,78.49952588413872,79.63306730802957,703981
2016-10-28,STK_05,78.78640962900599,79.24698674235998,77.61538230509434,78.69297595317322,693862
2016-10-31,STK_05,76.06144592460238,77.2951348912274,75.53846009633081,77.04853461416778,636027
2016-11-01,STK_05,78.78175183686541,80.03328486854643,77.95575764610196,78.29540225957658,155915
2016-11-02,STK_05,79.11963975405145,80.59100127962762,78.21720846081661,79.88180654501987,111524
2016-11-03,STK_05,78.86088441019943,80.07824384559977,77.60306129206738,78.74471859697901,978401
2016-11-04,STK_05,79.71488188269436,81.01079297995106,79.52038532611063,80.00955249067039,319491
2016-11-07,STK_05,81.06648821689774,81.76909119160848,78.98775432948592,80.24162336188697,847230
2016-11-08,STK_05,80.41196046428865,82.01202001189137,78.36520451192924,81.07676807113933,180961
2016-11-09,STK_05,80.86488750866069,82.08675015256394,80.52094864807724,81.7549508820949,603170
2016-11-10,STK_05,82.34825558086439,83.19417085190187,81.09861974657765,82.0424197512173,703699
2016-11-11,STK_05,79.83254653680449,80.2555133779776,79.43057803972356,79.58672789066965,608458
2016-11-14,STK_05,81.16774209205606,82.95386292673359,80.47572905709832,80.8084208084948,428014
2016-11-15,STK_05,81.65258307733355,82.4082673459061,81.15070739701325,81.4112279825849,385404
2016-11-16,STK_05,83.70539774330085,84.37429189252911,83.31359914862199,83.92567774577022,504631
2016-11-17,STK_05,85.08487464259956,85.4570020368135,84.87564334362365,85.17952911533125,923188
2016-11-18,STK_05,82.4484608677011,83.27518491577321,80.92597935257152,82.77976450119642,978782
2016-11-21,STK_05,85.09102765639992,86.72052748170148,85.03558997759279,85.42810769720116,912824
2016-11-22,STK_05,88.09627139576632,88.91142021013628,85.2622846780329,87.72923245812092,420355
2016-11-23,STK_05,87.7615431938521,88.75527251251208,86.69148111323902,88.56815439132842,812543
2016-11-24,STK_05,86.44014713808193,87.21452451868977,84.66780022265942,86.47096788907727,464770
2016-11-25,STK_05,84.22427920941611,85.9197067939569,84.03495162745749,85.33559609054821,358988
2016-11-28,STK_05,85.5071287751398,87.0644788375954,85.27331086352238,85.32756073930886,606641
2016-11-29,STK_05,83.32238569610178,83.6641936902874,81.67580983731548,83.44498782976152,960046
2016-11-30,STK_05,83.49731722677933,83.65876514211492,81.76952367643416,83.31359338625131,907656
2016-12-01,STK_05,86.18565004874127,87.05986713373669,86.04152996774566,86.22124687914273,679256
2016-12-02,STK_05,83.7527551749797,84.32459667500734,83.36192230865773,83.92718236488786,490507
2016-12-05,STK_05,82.41697409988534,83.52814112481997,81.56290741000812,82.22718860109862,83335
2016-12-06,STK_05,83.63659186228185,85.25733280047767,83.03172763547218,83.30958274957601,722315
2016-12-07,STK_05,84.09275165808856,84.20688753153327,83.39333157959463,83.8279973952076,622014
2016-12-08,STK_05,82.14838193423007,82.44801912476713,80.85408183457139,81.71082863965955,272613
2016-12-09,STK_05,79.98723895795662,80.24298784828554,79.65639072085078,79.76249730341667,506858
2016-12-12,STK_05,78.73408857115636,79.1483414298816,78.11576962837606,79.11950094180243,810891
2016-12-13,STK_05,79.14786955495339,79.53589830547897,77.97209847950492,78.93424523778938,890881
2016-12-14,STK_05,77.9427997793277,79.88838303551103,77.10096267033276,78.5050222384075,137271
2016-12-15,STK_05,77.32910124729338,78.18323111224998,76.41569791216062,76.9449232390027,373050
2016-12-16,STK_05,76.1451947861375,76.58701986977404,74.22391277255552,75.32892813115738,759717
2016-12-19,STK_05,72.78295926085008,73.55501336748719,72.49722045559884,72.694330043579,29204
2016-12-20,STK_05,71.89254013459292,73.53995207272075,71.52192946857195,72.25024003193373,101098
2016-12-21,STK_05,73.46535426691419,74.13701835622241,73.29675295881636,73.62151239206013,10415
2016-12-22,STK_05,75.02802045181136,75.30624256166395,74.33463104378893,74.75370911185564,285624
2016-12-23,STK_05,72.98011274848066,73.25932418023234,72.31098649419557,73.21024179616974,563902
2016-12-26,STK_05,75.73548620127495,76.18774419140577,75.6818962642891,75.8773992712352,725405
2016-12-27,STK_05,75.2696704367547,75.72405051179211,74.33745334646704,75.013395178241,583930
2016-12-28,STK_05,75.44295642681269,75.50838758227006,74.7368771772714,74.73941506272263,142883
2016-12-29,STK_05,73.4647467579441,74.45567944289441,72.73092972224177,72.94042395770688,800930
2016-12-30,STK_05,73.66369127212567,75.35464155262395,72.53613984284313,73.67038024905528,209165
2014-01-01,STK_06,98.49336472850395,99.6857680105464,98.31129053431916,99.27400897474665,719552
2014-01-02,STK_06,97.40241221502988,98.79279814584422,96.35921186319675,97.97203230083119,819832
2014-01-03,STK_06,99.22231124238391,100.28748019238333,98.9449158234719,98.95055474229777,465666
2014-01-06,STK_06,97.65300435511686,98.2599021974491,94.939796630541,97.6340205929631,976325
2014-01-07,STK_06,97.67133891576916,98.17705611917702,96.90713524821157,97.19468743983091,26960
2014-01-08,STK_06,98.49057161843899,100.05134735953474,96.90761082018315,97.87991028191442,370796
2014-01-09,STK_06,100.16372020924321,100.34323312541227,96.82250423496546,99.08320399977983,527587
2014-01-10,STK_06,96.63292068700166,97.23491711004547,95.43479626376758,96.75066813743477,540747
2014-01-13,STK_06,97.80611282019342,99.3852856556467,97.25853561546327,98.87647234034335,538386
2014-01-14,STK_06,97.0439556732195,97.30817394467788,96.42042096153392,97.06207088868607,788736
2014-01-15,STK_06,98.8098305306128,100.04317535175927,98.203447525279,99.36315572500844,92570
2014-01-16,STK_06,96.97326312702324,97.55115621650998,95.3875777372384,97.31602582236845,521554
2014-01-17,STK_06,96.16072326834178,97.54126487640222,94.39596328943851,95.28147547339269,969915
2014-01-20,STK_06,95.2405965470207,96.3103980553536,94.87139960969702,95.51201515024069,118347
2014-01-21,STK_06,95.75495375632305,96.92283117805204,94.859988037363,95.28531874881897,516561
2014-01-22,STK_06,97.22048693025478,97.99193610558852,95.37269005173296,97.6796632752691,36402
2014-01-23,STK_06,98.55791196544516,100.74679012243516,97.6076205993898,99.02931509647851,187511
2014-01-24,STK_06,101.01208211043392,101.24531229127409,98.48887891049021,100.23370058436596,769160
2014-01-27,STK_06,102.36092358274325,104.03087437407872,100.39744625588582,101.58456802975725,579480
2014-01-28,STK_06,101.3608475497136,103.68132857014608,98.35709896525354,101.77995480766894,540993
2014-01-29,STK_06,104.38407134762858,104.66458786468816,102.34253924962144,103.82469041831256,659140
2014-01-30,STK_06,102.92954358892099,103.67551332720124,102.56780794161668,102.90599993920424,996098
2014-01-31,STK_06,102.60267520384144,103.91488833433078,101.82706823881249,103.00540564026751,705102
2014-02-03,STK_06,104.3211566957275,105.49620066760565,102.97731913834066,104.0460258632015,234348
2014-02-04,STK_06,106.16511467488922,107.77834454000318,105.61954004621894,105.86124460518194,891463
2014-02-05,STK_06,106.71865271831602,108.66787913317994,105.71088465944518,106.2431273694565,424386
2014-02-06,STK_06,105.8159821280594,106.98009764514538,105.32616892957496,105.90029338071415,589172
2014-02-07,STK_06,103.58664326048017,104.25885094569392,102.15278448517647,103.98494086644655,540887
2014-02-10,STK_06,102.72325970574985,104.11487631253489,101.29713917976298,102.60715397997927,50406
2014-02-11,STK_06,105.48297338665749,105.49574779137055,105.19325639196545,105.46363533500029,88897
2014-02-12,STK_06,104.10428507135568,105.0355494829105,103.52968654245916,104.28504748036273,529706
2014-02-13,STK_06,105.58087186088552,106.56589572850415,104.47735111931436,104.80016749457059,822358
2014-02-14,STK_06,105.04349917374171,106.7871605760174,104.75803499597241,105.86935690219065,155418
2014-02-17,STK_06,103.05398737244936,105.11259765095983,101.69756640947806,102.80794692124962,110514
2014-02-18,STK_06,102.30000600032095,104.68128458198244,100.90801824042714,103.12594771459243,916498
2014-02-19,STK_06,97.99153907238231,98.98464645463443,96.03483943178679,98.25084154418866,134347
2014-02-20,STK_06,99.66234798171845,100.08861298095069,97.75243156401959,99.23037434774247,797794
2014-02-21,STK_06,101.35356831226288,102.21256751820681,100.22794551955458,100.59510003817117,825379
2014-02-24,STK_06,99.51196990982766,100.71943798509604,98.8920378921363,98.99609906819515,460666
2014-02-25,STK_06,98.00869432079081,98.9663022826403,97.36245090888227,97.85270410273999,902917
2014-02-26,STK_06,99.249582198851,100.1763071867373,99.21184887075312,99.24362362314253,164931
2014-02-27,STK_06,99.6039550709988,101.14457958979673,99.2943010957459,100.524973146402,186397
2014-02-28,STK_06,98.99608893925854,99.31330149564455,98.03974030896451,99.05592626729253,189785
2014-03-03,STK_06,103.8341860702845,104.6293998259654,101.42490231567268,103.13925718731427,853545
2014-03-04,STK_06,99.13437177333385,99.70703120094352,97.86128990700698,99.22729630223797,44995
2014-03-05,STK_06,98.56996740691241,98.62984861473358,96.3486009141307,98.07097600646173,525891
2014-03-06,STK_06,98.61722272101198,99.24898818666988,97.74756033719258,98.78026171042039,597016
2014-03-07,STK_06,100.26890566743432,101.99723109120075,99.8602547917852,100.94495115305939,439857
2014-03-10,STK_06,103.27364238876058,103.67780869879859,101.58486310464971,102.8335332086728,813918
2014-03-11,STK_06,101.23058475069978,103.134863461202,100.12849089038177,100.60156554391371,622458
2014-03-12,STK_06,99.45409688359,99.52821046009257,98.43654085410537,99.40214405431935,175280
2014-03-13,STK_06,99.44267193953198,99.77017016539871,99.23072638541841,99.36472124152692,768099
2014-03-14,STK_06,99.45335067695453,100.69280338515208,98.578182095617,100.05077972346831,520059
2014-03-17,STK_06,98.15020546788402,98.33074432513422,96.16589024735863,97.37341382048116,411367
2014-03-18,STK_06,102.4563307807066,103.93413567373103,100.49541715748693,101.84357758703668,439224
2014-03-19,STK_06,100.12148460743566,101.22453987295651,99.32907563444769,100.76874649221588,911169
2014-03-20,STK_06,101.14052732101305,102.4749773084793,100.60690402819964,101.52262756896134,359798
2014-03-21,STK_06,102.87827484611594,104.18220878206746,101.52454795523334,103.43380464851076,698772
2014-03-24,STK_06,103.006231877302,105.66777562079272,102.41618559528203,104.18644999226545,450885
2014-03-25,STK_06,106.92060480219948,108.67010703883578,106.86553288727924,107.08922695664461,953587
2014-03-26,STK_06,111.11382909656014,111.65089193828656,109.41338831926716,110.72813431050993,662117
2014-03-27,STK_06,109.36984043477382,110.88778861616115,107.94679589593383,109.35736785901943,329246
2014-03-28,STK_06,113.52751341872909,114.38952252860378,112.88839511151025,113.0821194211443,750029
2014-03-31,STK_06,109.7541641269338,110.50581916389872,107.8998515708257,109.24418031620189,505604
2014-04-01,STK_06,109.31294689349315,109.55503405743328,106.90584816035333,109.14256039866207,542876
2014-04-02,STK_06,109.21490520739758,110.7291625536753,108.64214088711272,109.56710000185205,978447
2014-04-03,STK_06,109.96774116401346,111.08641396421021,108.40189263644663,110.44083742374886,779669
2014-04-04,STK_06,107.65628713179441,108.78184174749639,104.7906198599598,108.04924267225823,652873
2014-04-07,STK_06,108.79563212671462,110.99424999468934,106.14689858815775,107.6102180563574,193309
2014-04-08,STK_06,105.40366083103653,106.27439524749403,104.95600609863394,105.11453166831028,47470
2014-04-09,STK_06,102.98186597040299,104.90705144854967,102.91919115132588,103.3534163112063,446931
2014-04-10,STK_06,104.75721344950057,105.93647954286084,103.93479856161316,105.04839643452296,209185
2014-04-11,STK_06,105.53125560630383,106.27225171539922,103.58835391091604,105.11902711205066,225973
2014-04-14,STK_06,104.34865979151192,105.10597934269644,103.4825681925208,104.21733320017269,27731
2014-04-15,STK_06,101.70866166893929,102.23628681840628,101.13320508760722,101.31323568216233,301565
2014-04-16,STK_06,99.4679268088374,99.7029106451389,98.12055038839644,98.94285563244286,58502
2014-04-17,STK_06,97.23452269505744,97.69451047454857,96.18558608515316,97.20476823776757,794578
2014-04-18,STK_06,99.54071352289621,100.24806413692075,99.46783228618933,99.49167767210987,511698
2014-04-21,STK_06,99.65846633823506,100.29250146779901,99.03870999482353,100.07940571406056,490267
2014-04-22,STK_06,98.33419253598166,99.36772709529592,97.2300665114884,97.49879552041698,932390
2014-04-23,STK_06,95.00091506368705,95.85152009218058,93.55833695684831,94.46074869013059,813278
2014-04-24,STK_06,93.98808860544021,95.64247934512296,92.57967042148107,93.6885870624972,343441
2014-04-25,STK_06,92.79226278936154,93.43126094404809,92.5843537636295,92.86625795522838,792362
2014-04-28,STK_06,94.6840938391301,96.12526469623458,91.28868725191947,94.44859202318393,485263
2014-04-29,STK_06,92.37892230370991,94.44601076531698,91.85883617951504,93.31856702689026,296784
2014-04-30,STK_06,93.39666401878203,95.09943964288674,91.9689675245119,93.19310687797545,718034
2014-05-01,STK_06,93.27804781546213,94.949090516321,92.02960911992334,93.21198701405852,508547
2014-05-02,STK_06,91.35023120928984,93.31045399319983,90.91054130765704,91.75856401174943,114364
2014-05-05,STK_06,93.74980797377783,94.89058617705794,92.55434574546025,93.81757972148029,254280
2014-05-06,STK_06,91.58656402907707,92.3704536309091,90.4292592433322,92.04768739974587,690846
2014-05-07,STK_06,91.35985514068041,92.58434894435595,89.79644071928247,91.73604920708371,176164
2014-05-08,STK_06,93.79910908025164,94.85240817297361,93.00111703778921,93.9354736507856,325770
2014-05-09,STK_06,96.01087977815524,96.52742346049173,94.66442317709934,96.41696816657496,851186
2014-05-12,STK_06,95.5353460360733,97.52854904147276,95.2193177627346,95.31500270822497,230179
2014-05-13,STK_06,91.61448854371044,92.34514315072609,91.04381106168364,91.27118249801406,304710
2014-05-14,STK_06,89.23596692903241,90.05523244536685,88.2688303107532,88.96461181885752,632621
2014-05-15,STK_06,91.40208680361425,91.42931102173607,89.99077312816145,90.96132223582498,906548
2014-05-16,STK_06,90.08201935433443,91.39698525533706,89.23588946967675,89.76544925458022,86173
2014-05-19,STK_06,90.72898295620817,91.46589822680428,90.53894127319555,91.32055354328061,421911
2014-05-20,STK_06,89.51957660010825,90.66822772509144,89.15146118856951,90.60177011216881,178915
2014-05-21,STK_06,90.9947519347364,91.1809558178168,89.86955632782447,90.8358517266168,898276
2014-05-22,STK_06,90.12995438191443,91.00347735374258,89.83177492626405,90.31306011604266,36398
2014-05-23,STK_06,91.62960250853502,92.57984513094144,90.72479141784423,92.15136570263675,763090
2014-05-26,STK_06,91.60755629650983,92.10204195295499,90.66895482215884,91.94051689172474,847633
2014-05-27,STK_06,91.85302441009533,92.36770297645845,90.19312749837131,91.74591357936637,906467
2014-05-28,STK_06,93.02331674863515,94.14111158420674,91.05483349604562,93.42654489703776,945930
2014-05-29,STK_06,95.51906273935174,97.158136640421,94.03699267694597,94.73540940002843,312075
2014-05-30,STK_06,90.97058850813721,91.43262851313,90.33904529107414,91.02037678370743,791282
2014-06-02,STK_06,91.43840825672005,92.98171363581257,90.46109018828264,91.7842570889045,488220
2014-06-03,STK_06,91.58194721039122,91.76057814224033,91.34664240422374,91.72624796575364,494638
2014-06-04,STK_06,93.54353117254642,93.84624188718648,92.68584279884429,93.53463776398382,589490
2014-06-05,STK_06,95.20871364777081,95.5357995781927,93.95274956625987,95.01491406457367,227801
2014-06-06,STK_06,93.82103598482541,95.1805901254647,93.30992050459385,93.9968130964314,77341
2014-06-09,STK_06,91.59740774708183,92.09907943133354,90.69656398697471,91.74934911294423,904707
2014-06-10,STK_06,94.50021817439371,95.84076607980712,92.66267540874306,94.28604168083004,779963
2014-06-11,STK_06,97.28731691414517,98.95589103995127,96.7675546365524,96.78293911217976,881218
2014-06-12,STK_06,96.61616192834136,97.70972027217422,95.39853140522995,96.49384280729903,484875
2014-06-13,STK_06,99.26752696541102,100.17208891517542,97.82102575709163,98.47314550628487,1996
2014-06-16,STK_06,99.47154415962689,99.54135855002325,97.60492776612296,98.71818114626029,742247
2014-06-17,STK_06,101.92851087481095,102.20097548403916,100.59243749425718,101.7123465083678,920185
2014-06-18,STK_06,104.26806132053251,105.01928988813432,102.89881205618735,103.28895713054644,478261
2014-06-19,STK_06,107.55753093807022,108.12236008099738,107.05308765518397,107.4603295419335,754693
2014-06-20,STK_06,110.92285954395598,111.57421589463071,109.37534804247406,110.10075576234497,270880
2014-06-23,STK_06,110.50466760673979,110.61493877223847,109.02231069439276,110.34366743973885,795968
2014-06-24,STK_06,110.54192775146909,110.71584492811394,108.08637749295636,109.68785713763353,156416
2014-06-25,STK_06,112.89588575106733,113.07286509004228,112.12036144270891,112.95308663868967,55704
2014-06-26,STK_06,108.08481928248528,109.73216900936359,107.63671043876903,108.03178138265423,45423
2014-06-27,STK_06,107.43527032917183,109.07774987010134,106.28023891349723,106.73043138680872,482570
2014-06-30,STK_06,104.34548141554028,105.5797399262634,103.56962322731377,105.01148850940424,141949
2014-07-01,STK_06,106.05380081898309,107.46840990046177,104.62816947827852,105.51476720888965,292036
2014-07-02,STK_06,102.64149742233367,103.80040675443348,101.74006068636562,102.88216253390632,99426
2014-07-03,STK_06,103.4158640440854,104.64037664671474,103.02611653137255,103.07645365210276,24319
2014-07-04,STK_06,105.73153553018517,107.76451140616928,105.5273356877831,106.85302741636409,33972
2014-07-07,STK_06,110.11017956856261,111.09826699331299,109.73727020029627,110.78113623289121,442057
2014-07-08,STK_06,104.69141059182905,106.91460802164403,104.35524936316334,105.08041277173159,881888
2014-07-09,STK_06,103.28195889554286,104.49772808615725,102.68570629925688,104.02932916871815,275022
2014-07-10,STK_06,100.61195608447161,100.75739966762347,98.86431705681916,100.73037839331128,250665
2014-07-11,STK_06,102.1676431068277,103.50874620758647,101.57384772017082,101.64975688501046,225568
2014-07-14,STK_06,104.53520541748637,105.16614215671613,103.76490620014145,104.52740389713871,718768
2014-07-15,STK_06,103.5268223887955,105.2850522950951,102.7468331000458,104.4330562092368,698829
2014-07-16,STK_06,101.15416149438708,103.19654059078682,100.74131353828577,101.34262689513807,308760
2014-07-17,STK_06,98.88999090140236,99.96916606999004,98.88275660526502,99.0511142727783,325235
2014-07-18,STK_06,97.04064560678162,97.22585043420612,96.18666348327753,96.722439864669,163658
2014-07-21,STK_06,95.00938364593596,95.63868117679996,93.26578309507221,95.44960493862254,306764
2014-07-22,STK_06,95.58441994774782,95.88652714065036,94.83154330761325,94.86090843695814,869703
2014-07-23,STK_06,95.47131757930374,98.0915643499421,94.9732747990861,96.0450910310455,456761
2014-07-24,STK_06,95.234403022889,96.00731456287036,94.66474183881589,95.69289437684779,695553
2014-07-25,STK_06,98.69497006642969,100.9155713379858,98.0853427864735,99.52487754993147,992809
2014-07-28,STK_06,102.51498660921739,103.01086849990662,101.06270676792704,101.88442927482217,554402
2014-07-29,STK_06,102.66851415935473,102.66919245607816,100.34342021937104,102.04189823397513,627383
2014-07-30,STK_06,100.85603434520027,101.4737081146869,100.45841471018116,100.46849047786102,650684
2014-07-31,STK_06,99.55636519714871,100.15179338429442,97.9667287485428,99.43911897606829,540133
2014-08-01,STK_06,98.43208227804455,99.48953539453224,98.3692208102713,98.54596339256413,78404
2014-08-04,STK_06,96.76176744310662,98.42165556853254,95.7326360699179,97.25047843631383,968125
2014-08-05,STK_06,95.43813669288006,95.79181397891715,94.15805513775706,95.0843044371669,128638
2014-08-06,STK_06,92.91444900768376,93.48736871702152,92.19422464101578,92.83907399194099,786774
2014-08-07,STK_06,95.23889490186471,95.53360128056497,94.99587341409521,95.23579840877336,796138
2014-08-08,STK_06,94.52256006334197,96.42766616656424,93.79157589553893,94.84559915006065,956705
2014-08-11,STK_06,96.96867725024094,96.97505953371376,95.4638955043819,96.74410420565528,386310
2014-08-12,STK_06,95.25726711848591,95.36473647230447,93.3902388523047,95.14407472656279,319097
2014-08-13,STK_06,92.61561902984367,93.22186628149686,92.25617244728876,92.404893272539,161303
2014-08-14,STK_06,95.5820762156199,95.7957729573748,94.20581303730681,94.81155568194004,801733
2014-08-15,STK_06,92.94827023497983,93.7234233563732,90.97256550853125,93.57788320481366,540720
2014-08-18,STK_06,93.77723333117032,94.37333133229284,92.84048552264734,93.4653516388358,247975
2014-08-19,STK_06,92.51390871064021,93.22433992631444,92.05576127734949,92.31294195531746,279496
2014-08-20,STK_06,94.11907772332391,95.54179360600439,93.10533649277112,94.2926388334606,452511
2014-08-21,STK_06,93.38906494588721,93.70701367863062,92.47480156434042,93.09833887984229,996252
2014-08-22,STK_06,97.04901387953663,98.27093660844858,96.41634203465227,97.14342718054132,264511
2014-08-25,STK_06,99.61114793203484,100.03897278323777,96.42644248851161,99.2666646178191,185827
2014-08-26,STK_06,100.2391337173936,101.02605968788635,99.64907689301504,100.88187760731655,545856
2014-08-27,STK_06,100.93910117076918,101.92571573670955,100.11549367713575,100.45931295558432,109858
2014-08-28,STK_06,101.8717160392295,102.87157881053976,100.66436538672188,101.1533793640239,380582
2014-08-29,STK_06,102.03595497550798,103.69592515033729,101.79841878001706,102.47955469217793,831210
2014-09-01,STK_06,100.87314838237046,102.71087588739422,100.73847344659484,101.2947968352007,161679
2014-09-02,STK_06,104.11368264811013,104.79627045733018,102.46407631298197,103.87143960389291,514790
2014-09-03,STK_06,102.51897871247603,102.84319557502027,101.82131857946129,102.41676324950063,91185
2014-09-04,STK_06,101.99788508231045,103.95564145741373,100.00602015320256,102.61847219567635,372543
2014-09-05,STK_06,104.8151020637425,104.88522998636637,104.6442768085429,104.83724322185262,494606
2014-09-08,STK_06,105.04069085560434,105.97790231094868,104.15293648403532,105.62389300768372,911397
2014-09-09,STK_06,104.68240503217255,105.40790926583567,104.52904260719919,105.13792950290217,315475
2014-09-10,STK_06,108.66137353018298,109.7501602276255,107.95939371264555,108.13659796272817,225371
2014-09-11,STK_06,108.37089092417827,109.51316279932958,106.63998680125181,107.59972001021545,126051
2014-09-12,STK_06,109.19184037453117,110.54792343018602,108.83454873754658,109.99245535478302,330907
2014-09-15,STK_06,111.19299749326048,114.33925062861415,110.89544231331271,112.17100120033346,95936
2014-09-16,STK_06,110.34830104543566,111.03542111346218,108.48514262585532,110.99436864344631,619451
2014-09-17,STK_06,111.97692883123202,112.19302747023927,108.43498141771713,110.37512340207661,557029
2014-09-18,STK_06,111.89330479607266,112.03459556663455,110.1696967649928,111.21763492984277,359591
2014-09-19,STK_06,111.47458578499962,111.57188516420402,110.09404962917196,110.67230818560267,587806
2014-09-22,STK_06,110.55710093176101,111.78376468677884,109.14375547141437,110.65114277272632,954986
2014-09-23,STK_06,111.41166453821103,113.47808715785267,109.29450653913202,111.24371329542694,591298
2014-09-24,STK_06,115.43618196647348,115.53452536517608,114.00440613230536,115.34688042883946,698736
2014-09-25,STK_06,111.78160255067212,112.96314313326462,110.25120586606188,112.11921258984904,298511
2014-09-26,STK_06,113.59720174871246,114.4110117869371,113.18322978226378,113.51558206716318,986711
2014-09-29,STK_06,114.74840039717184,115.72925089428954,112.82166434817485,114.41782587616477,596949
2014-09-30,STK_06,115.30670166479457,117.48424967396245,114.93363539833686,115.5036596794924,680577
2014-10-01,STK_06,115.17351281071073,117.94381188855127,113.97053007052378,115.00763582551276,566657
2014-10-02,STK_06,119.16631509613033,119.80585328867207,117.2678474534405,118.34047339789299,379612
2014-10-03,STK_06,117.55615769994898,119.44405671203944,116.94297137824333,117.93637974816664,419163
2014-10-06,STK_06,118.22989392418802,119.45220230125304,117.51757720529581,118.18070622538784,490932
2014-10-07,STK_06,118.57344581806034,120.4652834977921,117.79913869094067,119.09680382357011,364578
2014-10-08,STK_06,124.42012736390555,125.63538279652545,123.4623547380702,124.16262281120437,518190
2014-10-09,STK_06,123.16980104315691,124.50681147596801,122.04377855790612,123.11388150620556,811508
2014-10-10,STK_06,120.7767297918564,122.20078874312152,120.23155496072799,122.19674694095951,679252
2014-10-13,STK_06,119.99259354261673,123.20886429294563,118.9914366075621,120.76808999144967,525027
2014-10-14,STK_06,122.84506208824195,123.53095085561644,121.81062712689072,121.88381946151162,100600
2014-10-15,STK_06,123.98017379548722,124.5255874759137,123.76961127740154,123.9407677296643,985323
2014-10-16,STK_06,123.22735134224313,125.01924052107256,120.58409171591683,123.9993672785637,234407
2014-10-17,STK_06,123.21227996315048,125.18250153263747,121.48677889641591,124.19011350178002,364226
2014-10-20,STK_06,125.00729036347275,125.35546467232693,124.73530905503092,125.00744846083504,846802
2014-10-21,STK_06,122.37661398592192,124.18393371408705,120.3473974118998,121.98647865059475,484002
2014-10-22,STK_06,122.21054886543396,123.58859409761493,120.84924370746269,121.57883982152192,129667
2014-10-23,STK_06,122.56971806075076,123.29171694580046,120.77876511137521,122.8413553429775,590864
2014-10-24,STK_06,124.79453652340935,126.26121348845243,123.67575781232637,125.18609872517249,76009
2014-10-27,STK_06,128.51743687009187,129.4034575064887,127.19857424251386,128.4876921105613,932199
2014-10-28,STK_06,131.3446584665793,132.19024422731323,128.9635398289778,130.28102910593014,585900
2014-10-29,STK_06,126.01246628646376,127.28148737461194,125.16677051356469,125.98670728718525,893612
2014-10-30,STK_06,126.56683041043043,127.20280449778085,124.74007564048152,126.0376395377509,263576
2014-10-31,STK_06,126.56487586766414,127.6056184233002,125.9943719749821,127.1611396056426,92225
2014-11-03,STK_06,130.70976125222896,131.7000193604355,130.11179642019164,131.1057838444272,717665
2014-11-04,STK_06,132.32558703500735,132.71631407482158,131.84863156363662,132.17762023410805,744366
2014-11-05,STK_06,131.89102566059913,134.0480741381138,131.38753086426308,132.67365435333676,898348
2014-11-06,STK_06,128.88973868363092,130.91983360542883,128.19635780216092,129.04983396984528,624084
2014-11-07,STK_06,127.6835891964982,128.07771300762977,127.24562492754512,127.99400807712925,315725
2014-11-10,STK_06,132.4605814559991,132.99927514421995,130.85976617023832,132.12121125325743,736024
2014-11-11,STK_06,132.95383580542799,134.01401506657214,132.37772746111085,133.67407702839606,274166
2014-11-12,STK_06,136.5740520381613,137.12709479991904,136.03517494838377,136.3731339964463,40613
2014-11-13,STK_06,137.73211743440115,139.90884928509809,135.534814098279,138.72648341284233,896743
2014-11-14,STK_06,138.3042229582989,139.41571252883278,134.9044683877378,138.68790478415957,937446
2014-11-17,STK_06,145.07202099487128,145.19201718380964,144.14999399471174,144.3702631915933,293227
2014-11-18,STK_06,144.01332162557057,144.62241925142018,143.00818487839823,143.95208884605316,393094
2014-11-19,STK_06,144.58851396820438,147.78687020303897,144.1912387972049,144.68967229204958,451784
2014-11-20,STK_06,145.40177199380628,145.8478602358017,144.43265169766582,145.32068637415557,960916
2014-11-21,STK_06,144.95943719738722,145.1866822555424,142.232693640308,144.66632739386478,284664
2014-11-24,STK_06,145.62879927771584,146.57834028176597,144.41605627686099,146.02882759122568,704433
2014-11-25,STK_06,143.80122543767558,145.20111378666275,142.19379041599436,144.48930438814386,177450
2014-11-26,STK_06,148.49188751414368,148.93244481024365,146.7129357660858,147.01285308713756,781929
2014-11-27,STK_06,144.58716887302018,145.2201460983464,143.38705685387956,144.75143573091344,754672
2014-11-28,STK_06,147.0404507867147,150.42593495778954,142.7514044080442,145.96983956947147,201726
2014-12-01,STK_06,146.04958985729672,147.75193269729508,145.58227392390484,145.77815073429468,366439
2014-12-02,STK_06,149.0860462251217,149.34000422771717,148.60232755270656,148.64258537300455,855145
2014-12-03,STK_06,148.33874921363477,151.246484216338,147.39659167813917,148.04223421042963,231032
2014-12-04,STK_06,146.19767114381426,146.8792772236383,144.3276966124803,145.18172732098458,852341
2014-12-05,STK_06,141.5792504602539,142.15119226528802,140.23187574705565,141.44245817554264,308750
2014-12-08,STK_06,138.3240105085211,140.42260333614658,136.98357582820333,138.36788594871547,131251
2014-12-09,STK_06,135.26548639701838,136.38817627713087,134.46008768350652,136.047559033838,507938
2014-12-10,STK_06,137.75274922527564,138.13227637320273,136.98569616232723,138.11467377381084,389288
2014-12-11,STK_06,134.9922899537415,135.95842786609205,134.9657847332839,135.929936178905,596525
2014-12-12,STK_06,133.79854971445965,135.55631512846614,133.60924098742692,134.89198917637586,381618
2014-12-15,STK_06,138.4133948449333,139.38182209925156,138.40001553895524,138.8126789392495,46323
2014-12-16,STK_06,136.68334371743083,138.23834859632308,135.1083468826282,136.84456259681141,783483
2014-12-17,STK_06,136.081794773654,137.71712386764898,132.7780045318438,136.08499785889876,916413
2014-12-18,STK_06,141.21645557066205,141.7914597719619,138.00845642627726,140.51851385086516,20866
2014-12-19,STK_06,141.06220781394583,142.2322801259605,135.9870548790282,140.42189136347363,387738
2014-12-22,STK_06,142.401631627427,143.92211974570898,140.39869950163214,141.73046040596154,91131
2014-12-23,STK_06,141.92319214502868,144.1809579418595,139.9335021374313,142.38585127875714,203581
2014-12-24,STK_06,146.9920372933363,147.32336871404104,145.0612707871115,146.96650044901088,574935
2014-12-25,STK_06,142.0908619212974,145.23522792925033,141.87442450732408,142.81176944585795,13175
2014-12-26,STK_06,140.7805403829731,142.0716113237708,139.59706967290137,141.68856810935148,639619
2014-12-29,STK_06,144.33059649551134,145.67041207692426,142.8648869569061,144.17739752969726,156553
2014-12-30,STK_06,145.70209479267996,147.45937648325872,144.9696011476194,146.64303180620988,527602
2014-12-31,STK_06,146.60554828828933,146.8653437042119,145.77271567872896,146.06149553095804,601977
2015-01-01,STK_06,143.7495085036137,145.48474283326124,143.2048113117724,144.220865439095,505776
2015-01-02,STK_06,144.10246193687874,145.46839531921162,142.17312425912348,143.59126925438474,420540
2015-01-05,STK_06,138.79810921973265,140.79925686763542,138.03118369984125,138.844583480077,682064
2015-01-06,STK_06,137.06560139866485,140.4919394919086,136.26962500796267,138.0279964635751,592573
2015-01-07,STK_06,138.4895571346553,139.40689442750323,136.9712219048512,138.9709727819786,101830
2015-01-08,STK_06,136.03116478740688,137.0394964274537,135.12019949092502,136.55011816260532,648738
2015-01-09,STK_06,136.87434052125448,137.422006937806,135.2318459542118,136.93349962748871,482586
2015-01-12,STK_06,136.3561344640997,136.99638039224095,136.00617702634187,136.02633863167782,617679
2015-01-13,STK_06,134.8651491467176,135.65189280258207,134.79847421890273,134.99527915398295,497459
2015-01-14,STK_06,136.1574324805614,137.59338667595725,134.41281026313786,134.60988803632654,124861
2015-01-15,STK_06,132.61651009798692,133.27361254754766,131.04429633223265,132.1682051540019,331222
2015-01-16,STK_06,129.1030358028809,130.1957827573542,128.92449525261554,130.11077778057984,660521
2015-01-19,STK_06,125.29312730215678,128.7365255840499,124.49881024285632,126.28012722393093,162940
2015-01-20,STK_06,124.72676758802872,126.48306791009095,123.89771396274271,124.84946040217113,958380
2015-01-21,STK_06,125.77215484145411,128.85297479915607,124.08686819155078,126.74055607605814,400282
2015-01-22,STK_06,118.52373192370436,121.1594288923332,118.4671624166952,118.60096823090343,576225
2015-01-23,STK_06,119.82597818212191,120.54045693572158,117.5317140090541,118.61970531471952,520454
2015-01-26,STK_06,116.24243901477428,118.26757644150938,112.6474119303693,116.69538878057304,649520
2015-01-27,STK_06,117.2985738213025,119.65086161440574,115.55861929082829,117.91425827914249,524642
2015-01-28,STK_06,115.68164107119603,117.78012957732528,114.73140411359032,115.89118999676778,209248
2015-01-29,STK_06,116.40393994228374,116.9616355519714,115.24819400948658,116.0052132409307,985699
2015-01-30,STK_06,119.42069619889341,121.08941121782019,117.00308645428042,118.38805435722958,869995
2015-02-02,STK_06,118.25720113550682,119.00843044500023,117.43330033696742,118.7256466471898,338041
2015-02-03,STK_06,119.64819376431528,120.32494160736321,118.66725967931748,119.55945234438171,130456
2015-02-04,STK_06,116.7038243110311,120.7999293314555,116.42590729335309,118.34505588518951,265165
2015-02-05,STK_06,119.2031365736818,121.73737201384421,118.48227313578064,119.05934097007662,889489
2015-02-06,STK_06,116.82187906926411,117.1455624464366,116.28555403162632,116.50395583891714,736907
2015-02-09,STK_06,112.5905752157424,112.65964015195348,112.5163873000489,112.57297882797987,492341
2015-02-10,STK_06,112.44764705571878,113.56130454820415,112.15280642752515,112.46307414662687,731672
2015-02-11,STK_06,112.86033295984193,113.00180436537237,111.72266235473926,112.31753639801948,794700
2015-02-12,STK_06,108.35881154501158,110.19022760238073,106.5983051564844,109.45338924206415,419834
2015-02-13,STK_06,110.33797623343122,111.07229219882598,108.72107609119065,110.05858037979498,291276
2015-02-16,STK_06,109.80300719924234,111.08685216712318,108.29622392646783,110.18554800275238,120431
2015-02-17,STK_06,113.20155703275677,115.5114807558509,111.43512650492758,113.96953014423823,869091
2015-02-18,STK_06,116.40580273088887,116.46606439553567,113.9771608164808,115.74555114587427,927694
2015-02-19,STK_06,113.53784108170127,113.86657355844258,110.47760985459527,112.89141510547314,818434
2015-02-20,STK_06,113.01997292308248,114.43922326848252,112.16686346629655,112.35955734788905,32712
2015-02-23,STK_06,117.04823752958409,117.21901104564965,115.52356230640703,115.67633608759814,140974
2015-02-24,STK_06,117.88527511717747,119.01734345837096,116.8904338298211,117.73080908542823,498247
2015-02-25,STK_06,117.18846375455334,119.51989891209004,116.47196981345905,117.50439529878986,451140
2015-02-26,STK_06,114.00113194409118,115.30658202075908,113.49831985346377,114.09398738118533,833483
2015-02-27,STK_06,110.80470615675826,111.1560348364213,109.82910609448226,110.87151248846146,659715
2015-03-02,STK_06,115.55435908709342,116.88162370758037,114.75139639490749,114.9377073559285,347624
2015-03-03,STK_06,112.38743741969796,113.00619449299187,111.04773198622333,111.82576667983471,943337
2015-03-04,STK_06,111.81517701133737,112.79761963181286,111.01766189949932,111.1906239955033,882671
2015-03-05,STK_06,110.6210896152891,111.51535213448093,109.16884112713726,110.82156837417074,881345
2015-03-06,STK_06,112.47017078753707,112.81678496861107,111.18357129477442,112.318054245239,451666
2015-03-09,STK_06,111.84486280250943,112.78339372603611,111.13317878201359,112.41353723152334,760977
2015-03-10,STK_06,117.08637120169024,118.03468479583933,116.53273751105432,117.07223005111592,109275
2015-03-11,STK_06,117.7722325452485,118.24235746123674,116.9385805501911,118.05628815219934,288106
2015-03-12,STK_06,115.59450446123864,117.12520931450301,114.51266030535189,115.9060913167823,961943
2015-03-13,STK_06,118.70998674517041,120.7020634757613,117.62648709610906,119.10276904327236,207916
2015-03-16,STK_06,120.11657343483333,122.96717205276106,119.35973824598553,120.56484469744888,567070
2015-03-17,STK_06,120.1130657441233,123.45131931829057,119.07231616254882,121.33545078262138,400131
2015-03-18,STK_06,122.8233862571891,123.57050413092432,122.73591793196677,123.07713912849769,360509
2015-03-19,STK_06,124.07259957491647,125.22378699586145,122.72392244787403,123.70423616854306,823638
2015-03-20,STK_06,120.42658517705068,120.96217901615061,119.04749190220086,120.38223568951032,89697
2015-03-23,STK_06,118.88233519069084,121.33347626673398,117.52392509814254,119.99405258650368,706861
2015-03-24,STK_06,122.54614573594986,123.6862490902478,122.52876159179439,123.23067194766442,658627
2015-03-25,STK_06,127.2104075414771,127.38934124413294,126.40344521419858,126.70278439777255,222075
2015-03-26,STK_06,126.85628326380933,128.46360378018645,124.61686685923068,125.91898512048306,118455
2015-03-27,STK_06,127.25408056203297,128.9582966121111,125.63484631480921,127.40524919629145,769820
2015-03-30,STK_06,128.77953329698698,129.28910407840667,127.34908203624599,127.50751694964235,639977
2015-03-31,STK_06,127.06691380703148,128.40154136964745,125.51389279340972,127.3108076934568,105526
2015-04-01,STK_06,127.5617824203459,129.1540342973684,125.82263426117335,127.3601893104118,524951
2015-04-02,STK_06,131.29615298670518,133.77681635705267,130.91033908997792,132.1101864889397,560291
2015-04-03,STK_06,126.71855803329454,128.06487041566987,126.44955620417946,126.85899915282202,514328
2015-04-06,STK_06,126.31635556439467,127.69984739647151,124.1074477002927,126.24898938295789,901611
2015-04-07,STK_06,124.19311415683039,124.78195496542195,122.47924299453437,123.87953441466576,98125
2015-04-08,STK_06,122.48174247062933,123.01340983986326,122.25989587152618,122.62381902146603,29866
2015-04-09,STK_06,118.72986507376133,119.44367481468286,117.28482401643078,117.95641728308102,565088
2015-04-10,STK_06,116.67338727378385,117.42926084100894,116.39587166865064,116.44366890071437,943901
2015-04-13,STK_06,114.74838196119032,115.9192631184907,114.40286787837941,114.86274964673798,688568
2015-04-14,STK_06,116.67198031848287,117.57775370296721,115.59527522045913,116.44889344007444,807449
2015-04-15,STK_06,116.2068551479638,118.16642790518713,114.85483381273606,115.29843702621865,63742
2015-04-16,STK_06,116.15984744429588,116.9861224169833,115.72095057217857,116.89948022243236,447350
2015-04-17,STK_06,117.223852941843,117.29142278151588,116.1454765012632,117.02210851036291,662676
2015-04-20,STK_06,119.31666201357412,120.0742119052011,118.87828666817433,119.46357612026414,87297
2015-04-21,STK_06,114.12024611050816,116.26315156663524,112.85575657014378,114.13498801510596,314935
2015-04-22,STK_06,112.75094027365623,113.5790896718685,110.14464293275425,113.08943893057013,119963
2015-04-23,STK_06,113.62620167616842,115.83732443791733,111.82820967082264,113.2951956172318,561576
2015-04-24,STK_06,113.60109809884239,115.34444990146721,113.41253082116903,113.78162321778045,317724
2015-04-27,STK_06,114.5933882591327,115.9245933317516,114.28860235333377,114.45749933899478,880221
2015-04-28,STK_06,118.66039431951117,119.33803657674353,117.62703460385535,118.14827288741391,358913
2015-04-29,STK_06,118.29272720839984,121.92465136110654,116.3989934479539,118.43620386190081,346041
2015-04-30,STK_06,119.68054663409875,119.9019557722376,116.97342587972099,119.00328335387418,513868
2015-05-01,STK_06,116.05484229808138,116.65849817117045,116.02358638867706,116.17808240522488,712287
2015-05-04,STK_06,120.49456534156036,122.32422283700362,120.01869450806501,120.33634415092774,273844
2015-05-05,STK_06,124.82996272458915,126.6786247263021,124.42593510807514,125.24853435283399,522356
2015-05-06,STK_06,124.97110678135056,125.98284547364882,124.45904075926968,124.96106905245121,356800
2015-05-07,STK_06,126.04118740186098,126.83431465346062,125.08509935470673,126.2363777038933,514285
2015-05-08,STK_06,126.71386511853082,127.26203791993429,126.43296235727203,127.24769470111403,350959
2015-05-11,STK_06,127.89794491265569,130.27987981640416,127.02602291548217,127.21275861228014,438651
2015-05-12,STK_06,126.95717139002646,127.55518118009464,125.91031367589565,126.89179785071802,320584
2015-05-13,STK_06,122.67661110872746,124.2408104640016,121.21194644712186,122.93622777789084,171542
2015-05-14,STK_06,123.50892466037097,124.49278720321927,121.56921456358242,122.88261823874959,347002
2015-05-15,STK_06,121.83479321197424,124.09510466723768,119.96861909250866,122.75171583592333,336432
2015-05-18,STK_06,120.62622529697634,121.28683122959352,119.72081842711803,120.2322371923683,497935
2015-05-19,STK_06,117.90993154049205,119.72765882673228,117.28313299849842,118.45999431672686,67088
2015-05-20,STK_06,117.60124659838954,119.56306329467367,116.28738611678602,117.32536475738286,366018
2015-05-21,STK_06,115.98950078854453,118.37200580108437,115.14589245956904,116.6480044933699,1547
2015-05-22,STK_06,118.67209225554717,119.8034908235637,116.95086104523776,118.38554333438887,463043
2015-05-25,STK_06,113.75022971050107,115.10532162067804,112.20567199068662,114.66073435702604,759993
2015-05-26,STK_06,109.74235385650913,111.35314793026343,108.92514080359983,110.68348334398007,780264
2015-05-27,STK_06,110.96714883103687,111.1901144464526,110.55540118710864,111.07955646626979,974776
2015-05-28,STK_06,110.89672515699544,111.71485095581582,109.34852653179436,109.81478514778267,123712
2015-05-29,STK_06,112.4348982302854,113.80923137415611,110.63780689042217,112.93404161833443,691811
2015-06-01,STK_06,113.00584810912831,113.5998417616375,112.85092369867489,113.15209147103772,745395
2015-06-02,STK_06,113.0495754063532,113.7035788381559,112.50313583900866,112.92146878009379,372813
2015-06-03,STK_06,113.72955203029557,114.71237017054762,112.35398485180288,113.43040557809803,972968
2015-06-04,STK_06,115.15941042977293,117.23755990572052,114.23123407780125,115.41236934661988,224295
2015-06-05,STK_06,114.96514360354598,115.94282040713009,114.1598636267428,114.27941274449881,800756
2015-06-08,STK_06,112.58841531807167,112.6043094729891,112.04848957522316,112.53411701142048,750782
2015-06-09,STK_06,115.42703164908902,115.62277847903152,114.7029587933142,115.16894285599473,645784
2015-06-10,STK_06,113.0889323712442,113.49598389384153,110.17029660610378,111.94000990051693,788471
2015-06-11,STK_06,112.03783020844551,112.95696966165538,111.36119880212676,112.33497747456403,768363
2015-06-12,STK_06,118.68514699841803,120.27537672024263,115.84052227659679,118.26221736319496,381510
2015-06-15,STK_06,116.44322414496027,117.96158106520774,115.80783385806944,116.51854112440198,811869
2015-06-16,STK_06,120.66860391738327,122.2627141404874,118.96937136313937,120.63347471954334,671305
2015-06-17,STK_06,121.90037728375253,122.50892588745764,121.09962831415199,122.10779511751778,50840
2015-06-18,STK_06,119.14519027046089,120.95527055670088,118.40343691228871,119.51488486854684,749964
2015-06-19,STK_06,117.95818011803671,118.56391867861164,116.25669897326557,116.62255035886693,722762
2015-06-22,STK_06,116.25152810880864,117.32822807865037,115.52815527947496,116.71792467013928,525940
2015-06-23,STK_06,120.53017265485339,120.80554083782526,117.50503918915999,119.27173174789267,99849
2015-06-24,STK_06,118.40091649546062,119.23804611065711,116.57581041287715,118.13251611383576,359175
2015-06-25,STK_06,120.48241012976143,120.75608768610908,119.93966543488146,120.30056475644326,829120
2015-06-26,STK_06,117.43281463909668,118.38511652870724,116.96561704549892,118.31005528379066,807290
2015-06-29,STK_06,118.36263681450355,118.38544804862194,117.35610094797964,117.88759503633305,798268
2015-06-30,STK_06,118.34498386705995,119.124440483236,116.36301669695737,118.74190300492549,407681
2015-07-01,STK_06,119.45257830918803,120.58551722033123,118.82700028775099,119.37559977316249,830898
2015-07-02,STK_06,121.03691176067512,123.63579827943985,119.57455635825934,120.64167170060215,490988
2015-07-03,STK_06,126.96828701242069,127.7623115528161,125.26064621929211,125.98194808094632,592560
2015-07-06,STK_06,125.07043880362497,125.83146804249955,124.75593094504038,124.98948679055546,841996
2015-07-07,STK_06,125.51519966408289,126.57751565009755,123.62489564201617,124.9484694296018,391585
2015-07-08,STK_06,126.86789753476813,128.99178434828946,125.70730336248452,126.30473111774432,980666
2015-07-09,STK_06,123.98444604557817,125.06527412284137,123.38096143529334,124.80606718278018,170907
2015-07-10,STK_06,124.00070646145828,125.05401227270436,123.70217788833438,124.79780676610947,323439
2015-07-13,STK_06,126.68073986810305,127.21192064990484,125.71210365193923,127.03341331044369,824336
2015-07-14,STK_06,127.3060241768472,130.1626439920828,124.75465318581972,127.3694306054042,630763
2015-07-15,STK_06,128.34646390442748,128.86659220431787,127.81124927552305,128.22509605188293,16833
2015-07-16,STK_06,130.34309314925028,132.0094470186359,129.22393748883687,130.86740699962172,97946
2015-07-17,STK_06,132.26472197911121,134.94525372501028,130.80207750426808,132.11709510407832,972811
2015-07-20,STK_06,135.1803863771388,135.58758743061753,134.54309706623505,135.16004512090421,326822
2015-07-21,STK_06,133.52731689745576,134.14109579261049,131.3326028701526,132.72936192902324,85600
2015-07-22,STK_06,133.22900697521098,133.77212290562804,132.2299681746123,133.0324036334632,980432
2015-07-23,STK_06,134.59029681935687,135.89440268940928,133.50247602356404,133.9907348110056,19329
2015-07-24,STK_06,132.99890364572377,133.6854394242104,131.65254677012297,132.46802062071274,695371
2015-07-27,STK_06,129.8495991417036,130.87020827902916,129.83644186174664,129.94437163865854,328288
2015-07-28,STK_06,131.63938424658795,132.75092495334545,128.10267542728494,130.52236819722975,904472
2015-07-29,STK_06,132.48101342095217,132.48932154651513,130.93833852926267,131.8597796065883,276320
2015-07-30,STK_06,131.8088014964982,132.42318366205348,130.4904899624277,131.6022977898908,437701
2015-07-31,STK_06,131.41439533127027,131.9492577410884,128.43370378524705,131.42558911815993,658964
2015-08-03,STK_06,130.10882820726258,130.65974873845133,130.10164246191272,130.331925609544,243553
2015-08-04,STK_06,135.07311426502912,137.16747022990873,134.63964284654563,134.86451526518076,228312
2015-08-05,STK_06,136.78257261971467,136.90628176634243,135.68361150416743,136.8051234731588,13430
2015-08-06,STK_06,137.4105110939502,140.3367791344198,136.9809837370254,138.98729946269077,832999
2015-08-07,STK_06,135.84425873876665,137.37466694181612,135.41345798714303,137.01379205060297,770443
2015-08-10,STK_06,138.95530181329778,143.42787150649684,138.13739034072785,139.74058658758233,745702
2015-08-11,STK_06,143.86342264085437,143.95626940875914,143.2429642300939,143.24504905417228,519755
2015-08-12,STK_06,143.12096622637998,143.4000077161731,142.99934935263076,143.38098021918546,602945
2015-08-13,STK_06,140.72253928141967,141.88152022161395,140.2823914286781,140.77490658278884,246865
2015-08-14,STK_06,136.75426099197674,138.12008045983538,136.25311583660883,137.30358094367895,507528
2015-08-17,STK_06,137.47598840963687,139.45817802770108,134.7001142310155,138.76434567327118,50865
2015-08-18,STK_06,139.93735069896087,140.77423322103346,138.42978631264995,139.46922517300544,777852
2015-08-19,STK_06,138.10795510281744,138.64815649365028,136.66705000544803,138.17472617729788,102457
2015-08-20,STK_06,137.830613506501,138.6671427364025,135.6489029492947,138.2457645727926,625372
2015-08-21,STK_06,136.0785567167501,136.15985722025164,135.2345228333554,135.25952966893033,388557
2015-08-24,STK_06,134.45680904582952,136.28663709866458,134.0448292933185,134.13125362043178,595290
2015-08-25,STK_06,137.41653125029148,139.1385357116114,136.33557229516708,136.41643043624887,877513
2015-08-26,STK_06,139.31948695237003,139.4116369458112,136.45325784486604,137.8105530783414,445669
2015-08-27,STK_06,138.25989345482316,138.99931672967287,138.14863955523447,138.71216795748416,69475
2015-08-28,STK_06,136.83650191983773,137.83886766486938,134.567127381103,136.69801463810865,232202
2015-08-31,STK_06,135.1512453028488,135.4926857980035,134.9754231541333,135.22794134002717,621156
2015-09-01,STK_06,131.79897990401048,133.7763917398298,130.02082644298315,131.89334213672976,359440
2015-09-02,STK_06,128.28754178588122,129.44526070352785,127.24862919187503,128.5649767793249,853256
2015-09-03,STK_06,132.60253731993055,134.58732788957863,131.15748741590426,132.76040757831197,423501
2015-09-04,STK_06,131.26714812288176,132.9336722184824,130.87048241824556,132.42865647489006,93598
2015-09-07,STK_06,134.75410424549176,135.66345598532598,134.68269220294692,135.53308754703454,165959
2015-09-08,STK_06,135.00277795092921,136.22406344221332,132.7837029281366,134.80655756640027,448938
2015-09-09,STK_06,133.19287060381666,133.709178231352,132.38707027129755,132.61456742342864,716233
2015-09-10,STK_06,140.03757537827317,141.70110324129413,137.24288407328459,138.65100497245786,689058
2015-09-11,STK_06,143.2805809517499,146.30005343112782,143.0640653011663,144.23926043037625,759311
2015-09-14,STK_06,142.93901802163703,144.62348525101288,141.61813996003485,143.48553785719633,563032
2015-09-15,STK_06,145.98631441637585,147.74122049528248,145.24431936532096,145.4651400484367,555259
2015-09-16,STK_06,143.43247084178353,146.3269799077025,142.82975625251908,144.6779574462783,374344
2015-09-17,STK_06,146.23908621846385,147.88104493035917,145.88264352283326,147.16660304953842,52147
2015-09-18,STK_06,145.30147089357416,146.3627699177082,143.5634098020586,145.33664910247307,519218
2015-09-21,STK_06,146.05192414760558,147.82258605786788,144.96430753580086,146.04336002385327,986814
2015-09-22,STK_06,147.7485660445985,147.9487193964762,146.2980474199366,147.36663595563422,889281
2015-09-23,STK_06,147.1256890566689,148.03053823085475,146.51705992823037,147.3904352045798,922896
2015-09-24,STK_06,151.49143140890519,152.2860194321158,150.04544928347298,151.8663537800645,310827
2015-09-25,STK_06,161.483921584481,164.38733076839904,160.27897908988237,163.5219922100813,326904
2015-09-28,STK_06,165.1000451899957,165.26494804173058,161.51184454875894,162.99397358017941,152498
2015-09-29,STK_06,164.23474173813867,165.91419544239787,162.8679641873754,164.10070111040696,359271
2015-09-30,STK_06,162.3572512129299,164.92781699625758,159.54924712190513,162.16063357122542,713137
2015-10-01,STK_06,156.55008789106887,157.18589329939311,155.70101270051657,156.44639805874294,658193
2015-10-02,STK_06,158.94080866433654,160.75322136920636,155.6870520482789,156.94523419149397,940108
2015-10-05,STK_06,157.64895211096407,159.47863640138857,154.32607155193236,158.3412046412678,983680
2015-10-06,STK_06,156.87497980263527,158.20350266801978,153.5679641524287,156.2771910021401,816351
2015-10-07,STK_06,160.9973786183653,162.74502933006946,159.7619453832171,161.43570487371315,363101
2015-10-08,STK_06,161.44297192094376,163.21766699309214,159.65341105184515,160.81412902382223,939769
2015-10-09,STK_06,158.67331087940534,160.90803401144603,157.8892557217336,159.68547420518786,349686
2015-10-12,STK_06,160.47470436965946,160.9286238154051,159.19551658894756,159.72562145073954,199867
2015-10-13,STK_06,164.42525716636942,166.77626577689477,163.07700873086807,163.21250703487112,722340
2015-10-14,STK_06,160.53514351703873,162.0376229674866,160.43979191915238,161.1269463245023,500445
2015-10-15,STK_06,160.83513861658406,162.856096066703,159.11897411219428,160.77776744739907,394125
2015-10-16,STK_06,165.83364615780727,168.15609701122588,164.0133358328681,166.17055829735853,798137
2015-10-19,STK_06,163.91300085562256,166.72381167174845,163.05189369651464,164.04781348580116,670444
2015-10-20,STK_06,168.04166991137848,169.92690069304473,162.83347894426393,165.89436061699857,175361
2015-10-21,STK_06,166.29757444489215,167.1403701930261,164.16890854462716,165.8810830046381,738652
2015-10-22,STK_06,161.34931884551037,163.07304396194846,159.11099109516428,162.86050234614547,655944
2015-10-23,STK_06,169.9805377216051,174.51441082436375,166.09185930124687,169.5304467574965,21816
2015-10-26,STK_06,173.09998795234054,174.55124985606966,171.08409634844355,171.08927917895113,907224
2015-10-27,STK_06,171.6515689311263,172.3115909205602,168.27131146598327,171.3662979259999,824606
2015-10-28,STK_06,172.65247037654692,173.30056963596581,169.3531907102427,171.3671930057648,74530
2015-10-29,STK_06,172.8888928691149,174.89858584190748,171.73014531388955,173.97009743062677,797930
2015-10-30,STK_06,174.91612470995742,175.83977599008568,172.54568993694892,175.34983127575467,119965
2015-11-02,STK_06,174.8423913594797,177.98527672251575,173.22101375483462,173.78278381390038,552999
2015-11-03,STK_06,181.53057080165453,181.9426696517817,180.45363956007796,180.51369307379136,192134
2015-11-04,STK_06,180.40319346280017,181.28426279802162,179.71233832718622,179.800621436887,243501
2015-11-05,STK_06,181.24441551466035,182.54524195654895,177.63402681334202,182.097750860946,298338
2015-11-06,STK_06,177.86197356131757,179.45804815940056,176.79434760267128,176.7979007179496,50757
2015-11-09,STK_06,175.93373701697064,179.47436146498387,174.53552278658407,176.3320232217249,926166
2015-11-10,STK_06,171.31342426285377,172.20034522540735,167.5767630998157,170.86374250260937,20571
2015-11-11,STK_06,175.18566607136853,179.00822030544163,173.6100907533952,173.93740953742585,409336
2015-11-12,STK_06,180.3181948962472,181.7391026583578,178.724527226789,179.35826449362239,229693
2015-11-13,STK_06,172.12992037269467,174.20223272617113,170.91536961609233,171.13684375253175,427505
2015-11-16,STK_06,176.82306576449812,177.05365515338258,175.26656613944357,175.7089936776747,756832
2015-11-17,STK_06,178.76938590499964,180.50722969865888,174.63146897281345,178.9038697528989,103692
2015-11-18,STK_06,174.98714902070316,178.96208783165233,174.54808039693657,175.94559834170462,57952
2015-11-19,STK_06,178.809076372003,181.38278665989128,178.3519504816436,178.41488845917212,304754
2015-11-20,STK_06,176.3560156549508,177.5642276028567,176.11438213421363,176.88970160743105,226110
2015-11-23,STK_06,181.3773993212224,181.74151718726978,178.70619021262146,180.85218111415855,769353
2015-11-24,STK_06,178.7655909309899,180.49488868832742,175.4847083374672,177.20805428152136,563779
2015-11-25,STK_06,179.36550972690546,180.7610497458606,177.81924288643705,178.83279436507374,897561
2015-11-26,STK_06,176.31901907530457,177.94480372599642,175.1138559578143,176.34063921180265,117041
2015-11-27,STK_06,171.45238052267024,174.43579426300488,168.3156106103194,171.01597338377272,932600
2015-11-30,STK_06,170.1971302734404,172.58083690682022,165.24114949462756,169.3776545558402,227970
2015-12-01,STK_06,167.17313828186585,167.54234252892235,166.04710219179492,167.32684686697993,747321
2015-12-02,STK_06,166.50636200666565,166.91089290970604,165.7997448043074,166.03395518803254,252196
2015-12-03,STK_06,163.73973016103267,165.34464278394557,162.04781469483206,163.9696532498984,185704
2015-12-04,STK_06,161.35139381279612,164.01286870382646,159.92670294474217,162.03619569687623,734948
2015-12-07,STK_06,160.82498838753256,161.15006039297253,159.55163479836781,160.52854598965544,962869
2015-12-08,STK_06,161.3723378681283,163.3492041575625,160.4757397794243,162.29239268387252,103762
2015-12-09,STK_06,164.66576235827597,165.28975190373603,164.009040847846,165.08283541648842,208917
2015-12-10,STK_06,165.30037312860847,166.8529837620837,163.00974689661314,164.791251176571,741200
2015-12-11,STK_06,165.28226770677878,165.48489009726867,165.20206461562378,165.43557254795277,115291
2015-12-14,STK_06,169.13091198776874,170.8245930823669,166.66297658120573,169.77420400010186,266098
2015-12-15,STK_06,164.8514675371395,165.38444932607595,163.90285911548168,164.95644285532563,652996
2015-12-16,STK_06,163.64997317359607,164.11836372700634,162.21650098751,163.93650751771983,263011
2015-12-17,STK_06,164.89539703338804,167.48199701152367,163.81760101021754,165.6774145855643,986971
2015-12-18,STK_06,159.3676469810275,160.18760641472434,157.04376993718157,158.53220795492888,103959
2015-12-21,STK_06,157.52969532121796,160.20429449241718,156.55646120575577,158.33715722847367,74927
2015-12-22,STK_06,158.89513534401522,160.26261019651992,158.2433045892046,159.28138354635786,741282
2015-12-23,STK_06,157.71905272146165,158.72675021406533,155.09242908838993,157.46905154219237,544041
2015-12-24,STK_06,153.4966442738375,155.7117318628484,151.93995742281254,153.87179308044264,991531
2015-12-25,STK_06,156.0215283702529,157.04101892015112,152.85723887538393,154.80466664782685,734967
2015-12-28,STK_06,157.93868526548374,158.93564900738505,156.2235338335761,158.08583302663308,791633
2015-12-29,STK_06,157.54176307690972,158.23149298990722,154.8329206697336,157.67513367976622,860738
2015-12-30,STK_06,156.27724248781018,159.71507372043652,152.73734588880646,155.63200070935125,648616
2015-12-31,STK_06,153.34648863696492,153.5897017883452,151.26161353575247,153.05340671353952,120234
2016-01-01,STK_06,150.93752041820554,151.91467207088107,148.80144587380073,149.7064302258838,243082
2016-01-04,STK_06,147.35515592049552,148.1580948396626,145.93700906360462,147.3715508084603,506425
2016-01-05,STK_06,148.71440284899074,149.52867047839476,146.52171806169278,149.00410845554342,958525
2016-01-06,STK_06,150.74533189837945,152.10835197310382,146.96179876952198,149.39122721790838,32110
2016-01-07,STK_06,145.45392271296072,146.65064225650028,143.1358864939672,145.89553398882614,429004
2016-01-08,STK_06,146.68918975181774,148.86110815009258,145.03286739499336,146.3005388598612,877912
2016-01-11,STK_06,146.9427675077668,147.59422056086245,144.50336858645653,145.63922821566362,992650
2016-01-12,STK_06,146.65486733903845,148.23906346812905,144.3557087520212,145.79815553951516,965214
2016-01-13,STK_06,146.98233405990806,147.9857357351927,144.51424783333158,146.91066825861785,19171
2016-01-14,STK_06,141.68534236574422,144.87739158109844,141.5683380945841,142.30665217698743,499792
2016-01-15,STK_06,142.51688411974703,142.8634136666032,141.16919426950108,142.30419436377133,413371
2016-01-18,STK_06,145.78178456776092,146.666779313687,145.6167054748953,146.15522284968833,205706
2016-01-19,STK_06,142.30953651530604,143.53326525395582,141.38404604613794,143.17323585724074,473186
2016-01-20,STK_06,145.76673915352785,147.4227037161558,144.99408013049572,146.44058408505543,182812
2016-01-21,STK_06,146.3519485842447,149.20340965642765,142.40294321279006,145.46946464353286,82912
2016-01-22,STK_06,148.4693939406976,151.4862114681955,147.8479804845321,150.11490555453605,669174
2016-01-25,STK_06,152.30061496997988,154.47620229387087,149.2595986046615,151.44297905992977,780979
2016-01-26,STK_06,148.8414373609924,149.17033620187473,147.54857824198098,148.34738024850733,117714
2016-01-27,STK_06,146.74364041113262,149.55635468745845,146.42704192253836,147.7156344602885,49831
2016-01-28,STK_06,147.16181029149516,150.22947285153114,145.77644707399259,147.3589243324567,907791
2016-01-29,STK_06,146.8635272557265,149.66181931689118,146.16530164741005,147.43473846294452,736372
2016-02-01,STK_06,146.15897646729115,146.48958349167088,143.83289875783623,145.12723819091727,988163
2016-02-02,STK_06,134.28410839534632,135.7211967848833,134.0149479355084,134.51976828040227,979246
2016-02-03,STK_06,136.23030756027026,139.24821177064794,132.6505264211193,137.08809144201166,813315
2016-02-04,STK_06,139.64522708976597,141.76555753308327,139.13082201882173,140.0459684924552,650844
2016-02-05,STK_06,141.3701210998314,143.6862241933275,140.3114432627725,142.25434615963863,213833
2016-02-08,STK_06,142.09384891336603,143.36537398289033,141.35282997325427,141.4415569698326,494846
2016-02-09,STK_06,146.53594995957314,147.8433101918485,143.76515679095124,145.8583344643863,844969
2016-02-10,STK_06,143.72235020203038,144.72130913411593,142.12369556411045,144.33071279667396,429154
2016-02-11,STK_06,138.42583180802947,140.58856706352708,138.06249169265078,139.11037969910433,464469
2016-02-12,STK_06,138.5546435622744,138.64875879215177,137.22850165244407,137.25973602442585,352331
2016-02-15,STK_06,135.81813359295145,137.73070706005154,135.32821836009487,137.08941197871357,515771
2016-02-16,STK_06,135.31159381241497,136.52704408306215,133.97140708675204,134.80443228110343,424931
2016-02-17,STK_06,141.17531340652266,142.2232739049465,138.3642094358159,140.6258569391351,751684
2016-02-18,STK_06,145.88503641505952,147.06541320041302,144.09318193861338,144.79231371057057,36067
2016-02-19,STK_06,145.34815660541838,146.505626406208,142.72488837021677,146.15850648151755,522840
2016-02-22,STK_06,148.7157240725698,149.34129510128955,147.32477962829861,148.43324569377984,950333
2016-02-23,STK_06,145.42034896874017,147.23719134300148,145.0820652031706,145.68567649778626,712899
2016-02-24,STK_06,145.34997301875475,145.62389483667832,144.44433040813888,144.9088876846127,911490
2016-02-25,STK_06,147.6332111044557,150.13450105576183,147.3108547639068,147.87459586542758,673717
2016-02-26,STK_06,146.2642460722113,147.39194461293533,145.5466216873521,146.19197808272932,449149
2016-02-29,STK_06,147.08116562809215,147.40206186173,146.8962009715932,146.92204654570818,597591
2016-03-01,STK_06,153.73342566254678,155.26496479230013,152.35463852577072,153.76100652127505,159284
2016-03-02,STK_06,153.67789077055184,153.90599861317847,152.07964240143681,153.83206883026438,587195
2016-03-03,STK_06,157.5688189967412,160.09499340384565,157.56369103374422,158.5022416621287,891211
2016-03-04,STK_06,156.49323034079669,159.08482058832956,154.37928234775228,155.46237024265218,404407
2016-03-07,STK_06,160.91371564114817,161.64371095787834,159.1465563169177,161.01676477292386,702950
2016-03-08,STK_06,164.1648148715714,165.92705865287456,163.8829805778007,165.4337435947736,321269
2016-03-09,STK_06,169.8278379403742,169.99343163068446,166.78645746581273,168.37297854042484,882260
2016-03-10,STK_06,171.0304796292493,172.94003151478918,169.51619518706028,171.58382455185392,987973
2016-03-11,STK_06,170.03585658052194,170.61477275329491,168.27436509857304,170.2351143726989,51924
2016-03-14,STK_06,175.37596657695838,177.10889087036833,172.97257706358386,174.74122684345588,596259
2016-03-15,STK_06,179.1507300265105,182.50495092994458,177.08034482360134,177.91652166546714,953119
2016-03-16,STK_06,183.60161740388125,184.43539414569662,181.62285152357362,183.1731635167293,462990
2016-03-17,STK_06,180.71808199884384,183.5527375734167,179.3299908552038,181.2330644907433,882227
2016-03-18,STK_06,182.14446546456358,183.39689746764233,181.0174058422204,182.76758084473866,380992
2016-03-21,STK_06,186.29073878701826,186.77298228093946,183.7913265966209,186.08448277157206,716024
2016-03-22,STK_06,184.13069165582405,187.291593538922,183.35665495579488,185.70386028028864,931439
2016-03-23,STK_06,184.27733122830287,186.97618017015037,180.78136901067282,183.9710321426954,88082
2016-03-24,STK_06,180.51703317836382,181.76029574852572,178.03134250599837,180.11369645406108,87702
2016-03-25,STK_06,174.9291417621662,175.97730619481948,174.82255022687178,175.79775064237904,898306
2016-03-28,STK_06,180.28462133068317,183.49792935906314,176.9217248202982,180.68634267658751,948434
2016-03-29,STK_06,179.75546827660636,181.36393589659409,178.6527806691683,179.4339510052476,320357
2016-03-30,STK_06,184.2385398079638,186.44218368749307,182.96594040465223,183.91775329365112,996484
2016-03-31,STK_06,181.21064288128156,181.85779847774518,177.8227295815879,179.51186324325585,45472
2016-04-01,STK_06,178.1630953682569,179.1766093715907,174.62832267131432,176.59105606187387,285338
2016-04-04,STK_06,177.41148032427375,178.9082827792856,174.19996978323852,176.06402696845342,895643
2016-04-05,STK_06,175.46822342742456,177.25264632557915,172.4816061788652,174.18000694449424,419465
2016-04-06,STK_06,173.33240020539859,174.64105746005313,170.94720894885694,173.13987442142206,554684
2016-04-07,STK_06,171.91008405100305,172.91664119898104,171.84443682728931,171.89716497414588,203757
2016-04-08,STK_06,170.05538231059796,170.5280154835063,169.10015140425205,169.7309592067605,580029
2016-04-11,STK_06,175.5497475261843,177.37145659592224,173.88030988330604,176.43550841472972,782742
2016-04-12,STK_06,176.3555825522886,177.5018782081868,174.4889622962961,175.48973044800925,950712
2016-04-13,STK_06,173.6516179830707,174.76906149863484,172.51794786210456,173.70569720877157,892899
2016-04-14,STK_06,178.00271680125104,180.99899065681555,175.84546579906961,177.63911889230133,85986
2016-04-15,STK_06,176.68406477371576,178.0068330301263,176.4674017657015,177.41408488255612,460096
2016-04-18,STK_06,179.69137151187562,181.7055523572261,178.27084699149947,178.49606052666456,613779
2016-04-19,STK_06,176.742099181455,177.12712547297713,175.621721720893,175.69006076056516,890920
2016-04-20,STK_06,172.48349797088233,177.50374662629267,171.6209589212291,174.87490339962878,79582
2016-04-21,STK_06,182.95780010148061,184.40324365237475,182.29346322781166,182.47621487110092,135755
2016-04-22,STK_06,185.85862666751868,188.82790881080368,183.7642902374859,184.2822331315681,523231
2016-04-25,STK_06,181.6075592213979,182.79814947705955,181.45450654075307,181.92626024503846,239252
2016-04-26,STK_06,182.08622132334392,183.69320706336836,182.0329375091317,182.6709136656965,353724
2016-04-27,STK_06,184.00958248383233,185.86996317063384,181.14704901681014,183.90701669107494,260080
2016-04-28,STK_06,179.8811157585153,181.4153891016148,176.70234962958375,180.7683098219174,896244
2016-04-29,STK_06,188.41559700752887,191.3374029124373,186.68002423410056,187.63202479299008,435820
2016-05-02,STK_06,195.54746944697263,196.9500257553442,192.71128899127197,194.77618141880814,824324
2016-05-03,STK_06,194.86853470541817,196.61528077401698,191.42160099328532,196.43573162262007,113438
2016-05-04,STK_06,189.42876447814837,190.96673602629772,188.9686242598629,189.78785787613816,306293
2016-05-05,STK_06,185.09707747035333,190.20159003069423,184.88586929342904,186.6322897928938,485437
2016-05-06,STK_06,190.7958749834666,191.36330828839422,190.10477847197157,191.18197653159956,661771
2016-05-09,STK_06,187.72050798400645,187.87370261684197,186.19019682658885,187.31142273309655,56201
2016-05-10,STK_06,184.0202442984056,186.52520857753547,182.60671306810357,183.99474408465016,433550
2016-05-11,STK_06,185.63017620077423,187.11528198770088,184.6472044806054,185.86043687902057,647210
2016-05-12,STK_06,190.05583856478464,192.40368978498262,187.12458789317068,190.52132223913483,979181
2016-05-13,STK_06,198.42816769165537,200.14054929074447,196.64690540143727,196.92855173873446,554425
2016-05-16,STK_06,201.4009977662322,202.5751487692038,199.60175763020413,200.34843067411032,612613
2016-05-17,STK_06,199.92599643459104,202.9698441151176,197.91366474039134,199.51817511764426,195510
2016-05-18,STK_06,197.89456520938032,198.65306608830062,195.39950716064735,198.60267872687857,107209
2016-05-19,STK_06,204.4656710389515,206.3107345949228,198.26163466809874,204.16668855815317,232416
2016-05-20,STK_06,200.5092459761852,201.24600031992642,199.3489656907718,200.6595414813325,321248
2016-05-23,STK_06,200.54087882666215,201.08227927124256,197.6344666971906,197.91605691510415,700236
2016-05-24,STK_06,186.29185047085693,191.73408772703382,185.1451531650766,187.44332409462717,734099
2016-05-25,STK_06,183.32402173122242,185.0065996672052,179.67646540990373,184.11498078894388,763483
2016-05-26,STK_06,185.44240268227225,189.4874007433437,185.33552710442387,185.96147410767392,81525
2016-05-27,STK_06,183.37887218003948,186.6217856085425,182.14599946994295,182.55540144787736,460438
2016-05-30,STK_06,185.88518534953627,186.8011939014362,183.68867486239307,185.27681468703597,402276
2016-05-31,STK_06,182.6058059597932,186.1391463886767,181.28069531143234,182.12494958944262,966584
2016-06-01,STK_06,183.25826815721172,185.91989937687092,181.93566798446182,184.37906554938021,372247
2016-06-02,STK_06,185.74304140512305,188.78449644775142,183.2702500932898,186.7750375111365,238768
2016-06-03,STK_06,191.00411925656172,193.47110538962798,190.46150793673027,191.23000467151854,192315
2016-06-06,STK_06,193.11526063767568,193.76827497823263,192.71418199992993,193.60386352441878,372978
2016-06-07,STK_06,201.88051660648574,203.68965282222456,200.6735235090501,201.5105801069781,266476
2016-06-08,STK_06,209.021960907747,210.74284327383282,206.30301214804885,207.43711017129425,572622
2016-06-09,STK_06,204.8183865072089,204.89639239190467,202.95126509131515,204.77830016163614,398986
2016-06-10,STK_06,204.01217674653927,206.33320407205846,199.52369647671892,200.36378533175952,336361
2016-06-13,STK_06,202.76166494080144,203.31634828719078,201.00033526893077,202.23138208965705,421459
2016-06-14,STK_06,202.1114074925131,203.51762098950786,198.76963253884392,201.43974287241056,618776
2016-06-15,STK_06,197.60929851058717,199.35580909979677,196.2923187524913,197.9958752772838,544920
2016-06-16,STK_06,198.03038876121565,198.275335400205,193.28981338930157,196.82994478928973,322794
2016-06-17,STK_06,193.40323659238118,197.3740344472781,192.8343712025998,193.4738745340655,715068
2016-06-20,STK_06,195.7399476611847,197.70381951268283,192.10897725325552,194.13820504565967,208405
2016-06-21,STK_06,198.37372001315586,199.10380214448486,197.72035275816557,198.1913606992644,638629
2016-06-22,STK_06,202.65400249864624,204.87897750500252,199.98678095645784,202.72790677450047,806494
2016-06-23,STK_06,201.67473580186473,202.37607655308534,198.76060218740136,200.37206436215826,856816
2016-06-24,STK_06,205.71815641058728,205.77076985761892,205.40622804042638,205.44186567758226,630706
2016-06-27,STK_06,212.51748602415626,215.41935146278828,212.40753925166865,213.63481183898264,587030
2016-06-28,STK_06,216.39783627310126,216.6870672953221,210.5983797627032,213.97271409235123,631398
2016-06-29,STK_06,211.34917987181444,211.80654781145395,209.91615092352166,210.90745565967774,419530
2016-06-30,STK_06,198.36705331726904,203.59237559981716,197.33823424342089,198.69642417249673,389622
2016-07-01,STK_06,202.77162141387868,205.31609214875613,202.57376867546347,203.070843199898,992568
2016-07-04,STK_06,204.05378684386736,204.6626329169082,200.84781078593142,202.00307001066545,829178
2016-07-05,STK_06,206.53578668700771,207.02735682483777,204.1200794355696,204.8064246196243,59457
2016-07-06,STK_06,197.1842450134732,198.85420242019532,196.35453996164375,196.86848758694205,960687
2016-07-07,STK_06,192.12369650602287,197.58472405799662,191.77500181956628,192.79517107615905,430954
2016-07-08,STK_06,191.28139731563792,193.94774120381035,189.52806757631637,193.46780450340736,713598
2016-07-11,STK_06,196.86834778812138,198.87270067147568,194.24521254193928,195.32955007638043,753836
2016-07-12,STK_06,195.81652178655048,196.52378464294458,195.6146310596954,195.91134113589126,754950
2016-07-13,STK_06,195.56902140129978,199.15988922428716,195.3870138504254,195.39158741605726,957452
2016-07-14,STK_06,197.54923950396375,200.47115598095735,194.00275086888834,197.45112589933026,52759
2016-07-15,STK_06,200.9928350650509,203.1478555290627,199.1528820377209,200.426849458738,295054
2016-07-18,STK_06,199.3991269803567,200.5961650515489,199.15630105882414,200.21835340393048,679293
2016-07-19,STK_06,207.86949090627647,209.8521235430074,205.18093180552384,206.05942258233827,870199
2016-07-20,STK_06,208.72902267532086,210.32057859835228,208.02745877113006,208.72977869242396,868680
2016-07-21,STK_06,199.5845451073644,203.8906452558357,195.35570614336697,200.72843784865196,811357
2016-07-22,STK_06,199.56890270579754,202.2245820156833,198.55635405443093,199.3545484069312,770561
2016-07-25,STK_06,198.3638573887286,201.06866885366838,198.2567441043384,199.7930371796842,925025
2016-07-26,STK_06,199.19648663064226,201.12828066634702,196.32129856124536,199.83292779828105,806768
2016-07-27,STK_06,197.47096969447423,198.99227768685748,194.57348633395765,197.37910690462792,642194
2016-07-28,STK_06,197.09955399681743,200.2366529819945,196.89481167895548,197.3770856068559,22219
2016-07-29,STK_06,196.1842368954799,196.4759449398496,191.59895528927507,195.35649677281617,27980
2016-08-01,STK_06,195.04873914997145,196.91386844706435,192.44945841631952,195.51417529180694,41290
2016-08-02,STK_06,195.27478930100852,196.16011798932544,195.2650077465656,195.75941851409746,906972
2016-08-03,STK_06,200.60106613068083,205.76825554479342,199.59131994498196,201.0490092088423,545015
2016-08-04,STK_06,197.48466053279537,199.8166765941053,195.69131811071938,198.25332566841698,91950
2016-08-05,STK_06,199.7130472190214,201.57323310384433,194.4974320407156,197.96007541792753,415507
2016-08-08,STK_06,196.64295237851806,197.38973866739363,193.78455599869775,197.20630816473002,527331
2016-08-09,STK_06,197.48625595533787,203.86158798074013,196.56913052594078,198.64892988950976,283219
2016-08-10,STK_06,204.0811166584304,205.88253631802598,200.46350428403593,202.4666673053929,49246
2016-08-11,STK_06,202.08488436382225,203.0393828544696,201.2343495212866,202.56101969472013,380227
2016-08-12,STK_06,198.7282205897773,200.12286201500876,195.9922581507942,196.50563508597352,817641
2016-08-15,STK_06,196.27441899528515,198.4574178761655,194.20559425708572,195.20890844249425,53957
2016-08-16,STK_06,190.95945112182986,195.5875314257208,188.4972707118688,189.59328930254034,60707
2016-08-17,STK_06,190.94514399556365,192.4081012674219,189.544020410689,189.96784536924204,332453
2016-08-18,STK_06,180.9257649297856,182.46416174278477,180.24202596701008,181.78110867877706,108896
2016-08-19,STK_06,177.57067655970025,181.4224942226305,175.16968101682332,177.87202203418474,352480
2016-08-22,STK_06,174.88631938860863,175.83010956101037,171.32308425427817,175.01511702992588,755951
2016-08-23,STK_06,173.2775711533072,175.7839840573833,172.38638616003934,174.58384212248464,319892
2016-08-24,STK_06,178.91099242845945,181.27361545357982,173.9950711756916,177.5767586402911,148012
2016-08-25,STK_06,179.03065903407924,181.38583793382415,177.0860539717687,177.43064021798324,660469
2016-08-26,STK_06,180.94921134239573,181.04615880445508,177.0358047155116,179.40619387859675,555801
2016-08-29,STK_06,175.8805783091094,176.5668875021381,174.26358586350233,176.27738677390917,620647
2016-08-30,STK_06,180.44588722506975,182.23851342030025,178.65966422933738,180.28120286573383,726780
2016-08-31,STK_06,182.09834220884062,182.19377838735176,180.83589171941077,182.03661719099094,141234
2016-09-01,STK_06,182.23216662519525,183.1502238176549,178.38250125538215,182.46763805765522,202771
2016-09-02,STK_06,179.5392340659392,182.59463699975058,177.79180712156148,179.9448466891427,467870
2016-09-05,STK_06,182.81396985134262,184.96726485298962,181.3169537386542,181.90774590933685,528740
2016-09-06,STK_06,186.2469175684245,189.5653873146027,185.38903121891204,187.5247986546706,234171
2016-09-07,STK_06,191.5517029811608,195.4426053974292,190.61025872144214,191.21509494296896,81668
2016-09-08,STK_06,191.70881633264824,192.37352397247184,190.69548511691957,191.6346837170403,717805
2016-09-09,STK_06,197.48975012457151,199.00285716615429,196.4857566216637,198.57360121883193,764411
2016-09-12,STK_06,204.654372541243,205.7825989581233,203.8669009571195,204.75844861939999,226042
2016-09-13,STK_06,216.31099634461356,219.89487311463185,214.8086087440697,216.85549863789993,64331
2016-09-14,STK_06,215.5191916672835,218.71718993056328,211.72838852813868,217.0098175296902,575811
2016-09-15,STK_06,226.58710110547486,228.16260576035208,224.3748344394552,226.10439445376585,368733
2016-09-16,STK_06,225.3626278566566,229.32966300848506,223.7618818047036,225.11319694521006,597572
2016-09-19,STK_06,224.199309451602,226.2646585588583,223.01090368010057,224.60916053445823,645498
2016-09-20,STK_06,228.77014611103962,228.95187743625806,226.5593127293338,226.98153806336248,397661
2016-09-21,STK_06,224.40902339215583,226.74933878759944,222.8960492896302,225.98159445804748,286139
2016-09-22,STK_06,226.78346483370441,228.35142425228187,221.965377080174,225.57437413829325,144661
2016-09-23,STK_06,224.1684858718004,228.64521541471854,221.25670623932194,223.17614569205065,109342
2016-09-26,STK_06,221.97183524397346,222.1319427932552,219.8145571615517,220.26519657459974,766789
2016-09-27,STK_06,215.48883161692962,219.80932611006418,214.63680750581076,216.20274647748002,879089
2016-09-28,STK_06,210.8891028296675,216.42478229978545,205.55319223625688,213.17240811374987,663720
2016-09-29,STK_06,219.52340951422738,225.8753355259814,216.3201173894447,218.79343094235628,401796
2016-09-30,STK_06,212.46860230622704,215.15746744065117,207.97311542790683,213.06534344157922,940498
2016-10-03,STK_06,217.03777625526757,218.39017980186517,216.31013294459504,216.8023965695434,644898
2016-10-04,STK_06,219.1630496252269,221.10807059241057,214.04762479774274,217.77424467721943,287055
2016-10-05,STK_06,220.35317337668943,222.66507743555954,218.03671347432166,220.8920567828373,651573
2016-10-06,STK_06,222.34786221093512,222.53528779311435,219.7153086207767,222.4317502061399,397593
2016-10-07,STK_06,227.64995293946367,228.99075093803484,226.0844336543829,226.72264740738888,413829
2016-10-10,STK_06,224.53877613862156,226.23591668240738,222.5097499736235,225.59763386022095,305839
2016-10-11,STK_06,224.1381268727268,227.02125697522396,222.92235979033725,224.86570144188246,549625
2016-10-12,STK_06,225.2983098494106,231.34071257163427,223.8044554164081,227.83350627620308,522769
2016-10-13,STK_06,225.84561768267852,227.72491876027922,225.6196254670385,227.2686484900291,361865
2016-10-14,STK_06,226.15465883666917,232.24432454651236,225.33010314503716,226.6925254684026,290208
2016-10-17,STK_06,226.0709412371464,227.68250312445466,223.45740333685285,226.9252810947283,36879
2016-10-18,STK_06,224.21592523755925,225.68282312350632,223.7704175833054,224.76655209368536,467965
2016-10-19,STK_06,224.53021845007748,225.4694191197327,223.91715128619435,223.99720830611162,847441
2016-10-20,STK_06,232.43082777717086,233.97923711770693,229.01896263150226,230.37011482628333,441673
2016-10-21,STK_06,229.83542538196446,230.4777091960222,226.76354864605972,229.89547674203865,901789
2016-10-24,STK_06,232.21966763076682,235.08515612369118,231.84188327208523,233.27003951648425,260265
2016-10-25,STK_06,231.1668388616579,232.8352604471846,230.69082693613552,231.67893478575115,626942
2016-10-26,STK_06,230.77249464178834,233.3492771723846,227.449618401752,232.04543964308476,379057
2016-10-27,STK_06,229.138534874089,233.92520072201583,228.6045211326857,229.94603620907858,82038
2016-10-28,STK_06,232.26071365687326,233.19162244115486,229.31473482932884,231.03557043664327,497585
2016-10-31,STK_06,235.62670500620334,236.8269767308617,233.14097243810886,236.71582686700208,716401
2016-11-01,STK_06,241.71936757940415,243.50207066642457,241.34720457529758,243.41798630865492,950619
2016-11-02,STK_06,239.5736639867457,241.07780169929202,237.30568468719474,240.40933568805463,639963
2016-11-03,STK_06,231.29710100037883,232.63479398965373,229.4608604957313,230.82459414946155,64937
2016-11-04,STK_06,234.14461098031623,235.50036018466574,230.09349140612846,234.28927102927707,178235
2016-11-07,STK_06,232.84127747662745,236.5234285965873,231.84768768114887,232.4154965359188,893550
2016-11-08,STK_06,239.9267666160087,241.98499999532723,236.77948641108523,237.34104433489514,747457
2016-11-09,STK_06,238.36104069279853,242.2820144192161,236.6545953154478,237.00130979564827,577135
2016-11-10,STK_06,234.81716054711376,236.72224231850825,230.64817991256825,236.1650053382697,63437
2016-11-11,STK_06,239.21728280941474,242.29402337387953,238.8425715218608,239.98291424664941,159476
2016-11-14,STK_06,241.8335030489644,245.93209047309995,239.82623649630105,242.2505102807599,71947
2016-11-15,STK_06,234.51448304264616,237.51721406739102,233.4201423976132,234.64398247496925,41147
2016-11-16,STK_06,230.13040555092613,230.76910864008786,228.73544793917748,229.38442985677355,694112
2016-11-17,STK_06,237.1086650423008,241.40362495749008,235.5978976784957,237.06832080535736,210065
2016-11-18,STK_06,235.8189872320633,238.14552133342798,231.16987291422242,237.18650175268206,551114
2016-11-21,STK_06,242.82819216343006,243.9043553212404,241.21975426136228,243.63556639484202,466271
2016-11-22,STK_06,244.57026703819457,246.82946040375623,243.83186858663888,245.3706083019419,7407
2016-11-23,STK_06,237.98258255722675,240.09062878820248,235.63137642226653,237.32835610202878,393254
2016-11-24,STK_06,239.88652264368437,244.7720082544277,236.4712166693206,238.6211804877324,992329
2016-11-25,STK_06,237.98349643688616,240.68898374080155,236.1944941456481,238.32971983785097,827701
2016-11-28,STK_06,235.81061109959592,238.43384938273454,235.08431036307297,235.82904154349384,808440
2016-11-29,STK_06,235.18659662221054,238.19315455810576,230.10128684917805,236.0758291608748,694030
2016-11-30,STK_06,235.75831618705266,237.92279388734477,231.30682808405444,235.3026441762022,389045
2016-12-01,STK_06,224.14025348741262,228.55401660705593,220.01207543715606,225.5022498195991,200901
2016-12-02,STK_06,224.66876538263296,228.11442701497825,222.8886236587958,225.5627390515242,411613
2016-12-05,STK_06,222.837759862404,227.36618658186535,221.69307520057535,222.696684522306,11629
2016-12-06,STK_06,220.8236505613768,225.20331121381432,218.06714696505364,224.0693424330537,268406
2016-12-07,STK_06,224.37283350449778,226.3853625214393,223.93864331602526,224.18872098673205,214302
2016-12-08,STK_06,230.13392609802403,231.45383727382227,227.89878648301686,230.79575916809227,136071
2016-12-09,STK_06,233.16989157413533,236.11590774888916,231.52045581372658,232.7583892119547,882003
2016-12-12,STK_06,224.32087210748278,226.77463398935095,220.38796231460952,226.07560410364414,873264
2016-12-13,STK_06,226.36737059307774,227.36918751801778,224.92941790069827,226.06077980757408,13984
2016-12-14,STK_06,232.29428398235655,233.10904023595168,226.61696576496996,230.7101647868044,422354
2016-12-15,STK_06,223.87065375285894,228.75168732256878,223.77224988992714,224.19751537110488,881861
2016-12-16,STK_06,227.81466965127225,229.71173133260928,227.0941976938615,229.32393406475643,843075
2016-12-19,STK_06,232.19826600860495,233.64794198939498,231.75059769626063,233.58341338876434,90778
2016-12-20,STK_06,229.5890660938676,234.80903675606532,226.51840103700047,230.25627221160374,272122
2016-12-21,STK_06,227.77009073371644,229.42056550413957,225.36656715923047,225.7522879724413,349230
2016-12-22,STK_06,225.91589151086745,228.7693646451773,223.05130131394185,226.37729759595922,841493
2016-12-23,STK_06,232.07453161418047,235.4215331456515,231.13562553579067,232.44452496182112,784060
2016-12-26,STK_06,235.223352062323,236.9073583711056,233.98164567475743,235.33831464202015,508686
2016-12-27,STK_06,229.09499048505705,233.04321737926378,227.2450434846622,231.36639345130337,68955
2016-12-28,STK_06,234.89114856564748,236.3388690437862,234.09790666765602,235.04571499978738,497123
2016-12-29,STK_06,236.60509771463038,239.05658551694765,233.85545173069633,238.31611415045396,986218
2016-12-30,STK_06,238.487596682138,239.41088068166758,234.22375206691962,237.10771561068233,82549
2014-01-01,STK_07,105.77521172639217,106.06511489469023,104.34197663026995,104.41325007263987,352885
2014-01-02,STK_07,106.25397183611642,106.91816160289328,105.05083882322465,105.56658549024453,979725
2014-01-03,STK_07,103.0188844818707,104.87565872997007,101.5342956383668,103.43710650920464,582350
2014-01-06,STK_07,104.25446178878143,105.17265270485731,104.0618178487468,104.32014233723893,705460
2014-01-07,STK_07,103.37446206347211,105.60437120080178,103.2846853333125,103.79696376053424,190415
2014-01-08,STK_07,102.77873150671171,104.16615055769006,102.47311284870273,103.52223321335255,520662
2014-01-09,STK_07,105.56779358303062,106.12161643909279,105.01506897842887,105.97900765793135,357160
2014-01-10,STK_07,108.9550347398879,109.34612600335254,107.89617071004766,108.04212752570766,298804
2014-01-13,STK_07,108.33659637656336,109.09989162958365,106.5070552549931,108.57156894421118,267683
2014-01-14,STK_07,111.789014579012,112.32333187204411,110.66762450341838,111.70008377802064,613464
2014-01-15,STK_07,111.32810585154449,111.45352937263108,111.01292407995994,111.43811364812119,469890
2014-01-16,STK_07,114.5571765169405,114.65330646445076,112.59611695929155,113.8984447378107,616404
2014-01-17,STK_07,114.2311844358532,116.07158630385513,114.14026958754658,115.05444826076153,44698
2014-01-20,STK_07,116.1648835447187,116.48716853476817,115.44237316405184,116.40402607674233,774624
2014-01-21,STK_07,118.11921798118007,118.12181726403118,117.33789612322732,117.59901487364493,871146
2014-01-22,STK_07,120.10646135914695,121.41778766018989,118.60479689622291,119.87309642266457,207911
2014-01-23,STK_07,122.82055941110595,123.38059551312881,122.65658550032379,123.03971376976573,80018
2014-01-24,STK_07,118.46242632255644,119.19291384197703,118.19592595856906,118.76603417052678,195280
2014-01-27,STK_07,118.03030262128972,118.50019821995043,116.22769430926188,117.61091280271053,462547
2014-01-28,STK_07,119.32143903962145,120.3945665121018,118.33651788058826,119.22835448886133,234564
2014-01-29,STK_07,123.67791988402074,123.7383655449635,122.86468638812072,123.18886226501506,730575
2014-01-30,STK_07,117.72629048919404,119.46174855311544,116.77948024136862,118.97324228472955,167758
2014-01-31,STK_07,119.2106806397836,120.79226402137334,117.25018980588042,118.872057892346,95540
2014-02-03,STK_07,118.98329275820743,119.91172260231733,118.84208414655171,119.35722929692504,10194
2014-02-04,STK_07,121.59676362907872,122.3208166552918,119.75826982774083,121.19131168985396,762119
2014-02-05,STK_07,123.86166439983057,125.80306789079567,119.97637035751153,123.51222948975226,891212
2014-02-06,STK_07,123.89383808643824,125.59222632112441,123.53703904664339,124.44249572253575,478045
2014-02-07,STK_07,120.75044250526823,121.33267144663132,117.70683337988558,121.2361820910286,210243
2014-02-10,STK_07,118.87723617455609,119.20933313892093,118.77762422822927,119.15553653362328,51055
2014-02-11,STK_07,117.80038324589842,119.62041985131908,117.19054443049913,118.29103626447738,638387
2014-02-12,STK_07,120.42693787709273,120.96149403619646,117.76301234492698,120.10127632376202,738962
2014-02-13,STK_07,117.63223514068605,118.12685700762864,117.59266089982158,117.92972020462837,948623
2014-02-14,STK_07,118.14434218177644,120.08731694954173,116.12966915914035,119.60730399980076,95010
2014-02-17,STK_07,121.29215082275933,121.55239038282902,119.94148886398548,120.56543924773742,2345
2014-02-18,STK_07,121.662801267339,123.3686968525533,121.15812536401624,121.38794511138086,596929
2014-02-19,STK_07,117.32921534793874,118.73782015016543,116.76811573593098,117.51584461559776,854310
2014-02-20,STK_07,113.07751584427766,114.10186187331894,111.29418233447856,113.80717017212424,607991
2014-02-21,STK_07,115.9343218681805,116.3923623570105,114.9907562079643,115.18074149525455,193182
2014-02-24,STK_07,112.36856966389908,113.23096814387854,111.01927317071686,112.38865072835164,409416
2014-02-25,STK_07,114.7372860716958,116.27914552727687,113.69770176876942,114.81455419222594,565138
2014-02-26,STK_07,117.62180790312358,117.8577912148896,112.5677063472548,117.24220761478128,820572
2014-02-27,STK_07,116.38133029778204,118.10856477883253,116.3253668466961,116.41946152643905,403446
2014-02-28,STK_07,120.03916290984459,120.4163147548553,119.49512824533524,120.15387196271801,61002
2014-03-03,STK_07,117.78198590983966,118.56146943974991,116.53349173856748,117.28542929024995,715318
2014-03-04,STK_07,118.0511107723843,118.38549893854758,116.31683746313392,117.63349919864801,707863
2014-03-05,STK_07,121.33594681372254,121.7929638904762,120.83161531638548,121.07703778599706,837004
2014-03-06,STK_07,118.90773040281259,121.52013370966344,118.14999360694898,119.36973980297451,502522
2014-03-07,STK_07,116.61740522609063,117.42221445314819,116.32585928334244,116.67331688938025,171594
2014-03-10,STK_07,119.68391591779319,120.17263988321275,118.88847848087717,119.63378746985376,252515
2014-03-11,STK_07,118.08602246299675,118.94290699259908,117.7268806928531,118.09123447983009,975277
2014-03-12,STK_07,115.3056058584265,116.88620857715868,114.87950115832597,116.04959285652943,364279
2014-03-13,STK_07,118.67192951959895,119.7093353640066,116.67086102278512,118.50262562695994,583027
2014-03-14,STK_07,118.16891054158036,120.57386530628423,117.09138534560405,118.59245546891826,879932
2014-03-17,STK_07,117.99780249654465,120.46216750480802,117.34503496911681,117.89248676537711,89028
2014-03-18,STK_07,118.63921820112719,120.61804695674243,118.48850040547828,120.22565485081161,38077
2014-03-19,STK_07,120.75726929133904,123.05212192097692,119.54001430864794,120.14801591876999,19213
2014-03-20,STK_07,118.99785111321164,119.60397976322147,117.12919432728381,118.44924542675643,705912
2014-03-21,STK_07,116.29283566531973,118.71816293972776,116.17954278602978,117.63677623514252,265945
2014-03-24,STK_07,116.41898516971298,118.55606854627308,116.32487194510439,117.10738292236653,754875
2014-03-25,STK_07,117.28513899629701,117.75875269791328,114.24708462189918,117.71380928956577,4142
2014-03-26,STK_07,114.48785948135085,114.90149337598952,112.64771053738191,114.76510127007703,979066
2014-03-27,STK_07,116.9763365144994,118.75929542655217,115.51079147662477,116.47293119337452,908970
2014-03-28,STK_07,117.75798074928802,118.15927110368243,117.43580190933903,117.75707561019871,172582
2014-03-31,STK_07,118.70191054823528,118.71068681313389,117.05703414954634,118.36252202174026,446645
2014-04-01,STK_07,118.14493173114879,119.33346638922522,116.48469892038456,118.40049366595872,471110
2014-04-02,STK_07,115.98768200686516,116.49847740176648,113.8876803238514,116.41166668080716,729678
2014-04-03,STK_07,115.95052766696601,116.42490828496909,115.58406592645024,115.88949142295652,702180
2014-04-04,STK_07,113.48512688312302,114.63587351016184,111.95575600900115,113.47471357109598,124399
2014-04-07,STK_07,113.11354495548927,113.98462610775427,111.45218870006971,113.00042744798664,496415
2014-04-08,STK_07,113.69131593925258,114.77419537026344,112.74523558707727,113.8710197110802,598262
2014-04-09,STK_07,113.61371120040332,114.64906244359324,112.35103215658063,114.11392991130936,732561
2014-04-10,STK_07,112.40268571397475,112.66718503241431,111.32588750261719,112.38973872807337,374136
2014-04-11,STK_07,111.09429617717731,112.11556827056828,110.12103633420263,111.44428876415752,272992
2014-04-14,STK_07,106.5230130078486,107.47471910939323,106.19208295237605,106.63909818857951,416214
2014-04-15,STK_07,107.5190794096728,109.44213773193492,106.83460303703457,107.09400382888975,176795
2014-04-16,STK_07,106.49847390504097,107.40033827806047,106.47724456693348,106.76211360112623,953119
2014-04-17,STK_07,113.09486040387566,113.99437894131088,112.81980957850475,113.1672535811022,640989
2014-04-18,STK_07,111.45321600140332,111.91475692078082,109.98005249781059,111.21273788389189,607746
2014-04-21,STK_07,112.25709721150734,112.87554884520715,111.8067743862087,112.47048683408163,72687
2014-04-22,STK_07,111.06236083990055,111.45341260573399,111.04602033317822,111.38778024349698,147059
2014-04-23,STK_07,112.91557339608391,115.56686393485582,111.88749903852631,113.83469412825721,306761
2014-04-24,STK_07,112.5185844895331,112.71222809068948,112.18378100829453,112.39994530985021,624625
2014-04-25,STK_07,115.08792182432154,116.85255866223143,114.42933675258043,115.02113270380026,212510
2014-04-28,STK_07,114.55870862928921,115.12328257076057,113.29396572400891,114.34444053610183,866130
2014-04-29,STK_07,113.10844899192564,114.82775040202446,111.73428872966454,114.07571542575835,41206
2014-04-30,STK_07,114.30116532429022,114.54379084890104,111.62704343399169,113.57273225504322,719360
2014-05-01,STK_07,111.02745943193592,111.38106105369495,110.6904040002497,110.75331667581905,489066
2014-05-02,STK_07,111.67548664412743,112.81601481888667,110.60519588100112,112.27673680027993,496114
2014-05-05,STK_07,109.34221652908074,111.46254985795836,109.13403776101711,109.80956257854227,630411
2014-05-06,STK_07,108.06783426993798,109.06316390797971,106.7275475193286,108.44318766670074,389546
2014-05-07,STK_07,105.36702951909373,106.05197739500511,104.06333800216555,105.29911753906597,188789
2014-05-08,STK_07,105.67016072098941,107.6617585251692,105.09865579030767,106.51848100867431,9788
2014-05-09,STK_07,105.90670946033117,108.29691070903331,103.20345436471702,106.42718686746905,731555
2014-05-12,STK_07,104.17613086315203,104.59575830713523,102.80356730388085,104.00186901985899,756194
2014-05-13,STK_07,102.30209726349393,103.48409516609559,100.79670486533902,101.73697447263733,19540
2014-05-14,STK_07,101.2289974665448,101.4762816029397,100.84209329110445,100.91106671242422,275978
2014-05-15,STK_07,102.23429404852011,103.38478595233374,101.24635461256266,102.42624278002566,448338
2014-05-16,STK_07,100.48111262234087,101.45151889462254,99.5895006750293,101.29388306785066,551655
2014-05-19,STK_07,102.27469864185856,103.06354804018184,101.4172432314628,101.62967634199218,456653
2014-05-20,STK_07,106.15285073409811,106.66924604806331,105.60810443029449,106.27198198873023,322083
2014-05-21,STK_07,104.7502235689189,106.41621066205332,103.25750388677037,104.93738427489686,931613
2014-05-22,STK_07,104.07719146217283,104.39466861640352,103.31712739447526,103.8390986521136,617250
2014-05-23,STK_07,101.91241634103027,102.54661413396383,101.4081724102073,101.87523142641905,156779
2014-05-26,STK_07,101.51700580330318,102.60006574517685,99.88343387529126,101.67373767114361,158513
2014-05-27,STK_07,99.72158514911445,100.9583943578296,99.07408693131389,100.17150357832043,612840
2014-05-28,STK_07,100.02300271382272,100.73948675119212,99.03147702523171,99.43236748254213,746331
2014-05-29,STK_07,99.59313012162494,100.97304956487926,98.60888193472084,99.14809095030759,636859
2014-05-30,STK_07,95.19358003141359,97.1972661628532,91.71114712697522,95.70318957286439,90489
2014-06-02,STK_07,95.69454781526295,96.41037562116864,94.7260680513941,95.62907546814161,44386
2014-06-03,STK_07,93.88342558869535,94.14473766248727,92.11305100564917,93.44044232455542,783737
2014-06-04,STK_07,93.64942654980824,94.266473867295,93.33703084368045,94.0281611715404,247219
2014-06-05,STK_07,93.42593177342934,94.6212223385999,93.0959654007721,93.53955537542952,949514
2014-06-06,STK_07,93.53991571734026,94.21983281230794,92.95038834642726,93.43776552264079,168833
2014-06-09,STK_07,96.42232934928337,97.06814408166031,94.94384366757122,95.45093654590042,905320
2014-06-10,STK_07,93.80483894222512,94.83448908683162,92.9362190786012,94.5930920623379,849650
2014-06-11,STK_07,92.50025350771793,93.88222375264952,91.45694279700712,92.7082542548296,706344
2014-06-12,STK_07,91.7930612052327,93.00238927423918,91.76377474857016,91.95762741451128,293615
2014-06-13,STK_07,90.48454616219742,91.69705137286012,89.63191424021988,91.15549451755774,570819
2014-06-16,STK_07,90.48317969791559,90.56272064552776,89.25379572995212,90.54305090648141,423879
2014-06-17,STK_07,87.07642540162762,87.6850692300427,86.81459336521448,86.82668166589964,640973
2014-06-18,STK_07,84.80121380246493,85.06291662519013,83.46208759407277,84.73491025532209,133300
2014-06-19,STK_07,86.48390936227965,87.41166449750416,86.41691960223977,86.54053207668845,163220
2014-06-20,STK_07,86.9485389794353,87.02172125047184,86.64145721325734,86.68777102364989,163639
2014-06-23,STK_07,85.75940057444981,86.37369780143779,84.50688046158615,84.54131707725101,416371
2014-06-24,STK_07,83.86652304325855,84.8316097970695,83.0274638552742,83.21215416248067,897903
2014-06-25,STK_07,83.02502994086655,85.25022524678363,82.33442627572421,82.49379347631628,4905
2014-06-26,STK_07,82.75841963725831,83.04368085774084,81.72162876863523,82.18207176951877,378515
2014-06-27,STK_07,82.07194313742106,82.56566921266871,81.6995046199457,82.37382920611857,116114
2014-06-30,STK_07,83.61262174009184,84.29500622751428,82.40329709026271,83.06422640231092,874110
2014-07-01,STK_07,80.89695637040941,81.38562569067845,80.43373534899384,81.23847013881593,393177
2014-07-02,STK_07,82.42851388966932,83.12171921114577,80.42633909707631,81.28122487321693,646671
2014-07-03,STK_07,80.82539448830866,81.96443938210582,79.89924554460205,81.16006524739818,257041
2014-07-04,STK_07,78.19461672105676,78.26745371884194,77.09354614747194,77.97173353380403,815353
2014-07-07,STK_07,77.96288014259228,78.4040220375376,77.43806559918832,78.06374265339605,846316
2014-07-08,STK_07,78.28284188354503,79.40977213177158,77.6670471993279,78.58505007716425,125981
2014-07-09,STK_07,79.80450391866508,79.82452886330424,78.49695816598984,79.56416360616947,678280
2014-07-10,STK_07,78.91457941763603,79.4883758866759,78.45229567960418,79.0510571034023,283254
2014-07-11,STK_07,81.16952639374698,81.40104017701861,80.8069192993105,81.2970460155843,236280
2014-07-14,STK_07,81.35208847169633,81.89551946040166,80.86478425471897,81.46671606812863,160388
2014-07-15,STK_07,83.08159474031423,84.27479870106984,82.31951117478859,83.38436821304677,844810
2014-07-16,STK_07,84.2993658208315,85.66977445848129,84.03806604200682,84.40108216750085,294173
2014-07-17,STK_07,85.49089491621142,87.1743600475369,84.4772620244277,85.94470267378476,301472
2014-07-18,STK_07,83.85109090492607,85.33005669262602,82.36895985343968,85.0394742971976,499272
2014-07-21,STK_07,87.43971965148539,89.13733680650887,85.63929093155777,87.20793683365153,449590
2014-07-22,STK_07,87.10248836156632,88.41501991337105,86.10634187369587,87.01953749644944,538913
2014-07-23,STK_07,88.26324993017532,88.94624800773809,86.26737150441636,87.94128642079222,420284
2014-07-24,STK_07,89.28855572418287,90.37355125542705,88.2141244883654,89.35012971435374,821428
2014-07-25,STK_07,92.74740740307834,93.80403529191311,91.46918296066292,92.76710640520643,702798
2014-07-28,STK_07,92.54468347672459,92.6354050379291,92.16580405796546,92.3321261988439,488272
2014-07-29,STK_07,93.50562063165823,94.54886045277814,92.68744917627754,93.70600873332275,958552
2014-07-30,STK_07,93.11941773484376,93.50894051224273,91.70970567697431,93.36290099566054,396074
2014-07-31,STK_07,93.55177025767134,94.85663276577499,92.75220168507474,94.69631074557098,892505
2014-08-01,STK_07,92.37741789055913,92.73373595436917,91.98628836302662,92.32940572603262,823651
2014-08-04,STK_07,89.61146313431666,90.55486719535627,89.29334528293148,89.82111227871619,181798
2014-08-05,STK_07,89.20026874039482,90.10198257280305,88.43316523059543,89.06827705090848,482708
2014-08-06,STK_07,89.22298641206751,89.73600270249581,88.51372788729205,89.72618951630061,797162
2014-08-07,STK_07,93.26760263135432,94.92622800364693,90.96267177208878,92.79895676508742,200746
2014-08-08,STK_07,95.31527850473913,96.29465865615275,94.00228150128832,96.14850520096867,767434
2014-08-11,STK_07,94.61893224973579,94.6709178074536,93.32260981623509,94.60129213522278,354268
2014-08-12,STK_07,96.15577967991537,97.29547501294115,95.28925777824284,95.98387497954202,507182
2014-08-13,STK_07,95.10829902545534,96.26680182198861,94.83922751657894,95.2002267659317,622976
2014-08-14,STK_07,94.26859464155642,95.03387015669014,92.71990782599993,94.74689896162022,345833
2014-08-15,STK_07,90.78700906035343,92.7676650934218,88.98166612210676,91.12026484565251,857369
2014-08-18,STK_07,87.58318915232768,88.04227353292863,87.34652182937492,87.75562384384484,471352
2014-08-19,STK_07,89.57195993742452,91.66347802936474,88.94848893568592,89.71083083574787,402562
2014-08-20,STK_07,91.5016773098338,92.1387043175089,90.53874857647754,91.36112251926787,975218
2014-08-21,STK_07,89.1130510396597,91.6307117537861,88.55408837937253,88.80984030279193,831498
2014-08-22,STK_07,87.82914464950004,88.53006276481086,87.82629129124042,88.16706733249856,998498
2014-08-25,STK_07,91.52503207877221,91.74478859238086,90.54866975778744,91.29391994309822,80391
2014-08-26,STK_07,90.4819404007365,90.55859122896827,89.9250137603991,90.41425539451969,124231
2014-08-27,STK_07,89.82947576287093,91.1839147832821,88.49809892425209,89.358073813335,600109
2014-08-28,STK_07,89.88925322379714,90.41287981056666,89.29818292683183,89.74242839823957,306943
2014-08-29,STK_07,89.43401759476185,90.12224125606461,88.6134762520582,89.42035296455724,764754
2014-09-01,STK_07,88.62528958590201,89.95365880598246,87.10328588087799,88.12779929098826,649821
2014-09-02,STK_07,90.25916603077576,91.51122977140808,89.27438253043849,90.54180688646045,442509
2014-09-03,STK_07,92.45696597038695,92.52344250906597,90.62092866240738,92.3348623001131,785120
2014-09-04,STK_07,91.89379181792961,93.03998981429545,91.38219866097296,92.56482266401432,369505
2014-09-05,STK_07,94.34727130870472,94.70170330197334,93.15475748815741,93.47062592705416,872201
2014-09-08,STK_07,91.89600835113393,93.12316819551752,91.48187606989207,92.74931388968666,950520
2014-09-09,STK_07,90.95470740761711,92.88906190442441,89.64075757953086,91.65564154113777,135364
2014-09-10,STK_07,94.54083480967124,95.56188396772797,92.83743504939018,94.55040228870098,768288
2014-09-11,STK_07,91.69701725989253,93.95198443759286,90.99038062138682,92.84698619359291,96927
2014-09-12,STK_07,90.95920589877352,91.2966656267348,90.59402187016897,90.73845002542306,48949
2014-09-15,STK_07,91.0215946012163,91.37630973821035,89.32263927693575,90.29324513209268,631098
2014-09-16,STK_07,90.80069231177667,90.97044227594058,90.34613788410562,90.4915238871179,510294
2014-09-17,STK_07,96.87878263374478,97.15268583273668,96.61954738075075,96.77391178207499,416459
2014-09-18,STK_07,93.8095315915613,95.23182493130123,93.7894065747083,94.79025085432441,857808
2014-09-19,STK_07,93.48483412589539,94.48810219751773,93.04511088992751,93.39395216701222,826071
2014-09-22,STK_07,92.99278066579843,93.90838545698787,91.62530437491624,93.18095866764365,923215
2014-09-23,STK_07,91.96418349146197,94.05593158275266,90.45548963858172,92.08683002225074,3781
2014-09-24,STK_07,93.75319792980656,95.0275247784796,92.31421316178168,93.21666747292267,936659
2014-09-25,STK_07,92.6817505228601,94.66776246387971,90.71714860299731,93.19042874411518,380030
2014-09-26,STK_07,91.28263601483654,92.4318987960756,90.9762457754766,91.22142890683755,489179
2014-09-29,STK_07,91.31737734034294,91.97733933585947,89.49563938719386,90.85910379656248,130072
2014-09-30,STK_07,88.00056652537886,89.43118087595872,87.46882369317986,88.47477576921763,109083
2014-10-01,STK_07,87.1894935646119,88.74704238588465,86.7947247321083,87.17300396299176,645542
2014-10-02,STK_07,89.00533259300667,90.13864296110145,87.53532772130758,89.46001692169958,211315
2014-10-03,STK_07,88.1975217092698,89.09615414958526,88.10092062237494,88.48449029941673,566911
2014-10-06,STK_07,85.14853192435665,86.17705825031243,84.74243500740758,85.49947194656733,282572
2014-10-07,STK_07,86.193395055213,87.01749910820809,85.88882232518209,86.57027772513979,627642
2014-10-08,STK_07,87.05891986172828,87.8311952322657,86.32858329944285,87.37292620925038,362344
2014-10-09,STK_07,89.05023893269946,90.11762875266477,88.42600865648059,89.41222021844666,8533
2014-10-10,STK_07,87.05631612919406,88.08156935461147,86.5339439990143,87.67411982246638,618372
2014-10-13,STK_07,92.22533554849862,94.0199674224572,91.86176973176497,92.38562245574859,670745
2014-10-14,STK_07,90.28415888466124,90.94079912391734,88.57828309651589,89.90843270872672,56689
2014-10-15,STK_07,90.07421435366714,90.35450754541834,89.0846493013915,89.71645335034637,905923
2014-10-16,STK_07,94.74035577370182,95.64753019924898,93.69639495212742,94.99259264756958,28747
2014-10-17,STK_07,93.78967520953573,95.29350476022569,93.56871806784557,93.92832383625974,635992
2014-10-20,STK_07,95.64800721341602,96.52711399329063,95.40243539167881,95.58168682261754,905442
2014-10-21,STK_07,93.06871376023658,93.0893038648022,91.12944436585555,92.52385396813096,384967
2014-10-22,STK_07,93.6327906019853,94.42454523785732,93.28884355105686,93.2964900767052,614531
2014-10-23,STK_07,96.80539987145255,96.82754169836782,95.76872161369874,95.85192558148641,413458
2014-10-24,STK_07,97.78864416029026,98.96309847873525,96.72818071326861,97.44447521701753,259556
2014-10-27,STK_07,96.41252007071226,98.35960889606186,95.70817118798237,96.64883104988576,596703
2014-10-28,STK_07,95.27581038065946,97.63563749324008,94.75619506439504,95.54219794678211,910075
2014-10-29,STK_07,95.17126540347184,96.01881734283178,94.73741090615889,95.35884992582744,49597
2014-10-30,STK_07,92.44430210264912,93.15331697748303,90.86451454851237,92.71099324353172,987164
2014-10-31,STK_07,93.98945551854803,94.4216413877418,93.04496496154022,94.33546202688889,961608
2014-11-03,STK_07,93.6792133030368,94.27857785796253,93.04690516296219,93.77915326023492,806149
2014-11-04,STK_07,95.8903111029595,96.77861322777395,94.14545075559548,95.42261386939084,562955
2014-11-05,STK_07,97.03840898686204,97.49316045150415,96.02571640461572,96.57530672753896,383012
2014-11-06,STK_07,94.37263012322246,94.89850025101188,92.78795226052443,94.63721599248821,364008
2014-11-07,STK_07,93.86864860414578,95.15791099613469,92.50118051708458,94.00872208340803,853021
2014-11-10,STK_07,95.26594327462398,96.24854990300531,93.26945054476073,95.36074087599104,460271
2014-11-11,STK_07,97.85374088633004,99.5062100932924,96.81492299239312,97.42376179358641,286499
2014-11-12,STK_07,95.66723332674766,96.55371800994712,95.26071720672387,95.95651719913059,830831
2014-11-13,STK_07,90.77712704073929,92.60050017287394,89.27832927246389,90.86820818246153,23864
2014-11-14,STK_07,92.82934721121066,93.22286604251693,92.56586734377429,92.63110146270884,904931
2014-11-17,STK_07,94.0649171282609,94.10621559831003,92.85714936957339,93.45754002718645,803766
2014-11-18,STK_07,94.91891659276115,96.6602983486819,94.16279902857806,95.59713655682565,262677
2014-11-19,STK_07,93.80150757910395,94.85882340169067,93.35673736726672,93.65921827010928,749053
2014-11-20,STK_07,95.45979032586209,96.16356347450666,94.11253112552326,94.90911763450778,134781
2014-11-21,STK_07,95.89113229777456,96.48001652834878,95.44094573009849,95.80461645712333,926251
2014-11-24,STK_07,98.27736177119132,98.79405594828188,96.50705172617369,98.25999193330497,831483
2014-11-25,STK_07,98.68127339194129,98.86311336612088,97.92109402282846,98.37729797555082,578404
2014-11-26,STK_07,98.85181327927666,101.01180321955479,98.63276895979797,98.77299618498252,691229
2014-11-27,STK_07,96.63704744664986,98.1204269905977,95.53107373515475,97.34153081743281,892579
2014-11-28,STK_07,100.1649313541968,100.91294798374177,99.29784945134496,99.80793754073933,49098
2014-12-01,STK_07,97.62138010563626,98.3724396727342,96.29373618347219,97.98977763567277,466217
2014-12-02,STK_07,93.76613366147451,93.80412708557054,92.05747661403457,93.09078182525462,108384
2014-12-03,STK_07,92.75371349682734,92.91223571950513,90.95907723643295,92.52186479761085,316314
2014-12-04,STK_07,90.55450187724534,91.06684255791454,89.2388844646561,90.5637867092369,19057
2014-12-05,STK_07,90.29041057147438,92.14946135176442,89.6431323132391,90.28852429268146,634863
2014-12-08,STK_07,85.45569766475279,86.21243921477112,83.40704123751064,86.03273416632612,586699
2014-12-09,STK_07,84.12228105281243,84.9097701350681,84.04290230868357,84.39348374220054,313169
2014-12-10,STK_07,84.42535514439608,84.61116825809097,83.82467637928879,84.36044800355383,130276
2014-12-11,STK_07,84.39339789150364,85.19071613433267,83.30751530014929,83.96925395423487,304876
2014-12-12,STK_07,86.2475857523363,86.27883331363961,84.37906672535412,86.19404479495361,681010
2014-12-15,STK_07,82.7149680939258,84.53078073567,82.6450726333787,82.68052376025004,473703
2014-12-16,STK_07,82.68836758040376,83.21671584819823,81.2252708089116,82.83380815913321,496775
2014-12-17,STK_07,79.82929863559873,80.78661595035376,79.34839969952785,79.6388838746457,13385
2014-12-18,STK_07,81.13208130140411,81.51616613131635,80.54551523224453,80.75006965837427,76887
2014-12-19,STK_07,82.15600199114638,83.19005884813431,81.07157185916046,81.92494984231647,849412
2014-12-22,STK_07,81.97476741691239,83.07786385069984,81.12808579593614,81.94024688776443,6215
2014-12-23,STK_07,83.38604231326242,83.84998575651517,82.28746193525744,83.52515913336728,546062
2014-12-24,STK_07,83.36992135602499,84.0914030190797,83.00820328857272,83.27167507458611,707888
2014-12-25,STK_07,82.71243743465112,83.93802711316734,82.10863986180944,83.26201352132477,178314
2014-12-26,STK_07,84.71861537445912,84.85621360230571,83.89125570890354,83.91629408231225,932452
2014-12-29,STK_07,82.67456474368997,83.91093143104261,82.24289892055796,82.63061340252423,729549
2014-12-30,STK_07,82.91637710645827,83.98040330163178,81.61681488918873,82.2460469401671,385743
2014-12-31,STK_07,83.0957453677303,83.77727199915117,81.98560534831486,82.22570071688641,702660
2015-01-01,STK_07,82.38802884916524,82.75475841446273,81.71138751131231,82.16132641172483,526500
2015-01-02,STK_07,78.25311611032674,78.88584700414513,77.83266687638955,77.87097188017923,738801
2015-01-05,STK_07,78.0028398302459,79.04025518975126,77.67406353819915,77.89001431887664,680726
2015-01-06,STK_07,77.6835158209606,78.17342470188022,75.8976198398456,78.11046348476623,838778
2015-01-07,STK_07,79.27887366930636,79.65563200164196,78.42361819083771,79.02529394129122,956041
2015-01-08,STK_07,80.41345658579482,80.79942037371806,79.91562227732152,80.22938702103482,940030
2015-01-09,STK_07,79.89116523499065,81.33736104386635,79.75202520097034,80.10941832785241,12586
2015-01-12,STK_07,80.79866221276329,82.12825906640435,80.17116755425565,80.57877882383089,822158
2015-01-13,STK_07,80.06457955617333,80.41399687974005,79.8139573646147,80.35710066848773,554414
2015-01-14,STK_07,81.56333830740736,82.10324474241936,79.85685672379961,81.68473805100943,808704
2015-01-15,STK_07,82.33126853368304,83.47648006258414,81.64211697356262,82.74335474214084,581299
2015-01-16,STK_07,81.11620540115588,81.85324735037884,80.60621646705786,81.19802719487959,752074
2015-01-19,STK_07,81.75038079842602,82.59580053454965,81.59402148810464,82.31585143901296,712219
2015-01-20,STK_07,81.4128412474771,83.04107115422934,80.45256731845846,81.27218031060099,960764
2015-01-21,STK_07,78.99389901332859,79.69617237832641,78.53822390026957,78.68405177739797,221895
2015-01-22,STK_07,79.87323254015249,80.25088242088579,79.22208838848834,80.15411083046126,427389
2015-01-23,STK_07,82.45484871090376,84.48074233547725,82.41220288833956,82.90232025653174,891083
2015-01-26,STK_07,83.10451989165813,83.33418556471496,82.90671688225595,83.1145583542776,441424
2015-01-27,STK_07,80.27678516165284,81.35966372706473,80.09467430403413,80.77558269455146,888195
2015-01-28,STK_07,79.66479256370415,81.82725919279878,78.87853298189562,79.97569925583068,93383
2015-01-29,STK_07,81.1735121649505,82.35285722458475,80.78401961236689,81.27935600020808,643964
2015-01-30,STK_07,83.73036259018403,83.92365631223622,82.7456165908281,83.5747936058506,468887
2015-02-02,STK_07,84.7495801185356,85.21663594414733,84.20693137870536,84.48427800186765,37057
2015-02-03,STK_07,84.67101402929524,85.10637409200253,84.41976328395434,85.09714850014667,344904
2015-02-04,STK_07,87.51043099166564,88.32924682095671,85.92929153951528,86.81722139653428,197980
2015-02-05,STK_07,84.79820987689587,84.82036761454367,84.46657075616167,84.6244006407547,902346
2015-02-06,STK_07,87.10332862087485,87.42625771662738,86.70282856411126,87.12648839646937,103207
2015-02-09,STK_07,88.10626108717794,89.07634401018866,87.05498927037556,88.31980465549381,192519
2015-02-10,STK_07,88.37124093260047,89.97579671584387,88.29982701837066,89.40050698934094,857728
2015-02-11,STK_07,87.44801622571698,88.90929216157303,86.0948286352599,87.05390667826524,807924
2015-02-12,STK_07,86.47698430861554,87.43669166518968,85.21912880593746,86.79509885464917,326333
2015-02-13,STK_07,84.8202259208208,85.43674784709555,83.53539295542775,84.8895738854259,861543
2015-02-16,STK_07,85.38033458056269,86.39928916308861,85.23089207890463,85.87821023134863,577629
2015-02-17,STK_07,86.38689443910194,87.98922742901868,85.9724074641579,86.87405115815098,610878
2015-02-18,STK_07,86.79575201634297,87.22848061999973,86.6359781888808,87.19737019822296,406538
2015-02-19,STK_07,88.75333496290175,89.28100023911227,88.15961414332314,88.25345620567785,444769
2015-02-20,STK_07,88.11264095199152,88.54265338431432,86.89569178298885,88.2000025605099,22476
2015-02-23,STK_07,88.64611291138627,89.04283176549346,88.32577647497381,88.64348838915309,891565
2015-02-24,STK_07,84.04217458401894,85.21608841861237,82.51446433662257,84.70938689697466,214319
2015-02-25,STK_07,87.0435218347121,87.3314659888796,85.77117432891887,86.61827747066316,252416
2015-02-26,STK_07,85.25841492710458,86.54852322533753,82.82376097520863,85.18172079343053,378150
2015-02-27,STK_07,83.28435439852475,83.40024899118015,82.50759952040062,83.30340604803813,141282
2015-03-02,STK_07,80.9593802643474,83.74588709902712,79.47202306286528,81.66854013732517,687036
2015-03-03,STK_07,81.97546218973743,82.89450079919264,81.48819046763987,82.17527650543363,364691
2015-03-04,STK_07,81.2885002011796,82.05233392593433,81.10451611663807,81.6575044354333,345364
2015-03-05,STK_07,80.86619659174211,81.71076584385925,79.50759703183935,80.84511943591036,357745
2015-03-06,STK_07,81.36021446352213,83.28907411343046,80.73783319431635,81.73803788493825,218314
2015-03-09,STK_07,81.88940225973285,82.6199787794261,81.54340179221761,81.83713366655111,968374
2015-03-10,STK_07,81.4524913549836,81.67680946920248,81.35594600244015,81.40390386044643,481516
2015-03-11,STK_07,81.51120174148384,81.66796744640541,80.08336359527111,81.33746592264815,900366
2015-03-12,STK_07,84.90959834946584,85.69149463652109,83.02326737110887,83.82362368464793,537118
2015-03-13,STK_07,80.73350084228004,81.57254813716676,80.68227418393035,81.10739182338352,209990
2015-03-16,STK_07,79.36980528940434,79.43983799278803,79.29738059474309,79.42375988310566,892930
2015-03-17,STK_07,77.53319808387774,77.98422584939746,77.51472070296472,77.67302241192466,276680
2015-03-18,STK_07,78.99035020262859,79.36909366629665,78.78411533153287,79.10274195166409,866552
2015-03-19,STK_07,80.21947021746684,80.46823605799945,79.76208564084494,79.88915422672812,185984
2015-03-20,STK_07,81.28564324802748,81.65104532346315,79.48131953169312,80.6318853614785,179132
2015-03-23,STK_07,77.57312095629462,78.28284044516509,76.21421999080899,78.09689967904262,194742
2015-03-24,STK_07,78.79391267467932,79.51345799299665,78.1471180906662,78.85768736236912,37706
2015-03-25,STK_07,78.05573073160468,79.16593685931451,77.21904631562184,77.96139766351757,733328
2015-03-26,STK_07,79.21927508229999,79.57928415503139,78.68404510898233,79.41919509975679,558803
2015-03-27,STK_07,81.44357165616208,81.66666046942294,80.85912858278577,81.09712391770846,52065
2015-03-30,STK_07,81.92764619700002,82.81966086746402,81.65547719845361,82.45000896908347,606452
2015-03-31,STK_07,85.26740231920725,85.5703488720451,84.8136516022946,84.94905328961383,868395
2015-04-01,STK_07,84.99774753118646,85.01544353153733,83.5226222822478,84.58035455179908,735965
2015-04-02,STK_07,82.52325064736644,84.00483691962626,82.08355368899089,82.94759712241857,678359
2015-04-03,STK_07,84.58748222990977,84.72111745458382,82.88799781045606,83.57284663947848,50441
2015-04-06,STK_07,82.4297107841786,82.65439612126292,81.53581592223794,82.43930933573428,208885
2015-04-07,STK_07,81.137852787089,82.00359681962198,80.97085396615809,81.33195386499123,391113
2015-04-08,STK_07,79.89120061287554,80.38831134060938,78.8854272019858,80.2384014171619,251424
2015-04-09,STK_07,80.83253508471073,82.37683435064594,79.00045090983484,81.00933419738345,253908
2015-04-10,STK_07,81.40988923657353,82.96321400779804,81.05666867238563,81.44288957655391,193123
2015-04-13,STK_07,84.89725517047799,85.64952190490469,83.2749917178512,84.86476786328417,245475
2015-04-14,STK_07,88.68728713360835,89.31653177425711,88.07646601241133,88.59585661986297,896226
2015-04-15,STK_07,88.59824025507734,88.98157909313092,87.48330802152266,88.22769661111342,287958
2015-04-16,STK_07,90.53847481024066,90.75516457256252,88.84827795859606,90.4726674839662,154102
2015-04-17,STK_07,88.87694598833549,90.15927393435229,88.8239440119572,88.87042313240549,751245
2015-04-20,STK_07,86.43828518323909,86.99361870303419,86.0042155126165,86.64427824273848,527353
2015-04-21,STK_07,87.73753914054831,88.55726334809782,87.34929181181246,88.22673252261065,449993
2015-04-22,STK_07,87.61897720177012,88.7342772699824,87.29417637404488,87.63101255183605,694688
2015-04-23,STK_07,86.34413504444613,87.24720337088846,85.94911305023192,86.97792420525269,114266
2015-04-24,STK_07,87.62310002866185,88.58701534145523,87.02924493088352,87.63231331500283,335184
2015-04-27,STK_07,88.79929409414414,89.20104382633363,87.9260170849449,88.54979953083726,216812
2015-04-28,STK_07,90.56897344647545,90.98516193658587,89.56639340134132,90.52559913230333,344063
2015-04-29,STK_07,89.9401917452087,90.53937862185943,88.28626150261061,89.81362684653013,627813
2015-04-30,STK_07,89.29645065041707,90.19991284678301,87.93446753759703,89.0667076184805,950411
2015-05-01,STK_07,90.65635709443232,90.92433102685494,89.97380804502653,90.25059247580872,693950
2015-05-04,STK_07,91.80283709986642,92.21698165802904,90.11499077462045,90.8264493290604,858776
2015-05-05,STK_07,90.88024300289604,91.11762018535984,90.39770061812028,90.90238845169878,19752
2015-05-06,STK_07,89.69404547072726,90.14496345222997,86.79686924272286,88.63676749866099,821099
2015-05-07,STK_07,88.50350364281334,89.08924842062243,87.39523551932433,88.15583600813767,233728
2015-05-08,STK_07,91.63574079960125,92.8816965312903,90.64252076428905,91.00860790716041,619782
2015-05-11,STK_07,89.41831503098058,89.42165581939479,88.86802291548761,89.39044517622104,417374
2015-05-12,STK_07,89.54221446794119,91.07446546149531,88.53295607133171,88.95642205891099,349261
2015-05-13,STK_07,91.6114229815822,92.46305019281506,91.59811929933463,92.08373414841465,131358
2015-05-14,STK_07,91.2870188308617,92.65913699386394,90.20466705906748,90.94741680756073,202173
2015-05-15,STK_07,91.3488899576435,92.0192730531977,89.56182927545738,91.11647360852284,368119
2015-05-18,STK_07,91.24103849563,92.98491117255904,90.2083003540741,91.10164628572639,126492
2015-05-19,STK_07,90.95317470132211,91.66014325227871,89.72196507950073,91.15000134909636,311744
2015-05-20,STK_07,92.69185966681796,93.15582612241752,90.1363249758834,91.86779345328144,396378
2015-05-21,STK_07,91.08171762212766,92.15684523874754,90.7717783541964,91.56497256994281,976838
2015-05-22,STK_07,92.88171886419734,93.70703534738217,92.23222146342746,92.72931115739654,500722
2015-05-25,STK_07,94.0203796508698,94.35686425816641,93.15048483426352,94.25633567481273,7493
2015-05-26,STK_07,96.4598449557638,97.78043504753572,94.89837974157317,97.14451226367972,452767
2015-05-27,STK_07,95.17598742604608,95.86904072844314,92.711886272819,95.82296632261894,222467
2015-05-28,STK_07,96.51782561911844,98.61759002768945,95.4911631932245,95.7917039793648,846199
2015-05-29,STK_07,94.95344054710984,95.37879815087184,93.90537933256641,94.10236986776522,843602
2015-06-01,STK_07,92.06825945838348,93.94042809723605,89.26236703229485,91.8708414466118,714594
2015-06-02,STK_07,92.6409705643298,93.28996402178927,92.34321251566932,92.87455213431201,122349
2015-06-03,STK_07,91.6485468269007,92.87935740993646,91.13294485897534,91.31605357274097,882226
2015-06-04,STK_07,90.23948714029679,91.06647681499875,89.10556886144143,90.41639591256204,290072
2015-06-05,STK_07,87.21591242894266,88.2494080295451,86.22973761743674,87.51299435672102,690489
2015-06-08,STK_07,85.26671884434842,86.22043748441911,84.95473607056219,85.72686547200698,820069
2015-06-09,STK_07,86.1964241134637,86.76686931663042,85.34091110597001,86.34214594516664,480702
2015-06-10,STK_07,88.78033599197546,88.82167157871802,88.07683606101618,88.73574682399718,92825
2015-06-11,STK_07,89.31459221675739,90.07681913393397,88.47425322476134,89.41310060314117,26887
2015-06-12,STK_07,90.51199377903562,91.44322890510084,89.82501704002445,91.38008177749158,161594
2015-06-15,STK_07,93.36688011377927,94.859034829163,92.38073667941848,93.85923854703402,949575
2015-06-16,STK_07,93.88469321159933,94.87423769267447,92.5662834702334,93.2297875214561,908867
2015-06-17,STK_07,91.70907432262013,92.48941169628817,91.08786211833863,92.00183947982002,10921
2015-06-18,STK_07,89.45146975704749,90.03981298613657,88.66573747710683,89.62133471366258,771393
2015-06-19,STK_07,91.11573306929789,92.03464456425158,91.01683895823031,91.77925756208562,330177
2015-06-22,STK_07,90.2453472582004,92.05381094070364,89.3782617151429,89.53817880903155,835668
2015-06-23,STK_07,90.74532926912862,91.89796532240779,89.28108420945578,90.49853155454097,158554
2015-06-24,STK_07,90.93999761849334,91.47674593672134,89.93164475111509,91.3594657973788,897954
2015-06-25,STK_07,90.85804682620055,91.33777627304458,90.66736643014296,91.16075561966638,927550
2015-06-26,STK_07,90.81751633528235,91.83094872382276,88.97112620828143,91.48472597120853,454075
2015-06-29,STK_07,90.95743363198261,92.8205445963053,89.92915023161694,90.38205914454072,789902
2015-06-30,STK_07,91.58861011965263,92.21783768889917,91.0623482989104,91.34404644042793,277361
2015-07-01,STK_07,91.78837012335646,93.48735503042921,91.45624462770428,91.7311772636053,601397
2015-07-02,STK_07,90.84021610579222,91.9836897711374,89.55769558784198,90.78199213569272,257359
2015-07-03,STK_07,90.99610551596922,92.45620977788883,90.23990890945528,91.28311422299659,633239
2015-07-06,STK_07,89.57727245960439,90.39320893391802,89.22311393125817,89.94650458624871,925186
2015-07-07,STK_07,89.52591226598199,90.73991842650626,88.94311238911455,89.93306978469118,163229
2015-07-08,STK_07,91.36629402001745,91.99910562909612,89.74991535249086,90.4471263958525,460267
2015-07-09,STK_07,90.31741468769967,91.76027870738943,90.17201297917916,90.48451239014699,586137
2015-07-10,STK_07,87.12032772434995,88.29175754100008,86.71253780931073,87.41389943930255,67890
2015-07-13,STK_07,86.75322254846492,87.61111500553835,85.27918979083921,87.1824999497786,58956
2015-07-14,STK_07,87.20534375414475,88.03099724074808,86.41629719238279,87.7789954907896,37376
2015-07-15,STK_07,84.63578661494643,85.63901381043806,84.48985890774962,85.1396259414827,730894
2015-07-16,STK_07,86.03386567751959,87.31242896865317,85.19348454272351,86.59245839063969,478835
2015-07-17,STK_07,87.49247727190381,87.95116850051598,86.66407547752215,87.61710898282917,830543
2015-07-20,STK_07,87.29575204613607,88.03104829964725,87.03245871495346,87.9328874868861,387170
2015-07-21,STK_07,91.85337491462383,92.62378551198715,91.6554883850262,91.66999419377528,815764
2015-07-22,STK_07,89.44920645654459,90.47905075362335,88.53664842285146,89.33104575428145,87374
2015-07-23,STK_07,92.48869437103441,92.86164275515684,92.18904777094181,92.79284352670284,787151
2015-07-24,STK_07,94.38121935842749,95.49996769857188,94.21276429246512,94.40573274608144,525270
2015-07-27,STK_07,94.44787409146042,95.03021449836865,94.36792134077156,94.79512507007149,269684
2015-07-28,STK_07,96.43680881672081,97.13107427643011,94.39984431407328,96.3653635131217,410328
2015-07-29,STK_07,94.86782934140814,97.30309843138681,94.11689575947752,95.22066093552202,535933
2015-07-30,STK_07,99.77703464420708,99.98689192010386,99.17593905992364,99.70655251546138,891683
2015-07-31,STK_07,97.65632894930778,97.67647847376129,96.57345030397941,97.46078920665889,824566
2015-08-03,STK_07,97.23314816377797,98.14851001557372,96.70778442793866,96.9926337120955,670511
2015-08-04,STK_07,96.22050298837578,96.72825904563932,95.87790324543136,96.60501257720281,353307
2015-08-05,STK_07,97.34994578846123,98.11304227666244,95.19738096979732,96.3552602685336,381343
2015-08-06,STK_07,94.84634937067307,95.8205638448245,94.52868633182321,95.55403618830208,679602
2015-08-07,STK_07,95.31834600515943,95.95199040383564,93.45129148402917,94.90389425460138,657245
2015-08-10,STK_07,93.44795190045826,95.11170022455721,93.03518917862769,93.78597935618195,793596
2015-08-11,STK_07,92.63241802289102,93.92159836781997,91.86190877314777,92.9662801502282,573098
2015-08-12,STK_07,90.6086577205147,90.72692986691573,89.10129943492956,90.72633980563766,726306
2015-08-13,STK_07,90.71354279668556,91.05400369952545,89.5656181282991,90.26277394185938,717861
2015-08-14,STK_07,92.19094397889319,92.20353516372533,91.74795837701339,92.11371442831,878086
2015-08-17,STK_07,94.31677908571305,95.16437393498866,93.58272575908975,94.44871507831083,467866
2015-08-18,STK_07,94.56016313463094,95.04515174710187,92.98975667792595,93.83559016089379,178922
2015-08-19,STK_07,94.90972111809064,95.70949870238854,93.62159186475348,94.70542032197412,663735
2015-08-20,STK_07,94.06178029531297,94.6320731907709,91.17769248794221,93.13166136185626,553261
2015-08-21,STK_07,94.13892041108728,95.19819824790709,92.56398809514492,93.74705228816049,323682
2015-08-24,STK_07,93.51989621393915,94.3300404411092,92.45515581117304,94.28954808979104,17688
2015-08-25,STK_07,92.65331173218881,93.8545787218701,92.31837465797334,92.53482442291573,549217
2015-08-26,STK_07,93.69800073013553,96.97070036308685,93.5130086828462,94.55825682075033,759177
2015-08-27,STK_07,99.43447049647123,99.62524549520415,98.37934457524428,98.54442705834668,135478
2015-08-28,STK_07,96.22426118543628,98.2428193393406,96.22055323005655,97.20447789696004,518800
2015-08-31,STK_07,94.43784984429814,94.97714510098739,93.92450750088801,94.32044966158607,398286
2015-09-01,STK_07,93.28911669365863,95.2940804395248,91.57937046417089,93.61767530958943,357993
2015-09-02,STK_07,92.67934297199068,93.35411819137853,91.30114205946013,92.73616373335436,308336
2015-09-03,STK_07,95.09990223144138,95.68880082802913,93.93933672746513,94.15901520025062,492399
2015-09-04,STK_07,94.71687154498979,95.0384267979553,93.1183002639996,93.72899962598208,564937
2015-09-07,STK_07,93.71250320465295,94.18438930160674,93.28336818863421,93.5156246336149,513716
2015-09-08,STK_07,94.64929052871572,94.82621416515076,92.77804088012138,94.41984755522589,121562
2015-09-09,STK_07,97.08689298533028,97.13371795014262,94.9944189649256,96.152446164564,398035
2015-09-10,STK_07,96.43855690613864,96.86609230766754,95.19941231337961,96.08834943928314,21158
2015-09-11,STK_07,95.40635024719714,96.28364885000244,93.93035976599886,94.96487896032338,927290
2015-09-14,STK_07,98.47466530015184,98.56756282889167,98.04507092580488,98.35860777364726,723072
2015-09-15,STK_07,98.73803362706695,99.79487836014725,98.54734801979006,98.99354952428081,653506
2015-09-16,STK_07,97.03277247589061,97.19088766389366,96.6052296913512,97.0915800227244,290670
2015-09-17,STK_07,93.99563529918734,94.10029455740968,92.16114522473093,93.57595376439053,769179
2015-09-18,STK_07,92.82112206214879,93.86024541801487,91.92976852133471,93.47233768858037,198194
2015-09-21,STK_07,95.88552039910297,96.22126914927104,94.51787410227509,95.44450611932879,701384
2015-09-22,STK_07,96.8575635824727,97.14591543470223,95.18944720824494,95.9995443118996,330679
2015-09-23,STK_07,94.0773477644663,96.08908483591738,92.83549680732268,94.82935357703029,998928
2015-09-24,STK_07,95.85172400412546,96.56485132900079,95.72320053069934,96.21749025716608,709940
2015-09-25,STK_07,97.41817352243532,97.76486185039384,96.84292926718143,97.3255182154456,223082
2015-09-28,STK_07,96.79621857625457,98.9963752380089,95.13072925178179,97.30018835686877,716475
2015-09-29,STK_07,98.54175171111113,99.15250591658847,97.18932235206017,97.63077317176271,919459
2015-09-30,STK_07,96.29167860912813,96.62101639562029,95.49771338148977,96.28188008776392,861472
2015-10-01,STK_07,93.59716914857076,95.44269205807468,91.0357604535515,93.63584035618963,987999
2015-10-02,STK_07,92.6699332469784,93.46248494485822,91.96696751341395,93.10498078419755,701938
2015-10-05,STK_07,89.9061800662865,91.52183215690063,88.8876251536551,89.60569929416714,675162
2015-10-06,STK_07,89.13346882319415,89.32867305542176,87.84384178382344,89.06563419036068,750450
2015-10-07,STK_07,93.11369080619973,93.2338786462011,92.0941665336586,92.36805246434035,2235
2015-10-08,STK_07,89.50232520694,90.26409938745707,89.31110870032795,89.8293063752268,709202
2015-10-09,STK_07,88.55980647502714,89.43950638804621,88.38400841713197,88.65022270091148,504486
2015-10-12,STK_07,85.0511273550105,85.30769903658874,83.98662085203675,84.13200853252623,836642
2015-10-13,STK_07,80.06952317581157,81.270031819521,79.26039154895831,80.51073534542411,69378
2015-10-14,STK_07,80.49885150618273,81.01597322487655,80.21493634773479,80.5026283798153,949389
2015-10-15,STK_07,82.34420481582745,82.83396599405809,81.32415021726031,81.39266262494809,555332
2015-10-16,STK_07,82.14385990075492,82.37797589794803,80.9546046925546,82.12674643195814,563914
2015-10-19,STK_07,82.78151276660344,84.03364653258987,82.28778405419715,83.44480405260555,179106
2015-10-20,STK_07,83.94878813347279,84.23780834364084,82.94077720931148,83.97592762713569,434910
2015-10-21,STK_07,85.1885299122117,85.98611447779885,83.62957316229969,84.48713366574103,539166
2015-10-22,STK_07,87.1415422386962,87.30371667843461,86.34237032831327,86.7860864112522,491981
2015-10-23,STK_07,86.30484889298707,87.19467148700932,86.30044267605047,87.12163199757255,209075
2015-10-26,STK_07,86.21211669231212,87.96480510610311,86.09958403681084,86.52516006424705,819478
2015-10-27,STK_07,85.48950695087952,86.8565615213848,84.04298942498522,84.73679271818766,209236
2015-10-28,STK_07,82.96706966192325,83.19606313660749,82.7539045690078,83.09282363918037,872465
2015-10-29,STK_07,82.61351561823324,83.02834572471434,81.50842453400458,82.56798343524238,606372
2015-10-30,STK_07,81.94386366789658,83.79462408074944,81.22896662845606,81.84445349441725,157347
2015-11-02,STK_07,80.6776704377083,81.44733607904324,79.55102691303914,80.32111858260241,784773
2015-11-03,STK_07,81.32820917844913,81.661596814875,81.0321246368671,81.09774196924828,159602
2015-11-04,STK_07,80.31245641957827,80.97720650766531,77.99410849391849,80.15981723711596,546035
2015-11-05,STK_07,80.43569654138362,81.00096917003552,79.53818650934136,80.27098132729641,136702
2015-11-06,STK_07,79.78297079169059,80.33027237904344,78.5506108826773,79.48734174601297,414260
2015-11-09,STK_07,82.14743318282004,82.31892580073132,80.59231258491448,81.55207045187498,382946
2015-11-10,STK_07,82.8996363944139,83.52942255588236,82.0946820267511,83.04703125480086,547609
2015-11-11,STK_07,83.92106659916834,85.09989477969941,81.53531439936805,84.05142517235201,13675
2015-11-12,STK_07,82.73243721296139,83.84476890966323,81.9002600511725,82.53137681168694,854797
2015-11-13,STK_07,81.80454145043801,82.16538949135294,81.55922363357767,81.88519304877087,595029
2015-11-16,STK_07,83.63093784200174,84.61992944443239,82.53456200127651,83.01948708860279,297165
2015-11-17,STK_07,81.00392845124333,82.81854057795867,80.46982388378697,81.76817861852794,410079
2015-11-18,STK_07,82.55706459571756,82.99990261333532,80.46414556405183,82.97662407526647,274948
2015-11-19,STK_07,84.54402246677702,85.00969035638073,83.0896754300024,83.79461030996623,253753
2015-11-20,STK_07,86.07638909025674,87.91858940671476,84.94642505426603,85.61103205549662,958729
2015-11-23,STK_07,88.7950949449009,88.97954642515101,87.29262118188406,87.87798574414097,193607
2015-11-24,STK_07,89.65124905874025,90.83219416979897,89.20948384067528,90.40024113480608,578031
2015-11-25,STK_07,90.06079906170875,91.43320748124364,88.46418863344505,89.2412617478771,318989
2015-11-26,STK_07,88.88042568132106,89.5516681924103,88.08339808383693,88.94979812119466,687280
2015-11-27,STK_07,89.31447164539672,89.8209114215184,88.98428266744466,89.7088309431039,145885
2015-11-30,STK_07,89.15342511318178,90.40020559734208,89.03333560905614,89.62390720780611,220391
2015-12-01,STK_07,88.67279178634016,89.68988352389144,87.4019484101657,88.72741792372003,245142
2015-12-02,STK_07,88.36484942509549,90.37920788215632,88.01504416779349,88.71756275278717,958038
2015-12-03,STK_07,86.41819590731687,87.49586572707801,86.25449212218386,86.73720013077224,439695
2015-12-04,STK_07,87.42941593649267,88.27090314696858,86.46477688542674,86.9522619565414,990151
2015-12-07,STK_07,88.325123591918,88.4885850831546,87.61916207422485,87.99058194038751,647479
2015-12-08,STK_07,90.78682248029692,91.68515854594438,89.6999725119344,90.37394000484845,773668
2015-12-09,STK_07,88.25402884331983,89.47512705144035,87.4489115286429,88.25892866215618,310805
2015-12-10,STK_07,91.4415604611541,92.75244555908567,88.33846282021871,90.4285427170509,691697
2015-12-11,STK_07,89.43090265590261,90.38220771483178,86.92367283879831,88.43157108272219,623406
2015-12-14,STK_07,88.46626796997016,89.58069965811517,87.73103849069217,88.80343659079209,589858
2015-12-15,STK_07,86.68214009992604,87.6966806772362,86.0186910266071,86.67567641245822,27758
2015-12-16,STK_07,85.45842435979387,85.9859185319371,84.2850765738601,85.89701294143566,14001
2015-12-17,STK_07,83.71401069761757,84.64642250344727,82.77622229868977,84.47553740882287,140550
2015-12-18,STK_07,82.55984460845444,84.44548080710543,82.44506438632732,83.57513980044148,525927
2015-12-21,STK_07,84.65100791510844,85.74040706152341,83.85137464512407,84.02694795440387,336394
2015-12-22,STK_07,84.23104586991136,85.60144005194142,84.050427757244,84.50670212930208,251767
2015-12-23,STK_07,85.4586545961439,86.99821975235464,84.16363768754994,85.78286256467018,186705
2015-12-24,STK_07,82.3518154953182,84.55312751690018,82.29085317349218,82.67679235505443,223131
2015-12-25,STK_07,82.15480429809872,82.15571680235942,81.75733321347695,81.91587571648162,743101
2015-12-28,STK_07,82.3048123380353,83.36538372857983,81.82851112374794,82.28725309915421,986263
2015-12-29,STK_07,80.60583544502254,81.63984977624659,78.75209655833184,79.7679762795716,937216
2015-12-30,STK_07,79.47523497829398,80.56018755305954,76.80540014555075,78.90429977566438,420917
2015-12-31,STK_07,79.51376858990216,80.9105440392476,79.36875970752419,80.07584193930144,432296
2016-01-01,STK_07,80.02712116741709,81.28203553470152,78.8906061624795,79.969189965366,881568
2016-01-04,STK_07,79.31272631674895,80.88801732113055,78.90574275839914,79.5744982210906,561171
2016-01-05,STK_07,76.45416732004973,76.68746852302138,75.48285126647218,76.55108584230031,497288
2016-01-06,STK_07,76.68602739078027,77.01281568184437,75.303210993981,76.5304691624314,712250
2016-01-07,STK_07,77.15736529910424,78.50206134060227,76.40420644240946,77.50472211425273,585637
2016-01-08,STK_07,79.43533300299416,80.7147773793316,78.1995164893968,79.55463518414427,77870
2016-01-11,STK_07,79.22998625232952,80.80365447376371,78.91427120117834,79.95309228998013,400503
2016-01-12,STK_07,79.75721194308119,80.04985924348607,79.38653391367716,79.3906626778666,587361
2016-01-13,STK_07,78.2896636566761,79.73159627417137,77.75447347448743,78.00344894260068,100161
2016-01-14,STK_07,78.75357880414948,80.07755234116973,77.39732250925339,78.10189966165764,856821
2016-01-15,STK_07,76.81811134401151,77.50281402265439,75.45665712107032,77.4538776493677,291383
2016-01-18,STK_07,80.2817123200411,80.4710577093815,79.16194166886059,79.85083065611603,485789
2016-01-19,STK_07,78.75660712464033,79.75416039294083,77.89014093507593,79.26263712385173,927451
2016-01-20,STK_07,78.95511378869048,79.8780691945339,77.5279129159623,78.83155724238175,309194
2016-01-21,STK_07,79.46602630331301,80.04837807054686,78.71609994263147,79.16790599836257,245585
2016-01-22,STK_07,79.58632563697687,80.63316762000544,78.74224376272288,78.9960761648019,439239
2016-01-25,STK_07,78.48705397399468,79.39422851176312,76.74476911576603,78.57815252709618,648912
2016-01-26,STK_07,76.05550056883489,76.63491152073287,75.73228404493506,75.8145070673982,96018
2016-01-27,STK_07,75.40840160947546,75.4424524934651,74.40970914196205,75.27813972170408,814390
2016-01-28,STK_07,74.77490411294191,74.81586821401788,73.44167135460941,74.56285359472156,602546
2016-01-29,STK_07,77.02609481267555,77.2848732649067,75.92724529917368,76.68199067733308,414524
2016-02-01,STK_07,77.86625290850223,78.2740156768166,76.91604423276699,77.47314013916404,965572
2016-02-02,STK_07,77.39806208994725,77.9594991411694,77.2894338699282,77.66407503450401,430334
2016-02-03,STK_07,80.87711289004567,80.90899082669868,79.28741311556585,80.33394333061506,716007
2016-02-04,STK_07,80.84344587168519,81.04078656431199,79.60314417366902,80.23337529823466,515180
2016-02-05,STK_07,80.253638880792,80.60422480997295,79.62949477828457,79.6702009867982,805660
2016-02-08,STK_07,80.70603227476084,80.85807251737184,80.2051778458225,80.33233611233494,24429
2016-02-09,STK_07,74.49490622692214,75.60581043648791,74.43406560302594,75.23366335307612,406147
2016-02-10,STK_07,74.60460694944678,74.60684780250567,73.73302272718261,74.1193571998831,59519
2016-02-11,STK_07,72.33282379912289,72.83895350403947,71.66900961927179,72.26473638371947,593333
2016-02-12,STK_07,74.26439645218007,76.40114232440129,73.5566298646907,73.66852719591952,94885
2016-02-15,STK_07,74.75981752245748,75.29484623064918,73.96986449739374,74.68771152609342,647060
2016-02-16,STK_07,74.03868607002761,74.73649093830127,72.21950616222388,73.17271225898524,395634
2016-02-17,STK_07,73.18688552239438,74.10206550462392,72.41500998669567,72.84595382784497,835018
2016-02-18,STK_07,73.79313096839458,73.8260177618429,72.83675459035798,73.60844563450783,740635
2016-02-19,STK_07,71.811831769241,71.90694222023248,71.2864220482513,71.85310569005323,821256
2016-02-22,STK_07,74.05866883645875,74.29877801129844,73.65255207062482,73.83620864329647,436224
2016-02-23,STK_07,76.87974975251996,77.31439705376708,75.85543628288221,76.55949302028975,284616
2016-02-24,STK_07,76.45902318437656,77.26855214931447,75.74477855016595,75.9392278687922,632462
2016-02-25,STK_07,74.52011363467803,75.30712425112678,72.8238997319175,74.34674377124524,691024
2016-02-26,STK_07,74.97625187079797,75.1277866930851,74.38318012554775,74.94115066048161,405943
2016-02-29,STK_07,78.64479248693515,78.87325716969157,78.53619962975966,78.5940793986361,477644
2016-03-01,STK_07,79.30616351856182,80.07629047541451,78.64456124021865,79.07832529008026,524521
2016-03-02,STK_07,78.64656152670717,78.8078635106296,77.43568685781821,78.51917482476529,857693
2016-03-03,STK_07,77.18448393469242,77.52757050123353,76.62693311749845,77.2770748696192,965642
2016-03-04,STK_07,77.3231482080739,78.22459977791834,77.26402539222649,77.92095627649589,538243
2016-03-07,STK_07,78.54964290183301,79.432277231541,77.75712117386126,78.749786708212,547667
2016-03-08,STK_07,76.4092734849613,76.78799553995553,76.16213140845049,76.38588816304002,499903
2016-03-09,STK_07,75.77401807618136,77.51469009352736,75.2962157975128,75.86984127584395,559138
2016-03-10,STK_07,74.00393504367221,75.33441743784152,73.28441979050781,74.77019478632391,10264
2016-03-11,STK_07,72.03796641153708,72.26056133238127,71.51648929775862,72.2572765044663,495572
2016-03-14,STK_07,70.58509356807106,71.88113837196238,70.22671778863614,70.40482711137383,164706
2016-03-15,STK_07,72.03250785066925,72.40172283679583,71.11565333205097,71.44159801195843,683116
2016-03-16,STK_07,72.61118745298985,73.5265411625775,72.24964210867086,72.72382519588706,928666
2016-03-17,STK_07,74.68964344186719,75.84929406722527,74.4105090628477,74.49474409892713,128939
2016-03-18,STK_07,73.97802203253055,75.12943325891143,73.45447587003463,74.89893858826551,866093
2016-03-21,STK_07,71.68230469175818,72.41213560647351,70.81649049359244,72.0318398998676,613308
2016-03-22,STK_07,70.74239887791552,71.37485893446636,70.46630510451368,70.74134563062793,739798
2016-03-23,STK_07,71.73199191812509,72.57054360403602,70.68513900366274,72.05289525591357,652928
2016-03-24,STK_07,72.00338320105396,72.20453507016077,71.98009297078035,72.08019883540507,698655
2016-03-25,STK_07,70.7659242106199,71.4463180584171,69.52359629350134,70.41318977032698,307321
2016-03-28,STK_07,68.79727441570527,69.40776497647786,68.35760521414797,68.80665137030914,533275
2016-03-29,STK_07,69.23887756807339,69.65810036226065,67.59931715353737,69.60978836602764,534604
2016-03-30,STK_07,69.4730729503938,70.47788093703936,68.86167962891209,68.94155095536684,18686
2016-03-31,STK_07,68.2549065470303,69.74744875144361,67.88102893348128,67.93866008506967,191518
2016-04-01,STK_07,67.74779182648933,68.11380793719962,67.5525305987395,67.78834326604726,244730
2016-04-04,STK_07,67.98330181534706,68.99052546950821,67.70668074529685,68.7410187057026,12652
2016-04-05,STK_07,69.69963423437886,71.2890695894186,69.68084624331134,70.4709721352913,146347
2016-04-06,STK_07,68.71083913756966,70.0220827787565,68.41646069240036,69.01397091067382,906491
2016-04-07,STK_07,68.35542250665907,68.37984943167262,68.17049324035904,68.35468866425647,297334
2016-04-08,STK_07,66.88070748728651,67.48715926950203,66.77643548136537,67.40914296581734,197947
2016-04-11,STK_07,67.20550813797188,68.34487738434397,66.94432455178747,67.09257004057827,992903
2016-04-12,STK_07,66.92918815218768,67.78134672811838,65.42007504553419,67.42001518627626,431281
2016-04-13,STK_07,65.98422792654706,67.19624327952124,65.68035267033724,66.14218954701839,971684
2016-04-14,STK_07,69.62868743244806,70.22570774612056,68.53843047258596,69.5196300211344,762514
2016-04-15,STK_07,70.49498227657966,70.64955592596303,70.35269248814066,70.49392735587345,557865
2016-04-18,STK_07,72.47177646214284,73.22434758246237,72.31258498708532,72.73404723058675,134133
2016-04-19,STK_07,75.17186836803283,75.71229864159861,74.07883938553148,74.7838060180699,604017
2016-04-20,STK_07,74.06028442489401,74.76128774984029,73.44934863738312,74.03300830620908,884560
2016-04-21,STK_07,74.19363670647078,74.41659764171844,73.76893888304905,74.40824632347416,492480
2016-04-22,STK_07,73.97565610182615,74.35344892924522,73.11708386270136,74.2530313953647,813678
2016-04-25,STK_07,75.1432545296308,76.26773322722548,75.06506285735239,75.26371665892127,7852
2016-04-26,STK_07,77.10970426184764,78.96733179782595,76.3259831811072,76.84038584022896,814323
2016-04-27,STK_07,77.16227250617683,78.85364630070589,76.7046145144273,77.9809380577247,56955
2016-04-28,STK_07,77.13981875460489,79.04167128051236,76.45223109224303,77.53653402629968,198779
2016-04-29,STK_07,78.2802330251491,79.05389745840917,76.44786640762553,78.11711118794446,393588
2016-05-02,STK_07,76.93331394366928,78.28695735609625,75.39061941527326,76.54002124404079,77123
2016-05-03,STK_07,75.06375018845635,75.180233142296,74.41912395945025,74.55429832676737,337448
2016-05-04,STK_07,72.87576945558206,73.65724953287359,72.64990371383053,73.21616269632955,334390
2016-05-05,STK_07,71.85894148252615,72.08647575746848,71.51607846654085,71.65932482022366,105803
2016-05-06,STK_07,71.24672402939802,71.42193481444244,70.27718226580618,71.10900522099537,320701
2016-05-09,STK_07,71.2962522921344,73.19894498517134,69.85633251161661,71.43556620622529,855667
2016-05-10,STK_07,69.95071644811998,70.1665072449445,69.92848871287181,70.05972995345257,740625
2016-05-11,STK_07,72.87348131812415,73.04034804824198,72.75848826711615,72.87661170256935,464265
2016-05-12,STK_07,73.32204678626378,73.5895164998006,72.61487153013836,73.55865083638335,647939
2016-05-13,STK_07,71.39925721379117,72.11846307833996,71.01119963945459,71.88211777505784,70437
2016-05-16,STK_07,72.45805295185912,72.49965412033535,70.9658920070826,72.2273180717622,764306
2016-05-17,STK_07,74.44508211621532,75.71147447144352,73.34004696258745,73.70174000885699,718900
2016-05-18,STK_07,75.00949439258659,75.86866241280025,74.80129262611229,74.80634322838506,461710
2016-05-19,STK_07,74.57035109806816,74.72995611348566,73.65178442141222,74.15651711714372,501520
2016-05-20,STK_07,73.73541204451914,74.46248185489773,73.51209556767515,74.05330437926025,886386
2016-05-23,STK_07,73.68272019108922,75.24450150630433,73.34791432575628,73.50943505110645,49748
2016-05-24,STK_07,74.82091935906018,76.23395908892229,73.76616376847146,75.50504994958527,125574
2016-05-25,STK_07,75.67119559348687,75.84554197608057,75.08960885775137,75.31664851452744,127540
2016-05-26,STK_07,75.76109681361875,75.79994659361238,74.13003308812291,75.6176336397432,926464
2016-05-27,STK_07,75.32484120289836,76.71696102240327,74.7466619702775,75.2116839439614,236890
2016-05-30,STK_07,76.84757116092484,78.63405065756392,76.04213009399723,76.83482502897886,112150
2016-05-31,STK_07,76.58070627630478,77.48774108929179,75.43275045251802,76.8214299487218,269328
2016-06-01,STK_07,75.96743223128951,76.08424937544615,75.51008049529531,75.89091860481726,514488
2016-06-02,STK_07,77.26816322364583,77.4427375693819,76.14413059899852,77.4093045585195,785556
2016-06-03,STK_07,77.07501112962163,78.76246176394447,76.2401480446662,76.94378720290733,851651
2016-06-06,STK_07,78.84968786658838,79.78755084472907,78.08113524778535,78.40410105969255,648534
2016-06-07,STK_07,79.69215410566936,80.09863079668018,78.27227593029635,79.84327475680982,215035
2016-06-08,STK_07,76.78046346643518,77.44201236707889,76.71227447692213,77.10905660139171,691403
2016-06-09,STK_07,76.61413619413781,77.1468698837846,75.04047249686164,76.44826878056907,525022
2016-06-10,STK_07,77.4942370591398,77.77415026653678,77.40189602226464,77.48284438532336,736818
2016-06-13,STK_07,77.62209998800725,77.64102150160508,77.06211179047686,77.55220140667444,468150
2016-06-14,STK_07,77.04255777412429,78.69106337329724,76.7715284736845,77.94420633963632,168143
2016-06-15,STK_07,79.32651418699444,79.3352603912054,77.47222005111416,78.10043349970883,559722
2016-06-16,STK_07,77.44324371355759,78.224128529869,76.67034086247563,77.70010582955888,298093
2016-06-17,STK_07,75.7528805232758,76.31554140517787,73.56897821689721,76.19820751829249,831871
2016-06-20,STK_07,73.84858897433736,74.10199367350594,73.49355853036212,73.97357676109004,249153
2016-06-21,STK_07,72.10235669882431,72.49777802586674,71.7262571394429,72.21693471762332,716575
2016-06-22,STK_07,71.6297766766351,73.31135514104619,70.52588726903012,71.92421566179868,294299
2016-06-23,STK_07,68.8740785203921,69.40153701184451,68.29707632727288,69.12486298965192,782572
2016-06-24,STK_07,69.3277935537488,70.04373551712372,67.88887368630706,69.09026528591289,321111
2016-06-27,STK_07,69.78843300700575,70.92382985943452,68.53051232579116,69.69768692164054,283275
2016-06-28,STK_07,69.64596051562475,70.18661574067671,69.53424076348273,69.77054196122707,802125
2016-06-29,STK_07,68.04084198518255,69.6181548622703,67.35703684187841,68.18392769932832,869131
2016-06-30,STK_07,68.63265515983886,70.34027736016657,67.76140016695797,68.77911211974718,915909
2016-07-01,STK_07,68.26458522203737,68.97684006428905,67.99991298463641,68.11831180368976,503619
2016-07-04,STK_07,69.1060793009186,70.76764456217677,68.2639393958924,69.02807218913732,863073
2016-07-05,STK_07,70.74235557064,70.90522517288713,70.16142995985473,70.2341223040174,484750
2016-07-06,STK_07,69.39758175104238,69.64346669126797,69.06783633352242,69.29457604431713,281156
2016-07-07,STK_07,69.79181907561588,70.63718518633385,69.46290249758302,70.1235724445085,90730
2016-07-08,STK_07,71.9827892003082,72.06001047271866,71.52958341201466,71.83593843590145,617436
2016-07-11,STK_07,68.78503906437325,69.36956322033306,68.57424383646979,68.64240352795831,129299
2016-07-12,STK_07,68.59470035308804,70.02893717951974,68.4441166379474,68.4797686101541,413506
2016-07-13,STK_07,67.97061290711208,68.7653595988918,67.39299706543433,67.93913132681764,235674
2016-07-14,STK_07,66.87508705705773,66.88774627053587,66.20156520890168,66.6091200746732,632639
2016-07-15,STK_07,65.95604982897531,67.05547444186475,65.54326410123979,66.03495429556199,602263
2016-07-18,STK_07,65.1178242851458,65.82125387220077,64.54476986206491,65.48800331221739,405324
2016-07-19,STK_07,63.882596939190805,65.06542211664396,63.64791647699054,64.33662040416394,53651
2016-07-20,STK_07,63.12620250366561,63.253974020198946,62.593333506525866,62.79401097711718,243821
2016-07-21,STK_07,61.55773745913383,62.138860158483055,60.587830653755645,61.58301034746919,537527
2016-07-22,STK_07,62.17446368520893,62.41660098542923,61.40564557815577,61.859824931383095,161364
2016-07-25,STK_07,63.668515668987496,64.7129591954622,63.4360234037559,63.86335190628989,662073
2016-07-26,STK_07,63.74056253596645,64.12341401497794,63.05741265071075,63.555810299403674,451786
2016-07-27,STK_07,63.24387091158427,63.723278020647506,61.70032911898075,62.88019233022959,222832
2016-07-28,STK_07,64.54144561402488,65.13079040695122,63.452426680446074,64.69846938603182,729046
2016-07-29,STK_07,64.99076883177787,65.07506904669957,63.167772496673514,64.68035723444206,107437
2016-08-01,STK_07,66.20147369878383,66.20693754726979,66.0703773284598,66.07312061951336,337480
2016-08-02,STK_07,65.68631570449278,66.68810853110388,65.60933157777232,65.8221657814857,220466
2016-08-03,STK_07,64.31029310225304,64.90666271102943,63.93431135829946,64.56395244297673,911698
2016-08-04,STK_07,63.88008833483092,64.01736672096052,62.26719893505555,63.41425472609248,724150
2016-08-05,STK_07,64.87212501380837,65.20507959578327,64.16626114768059,64.6625614845943,97603
2016-08-08,STK_07,63.3008329501949,64.04418348937291,62.96205131860989,63.16201483439093,888156
2016-08-09,STK_07,63.60405669603259,64.97319732508768,62.51842739637929,63.98134712387596,609187
2016-08-10,STK_07,63.26686693702821,63.573712790488365,62.36725054504142,63.159780824787546,818629
2016-08-11,STK_07,64.42088248096603,65.23635470852695,63.539850162633876,64.97712812243786,529738
2016-08-12,STK_07,65.76600854365637,66.274537721728,65.37572830978655,65.3866627574122,530008
2016-08-15,STK_07,63.92911191788696,64.84525057107558,63.541661469919305,64.05533240207251,77667
2016-08-16,STK_07,65.20782097743576,66.07922240410565,64.21397706199353,65.3619291630306,429677
2016-08-17,STK_07,66.57352159566669,67.54753911084111,65.73432789813238,66.18424634234165,556795
2016-08-18,STK_07,67.01912769407247,67.47438851623797,66.15867932823457,66.64148316231413,9673
2016-08-19,STK_07,65.68899133225082,66.47680234153832,65.62924728476999,65.66816453065057,964458
2016-08-22,STK_07,65.80954929704,65.90535174374111,64.67962191919284,65.32337771237661,195395
2016-08-23,STK_07,64.6972677128649,65.9939337153167,63.85185631196307,65.28704585109011,750072
2016-08-24,STK_07,66.10630554944639,66.61489752186846,65.62895727882426,65.65003947471666,767047
2016-08-25,STK_07,65.62054596891126,65.98701496443994,64.68280496332339,65.38826331305624,753865
2016-08-26,STK_07,66.13284273086515,66.2638169973915,64.2466234460018,65.99068690814016,265960
2016-08-29,STK_07,66.45055889777383,66.66043097792209,66.27139492152335,66.40522794971858,845645
2016-08-30,STK_07,68.04940206131388,68.1846310503659,67.45129428152862,67.65432340306944,332705
2016-08-31,STK_07,67.77865084418056,68.13259888265894,67.40318196762139,67.9492815608145,675903
2016-09-01,STK_07,68.18911417817128,69.07348914804993,67.78902560019692,68.3710259212603,708064
2016-09-02,STK_07,67.72737856084221,67.97135932495915,67.41468679005187,67.66134074403868,930629
2016-09-05,STK_07,67.0941889152516,68.29952595036899,66.77916596098405,67.73037589111787,310285
2016-09-06,STK_07,67.67141471511161,68.06493101351225,67.27187570087908,67.64728672705132,478768
2016-09-07,STK_07,68.38411934876362,69.2850458592449,66.84497092755895,68.19575933272452,77920
2016-09-08,STK_07,68.30745121373944,69.079982082076,67.47170019411138,68.34143093604787,893704
2016-09-09,STK_07,69.75378175492592,69.79800847505818,68.78612278320307,69.53160123894183,470903
2016-09-12,STK_07,69.15647481849018,69.45362436794052,69.14269208548797,69.4018519031262,695886
2016-09-13,STK_07,69.30897801298082,69.97596760292608,68.74415916220997,69.34479729542348,27359
2016-09-14,STK_07,70.08187816834061,71.65566180155338,68.78213527292543,70.5319070256706,659087
2016-09-15,STK_07,70.43953086647646,71.12443317956476,70.0140515880427,70.77915518758064,488905
2016-09-16,STK_07,68.7108222103578,69.67386762395573,67.28174922895928,69.1297841598344,489984
2016-09-19,STK_07,67.96667390123874,68.17244076201703,67.86899526971082,68.05645717179753,487187
2016-09-20,STK_07,67.80715764753175,68.85370791142682,67.30994110500961,67.41864892312081,724391
2016-09-21,STK_07,66.86533303212832,68.06031870449372,66.43597060252871,67.13176644416424,809819
2016-09-22,STK_07,67.97402831065133,69.0944127306386,67.94066779270543,68.3914722366637,606322
2016-09-23,STK_07,70.14316357548188,70.5186673948044,67.84984219123089,68.93942369080976,318159
2016-09-26,STK_07,69.84984385979736,70.58824606641018,69.8437179502682,69.91539406177986,439641
2016-09-27,STK_07,68.20669105416121,68.70437378279169,67.81292723500007,68.34701029574492,662290
2016-09-28,STK_07,70.29012998225471,70.88599567019008,70.13946709820162,70.42347287799961,857142
2016-09-29,STK_07,70.78220025004623,71.09375953594099,69.03187672795998,70.15922593315524,844712
2016-09-30,STK_07,69.60131179676131,70.26928484464057,69.57349940939719,69.73250956093584,411951
2016-10-03,STK_07,71.70279519505685,72.1231158326082,70.22874968123837,71.6957820047022,754982
2016-10-04,STK_07,70.86955713932173,70.96725519399155,70.30867872998641,70.85971716264251,591175
2016-10-05,STK_07,70.09067086643732,71.07411281257494,69.66945667443791,70.17272962916223,891598
2016-10-06,STK_07,69.5968343580349,70.37095474706487,69.12517519024894,69.49247198087893,502745
2016-10-07,STK_07,68.67764165491124,69.36556250630245,67.63579228439447,69.09229125868019,276107
2016-10-10,STK_07,66.67098299875445,66.9125922431847,66.62329390876772,66.79609908684945,358992
2016-10-11,STK_07,65.73558574325423,66.8735302064219,63.982239463114105,66.1326537363015,460094
2016-10-12,STK_07,67.27308397431179,67.82112889128526,66.65280704666901,66.89751385244264,589994
2016-10-13,STK_07,64.0998198448546,65.08750662556335,63.84579184817413,64.34698253384151,783707
2016-10-14,STK_07,65.78391021655307,67.22977955510122,65.48764330984596,66.76119634319302,251205
2016-10-17,STK_07,69.26536824904026,69.5755263351235,68.05522238105797,69.05206769318505,691803
2016-10-18,STK_07,69.19644889650111,69.78112984979073,68.93149943843382,69.28008890483515,898882
2016-10-19,STK_07,70.10261654904008,70.50025229434432,69.68224554232873,70.05661197891169,632987
2016-10-20,STK_07,72.28297541894274,72.53662610002822,70.64011739031774,71.29024706080442,364526
2016-10-21,STK_07,72.71304469071289,73.1427412492584,72.17621910684485,72.59245005015914,946793
2016-10-24,STK_07,72.09835358426449,73.15850292923585,71.99522763660073,72.33624227617149,244870
2016-10-25,STK_07,71.35433170364261,71.75494734351089,71.05218224611625,71.44629539468058,768779
2016-10-26,STK_07,71.4105083549178,71.6318185657212,71.30091196149398,71.58975143308436,92098
2016-10-27,STK_07,68.16544957704286,69.37264209864068,67.69735274742048,68.60871234509838,187437
2016-10-28,STK_07,70.9533061413152,71.05097225005035,69.55525959769652,70.72554152527054,348221
2016-10-31,STK_07,70.24769137142484,70.74230190060469,69.1522205884563,70.43247142591859,222578
2016-11-01,STK_07,71.05325299260112,71.3842434933292,69.59596122084399,70.88849045594631,589463
2016-11-02,STK_07,70.18762872921361,70.26171550021898,69.54082757599046,70.01905571091137,931165
2016-11-03,STK_07,72.31061635111247,73.23963432509962,71.17506320822032,73.03044500038544,233019
2016-11-04,STK_07,74.75227478902093,75.2027065744486,74.26673133644194,74.76533377107123,322565
2016-11-07,STK_07,70.72781030997186,72.06643117162281,69.85971410406043,71.61316684041464,932423
2016-11-08,STK_07,70.02269166141276,70.64301423764668,69.02556041782792,70.34958147530439,29702
2016-11-09,STK_07,69.74303033546475,70.71382297252967,69.50774874942869,70.35049821219525,475385
2016-11-10,STK_07,70.00518745043739,70.58322328432055,69.8243298233637,70.2420187084692,699727
2016-11-11,STK_07,70.93270528763922,71.62064467527102,70.48685285156401,71.51857763336291,337051
2016-11-14,STK_07,70.8044007801479,71.09062375821995,70.5665225942548,71.00879892713,857776
2016-11-15,STK_07,70.41192277789062,71.00789393081362,70.06794292155247,70.4277548332286,288848
2016-11-16,STK_07,69.45268224049248,70.50253526660453,68.9479108189917,69.58032333394199,68052
2016-11-17,STK_07,70.42349579669178,70.47988290846794,69.37719787189108,70.11447618934726,811396
2016-11-18,STK_07,69.35739214988189,70.9131310034186,68.91835998972711,69.39805955300129,688528
2016-11-21,STK_07,65.72496512928555,66.82083082554978,64.79112508903822,65.63824871554039,597722
2016-11-22,STK_07,63.89741190045307,64.9584378848532,62.916510469293726,63.59774127492688,951509
2016-11-23,STK_07,63.58709125246333,63.817255707700596,62.06011745832548,63.79646235866025,704304
2016-11-24,STK_07,63.86345629509117,64.00096349601218,62.86522073162936,63.25816178727223,985965
2016-11-25,STK_07,62.07892871219934,62.687160205468615,61.4543356346552,61.687850124854826,103050
2016-11-28,STK_07,62.10619368105548,62.617355138979896,61.67075283491176,61.7936332907193,881465
2016-11-29,STK_07,62.06693762340293,62.84169165697758,61.94756035381116,62.37300758993733,207413
2016-11-30,STK_07,62.57001768714611,63.00044986997487,61.76620597112205,62.87584155968613,915924
2016-12-01,STK_07,63.10116893842278,63.258629180485094,62.55872694112622,63.227184453617,226075
2016-12-02,STK_07,62.99921902226196,64.18682062653043,61.637463839960596,62.84815428331828,344298
2016-12-05,STK_07,63.65979888610941,64.21329695780254,63.57313996836723,63.776778196903436,341646
2016-12-06,STK_07,63.175954584627014,63.58487718952234,62.66554342078493,63.467708099100285,371995
2016-12-07,STK_07,63.267931771335036,65.97484653131659,63.26326996583882,63.41540024760102,249576
2016-12-08,STK_07,62.308268352800184,63.40017710345411,62.13340107928574,62.74198842812636,210657
2016-12-09,STK_07,60.947381586338714,62.37105757958429,60.47538017106902,61.22931941897984,443440
2016-12-12,STK_07,61.354841319299425,61.479379582854556,59.982113233272955,60.52115909077869,835615
2016-12-13,STK_07,62.58839194512257,63.889811606347045,62.46085845879218,62.797396149419804,969572
2016-12-14,STK_07,64.85091061264814,65.49915216079658,63.59779574059233,64.22529498045287,313313
2016-12-15,STK_07,65.06825240469908,65.58200603718807,64.49098239939354,65.24532780215797,898720
2016-12-16,STK_07,63.6926073287566,63.943847113190344,62.966923266278634,63.83640916955864,904492
2016-12-19,STK_07,64.39845990447654,64.70979308016392,63.79689907666456,64.61303948110273,806931
2016-12-20,STK_07,64.92067720640445,65.20950979756748,64.38898347684326,65.11439988571753,99090
2016-12-21,STK_07,66.41315700693787,66.4385699816008,65.08720721745999,65.9170007466618,138088
2016-12-22,STK_07,66.8009033148609,67.07432330990703,65.49163216694055,66.7675686925402,229837
2016-12-23,STK_07,63.303762503902384,63.69659396330128,62.78709423819275,63.533818947224226,203888
2016-12-26,STK_07,63.59787024241014,63.724202865422846,63.23854691403428,63.331788922848986,483774
2016-12-27,STK_07,64.36192336103359,64.89648501619124,64.13061031911495,64.74871694301272,334224
2016-12-28,STK_07,66.60463022398788,67.13496113940487,65.63776265904447,66.8372392161415,264218
2016-12-29,STK_07,67.96694759615356,68.67424023572183,67.27231794503774,68.1023424986699,978402
2016-12-30,STK_07,69.13319408358926,69.50417917739216,68.71576858186702,69.28952449353106,35544
2014-01-01,STK_08,100.55250305680624,102.06572254898795,100.11937108306482,101.14263725650339,837219
2014-01-02,STK_08,100.99169207317532,101.55178023684844,100.47263297992242,101.51580107695737,268143
2014-01-03,STK_08,102.95713494474928,103.06087787135148,102.03859294909003,102.5925735890448,71601
2014-01-06,STK_08,101.38118143476672,102.48537989999673,101.13524730738631,101.38306478284247,804552
2014-01-07,STK_08,102.03077098163155,103.46204192088027,100.89420347392924,102.29522468821382,333436
2014-01-08,STK_08,104.77561367603809,105.4568475731756,103.81252898870261,104.34109622596299,508176
2014-01-09,STK_08,104.27069059887872,105.32916043009433,103.61722100479652,104.76700042236178,304374
2014-01-10,STK_08,105.09417854916464,106.48716653726542,104.456350543599,106.25008258794911,548324
2014-01-13,STK_08,102.65077966483875,105.81299639334175,101.06738603678157,101.72016516849041,325179
2014-01-14,STK_08,103.11770685450273,103.69883081804609,101.91791043511394,103.47319305503562,533553
2014-01-15,STK_08,102.62815703599641,103.53192900562742,101.36288483068908,103.28229773587933,280333
2014-01-16,STK_08,102.18114025903037,104.08876419255262,100.98082603070341,102.27979011135459,4060
2014-01-17,STK_08,102.9696475918593,104.43997420523054,102.27149492631843,103.05032133479487,780448
2014-01-20,STK_08,101.28664139220163,102.21710750379687,100.79671285737169,101.58348562119453,733530
2014-01-21,STK_08,103.5892270418709,103.80727980809576,103.15438182881407,103.29073052541325,3253
2014-01-22,STK_08,104.72272611703238,105.77890374363976,104.15912322838199,104.88670319770796,990057
2014-01-23,STK_08,103.26509093256422,103.66411700961346,101.8356244193098,103.20267840329095,893476
2014-01-24,STK_08,99.64601109193359,100.52176824001825,99.07892179833557,99.48649329562376,542765
2014-01-27,STK_08,97.10061959067325,97.59754300734795,96.34705818064674,96.82213402391709,545336
2014-01-28,STK_08,98.13936588142116,99.56240463318855,97.51934316874808,97.74219358269792,265583
2014-01-29,STK_08,98.89847766195616,100.02741120146533,98.036442899196,99.57432659644525,819278
2014-01-30,STK_08,100.66733816458476,102.2853222813864,99.80620358612066,100.8887178024572,741996
2014-01-31,STK_08,100.30913321367497,101.72071637802344,99.24673296529753,100.51437719936798,410126
2014-02-03,STK_08,96.85176108463052,97.33052968657137,95.96487225676329,96.85971392570512,315469
2014-02-04,STK_08,94.91936363685117,94.98991776289864,93.74945250622373,94.8671674496444,760150
2014-02-05,STK_08,93.81397475718418,95.36112396577509,93.61522931063251,94.86685276619733,643797
2014-02-06,STK_08,94.93672304779349,96.27811975806515,93.83927137930098,95.43515432982703,834013
2014-02-07,STK_08,97.3270990814108,97.37751848879914,96.67863105645723,96.95880796913656,579410
2014-02-10,STK_08,96.79413640559163,97.2965655351534,96.31093182504469,97.19113030529296,158826
2014-02-11,STK_08,97.57086750786512,98.66173543498591,96.9920183173732,98.00024580850186,226850
2014-02-12,STK_08,98.13640416429523,98.95614513058098,96.34742417070113,97.67266182125313,382848
2014-02-13,STK_08,98.71051797836945,99.27748992679311,98.62266430886501,98.99573360775103,806155
2014-02-14,STK_08,96.39939255612238,98.8244190775901,96.05459587928175,97.7188650611232,64406
2014-02-17,STK_08,93.40382393046126,94.05069325976115,93.32752808541936,93.83205386492622,586210
2014-02-18,STK_08,97.25760990667202,97.97548880976741,96.46542025469239,97.31525508383841,950683
2014-02-19,STK_08,97.27543927810393,97.37641165331196,95.83050027550105,96.844641017676,766804
2014-02-20,STK_08,97.4879952759979,99.1120227045105,96.6660816254446,96.9541628271596,518170
2014-02-21,STK_08,96.64824825996313,96.94974348432218,96.141100613038,96.72660220832671,942622
2014-02-24,STK_08,98.31530519371518,98.64537995087107,97.1656539317027,98.5558817646528,852910
2014-02-25,STK_08,98.25385365791831,99.14092174779091,96.78540768485998,97.44683944808175,61352
2014-02-26,STK_08,96.50354181734835,96.85852953880605,95.2217227149954,96.70894501974558,123480
2014-02-27,STK_08,98.22597739155931,98.61052800492538,97.1553990527688,98.20088483377977,663619
2014-02-28,STK_08,95.37430783607198,96.03669178840092,94.40849907248246,95.00142380962403,784997
2014-03-03,STK_08,96.86341296696162,98.14635279281173,96.13883916603135,97.41739546639785,642833
2014-03-04,STK_08,95.47932008702176,96.48100854013454,94.96593088501629,95.44972517762875,299802
2014-03-05,STK_08,96.73965220451863,98.04474246393352,95.2688058673967,96.27705545313549,982436
2014-03-06,STK_08,97.62738694309759,98.14763411290514,95.93341088320746,97.72510565662436,41894
2014-03-07,STK_08,97.24410205069212,98.11141462957193,96.87753627472902,97.43023892095908,714736
2014-03-10,STK_08,96.30626272784731,98.03947681444457,94.82354202741433,96.55264227597827,964738
2014-03-11,STK_08,97.78854690264137,99.18828426078571,95.31629108877796,97.14402642350323,143595
2014-03-12,STK_08,97.40650313378283,99.9290746419492,96.96440681470774,97.48042623756096,296694
2014-03-13,STK_08,99.72916616306696,101.7966624960047,98.04514657878167,100.2038193510787,523335
2014-03-14,STK_08,99.20071104731883,100.9608800149223,98.8363803246178,99.8522861157336,541440
2014-03-17,STK_08,97.67270838967309,98.60944288615914,96.62503682825123,98.23306143706603,195478
2014-03-18,STK_08,97.43875305668242,99.72579340708417,97.19041653027722,97.86560500613447,527708
2014-03-19,STK_08,97.66957191867004,98.0754306701947,96.6886541472574,97.87342478431961,605020
2014-03-20,STK_08,97.06137122247277,98.27013627139581,96.86285062152226,97.30802755436753,531181
2014-03-21,STK_08,97.28082452105161,98.60306959506346,96.31374597604812,98.34168847085296,953730
2014-03-24,STK_08,96.45492352127171,97.28288066405257,96.31321150091232,96.85049526151842,481689
2014-03-25,STK_08,99.06331476734061,99.34306297195248,97.70746889351892,98.78867366559986,975382
2014-03-26,STK_08,102.39432244852718,103.16117058610045,100.10531746561591,101.80599115835906,893143
2014-03-27,STK_08,100.36037564391657,101.67893963406898,98.67188128511154,100.19162770079038,911342
2014-03-28,STK_08,98.92489414990136,99.25718276826615,97.46248641572795,99.25380943053446,513615
2014-03-31,STK_08,97.79841256607405,98.22760282771816,96.1310229864174,97.41910646263095,359850
2014-04-01,STK_08,95.10320267031963,95.78353511672208,93.22318068232926,95.04328123770927,265693
2014-04-02,STK_08,91.74972931976339,92.90993249357655,91.17979564106109,92.31602993872662,740520
2014-04-03,STK_08,93.5579879396071,94.25674585282208,91.9701582379441,93.06338241421011,134561
2014-04-04,STK_08,89.68919456256067,91.16447925610649,89.50681124963475,89.51498315643173,507687
2014-04-07,STK_08,90.94956397384416,91.46321475741973,90.31822829172694,90.38848261232755,533327
2014-04-08,STK_08,90.90446069531532,92.03522662568072,90.06939553817087,91.50189510532287,728047
2014-04-09,STK_08,93.66165507607982,94.54605542923784,93.12959266684413,94.13809961272185,278125
2014-04-10,STK_08,92.81949314915548,93.22411378458017,91.39302854812962,92.79681817314115,351929
2014-04-11,STK_08,88.4462186463201,89.73659901045654,87.87625887661382,89.07880498082324,520501
2014-04-14,STK_08,87.50158241983624,87.61712868823564,86.01511359732767,87.38061641865878,693495
2014-04-15,STK_08,88.65805590284336,91.26953937545534,88.51473221240842,89.22517740473434,746581
2014-04-16,STK_08,88.64622233042755,89.41370900850917,88.43886812323895,88.70313678195917,203951
2014-04-17,STK_08,88.3996104458078,88.74971709738945,85.92334767776144,87.97136554538845,131501
2014-04-18,STK_08,90.43895886276916,91.64039733689216,89.95174694777597,90.32709857960842,390961
2014-04-21,STK_08,91.6080342595327,91.6122927854394,91.50285242880841,91.5438394427114,226845
2014-04-22,STK_08,89.84015531913498,89.9904044303934,88.2237070966826,89.54202422041023,921783
2014-04-23,STK_08,90.75889579185437,91.22983031410216,90.24621836549323,90.49204750914387,791052
2014-04-24,STK_08,94.5156514556386,94.81910453509967,92.99711381855224,94.29805860274894,817305
2014-04-25,STK_08,97.43859320484837,99.1313422653632,96.4586756714389,96.50725428079103,437367
2014-04-28,STK_08,95.4893324581913,96.05841507109051,95.39608560053581,95.51477323621363,656450
2014-04-29,STK_08,97.7720518879246,98.5093937987836,96.04632990225493,97.26756992278614,873297
2014-04-30,STK_08,95.66395453089633,95.7565592029764,95.42640451061352,95.50264847480881,983847
2014-05-01,STK_08,94.73608264283419,95.5577658343352,93.65326326108645,93.80694006026322,827273
2014-05-02,STK_08,96.1613101527083,98.46125763871774,96.14769760472014,96.88345368423991,936618
2014-05-05,STK_08,94.7776812354442,95.03475559596312,94.33798355059058,94.51357880016356,26111
2014-05-06,STK_08,94.04143123442492,94.26271479474633,94.01318106470696,94.23608760123719,942659
2014-05-07,STK_08,94.04832103466305,96.12772851571054,92.5775765010125,93.84659738362883,498062
2014-05-08,STK_08,90.70920621630238,93.11638989381949,89.47655112279658,91.22122991625281,925970
2014-05-09,STK_08,88.8731452157226,90.04458690332056,88.03885758388847,88.84878199893315,32138
2014-05-12,STK_08,87.73341455919443,88.44283785571832,86.74957998359612,87.51194372835393,982921
2014-05-13,STK_08,87.60422523509902,89.72806182742488,87.36240432203252,88.13661381780322,458820
2014-05-14,STK_08,84.9710599622683,85.69964272734431,83.90549836481841,85.45372813702447,555198
2014-05-15,STK_08,86.32498916940396,86.78675419224018,85.29677181433404,85.8959823359964,21503
2014-05-16,STK_08,84.69416750847283,85.646322181186,83.35994517594123,84.1311937241783,561426
2014-05-19,STK_08,85.03454292238281,85.53695430295498,83.72566420387523,84.85273006880642,432545
2014-05-20,STK_08,85.30186686594908,86.10042400060671,84.53917808427808,85.21836326024832,408200
2014-05-21,STK_08,83.38606736011579,84.67338944162597,81.72707943511972,83.95574226571054,194748
2014-05-22,STK_08,84.83285955718502,85.83678723316226,83.05841805325949,84.30691820846026,60628
2014-05-23,STK_08,81.391102774035,82.11600824556045,80.50084130208116,81.90909505249938,876166
2014-05-26,STK_08,82.77221869678696,83.30059173897145,80.93351361003138,82.33708093522966,397707
2014-05-27,STK_08,78.01298905748551,79.70770574909817,77.55934025997371,78.41185618320787,241200
2014-05-28,STK_08,78.42069037801784,78.6382284346573,77.57833346618231,78.51425918192642,768300
2014-05-29,STK_08,80.24767819557543,80.31190487156448,78.38565546449018,79.44255879107058,654794
2014-05-30,STK_08,82.36368008613843,82.94140514047558,82.27108896652435,82.49240313277959,188296
2014-06-02,STK_08,82.6988105574735,83.5909623165188,81.47336976280754,82.33051585565873,951575
2014-06-03,STK_08,82.38562236850673,82.50862591070278,81.21385491100493,82.05246702361865,681626
2014-06-04,STK_08,80.89540238817214,81.65669290820738,79.73424222746041,81.3638146036829,30565
2014-06-05,STK_08,80.47954942311222,81.08004100580682,79.19233373389532,80.0755608934909,267036
2014-06-06,STK_08,81.1584290802803,81.63872777829437,80.02614833509602,80.77896643426067,838683
2014-06-09,STK_08,78.38918159263069,79.2225940057627,77.9097890983926,78.64178450396813,782901
2014-06-10,STK_08,80.27118202071243,80.95816526545403,79.29284166581617,80.12762224835586,139129
2014-06-11,STK_08,80.50875739933336,82.0237279900331,80.09052752866323,80.10779068854413,165169
2014-06-12,STK_08,79.19191120340757,80.40601931533962,77.81669299058329,78.68626560898164,400885
2014-06-13,STK_08,78.39778697211409,79.36802655052789,77.7601988140919,78.50594574161133,524862
2014-06-16,STK_08,75.70398858249698,75.90561983785658,74.86158282205132,75.46238181721729,705063
2014-06-17,STK_08,74.92334958029964,75.19281869247835,74.36378182379936,74.5335009677518,925069
2014-06-18,STK_08,74.33966698878677,75.56869181776344,73.57561855761837,74.47822400830354,467821
2014-06-19,STK_08,72.52632566273422,73.27840109348075,72.48169653480275,73.27153208743547,213165
2014-06-20,STK_08,72.07035387888801,72.2064658489471,70.5552067834488,71.96889875283368,367030
2014-06-23,STK_08,70.48501784843351,72.03284786138319,69.70060635838944,71.05582411058991,735378
2014-06-24,STK_08,68.8009906333763,69.42729214382832,68.57422157832784,68.9115724479999,388401
2014-06-25,STK_08,69.99206008751615,70.89775115074367,69.6480286712826,69.86647411390017,80260
2014-06-26,STK_08,68.67366986143176,69.25344257652466,68.42987809359012,68.81217495860233,226941
2014-06-27,STK_08,67.92886582218252,68.4601347283207,67.53846829024609,67.87781091812191,483644
2014-06-30,STK_08,66.99774457405371,67.00209466001775,66.45309061288845,66.9356987411249,965606
2014-07-01,STK_08,66.1305185847698,67.01273784263397,65.86002151012036,65.99538621049612,851303
2014-07-02,STK_08,65.7033144083769,66.26946171191508,65.25211874147993,65.52646583461222,839172
2014-07-03,STK_08,63.68784381974105,63.773644642247945,62.91945844692682,63.65587452740158,647723
2014-07-04,STK_08,62.507883102957656,62.955041496321854,61.148139651348906,62.01748231194754,942459
2014-07-07,STK_08,62.91905328155215,63.18747910560499,61.066599950315066,62.411244746493296,877861
2014-07-08,STK_08,63.55224883611181,64.84964125891685,63.238992578558545,63.68229824942855,675569
2014-07-09,STK_08,61.79815424841033,62.329999076816186,61.76579739911098,61.81978043860207,779565
2014-07-10,STK_08,61.691519119703585,62.34292042751521,61.07211983808369,62.08931428764091,540043
2014-07-11,STK_08,62.21087791131679,63.03509060892989,60.813304637960094,62.43639433975559,480707
2014-07-14,STK_08,64.85068469823607,64.9084933558266,64.30851815756064,64.76000258511851,177031
2014-07-15,STK_08,65.03482157761066,65.88762918961486,64.24783451842528,65.60030053043073,560398
2014-07-16,STK_08,66.17973575379727,67.19653770059715,65.83064061856207,66.27144191915913,725676
2014-07-17,STK_08,66.39923752816483,66.5083491299725,66.10839723985637,66.37868286089805,596829
2014-07-18,STK_08,67.79161735818572,67.8594111883815,67.32885399772297,67.3738434744559,145030
2014-07-21,STK_08,68.33340285828201,68.99814498807726,67.51960458219799,68.11309815957173,283509
2014-07-22,STK_08,69.52579705692212,70.91511959832292,68.66569261447049,69.51606003218404,440534
2014-07-23,STK_08,70.29285091658507,71.37059956953213,69.40447789404345,70.11189439334788,783019
2014-07-24,STK_08,69.48599076034698,70.43196472531164,69.17030196626732,69.62839171186418,403843
2014-07-25,STK_08,70.86315664980123,71.74454451719541,69.7650285520025,70.86407546625838,87858
2014-07-28,STK_08,73.21281604461556,73.40976125000971,72.08769938082884,72.61585811525586,257451
2014-07-29,STK_08,70.98757916032037,72.3876184586701,70.19908929278658,71.52666897141292,839389
2014-07-30,STK_08,72.00016476044468,72.82979380509688,71.70864388675818,71.86607026213068,277885
2014-07-31,STK_08,70.0661599081369,71.17693788879369,69.97721329030036,71.00117231473314,832324
2014-08-01,STK_08,71.52631749429918,71.54624116533283,71.15780358326043,71.37493144014947,747628
2014-08-04,STK_08,73.33226834873315,73.77049410246093,72.60150045605853,73.14182121494969,234857
2014-08-05,STK_08,72.24516891613489,73.61704285055362,70.19702428567686,72.47869704224894,574815
2014-08-06,STK_08,72.8762084029953,74.25125487872252,72.22483205806216,72.66627480335309,399121
2014-08-07,STK_08,73.39994352064946,74.40133610990483,72.64605363298735,73.02669647948154,583148
2014-08-08,STK_08,72.67543175733492,72.80395956983585,71.02417789454633,72.20723683630494,244773
2014-08-11,STK_08,73.30287997201565,73.79854403537465,72.55180489946841,73.45768446722705,270136
2014-08-12,STK_08,74.39634729532784,74.96609367427945,74.15185858551598,74.50326443524537,901535
2014-08-13,STK_08,72.63739179077875,72.70393751486968,71.47835354208388,72.44869078754364,718676
2014-08-14,STK_08,72.93923842679379,73.20627920952991,72.40620186779344,72.53750666889971,332140
2014-08-15,STK_08,68.77989225690028,69.50212973376263,67.51579038074937,69.07091816247375,430252
2014-08-18,STK_08,68.93195339297735,69.13017384710885,68.58514243240684,69.0085832107825,900183
2014-08-19,STK_08,68.43731808080116,69.69718382264753,68.17786121772662,69.04356412759361,558335
2014-08-20,STK_08,65.75951280559343,66.09026044166802,64.71904889566697,65.69945365132735,181904
2014-08-21,STK_08,65.7929234642202,66.25203402303057,64.22997285795186,66.23431104509454,800684
2014-08-22,STK_08,64.84271810258869,65.46988477014783,63.919603200909194,64.83240313860748,764029
2014-08-25,STK_08,64.38422652651745,65.26377983265614,63.816107008677704,63.8830733051985,311126
2014-08-26,STK_08,64.44482421981083,64.90021675276894,63.347541658768044,64.52705715443876,90328
2014-08-27,STK_08,66.71764903102891,66.72605622333775,65.67673403698171,66.37655872109235,376055
2014-08-28,STK_08,65.6047164361539,66.30515218947544,65.30986322086349,65.73044235467921,455908
2014-08-29,STK_08,67.57425659499388,68.49525413761903,66.74820830775661,67.0233464843755,306691
2014-09-01,STK_08,67.46841176207349,67.73548843233864,66.92846607402858,67.49731452449299,130366
2014-09-02,STK_08,66.34880446335916,67.2207301498688,65.55820334768036,66.36059142209801,328592
2014-09-03,STK_08,65.30466014859255,65.87421059767325,63.791919445276314,65.22906862762736,818293
2014-09-04,STK_08,65.69355970745788,67.04735736566829,65.25836000029503,66.58889683688822,441231
2014-09-05,STK_08,65.29271473079848,65.91236318554881,64.90198953719757,65.73622553580893,417609
2014-09-08,STK_08,64.67741686454218,65.71237613851392,64.01199384976407,64.93030591241714,731190
2014-09-09,STK_08,66.58133160376347,67.06209694000603,65.25628111082744,66.19555263564753,334749
2014-09-10,STK_08,65.49530359090794,66.16288098631478,65.13275492739635,65.29499882234906,615080
2014-09-11,STK_08,63.326622983141505,63.7119378025489,62.80846376347174,63.01257105598732,561244
2014-09-12,STK_08,62.928990782848466,63.05148925124288,62.626509066826785,62.73564143246356,731034
2014-09-15,STK_08,63.25577397641758,63.87168312790539,62.282736706990605,63.10157535867191,460951
2014-09-16,STK_08,61.8536549973379,62.113167139990466,60.97045909309458,61.70117309141604,120685
2014-09-17,STK_08,63.971961688373874,64.60457203773112,63.82380564948422,63.96710133168307,130691
2014-09-18,STK_08,64.26011863590436,64.417655342768,63.45117337857058,64.03458088999123,542360
2014-09-19,STK_08,63.240885008189295,63.79830199966204,62.970370493964474,63.15934043997621,687672
2014-09-22,STK_08,62.32126096323688,62.3747299798001,61.6633189143648,62.236318458923634,679031
2014-09-23,STK_08,62.48199880724226,62.82535412939229,62.00402676534362,62.590465940344224,230703
2014-09-24,STK_08,64.35342264479468,64.67141109594057,63.597666442946654,63.736571363415216,688976
2014-09-25,STK_08,62.558952539641396,64.03586971456859,62.25520778291524,63.0504006499793,690999
2014-09-26,STK_08,62.57565846931697,63.09048580571246,61.947403452286125,62.28901655624618,548728
2014-09-29,STK_08,60.58779430449476,61.302035563692186,59.27833345693281,60.35637908143924,361749
2014-09-30,STK_08,59.14972866023955,59.792365469913456,57.79214857115184,59.61776191381813,819764
2014-10-01,STK_08,58.559161948063995,58.82659464017802,58.31701729095478,58.454837532100576,772250
2014-10-02,STK_08,59.226904672798085,59.264917786818785,59.00366263941195,59.177750604953026,498136
2014-10-03,STK_08,59.560631880387554,60.44078576105495,59.0745215484584,59.29424153171578,130821
2014-10-06,STK_08,59.57277488977878,59.98764265041841,58.61037768751391,59.34797943797924,149414
2014-10-07,STK_08,58.17323028522547,58.75274731716854,58.000090599052534,58.38603615880924,920204
2014-10-08,STK_08,57.63373592072789,58.96065612645386,56.79846283309875,57.903887685379026,228307
2014-10-09,STK_08,59.51993341013754,59.718406922631246,59.36753406229464,59.560021911022424,872010
2014-10-10,STK_08,58.52882362637356,59.594914005842575,58.400310555026344,59.141823811957245,386375
2014-10-13,STK_08,59.489570582621546,59.768745331656845,59.45128063177022,59.72274385272081,679509
2014-10-14,STK_08,59.412321745285475,59.48722779790858,58.50411193483463,59.06128519650791,744110
2014-10-15,STK_08,61.89152297915089,62.67980351697309,60.61267367882187,61.178892950270786,507694
2014-10-16,STK_08,62.375333805717865,63.38501968172583,62.36306076503628,62.5319166824569,361234
2014-10-17,STK_08,63.29419955425846,65.03936064941793,63.086245815226434,63.757388554983464,918636
2014-10-20,STK_08,64.0550134698677,65.07047397318331,63.06230794639112,64.60591493050289,355749
2014-10-21,STK_08,64.2256828388886,64.64393930140797,63.87522679428202,64.15826882016898,554045
2014-10-22,STK_08,63.64539016297341,64.25890333465888,62.6708527298687,63.85153199384678,590075
2014-10-23,STK_08,63.445767340681876,64.1827452191418,62.78898206935191,63.38561955564356,493205
2014-10-24,STK_08,62.0450059365271,63.26453327280323,60.43146549003685,61.64294674250245,799542
2014-10-27,STK_08,62.062236446945846,62.24912731839695,61.32941540697199,61.976773934578254,877298
2014-10-28,STK_08,61.45266591158186,62.12369537614865,60.902015885894606,61.58662421301555,436272
2014-10-29,STK_08,60.78049621664743,61.00751696990683,59.91757102939145,60.60701745640706,80857
2014-10-30,STK_08,60.54364392812208,60.857485329290654,59.350390692784906,60.63023955098508,271946
2014-10-31,STK_08,62.337523979600974,62.68580674236304,61.870360707051894,62.20725507868006,416013
2014-11-03,STK_08,63.00493933012437,63.28646938045367,62.995761946131786,63.19007851870391,655927
2014-11-04,STK_08,61.4727761815358,61.67271594364018,60.37364755116057,61.64808295104997,317688
2014-11-05,STK_08,62.04447234589177,62.678986821058245,61.47486753771334,62.444779850245034,351386
2014-11-06,STK_08,60.91527435779961,61.893576948856726,60.89282973777426,61.06327159997201,177491
2014-11-07,STK_08,61.814508031734285,61.97749943473754,60.28836722594638,61.63407142346851,619744
2014-11-10,STK_08,60.926934934892344,61.263342455518774,59.75014320306863,60.78042163622087,735977
2014-11-11,STK_08,63.127163327159565,63.56267216682941,61.87672574296868,63.1808473570645,175036
2014-11-12,STK_08,65.92941471895766,66.2491030633036,64.26752815368572,65.46870753785996,385209
2014-11-13,STK_08,64.41742158971923,65.87720819380647,64.25255031522603,64.99128886871175,475400
2014-11-14,STK_08,64.2307502784749,65.00016008745135,63.938230162452044,64.09242611403634,396194
2014-11-17,STK_08,66.64904146036167,67.26074014793714,66.21694202129319,66.58560917626538,75273
2014-11-18,STK_08,67.49927928987942,67.94745732028751,67.16695790129123,67.8090831972053,405762
2014-11-19,STK_08,67.90666790885375,69.71033291418553,67.46494284187614,67.56302801950794,454952
2014-11-20,STK_08,65.68307288752044,65.95307859956782,65.04544759022018,65.23403381544661,895022
2014-11-21,STK_08,64.31889421950953,64.50367718336723,63.826286454090656,64.16496212584764,485101
2014-11-24,STK_08,66.37044077281364,66.99157127004646,65.87652284507973,66.24098866504309,617327
2014-11-25,STK_08,65.55291124912698,66.44173358347473,65.47305563130368,65.78143529737416,414180
2014-11-26,STK_08,64.81554197859745,65.27136402461291,64.47145275219441,64.59481367402601,456012
2014-11-27,STK_08,67.08623134054993,67.12478964371438,66.30815035372557,66.80636234096455,958532
2014-11-28,STK_08,66.84221688893393,67.48571704265363,65.76009601728035,66.73511995069582,500504
2014-12-01,STK_08,65.65923406970978,66.78215948821104,64.58157695768284,65.2865132073281,825460
2014-12-02,STK_08,67.01584260308812,67.87549616260259,65.20889316090684,66.66882322621814,565995
2014-12-03,STK_08,68.40616551661603,68.5564169488594,67.89548924220173,68.4455975012851,162635
2014-12-04,STK_08,68.62679458396225,70.1306452707941,68.12217320599375,68.47229298504975,675947
2014-12-05,STK_08,70.48537131397391,71.66165839653493,69.98624036329765,70.65030600161637,766682
2014-12-08,STK_08,71.97907787605791,72.93042315531419,71.2253145795444,72.00999465234644,859945
2014-12-09,STK_08,73.32879283004512,73.84937684670875,72.80643528065325,73.1697883336618,975069
2014-12-10,STK_08,74.44097894774175,74.68536486636104,73.78495026676391,74.14800902348674,970185
2014-12-11,STK_08,74.04726649840045,74.33950273294901,73.65989244100376,73.8393919900731,285306
2014-12-12,STK_08,76.1529304018788,76.78919685918524,75.60633503932164,76.56265670461808,230717
2014-12-15,STK_08,77.40205117286632,78.23710100304724,76.32486560988568,77.26707314588906,49810
2014-12-16,STK_08,75.70090235829487,76.61099613902579,73.9255860032865,75.16268886688458,514625
2014-12-17,STK_08,75.76652611135451,77.99756328936303,74.66179583726544,76.7128926844171,349607
2014-12-18,STK_08,74.34189139996758,74.82421423621652,73.09625205028787,73.95717508019767,973416
2014-12-19,STK_08,72.68951502908507,72.79747205321969,72.45071492922494,72.57140322791106,743255
2014-12-22,STK_08,71.08019136629373,71.56434275631753,70.39695240086694,70.4827463671879,156568
2014-12-23,STK_08,68.03796725890732,68.63992625684136,67.45041598844209,68.24524722499702,38987
2014-12-24,STK_08,69.85226638455207,71.12789047854349,68.68750523349723,68.95823017292037,709635
2014-12-25,STK_08,68.54684280471727,68.59287197912084,67.83556016216309,68.57309015281166,404243
2014-12-26,STK_08,69.16593043096195,70.15466951979481,68.17962286720508,68.7252916876299,40278
2014-12-29,STK_08,70.61464515963105,71.81767741182357,70.13487919273706,70.95706881048466,573116
2014-12-30,STK_08,73.2099415825326,73.48737787897974,73.19800820512562,73.24623890661631,918253
2014-12-31,STK_08,72.19512009232574,72.64120491587883,71.83548686516657,72.0920695928672,49848
2015-01-01,STK_08,70.55680691363077,71.65820471472318,69.6616963836247,71.13058726744327,549526
2015-01-02,STK_08,72.05124929786327,72.19835826383006,71.57841781150455,72.06218927162212,574095
2015-01-05,STK_08,72.84082852048634,73.597665753667,72.68242999800718,72.89367957891122,435290
2015-01-06,STK_08,71.5518474349573,72.15312538530728,70.92388394437563,71.62787189035825,836004
2015-01-07,STK_08,72.07318312381378,72.58967560858358,71.12098174227931,72.39931747113017,778677
2015-01-08,STK_08,72.20034234227532,73.01768200002608,70.696845995222,71.50918804899067,166589
2015-01-09,STK_08,69.79476143154214,70.40274473801641,68.10003913088728,69.52739521073048,815881
2015-01-12,STK_08,70.64813074936987,70.98778900551707,70.44066514533371,70.78097015609517,660556
2015-01-13,STK_08,68.41308361039917,68.60744748582333,66.98954198742338,68.51442299122907,710364
2015-01-14,STK_08,70.62431942418624,72.05250345309011,69.99945664389969,71.1197160067606,275205
2015-01-15,STK_08,72.46898931765814,73.25855053695219,71.27612796564321,72.8568775498576,530624
2015-01-16,STK_08,72.04906088251234,72.51811457245329,70.78941054216205,71.93591779059737,261698
2015-01-19,STK_08,72.86984451202628,73.74651155862753,72.39671824867082,73.33847869083401,470605
2015-01-20,STK_08,75.04334361660311,75.42432396768754,74.51199838822232,74.6186101668391,117955
2015-01-21,STK_08,76.33542047268249,76.93220294812517,75.67606413036327,76.30096032046491,165563
2015-01-22,STK_08,76.06336398940944,77.76352850216456,75.8173449177683,76.50865523274732,323402
2015-01-23,STK_08,77.5796640930158,78.00035374632387,76.62960511359937,77.19930565455651,15823
2015-01-26,STK_08,76.01601537347022,77.27689079399723,74.32883596828142,76.69134451823733,888177
2015-01-27,STK_08,75.45608212991303,76.23146163340215,74.94703302197883,75.09929086149333,788838
2015-01-28,STK_08,73.58616101417246,74.29529279631268,73.34703282284894,73.93557218579564,236147
2015-01-29,STK_08,73.81574525184054,74.41609176851307,72.74552136621284,73.22109469670362,645909
2015-01-30,STK_08,69.20727905082609,70.37388947248427,68.89817911296834,69.36590660215435,97518
2015-02-02,STK_08,68.3378018396582,68.93387091019984,67.75019857483674,68.56458782828732,739169
2015-02-03,STK_08,69.6262438184529,70.75127034886434,68.88796937186787,70.24085028540377,88604
2015-02-04,STK_08,70.18797867784407,70.62003096588332,69.67812918449725,70.12743429045446,27642
2015-02-05,STK_08,68.11071606969442,69.1179038778069,67.36761061086754,68.05401218132877,823349
2015-02-06,STK_08,65.46751887791874,65.7901048887581,65.25095899167196,65.3767484747546,770108
2015-02-09,STK_08,65.82559473519316,67.11628188211431,64.9337793335393,66.2147687596975,461711
2015-02-10,STK_08,68.70665913448687,69.82704280182345,68.48877436401007,69.16618570467168,438121
2015-02-11,STK_08,70.79647567158686,71.37907694216605,70.0443427714679,70.77772600181852,771704
2015-02-12,STK_08,73.09361803039623,73.63437112045814,72.95314906881153,73.1423207268006,698244
2015-02-13,STK_08,70.77006143585982,70.79745255912732,70.62335950640265,70.67050754047483,662444
2015-02-16,STK_08,72.41451279578267,73.10859701706029,72.08453063407275,72.33039558147611,414187
2015-02-17,STK_08,71.96155281084847,72.23079940419132,71.81713996615578,71.87197274403356,554539
2015-02-18,STK_08,71.40533476165162,71.62682640613669,69.56756830760051,70.75477690280282,496866
2015-02-19,STK_08,69.27540070736895,69.94902309616447,68.36991627491294,69.33204523098523,443922
2015-02-20,STK_08,68.96379777103543,69.28251941639462,68.0067369227503,68.77062584857255,187707
2015-02-23,STK_08,69.26551428393442,69.30472574968807,68.72269602757052,69.17188950291326,665985
2015-02-24,STK_08,68.08685136027616,68.48678653355695,66.6581547965757,68.01945169723028,409266
2015-02-25,STK_08,67.16340386414967,67.97337038995678,66.66728898773559,66.89979363672558,764864
2015-02-26,STK_08,67.63587305341197,69.01342437520742,67.6079756727527,67.66198911522267,703341
2015-02-27,STK_08,66.17708156635,66.74293294477447,66.13463593869355,66.35517957019671,677749
2015-03-02,STK_08,65.77587803844558,68.20746854124008,65.23314494990527,66.34953985321327,860658
2015-03-03,STK_08,65.19356090021915,65.37269991124046,64.7660041064594,65.28628654202069,745992
2015-03-04,STK_08,63.58547432947486,63.871919373957425,62.93687914118363,63.09996071542238,554346
2015-03-05,STK_08,62.80515788071808,63.425132614728106,61.931676267822084,62.51824001971033,213546
2015-03-06,STK_08,61.54942789663395,62.18877223609368,61.17008908666455,61.404465014027224,654826
2015-03-09,STK_08,62.8141638521924,63.62507448232213,62.66363828698651,62.93665028335491,999107
2015-03-10,STK_08,64.97095740590444,65.84697241662504,63.95781159083635,64.75610065467394,356848
2015-03-11,STK_08,63.99884700159294,64.58366469977044,62.82416598957496,64.0537314517494,203802
2015-03-12,STK_08,63.577168390031424,63.81540583764105,63.09859559424286,63.13450479964959,211128
2015-03-13,STK_08,64.35960852154818,64.53950205231479,63.931596729250046,64.42403904460647,451705
2015-03-16,STK_08,65.67638514066788,66.42475887340287,65.64188302840492,65.98709223820677,764019
2015-03-17,STK_08,66.29216821581542,66.33360037520083,65.24160203418033,66.17859068131746,745704
2015-03-18,STK_08,65.34888652475671,65.89393800101513,65.29291384788864,65.441446816595,485719
2015-03-19,STK_08,64.35552738774028,64.57074822787976,63.98704300782337,64.51773736693187,343045
2015-03-20,STK_08,64.78019555497296,65.62870616468868,64.04612303482958,64.57542975611888,259623
2015-03-23,STK_08,62.65180737853529,63.56738752935544,62.25141896856034,62.49819200327776,898780
2015-03-24,STK_08,62.35271742233716,62.361831692338136,61.95483910284107,62.16811502550671,445272
2015-03-25,STK_08,60.72231401035663,61.60150994440395,60.52824743162648,61.124592031084525,196055
2015-03-26,STK_08,62.34649909257177,62.404343357816636,62.1298579899421,62.146524162806124,928190
2015-03-27,STK_08,62.243388495190196,63.822676598782216,60.62046963692932,62.761180939422665,112065
2015-03-30,STK_08,63.43029026687505,65.02384606132742,63.31446967940489,63.44687960138228,732951
2015-03-31,STK_08,62.805565076024216,63.45667503203761,61.87048373369676,62.4235808717217,469121
2015-04-01,STK_08,61.12912923289114,61.445722957803284,60.46920113619818,61.15587350538168,894571
2015-04-02,STK_08,62.3773812844175,64.25228814468696,61.72812943183437,61.843178071355105,63273
2015-04-03,STK_08,62.08730442877592,62.599425403325185,61.641217084665094,62.37973520365179,616816
2015-04-06,STK_08,62.165819358079865,62.57160444772676,61.62995641970123,62.56766064645863,690408
2015-04-07,STK_08,63.10215150295819,63.31926974604644,62.61114150918491,63.0482714548477,239245
2015-04-08,STK_08,62.61845143663614,62.66781924041131,62.30467220282455,62.61500954120425,841369
2015-04-09,STK_08,64.86126673864092,65.31377127112594,64.77103400168616,64.91150802089835,197978
2015-04-10,STK_08,66.29166993262443,67.82828076934712,66.21345753987978,66.42150054369786,629104
2015-04-13,STK_08,66.15045611240662,67.11773941680975,65.18117991633883,66.33008488389463,836885
2015-04-14,STK_08,66.65688311640535,67.76634507521855,64.87510042830259,66.36535788509303,297222
2015-04-15,STK_08,67.17948361373247,68.2924202289769,66.1087292174723,67.27493961799937,497023
2015-04-16,STK_08,65.76144301841748,66.2157004511654,64.3537513437393,65.8881042632224,381762
2015-04-17,STK_08,63.75580310647833,64.66021600325652,63.265802295320746,63.83551153198459,540556
2015-04-20,STK_08,63.61481348858018,64.51822680564527,63.1992348862935,64.04709979301344,720066
2015-04-21,STK_08,63.001975759024305,64.33043460449736,62.62494050580826,63.721002776776515,281364
2015-04-22,STK_08,63.926860127581904,64.80902787216178,63.41055440963232,63.47114938483988,259968
2015-04-23,STK_08,64.31673186385211,64.43675392487278,63.236916198671274,64.2255541876319,393938
2015-04-24,STK_08,64.95164226649861,65.57780210303481,62.90340742047444,64.93399701387911,348372
2015-04-27,STK_08,66.51068868244683,67.64363991281913,65.2625209801861,66.31801621104155,127451
2015-04-28,STK_08,64.20923704278934,64.61274845179612,63.55249856949776,64.02994787032637,434650
2015-04-29,STK_08,64.09454423761531,64.59978776399339,63.66869664946699,63.74861581611241,438726
2015-04-30,STK_08,64.18667603899264,64.44353071603784,64.12310003016825,64.41974379417975,449429
2015-05-01,STK_08,64.388990858889,65.19126274081461,63.98277632228047,64.30404061136888,904397
2015-05-04,STK_08,61.151371543423,63.13118203584237,60.45396161338271,60.95881779628145,979123
2015-05-05,STK_08,60.0168139698541,60.80299915002392,59.98031329633204,60.34767714707406,501803
2015-05-06,STK_08,61.38145000250504,62.196705387994434,61.028652786778636,61.855446170345346,294155
2015-05-07,STK_08,63.68544281706375,64.54397722601517,63.348523429420226,63.879488895498724,455520
2015-05-08,STK_08,63.570173268260135,65.23592392845356,63.084213679398886,63.90454879257755,502122
2015-05-11,STK_08,63.523676546096326,63.68992964661662,63.491704239338155,63.639730341008296,795778
2015-05-12,STK_08,65.3546886715819,66.21588159358603,65.20292851913302,65.75201502101157,706398
2015-05-13,STK_08,66.4136620061221,67.38119433290244,66.00049238535091,66.07582253059269,158005
2015-05-14,STK_08,67.65443140324665,69.49250955712473,67.43080545336808,68.05689144393607,766282
2015-05-15,STK_08,68.894313074074,69.08008653284976,68.60879745544236,68.87640495819075,807845
2015-05-18,STK_08,68.1079963276643,68.72684892294698,66.91872407162876,67.41079941127519,214072
2015-05-19,STK_08,67.44221850000473,67.9361317049177,65.92417002501772,67.2914284250623,358073
2015-05-20,STK_08,66.47475348573218,67.5803588676939,66.33982783782254,67.09782037493201,844531
2015-05-21,STK_08,69.36059792283541,70.7466481192113,68.87210269320678,69.44512748907106,579918
2015-05-22,STK_08,67.3588867561927,67.90460853927665,67.28837440664358,67.70552798147558,473200
2015-05-25,STK_08,65.87700504724187,66.23781756159313,65.62135819437633,65.67181743938713,577113
2015-05-26,STK_08,66.11903277805155,66.67753638329032,65.14914454034964,66.23978612265944,997253
2015-05-27,STK_08,64.90534816246598,66.05188984449774,64.35889276425449,65.48084538736141,914460
2015-05-28,STK_08,65.34547062694416,65.91663413722237,64.51531316005838,65.6206624634085,550703
2015-05-29,STK_08,67.32386501615008,67.42786014252319,66.48392634806589,66.94969448227268,574346
2015-06-01,STK_08,67.2406703561817,67.54250613732815,66.62129937419189,66.82891924636598,655704
2015-06-02,STK_08,66.64909786405977,67.49898719510139,65.57851306347415,66.56011834273596,518979
2015-06-03,STK_08,67.05803575789434,68.63471970329718,66.31924175710793,67.86677127699728,838893
2015-06-04,STK_08,70.77392715172964,71.46964271542308,70.01186430701158,70.93879665336037,852331
2015-06-05,STK_08,70.44356461364863,71.03867483666897,70.02666921430749,70.88553426892337,204761
2015-06-08,STK_08,70.04303714428842,70.64589644386727,68.74572163667052,70.36502949552965,497016
2015-06-09,STK_08,70.79449725695139,71.59865566300766,70.63189946373967,70.70021414601428,75503
2015-06-10,STK_08,72.36558047343372,72.66028296127547,71.65733290007711,71.9411149228725,232647
2015-06-11,STK_08,71.46706332318918,72.4991073800215,70.73638500410048,71.93744910870805,796655
2015-06-12,STK_08,73.1263381282068,73.81612699732347,72.91876497698779,73.03333113007855,469716
2015-06-15,STK_08,76.12425473163431,76.53453921670635,75.04610119120441,75.83667174129405,306460
2015-06-16,STK_08,76.2187058561839,76.6509831758258,74.94476362443159,75.80351110734685,134383
2015-06-17,STK_08,76.46431916298788,77.55652123156577,75.91387076899608,76.3372777640308,204148
2015-06-18,STK_08,77.41523773897632,77.76215769114681,76.3152943488327,77.51761109204212,88760
2015-06-19,STK_08,78.05232717369046,78.27519197248051,77.30623317392511,77.89951725532578,487476
2015-06-22,STK_08,78.19171729209026,79.13639236447487,77.42694091406749,78.10247977855144,773963
2015-06-23,STK_08,76.85129177587693,77.66509903413437,76.25779560729003,77.39180938206314,749272
2015-06-24,STK_08,77.06922490706482,77.6979497772659,76.2069745619733,76.7641019908393,572720
2015-06-25,STK_08,75.11893713131043,75.43164273864427,74.74618721269464,74.8810272885696,192377
2015-06-26,STK_08,74.35434217681596,75.15923943911386,73.28913429580939,74.62355145008122,617188
2015-06-29,STK_08,76.83972358883024,77.40596153735352,76.57624154772498,77.18072868362562,238949
2015-06-30,STK_08,79.31928448564321,79.89769109943958,78.69805888385473,79.35605529099692,408141
2015-07-01,STK_08,81.7066368145046,83.07900299774744,81.45605224074882,81.95956478237316,856533
2015-07-02,STK_08,81.53717832418744,82.7982854177457,80.62732371047291,81.90378628994483,712924
2015-07-03,STK_08,84.10192741982453,85.30460890724082,82.72420813523158,84.033776552447,569433
2015-07-06,STK_08,83.07090275651997,83.97777030829366,82.82697882679818,83.34194213540857,308456
2015-07-07,STK_08,80.73734532500451,81.40733375717532,79.35291103224016,80.90070207855422,541981
2015-07-08,STK_08,82.05541339783416,82.39280211532984,81.4146705157548,81.68344756684486,482703
2015-07-09,STK_08,80.64980536403563,81.9499597246328,79.43999087034383,80.2668760996676,981209
2015-07-10,STK_08,79.73177454587093,80.40122498350613,79.20800277366797,80.08222208760925,647226
2015-07-13,STK_08,78.4298937736004,78.90995864839248,78.40005899296084,78.54074233879655,746332
2015-07-14,STK_08,75.12781911943553,76.62474743669007,74.66965096925504,76.14087141475824,456714
2015-07-15,STK_08,76.26145273696525,76.6699908996923,75.6352313909081,76.26687409052953,282198
2015-07-16,STK_08,77.82423052591508,78.03301315799128,76.021217779692,77.08541701270337,285598
2015-07-17,STK_08,77.65379558371892,79.52769429156653,77.05777451865887,78.12807608711691,235389
2015-07-20,STK_08,77.88757653752684,78.75212125851503,76.2383681408444,77.45137721210628,991008
2015-07-21,STK_08,77.55936724855324,78.25991865134993,76.92653861032143,77.32667661984249,804905
2015-07-22,STK_08,75.83395117193695,77.40856705712066,75.78042197690924,76.07678778871755,23304
2015-07-23,STK_08,76.47414291555194,77.75815303236264,76.30138650498016,76.43230494028026,214785
2015-07-24,STK_08,77.69190297209144,78.21971520889078,76.7217466171842,77.20484028108466,617725
2015-07-27,STK_08,77.92851770494828,78.92987282576654,77.89942528757415,78.62396181468381,482028
2015-07-28,STK_08,81.89087243196037,82.54028289165045,81.20912296070075,82.16276413599437,87388
2015-07-29,STK_08,81.12033701674817,82.75908125601374,80.36654541069512,81.89911260095006,416176
2015-07-30,STK_08,80.94733617763144,82.27651839949725,80.03004355328733,81.56984013184608,727963
2015-07-31,STK_08,82.79191796433776,85.00674690324246,81.18944342524784,82.87765970171405,353417
2015-08-03,STK_08,84.97550512482108,85.57955625741445,84.34507799693986,84.72129203360295,484361
2015-08-04,STK_08,82.53529068952808,83.24394794936995,82.47436725364122,83.01123947357074,488490
2015-08-05,STK_08,81.43297470088066,82.12436125017956,81.36959854814364,81.71747204959235,529604
2015-08-06,STK_08,79.4584244715087,80.23545550646116,79.41290053415406,79.72055113571093,439065
2015-08-07,STK_08,81.53157493115698,82.48807650010865,79.76060937852967,81.11149644752204,742615
2015-08-10,STK_08,83.8239882123255,84.97772019498075,83.2323275952257,84.58178967888165,940454
2015-08-11,STK_08,86.58112702733801,87.95113218342948,86.47974864982088,87.00815004278608,141566
2015-08-12,STK_08,89.22307276525163,89.52254132211948,86.6205749283173,89.21461356981396,85775
2015-08-13,STK_08,88.2905801278135,89.45018457680894,88.19073867531432,88.61902730956183,156857
2015-08-14,STK_08,88.01375434198327,88.87961100951517,87.66930444557795,87.77671499904207,820725
2015-08-17,STK_08,89.89221266838396,90.70650339262988,89.50562818464931,89.93921592581817,776612
2015-08-18,STK_08,89.56878715849564,90.13570825833357,88.91802775985471,89.06165415257539,823453
2015-08-19,STK_08,88.51552112934695,89.28461392887024,88.20517766654869,88.98428843215478,822503
2015-08-20,STK_08,88.37557063277521,89.3107788581356,87.73694990922188,88.81317325067332,274742
2015-08-21,STK_08,88.53772165033472,88.7539051297254,86.99687005563207,87.71307528935863,688080
2015-08-24,STK_08,86.6612029386903,87.6934068063821,86.35695192971316,86.68885389886944,139289
2015-08-25,STK_08,89.09560309098902,89.44846322533608,88.45517501404738,89.35335949115411,812086
2015-08-26,STK_08,86.47972018044582,87.00523212992196,86.23510392676664,86.52449842768661,555410
2015-08-27,STK_08,88.46847171578777,89.33043835187088,88.0432841929115,88.43886997480308,539484
2015-08-28,STK_08,83.58932593286582,85.00178682310252,83.54687509639578,84.3800865502847,131421
2015-08-31,STK_08,85.1679181090075,86.15514059911249,84.98025810948756,85.92506158778897,731450
2015-09-01,STK_08,85.09233368327004,85.30182549910093,84.8114943529391,85.03817923328604,381982
2015-09-02,STK_08,85.28600643056063,87.30328311480584,84.0085762578145,86.1275566350033,936381
2015-09-03,STK_08,86.55497017183839,87.03766987036018,85.27842711187604,86.56743477415361,817458
2015-09-04,STK_08,86.61086494478573,86.99402506886062,85.8937751959304,86.28299134572228,726684
2015-09-07,STK_08,85.3167404841364,87.12494895806994,84.52944546384933,85.90691876408167,964919
2015-09-08,STK_08,86.7371758278503,86.80290843023249,85.45581626240326,85.9934176773805,621556
2015-09-09,STK_08,82.62007728818892,82.93413877128705,81.6968625218263,82.84193298452524,856602
2015-09-10,STK_08,84.50426888794914,84.77113058433243,83.64782611337172,83.72015313221938,318823
2015-09-11,STK_08,83.73686178024671,84.17590838219928,83.30251032792667,84.0910630814055,350857
2015-09-14,STK_08,83.26901242648688,84.45129459052515,81.85589298481764,82.94196862160176,899089
2015-09-15,STK_08,85.00454192160294,86.69335890684768,83.84935327176223,84.71390341640472,342432
2015-09-16,STK_08,79.52871865189844,79.63556068256594,78.4028510668985,79.6098998666388,647109
2015-09-17,STK_08,78.96954001302613,79.87812182316827,78.5307407424848,79.42999400425234,452753
2015-09-18,STK_08,77.82057061303689,79.09534596006628,77.20988065979009,78.20095764601479,615935
2015-09-21,STK_08,77.22200765683681,77.28593495997443,76.77103175945088,77.28556764010398,14273
2015-09-22,STK_08,75.65168326295263,75.66068686009156,74.59443984553101,75.50604979700387,806798
2015-09-23,STK_08,77.17051549727029,77.7753034395842,76.77350117404654,77.24770316153173,43539
2015-09-24,STK_08,77.71426899322617,78.10090724337758,76.28434632935817,77.49256311301609,63750
2015-09-25,STK_08,78.5519650762054,78.88677939224671,78.16485318907375,78.34850379741073,526109
2015-09-28,STK_08,77.34411021804425,77.94273865039311,76.26127938981307,77.15638389013837,684251
2015-09-29,STK_08,78.57042806472366,78.98025505844497,77.75307828535804,78.27791201103223,993747
2015-09-30,STK_08,75.59446807139894,76.41887566834161,75.57974502325457,75.75856045075108,24010
2015-10-01,STK_08,76.91197186312866,77.11918463807238,76.58419930596739,76.91811640372627,263878
2015-10-02,STK_08,75.81343776804363,76.87887054451728,75.41268590815413,75.9966852320535,123167
2015-10-05,STK_08,75.7540549662669,76.00385675397312,75.34592243972345,75.49283312912479,644990
2015-10-06,STK_08,72.55107875089074,73.02972532133695,70.85968523013145,72.9090377245234,110901
2015-10-07,STK_08,74.39358364057574,74.87325909363165,74.20475961103924,74.37154541408498,871261
2015-10-08,STK_08,76.7936838593576,77.99923061968046,75.74783024892162,76.90395001520808,876332
2015-10-09,STK_08,76.6229238717594,77.03334587168591,75.83317877276579,76.33821892028274,182293
2015-10-12,STK_08,79.07623055641334,79.9365414582049,77.93473512134861,78.9645520821053,121736
2015-10-13,STK_08,78.89245727910365,79.57454575559197,78.46214131159378,78.68645509545225,702239
2015-10-14,STK_08,75.7442225312832,77.22601290951499,75.59410325933638,75.79546408198354,52681
2015-10-15,STK_08,73.82956500225247,74.2032872378355,72.87338310561744,73.7281631732674,258857
2015-10-16,STK_08,71.66562729099928,71.99954227624214,70.57558321957248,71.5035677220104,326467
2015-10-19,STK_08,72.44163525442428,72.6314482183098,71.24285645589954,72.07855409167026,855852
2015-10-20,STK_08,75.45782507912111,76.20006106859147,74.96285357259819,75.3892662043491,209527
2015-10-21,STK_08,77.46874488510294,77.70075180818755,75.75444294252497,77.23954226691032,765289
2015-10-22,STK_08,77.13494265417779,78.06278477835704,77.03581573790795,77.39248398529485,249701
2015-10-23,STK_08,77.1006179827005,77.66156523776905,76.76115311888253,77.27410853972012,129687
2015-10-26,STK_08,77.66513836587615,78.18736303728701,77.24860602345059,77.88118640011996,586196
2015-10-27,STK_08,76.97306850007897,77.92914642852334,76.64050875629853,77.28724847194734,182919
2015-10-28,STK_08,76.13686048533486,76.6814211069427,75.60011614410875,76.01950021684266,774377
2015-10-29,STK_08,75.7153218671384,76.54883134103164,75.10529783619972,75.73604595881889,775122
2015-10-30,STK_08,77.68120040523584,77.78501915144565,76.60299348466646,76.85014127126732,122597
2015-11-02,STK_08,77.71042137533738,78.6362068910285,77.1069540422705,77.54932385554885,83301
2015-11-03,STK_08,76.08350680668028,76.7754078849128,74.84457363923435,76.39122246932007,486588
2015-11-04,STK_08,75.84759095559689,76.24444469014229,75.05458159456862,75.81689651672656,471034
2015-11-05,STK_08,73.01824518483018,73.86418613897733,72.80826662607568,73.4664144378197,427249
2015-11-06,STK_08,69.5625823043929,70.56817759195808,69.29658523710704,70.14537935601061,268516
2015-11-09,STK_08,67.82581225027839,68.65577919066354,67.35641482776474,67.38918480413194,231546
2015-11-10,STK_08,69.13509708109727,69.44368252108434,69.0342933541836,69.42453795149893,159581
2015-11-11,STK_08,71.09260755452807,71.18659456884595,70.62574228664745,71.03252733211772,868606
2015-11-12,STK_08,71.51466088376577,71.98356081424329,70.97861760579404,71.0079152923023,119609
2015-11-13,STK_08,73.63853059320593,73.68740457520917,72.1145265458018,72.93010887907455,569602
2015-11-16,STK_08,74.33118804727417,74.7290620733572,72.69034960773011,73.94696804573464,67495
2015-11-17,STK_08,74.18988326329956,74.50956932255781,72.84288944757664,73.8669168957307,191285
2015-11-18,STK_08,72.19740932961963,72.74188999206649,72.12933682333068,72.21168233686298,442635
2015-11-19,STK_08,73.588560013492,74.32286000790725,72.49070769040817,72.91408993852824,710587
2015-11-20,STK_08,73.53019391840903,73.62011563764781,72.27193145761225,73.19731726982876,465176
2015-11-23,STK_08,72.41296333602763,73.20665584311051,72.3990303341375,72.55044256581382,390945
2015-11-24,STK_08,71.77293385627236,72.59155245263105,71.63943627504237,71.66803765623341,966381
2015-11-25,STK_08,68.93252180008518,70.03222773552812,68.38498770039872,68.97485629778977,69387
2015-11-26,STK_08,69.93424474730782,70.18035783264553,69.09237112455818,69.54736339328858,99486
2015-11-27,STK_08,67.16939393611312,67.81699137858949,66.92839766422469,67.60880666117349,3545
2015-11-30,STK_08,67.65867479589245,68.17199630845992,67.09906198328139,67.84215808827913,871081
2015-12-01,STK_08,67.85703185415666,69.33638133424652,66.78508797938399,68.07863823138696,540474
2015-12-02,STK_08,69.23580206561478,69.68318737914875,69.05713811242804,69.06766500822638,793883
2015-12-03,STK_08,69.23042644414836,69.70966604017454,69.11326852564035,69.41253488748909,458582
2015-12-04,STK_08,68.2986358449723,68.56029778940209,67.69951530479503,68.04614975608996,576685
2015-12-07,STK_08,68.83161063500563,69.12488063781203,67.62525732864056,68.17823412632343,960305
2015-12-08,STK_08,66.50463472250027,66.72818224846498,66.1992664532292,66.20454572246194,993708
2015-12-09,STK_08,65.3769897351658,65.70815598761186,63.99460361298157,64.95059487821841,942737
2015-12-10,STK_08,62.7507025041924,63.488308037419564,62.008262622477204,62.786827246058564,418958
2015-12-11,STK_08,62.73814815113116,63.273443115834816,62.44968664478407,62.93944006296465,939454
2015-12-14,STK_08,62.217778729562646,62.2243597105029,61.63479491596075,62.19192572124101,973605
2015-12-15,STK_08,59.80882801643431,60.35665169782018,58.445739368160574,60.221508901019945,980789
2015-12-16,STK_08,60.345100597790726,60.93634232101912,59.55592533077819,60.3201800838511,779421
2015-12-17,STK_08,63.173673638952025,63.53386630567766,63.137162582337496,63.50468699702406,701818
2015-12-18,STK_08,64.37585232376279,65.93976213980005,63.494127375779215,63.87366996929516,51535
2015-12-21,STK_08,64.25320681270036,64.4156291986472,64.12241198412572,64.26835984207096,481865
2015-12-22,STK_08,62.070301349017846,62.68718078350974,61.91018871025012,62.09584354392363,836477
2015-12-23,STK_08,60.97148662933937,61.18633254319249,60.48829418175169,60.8724267333473,474759
2015-12-24,STK_08,59.687334513288995,60.10263100957475,59.26092633597679,59.59518948134142,482603
2015-12-25,STK_08,58.73672553699538,58.85012741860573,57.83897690343433,58.57565077488852,216513
2015-12-28,STK_08,59.31424027738427,60.150150504971336,58.57493991799265,59.32635255515289,333373
2015-12-29,STK_08,56.65973883752937,57.525705402306336,56.44428234029441,56.77300250413931,110309
2015-12-30,STK_08,57.79171107360494,58.90284465912356,57.21420719730374,57.939889093816234,172037
2015-12-31,STK_08,58.476698848611,58.687579396425036,57.86188374923198,58.26616265062566,606060
2016-01-01,STK_08,61.95219815439096,62.161704913695424,61.05905705798019,61.46305796619387,272082
2016-01-04,STK_08,61.4631538470406,62.75434613197765,60.52141277623671,61.215130463355514,211296
2016-01-05,STK_08,61.159958205335045,62.15686725926988,60.56002929032299,61.39175655487984,278791
2016-01-06,STK_08,62.35684366872243,63.768568569745355,62.13875745045007,62.69493716011815,730534
2016-01-07,STK_08,63.513359991647874,63.737840187104226,62.260048827378355,62.64268052728214,757848
2016-01-08,STK_08,63.97808052777686,64.02708003409589,63.667151905626696,63.84488282293555,403400
2016-01-11,STK_08,65.97781630747916,66.05333593296409,65.27873748978486,65.33958644631791,131311
2016-01-12,STK_08,66.08242780708999,67.39207665756186,65.6519528797827,65.73962341077639,740254
2016-01-13,STK_08,65.78655870251845,66.96151119680351,65.4856340303353,65.9245753906962,981745
2016-01-14,STK_08,63.35138258631827,63.76331206222259,62.684040171183106,63.61898792870812,754647
2016-01-15,STK_08,65.44801566645263,66.39367133512727,65.19315802313123,65.5478013599305,611373
2016-01-18,STK_08,65.80126634052777,66.55267653816779,65.0439017544387,66.03385461466176,358384
2016-01-19,STK_08,67.759310617284,68.46807451589166,67.63203389470009,68.22600675864274,731863
2016-01-20,STK_08,67.577130909726,68.63137851577623,66.37392670232441,67.34837649090726,752515
2016-01-21,STK_08,67.75642875556032,67.82436458324649,66.92121745914868,67.54767582429653,263954
2016-01-22,STK_08,67.63017518282167,67.84541155077711,67.19517346779644,67.54003298509873,15697
2016-01-25,STK_08,67.5197661789554,68.31365732127857,67.38487106830006,67.7199627779399,827075
2016-01-26,STK_08,69.4414083702305,69.66090248759454,68.9805706495581,69.22740998662876,664280
2016-01-27,STK_08,67.64889025914545,68.13929535847295,67.47534960484352,67.56106531215697,151877
2016-01-28,STK_08,66.25808383860563,68.21819593905713,65.65938466646071,66.87347977593903,221586
2016-01-29,STK_08,66.38766456164943,66.80764807314122,65.9148219611551,66.51128374459596,79642
2016-02-01,STK_08,64.81447800505481,66.37600705601776,64.47791402443634,64.98276776525587,920648
2016-02-02,STK_08,65.57921574166429,66.32910913625355,64.26460819759316,66.14662122532808,495102
2016-02-03,STK_08,63.37036208893689,64.00099640258243,63.3067356313238,63.52422383215046,69654
2016-02-04,STK_08,62.582706546091934,63.13020859053434,62.53754254017309,62.633791834485734,349310
2016-02-05,STK_08,62.566052768700416,62.913709993073454,62.15911398648111,62.85920064480082,395951
2016-02-08,STK_08,61.70233936454771,62.04833787351358,60.773534494914976,61.108333390176874,120939
2016-02-09,STK_08,61.58964398285254,61.72102179818311,61.2715984050055,61.46399461027198,452143
2016-02-10,STK_08,61.11888265831069,62.2528827944837,60.26613396601501,61.284274475589,63199
2016-02-11,STK_08,61.076716534347185,61.09285713814121,59.83482735337264,60.681730526532895,499303
2016-02-12,STK_08,58.775441942550486,59.91879206117414,58.66694897925418,58.93818301583208,434189
2016-02-15,STK_08,59.894001883028196,60.044149036845695,59.09858660687375,59.958910818693006,101524
2016-02-16,STK_08,58.291101530074926,58.9713250568171,57.83311516216683,58.74256693822255,22489
2016-02-17,STK_08,60.97139882622242,61.20100310383192,59.575781654551335,60.72126192513377,982142
2016-02-18,STK_08,59.24168917118067,60.091045572466484,57.513668316546,58.63282907685121,966659
2016-02-19,STK_08,59.13718713324838,59.85107291114045,58.418144861936334,59.16903785344851,756382
2016-02-22,STK_08,60.052814011425504,60.152469386892015,58.63380203722352,59.83529221833096,267421
2016-02-23,STK_08,58.56104234276519,59.86601428238198,58.143527347789885,58.96400473587207,666707
2016-02-24,STK_08,58.676737323413924,58.69438229426975,57.98889419877323,58.526129286951054,938614
2016-02-25,STK_08,58.581243763346066,59.135000810507655,58.17100978521178,58.842280976252404,191022
2016-02-26,STK_08,61.34235378763223,62.169024615484794,60.64226226331296,61.08911670225486,765162
2016-02-29,STK_08,61.476774316281734,62.02720956984348,60.448366707458575,61.672864611761746,21100
2016-03-01,STK_08,62.96043199926227,63.56614451884501,62.70626509967022,62.96260950909045,777142
2016-03-02,STK_08,63.0386864564291,63.0899167628203,62.206474237981645,62.53639343489941,774270
2016-03-03,STK_08,61.16836247867793,62.452588374647235,59.86776615576115,61.34863172324624,642014
2016-03-04,STK_08,60.70835458703721,60.724101022992,60.55995447951361,60.617551001086525,486892
2016-03-07,STK_08,61.55798308370531,62.27720018500785,60.12818088011281,60.95412408506044,493952
2016-03-08,STK_08,59.83100807765982,60.321810676640894,59.778375316679515,59.90711133792778,942165
2016-03-09,STK_08,60.888453451153914,61.50210485657162,60.62141135103614,60.822236427858606,623657
2016-03-10,STK_08,59.85600581251481,60.96651203466593,59.15606323363343,60.02048815053642,948293
2016-03-11,STK_08,62.01132626784537,62.527003076893585,60.84165734202516,62.02260062513359,106079
2016-03-14,STK_08,60.90879311452512,61.584017760842094,59.87550719860799,60.59208176585524,248664
2016-03-15,STK_08,59.72116858838068,60.49320870988918,58.899950502460435,60.02398705590383,506867
2016-03-16,STK_08,60.52708847480399,60.81345449134897,59.68332430350829,60.36507609394159,825933
2016-03-17,STK_08,60.833982188557954,61.71151926969588,59.236200195364766,60.43798528906258,705905
2016-03-18,STK_08,61.13344524177564,61.196523339664544,60.10213315428425,60.78536048265538,989169
2016-03-21,STK_08,61.45323618796167,61.53956389175723,61.356551204608465,61.392543289999104,515206
2016-03-22,STK_08,60.67237831241431,60.86023084114006,59.638953864394246,60.36682781081651,280833
2016-03-23,STK_08,60.16151676797506,60.267156767081005,59.46070306743043,59.94566417524861,147100
2016-03-24,STK_08,57.50612821375106,58.54395931725729,57.33140815942035,57.910817797658325,911509
2016-03-25,STK_08,56.30568690855928,57.76616488568637,55.95003720078986,56.27672336241365,543985
2016-03-28,STK_08,55.664947071905075,55.845781634054816,55.59244119013864,55.78220847947383,869677
2016-03-29,STK_08,57.03632083176518,57.89055793101245,55.77103173993755,56.67898283384755,135586
2016-03-30,STK_08,57.10072068787227,57.12182149057766,56.49442465414362,56.880012815852076,174805
2016-03-31,STK_08,55.91980697216575,56.96133452328991,55.77876261987924,56.055338371152445,269604
2016-04-01,STK_08,56.60978801023428,57.13214962555078,55.69698267959194,56.577979121914645,320492
2016-04-04,STK_08,57.20833685505638,57.80594006286572,56.667642688510696,56.963035236984055,553734
2016-04-05,STK_08,56.7452800653728,57.34779280621948,55.46992758805324,56.361654451239055,556567
2016-04-06,STK_08,56.98282534268814,57.21839758132299,55.35797413942489,56.470620372494984,220917
2016-04-07,STK_08,59.14799543926862,59.95067024471897,58.25596861277317,58.76350126404591,113474
2016-04-08,STK_08,57.82215309371671,58.25803633293481,57.25757154606089,57.913396059048644,506548
2016-04-11,STK_08,56.78174359473578,56.866674827189634,56.52320836789289,56.84226252758666,561281
2016-04-12,STK_08,56.94107877223531,57.533905657281416,56.78161566801906,57.15367331325024,722808
2016-04-13,STK_08,58.82111979742682,59.287059228217146,57.916981522547715,58.4444894644415,708409
2016-04-14,STK_08,59.55872092844667,59.74923007647198,59.187846275505024,59.475299123051855,504901
2016-04-15,STK_08,56.94044576032718,57.63312641556809,56.580454412501055,56.738086541507144,977357
2016-04-18,STK_08,56.06424887976634,56.96024947770766,55.427683115584195,56.79033061623458,448984
2016-04-19,STK_08,57.61428889241969,58.57886356576693,56.962778953769956,57.37198829287602,217340
2016-04-20,STK_08,57.13878025802907,57.35034702017583,55.547640196864755,56.56763225551945,88485
2016-04-21,STK_08,56.042627619257296,57.95108317795285,55.84624334644798,56.156164306600104,21730
2016-04-22,STK_08,55.41852593950612,55.636462613793874,54.70584598678153,55.115461627053044,153664
2016-04-25,STK_08,55.20908913321568,56.091530151908955,54.46069249817198,55.41197306304578,379470
2016-04-26,STK_08,55.49304780121077,55.625606878405854,54.70122471473971,55.05406551388782,618595
2016-04-27,STK_08,54.87862195000036,55.341996080909006,54.40916206232218,55.0978621678204,211968
2016-04-28,STK_08,54.926340461038805,55.7866488629315,54.68608655738906,55.601205513594124,129520
2016-04-29,STK_08,54.325061242681315,54.77523434938574,53.6029130005535,54.3375232658357,200060
2016-05-02,STK_08,54.522175316925626,55.46285773320483,54.13549610275809,54.69766866363688,993117
2016-05-03,STK_08,55.17966706255566,55.416548986668495,54.38276154289323,55.093610462949854,114625
2016-05-04,STK_08,55.488110948462264,56.05420017697912,55.07985780200775,55.163584417458665,722446
2016-05-05,STK_08,54.65021207483999,55.48845643811281,54.351590014634496,55.04808159018201,897116
2016-05-06,STK_08,53.95777415822363,54.08237549125025,53.503163826608464,53.903330745977854,829245
2016-05-09,STK_08,53.511904122275,54.51397470199279,52.73375242799275,53.273142196496686,860987
2016-05-10,STK_08,55.89272109175687,56.713474818030086,55.2107510982074,55.67342049370935,92070
2016-05-11,STK_08,54.82556105313293,55.305218544121345,54.57694778377324,55.05230025630738,640339
2016-05-12,STK_08,52.85352188760856,53.34896838159548,52.650757334523455,53.14017505872949,544428
2016-05-13,STK_08,51.79003477982558,52.69300794783087,51.52223983598756,52.29656586670633,934871
2016-05-16,STK_08,54.001005193471926,54.41494922775118,53.298859645917325,53.772516154823975,96520
2016-05-17,STK_08,53.69975386860574,53.95963839300322,53.179058608160965,53.699282251399936,277588
2016-05-18,STK_08,52.88607413879538,53.00015349570171,52.05704853862297,52.5919141538634,400316
2016-05-19,STK_08,51.27232210699184,52.13759020014797,50.90751502729623,50.91389151640824,629962
2016-05-20,STK_08,50.599726671336775,51.32646310696256,49.981568851606596,50.31172879366119,111011
2016-05-23,STK_08,51.745102445353474,52.20209164362904,50.2881664593854,51.43737368645734,521370
2016-05-24,STK_08,51.91541138638957,52.46955732504089,51.28197633270444,51.625249817951826,687543
2016-05-25,STK_08,50.8793886114898,51.336403218807064,50.00824440927941,50.918169662667076,237889
2016-05-26,STK_08,50.17874994674058,50.69754348022219,49.57998980223747,50.311858718085496,181251
2016-05-27,STK_08,50.18133602155883,50.225552454472975,49.7846480225782,49.89496991123767,320766
2016-05-30,STK_08,50.230110565115915,51.26375551516902,49.888157236995205,50.05006205559593,134502
2016-05-31,STK_08,48.801506963303666,48.938073774639236,48.467267387771706,48.92932824281192,857724
2016-06-01,STK_08,47.548294854940764,48.66540913929759,47.43766913867374,47.90440557234094,883353
2016-06-02,STK_08,47.43385473336802,47.53832568744937,46.936645033375285,47.453458971154426,227005
2016-06-03,STK_08,47.62871202866608,48.129873103118456,47.38033649605922,47.680559194998764,376108
2016-06-06,STK_08,47.73536410288088,47.89479140428273,47.3240310910878,47.69151865285097,427946
2016-06-07,STK_08,47.45646559308323,48.16920254506784,46.60298420263747,47.557149066137306,509389
2016-06-08,STK_08,47.735357006214215,48.69497009895662,47.20851388239746,47.6791405941022,850366
2016-06-09,STK_08,48.89279408247789,48.94252325418118,48.20040200813047,48.82538326612422,145467
2016-06-10,STK_08,49.52779204843863,49.801798481913586,48.3536437971898,49.1749682537046,144759
2016-06-13,STK_08,46.25174432189478,46.92316168087488,46.23711678805495,46.64422905294628,570047
2016-06-14,STK_08,47.38345003308162,47.64790469099212,46.92824722293755,47.29811101184915,644600
2016-06-15,STK_08,46.21219720325223,46.94237162048474,45.54847627520018,46.10409927460805,286397
2016-06-16,STK_08,45.51591379393679,46.64996313207589,45.14330920308161,45.694035048521,195981
2016-06-17,STK_08,44.02318699496986,44.294641169166894,43.94196159334207,44.23481002925482,964093
2016-06-20,STK_08,42.27738553796699,42.47827802381669,42.1701452698418,42.26662021516244,234634
2016-06-21,STK_08,41.557832263148654,41.81582337344013,41.276172784122224,41.547842700576695,124551
2016-06-22,STK_08,42.19022514657135,42.54858169234824,41.59318905625958,42.22479949843894,387295
2016-06-23,STK_08,42.26057048353026,42.73832715451596,41.587084138101794,42.18904118547218,967901
2016-06-24,STK_08,42.45685161772092,42.579469835830935,42.37721454533291,42.38625060024789,764903
2016-06-27,STK_08,42.39258782039311,43.16185518322051,41.749493835196816,42.223995517597686,697924
2016-06-28,STK_08,40.81854902889411,41.24915421981755,40.60800567195159,40.9950038958791,276720
2016-06-29,STK_08,40.454537847815445,40.51170135491783,39.776330453264436,40.39792638219322,959858
2016-06-30,STK_08,39.901745549377175,40.32603375733237,39.77458823947684,39.92030993415852,321653
2016-07-01,STK_08,39.802735495047514,40.00584557778785,38.640028874671486,39.689105284418,954937
2016-07-04,STK_08,37.775457615754924,38.16180376095765,37.692885807450935,38.09814333435674,584327
2016-07-05,STK_08,38.94586388948981,39.03425687010062,38.200151367859455,38.73630965816374,189525
2016-07-06,STK_08,37.70706452590769,38.10636865153144,37.18579369832009,37.84495125202435,66038
2016-07-07,STK_08,36.86800004975824,37.09291573168311,36.76930879818301,37.04387251163433,869667
2016-07-08,STK_08,36.87750877137097,37.15809911911879,36.20282276929242,36.985575953006176,753190
2016-07-11,STK_08,39.124964242402285,39.20296587510982,38.89746163322366,38.922048739605465,352440
2016-07-12,STK_08,39.20724730435499,39.42002566355909,39.114446951507205,39.135573745585695,252766
2016-07-13,STK_08,40.191900665844734,40.55473222110243,40.190090518615506,40.255982734505615,318822
2016-07-14,STK_08,41.40356422805043,41.64199863970744,41.26536692203202,41.57195350921926,430197
2016-07-15,STK_08,40.605881300172015,40.64932328616708,40.27794445493811,40.40460773967207,454791
2016-07-18,STK_08,40.94418446822817,41.771675544664305,40.86534048265003,41.132169241077655,549066
2016-07-19,STK_08,42.438301871912195,42.874302197570266,42.15153521434467,42.37446557845019,111513
2016-07-20,STK_08,42.92584481943142,43.22908424315444,42.23723925570285,42.78279093925565,237282
2016-07-21,STK_08,42.29428853183059,42.62364376360666,42.0150389943974,42.05325324328877,958064
2016-07-22,STK_08,41.73646715956824,43.192072537453775,41.612238586603404,41.87056291979138,371369
2016-07-25,STK_08,41.328379084956694,41.387859849706736,40.75831829041648,41.38312339490044,409260
2016-07-26,STK_08,40.773434257782,40.9411615672781,40.716366789682766,40.933528998365766,248589
2016-07-27,STK_08,41.74235746508646,42.53757403329397,41.58224087954597,42.025238456419736,297006
2016-07-28,STK_08,43.14328563158305,43.42387283252819,41.61171142708592,42.75958001165369,455473
2016-07-29,STK_08,41.77976369740018,42.51854399056262,41.236447095290075,41.79926084757038,811649
2016-08-01,STK_08,42.180081761206225,42.332810876641396,41.50639079852389,42.207845831204246,267509
2016-08-02,STK_08,41.12836526924091,42.0837720405648,40.83101918601422,41.76815617370639,422091
2016-08-03,STK_08,41.11089232186752,41.58981500810562,40.873643853101505,41.48774746630636,630094
2016-08-04,STK_08,41.40893954020047,41.78657451222484,41.32346041830506,41.701141625277934,850019
2016-08-05,STK_08,40.624850436656246,41.36261096074409,40.40750422955223,40.973841236235806,924923
2016-08-08,STK_08,42.06020898191736,42.19135012547917,41.34158741553852,41.79733100085169,642010
2016-08-09,STK_08,41.352424703433606,41.709944993340194,41.24593545707855,41.51398158160413,639485
2016-08-10,STK_08,40.84599024185487,42.11052029470073,40.555929995536324,41.640127794796854,317182
2016-08-11,STK_08,42.788654059769605,43.37667103538845,42.157421182947296,42.60673570643197,693581
2016-08-12,STK_08,42.73988618836321,42.98106559664157,42.27562605695556,42.90221098405292,840043
2016-08-15,STK_08,40.90088104271811,40.97093453435143,40.50288488630552,40.712940818083645,374417
2016-08-16,STK_08,39.86923527936994,40.44737423984245,39.602568874486174,40.096381517332055,347503
2016-08-17,STK_08,41.000130617445976,41.50073133987694,40.18234009096874,40.89838570519188,865537
2016-08-18,STK_08,39.4715975654657,39.79506896438113,39.447058477665735,39.64787664652807,22791
2016-08-19,STK_08,39.293781761322265,39.5618326004618,39.25110824404556,39.52291545856082,993501
2016-08-22,STK_08,37.60194228887842,37.64143148423369,36.81803113490419,37.63851379784828,871327
2016-08-23,STK_08,37.15576163147424,37.39658706027536,37.01183421513133,37.12875717896389,566953
2016-08-24,STK_08,38.19566710202902,38.5303364108244,37.78378075043126,37.85383685436923,651452
2016-08-25,STK_08,37.66233523720859,38.00729261009481,36.973627004918534,37.50793755384665,897453
2016-08-26,STK_08,38.758324834476866,39.33540643152115,38.49351045709907,38.88728277138777,365559
2016-08-29,STK_08,38.953479928503334,39.112956820992714,38.65765750394682,39.09767697934346,507334
2016-08-30,STK_08,38.279101674692164,38.70704747507379,37.94201329624779,38.46020923131649,880697
2016-08-31,STK_08,39.13301961070568,39.958959176349865,38.99260818788661,39.43598895383898,375801
2016-09-01,STK_08,39.95862376190298,40.292426733812526,39.744130857296994,39.870241696881706,246035
2016-09-02,STK_08,38.284937499769505,38.5881070396549,37.69088903689959,38.49467904164737,36684
2016-09-05,STK_08,38.862666584142325,39.20873935570778,38.500281793573905,39.0862381324837,252904
2016-09-06,STK_08,37.29217644752402,38.178563604969014,36.994287246543685,37.37931904239773,438552
2016-09-07,STK_08,37.502551123993854,37.70393296314792,36.98883641057738,37.30809309641182,993004
2016-09-08,STK_08,38.068612751686025,38.237054034077254,37.53908870064372,37.95902388229675,98290
2016-09-09,STK_08,38.49333547133338,39.195888244322056,38.32399942576222,38.542837884782806,452271
2016-09-12,STK_08,39.251467692708864,39.454151386913885,39.06267593209238,39.07774452425605,602854
2016-09-13,STK_08,39.07728982674444,39.58841737949914,38.93123274457464,39.163402452937405,328925
2016-09-14,STK_08,38.74180724660164,39.60656961852775,38.09108140298351,38.969071779995524,11195
2016-09-15,STK_08,40.047129321742574,40.55957019464842,39.4018553187837,39.49236942014922,219643
2016-09-16,STK_08,40.64543744948966,40.67814285951652,40.367568497253856,40.58329875677374,821435
2016-09-19,STK_08,40.48342314243898,41.32736971066319,40.136958874588245,40.41371361136226,169472
2016-09-20,STK_08,39.88521074880788,40.14469226258411,39.37668260257378,40.07902768223758,410068
2016-09-21,STK_08,40.8233079567238,40.85254694618903,40.331090988365595,40.84167646197907,137791
2016-09-22,STK_08,41.05606740305145,41.43176686579514,40.420784765955624,41.35242415002205,601748
2016-09-23,STK_08,42.474644725459264,42.54512239474016,41.78452544947444,42.162987300909876,671167
2016-09-26,STK_08,40.54344670299434,41.72237408935508,40.11579859969641,41.185351529713984,617276
2016-09-27,STK_08,40.19924086846022,40.46311449030491,39.60038353808396,40.08245845923206,262853
2016-09-28,STK_08,39.058478799262424,39.32381245708235,38.9689611935059,39.13362635637433,277715
2016-09-29,STK_08,37.235191267592505,37.31484071631353,37.02835379116418,37.21162818548934,465254
2016-09-30,STK_08,36.668627461989885,36.90032833801471,36.437947392097605,36.74806624400873,471854
2016-10-03,STK_08,37.00023467369168,37.78202644368543,36.65154255348925,37.19522343570522,529524
2016-10-04,STK_08,36.344222760161834,36.49632907547545,36.21969724928095,36.347375049619785,200589
2016-10-05,STK_08,36.004160375835,36.35994790349517,35.51757915895663,36.09665845498989,510282
2016-10-06,STK_08,36.655943375239424,37.01240946669487,36.59349924760525,36.90967447745987,785218
2016-10-07,STK_08,37.62775748640743,38.09535472944792,36.7526702455377,37.821343873302816,967659
2016-10-10,STK_08,38.250202660733656,38.7833374913355,38.209053581874045,38.52117841007055,638417
2016-10-11,STK_08,39.251530856344424,40.108688745179975,39.20552811080157,39.52295436917641,82368
2016-10-12,STK_08,39.74970511461571,40.27543543343743,39.43579433218405,39.994913358888766,921546
2016-10-13,STK_08,41.24711916759449,42.00261394044781,40.58106575771251,41.052948945692656,322533
2016-10-14,STK_08,41.6650749867692,42.17025992688057,41.2262934800642,41.783639333762856,681550
2016-10-17,STK_08,40.872290323577474,41.19503516058922,40.47653811438379,41.1747761154189,222795
2016-10-18,STK_08,41.610946462047046,42.10735760299452,41.609981567579844,41.61740877872533,92474
2016-10-19,STK_08,39.52815321844278,40.22709313200751,39.18008801403683,39.78843565517674,471781
2016-10-20,STK_08,40.02557820384538,41.255892895068186,40.00049743190785,40.24038444896296,835405
2016-10-21,STK_08,40.42777978597825,40.472546921520234,39.697746780826655,40.17717178573855,63057
2016-10-24,STK_08,41.49217784213974,41.77661318815866,40.702102535527054,41.20492699402781,644346
2016-10-25,STK_08,41.63228833917676,41.96395301793953,41.312583456398514,41.42630905246673,729135
2016-10-26,STK_08,41.69986708393065,41.82250772115096,41.27695348402019,41.45035856788378,663159
2016-10-27,STK_08,40.735317280100496,41.07943458903107,40.461965533209025,40.60822695090495,929499
2016-10-28,STK_08,40.512898589256615,40.75383801144935,39.9550749773733,40.158187149896705,48980
2016-10-31,STK_08,41.08934248940382,42.066105958968066,40.63810195522,40.919663427669654,627674
2016-11-01,STK_08,40.58635496491707,40.67007230768997,40.05198142868533,40.55895806577999,783441
2016-11-02,STK_08,39.50225829831013,40.28861590307232,38.94823765975122,39.25913643926251,634373
2016-11-03,STK_08,38.72007156924126,39.22990254954464,38.18676539728472,38.66973617981991,197630
2016-11-04,STK_08,39.6311287633328,39.750660265123265,39.181711178999194,39.43241560420198,286228
2016-11-07,STK_08,40.56406417712592,40.82720707194294,40.16815357995467,40.24256146785657,243170
2016-11-08,STK_08,40.59815374419138,41.61336260974627,40.219838029077415,41.03530143179974,482134
2016-11-09,STK_08,41.106308837234174,41.29911297960887,40.9210411020162,41.173336681516666,814821
2016-11-10,STK_08,40.4031460790785,40.73108557291633,40.162593128359475,40.44850796520712,569692
2016-11-11,STK_08,39.189490979613154,39.6702229898576,38.60428244062937,39.394662423326594,346534
2016-11-14,STK_08,38.98583565494335,39.38245453360342,38.625903742378114,38.76219217183702,956979
2016-11-15,STK_08,38.517218664729604,39.02365843990323,37.78295719538834,38.03608207159033,510035
2016-11-16,STK_08,37.923190072730826,38.04637439269008,37.117751037641966,37.531625394813645,840270
2016-11-17,STK_08,36.443802449423494,37.27797588070507,36.114622209972076,36.34491396752456,938046
2016-11-18,STK_08,35.51670208107947,36.14589320133392,35.4197846261256,35.44677214696089,933527
2016-11-21,STK_08,34.40964499765337,34.65255849095261,33.954718087186215,34.41864238993923,115528
2016-11-22,STK_08,33.931360514844776,34.287145402060084,33.54007869079323,33.90025316272416,199157
2016-11-23,STK_08,33.67844148896672,33.98641865258044,33.1395411516819,33.34164540793942,506756
2016-11-24,STK_08,33.32082947052165,33.5416193104097,33.11918315521618,33.40092173079248,951836
2016-11-25,STK_08,32.468166559709985,33.10110554715282,32.20546687701666,32.62298013077387,110987
2016-11-28,STK_08,33.127780142498416,33.26641259555875,33.057211555202066,33.06114026301868,27832
2016-11-29,STK_08,34.360279150898045,34.677107942152745,33.734562914729175,34.5001893944479,510733
2016-11-30,STK_08,33.44957211658443,33.72474641303885,33.12518185735273,33.4731097165801,519636
2016-12-01,STK_08,32.938958802157025,33.48812450232948,32.76520024575286,33.02652583000511,733656
2016-12-02,STK_08,33.7352236804602,34.10774253375379,33.66434141807531,33.79666448337163,242849
2016-12-05,STK_08,33.558288957325004,34.01897878665451,33.51191151835215,33.619491683188116,864628
2016-12-06,STK_08,34.39149051615668,34.63379430446617,34.076733443091534,34.33548078189327,698429
2016-12-07,STK_08,33.498411491142335,33.68325352239171,33.350730990747174,33.5613312908237,27424
2016-12-08,STK_08,32.95983902827289,33.347296818606424,32.65646761319695,32.739778947712495,641854
2016-12-09,STK_08,32.98072903068737,33.84325703080826,32.7913896300495,33.2109145509455,840519
2016-12-12,STK_08,33.29314002141619,33.58151295576199,33.03154063601542,33.306592367011895,450548
2016-12-13,STK_08,32.42881973064573,32.994304393327184,31.520054802509478,32.34758698202693,150633
2016-12-14,STK_08,32.348529587948526,32.51103509441023,32.094515372579544,32.347000425359106,256322
2016-12-15,STK_08,32.48734770760465,32.75841257978315,32.33654221044653,32.41712921286397,477069
2016-12-16,STK_08,32.69554864665428,33.29948003548395,32.55021403388039,32.67293675281439,797844
2016-12-19,STK_08,33.10862090110675,33.446800866277044,33.03438752029457,33.17309381906546,644043
2016-12-20,STK_08,33.35325719716971,34.352001835782794,32.886484097804654,33.09268118789439,778631
2016-12-21,STK_08,32.419473878708544,32.80481685857598,32.40717961654438,32.44439000435056,967722
2016-12-22,STK_08,32.04522603660334,32.39370547823541,31.78329307491471,31.951156485759753,683447
2016-12-23,STK_08,31.822796933126355,32.0286803394846,31.74273583634835,32.02252012856671,127271
2016-12-26,STK_08,32.60405986858703,33.63393355699639,32.077402516103476,32.59162544573909,997587
2016-12-27,STK_08,33.13419601463909,33.39731161928303,32.84866903513418,32.9976016871137,732803
2016-12-28,STK_08,33.652516520877676,33.87560448398317,33.54539811716639,33.620541756784945,474544
2016-12-29,STK_08,35.1343343479407,35.273478581762234,34.58174304394049,35.27346310943098,445713
2016-12-30,STK_08,34.25954519675852,34.41642923940387,33.87130893523699,34.379117518773924,369304
2014-01-01,STK_09,96.40612429678687,99.30993691588374,96.36739974542421,97.22496889133213,493338
2014-01-02,STK_09,95.42438384305078,95.65055981468802,94.49158391858248,95.23274122467913,940031
2014-01-03,STK_09,92.81694165515191,94.5050740990334,91.77553174805198,92.37557453419399,914330
2014-01-06,STK_09,93.25854661229614,93.32927148406824,91.34032710129303,92.3289836767421,174759
2014-01-07,STK_09,95.11684633773162,95.22645869617567,93.87070792572051,94.54225069218371,61492
2014-01-08,STK_09,92.81224221151118,93.43694302948066,92.25183328379856,93.22344201640936,721985
2014-01-09,STK_09,90.85634726953558,92.40563578304643,89.8457559884328,90.97228757537259,779700
2014-01-10,STK_09,91.5206599767067,91.9851060282468,90.57200819383489,91.81834251986024,386314
2014-01-13,STK_09,91.69792793422178,92.47459347079749,90.69497960468861,91.63631364415374,138724
2014-01-14,STK_09,91.00550114522626,91.58841609276479,89.97020233398531,90.06854569194321,4920
2014-01-15,STK_09,85.58360371576653,86.85023724023993,85.58137904908403,86.14781827394327,989080
2014-01-16,STK_09,86.36232232396911,88.17655870942288,85.6460976700979,86.28371603568169,966620
2014-01-17,STK_09,83.49806667000668,84.54873703233447,81.89632609952844,83.49502137978273,206235
2014-01-20,STK_09,82.90724316557025,83.34356338170386,82.12591621287348,82.77940480797294,677891
2014-01-21,STK_09,82.92094882796081,83.70790338809365,81.79970443484052,83.3342466673859,182131
2014-01-22,STK_09,84.07227450090309,84.33363249564835,82.5355783008253,84.05505762335915,972407
2014-01-23,STK_09,82.23369164257194,83.24459471135181,80.82456375661275,83.15839900880339,634349
2014-01-24,STK_09,81.94774167247388,82.70737621898913,81.24502562433145,82.32097481862904,413774
2014-01-27,STK_09,83.48588123953611,83.6790984542283,82.2717908519261,83.30696742666365,707504
2014-01-28,STK_09,81.1510865352657,81.9703088929794,81.12744865797627,81.34838315597001,681800
2014-01-29,STK_09,81.89723259172825,82.04849382389153,80.63759931153712,81.3370029808837,978977
2014-01-30,STK_09,81.9070048905288,82.41050314929544,81.78550039029717,81.87017896621757,981179
2014-01-31,STK_09,80.44502490050544,80.87470517946208,80.3027779319457,80.82492872533533,406402
2014-02-03,STK_09,81.91115489599625,82.66390596014561,81.08290235452799,81.49132034422091,955883
2014-02-04,STK_09,80.10794200040478,81.86604147732761,79.26455310825263,80.49120445766938,952190
2014-02-05,STK_09,79.61085339598348,79.99480296160559,78.88780203606296,79.90610762839826,448223
2014-02-06,STK_09,80.08088112906688,80.2763483095272,79.19915068892786,79.3659616287029,886041
2014-02-07,STK_09,79.1007361422517,79.6776317033883,78.42658439624037,79.20237115589775,12687
2014-02-10,STK_09,77.7204373797988,77.8440122347326,76.58509108803943,77.71145532697653,177816
2014-02-11,STK_09,77.53863715944466,78.23986031688582,75.94082116707635,77.37248459098502,32561
2014-02-12,STK_09,76.90180258279233,77.45827033730473,76.50172967959064,76.6392906847375,286089
2014-02-13,STK_09,77.34992675354694,77.73124902047962,76.78815110202439,77.0565392505785,123175
2014-02-14,STK_09,76.01639928046468,76.8728988530901,75.79008013859992,76.12709637067583,794567
2014-02-17,STK_09,76.74782227568708,77.00165729748227,74.362254882177,75.93031201681138,909956
2014-02-18,STK_09,74.45834198249715,74.7637819863593,74.02585358742185,74.25922062575243,566893
2014-02-19,STK_09,74.13869486767958,74.17707425465403,73.58942576452519,73.78221946942236,431430
2014-02-20,STK_09,72.16330883688076,72.27705801770324,70.84474041754761,71.91640513950038,28224
2014-02-21,STK_09,72.86931497880774,73.01951212530986,72.01686293608087,72.26388564682294,984663
2014-02-24,STK_09,71.84192278176936,72.5386471219527,71.76443746534343,71.9750534399827,584223
2014-02-25,STK_09,69.8240510343373,71.68273291899965,69.32933070564626,70.53280263362966,401493
2014-02-26,STK_09,68.85862066317435,69.64220052856473,68.8562402663793,69.11359793465877,907384
2014-02-27,STK_09,67.49072352976857,67.84716013849568,67.3201047823224,67.66675774648684,857380
2014-02-28,STK_09,67.28579010673455,67.68969650131736,66.01732749969142,67.3942623875352,321785
2014-03-03,STK_09,68.39288292877526,69.00094300300348,67.34526651117157,68.62575221708636,956673
2014-03-04,STK_09,69.45928647087305,69.94369062686833,69.10776509937135,69.84097142282415,674968
2014-03-05,STK_09,69.90460532528984,70.46638796818435,69.87201227922603,70.22612334026931,815144
2014-03-06,STK_09,71.13525459758687,71.81189887175309,70.23209949073852,70.70784414525758,248019
2014-03-07,STK_09,72.24030331330144,74.12132311662447,71.28324842900138,72.49685883962798,682164
2014-03-10,STK_09,75.14755661181096,76.18151595173522,74.45806176584952,75.05507146301017,923999
2014-03-11,STK_09,73.03807335301593,74.9884984867678,72.86891268818313,73.59441601726546,171558
2014-03-12,STK_09,71.97487591615956,72.11339922766415,71.78405283302611,71.88415123848625,814614
2014-03-13,STK_09,73.96953726314162,74.08234704627012,72.64791768787276,73.11258381195276,1115
2014-03-14,STK_09,73.11576704293094,73.93747529921181,72.60060617422702,73.22877216817248,575292
2014-03-17,STK_09,73.19932292057668,73.30343051977941,72.90005752162314,73.18914116211084,143515
2014-03-18,STK_09,73.85785213505883,74.46848921579922,72.72770148569967,74.25910140737109,27201
2014-03-19,STK_09,73.93215193064177,74.40522334575476,73.42928182044385,73.9077540221981,386947
2014-03-20,STK_09,75.60049271855009,75.70440898335963,74.99006383952937,75.04731437066144,949277
2014-03-21,STK_09,74.32344918200113,75.55747572526812,74.30432048252261,74.47831943954158,351115
2014-03-24,STK_09,73.6886633139132,73.98644897445385,72.78235588172973,73.94367668022836,27324
2014-03-25,STK_09,73.44052005322366,73.56519169541967,72.51648631282916,73.54381738238362,194174
2014-03-26,STK_09,73.94097709247062,74.52883848671657,73.90189518021509,74.08845441954311,913016
2014-03-27,STK_09,72.70936597179086,72.9587234140097,71.74340468714946,72.91776187474255,816776
2014-03-28,STK_09,72.79116048252222,74.24511929078211,72.32131519878598,73.46654123845794,311448
2014-03-31,STK_09,74.03458087610454,74.5693636616851,72.76402487481268,73.38345630808226,664736
2014-04-01,STK_09,72.1731512661453,73.03854224856057,71.72681247375442,72.51433455445482,890519
2014-04-02,STK_09,70.9161105212997,72.45670246091657,70.15498842331037,71.34098601854016,551066
2014-04-03,STK_09,72.06000091906502,72.48408699915463,70.65753748834278,71.72806419622727,26396
2014-04-04,STK_09,71.83036653309028,72.0500635370753,69.97653092697726,71.10679305372449,664852
2014-04-07,STK_09,72.25482031203592,72.93143176680614,71.74454917807617,72.63220745026311,899535
2014-04-08,STK_09,74.15467784845174,74.17373293214573,72.53716500758425,74.06746490653669,626645
2014-04-09,STK_09,74.81469662244085,76.18251859531621,74.01586127393142,74.45869291394584,544483
2014-04-10,STK_09,72.27481302244043,73.31088418423597,71.64797939416376,71.71760381857412,864199
2014-04-11,STK_09,74.19119289638793,74.42722855040228,72.91398480091095,73.67002924153996,800833
2014-04-14,STK_09,71.46391672395458,72.65622482143517,70.53708666655336,71.6571801743142,813279
2014-04-15,STK_09,69.47824947147936,70.01736910911809,68.33261549932233,69.69674676560103,59004
2014-04-16,STK_09,69.55837998918746,69.83800490179186,68.74691119517867,69.60511367264296,842252
2014-04-17,STK_09,68.05445196895147,68.14305750328154,67.65570694607808,67.77715362506993,189483
2014-04-18,STK_09,66.97059400031463,67.38431205896543,66.87387193579838,67.03922683204587,848097
2014-04-21,STK_09,67.90859974189607,68.17428276768385,67.79760430225717,67.92090287784114,822866
2014-04-22,STK_09,66.65211319965265,67.18110803394883,66.36180627610172,66.4987567065957,535016
2014-04-23,STK_09,66.34456804015008,67.80201985265688,65.35723778681971,66.88366602389165,730990
2014-04-24,STK_09,66.29157428004673,66.35286379256262,65.38336275187258,66.01967501379062,132873
2014-04-25,STK_09,67.06199381759673,67.27882749122713,66.40686982090465,66.82251828302856,792494
2014-04-28,STK_09,65.22823232208707,66.03875999725595,64.67860188242302,65.35125562164787,100928
2014-04-29,STK_09,63.50087339511316,63.95596193386485,63.3038580237406,63.44646972994058,361537
2014-04-30,STK_09,65.63449463655787,66.15531770599195,64.69610732711539,65.19990972716576,438874
2014-05-01,STK_09,65.22719325443036,66.3021285740186,64.60916961896602,65.30630958689966,231308
2014-05-02,STK_09,65.98718745180427,66.36515546391847,65.43112156090984,65.71319943181929,166955
2014-05-05,STK_09,65.96230299857893,66.00698567087902,65.0891371756738,65.62230512894345,119332
2014-05-06,STK_09,64.54569067780413,65.119052312211,64.41250417228837,64.85310008509977,293090
2014-05-07,STK_09,65.47405214178032,65.6943194020784,64.69494009305173,65.3963493612424,597882
2014-05-08,STK_09,66.33016021146197,66.69644412069862,65.97390079412405,66.50161392355544,908163
2014-05-09,STK_09,64.10320271055187,64.50719590640243,63.4695874436387,63.92059506481333,898465
2014-05-12,STK_09,65.81770587102993,66.90756095807252,65.31831992332705,65.42691296086974,196576
2014-05-13,STK_09,64.11167741119515,64.76852440576695,63.6187416957826,64.4430047180676,781139
2014-05-14,STK_09,62.45894210536615,63.493710828055434,62.0627653403767,62.805020754435084,46581
2014-05-15,STK_09,62.18824867571511,62.80735924751695,61.5855027532032,61.70924977565554,102205
2014-05-16,STK_09,62.802863549088734,63.039665760521004,62.584939013901355,62.87549487832987,908430
2014-05-19,STK_09,65.15218163495395,66.37540252886674,64.96047726441023,65.29474750805146,224015
2014-05-20,STK_09,62.34186310683229,62.655221986639646,61.772857573690466,61.978414936889465,164831
2014-05-21,STK_09,62.180476159300675,62.24919280630691,61.367720321941,61.817844286016026,748130
2014-05-22,STK_09,61.745218018442706,62.144770625236745,61.2329750182194,61.587716987843656,514599
2014-05-23,STK_09,62.05931528031041,63.2095900828635,60.83708631016778,62.32822619938593,162922
2014-05-26,STK_09,62.01185675877751,62.76186666901761,61.97221433102608,62.385287180227934,303928
2014-05-27,STK_09,57.74845368552334,58.62561208358403,57.45774188032718,57.603236108866,677005
2014-05-28,STK_09,57.258976736884996,58.419583765137716,56.886014039541955,57.531227584815014,611905
2014-05-29,STK_09,57.30276239242636,57.55522365760202,56.95218622364209,57.30026923489187,260653
2014-05-30,STK_09,57.97086786564237,58.44659898103591,56.61041623394402,58.17517152188229,894260
2014-06-02,STK_09,59.970134196102514,60.511693225935716,59.85324652478695,60.10943309374174,981219
2014-06-03,STK_09,59.231931408769064,60.170335566707294,58.710329559406816,59.20772632732998,41569
2014-06-04,STK_09,59.99245391132402,60.03595054037372,59.698298921731926,59.93002023131717,121867
2014-06-05,STK_09,61.10208215762404,61.40674579735165,60.7214578028431,61.08668380876948,779958
2014-06-06,STK_09,62.932129896694164,63.63574821882705,62.43344026897427,62.97431383962637,670979
2014-06-09,STK_09,63.98935796570916,64.93998089375494,63.373372062678015,64.1048690238155,759054
2014-06-10,STK_09,64.06558698109389,64.42703843583688,63.76920661755867,64.2539484472606,90954
2014-06-11,STK_09,65.09007153310672,66.09345721730217,64.151315242136,64.91830564547024,403307
2014-06-12,STK_09,63.560462503529536,65.1612209667915,63.12781867958751,64.65036900066141,619500
2014-06-13,STK_09,64.46887888685809,64.88729229122292,63.15133376920539,64.70969855910121,669285
2014-06-16,STK_09,66.51306616379911,67.1537433169131,64.93098391673425,66.20119628060381,206771
2014-06-17,STK_09,65.1989357189927,65.29404268634373,64.38486131412422,65.00430749059208,719922
2014-06-18,STK_09,63.867544363467985,64.9202403076323,63.61499389592114,64.35199435198213,777160
2014-06-19,STK_09,63.85957677402721,64.67886911552692,63.85954448734788,64.27710899728542,684483
2014-06-20,STK_09,61.7670343723991,62.657198844412655,61.07638464581685,62.048301570946535,816232
2014-06-23,STK_09,61.7710991460934,62.26014660979223,61.188775158907646,61.85039508108545,517040
2014-06-24,STK_09,59.46845246795064,59.91991473441253,59.01955066084226,59.53688908781609,76623
2014-06-25,STK_09,60.5354665725568,60.77389233273555,59.69661345936423,60.61004218810785,889208
2014-06-26,STK_09,58.83093737496452,60.40962572799909,58.75938308036124,59.42861620516271,791325
2014-06-27,STK_09,57.963335685801944,58.29894541707364,57.73692337616992,58.288536334553164,14359
2014-06-30,STK_09,55.62682197936592,56.30047890742457,55.171240763284764,55.466917816741166,207625
2014-07-01,STK_09,55.180076990138446,55.799463916892044,54.351946453721965,54.763776875724886,952634
2014-07-02,STK_09,54.06149381070072,55.189979159912305,53.72651992942512,54.58574129278895,134551
2014-07-03,STK_09,54.93281398282036,55.11561786837761,54.62256574325904,55.06636575202222,503224
2014-07-04,STK_09,53.68388796022638,54.81617338351773,53.27260350501778,54.18683614918134,444561
2014-07-07,STK_09,53.608107722459266,53.80904348711793,53.33572552853521,53.47619315083327,80800
2014-07-08,STK_09,53.726866744510936,54.256395549304415,53.280601463693756,54.1647631328338,4003
2014-07-09,STK_09,53.39855924052355,54.19693893727758,53.27271850132352,53.68685285510457,704208
2014-07-10,STK_09,52.468049700344714,53.281781705519364,51.78692254407732,52.63858102599712,468173
2014-07-11,STK_09,54.63416973283541,55.16987923523924,54.508629602081314,54.62700059642823,451110
2014-07-14,STK_09,55.29926240627602,55.52478055753868,55.017605303809006,55.10323280139531,738378
2014-07-15,STK_09,55.214000498030714,55.60485644641447,53.90428237519033,54.49016351596828,30370
2014-07-16,STK_09,56.085319540525454,56.588991168745785,55.3834705452631,55.78622133845418,827598
2014-07-17,STK_09,55.212841186679604,55.87179476310216,54.59646098832191,54.96703793606068,627961
2014-07-18,STK_09,54.67207997801283,55.08124665698445,54.19448074789049,54.372666950459376,7088
2014-07-21,STK_09,52.514032754256206,53.23154820842469,52.142204237808244,52.30410836223117,951953
2014-07-22,STK_09,53.16164632742894,53.699046640607726,52.04424127099584,53.140792593156384,150286
2014-07-23,STK_09,54.9053237731861,55.92922408366506,54.668603171649416,55.27416996387793,506627
2014-07-24,STK_09,55.773236899687475,56.208524661685615,55.19040524113453,55.84622077213519,855173
2014-07-25,STK_09,55.03006968152863,55.19818116072323,54.59088196600005,55.00634841829822,254349
2014-07-28,STK_09,55.80233205965016,55.95095321814487,54.79663950349995,55.56986890954462,298841
2014-07-29,STK_09,56.37250527585608,58.127298575178905,56.17007798884862,56.44521718956185,695308
2014-07-30,STK_09,56.22444644757608,56.68670257394607,55.38875994492222,55.78831647319846,803698
2014-07-31,STK_09,56.763600078174534,56.7772809890922,55.939046433343826,56.741474663386306,241856
2014-08-01,STK_09,58.959457124752014,59.76119251479257,58.47693151310892,58.715075479657884,588936
2014-08-04,STK_09,59.34151655555412,60.14187747481328,58.41956444099928,59.05053305988504,386339
2014-08-05,STK_09,58.67882340236174,59.49826550488523,58.564390090551385,58.74954596213842,765478
2014-08-06,STK_09,58.608763382360806,58.82817219382264,58.26302775522604,58.70712884497131,186185
2014-08-07,STK_09,59.89418440831801,60.39917009100886,59.31919709117912,59.63531823591039,878739
2014-08-08,STK_09,61.4551062903188,62.96272766626035,61.067935095955775,61.15243856630592,141395
2014-08-11,STK_09,61.91341370808966,62.879467559843015,61.8724506893542,62.71534682786725,236596
2014-08-12,STK_09,64.17035832753105,64.47208457091219,63.97225408514224,64.11273940438404,17298
2014-08-13,STK_09,64.65291887248756,65.22708069928335,64.0762821744251,64.94803741452749,332750
2014-08-14,STK_09,64.43944455580444,65.62253141766496,64.35724132012363,65.52631298410964,227636
2014-08-15,STK_09,65.30317090819977,65.5833763146991,64.98017924148363,65.533715300528,672127
2014-08-18,STK_09,65.81883963922955,65.94327260857311,64.8600080796545,65.76903544669938,3723
2014-08-19,STK_09,64.98549579811082,65.11604749336657,64.60715231718369,64.98875161026167,80868
2014-08-20,STK_09,63.11179200729724,63.26460172244831,62.85422783112941,63.133755889082394,625765
2014-08-21,STK_09,61.881162719537386,62.186078350886355,61.51741766045552,62.10715089906732,701769
2014-08-22,STK_09,62.23574297022809,63.439713008533104,62.06559072510692,62.5336984668716,842244
2014-08-25,STK_09,62.64934126343644,63.158063459933004,62.55951633543373,62.88826340264719,738311
2014-08-26,STK_09,63.15676066318802,64.21602384596565,62.28848955520207,62.976815244988885,917492
2014-08-27,STK_09,63.43146235821295,63.947325623220706,62.98995480362417,63.100670336454975,274672
2014-08-28,STK_09,63.130220871650515,63.13589515444715,62.986896609442624,63.0381452479887,502788
2014-08-29,STK_09,63.5699882585248,64.38223370724766,62.84594255945607,62.913477741290464,159636
2014-09-01,STK_09,62.48844990644187,62.93456096167262,61.76227410536219,62.288991063083365,290145
2014-09-02,STK_09,62.21661998697609,62.70607574107295,61.701675715096336,62.11396631843987,860090
2014-09-03,STK_09,61.929586948626984,62.202532677037816,61.63167328984233,61.86516885881313,494710
2014-09-04,STK_09,61.83075885849197,61.99124678339434,61.13256715855257,61.379005460600226,324920
2014-09-05,STK_09,62.21367920750115,62.74259105840801,61.43917576926301,62.08202585305878,124094
2014-09-08,STK_09,62.22921968389788,62.794610872732,61.3359401384649,62.04711385205025,598903
2014-09-09,STK_09,59.52066038164486,59.657726821222646,58.87650232513159,59.42652293193688,383101
2014-09-10,STK_09,57.92018293008918,58.043685029024,57.085888960924954,57.74263206486443,844621
2014-09-11,STK_09,56.30650757815956,56.935164188660956,54.62128123263131,56.597057611825065,671414
2014-09-12,STK_09,56.5537374794128,57.02642016383326,56.10197773430791,56.84652476477921,759491
2014-09-15,STK_09,55.1055470793183,55.46491119174481,55.100125991115405,55.30760258967272,833211
2014-09-16,STK_09,54.58889174976764,54.836208795627726,53.526506192004256,54.77282843072593,449696
2014-09-17,STK_09,56.077131211623204,57.08369979237076,54.80046629307554,55.519398166833895,175721
2014-09-18,STK_09,54.07709721079796,54.44813669715951,53.26799227281038,54.093310803860064,256329
2014-09-19,STK_09,55.94602488007241,56.45578120621805,55.52525986039777,55.58018700231215,558270
2014-09-22,STK_09,54.01098719406519,55.26883892633869,53.47602624704329,54.60381125559366,359794
2014-09-23,STK_09,54.23357741021491,54.79641280876163,53.79146849915019,54.27475396706765,318156
2014-09-24,STK_09,54.65848278848139,55.25165477748236,53.7256484625684,54.23900481898589,293922
2014-09-25,STK_09,55.16839683830567,55.525440104742806,55.100116789821875,55.518603116296994,702546
2014-09-26,STK_09,55.5100190539463,55.617100517813455,54.98749671289374,55.5995055454637,826795
2014-09-29,STK_09,56.83070156479251,58.58986814008638,56.65239932276948,57.077872620106056,254176
2014-09-30,STK_09,56.6352187009257,57.216702537617245,56.022065932225374,56.97928644267637,454136
2014-10-01,STK_09,59.11903542817812,60.32305209350073,58.500686495765194,59.454936790779456,721546
2014-10-02,STK_09,56.27851271018762,56.522223343162665,56.099154165979684,56.16723787413172,762578
2014-10-03,STK_09,55.78125857685171,56.58427176156777,55.25364084768458,55.466475227199226,586977
2014-10-06,STK_09,54.20023410476565,54.88019310357608,53.848009634028884,54.221165533200725,354886
2014-10-07,STK_09,53.78202661167472,54.736246287201396,53.16429700767231,54.25327321790007,834137
2014-10-08,STK_09,53.44673076035661,54.29332542215575,52.945959046211534,53.79263161981195,131561
2014-10-09,STK_09,51.84941956866483,52.87501244655053,51.633980746511504,51.70343873777763,269891
2014-10-10,STK_09,50.52581419780809,51.971815425201946,49.446923179652984,50.5220453977707,515158
2014-10-13,STK_09,50.65493216658499,50.95711744551159,50.50728279363992,50.74051287857665,312945
2014-10-14,STK_09,49.72166439449251,50.02720929240194,49.03107263218063,49.72618346644238,593450
2014-10-15,STK_09,49.82562811741326,50.678875088956666,49.15068732829856,49.94928465392422,850679
2014-10-16,STK_09,49.47096112777058,49.944416339414275,49.185230034108805,49.51148456427721,218504
2014-10-17,STK_09,50.722594381427754,51.26327200807816,50.31598915187786,50.5458245193917,91462
2014-10-20,STK_09,51.253833190208354,51.32634431320216,50.89974638029128,51.039634507508,789609
2014-10-21,STK_09,49.940338668934814,50.372464123387616,48.840874093367646,50.29445978075617,367265
2014-10-22,STK_09,51.20914957085863,52.06157623674176,50.96903532401797,51.07393180600631,480449
2014-10-23,STK_09,50.42294929586919,51.18869594498562,50.381751506694656,50.5364137383848,337390
2014-10-24,STK_09,49.58576875883442,49.927685698255914,49.3719712453785,49.76232353956569,852259
2014-10-27,STK_09,51.03481387223096,51.65791865159834,50.12327289872329,51.23973377906037,229487
2014-10-28,STK_09,50.68275550640349,50.85639241214928,50.126874812979835,50.44345901319289,836645
2014-10-29,STK_09,50.056772515468445,51.07862990833264,49.57200769769532,50.16561936663181,323024
2014-10-30,STK_09,49.01158206032716,49.17594916603889,48.205835387327326,48.9838355966363,120516
2014-10-31,STK_09,49.76191750499623,50.55630141315856,49.59672815990659,50.28223052877673,753066
2014-11-03,STK_09,48.66269247135337,48.76234511972161,47.972672388119435,48.27540220176556,47227
2014-11-04,STK_09,47.76678660655461,48.23853960385935,46.912350139390774,47.51947376279947,46311
2014-11-05,STK_09,47.36443821256264,47.856055264067066,46.48535978687242,47.659861273382305,709868
2014-11-06,STK_09,47.25456094326367,47.775576922187284,46.705874959561,47.28767816728473,835314
2014-11-07,STK_09,46.81507215611352,47.30186532322052,46.48813246019331,46.64456655571225,411874
2014-11-10,STK_09,47.4878439701847,48.180935866749365,47.18533923713077,47.37938951234017,583254
2014-11-11,STK_09,47.95665455625411,48.13940926875606,47.05398971838832,48.04266507924256,635369
2014-11-12,STK_09,49.5993706739194,50.19286960225025,49.25326926972585,49.824495485433886,375041
2014-11-13,STK_09,48.73095542320239,49.155964975878256,47.60751499479946,48.91257666126032,439471
2014-11-14,STK_09,50.38029364233714,50.49124830679406,49.40329549191312,50.075951196660455,947684
2014-11-17,STK_09,50.776034854172124,51.09491221141993,50.063953627043425,50.41671990983812,382394
2014-11-18,STK_09,51.00405008939594,51.182990266781964,50.702609682126656,50.915322350662684,732985
2014-11-19,STK_09,51.98455440943193,52.451868629015536,50.966523352580225,51.49697621393413,214559
2014-11-20,STK_09,51.817149656589486,52.92924346389565,51.197467143671716,52.27184660405686,10969
2014-11-21,STK_09,52.00598543061542,52.266910224557996,51.48554694967997,51.75159160120698,962077
2014-11-24,STK_09,52.88563248555778,53.67005571908503,52.15152105802336,52.87093839642614,199967
2014-11-25,STK_09,53.14043439819937,53.50453925224572,52.839700991027755,52.89757575768497,553072
2014-11-26,STK_09,53.17042659294057,54.226882759117416,53.05058089482022,53.38332347023741,473956
2014-11-27,STK_09,53.39716785521739,53.64947107535827,52.89567536083017,53.08693444806736,447898
2014-11-28,STK_09,53.24789973319425,54.24553743109589,52.17760379539361,52.663203979706,901876
2014-12-01,STK_09,52.132390073164856,52.69759837289516,51.84696792141852,52.457275060235894,907587
2014-12-02,STK_09,53.0375809798204,53.32710038047479,53.019856337157414,53.1450302443354,426577
2014-12-03,STK_09,52.650700385328975,53.16285517393436,51.6311753851566,52.177926424816086,972202
2014-12-04,STK_09,53.31538289184268,53.78866780669302,53.19536503109385,53.52132029997586,369821
2014-12-05,STK_09,54.97073027142068,55.56695310984877,54.013307010033984,54.52584449480753,698491
2014-12-08,STK_09,54.8427185361594,55.073268365448094,54.66659557028349,54.898311957920434,436395
2014-12-09,STK_09,54.61548339878979,54.83478000644018,54.51429154618715,54.516319235129785,654363
2014-12-10,STK_09,53.729417274987654,54.18522070721749,53.2280756220972,54.14673337527327,160071
2014-12-11,STK_09,55.07181463475402,55.2722779499424,54.53100800589105,54.745606974756605,502376
2014-12-12,STK_09,55.14898888854562,55.306742794339605,54.20541678593885,55.26906430730454,633112
2014-12-15,STK_09,56.58176943815384,57.27722518237564,56.19657957810074,56.60280742273343,167631
2014-12-16,STK_09,56.76299139597619,57.066910310502365,56.00288961997768,56.706054063004345,286790
2014-12-17,STK_09,57.30187136422731,58.416505332153754,56.84166763211395,57.23253269534492,150703
2014-12-18,STK_09,55.66047025851443,56.36457069530123,54.9965888039349,56.18291063833228,636999
2014-12-19,STK_09,54.10013680152111,54.342660999850374,53.411348115035345,54.30671818144112,58504
2014-12-22,STK_09,53.350419495470994,53.82288742125761,53.22070546263752,53.514225449962865,632399
2014-12-23,STK_09,51.84596053221318,52.88436206986991,51.73445846307285,52.28302762623999,67743
2014-12-24,STK_09,53.80142784144456,54.06993139536764,53.04021372674266,53.699640231718654,181252
2014-12-25,STK_09,55.357639645808796,55.675640546671964,54.825197120653094,55.14434233882474,720651
2014-12-26,STK_09,55.214403557985456,55.855211389007785,55.01620461334271,55.30045444031744,747614
2014-12-29,STK_09,55.86238370439401,56.31803408048932,55.21830678683503,56.11194739552715,118518
2014-12-30,STK_09,56.965138604623895,57.63633929618323,56.61249512094134,56.93761712759943,919288
2014-12-31,STK_09,58.624590963521634,59.03107811513409,58.4546700072869,58.895053795900836,991993
2015-01-01,STK_09,58.14951900162776,58.56882956578423,56.394586468532886,58.530263131097215,117010
2015-01-02,STK_09,61.27828221447655,61.62909187416092,60.707109022166634,61.251266962839765,806774
2015-01-05,STK_09,62.32536306220322,62.632450890843295,61.02109207477237,61.860116181306005,684960
2015-01-06,STK_09,60.591381504846304,60.955664801338145,59.97825786300028,60.061020417874474,906145
2015-01-07,STK_09,58.89022943732446,59.39017233760119,58.81296800343811,58.96020039004672,40141
2015-01-08,STK_09,57.833730424695396,58.7267797539843,57.610653488710824,58.02041001069145,993280
2015-01-09,STK_09,57.38702724358266,58.28953284514583,56.444094120853606,57.3018710202161,702129
2015-01-12,STK_09,57.83623447479003,58.46399983429579,56.96895212587102,58.137499793959556,282128
2015-01-13,STK_09,57.61339420062082,57.93127444285403,57.052030417134,57.753784163145454,530463
2015-01-14,STK_09,56.27086861978441,56.827995249699946,56.2046532949737,56.25832528597459,491129
2015-01-15,STK_09,57.13478882133202,57.47623584371215,56.96978551325321,57.03152819778209,979900
2015-01-16,STK_09,57.83245287197074,58.10368889972412,56.886678252891784,57.439976273617795,169685
2015-01-19,STK_09,57.104906806874084,57.87024509427543,56.66254330598626,56.913858752553026,493947
2015-01-20,STK_09,57.00949063935593,57.34265646274532,55.823583355530765,56.51304618838991,384718
2015-01-21,STK_09,58.745419812196765,58.85812918775976,58.37540025731586,58.471937261119606,660155
2015-01-22,STK_09,58.54170276434648,59.2083493073811,57.71203590279195,58.62445761654293,201782
2015-01-23,STK_09,58.23102939255357,58.796420818840055,58.0609359059244,58.323775688602716,58251
2015-01-26,STK_09,58.31206174524074,59.53511420928579,57.89488747492431,58.12812294274758,686620
2015-01-27,STK_09,56.95780333483993,57.43648623343448,56.85118832798586,56.88865571113191,253344
2015-01-28,STK_09,56.27746367427468,56.531995920210235,55.5782408178972,55.635652757223454,834079
2015-01-29,STK_09,56.32688638978213,56.849700585662674,55.85221019113197,56.418291862212634,468658
2015-01-30,STK_09,57.02292612652031,57.684474011453894,56.64299863268275,56.90627262849345,5838
2015-02-02,STK_09,55.461648878648134,55.68198410988937,54.84804691872476,55.35391768411604,934090
2015-02-03,STK_09,55.327796052422954,55.75077673406869,55.11713142560209,55.29401936494376,324510
2015-02-04,STK_09,53.575917638779664,53.63270753537273,53.215357177400186,53.437795396680556,373904
2015-02-05,STK_09,52.30851423938333,52.80297995046505,51.5009533633053,52.39061176914993,759181
2015-02-06,STK_09,51.40385022445996,51.83050617040313,50.91104738904743,51.45197352493541,131965
2015-02-09,STK_09,52.463888272067514,52.72931024431246,51.25297519705169,52.40910622649292,865759
2015-02-10,STK_09,52.483626160647525,53.33339481218497,52.27695170972342,52.77758973961844,251836
2015-02-11,STK_09,54.11482073943847,54.420737492556746,53.908063916288576,54.13299754462016,654656
2015-02-12,STK_09,55.80603840025072,56.82025096292306,55.64452293919602,55.75297513320651,458924
2015-02-13,STK_09,55.37149214180245,55.73708035120335,54.01456876420877,55.18729223791562,16080
2015-02-16,STK_09,55.85766781048856,56.35605855854572,54.4292748274434,55.58346931432791,994367
2015-02-17,STK_09,53.85354626500788,54.60771145148422,53.23237203455777,53.46304544236919,513711
2015-02-18,STK_09,53.22467999506005,54.245575613303615,53.11674222653345,53.63797436897082,146585
2015-02-19,STK_09,55.30478730305412,56.19284159661997,54.674481201109266,55.451390528412766,43425
2015-02-20,STK_09,55.91384548394248,56.685780999961196,55.61485837065114,55.98024036958144,843298
2015-02-23,STK_09,55.08186433438748,55.19148976377097,54.90341820661098,54.96049863645335,560248
2015-02-24,STK_09,56.0036577408678,56.300783611141014,55.64613264686094,55.77573709825899,456269
2015-02-25,STK_09,53.33345964694367,54.27392909981489,52.752630608142994,53.55611579428521,506901
2015-02-26,STK_09,53.740656880582534,54.50109147302624,52.91872997122214,53.21778783814124,238204
2015-02-27,STK_09,53.58618692505807,54.40229547066568,53.10435239248605,53.99403109533456,707377
2015-03-02,STK_09,54.308636683880835,54.599629447026366,53.1589058368634,53.64879774086006,644699
2015-03-03,STK_09,51.15472269654419,51.607080652871375,50.90387695728596,50.99576709493074,482387
2015-03-04,STK_09,51.663338389594216,51.80232138088566,51.22587204762406,51.466922841524664,144666
2015-03-05,STK_09,51.544632756009946,51.90698254242837,51.26880379551999,51.44994187932227,46728
2015-03-06,STK_09,51.892313210525074,52.96104089828411,51.765247367344934,51.792114004010934,906467
2015-03-09,STK_09,51.944002860866135,52.68285497212005,50.86710169757959,51.80011756344082,88689
2015-03-10,STK_09,50.86970297674303,51.3146808869678,50.337794201985716,50.70577241304862,671133
2015-03-11,STK_09,50.0914353794472,50.74848693444417,49.502132533136624,50.51421293282886,417202
2015-03-12,STK_09,52.183307888017076,52.5474728403843,52.06369497746387,52.5042209023983,59344
2015-03-13,STK_09,54.90742372264004,55.55551909002172,54.50097392148446,54.5617425560222,88922
2015-03-16,STK_09,53.33195575581138,53.77912024883318,52.754847316828325,53.571223597567304,707719
2015-03-17,STK_09,53.41376023103697,54.125456329716826,52.99089434913604,53.353587557679155,449585
2015-03-18,STK_09,53.57846442084313,54.184753903938315,53.26664188037703,53.68235554590607,704015
2015-03-19,STK_09,54.5160360777207,55.07112318246463,54.19448584120249,54.234583621421116,34991
2015-03-20,STK_09,54.29500540415813,55.024275872178755,53.93215440452326,54.26205095843586,445530
2015-03-23,STK_09,55.23932043302937,55.45231370910841,54.876086900139896,54.95690851315265,437653
2015-03-24,STK_09,56.02494595630758,56.67981483154483,55.709325619847164,55.7558757409185,556883
2015-03-25,STK_09,56.86317952410629,57.740893403110434,56.824402230909996,57.54341809909445,649718
2015-03-26,STK_09,56.24282746532188,56.54516734358981,55.80269843829861,56.166228467548194,87127
2015-03-27,STK_09,54.9372658065266,55.107123442502,54.60380382741964,54.88981777670859,118545
2015-03-30,STK_09,53.56208090084307,53.66603361593698,53.22268288874231,53.48631748913261,822451
2015-03-31,STK_09,53.292680704428626,54.32093066129476,53.24156071840445,53.75109908555529,340871
2015-04-01,STK_09,55.89146148640456,56.159745901131274,54.74439406754436,55.625875862013416,978843
2015-04-02,STK_09,55.747361957095826,56.23696150283922,55.369091624995825,55.45246964393976,135537
2015-04-03,STK_09,55.01220628318933,55.69287817681305,54.7671349140538,55.09045751651713,467390
2015-04-06,STK_09,53.2258068937961,53.653190464601536,53.15040231955434,53.366148028353834,721808
2015-04-07,STK_09,52.974159536307305,54.110935853741395,52.62730884540204,52.79433738134386,934842
2015-04-08,STK_09,53.38275136813356,53.66030092685779,52.50348883769093,52.70819115372667,731667
2015-04-09,STK_09,51.92584109623215,51.95794368427569,51.57699813063488,51.68854006514339,910585
2015-04-10,STK_09,52.52083309613388,52.59693921707234,51.5083164950434,52.3101795529669,510449
2015-04-13,STK_09,54.861305609968916,55.104298440197475,54.28692312696123,54.68253332017044,215360
2015-04-14,STK_09,54.43575808885377,54.75389271820901,54.10258256012548,54.492333320983384,248738
2015-04-15,STK_09,54.145686601158424,55.00889024136711,53.76164178444613,54.327794834102725,246325
2015-04-16,STK_09,55.04238609938362,55.45018711667465,54.840220535857355,54.86273157874846,332766
2015-04-17,STK_09,56.70533667352927,56.91585130331931,56.276359808883676,56.62107737586844,352417
2015-04-20,STK_09,57.354205918454944,57.961160536803334,56.780639674542414,57.22148658878747,52126
2015-04-21,STK_09,57.00689846770588,57.5844712172076,55.810352905333815,57.41292594995645,217711
2015-04-22,STK_09,58.73593398098938,59.548984971028055,57.78985951426584,58.38291793910241,71139
2015-04-23,STK_09,58.218228948007884,58.97595029118795,58.19150245097935,58.436497224776865,712148
2015-04-24,STK_09,59.056597342392806,59.270851574480076,58.36681390956235,58.92501655432708,716774
2015-04-27,STK_09,63.11933440741233,63.78458748576087,61.76467986409381,62.57559211423577,824539
2015-04-28,STK_09,64.12047412137852,64.6106186877613,62.84899694854433,64.07206758473018,468815
2015-04-29,STK_09,64.72605543376905,64.95613833850307,64.34780473309011,64.36545616256025,649135
2015-04-30,STK_09,63.9195478152651,64.09954272147436,63.63209371316032,63.86794635606056,295474
2015-05-01,STK_09,65.7082494993734,67.19933980706293,64.13530741015467,65.14057303856207,893821
2015-05-04,STK_09,65.18432386335166,65.62460043929708,65.1402563430704,65.58364854571057,460634
2015-05-05,STK_09,64.59051699090264,65.41842902533706,64.13090745052256,64.5339273668581,265010
2015-05-06,STK_09,62.39576978456945,62.76101586481633,61.8540319083573,61.98618587433417,473923
2015-05-07,STK_09,63.03031210382507,63.33977251585693,62.606294053443406,63.10016303398444,37644
2015-05-08,STK_09,62.6167810825841,63.07229268838209,61.726694113825374,62.2927548345751,316807
2015-05-11,STK_09,62.07998033386867,62.20058534740123,60.69484170712889,62.07950620438629,740503
2015-05-12,STK_09,61.700155221744836,62.611276742163305,60.17237989848943,61.539491569878585,79318
2015-05-13,STK_09,61.45789536559884,62.86575842737,60.63015874278004,61.23803176544469,300384
2015-05-14,STK_09,61.99596815797804,63.60219325750874,61.647200959542644,62.30417321280117,377707
2015-05-15,STK_09,63.86628628717494,64.1785394881676,62.588466570447785,63.46494480532071,789189
2015-05-18,STK_09,63.01445293528779,63.69191838596808,62.83125881841522,63.51823757584889,116719
2015-05-19,STK_09,64.19940168154373,64.69744014027668,63.84377959682327,64.30555972392298,381642
2015-05-20,STK_09,63.29769140877588,63.50162433877265,62.61455254281858,63.4235044618042,692852
2015-05-21,STK_09,62.75363143153801,62.80851773782995,62.306912826601994,62.459674899462485,548878
2015-05-22,STK_09,64.96624392808224,65.32451417570765,64.57687109480355,64.9114332261667,606679
2015-05-25,STK_09,64.20173786050987,65.20309437260583,63.880941933884976,64.43565056437699,731987
2015-05-26,STK_09,64.19551171892748,64.19601949370995,63.46474110574565,63.67526406052194,822222
2015-05-27,STK_09,63.61796738160682,64.13454991127661,63.03330038828659,63.71265298973388,616303
2015-05-28,STK_09,63.09125084116848,64.02028309747232,62.447943423902174,62.67946523734304,41321
2015-05-29,STK_09,63.27559245199368,63.99571365538903,62.36583209167967,63.15313645384046,764398
2015-06-01,STK_09,64.49977539169747,65.83640119895202,63.980966917393154,64.74454333207552,105107
2015-06-02,STK_09,64.52370408958096,64.54926107759992,63.95745683770721,64.34356509558161,113835
2015-06-03,STK_09,66.64481261347805,67.47828836302381,66.03131847400768,66.34637782563095,62287
2015-06-04,STK_09,64.51664692603872,64.5811975629099,63.55914896256583,64.45751102491828,27159
2015-06-05,STK_09,62.716153075247156,63.382745207794954,62.43400592639484,62.764042748638296,801219
2015-06-08,STK_09,64.05255422749454,65.22084342312476,63.017719196298124,64.37951278993282,84170
2015-06-09,STK_09,64.8703068980295,65.48137256473862,64.65834801669934,65.15658408619568,636481
2015-06-10,STK_09,65.45704505586906,66.17784260353949,64.79914786427065,65.73164391297458,440736
2015-06-11,STK_09,67.7687920231152,68.15278243072875,67.39906987306522,67.94676996522323,195830
2015-06-12,STK_09,69.02986977201499,70.49757113678494,68.23879908115576,68.86099651812339,492037
2015-06-15,STK_09,69.60119885031715,70.45785248447784,69.42821465098584,69.56259877860616,898625
2015-06-16,STK_09,68.894893870129,69.68321334992068,67.94426009926167,69.50382108729565,520505
2015-06-17,STK_09,70.61175666197295,70.9077967850749,70.5320338780571,70.83719587875261,769677
2015-06-18,STK_09,72.93573305891971,73.06899073263607,72.0730156576022,72.69944118030945,726405
2015-06-19,STK_09,71.43209785424696,72.21569547198709,71.19695952077069,71.90945562804261,681222
2015-06-22,STK_09,72.91255245161298,73.26773660507912,72.81029882861114,72.92623315110907,85750
2015-06-23,STK_09,74.24390311944443,75.10469468085726,73.66630858951821,74.56490194357204,211884
2015-06-24,STK_09,75.36799038869765,76.30149408833802,74.15780714629878,75.41655121654138,11359
2015-06-25,STK_09,75.68680567295009,77.36371050838724,75.20570048319249,75.62506760573812,607031
2015-06-26,STK_09,75.64663594098734,75.97671460060802,75.53802933377655,75.61286120121778,268381
2015-06-29,STK_09,76.83864167906452,77.77277722809286,76.39581766125033,76.53172042144516,722312
2015-06-30,STK_09,79.43204099250363,80.67902160128267,79.39506759948888,79.62078145070898,731855
2015-07-01,STK_09,77.98096090644066,79.68744852964859,77.77250055540458,78.01531437375031,363758
2015-07-02,STK_09,78.66059478173085,79.35853433829239,78.01278819311977,78.8611310169518,735641
2015-07-03,STK_09,79.83099160057336,80.44497869888828,78.32724735034192,79.55022790905329,95136
2015-07-06,STK_09,78.5953728063202,79.1680214896818,78.5232463908705,79.1381082447942,623842
2015-07-07,STK_09,81.33740903876232,81.54208735132761,80.07487829130928,80.33364481166416,898305
2015-07-08,STK_09,81.51721733542884,81.73111339191375,81.03460657470536,81.53337909042304,688273
2015-07-09,STK_09,84.32125848618072,85.25230633089126,82.80211043829262,84.8834794586349,137897
2015-07-10,STK_09,84.97597133160811,85.95633555917867,82.70682641791169,84.67795084813525,384837
2015-07-13,STK_09,84.54488283522558,84.78752475366797,82.69759259284714,83.79124250913117,604290
2015-07-14,STK_09,85.90865394784907,86.32572312370726,85.21358396057806,85.88010411688916,932698
2015-07-15,STK_09,86.75473626101541,88.52570189441059,85.78732251740702,86.75234165558005,206899
2015-07-16,STK_09,87.39937661531391,87.40978139958486,86.77899425624118,86.83975465427467,569864
2015-07-17,STK_09,85.22899641599233,86.4208745030239,85.17914898500061,85.66633783318565,721137
2015-07-20,STK_09,82.31413662419222,83.31767070314257,81.29448072232334,82.9206328874855,166121
2015-07-21,STK_09,83.3374343184539,83.36839220442796,81.32790364133714,82.60980761912765,178886
2015-07-22,STK_09,79.47918073971093,80.66351180946745,79.17442276345201,79.24150256481215,263465
2015-07-23,STK_09,79.18171282092324,79.22288256154448,78.63548304296059,79.21303298588313,150099
2015-07-24,STK_09,81.43981926661979,82.56259201913218,79.6812560910437,81.85316111644438,112262
2015-07-27,STK_09,82.35598009997672,84.05619472101455,81.81464989728437,82.32333674296447,628401
2015-07-28,STK_09,83.7927076194914,84.0598458952395,83.31321877775787,83.89071833311797,713461
2015-07-29,STK_09,86.29579304812687,86.64224873417083,85.82967274502892,86.12417012063884,413478
2015-07-30,STK_09,86.85580284774504,87.09999048705667,85.23882282879316,86.70751948430976,30590
2015-07-31,STK_09,89.19232038316629,89.5848220600222,87.79038523147425,89.19460653986306,951486
2015-08-03,STK_09,88.92444699879265,90.30137286992753,87.84669630918977,88.69029423884986,840702
2015-08-04,STK_09,89.8471942822712,90.91048868544401,88.24944179939045,89.68533610390021,205966
2015-08-05,STK_09,89.04696645990764,90.0910825414071,88.00770597809483,89.69239818702046,223391
2015-08-06,STK_09,88.1388399210197,88.48562136069171,86.44728019909428,87.7810839480247,109487
2015-08-07,STK_09,84.56968675674585,85.61493786574634,82.75015841604831,84.79646690670243,915875
2015-08-10,STK_09,85.33467765630306,86.08359491748142,84.60091583817452,85.51903508188907,18372
2015-08-11,STK_09,84.72500055006199,85.40184785122416,84.202826940139,84.8404383805248,447880
2015-08-12,STK_09,86.72743024504432,87.8381156767647,85.61257457933456,86.71564320158348,906182
2015-08-13,STK_09,86.40339617878244,87.47760845324441,86.35041802609307,86.3917196500107,46218
2015-08-14,STK_09,86.06115170544047,86.40672409596483,84.77404487957055,85.37508914385316,859767
2015-08-17,STK_09,84.19191647452766,84.83768700919332,83.78238999201643,84.33374695606578,657451
2015-08-18,STK_09,85.01240208828638,85.9112036304996,84.68174289760712,85.15757128517932,25089
2015-08-19,STK_09,84.38887060264332,85.15767321678747,83.67016732873704,84.12589495381005,532550
2015-08-20,STK_09,83.15653575580659,84.31518703049898,82.95206163246596,83.17024465643367,463985
2015-08-21,STK_09,83.69152274233387,85.96180816298818,83.02638560427879,84.63327029820763,292958
2015-08-24,STK_09,84.95289759071859,86.67420144853573,84.15035652856068,84.85508015822447,403018
2015-08-25,STK_09,85.36280795024271,85.4283145048056,84.59889665919239,84.77726208375425,750087
2015-08-26,STK_09,86.61339264000141,88.34823342450295,84.51491616552603,86.21656132859025,371605
2015-08-27,STK_09,84.87033002656061,85.55203760019995,83.50331906273861,84.96201796157264,9440
2015-08-28,STK_09,81.86040631466462,82.36496992447245,81.314042906698,81.72630659361909,923458
2015-08-31,STK_09,84.2159232177924,84.22777769837904,83.56986111693459,83.9299833523544,755364
2015-09-01,STK_09,83.52408244362722,84.54195546722657,82.81227979322989,83.55577727487717,312348
2015-09-02,STK_09,86.50248373943134,87.34798658345963,84.89850208915614,85.92483182061494,236418
2015-09-03,STK_09,86.32132105835304,87.47667488379221,85.2790121954864,85.71784587752937,389553
2015-09-04,STK_09,86.65418812826019,89.07705579613778,86.3436883916639,86.96982884569402,441087
2015-09-07,STK_09,88.67122191251563,88.78204605045542,87.23690118800909,87.50757454343119,86531
2015-09-08,STK_09,86.59321251545228,86.79238007858427,85.584880241509,86.37028418523148,613947
2015-09-09,STK_09,87.21224161086803,87.64729432191616,86.02566118826886,87.2920060887506,478048
2015-09-10,STK_09,87.88570234589481,87.95084400378177,87.25403677694436,87.63119068409836,641201
2015-09-11,STK_09,85.26166040668589,85.77805853354644,84.3145651368247,84.85154735083724,903813
2015-09-14,STK_09,84.06342934985706,85.113614822309,83.20053202186654,84.43861080751623,144353
2015-09-15,STK_09,85.61164249079286,86.15781139748755,84.60120153195572,85.72763414365868,277475
2015-09-16,STK_09,86.28224779645899,86.97041067920928,85.84750307081976,86.8358450768032,669505
2015-09-17,STK_09,89.65291384153629,90.71012328747011,89.26612943803494,90.17534623299578,234271
2015-09-18,STK_09,90.3036324268263,91.30353032578687,89.94449556604671,90.87720152426576,806134
2015-09-21,STK_09,90.46365257094165,90.71602737321957,90.08316097474072,90.63930490728762,620545
2015-09-22,STK_09,87.92275835605773,88.97046305242277,87.84988376691571,88.1618546083803,720986
2015-09-23,STK_09,90.03799560477039,90.26150668022204,88.91439246633725,89.8103314682139,312701
2015-09-24,STK_09,93.68670961707645,93.9060786518166,92.70591156940957,93.14296293001387,461134
2015-09-25,STK_09,92.64503751126422,92.98565337186014,91.20098085106082,92.46200373218575,704366
2015-09-28,STK_09,94.63519563095764,95.53224198111539,94.00228086297419,94.9073943348803,823251
2015-09-29,STK_09,92.54925551500855,94.35862201804576,92.51545614411499,92.92304521119134,669479
2015-09-30,STK_09,89.78445313309943,91.2183636178579,88.80162231599309,90.58092458296555,536056
2015-10-01,STK_09,90.12930655120739,91.17560763507375,88.76011274724449,89.95173109718814,94430
2015-10-02,STK_09,89.48991289404658,90.77591237422402,87.82529783506946,90.29730176525116,696198
2015-10-05,STK_09,92.7450645010642,93.45054043426536,90.36283870910881,92.22343038218935,111865
2015-10-06,STK_09,88.4393118323497,90.4717287817693,88.16330307321817,89.20723941410068,248660
2015-10-07,STK_09,90.02075980337628,90.70206853262187,89.42124270297936,89.92633231272433,784239
2015-10-08,STK_09,86.16741501739932,86.17731291153301,85.05929092567945,85.34017106458515,70866
2015-10-09,STK_09,88.03189940635012,88.14842740506315,85.7173036414667,87.38152962761208,676252
2015-10-12,STK_09,87.96925661473149,88.28561512179326,86.76887194512214,87.7905097309075,986392
2015-10-13,STK_09,84.53552589639736,85.4000764689641,84.05278844695091,84.79140752488314,942202
2015-10-14,STK_09,84.28109012117255,84.97787115817408,82.73414198467025,84.00324394427687,210629
2015-10-15,STK_09,82.34602955388776,83.16574764506345,81.48440223454185,82.20280153467371,507107
2015-10-16,STK_09,83.53452318340494,83.75808242783032,82.74553569648384,83.44988231017213,751039
2015-10-19,STK_09,85.06225061013649,85.57548299833388,83.66334601480116,84.5187573565884,914167
2015-10-20,STK_09,83.74667209980791,85.08837194013262,82.68612339520371,83.91906278005115,463116
2015-10-21,STK_09,80.95915670650128,82.08080825407183,80.39730356275562,80.62741088322991,534910
2015-10-22,STK_09,79.21040056580432,80.9517173518034,77.687051907025,79.57640677290648,196952
2015-10-23,STK_09,78.58266743391894,79.376094955227,78.20237483149944,78.80238259149968,26698
2015-10-26,STK_09,75.25254998669445,76.2805128099905,74.44316946130797,75.31431127070846,868646
2015-10-27,STK_09,73.95130324110376,74.7685344225804,73.80446924688272,74.29165556205555,67609
2015-10-28,STK_09,74.8486602058534,76.13167923849849,74.06261257803435,75.646091538772,990924
2015-10-29,STK_09,73.61292698589058,74.37669976151436,73.09672569015507,73.61477928187666,763687
2015-10-30,STK_09,72.62759534890715,73.11493000176915,72.13151225331148,72.84286418840568,979345
2015-11-02,STK_09,73.40587220389457,74.00472603598213,72.47380267268396,73.43482012504234,285404
2015-11-03,STK_09,73.84097090292573,73.95986969497241,73.5289827804097,73.74718627056112,97741
2015-11-04,STK_09,72.07703227435769,73.79240477260645,71.60884251239558,72.28326214320417,20355
2015-11-05,STK_09,73.70364465285371,74.083705049129,72.38957806528593,74.02795038550734,621538
2015-11-06,STK_09,73.80647035223296,73.87344980944376,72.36294215274985,73.40703109889898,14526
2015-11-09,STK_09,75.39664683788259,75.58183528576913,74.85965703275674,75.13819903177871,472223
2015-11-10,STK_09,75.86327623998054,76.58503538633056,75.44874022642952,75.59579284624387,59652
2015-11-11,STK_09,74.0664065722911,74.96479097806812,73.58462342558079,74.4221397789869,471569
2015-11-12,STK_09,73.23078807438792,74.07882349010725,73.12689123320423,73.51182083012824,325321
2015-11-13,STK_09,70.05556724914338,70.81486303121979,69.5429617409428,69.82970036177412,712551
2015-11-16,STK_09,69.17523129683485,69.19223854380316,68.78326506648092,69.1305591695152,689933
2015-11-17,STK_09,69.02972731633173,69.06682799340943,68.75866792160447,68.8204310527744,887596
2015-11-18,STK_09,68.51507108046809,69.48234532064677,68.46954156966504,68.74056476501498,673012
2015-11-19,STK_09,70.69812411688889,71.20435069730277,68.9196388254754,70.04264351181412,535554
2015-11-20,STK_09,69.47442501563809,70.45366155664246,69.08808865570334,70.27728761463001,300569
2015-11-23,STK_09,72.27651105541175,72.41431130316907,71.81852598666389,71.85106999915207,765008
2015-11-24,STK_09,75.07070495427371,75.44433287854663,74.23182800967986,74.41914431436241,773592
2015-11-25,STK_09,75.55306489095302,76.15129534456746,75.19766364852397,75.45579691526915,92636
2015-11-26,STK_09,76.09443363206981,77.15768505028356,75.09287281858397,76.0613518465766,282069
2015-11-27,STK_09,73.32821430570992,73.67388346636241,72.4229056365171,73.11067380832743,701152
2015-11-30,STK_09,74.28834767649704,74.90842182169621,73.68280606630043,73.93186768316596,306337
2015-12-01,STK_09,76.3964468074013,76.44736704086958,76.07720969614245,76.44119241159903,770938
2015-12-02,STK_09,72.9224499894102,74.72005319654971,72.25851851148647,73.27950482920123,222173
2015-12-03,STK_09,74.44227325116563,75.08912574300238,74.30116389637686,74.57872171917711,726807
2015-12-04,STK_09,74.4620471496855,75.34488537546034,73.91050450234489,74.73396585201544,656980
2015-12-07,STK_09,73.53041690657635,74.60565517080227,73.44600287474825,74.02581161263491,478321
2015-12-08,STK_09,74.62988352789228,74.74676168492884,73.86085240772,74.16949146769495,558867
2015-12-09,STK_09,74.64114050588198,75.1107716550581,74.05330517422179,74.58329611453394,222129
2015-12-10,STK_09,71.95660583091475,72.44879185622257,70.78950304972044,72.13331351687029,812191
2015-12-11,STK_09,70.91549495507003,71.0571321339837,70.50137490598811,70.65000964004713,330236
2015-12-14,STK_09,72.64845121794026,74.47159100621246,71.95081876306367,73.19157762479955,5948
2015-12-15,STK_09,73.16274175331881,73.91658382783449,72.30204904125573,73.4668034377335,746741
2015-12-16,STK_09,73.75189603352182,74.00591903881494,73.30362231689283,73.74156344402913,952571
2015-12-17,STK_09,74.64707021176969,75.44258574571157,74.32723427656292,74.61520982095459,95047
2015-12-18,STK_09,73.17150392791349,73.30042632003364,71.94072654414168,72.90696030101067,821083
2015-12-21,STK_09,70.78146900537956,71.44843934371137,70.70336847188595,70.95559652990359,593915
2015-12-22,STK_09,70.35896414461482,70.60733396321623,70.07350514517216,70.56598105212383,678813
2015-12-23,STK_09,72.3017075648575,74.18934000926748,70.68684245571204,73.05103329033237,732378
2015-12-24,STK_09,74.70672548003273,74.96242029522436,74.17636841092741,74.18423566178014,47744
2015-12-25,STK_09,73.83416405657792,74.83390577814504,72.9215331041133,73.11582646755502,49225
2015-12-28,STK_09,72.09243755942676,72.46512958239565,71.69440261720239,71.99343964924505,353028
2015-12-29,STK_09,72.07217298436518,72.2874727283701,71.41636925171909,72.00115632830493,402064
2015-12-30,STK_09,73.69654127279493,73.94768057662932,72.46112953944719,73.54869150517163,30556
2015-12-31,STK_09,70.68476768840843,70.82517726423036,69.89934532698422,70.49486984769234,193018
2016-01-01,STK_09,69.50914346848846,70.31848646540153,68.514501163921,69.83105081356697,769620
2016-01-04,STK_09,71.37443140835444,72.31180397169307,70.95728762450217,71.66585881884428,751788
2016-01-05,STK_09,73.5369996049467,73.80953123464242,72.01549336047214,72.9797937384551,579351
2016-01-06,STK_09,71.59775844977196,72.68466815097185,71.11157427137856,71.60785148766281,393785
2016-01-07,STK_09,71.6062169983732,72.56877076651575,71.16043045993513,71.8877596625164,614706
2016-01-08,STK_09,72.50249257351624,72.86444139198056,71.69175472435117,72.36368055107437,142952
2016-01-11,STK_09,75.40986691457715,76.54528049745066,75.26219381313855,75.82228740330133,735525
2016-01-12,STK_09,75.29793762431005,76.99761009579919,74.03924177925353,76.18960806344566,505058
2016-01-13,STK_09,74.35488892831265,74.69389432232123,73.40081016572434,74.38299725867408,803330
2016-01-14,STK_09,74.03347231542651,74.43909691428081,73.38357246693366,74.20505582521272,594831
2016-01-15,STK_09,73.21552301249778,74.43986612504534,72.67833483603592,74.04318366997721,605432
2016-01-18,STK_09,74.0428041391077,75.3645946907105,74.01241746943013,74.01363624748205,73889
2016-01-19,STK_09,74.56654772613606,75.86439369250726,74.50543043915066,74.54479335941528,342568
2016-01-20,STK_09,73.7887529278926,74.88142536546097,73.00438231760958,74.37947060227529,416099
2016-01-21,STK_09,75.55961245781049,75.77636973436891,74.35883832474846,74.88490863574225,275562
2016-01-22,STK_09,74.34470399750114,75.00485456598645,73.52404323686476,74.06380927934418,999820
2016-01-25,STK_09,70.03722812513125,70.16893017156644,69.84196893417781,69.90108407092369,515034
2016-01-26,STK_09,69.61495667215254,70.42897667681324,68.31334098656724,69.7816580470785,726188
2016-01-27,STK_09,68.1959862223685,68.46619335185216,67.8182158101621,68.31497234446326,602680
2016-01-28,STK_09,66.93710724312973,67.73693390125416,66.62568160328672,66.67885114874382,699004
2016-01-29,STK_09,65.5506207414948,66.6860048305425,65.42634543618895,65.86108024830601,274755
2016-02-01,STK_09,65.65039177128644,67.1025934776359,64.16341115339105,65.98909339981637,644239
2016-02-02,STK_09,67.80066495627118,69.30980198968209,67.32267998254841,68.52577022587839,249315
2016-02-03,STK_09,67.49995306414219,67.56890035048504,66.22623110009208,67.09874581238513,22167
2016-02-04,STK_09,69.37050061544069,69.7599931745764,68.05910268427179,68.9133784604135,993448
2016-02-05,STK_09,69.33347637636275,69.87509257670612,69.2929927312502,69.31388051543901,790659
2016-02-08,STK_09,68.71514746211547,69.2704084050945,68.12302847439841,68.63267479875171,477613
2016-02-09,STK_09,69.79577221497897,71.30625530003893,68.6721486419293,69.70099902246747,72258
2016-02-10,STK_09,70.31422715810984,71.17352495665553,69.37560780671747,70.54274480088853,322008
2016-02-11,STK_09,69.84511529796683,71.79597714035853,69.74919666639462,70.3645112182918,383000
2016-02-12,STK_09,70.91974212601077,71.55256010819527,70.29311897001017,70.32704634589497,176451
2016-02-15,STK_09,70.07945935297278,71.02515272284398,69.92246192150667,70.07372920098207,59202
2016-02-16,STK_09,69.58283403405039,69.81511394757378,68.39889544744835,69.61245599363211,120405
2016-02-17,STK_09,67.96744666991096,68.90997255613983,67.48213326294571,67.86627001980511,331598
2016-02-18,STK_09,67.7629342442966,68.47429106071301,67.2476122437978,67.70200364516907,76878
2016-02-19,STK_09,67.00242704087078,67.13847679009478,65.66093653401028,66.21604018277007,478038
2016-02-22,STK_09,66.84911806092003,67.29247245354482,66.42631836296968,66.86361617796581,391437
2016-02-23,STK_09,66.77492873144503,66.91208177559325,65.47543707129175,66.58525624289327,398234
2016-02-24,STK_09,64.22443280317728,65.00025057095733,62.70357528622538,64.608169145717,406910
2016-02-25,STK_09,61.830132621202914,62.24358097289964,61.800703946553796,62.2005262037018,816209
2016-02-26,STK_09,63.07190448210538,63.7212013355785,63.04451285763244,63.3582749412905,149630
2016-02-29,STK_09,64.83860655729595,65.05613831501987,64.16480617402631,64.32563878252328,629773
2016-03-01,STK_09,63.69047904413198,63.98486741038656,62.72377736083827,63.15136965277871,851643
2016-03-02,STK_09,64.90719480476994,65.97172952378256,64.64300545579822,64.90360014339271,292180
2016-03-03,STK_09,64.8268489095804,66.29810440319059,64.6385695053689,64.8766778036805,333364
2016-03-04,STK_09,63.7780353479266,64.52203071885629,63.190027541491126,63.5675511160332,674379
2016-03-07,STK_09,64.54052893323343,64.94948222176347,63.52755943094449,64.45412983195517,595411
2016-03-08,STK_09,63.309175639744666,63.86640269945273,62.58135813525768,63.58962493099417,154414
2016-03-09,STK_09,65.37520228696222,65.94660390641704,65.1038248002062,65.27414640490953,247386
2016-03-10,STK_09,66.57623156585885,66.62054454619387,64.9153351290456,65.75944012074389,712097
2016-03-11,STK_09,64.4800210977161,65.613203697649,63.93843447059883,64.20763307932717,580791
2016-03-14,STK_09,64.26784245027565,65.1613121692636,63.34746982183801,63.85865308145168,774329
2016-03-15,STK_09,64.44871957502644,64.95693674210659,63.32835195270146,64.22098777600002,436546
2016-03-16,STK_09,64.21767660961441,64.60824616820291,63.6815163715804,64.1583251266666,618607
2016-03-17,STK_09,63.13134949650366,64.32304886837524,63.061468726332144,63.48792112114962,639057
2016-03-18,STK_09,64.7037665499874,66.42007904982539,64.53494543966654,65.20822431945717,240444
2016-03-21,STK_09,63.290700617614284,64.00773781653186,62.55042407164492,63.16268770884699,915202
2016-03-22,STK_09,62.93166500686366,63.43018071013062,62.66088593143038,63.13423101830883,85215
2016-03-23,STK_09,61.24914780609354,62.15119188388292,61.1396690907609,61.37898099113553,647919
2016-03-24,STK_09,60.75173547040272,61.508530049198455,59.62537887921068,60.029027567237364,41189
2016-03-25,STK_09,57.53341375819588,58.204146467286414,57.13908031627739,57.792049658883215,531866
2016-03-28,STK_09,55.9699611721931,55.98108402956457,55.76724092597882,55.953320696937276,247968
2016-03-29,STK_09,55.78781651830308,56.3544244919537,55.62826193739857,55.874667198423836,699126
2016-03-30,STK_09,56.78602667250669,57.06739921885108,56.30016362500872,56.34540297521065,676559
2016-03-31,STK_09,56.755364415075654,57.16245225661296,56.2844061942687,56.62069600763217,828701
2016-04-01,STK_09,56.34136341187421,57.423370155514206,55.98016822489922,56.32461289623089,877417
2016-04-04,STK_09,55.363149827939026,55.58036706340283,55.21740465262055,55.24984446333982,620597
2016-04-05,STK_09,53.71145273218738,54.79771378254834,53.58502190350955,53.751694896351616,419323
2016-04-06,STK_09,52.07787259201995,52.677408066990715,51.48832190660876,52.402017055035856,740568
2016-04-07,STK_09,52.27499245595654,52.64107568133712,51.542444571803436,52.33370731861458,682466
2016-04-08,STK_09,53.01217662973354,53.17516267499525,52.69199853432788,53.10490441694315,608731
2016-04-11,STK_09,53.596043276031786,54.37052443348884,53.26295750706227,53.32906576287087,455137
2016-04-12,STK_09,53.03235577109434,54.22842996633627,52.54569929584337,53.41195521950444,667146
2016-04-13,STK_09,53.74961451549303,53.759946388924334,53.390481939570854,53.58424879974824,798396
2016-04-14,STK_09,52.80478903645129,53.16130576545801,52.065223727948634,52.68246719593486,247568
2016-04-15,STK_09,51.4219611225868,51.758422977388484,51.06697430784123,51.132140094491795,513744
2016-04-18,STK_09,53.48112273509631,53.63549347159866,53.00711164727187,53.01736115530453,959042
2016-04-19,STK_09,53.64359201562099,54.20214336799912,53.271598475256546,53.683132694706266,356730
2016-04-20,STK_09,53.062926003520026,53.66820338007923,52.039526206265734,52.45312035106395,4632
2016-04-21,STK_09,53.49076849395842,55.07105599335341,52.769005617524414,54.030021191113235,921128
2016-04-22,STK_09,53.52392280023279,54.93033687054724,53.40589419600165,53.62412109355212,174633
2016-04-25,STK_09,51.88800010037959,52.03600216688442,51.80316878342912,51.85598614363059,904236
2016-04-26,STK_09,51.89579035194973,52.276765723865715,51.38013215083227,52.18653072119313,849092
2016-04-27,STK_09,51.007077784538154,52.03785044104621,50.923936108865284,51.30513001688631,552475
2016-04-28,STK_09,51.57295426654696,52.08274255426871,51.224683126117064,51.44098451106906,729186
2016-04-29,STK_09,52.28441042721107,52.85050027403457,51.45600803846903,52.38647068008631,197390
2016-05-02,STK_09,50.41856893382824,50.9331441081659,50.13366606989278,50.778753033773945,5137
2016-05-03,STK_09,51.21422903099673,52.40141543002685,50.33295419223525,51.33937099473895,390665
2016-05-04,STK_09,52.35348204122625,52.56128992817205,51.96040118232253,52.40883990521518,133965
2016-05-05,STK_09,54.114828795334795,54.37807382018111,53.65602852581872,53.8213587619442,533022
2016-05-06,STK_09,56.05903665720024,56.942809332361264,55.88206545429282,56.415415225012836,917183
2016-05-09,STK_09,55.407456075387515,55.51513663352708,54.560086465122076,55.19808419811177,989664
2016-05-10,STK_09,55.010310932831,55.54930835177166,54.945288235430326,55.30471004630532,221440
2016-05-11,STK_09,55.62997267866269,56.15364306628582,55.04003893292344,55.50960473678462,277761
2016-05-12,STK_09,55.973929000279526,56.19893419769923,55.09049896628765,55.834961210090185,936509
2016-05-13,STK_09,54.98514013775799,56.069975753554445,53.97046577959538,55.50508068274063,776452
2016-05-16,STK_09,56.94974470390426,57.09104741581909,55.81808758080982,56.88043624269315,277125
2016-05-17,STK_09,55.375770169443456,55.52225344490427,54.88537948054152,54.98946318092377,865877
2016-05-18,STK_09,55.3708068732291,55.424450987244455,54.21660486925658,55.260553458553815,832887
2016-05-19,STK_09,54.83792743109584,55.34454373178369,54.40870533429979,54.48617513127152,894200
2016-05-20,STK_09,55.77056517173916,56.154140046090696,55.48473738112595,55.5691425939882,581991
2016-05-23,STK_09,56.122416950850265,56.766874168874104,55.1513132013531,56.44537556605677,994175
2016-05-24,STK_09,56.09422785795187,56.30242755329065,54.80712415454681,56.08151629318116,813650
2016-05-25,STK_09,55.36785730236416,55.606115481369535,54.80360822477421,55.27322976417118,424644
2016-05-26,STK_09,57.20583314215516,57.439857921409185,56.876596228285194,57.20585933159489,9598
2016-05-27,STK_09,56.379371563407716,56.939273685691276,55.796432603655546,55.932787210888655,433615
2016-05-30,STK_09,56.68633799859454,57.41463316285507,56.04754431813078,57.30031144542471,39416
2016-05-31,STK_09,55.942833225047806,56.31581791463277,54.8246956556443,55.63895007740452,877738
2016-06-01,STK_09,55.342094304504066,55.68525372448745,54.611252994552416,55.25348753579832,245672
2016-06-02,STK_09,54.852786681996804,55.53612926691721,54.822979820522455,54.97847022569089,576828
2016-06-03,STK_09,54.456620287629946,55.1169984873528,53.74306948528605,54.62363421143949,456688
2016-06-06,STK_09,53.7217804701035,54.100738968448916,53.313897429494176,53.578864110017534,681030
2016-06-07,STK_09,52.42659528168054,53.35765447460421,52.05758750352107,52.74588300953887,390452
2016-06-08,STK_09,52.265661761736034,52.680789581599576,52.24785816451663,52.35662214733672,973806
2016-06-09,STK_09,51.742679262270954,52.13275970665753,51.36154634820843,51.85821816560839,522476
2016-06-10,STK_09,50.775056538761206,51.19063772768918,50.71923836377681,51.01324297440479,690380
2016-06-13,STK_09,50.434807303633534,50.56148993783725,50.05200298381629,50.320378107813184,78906
2016-06-14,STK_09,49.37474950878599,49.96697894351917,49.109449994653005,49.435583597350075,934728
2016-06-15,STK_09,48.90459486066142,49.15544278822794,48.54430160655545,48.908208240776304,671121
2016-06-16,STK_09,48.28885843109646,48.730599208445106,47.64104901894366,47.96255673280276,500900
2016-06-17,STK_09,47.45693151358063,47.61951197866859,46.70816633867155,47.16002980827498,456893
2016-06-20,STK_09,46.95874855651978,47.5215460643411,46.70357520897778,46.75199850731411,319563
2016-06-21,STK_09,46.69700556099695,47.169778403580615,46.69635998631498,46.748883115365196,894250
2016-06-22,STK_09,46.463082595515814,47.390321994904724,46.031836087512524,46.070112607835405,959268
2016-06-23,STK_09,45.040634991867485,45.279413054895564,44.97682344232501,45.14299233147781,964129
2016-06-24,STK_09,45.090606412250594,46.06375352698839,44.40534695371837,44.97554038153391,205350
2016-06-27,STK_09,46.667941900958006,46.81015755258014,46.17472569752378,46.64430774944483,501901
2016-06-28,STK_09,46.97072328232678,47.037845635936314,45.28425431844982,46.84394718216329,580712
2016-06-29,STK_09,46.345317799153435,46.95906580323008,45.85488526648345,46.00305083932361,555111
2016-06-30,STK_09,45.64654528187291,46.38827890345852,45.4518499663242,46.11991123560507,667471
2016-07-01,STK_09,45.97040614814898,46.08613032388501,45.7202462956976,45.92217374725783,853946
2016-07-04,STK_09,44.98458468518588,45.026603936882665,44.450776875029874,44.93780190949033,245453
2016-07-05,STK_09,44.578855282070975,45.1517097829531,44.463728856691894,44.585563005514054,125032
2016-07-06,STK_09,44.81272669206176,45.10205916874969,44.07808045665155,44.73750822911275,190797
2016-07-07,STK_09,44.1605516612087,44.7019764679685,43.460509787471295,44.01068890501134,654331
2016-07-08,STK_09,44.067703555415456,44.660927545688345,43.44606980227339,44.14233051296248,524243
2016-07-11,STK_09,44.95044896344197,45.307508406357634,44.47947610907101,44.7522258570645,655449
2016-07-12,STK_09,42.67120203698299,43.01304145145763,41.8535735041333,42.526949577576055,132592
2016-07-13,STK_09,42.245559203939074,42.54987151614852,41.74719264445117,42.29453648277802,263118
2016-07-14,STK_09,41.097663558038256,41.470737027445416,41.03559848547725,41.22856244231641,503666
2016-07-15,STK_09,41.2329017954982,41.36786756286836,40.702982081476954,40.84154154914604,653662
2016-07-18,STK_09,41.05441067358792,41.37173076849435,40.908993401128406,41.34548654338037,485879
2016-07-19,STK_09,41.398623536904466,41.931676455771075,41.00520702600688,41.537472620871036,980538
2016-07-20,STK_09,41.8581768385715,41.991914040364776,41.43124761143846,41.45148689765656,229712
2016-07-21,STK_09,41.13571276344118,41.43856529117778,40.681924667304514,40.957127716690934,267232
2016-07-22,STK_09,41.65369662170839,41.798953768258684,40.68783293813569,41.72028107791142,815125
2016-07-25,STK_09,41.85088485719722,42.1783703741895,41.692842351267046,41.80281612660255,55000
2016-07-26,STK_09,42.020435485107235,42.21280590820066,41.56529363765921,41.838756474795844,847971
2016-07-27,STK_09,41.55544104097633,42.20728894793163,41.38170831036827,41.382545114063966,187892
2016-07-28,STK_09,40.84987102566818,41.49907612794632,40.37730620175581,40.81648020842881,731631
2016-07-29,STK_09,39.43378633180047,39.79169899538843,38.53939189373547,39.560571746733736,364532
2016-08-01,STK_09,40.338848353312976,40.76850653346374,40.19788023982399,40.303847051599995,670337
2016-08-02,STK_09,40.59248647837943,41.115185799754556,40.58459192435707,40.713401169633514,235998
2016-08-03,STK_09,40.25718124985058,40.501693312983406,39.419203070580814,40.22634038036079,972027
2016-08-04,STK_09,38.32960515894238,38.48694112362082,37.8235477162287,38.45238739284,990082
2016-08-05,STK_09,39.15092803517484,39.33691224167138,38.86863519843372,39.17991960414083,174955
2016-08-08,STK_09,39.50999790364673,39.72320804065394,39.414186446106946,39.47980123570713,595675
2016-08-09,STK_09,40.482207173262516,41.13255341385332,39.70578757398814,40.42000538495981,573627
2016-08-10,STK_09,40.37505567976059,41.3653401927781,39.44582172369053,40.46151360907448,448478
2016-08-11,STK_09,40.63824531619795,41.566534783106505,40.50474541935001,40.66696515272945,689243
2016-08-12,STK_09,41.46268109018457,41.7308382170001,41.37189153789717,41.49034202450926,846725
2016-08-15,STK_09,41.67004465935879,41.97110143662397,41.497830242478635,41.953835649900704,513060
2016-08-16,STK_09,41.63805521756039,42.09319099539554,40.55721887777069,41.40740800428822,533761
2016-08-17,STK_09,40.395018685827566,40.71628536001872,40.00695717070106,40.33116421971521,74104
2016-08-18,STK_09,41.17347229249726,41.57708757476296,40.969526697640134,41.14294697332967,993834
2016-08-19,STK_09,41.42107043520249,42.52433832780542,40.99239481744899,41.520764180615295,49076
2016-08-22,STK_09,44.59600102964676,44.71962493457637,43.806435210972204,44.414200261597145,912467
2016-08-23,STK_09,43.292340180326235,43.29576378213481,43.01771973917289,43.128735364298734,704670
2016-08-24,STK_09,42.821395377829234,43.543849430320286,42.64728747214391,42.879637355343945,392758
2016-08-25,STK_09,42.64463916788616,42.77811393445286,42.208623193523316,42.69824261055262,474033
2016-08-26,STK_09,42.56162974652474,42.580186250152806,42.16975647002339,42.43578746768283,867434
2016-08-29,STK_09,43.67820557031702,43.70265681541891,42.65856875684211,43.46869429699024,877054
2016-08-30,STK_09,42.94163356022927,43.44336925283316,42.278769513080846,42.79994932961741,728434
2016-08-31,STK_09,42.1183666756513,42.65689292150066,42.04572317694347,42.2886514639286,323866
2016-09-01,STK_09,43.68477327659497,44.34921700651002,43.52099552754276,44.025211588312175,601621
2016-09-02,STK_09,42.847858734355846,43.820042903274356,42.58809795919777,42.9564017460375,351228
2016-09-05,STK_09,43.15572356699193,44.10731553214446,42.82205599017744,42.88950543247719,325353
2016-09-06,STK_09,43.14338400170624,43.20643528784261,42.956479856075376,43.07390406440474,575079
2016-09-07,STK_09,42.3533136999493,42.78126742126838,42.23936030313505,42.31643889104648,949371
2016-09-08,STK_09,42.44434806369909,43.253600525438614,42.039126488369185,42.757207225211616,9816
2016-09-09,STK_09,42.62771085992194,42.953626410456756,41.89890320622744,42.69251418921458,986602
2016-09-12,STK_09,42.73779767560478,43.0864582169364,42.00390447134299,42.32826699959062,704861
2016-09-13,STK_09,41.48093963240999,41.98634245625367,41.250599118918984,41.52399546328844,509757
2016-09-14,STK_09,41.31992481668794,41.32823309910378,40.41866322795741,41.051298874846395,684736
2016-09-15,STK_09,40.31894557780518,40.74585637168393,39.53497760182686,40.33536309947111,706982
2016-09-16,STK_09,40.2240027249707,40.30550751391879,39.95682747096171,39.98999313520584,484367
2016-09-19,STK_09,39.25871605225261,39.82860568671929,39.0588332397962,39.540506366761186,386794
2016-09-20,STK_09,39.2455744689026,40.12711367541978,39.10757066427131,39.81008070668381,50780
2016-09-21,STK_09,41.01633286980092,41.80643682049613,40.76018561401605,41.32652985528972,254949
2016-09-22,STK_09,39.45449711851364,39.892590400348915,38.51231283508371,39.72088351988079,870602
2016-09-23,STK_09,40.80476723912704,41.0762937021877,39.83795894649787,40.134381076931575,190788
2016-09-26,STK_09,39.26807993073706,39.43491301775047,39.02325947851668,39.31899569254204,463314
2016-09-27,STK_09,38.29668243502303,38.688142468792954,38.17966742120031,38.42409482497087,723035
2016-09-28,STK_09,39.16742234302104,40.111764797246245,38.836991720694876,39.60855299910953,791013
2016-09-29,STK_09,38.97155445807441,39.70933265831361,38.943191590012596,39.10619077014722,840533
2016-09-30,STK_09,39.73076636483785,39.901097495793394,39.07546321292737,39.771057934528585,942225
2016-10-03,STK_09,39.61454123419501,39.920174866573106,39.0735114670731,39.45781096277747,924362
2016-10-04,STK_09,39.278703785927775,39.76559537490437,38.514608845272654,39.13905931162651,801604
2016-10-05,STK_09,40.05947544173595,40.12912333463419,39.700347760120565,39.70999937630738,853653
2016-10-06,STK_09,40.646862030267336,40.77514751780433,40.23660762184636,40.57874778429238,626773
2016-10-07,STK_09,39.56964054904957,40.25649113930403,39.021171363714664,39.4927310729617,258556
2016-10-10,STK_09,39.374687421466405,40.02658853288235,39.17834760576513,39.47984752669536,614260
2016-10-11,STK_09,40.04989355798823,40.22884049246757,39.67724497395463,39.91586221505486,766410
2016-10-12,STK_09,41.47977956525149,41.89369566095958,41.18191776580685,41.262017764502005,518051
2016-10-13,STK_09,41.75085688422797,42.237559696221275,41.72505803494344,41.78655781558551,587803
2016-10-14,STK_09,41.02497722040309,41.04821866777455,40.394957979758914,41.04798850409956,206457
2016-10-17,STK_09,41.65129049884802,41.76612586048444,41.46760734330682,41.55825034214343,446426
2016-10-18,STK_09,41.64564615342674,41.84119056083004,41.51195053431044,41.575766790783895,280764
2016-10-19,STK_09,41.98690148259998,42.36888847031548,41.86082636073475,42.259069844134956,683935
2016-10-20,STK_09,42.682488675246844,42.814437858877994,41.17591936667201,42.74692495454122,386627
2016-10-21,STK_09,43.30577355494641,44.094953925594176,42.83244682135999,43.19701576131246,187324
2016-10-24,STK_09,44.53186941920976,45.26955310522586,44.04182028999809,44.152556434482406,702509
2016-10-25,STK_09,44.915191869014734,44.983854881534526,44.25790966043143,44.966879275632934,500481
2016-10-26,STK_09,44.813531699418654,45.11240784511206,43.61446266706175,44.7451199818148,239831
2016-10-27,STK_09,43.501316086310474,43.76564397231699,43.14698314320117,43.76076126030439,985311
2016-10-28,STK_09,43.148677778120565,43.87965609220098,42.89465275263206,43.482423025190364,359552
2016-10-31,STK_09,44.27023215455347,44.68399301550264,44.01782742992408,44.4441802981302,631565
2016-11-01,STK_09,44.180010418832964,44.47688751011476,43.36372065559092,44.2721073084642,739262
2016-11-02,STK_09,44.15747314975658,44.349009488157776,43.849149737762396,44.33838816802436,603381
2016-11-03,STK_09,44.99212786299543,45.43040057065996,44.61931928312866,45.10640706802273,738472
2016-11-04,STK_09,47.12087342016264,47.51388170817196,46.97506631530881,47.14146452653584,931688
2016-11-07,STK_09,46.30680113468355,47.38667447174357,46.16310425488834,46.3923985125382,265323
2016-11-08,STK_09,46.037278160869356,46.70638119927927,45.58858872683557,45.7838906744496,36482
2016-11-09,STK_09,46.51747076837753,46.534229721521115,45.84868295031942,46.260661480237474,854779
2016-11-10,STK_09,46.31385474377064,47.1197031518789,45.71837380630391,46.0841180200261,837995
2016-11-11,STK_09,46.14065016463076,46.6016887097047,44.883566767591034,45.816660127228715,199701
2016-11-14,STK_09,46.767589306728894,47.34532361914511,45.426079826726735,46.095823217883805,567308
2016-11-15,STK_09,45.99675774008238,46.24940089117014,45.41657783903236,45.97695502924258,96267
2016-11-16,STK_09,45.398197522910124,45.58532675899732,44.70878701524691,45.32250601543236,679288
2016-11-17,STK_09,46.33221492490602,47.017858319896604,46.07707098730617,46.25263448779994,91586
2016-11-18,STK_09,46.726632887027165,47.10733308126917,46.31854258619057,46.34473959677442,685525
2016-11-21,STK_09,46.352568715155016,46.51580552618559,46.336949157881435,46.47461267864046,739929
2016-11-22,STK_09,46.79010233334651,46.875142978578715,46.25654934734292,46.756857422882184,923427
2016-11-23,STK_09,46.51695128678984,46.88585443558886,46.03649055785401,46.40805410259724,156656
2016-11-24,STK_09,44.514396885172566,44.79398310958047,44.04970958224482,44.49622005462674,941350
2016-11-25,STK_09,44.108659667358914,44.65330078818144,43.15724849059655,44.11069830217793,907870
2016-11-28,STK_09,44.66923020338049,44.72164673156731,43.93334162189236,43.99597010796335,779700
2016-11-29,STK_09,44.44221203721971,44.67694480715909,44.18669277578845,44.445317685817194,386668
2016-11-30,STK_09,43.21101519954962,43.7994045691854,42.80197934994056,43.012043794390124,796003
2016-12-01,STK_09,43.112531785761114,43.435556733627166,42.75276358003826,43.23257465111847,622674
2016-12-02,STK_09,42.57372405218657,43.380596675973315,41.869683881902255,42.08767781844731,326118
2016-12-05,STK_09,41.84680668271305,42.420592613358565,41.446563001331974,41.838022950901035,300730
2016-12-06,STK_09,42.05979356826873,42.75837151688482,41.67354117471798,42.29617273371245,765481
2016-12-07,STK_09,42.09778408682399,43.065926488146836,41.71487751911206,42.154509438342,885991
2016-12-08,STK_09,42.900927728159175,43.1355228404225,42.54021947707567,42.85840875059127,404131
2016-12-09,STK_09,43.270982663587084,44.277564556157564,42.68061443550477,42.79791604811246,779260
2016-12-12,STK_09,42.58904566213427,42.980182732170086,41.76446932482134,42.72114745759969,564871
2016-12-13,STK_09,42.23125211668749,42.668486548065104,41.75193382030547,42.19418075183805,980163
2016-12-14,STK_09,43.120626613909145,43.35129732120221,42.34954063881169,43.15425833616273,809420
2016-12-15,STK_09,43.82851602493805,43.89298748105112,43.38739199069916,43.712443488385645,595796
2016-12-16,STK_09,45.25121661362285,45.41916815317174,44.4161104634681,45.042516021985065,451883
2016-12-19,STK_09,46.30096219852754,46.80821027622386,45.373956771031054,46.203499033437595,696867
2016-12-20,STK_09,47.464159090690664,47.68422615310614,47.330098854274134,47.354375332163926,451361
2016-12-21,STK_09,48.40181608559534,48.81900647300934,48.15233089657389,48.54099014697464,499205
2016-12-22,STK_09,49.175985157915214,49.56993935824655,48.4045898529557,49.08513085136207,724542
2016-12-23,STK_09,50.23100593010703,50.79556872417703,49.49454419053776,49.730772039612134,49999
2016-12-26,STK_09,51.508830096330165,51.70637080117465,51.12271281774449,51.430388541859436,706559
2016-12-27,STK_09,52.19577298911016,53.317032091578845,51.86988066890747,52.26760447833004,161982
2016-12-28,STK_09,50.82895345573543,51.631368860461684,50.220892945173325,50.861950976320514,55605
2016-12-29,STK_09,50.01665919904946,50.25413443172804,49.73711686625761,50.212227305671284,227477
2016-12-30,STK_09,50.93836389386292,51.778400957228044,50.44450776656125,50.99158518544683,49201
