batch_idx,timestep,trigger,rebalanced,selected_stocks,risk_eta,dir_logit_bear,dir_logit_side,dir_logit_bull,c_mkt_norm,c_mkt_diff,raw_return,turnover_penalty,symdiff_penalty,net_reward,baseline,advantage,advantage_norm,pg_loss,risk_loss,dir_loss,grad_norm,skipped_update
0,0,Schedule | Regime Shift (Initial),True,"30,108,58,66,115,37,97,18,10,50",1.097214698791504,-1.872305154800415,-1.294331431388855,-0.6066930294036865,7.999809265136719,0.0,0.017299849539995193,0.0,0.0,0.017299849539995193,0.014465689659118652,0.002834159880876541,0.21840408444404602,1.0336443185806274,0.5373024344444275,0.3415454030036926,2.7323832511901855,0.0
0,1,None,False,"30,108,58,66,115,37,97,18,10,50",1.0555037260055542,-2.3261375427246094,-1.3491909503936768,-0.7201536893844604,7.999699592590332,5.836601734161377,0.022216135635972023,0.0,0.0,0.022216135635972023,0.02477264404296875,-0.002556508406996727,0.12707501649856567,0.0,0.7775317430496216,0.33278363943099976,2.7323832511901855,0.0
0,2,None,False,"30,108,58,66,115,37,97,18,10,50",1.1470296382904053,-1.7635295391082764,-1.032224416732788,-0.9866312742233276,7.999752998352051,5.477145671844482,0.023660147562623024,0.0,0.0,0.023660147562623024,0.024372220039367676,-0.0007120724767446518,-0.0601985938847065,0.0,0.782505214214325,0.4259617328643799,2.7323832511901855,0.0
0,3,None,False,"30,108,58,66,115,37,97,18,10,50",1.1106913089752197,-2.1712398529052734,-1.356170892715454,-0.5764526128768921,7.999764919281006,4.7769880294799805,0.023348737508058548,0.0,0.0,0.023348737508058548,0.015082478523254395,0.008266258984804153,0.3478798568248749,0.0,0.9469917416572571,0.4146231412887573,2.7323832511901855,0.0
0,4,None,False,"30,108,58,66,115,37,97,18,10,50",1.10103178024292,-1.9917937517166138,-0.9453569650650024,-0.7399579286575317,7.999765396118164,6.085535526275635,0.039367884397506714,0.0,0.0,0.039367884397506714,0.02168118953704834,0.017686694860458374,0.7995807528495789,0.0,0.9215143322944641,0.4501801133155823,2.7323832511901855,0.0
0,5,None,False,"30,108,58,66,115,37,97,18,10,50",1.089285969734192,-1.95693039894104,-1.1551626920700073,-0.7204703688621521,7.999819755554199,4.428886413574219,0.036213796585798264,0.0,0.0,0.036213796585798264,0.021342158317565918,0.014871638268232346,0.8937329649925232,0.0,0.9653037190437317,0.4663454592227936,2.7323832511901855,0.0
0,6,None,False,"30,108,58,66,115,37,97,18,10,50",1.0912024974822998,-1.9722075462341309,-1.2640182971954346,-0.6844443082809448,7.999764919281006,2.9181463718414307,0.04929779842495918,0.0,0.0,0.04929779842495918,0.016625165939331055,0.03267263248562813,1.7009506225585938,0.0,0.9765889644622803,0.46007248759269714,2.7323832511901855,0.0
0,7,None,False,"30,108,58,66,115,37,97,18,10,50",1.139158844947815,-1.7945685386657715,-0.8595848083496094,-0.8378785848617554,7.999819755554199,4.030028820037842,0.022729117423295975,0.0,0.0,0.022729117423295975,0.004214882850646973,0.018514234572649002,1.351790189743042,0.0,0.8842052221298218,0.44171279668807983,2.7323832511901855,0.0
0,8,None,False,"30,108,58,66,115,37,97,18,10,50",1.103594183921814,-1.9049893617630005,-0.9598434567451477,-0.8357726335525513,7.999817371368408,3.9236133098602295,0.021245384588837624,0.0,0.0,0.021245384588837624,0.010186076164245605,0.011059308424592018,0.6569262742996216,0.0,0.9789190292358398,0.4691121578216553,2.7323832511901855,0.0
0,9,None,False,"30,108,58,66,115,37,97,18,10,50",1.0948517322540283,-2.0178160667419434,-1.3430966138839722,-0.5214440822601318,7.999823093414307,4.490980625152588,0.010912900790572166,0.0,0.0,0.010912900790572166,0.008364081382751465,0.0025488194078207016,0.24913132190704346,0.0,1.0160138607025146,0.5292247533798218,2.7323832511901855,0.0
0,10,None,False,"30,108,58,66,115,37,97,18,10,50",1.1444635391235352,-2.195831060409546,-1.298495888710022,-0.7490862011909485,7.9997382164001465,4.28594446182251,0.00538784870877862,0.0,0.0,0.00538784870877862,0.007823944091796875,-0.0024360953830182552,0.21501928567886353,0.0,1.082064151763916,0.5119435787200928,2.7323832511901855,0.0
0,11,None,False,"30,108,58,66,115,37,97,18,10,50",1.102568507194519,-2.1244213581085205,-1.116698980331421,-0.6728459596633911,7.999795913696289,4.440526008605957,-0.0007440865156240761,0.0,0.0,-0.0007440865156240761,0.008397698402404785,-0.009141785092651844,-0.043571487069129944,0.0,1.0292203426361084,0.45100730657577515,2.7323832511901855,0.0
0,12,None,False,"30,108,58,66,115,37,97,18,10,50",0.9827062487602234,-1.8309881687164307,-1.225964069366455,-0.7242769002914429,7.9996514320373535,6.619480133056641,0.016153043136000633,0.0,0.0,0.016153043136000633,0.016896486282348633,-0.0007434431463479996,0.3250577747821808,0.0,0.99868243932724,0.4357810616493225,2.7323832511901855,0.0
0,13,None,False,"30,108,58,66,115,37,97,18,10,50",1.117532730102539,-1.914339303970337,-1.1793962717056274,-0.5427526235580444,7.999800205230713,7.529566764831543,0.013594090938568115,0.0,0.0,0.013594090938568115,0.023203611373901367,-0.009609520435333252,0.12619724869728088,0.0,1.1743961572647095,0.5085219740867615,2.7323832511901855,0.0
0,14,Schedule,True,"68,76,133,131,100,92,55,6,118,19",1.047956109046936,-1.8469995260238647,-0.6718965172767639,-0.8386703729629517,7.999707221984863,7.033875942230225,0.029770631343126297,0.056666666666666664,0.02,-0.046896036714315414,0.02707076072692871,-0.07396680116653442,-0.819664478302002,-4.120626926422119,1.131675362586975,0.4416210651397705,2.7323832511901855,0.0
0,15,None,False,"68,76,133,131,100,92,55,6,118,19",1.0703728199005127,-1.9297208786010742,-1.1288938522338867,-0.7058850526809692,7.999813556671143,4.996613502502441,0.010034906677901745,0.0,0.0,0.010034906677901745,0.01188671588897705,-0.001851809211075306,0.12686564028263092,0.0,0.9077885746955872,0.38359886407852173,2.7323832511901855,0.0
0,16,None,False,"68,76,133,131,100,92,55,6,118,19",1.0612986087799072,-2.032231092453003,-1.2928566932678223,-0.6639869213104248,7.999768257141113,2.9832935333251953,-0.006671100854873657,0.0,0.0,-0.006671100854873657,-0.0051239728927612305,-0.0015471279621124268,0.0272147785872221,0.0,0.8221360445022583,0.38141220808029175,2.7323832511901855,0.0
0,17,None,False,"68,76,133,131,100,92,55,6,118,19",1.0690959692001343,-1.8190172910690308,-1.1419532299041748,-0.6092207431793213,7.999793529510498,4.40626859664917,-0.007975715212523937,0.0,0.0,-0.007975715212523937,-0.0038726329803466797,-0.0041030822321772575,0.01897471584379673,0.0,0.7501517534255981,0.3148091733455658,2.7323832511901855,0.0
0,18,None,False,"68,76,133,131,100,92,55,6,118,19",1.0728803873062134,-1.9984583854675293,-1.1935771703720093,-0.5803364515304565,7.999768257141113,3.343320369720459,-0.022889811545610428,0.0,0.0,-0.022889811545610428,-0.007268011569976807,-0.015621799975633621,-0.15589851140975952,0.0,0.7256238460540771,0.3807080388069153,2.7323832511901855,0.0
0,19,None,False,"68,76,133,131,100,92,55,6,118,19",1.0685572624206543,-1.9361761808395386,-1.2167587280273438,-0.8362340927124023,7.999818325042725,5.064361572265625,-0.03542066365480423,0.0,0.0,-0.03542066365480423,-0.012857675552368164,-0.022562988102436066,-0.5293799042701721,0.0,0.810803234577179,0.4043163061141968,2.7323832511901855,0.0
0,20,None,False,"68,76,133,131,100,92,55,6,118,19",1.0897201299667358,-1.9577915668487549,-1.2336277961730957,-0.7345253229141235,7.999815940856934,3.2036452293395996,-0.025387877598404884,0.0,0.0,-0.025387877598404884,-0.0015456080436706543,-0.02384226955473423,-0.7824470400810242,0.0,0.6979683041572571,0.3090686798095703,2.7323832511901855,0.0
0,21,None,False,"68,76,133,131,100,92,55,6,118,19",1.0175113677978516,-2.015591621398926,-1.3823211193084717,-0.7287914752960205,7.999765872955322,4.482232570648193,-0.022889334708452225,0.0,0.0,-0.022889334708452225,-0.003858029842376709,-0.019031304866075516,-0.7265557646751404,0.0,0.700206458568573,0.3966909945011139,2.7323832511901855,0.0
0,22,None,False,"68,76,133,131,100,92,55,6,118,19",0.9465142488479614,-2.112285852432251,-1.1602636575698853,-0.6820327043533325,7.999636650085449,7.127082347869873,-0.01649222895503044,0.0,0.0,-0.01649222895503044,-0.014763593673706055,-0.0017286352813243866,0.028788171708583832,0.0,0.7870939373970032,0.380375474691391,2.7323832511901855,0.0
0,23,None,False,"68,76,133,131,100,92,55,6,118,19",1.1484582424163818,-1.71867835521698,-1.0134087800979614,-0.9670654535293579,7.999782085418701,7.452873706817627,-0.011940574273467064,0.0,0.0,-0.011940574273467064,-0.022024154663085938,0.010083580389618874,0.5911101698875427,0.0,0.9815151691436768,0.3904472887516022,2.7323832511901855,0.0
0,24,None,False,"68,76,133,131,100,92,55,6,118,19",1.1205235719680786,-1.874153971672058,-1.0909850597381592,-0.8100372552871704,7.999802589416504,3.0178613662719727,-0.006328475661575794,0.0,0.0,-0.006328475661575794,-0.02499157190322876,0.01866309717297554,0.9163837432861328,0.0,0.8266482353210449,0.3906901478767395,2.7323832511901855,0.0
0,25,None,False,"68,76,133,131,100,92,55,6,118,19",1.1463676691055298,-2.1140196323394775,-0.9870450496673584,-1.1332952976226807,7.999619007110596,4.408962726593018,-0.00022052526765037328,0.0,0.0,-0.00022052526765037328,-0.03321337699890137,0.03299285098910332,1.9160417318344116,0.0,0.9351550936698914,0.36585330963134766,2.7323832511901855,0.0
0,26,None,False,"68,76,133,131,100,92,55,6,118,19",1.086422085762024,-2.0492985248565674,-1.1403307914733887,-0.8995108604431152,7.999806880950928,4.8565168380737305,0.0066082836128771305,0.0,0.0,0.0066082836128771305,-0.02327960729598999,0.029887890443205833,1.5710241794586182,0.0,0.9464517831802368,0.3823493719100952,2.7323832511901855,0.0
0,27,Struct Break (DC),True,"43,14,65,138,93,124,73,91,23,84",1.0774726867675781,-2.1248390674591064,-1.1672556400299072,-0.8260108232498169,7.99979829788208,4.886358737945557,0.006848835851997137,0.056666666666666664,0.02,-0.06981783360242844,-0.005807220935821533,-0.0640106126666069,-2.323704957962036,-11.579538345336914,0.9143790006637573,0.47256535291671753,2.7323832511901855,0.0
0,28,None,False,"43,14,65,138,93,124,73,91,23,84",1.1085059642791748,-2.165118455886841,-1.1442489624023438,-0.8950854539871216,7.999807834625244,3.5165724754333496,0.013779896311461926,0.0,0.0,0.013779896311461926,0.01138150691986084,0.0023983893916010857,0.7408300042152405,0.0,0.9760472774505615,0.44462722539901733,2.7323832511901855,0.0
0,29,None,False,"43,14,65,138,93,124,73,91,23,84",1.0127224922180176,-1.8995616436004639,-1.2535755634307861,-0.8389606475830078,7.999764919281006,3.53601336479187,0.012362843379378319,0.0,0.0,0.012362843379378319,0.01322793960571289,-0.0008650962263345718,0.18668067455291748,0.0,0.9180697202682495,0.4104447364807129,2.7323832511901855,0.0
0,30,None,False,"43,14,65,138,93,124,73,91,23,84",1.1653270721435547,-2.254081964492798,-1.1622769832611084,-0.7253851890563965,7.999782085418701,5.330060005187988,0.029603630304336548,0.0,0.0,0.029603630304336548,0.028043270111083984,0.0015603601932525635,0.11319822072982788,0.0,0.8921438455581665,0.39588236808776855,2.7323832511901855,0.0
0,31,None,False,"43,14,65,138,93,124,73,91,23,84",1.0958328247070312,-1.8092139959335327,-0.9953123331069946,-0.8661624789237976,7.999820709228516,5.056159973144531,0.026149099692702293,0.0,0.0,0.026149099692702293,0.03877890110015869,-0.012629801407456398,-0.44337159395217896,0.0,0.9050995111465454,0.37094753980636597,2.7323832511901855,0.0
0,32,None,False,"43,14,65,138,93,124,73,91,23,84",1.0430057048797607,-2.0604987144470215,-0.8418872952461243,-0.8048433065414429,7.999729156494141,5.396121501922607,0.018943315371870995,0.0,0.0,0.018943315371870995,0.030022740364074707,-0.011079424992203712,-0.378557950258255,0.0,0.645463228225708,0.3631126880645752,2.7323832511901855,0.0
0,33,None,False,"43,14,65,138,93,124,73,91,23,84",1.0913197994232178,-2.00152850151062,-1.121451735496521,-0.7986664772033691,7.999804496765137,4.474212169647217,0.011879568919539452,0.0,0.0,0.011879568919539452,0.011586308479309082,0.00029326044023036957,0.42669403553009033,0.0,0.7612038254737854,0.4084032475948334,2.7323832511901855,0.0
0,34,None,False,"43,14,65,138,93,124,73,91,23,84",1.1292685270309448,-1.8383235931396484,-1.082327961921692,-0.6942561864852905,7.999817371368408,3.0160939693450928,0.020521897822618484,0.0,0.0,0.020521897822618484,0.013164043426513672,0.007357854396104813,0.5396511554718018,0.0,0.6987829208374023,0.38691332936286926,2.7323832511901855,0.0
0,35,None,False,"43,14,65,138,93,124,73,91,23,84",1.0808067321777344,-2.225992202758789,-1.0831533670425415,-0.7386906743049622,7.999763488769531,5.171253681182861,0.02105150744318962,0.0,0.0,0.02105150744318962,0.013614773750305176,0.007436733692884445,0.6632513403892517,0.0,0.5936235189437866,0.3112896978855133,2.7323832511901855,0.0
0,36,None,False,"43,14,65,138,93,124,73,91,23,84",1.0485671758651733,-2.271430253982544,-1.2157585620880127,-0.9875894784927368,7.999800682067871,5.969277858734131,0.024406999349594116,0.0,0.0,0.024406999349594116,0.016050100326538086,0.00835689902305603,0.651378333568573,0.0,0.5804210305213928,0.3304566740989685,2.7323832511901855,0.0
0,37,None,False,"43,14,65,138,93,124,73,91,23,84",1.1513392925262451,-2.032545328140259,-1.0810909271240234,-0.8490298390388489,7.999817848205566,4.902163028717041,0.0169520266354084,0.0,0.0,0.0169520266354084,0.013165116310119629,0.0037869103252887726,0.45974647998809814,0.0,0.557864248752594,0.3155915439128876,2.7323832511901855,0.0
0,38,None,False,"43,14,65,138,93,124,73,91,23,84",1.1047769784927368,-2.027517557144165,-1.1664950847625732,-0.7021799087524414,7.999833106994629,3.6437337398529053,0.0033951043151319027,0.0,0.0,0.0033951043151319027,-0.000662684440612793,0.004057788755744696,0.2905581593513489,0.0,0.47295767068862915,0.31836891174316406,2.7323832511901855,0.0
0,39,None,False,"43,14,65,138,93,124,73,91,23,84",1.0921564102172852,-1.9395183324813843,-1.2822006940841675,-0.6522732973098755,7.999814510345459,3.301342248916626,-0.018499935045838356,0.0,0.0,-0.018499935045838356,-0.006643772125244141,-0.011856162920594215,-0.8050272464752197,0.0,0.5862499475479126,0.34449294209480286,2.7323832511901855,0.0
0,40,None,False,"43,14,65,138,93,124,73,91,23,84",1.0973801612854004,-1.991685152053833,-1.1505128145217896,-0.738006591796875,7.999730587005615,4.752010345458984,-0.02279980108141899,0.0,0.0,-0.02279980108141899,-0.01507711410522461,-0.007722686976194382,-0.12905831634998322,0.0,0.5848149657249451,0.30356651544570923,2.7323832511901855,0.0
0,41,Schedule,True,"83,73,108,139,19,30,39,32,75,134",1.080143928527832,-1.8662227392196655,-1.0156745910644531,-0.8868973255157471,7.999785423278809,4.270280361175537,-0.01723431423306465,0.05099999864896138,0.017999999523162842,-0.08623430877923965,-0.013956248760223389,-0.07227806001901627,-2.8779563903808594,-14.327861785888672,0.5287229418754578,0.3235008716583252,2.7323832511901855,0.0
0,42,None,False,"83,73,108,139,19,30,39,32,75,134",1.0049113035202026,-2.1696979999542236,-1.2481625080108643,-0.6955174207687378,7.999749183654785,6.479964733123779,0.001093786908313632,0.0,0.0,0.001093786908313632,-0.014081120491027832,0.015174907632172108,0.797597348690033,0.0,0.413662850856781,0.3232857286930084,2.7323832511901855,0.0
0,43,None,False,"83,73,108,139,19,30,39,32,75,134",1.0933829545974731,-1.7620337009429932,-0.9479080438613892,-0.8139393329620361,7.9997782707214355,5.307186603546143,0.028086716309189796,0.0,0.0,0.028086716309189796,0.004176616668701172,0.023910099640488625,0.9255375266075134,0.0,0.4867899417877197,0.35425713658332825,2.7323832511901855,0.0
0,44,None,False,"83,73,108,139,19,30,39,32,75,134",1.1259162425994873,-2.0246593952178955,-1.2984224557876587,-0.8542059063911438,7.999711990356445,6.265501499176025,0.007908863015472889,0.0,0.0,0.007908863015472889,-0.005769193172454834,0.013678056187927723,0.6540133357048035,0.0,0.6067559123039246,0.338779091835022,2.7323832511901855,0.0
0,45,None,False,"83,73,108,139,19,30,39,32,75,134",1.039802074432373,-2.1057703495025635,-1.0754547119140625,-0.6738036870956421,7.999790668487549,5.155754566192627,-0.002197265625,0.0,0.0,-0.002197265625,-0.000847935676574707,-0.001349329948425293,0.15665669739246368,0.0,0.815343976020813,0.3151823878288269,2.7323832511901855,0.0
0,46,None,False,"83,73,108,139,19,30,39,32,75,134",1.085369348526001,-1.7975465059280396,-1.039855718612671,-0.8214356899261475,7.999786376953125,3.865600347518921,-0.017209535464644432,0.0,0.0,-0.017209535464644432,-0.011947154998779297,-0.005262380465865135,-0.02402392402291298,0.0,0.796231746673584,0.3192509412765503,2.7323832511901855,0.0
0,47,None,False,"83,73,108,139,19,30,39,32,75,134",1.059850811958313,-2.17571759223938,-1.3853425979614258,-0.6465827822685242,7.9997382164001465,6.63611364364624,-0.03584156557917595,0.0,0.0,-0.03584156557917595,-0.015515267848968506,-0.020326297730207443,-0.13710454106330872,0.0,0.7160192728042603,0.3484172821044922,2.7323832511901855,0.0
0,48,None,False,"83,73,108,139,19,30,39,32,75,134",1.0650150775909424,-2.0546681880950928,-1.039426326751709,-0.7009543180465698,7.999806880950928,5.134783744812012,-0.04929756373167038,0.0,0.0,-0.04929756373167038,-0.016587018966674805,-0.032710544764995575,-1.0205620527267456,0.0,0.7313954830169678,0.33276838064193726,2.7323832511901855,0.0
0,49,None,False,"83,73,108,139,19,30,39,32,75,134",1.1044461727142334,-1.9406592845916748,-0.9989204406738281,-0.7881244421005249,7.999773979187012,4.900691986083984,-0.026129741221666336,0.0,0.0,-0.026129741221666336,-0.003695547580718994,-0.022434193640947342,-0.42482659220695496,0.0,0.5472484827041626,0.31797704100608826,2.7323832511901855,0.0
0,50,None,False,"83,73,108,139,19,30,39,32,75,134",1.0612740516662598,-1.9512602090835571,-1.114296793937683,-0.8508363962173462,7.999744415283203,5.492432117462158,-0.016273653134703636,0.0,0.0,-0.016273653134703636,-0.004838109016418457,-0.01143554411828518,0.018001483753323555,0.0,0.6807994842529297,0.3394366204738617,2.7323832511901855,0.0
0,51,Struct Break (DC),True,"66,123,52,13,93,127,40,41,30,57",1.1020065546035767,-2.155785322189331,-1.1056302785873413,-0.7255516052246094,7.999723434448242,5.259857177734375,0.009356403723359108,0.05099999864896138,0.017999999523162842,-0.05964359641075134,0.003512740135192871,-0.06315633654594421,-1.9715696573257446,-9.84089469909668,0.4429354667663574,0.3425709903240204,2.7323832511901855,0.0
0,52,None,False,"66,123,52,13,93,127,40,41,30,57",1.0565292835235596,-2.3936948776245117,-1.3933823108673096,-0.6924059987068176,7.999770164489746,5.584798336029053,0.008997445926070213,0.0,0.0,0.008997445926070213,0.00756072998046875,0.0014367159456014633,0.3303113877773285,0.0,0.645074725151062,0.3970903754234314,2.7323832511901855,0.0
0,53,None,False,"66,123,52,13,93,127,40,41,30,57",1.1265052556991577,-1.81361722946167,-1.0196294784545898,-0.7838951945304871,7.999837875366211,4.5763397216796875,0.007926160469651222,0.0,0.0,0.007926160469651222,0.007462024688720703,0.0004641357809305191,-0.023480543866753578,0.0,0.6087559461593628,0.38909757137298584,2.7323832511901855,0.0
0,54,None,False,"66,123,52,13,93,127,40,41,30,57",1.1335772275924683,-2.2542059421539307,-1.1998447179794312,-0.7063009738922119,7.9997334480285645,4.041595935821533,0.009404647164046764,0.0,0.0,0.009404647164046764,0.009378194808959961,2.6452355086803436e-05,0.23398464918136597,0.0,0.541610598564148,0.3922756016254425,2.7323832511901855,0.0
0,55,None,False,"66,123,52,13,93,127,40,41,30,57",1.1118746995925903,-1.9625194072723389,-1.1173540353775024,-0.7124639749526978,7.999780654907227,3.2674975395202637,0.00894477404654026,0.0,0.0,0.00894477404654026,0.01023101806640625,-0.0012862440198659897,0.004102143459022045,0.0,0.7105099558830261,0.3996134400367737,2.7323832511901855,0.0
0,56,None,False,"66,123,52,13,93,127,40,41,30,57",1.0514609813690186,-1.9390171766281128,-0.8708940744400024,-0.7542775869369507,7.9996843338012695,4.525060176849365,0.002451431704685092,0.0,0.0,0.002451431704685092,0.006562709808349609,-0.004111277870833874,0.25685665011405945,0.0,0.8525850772857666,0.39498651027679443,2.7323832511901855,0.0
0,57,None,False,"66,123,52,13,93,127,40,41,30,57",1.1099568605422974,-1.7379705905914307,-1.1142137050628662,-0.799441397190094,7.9997758865356445,5.4943037033081055,0.008379632607102394,0.0,0.0,0.008379632607102394,0.008807897567749023,-0.00042826496064662933,0.12646321952342987,0.0,0.7786397933959961,0.3869403004646301,2.7323832511901855,0.0
0,58,None,False,"66,123,52,13,93,127,40,41,30,57",1.1359437704086304,-2.11582088470459,-1.2044649124145508,-0.8750298023223877,7.999749660491943,4.522723197937012,0.0061528743244707584,0.0,0.0,0.0061528743244707584,0.01199960708618164,-0.005846732761710882,-0.08757233619689941,0.0,0.8537011742591858,0.3765496611595154,2.7323832511901855,0.0
0,59,None,False,"66,123,52,13,93,127,40,41,30,57",1.1397883892059326,-1.988663911819458,-1.1697152853012085,-0.6770834922790527,7.999787330627441,5.249928951263428,0.0038133442867547274,0.0,0.0,0.0038133442867547274,0.007746696472167969,-0.003933352418243885,0.13614970445632935,0.0,0.8237683773040771,0.41555747389793396,2.7323832511901855,0.0
0,60,None,False,"66,123,52,13,93,127,40,41,30,57",1.1504884958267212,-2.123702049255371,-1.3751816749572754,-0.5969645977020264,7.999730587005615,5.661676406860352,-0.010387646965682507,0.0,0.0,-0.010387646965682507,-0.003118455410003662,-0.0072691915556788445,-0.11378645151853561,0.0,0.7496353387832642,0.3647826015949249,2.7323832511901855,0.0
0,61,None,False,"66,123,52,13,93,127,40,41,30,57",1.0204378366470337,-2.223177909851074,-0.9551486968994141,-0.7202475070953369,7.999763488769531,6.949802875518799,-0.011357259936630726,0.0,0.0,-0.011357259936630726,0.001526474952697754,-0.01288373488932848,-0.0480915829539299,0.0,0.8323835134506226,0.34196433424949646,2.7323832511901855,0.0
0,62,None,False,"66,123,52,13,93,127,40,41,30,57",1.1404942274093628,-2.045081615447998,-1.2715201377868652,-0.5831903219223022,7.999802112579346,5.145383358001709,-0.006741833873093128,0.0,0.0,-0.006741833873093128,0.008223414421081543,-0.014965248294174671,-0.47607436776161194,0.0,0.7716402411460876,0.423211932182312,2.7323832511901855,0.0
0,63,None,False,"66,123,52,13,93,127,40,41,30,57",1.0910648107528687,-1.826263427734375,-1.1047565937042236,-0.7535942792892456,7.999786376953125,3.942237138748169,0.004767715930938721,0.0,0.0,0.004767715930938721,0.008160829544067383,-0.003393113613128662,-0.07340957224369049,0.0,0.9159897565841675,0.3288688063621521,2.7323832511901855,0.0
0,64,None,False,"66,123,52,13,93,127,40,41,30,57",1.0316317081451416,-2.4696784019470215,-1.1160482168197632,-0.8635300993919373,7.9997053146362305,6.438503265380859,0.0031550168059766293,0.0,0.0,0.0031550168059766293,0.012775182723999023,-0.009620165452361107,-0.20920659601688385,0.0,0.868269145488739,0.38175493478775024,2.7323832511901855,0.0
0,65,Schedule,True,"86,5,49,128,99,85,32,102,14,97",1.1514248847961426,-2.080092191696167,-1.130918025970459,-0.794743001461029,7.999771595001221,7.489452362060547,0.02074161171913147,0.056666666666666664,0.02,-0.05592505633831024,0.023265361785888672,-0.07919041812419891,-2.4214682579040527,-12.080392837524414,0.8155524730682373,0.39017969369888306,2.7323832511901855,0.0
0,66,None,False,"86,5,49,128,99,85,32,102,14,97",1.0887196063995361,-1.9701908826828003,-1.1928813457489014,-0.8450803160667419,7.999843597412109,5.303354263305664,0.010204458609223366,0.0,0.0,0.010204458609223366,0.015317559242248535,-0.005113100633025169,0.30195969343185425,0.0,0.771725058555603,0.31656140089035034,2.7323832511901855,0.0
0,67,None,False,"86,5,49,128,99,85,32,102,14,97",1.0829811096191406,-1.9700413942337036,-1.3008880615234375,-0.7200174331665039,7.999771595001221,3.937513589859009,-3.069639205932617e-06,0.0,0.0,-3.069639205932617e-06,0.008082151412963867,-0.0080852210521698,0.07959350198507309,0.0,0.6125394105911255,0.3450266122817993,2.7323832511901855,0.0
0,68,None,False,"86,5,49,128,99,85,32,102,14,97",1.120488166809082,-1.672865867614746,-1.147018313407898,-0.8949338793754578,7.9997453689575195,4.915483474731445,-0.0017512202030047774,0.0,0.0,-0.0017512202030047774,0.006798148155212402,-0.008549368008971214,0.13352149724960327,0.0,0.5475776195526123,0.32154378294944763,2.7323832511901855,0.0
0,69,None,False,"86,5,49,128,99,85,32,102,14,97",1.1231682300567627,-2.1581151485443115,-1.1054610013961792,-0.7122212648391724,7.999811172485352,4.27363920211792,-0.01640680432319641,0.0,0.0,-0.01640680432319641,0.00499880313873291,-0.02140560746192932,-0.48516345024108887,0.0,0.731992244720459,0.34498274326324463,2.7323832511901855,0.0
0,70,None,False,"86,5,49,128,99,85,32,102,14,97",1.1087734699249268,-2.2372231483459473,-1.264051914215088,-0.5451983213424683,7.999807834625244,3.3299312591552734,-0.022959941998124123,0.0,0.0,-0.022959941998124123,0.0001621246337890625,-0.023122066631913185,-0.3429810702800751,0.0,0.6924127340316772,0.4632259011268616,2.7323832511901855,0.0
0,71,None,False,"86,5,49,128,99,85,32,102,14,97",1.129957914352417,-2.006155252456665,-0.970131516456604,-0.762843132019043,7.999756336212158,4.039201259613037,-0.017581671476364136,0.0,0.0,-0.017581671476364136,0.003574967384338379,-0.021156638860702515,-0.6096032857894897,0.0,0.8301904797554016,0.5174882411956787,2.7323832511901855,0.0
0,72,None,False,"86,5,49,128,99,85,32,102,14,97",1.106845498085022,-1.9932751655578613,-1.0508193969726562,-0.8920479416847229,7.999812126159668,5.167300701141357,-0.02242112159729004,0.0,0.0,-0.02242112159729004,-0.00044661760330200195,-0.021974503993988037,-0.5054488778114319,0.0,0.8700305819511414,0.4853154420852661,2.7323832511901855,0.0
0,73,None,False,"86,5,49,128,99,85,32,102,14,97",1.1105709075927734,-2.0622808933258057,-1.103054165840149,-0.7935548424720764,7.999812126159668,3.0367724895477295,-0.029776811599731445,0.0,0.0,-0.029776811599731445,-0.004588067531585693,-0.025188744068145752,-0.2495584487915039,0.0,1.0193158388137817,0.5485926866531372,2.7323832511901855,0.0
0,74,None,False,"86,5,49,128,99,85,32,102,14,97",1.1523137092590332,-2.117434024810791,-0.8865700364112854,-0.7082260251045227,7.999728202819824,4.5382843017578125,-0.02124943770468235,0.0,0.0,-0.02124943770468235,-0.004917502403259277,-0.016331935301423073,-0.2808000147342682,0.0,0.9955525398254395,0.5002561211585999,2.7323832511901855,0.0
0,75,None,False,"86,5,49,128,99,85,32,102,14,97",1.0659024715423584,-2.0574564933776855,-1.142638087272644,-0.821918249130249,7.999802589416504,6.162429332733154,-0.01598304510116577,0.0,0.0,-0.01598304510116577,-0.006541609764099121,-0.00944143533706665,0.08885929733514786,0.0,1.2312830686569214,0.48418810963630676,2.7323832511901855,0.0
0,76,None,False,"86,5,49,128,99,85,32,102,14,97",1.0265370607376099,-2.249668598175049,-1.4741508960723877,-0.717902660369873,7.99968147277832,5.6838202476501465,-0.014941370114684105,0.0,0.0,-0.014941370114684105,-0.015154004096984863,0.00021263398230075836,0.3277495503425598,0.0,1.1262602806091309,0.4947139322757721,2.7323832511901855,0.0
0,77,None,False,"86,5,49,128,99,85,32,102,14,97",1.0606404542922974,-1.9358059167861938,-1.3816534280776978,-0.673987865447998,7.999797821044922,4.955811977386475,-0.0002666890504769981,0.0,0.0,-0.0002666890504769981,-0.003763914108276367,0.003497224999591708,0.3852134943008423,0.0,1.0377098321914673,0.5014837384223938,2.7323832511901855,0.0
0,78,None,False,"86,5,49,128,99,85,32,102,14,97",1.1141455173492432,-1.8203314542770386,-1.0789462327957153,-0.847402811050415,7.999807357788086,4.3542561531066895,0.0075629414059221745,0.0,0.0,0.0075629414059221745,-0.004295706748962402,0.01185864768922329,0.6165299415588379,0.0,1.019623041152954,0.520499050617218,2.7323832511901855,0.0
0,79,Schedule,True,"25,104,64,112,43,87,108,8,92,53",1.142195701599121,-2.005627393722534,-1.1063638925552368,-0.8928908109664917,7.999791145324707,4.280089855194092,-0.008894747123122215,0.056666666666666664,0.02,-0.08556140959262848,-0.0021712183952331543,-0.08339019119739532,-3.872530221939087,-19.274324417114258,1.1938928365707397,0.45210960507392883,2.7323832511901855,0.0
0,80,None,False,"25,104,64,112,43,87,108,8,92,53",1.1090205907821655,-1.7731170654296875,-1.0701054334640503,-1.0120587348937988,7.9997358322143555,5.2626423835754395,-0.007067829370498657,0.0,0.0,-0.007067829370498657,0.004878640174865723,-0.01194646954536438,-0.21142464876174927,0.0,1.058011770248413,0.5264061689376831,2.7323832511901855,0.0
0,81,None,False,"25,104,64,112,43,87,108,8,92,53",1.0978283882141113,-2.297786235809326,-0.9484195709228516,-0.8681908845901489,7.999797821044922,6.707610607147217,-0.0030299187637865543,0.0,0.0,-0.0030299187637865543,0.014352202415466309,-0.017382120713591576,-0.5335491299629211,0.0,1.2137811183929443,0.559007465839386,2.7323832511901855,0.0
0,82,None,False,"25,104,64,112,43,87,108,8,92,53",1.1474592685699463,-2.0022106170654297,-1.0821261405944824,-0.891272246837616,7.999701976776123,5.83173942565918,-0.0025702952407300472,0.0,0.0,-0.0025702952407300472,0.007866621017456055,-0.01043691672384739,0.02867407351732254,0.0,1.0684672594070435,0.5360578894615173,2.7323832511901855,0.0
0,83,None,False,"25,104,64,112,43,87,108,8,92,53",1.0648269653320312,-1.937157392501831,-0.9411735534667969,-0.8794741630554199,7.999776840209961,6.544524192810059,0.0007823586347512901,0.0,0.0,0.0007823586347512901,0.012246489524841309,-0.011464131064713001,-0.27973273396492004,0.0,0.9555342197418213,0.4702970087528229,2.7323832511901855,0.0
0,84,None,False,"25,104,64,112,43,87,108,8,92,53",1.0070394277572632,-2.190408945083618,-1.425408124923706,-0.7065792679786682,7.999746322631836,6.5811686515808105,-0.0024768649600446224,0.0,0.0,-0.0024768649600446224,0.012325286865234375,-0.014802152290940285,-0.44609716534614563,0.0,0.8333867788314819,0.4698840379714966,2.7323832511901855,0.0
0,85,None,False,"25,104,64,112,43,87,108,8,92,53",1.1561777591705322,-1.682968258857727,-1.0051205158233643,-0.717345118522644,7.999748229980469,6.466522216796875,-0.00959119200706482,0.0,0.0,-0.00959119200706482,0.00862133502960205,-0.01821252703666687,-0.2544804811477661,0.0,0.8074700832366943,0.3643719553947449,2.7323832511901855,0.0
0,86,None,False,"25,104,64,112,43,87,108,8,92,53",1.1265347003936768,-1.900331974029541,-1.108399748802185,-0.5914796590805054,7.999760627746582,4.211127281188965,-0.0041224719025194645,0.0,0.0,-0.0041224719025194645,0.009335637092590332,-0.01345810852944851,0.0021294623147696257,0.0,0.6943682432174683,0.3907172381877899,2.7323832511901855,0.0
0,87,None,False,"25,104,64,112,43,87,108,8,92,53",1.064557433128357,-1.8728935718536377,-1.1164531707763672,-0.7190251350402832,7.999810218811035,5.464051723480225,-0.012560415081679821,0.0,0.0,-0.012560415081679821,0.0036056041717529297,-0.016166020184755325,-0.3296312987804413,0.0,0.7825261950492859,0.46311789751052856,2.7323832511901855,0.0
0,88,None,False,"25,104,64,112,43,87,108,8,92,53",1.0747967958450317,-2.308124542236328,-1.2209773063659668,-0.878868043422699,7.999786376953125,4.956069469451904,-0.0157854612916708,0.0,0.0,-0.0157854612916708,0.000997304916381836,-0.016782766208052635,-0.3823545575141907,0.0,0.9371685981750488,0.4458054304122925,2.7323832511901855,0.0
0,89,None,False,"25,104,64,112,43,87,108,8,92,53",1.107582926750183,-1.7672529220581055,-1.1187025308609009,-1.131983757019043,7.999726295471191,6.33740758895874,-0.016099387779831886,0.0,0.0,-0.016099387779831886,-0.008032739162445068,-0.008066648617386818,0.11566510051488876,0.0,1.0748443603515625,0.4410788118839264,2.7323832511901855,0.0
0,90,None,False,"25,104,64,112,43,87,108,8,92,53",1.0959863662719727,-2.1820132732391357,-0.902665376663208,-0.9849464297294617,7.999769687652588,5.338835716247559,-0.019896049052476883,0.0,0.0,-0.019896049052476883,-0.02416980266571045,0.004273753613233566,0.5243875980377197,0.0,1.0650951862335205,0.4480430483818054,2.7323832511901855,0.0
0,91,None,False,"25,104,64,112,43,87,108,8,92,53",1.076594352722168,-2.2334516048431396,-1.3369114398956299,-0.7704437971115112,7.999810218811035,4.68412971496582,-0.02263237163424492,0.0,0.0,-0.02263237163424492,-0.025134384632110596,0.002502012997865677,0.33555054664611816,0.0,0.8119919896125793,0.42452770471572876,2.7323832511901855,0.0
0,92,None,False,"25,104,64,112,43,87,108,8,92,53",1.0357089042663574,-2.22575044631958,-1.4480664730072021,-0.7798407077789307,7.999621391296387,4.860054969787598,-0.023462438955903053,0.0,0.0,-0.023462438955903053,-0.020337939262390137,-0.0031244996935129166,-0.13010136783123016,0.0,0.8557308316230774,0.45331478118896484,2.7323832511901855,0.0
0,93,Schedule,True,"35,83,113,133,106,85,138,31,107,102",1.059217929840088,-1.8124934434890747,-1.0339843034744263,-0.7876050472259521,7.9997100830078125,6.315454006195068,-0.015038358978927135,0.056666666666666664,0.02,-0.09170502424240112,-0.029116034507751465,-0.06258898973464966,-2.5625839233398438,-12.774128913879395,0.9204554557800293,0.4343191981315613,2.7323832511901855,0.0
0,94,None,False,"35,83,113,133,106,85,138,31,107,102",1.078885555267334,-2.301913022994995,-1.4461283683776855,-0.6489624977111816,7.999743938446045,6.357403755187988,0.004843664355576038,0.0,0.0,0.004843664355576038,-0.022608458995819092,0.027452122420072556,1.6313121318817139,0.0,1.0920829772949219,0.43427640199661255,2.7323832511901855,0.0
0,95,Struct Break (DC),True,"103,5,0,73,88,126,111,100,32,33",1.085793137550354,-2.0692641735076904,-1.113454818725586,-0.7066746950149536,7.999815464019775,5.526921272277832,-0.03057393990457058,0.056666666666666664,0.02,-0.10724060237407684,-0.014813482761383057,-0.09242711961269379,-3.064788341522217,-15.24389362335205,0.9243413805961609,0.4419217109680176,2.7323832511901855,0.0
0,96,Vol Shock,True,"140,12,26,123,106,78,134,59,2,87",1.1151409149169922,-1.8151812553405762,-0.9690661430358887,-0.8312525749206543,7.999748706817627,4.128161907196045,-0.006292796228080988,0.056666666666666664,0.02,-0.08295945823192596,-0.02446889877319336,-0.058490559458732605,-1.7810035943984985,-8.887645721435547,0.8270472288131714,0.33217304944992065,2.7323832511901855,0.0
0,97,Vol Shock,True,"86,56,87,97,60,132,4,29,34,102",1.0632193088531494,-2.0152015686035156,-1.0427744388580322,-0.8223253488540649,7.999792575836182,4.636531352996826,-0.015959108248353004,0.05099999864896138,0.017999999523162842,-0.08495910465717316,-0.026588857173919678,-0.05837024748325348,-1.8236814737319946,-9.101582527160645,0.6367107629776001,0.47712481021881104,2.7323832511901855,0.0
0,98,None,False,"86,56,87,97,60,132,4,29,34,102",1.0226792097091675,-1.9329898357391357,-1.237647294998169,-0.7379447221755981,7.9997878074646,4.374847412109375,-0.021735936403274536,0.0,0.0,-0.021735936403274536,-0.025606870651245117,0.003870934247970581,0.37208056449890137,0.0,0.605852484703064,0.3773496747016907,2.7323832511901855,0.0
0,99,None,False,"86,56,87,97,60,132,4,29,34,102",1.054175615310669,-2.1314210891723633,-1.2940657138824463,-0.6279031038284302,7.999820709228516,2.87520694732666,-0.024307042360305786,0.0,0.0,-0.024307042360305786,-0.017727375030517578,-0.006579667329788208,-0.13145749270915985,0.0,0.600496768951416,0.29603463411331177,2.7323832511901855,0.0
0,100,None,False,"86,56,87,97,60,132,4,29,34,102",0.99151211977005,-2.2403006553649902,-1.535085678100586,-0.9300033450126648,7.9996418952941895,5.376308441162109,0.004392468836158514,0.0,0.0,0.004392468836158514,0.004525661468505859,-0.00013319263234734535,0.4174283444881439,0.0,0.5849126577377319,0.30136826634407043,2.7323832511901855,0.0
0,101,None,False,"86,56,87,97,60,132,4,29,34,102",1.0487456321716309,-2.295962333679199,-1.0901628732681274,-0.9243113994598389,7.9997639656066895,6.325394153594971,0.03528422862291336,0.0,0.0,0.03528422862291336,0.0164564847946167,0.01882774382829666,0.9362587928771973,0.0,0.5856707096099854,0.39162012934684753,2.7323832511901855,0.0
0,102,None,False,"86,56,87,97,60,132,4,29,34,102",1.1196916103363037,-1.9472817182540894,-1.2200405597686768,-0.6830582022666931,7.999820232391357,4.725234031677246,0.031249631196260452,0.0,0.0,0.031249631196260452,0.02228415012359619,0.00896548107266426,0.7342506647109985,0.0,0.6482976078987122,0.3503355383872986,2.7323832511901855,0.0
0,103,None,False,"86,56,87,97,60,132,4,29,34,102",1.068833827972412,-1.9882862567901611,-1.1111263036727905,-0.7155055999755859,7.999842166900635,2.9461655616760254,0.035065870732069016,0.0,0.0,0.035065870732069016,0.03137040138244629,0.0036954693496227264,0.6024433970451355,0.0,0.6567440032958984,0.37987086176872253,2.7323832511901855,0.0
0,104,None,False,"86,56,87,97,60,132,4,29,34,102",1.0882642269134521,-1.8604044914245605,-1.1384495496749878,-0.6962512731552124,7.999798774719238,4.312283515930176,0.03494664281606674,0.0,0.0,0.03494664281606674,0.02662646770477295,0.008320175111293793,0.670211136341095,0.0,0.5717379450798035,0.37428194284439087,2.7323832511901855,0.0
0,105,None,False,"86,56,87,97,60,132,4,29,34,102",1.139495849609375,-2.23110294342041,-1.1857242584228516,-0.7247645258903503,7.999744892120361,4.464849948883057,0.022343475371599197,0.0,0.0,0.022343475371599197,0.01760697364807129,0.004736501723527908,0.4666643738746643,0.0,0.6135612726211548,0.4003913700580597,2.7323832511901855,0.0
0,106,None,False,"86,56,87,97,60,132,4,29,34,102",1.128661036491394,-1.8077095746994019,-1.2490781545639038,-0.6109619140625,7.999772548675537,4.0716047286987305,-0.010274464264512062,0.0,0.0,-0.010274464264512062,0.013752222061157227,-0.02402668632566929,-0.7522479891777039,0.0,0.7984839677810669,0.3960496187210083,2.7323832511901855,0.0
0,107,None,False,"86,56,87,97,60,132,4,29,34,102",1.0615284442901611,-2.20940899848938,-1.2506046295166016,-0.8130302429199219,7.999767303466797,4.762479305267334,-0.015409177169203758,0.0,0.0,-0.015409177169203758,0.014296650886535645,-0.029705828055739403,-0.5040684342384338,0.0,0.7632473111152649,0.37526828050613403,2.7323832511901855,0.0
0,108,None,False,"86,56,87,97,60,132,4,29,34,102",1.0870786905288696,-2.127980947494507,-1.3733961582183838,-0.6093382835388184,7.9997663497924805,6.004746913909912,0.006885075476020575,0.0,0.0,0.006885075476020575,0.02634584903717041,-0.01946077309548855,-0.2746586501598358,0.0,0.6509527564048767,0.3900289833545685,2.7323832511901855,0.0
0,109,None,False,"86,56,87,97,60,132,4,29,34,102",1.1058100461959839,-2.0646588802337646,-1.2165827751159668,-0.626014232635498,7.999820709228516,4.697439670562744,0.013154983520507812,0.0,0.0,0.013154983520507812,0.018804311752319336,-0.0056493282318115234,-0.1569368839263916,0.0,0.8421540856361389,0.37881553173065186,2.7323832511901855,0.0
0,110,None,False,"86,56,87,97,60,132,4,29,34,102",1.0789802074432373,-2.025803327560425,-1.1095932722091675,-0.7615092992782593,7.99981689453125,4.0763139724731445,0.010618060827255249,0.0,0.0,0.010618060827255249,0.01586735248565674,-0.005249291658401489,0.09354670345783234,0.0,0.818591833114624,0.37985044717788696,2.7323832511901855,0.0
0,111,Schedule,True,"114,131,107,43,55,89,27,16,134,35",1.1040207147598267,-1.8815295696258545,-1.10433030128479,-0.6899341344833374,7.999723434448242,4.670430660247803,0.0035013495944440365,0.056666666666666664,0.02,-0.07316531985998154,0.016521453857421875,-0.08968677371740341,-2.2462737560272217,-11.206783294677734,0.6990946531295776,0.38354313373565674,2.7323832511901855,0.0
0,112,None,False,"114,131,107,43,55,89,27,16,134,35",1.0678282976150513,-1.9740068912506104,-1.159650206565857,-0.6337437629699707,7.999761581420898,4.642104625701904,0.011191713623702526,0.0,0.0,0.011191713623702526,0.02142965793609619,-0.010237944312393665,-0.49890220165252686,0.0,0.7839193940162659,0.3944399058818817,2.7323832511901855,0.0
0,113,None,False,"114,131,107,43,55,89,27,16,134,35",1.1138628721237183,-1.8798942565917969,-0.9838451147079468,-0.9264668822288513,7.999756813049316,5.92812967300415,0.003249740693718195,0.0,0.0,0.003249740693718195,0.011718273162841797,-0.00846853293478489,-0.5698847770690918,0.0,0.871494472026825,0.3683032691478729,2.7323832511901855,0.0
0,114,None,False,"114,131,107,43,55,89,27,16,134,35",1.13885498046875,-1.863786220550537,-1.0113598108291626,-0.8581816554069519,7.9997687339782715,3.3477213382720947,0.017523080110549927,0.0,0.0,0.017523080110549927,0.029552221298217773,-0.012029141187667847,-0.6079374551773071,0.0,0.9316271543502808,0.37371036410331726,2.7323832511901855,0.0
0,115,None,False,"114,131,107,43,55,89,27,16,134,35",1.0394282341003418,-2.209791898727417,-1.2422337532043457,-0.6022219657897949,7.999798774719238,5.570250988006592,0.0355052724480629,0.0,0.0,0.0355052724480629,0.04352104663848877,-0.008015774190425873,-0.2513684928417206,0.0,0.8239393830299377,0.34854426980018616,2.7323832511901855,0.0
0,116,None,False,"114,131,107,43,55,89,27,16,134,35",1.1272140741348267,-1.8449662923812866,-1.0780599117279053,-0.7901757955551147,7.999747276306152,5.554381370544434,0.04205668717622757,0.0,0.0,0.04205668717622757,0.038637518882751465,0.0034191682934761047,0.3745637834072113,0.0,0.8599892854690552,0.39004769921302795,2.7323832511901855,0.0
0,117,None,False,"114,131,107,43,55,89,27,16,134,35",1.1151286363601685,-1.8795510530471802,-0.8898834586143494,-0.7642443776130676,7.999819278717041,4.110166072845459,0.035959791392087936,0.0,0.0,0.035959791392087936,0.03984260559082031,-0.003882814198732376,0.343851238489151,0.0,0.7784438729286194,0.36100900173187256,2.7323832511901855,0.0
0,118,None,False,"114,131,107,43,55,89,27,16,134,35",1.1108386516571045,-2.1013712882995605,-0.8976693153381348,-0.9294531941413879,7.999772548675537,3.5067386627197266,0.03571360185742378,0.0,0.0,0.03571360185742378,0.04086744785308838,-0.0051538459956645966,0.26183071732521057,0.0,0.8684308528900146,0.35628870129585266,2.7323832511901855,0.0
0,119,None,False,"114,131,107,43,55,89,27,16,134,35",1.0739915370941162,-2.086642265319824,-1.0968796014785767,-0.8065789937973022,7.999782562255859,4.643062591552734,0.03515380620956421,0.0,0.0,0.03515380620956421,0.0345151424407959,0.0006386637687683105,0.28126272559165955,0.0,0.926242470741272,0.3201027512550354,2.7323832511901855,0.0
0,120,None,False,"114,131,107,43,55,89,27,16,134,35",1.0859746932983398,-2.1471269130706787,-1.2372715473175049,-0.6389884948730469,7.999791145324707,3.954460859298706,0.042138077318668365,0.0,0.0,0.042138077318668365,0.03333759307861328,0.008800484240055084,0.7398885488510132,0.0,0.6509743928909302,0.29437121748924255,2.7323832511901855,0.0
0,121,None,False,"114,131,107,43,55,89,27,16,134,35",0.9954065680503845,-2.145564079284668,-1.1897220611572266,-0.7919126749038696,7.999725818634033,5.619855880737305,0.021650439128279686,0.0,0.0,0.021650439128279686,0.0230405330657959,-0.0013900939375162125,0.3575911521911621,0.0,0.654439389705658,0.3980426788330078,2.7323832511901855,0.0
0,122,None,False,"114,131,107,43,55,89,27,16,134,35",1.032439112663269,-2.0091552734375,-1.3619658946990967,-0.6556230783462524,7.999800205230713,4.2195916175842285,0.020648736506700516,0.0,0.0,0.020648736506700516,0.012151479721069336,0.00849725678563118,0.7713851928710938,0.0,0.6900607347488403,0.5231600999832153,2.7323832511901855,0.0
0,123,None,False,"114,131,107,43,55,89,27,16,134,35",1.0799968242645264,-1.9589266777038574,-1.2966060638427734,-0.736290693283081,7.99976921081543,2.8102126121520996,0.013011431321501732,0.0,0.0,0.013011431321501732,0.012189269065856934,0.0008221622556447983,0.3880552351474762,0.0,0.6907579898834229,0.4111140966415405,2.7323832511901855,0.0
0,124,None,False,"114,131,107,43,55,89,27,16,134,35",1.0687483549118042,-2.2390589714050293,-1.184680700302124,-0.7725317478179932,7.999746799468994,4.577682018280029,-0.0031446933280676603,0.0,0.0,-0.0031446933280676603,0.0011641979217529297,-0.004308891482651234,0.5168247222900391,0.0,0.743982195854187,0.4049423933029175,2.7323832511901855,0.0
0,125,Schedule,True,"50,125,55,86,113,124,51,74,21,59",0.9430004358291626,-2.1938114166259766,-1.1148017644882202,-1.1395862102508545,7.999582290649414,7.55725622177124,-0.03355173394083977,0.05099999864896138,0.017999999523162842,-0.10255173593759537,-0.031174778938293457,-0.07137695699930191,-1.4190078973770142,-7.097136497497559,0.7685520648956299,0.3603946566581726,2.7323832511901855,0.0
0,126,None,False,"50,125,55,86,113,124,51,74,21,59",1.1098883152008057,-1.7763675451278687,-0.9405450820922852,-0.8896026611328125,7.999814987182617,7.962337017059326,-0.020338088274002075,0.0,0.0,-0.020338088274002075,-0.021789491176605225,0.0014514029026031494,0.32369840145111084,0.0,0.6599947214126587,0.3706129193305969,2.7323832511901855,0.0
0,127,None,False,"50,125,55,86,113,124,51,74,21,59",1.0861965417861938,-2.164064645767212,-0.9930647611618042,-0.9390790462493896,7.999792575836182,4.061081886291504,-0.018109440803527832,0.0,0.0,-0.018109440803527832,-0.02218306064605713,0.004073619842529297,0.5358526110649109,0.0,0.6596958637237549,0.3884408175945282,2.7323832511901855,0.0
0,0,Schedule | Regime Shift (Initial),True,"137,101,127,125,86,68,48,142,76,118",1.018224835395813,-2.038776159286499,-1.0455152988433838,-0.7813931703567505,7.999582290649414,4.262053966522217,0.016532665118575096,0.0,0.0,0.016532665118575096,0.002696514129638672,0.013836150988936424,1.3626725673675537,6.715978622436523,1.2386276721954346,0.3638865351676941,2.593480348587036,0.0
0,1,None,False,"137,101,127,125,86,68,48,142,76,118",1.011926293373108,-2.204162836074829,-1.0831165313720703,-0.8717461824417114,7.999670028686523,4.806972026824951,0.015131151303648949,0.0,0.0,0.015131151303648949,0.0011333227157592773,0.013997828587889671,1.5594124794006348,0.0,1.1025168895721436,0.35875922441482544,2.593480348587036,0.0
0,2,None,False,"137,101,127,125,86,68,48,142,76,118",1.1141270399093628,-2.2196767330169678,-1.1201379299163818,-0.6501344442367554,7.999269485473633,6.089839458465576,0.00018408894538879395,0.0,0.0,0.00018408894538879395,-0.010152339935302734,0.010336428880691528,0.7949491739273071,0.0,1.0310115814208984,0.3597610592842102,2.593480348587036,0.0
0,3,None,False,"137,101,127,125,86,68,48,142,76,118",1.099617838859558,-1.9088950157165527,-1.0336010456085205,-0.7765225172042847,7.999505043029785,5.6194586753845215,-0.004995596595108509,0.0,0.0,-0.004995596595108509,-0.020277202129364014,0.015281605534255505,0.8583148717880249,0.0,0.9614622592926025,0.25694647431373596,2.593480348587036,0.0
0,4,None,False,"137,101,127,125,86,68,48,142,76,118",1.0245119333267212,-2.058501720428467,-1.0514520406723022,-0.8806747198104858,7.999587535858154,4.775118827819824,-0.00465088477358222,0.0,0.0,-0.00465088477358222,-0.01594620943069458,0.011295324191451073,0.6822597980499268,0.0,1.0818827152252197,0.3364614248275757,2.593480348587036,0.0
0,5,None,False,"137,101,127,125,86,68,48,142,76,118",1.0684003829956055,-2.146665096282959,-1.2954275608062744,-0.9406899213790894,7.999397277832031,4.895545959472656,-0.0014627277851104736,0.0,0.0,-0.0014627277851104736,-0.013296365737915039,0.011833637952804565,0.5405372381210327,0.0,0.8909556269645691,0.32421115040779114,2.593480348587036,0.0
0,6,None,False,"137,101,127,125,86,68,48,142,76,118",1.0732780694961548,-2.247941732406616,-0.9727340936660767,-0.7476208209991455,7.999382972717285,5.801174640655518,-0.008197903633117676,0.0,0.0,-0.008197903633117676,-0.01162731647491455,0.003429412841796875,0.25034818053245544,0.0,0.8833232522010803,0.30043745040893555,2.593480348587036,0.0
0,7,None,False,"137,101,127,125,86,68,48,142,76,118",1.0519134998321533,-2.0001885890960693,-1.0828197002410889,-0.8438904285430908,7.999466419219971,5.751265048980713,-0.010237932205200195,0.0,0.0,-0.010237932205200195,-0.0048719048500061035,-0.005366027355194092,-0.13749898970127106,0.0,0.821887731552124,0.2825106978416443,2.593480348587036,0.0
0,8,Struct Break (DC),True,"43,16,98,103,129,114,64,63,130,39",1.0992186069488525,-2.1200382709503174,-1.0662026405334473,-0.7401764392852783,7.999451637268066,4.799057483673096,-0.02130793407559395,0.056666666666666664,0.02,-0.09797459840774536,-0.01139986515045166,-0.0865747332572937,-2.6705322265625,-13.304675102233887,0.9015661478042603,0.42791748046875,2.593480348587036,0.0
0,9,None,False,"43,16,98,103,129,114,64,63,130,39",1.0324043035507202,-2.1550583839416504,-1.1366015672683716,-0.8366400599479675,7.999454021453857,5.110813617706299,-0.03305292874574661,0.0,0.0,-0.03305292874574661,-0.015968799591064453,-0.01708412915468216,-0.3629678189754486,0.0,0.9764424562454224,0.4016222059726715,2.593480348587036,0.0
0,10,None,False,"43,16,98,103,129,114,64,63,130,39",0.9999974966049194,-1.9572010040283203,-1.133413314819336,-0.9476291537284851,7.999621868133545,4.806746006011963,-0.03477887436747551,0.0,0.0,-0.03477887436747551,-0.012903332710266113,-0.021875541657209396,-0.6683600544929504,0.0,0.6622724533081055,0.3557371199131012,2.593480348587036,0.0
0,11,None,False,"43,16,98,103,129,114,64,63,130,39",1.0778175592422485,-2.0779871940612793,-1.1501929759979248,-0.8840130567550659,7.999459266662598,4.315737247467041,-0.03451269865036011,0.0,0.0,-0.03451269865036011,-0.012334883213043213,-0.022177815437316895,-0.8813585638999939,0.0,0.747330904006958,0.3796772360801697,2.593480348587036,0.0
0,12,None,False,"43,16,98,103,129,114,64,63,130,39",1.1106977462768555,-1.9909981489181519,-1.0399610996246338,-0.5924926996231079,7.999483108520508,4.703697204589844,-0.057455677539110184,0.0,0.0,-0.057455677539110184,-0.021807849407196045,-0.03564782813191414,-1.9588427543640137,0.0,0.809275209903717,0.39758628606796265,2.593480348587036,0.0
0,13,None,False,"43,16,98,103,129,114,64,63,130,39",1.0250591039657593,-1.9819755554199219,-1.161098599433899,-0.78809654712677,7.999417304992676,4.326663017272949,-0.05125588923692703,0.0,0.0,-0.05125588923692703,-0.022218942642211914,-0.02903694659471512,-1.7170265913009644,0.0,0.9755384922027588,0.4179909825325012,2.593480348587036,0.0
0,14,None,False,"43,16,98,103,129,114,64,63,130,39",0.9483604431152344,-2.222134828567505,-1.382425308227539,-0.8371127247810364,7.999242305755615,5.944855213165283,-0.01964361034333706,0.0,0.0,-0.01964361034333706,-0.00790029764175415,-0.011743312701582909,0.6015915870666504,0.0,1.0752698183059692,0.4059287905693054,2.593480348587036,0.0
0,15,None,False,"43,16,98,103,129,114,64,63,130,39",1.1017065048217773,-1.9689769744873047,-1.0431177616119385,-0.9112939238548279,7.99954080581665,5.781899929046631,-0.02705984190106392,0.0,0.0,-0.02705984190106392,-0.010489284992218018,-0.0165705569088459,-0.8626390099525452,0.0,1.0138660669326782,0.3941347599029541,2.593480348587036,0.0
0,16,None,False,"43,16,98,103,129,114,64,63,130,39",1.0575810670852661,-1.7384376525878906,-1.0442816019058228,-0.940544843673706,7.9994916915893555,4.410209655761719,-0.009499942883849144,0.0,0.0,-0.009499942883849144,-0.0015211701393127441,-0.0079787727445364,-0.3652521073818207,0.0,1.1673195362091064,0.41090717911720276,2.593480348587036,0.0
0,17,None,False,"43,16,98,103,129,114,64,63,130,39",1.0229668617248535,-1.9905551671981812,-0.7513077259063721,-1.0346808433532715,7.999566078186035,5.63238525390625,0.04485061764717102,0.0,0.0,0.04485061764717102,0.01766979694366455,0.02718082070350647,1.3809341192245483,0.0,0.9949707984924316,0.4144611656665802,2.593480348587036,0.0
0,18,None,False,"43,16,98,103,129,114,64,63,130,39",1.1071572303771973,-1.9106688499450684,-1.0157501697540283,-0.9956545233726501,7.99966287612915,4.88899564743042,0.05243905633687973,0.0,0.0,0.05243905633687973,0.025389671325683594,0.027049385011196136,1.1347490549087524,0.0,1.0623925924301147,0.39278700947761536,2.593480348587036,0.0
0,19,None,False,"43,16,98,103,129,114,64,63,130,39",1.0785714387893677,-2.0081613063812256,-0.8157702684402466,-0.918519139289856,7.999576568603516,4.065267562866211,0.02558518573641777,0.0,0.0,0.02558518573641777,0.012202262878417969,0.013382922857999802,0.6750785708427429,0.0,1.1017026901245117,0.39136677980422974,2.593480348587036,0.0
0,20,None,False,"43,16,98,103,129,114,64,63,130,39",1.0643380880355835,-1.768308401107788,-1.1733787059783936,-0.7718788385391235,7.99949836730957,4.129089832305908,0.01063681859523058,0.0,0.0,0.01063681859523058,0.004654645919799805,0.005982172675430775,0.4534478187561035,0.0,1.0988647937774658,0.33579587936401367,2.593480348587036,0.0
0,21,None,False,"43,16,98,103,129,114,64,63,130,39",1.116257667541504,-2.02582049369812,-0.9747703075408936,-0.8327540755271912,7.999297142028809,5.483667850494385,0.00536192674189806,0.0,0.0,0.00536192674189806,-0.0013818740844726562,0.006743800826370716,0.324090838432312,0.0,0.9575626254081726,0.4200790226459503,2.593480348587036,0.0
0,22,Schedule,True,"68,60,115,46,117,18,100,81,137,112",1.119142770767212,-1.9502016305923462,-1.097528338432312,-0.7679582238197327,7.999582290649414,5.0652570724487305,-0.0018039882415905595,0.056666666666666664,0.02,-0.07847065478563309,-0.008931636810302734,-0.06953901797533035,-2.244398355484009,-11.20162582397461,0.979526162147522,0.4176058769226074,2.593480348587036,0.0
0,23,None,False,"68,60,115,46,117,18,100,81,137,112",1.058086633682251,-1.945913314819336,-1.0127443075180054,-0.8111082315444946,7.999637603759766,3.644386053085327,0.008336258120834827,0.0,0.0,0.008336258120834827,-0.004313468933105469,0.012649727053940296,0.7136649489402771,0.0,0.9180435538291931,0.35339298844337463,2.593480348587036,0.0
0,24,None,False,"68,60,115,46,117,18,100,81,137,112",1.024978518486023,-2.0671112537384033,-1.2658295631408691,-0.8342704772949219,7.9994988441467285,4.201644420623779,-0.004627794027328491,0.0,0.0,-0.004627794027328491,-0.005433440208435059,0.0008056461811065674,0.19157981872558594,0.0,1.0010133981704712,0.25564295053482056,2.593480348587036,0.0
0,25,None,False,"68,60,115,46,117,18,100,81,137,112",1.043931007385254,-2.4280507564544678,-1.418950080871582,-0.599075436592102,7.9992828369140625,5.610714912414551,-0.0041138590313494205,0.0,0.0,-0.0041138590313494205,0.0027464628219604492,-0.00686032185330987,0.05400332063436508,0.0,1.1767783164978027,0.3412957191467285,2.593480348587036,0.0
0,26,None,False,"68,60,115,46,117,18,100,81,137,112",1.084571123123169,-1.9156664609909058,-1.1278194189071655,-0.7701985239982605,7.999557018280029,5.5129923820495605,0.005393463186919689,0.0,0.0,0.005393463186919689,0.007449626922607422,-0.0020561637356877327,-0.07650818675756454,0.0,1.0195670127868652,0.3339681029319763,2.593480348587036,0.0
0,27,None,False,"68,60,115,46,117,18,100,81,137,112",1.026574969291687,-2.1281678676605225,-0.9894362688064575,-0.8600450158119202,7.999602317810059,4.610896110534668,0.10941173881292343,0.0,0.0,0.10941173881292343,0.031407952308654785,0.07800378650426865,3.1325690746307373,0.0,1.0084385871887207,0.33186018466949463,2.593480348587036,0.0
0,28,None,False,"68,60,115,46,117,18,100,81,137,112",1.0552592277526855,-1.9027689695358276,-1.4003406763076782,-0.6474661827087402,7.999324321746826,5.567735195159912,0.10921549797058105,0.0,0.0,0.10921549797058105,0.03394210338592529,0.07527339458465576,2.3554933071136475,0.0,0.9941774606704712,0.36259710788726807,2.593480348587036,0.0
0,29,None,False,"68,60,115,46,117,18,100,81,137,112",1.0684043169021606,-1.8153021335601807,-1.1175734996795654,-0.9379337430000305,7.999520301818848,5.182496547698975,0.12202372401952744,0.0,0.0,0.12202372401952744,0.03475141525268555,0.08727230876684189,4.068219184875488,0.0,0.8729484677314758,0.3348296284675598,2.593480348587036,0.0
0,30,None,False,"68,60,115,46,117,18,100,81,137,112",1.0742521286010742,-2.0376570224761963,-1.0488901138305664,-0.9720492362976074,7.999605178833008,2.8364994525909424,0.1282489001750946,0.0,0.0,0.1282489001750946,0.030156850814819336,0.09809204936027527,3.358550548553467,0.0,0.7957181334495544,0.3751522898674011,2.593480348587036,0.0
0,31,None,False,"68,60,115,46,117,18,100,81,137,112",1.0392941236495972,-2.0671427249908447,-1.2054600715637207,-0.7762978076934814,7.999467372894287,3.330095052719116,0.13573475182056427,0.0,0.0,0.13573475182056427,0.02871537208557129,0.10701937973499298,3.0854148864746094,0.0,0.876884400844574,0.4066050052642822,2.593480348587036,0.0
0,32,None,False,"68,60,115,46,117,18,100,81,137,112",1.0762118101119995,-1.946455955505371,-1.1951160430908203,-0.7557798624038696,7.999312400817871,3.2733776569366455,0.016544699668884277,0.0,0.0,0.016544699668884277,0.005548715591430664,0.010995984077453613,0.5823736786842346,0.0,0.8974380493164062,0.4741985499858856,2.593480348587036,0.0
0,33,None,False,"68,60,115,46,117,18,100,81,137,112",1.0679997205734253,-2.0682735443115234,-1.167458415031433,-0.6126441359519958,7.999480724334717,4.427171230316162,0.016726762056350708,0.0,0.0,0.016726762056350708,0.010553240776062012,0.006173521280288696,0.3089473247528076,0.0,0.9195398092269897,0.4746398329734802,2.593480348587036,0.0
0,34,None,False,"68,60,115,46,117,18,100,81,137,112",1.0221333503723145,-1.9561645984649658,-1.163780927658081,-0.7968204021453857,7.999493598937988,4.600550174713135,0.026010315865278244,0.0,0.0,0.026010315865278244,0.009955525398254395,0.01605479046702385,0.7461951375007629,0.0,1.0088927745819092,0.40966832637786865,2.593480348587036,0.0
0,35,None,False,"68,60,115,46,117,18,100,81,137,112",0.9505846500396729,-2.115685224533081,-1.212066650390625,-0.7608582973480225,7.999571323394775,3.421586275100708,0.019981568679213524,0.0,0.0,0.019981568679213524,0.010578632354736328,0.009402936324477196,0.4889214038848877,0.0,0.9358248710632324,0.46531301736831665,2.593480348587036,0.0
0,36,Schedule,True,"93,133,64,50,57,89,47,35,28,41",1.111447811126709,-1.7931301593780518,-0.8216913938522339,-0.7398625612258911,7.999422073364258,5.51109504699707,-0.002233272884041071,0.056666666666666664,0.02,-0.07889994233846664,-0.0022149085998535156,-0.07668503373861313,-2.490924119949341,-12.395594596862793,0.8906108140945435,0.4929901659488678,2.593480348587036,0.0
0,37,None,False,"93,133,64,50,57,89,47,35,28,41",1.002016305923462,-1.9360123872756958,-1.146704077720642,-0.7682521343231201,7.999650478363037,4.696069240570068,-0.0021469772327691317,0.0,0.0,-0.0021469772327691317,-0.0009557604789733887,-0.001191216753795743,0.29856330156326294,0.0,0.9262245893478394,0.4262240529060364,2.593480348587036,0.0
0,38,None,False,"93,133,64,50,57,89,47,35,28,41",1.0641450881958008,-1.7949588298797607,-0.9249817132949829,-0.7881269454956055,7.9994940757751465,3.4838850498199463,-0.009831368923187256,0.0,0.0,-0.009831368923187256,-0.014088034629821777,0.0042566657066345215,0.47169357538223267,0.0,0.7857884168624878,0.3974491059780121,2.593480348587036,0.0
0,39,None,False,"93,133,64,50,57,89,47,35,28,41",1.0969194173812866,-1.9854729175567627,-1.2056159973144531,-0.7679639458656311,7.999541282653809,3.5801682472229004,-0.018556511029601097,0.0,0.0,-0.018556511029601097,-0.017726778984069824,-0.0008297320455312729,0.3084450960159302,0.0,0.761655867099762,0.42311885952949524,2.593480348587036,0.0
0,40,None,False,"93,133,64,50,57,89,47,35,28,41",1.0879026651382446,-1.9920802116394043,-1.0402544736862183,-0.8481044769287109,7.999552249908447,2.8840725421905518,-0.014803528785705566,0.0,0.0,-0.014803528785705566,-0.011887013912200928,-0.0029165148735046387,0.23718760907649994,0.0,0.8250316977500916,0.47924521565437317,2.593480348587036,0.0
0,41,None,False,"93,133,64,50,57,89,47,35,28,41",1.060583472251892,-2.192452907562256,-1.2134950160980225,-1.0067002773284912,7.999537944793701,4.768728256225586,-0.011196816340088844,0.0,0.0,-0.011196816340088844,-0.003258049488067627,-0.007938766852021217,-0.11978017538785934,0.0,0.9259765148162842,0.5093638896942139,2.593480348587036,0.0
0,42,None,False,"93,133,64,50,57,89,47,35,28,41",1.042901635169983,-2.1827471256256104,-1.486504077911377,-0.8292710185050964,7.999289035797119,4.555274963378906,-0.0029606937896460295,0.0,0.0,-0.0029606937896460295,0.0035430192947387695,-0.006503713317215443,0.06356826424598694,0.0,0.9298041462898254,0.4029305577278137,2.593480348587036,0.0
0,43,None,False,"93,133,64,50,57,89,47,35,28,41",1.125442385673523,-2.158341407775879,-1.0797276496887207,-0.8653490543365479,7.999319553375244,5.298757553100586,0.01549307070672512,0.0,0.0,0.01549307070672512,0.020305156707763672,-0.004812086001038551,-0.2396051287651062,0.0,0.9621912240982056,0.43621668219566345,2.593480348587036,0.0
0,44,None,False,"93,133,64,50,57,89,47,35,28,41",1.1812069416046143,-1.9947255849838257,-0.9888368844985962,-0.6666847467422485,7.999269008636475,5.610569477081299,0.026536673307418823,0.0,0.0,0.026536673307418823,0.03184378147125244,-0.005307108163833618,-0.24551482498645782,0.0,0.8886312246322632,0.4879162311553955,2.593480348587036,0.0
0,45,None,False,"93,133,64,50,57,89,47,35,28,41",1.1211633682250977,-2.0936288833618164,-1.1381795406341553,-0.6183733344078064,7.999443054199219,5.096958637237549,0.007040911819785833,0.0,0.0,0.007040911819785833,0.027257204055786133,-0.020216291770339012,-0.02003137581050396,0.0,0.822979211807251,0.44617950916290283,2.593480348587036,0.0
0,46,None,False,"93,133,64,50,57,89,47,35,28,41",1.0670348405838013,-2.2056074142456055,-1.183264970779419,-0.8784151673316956,7.99946403503418,4.287768363952637,0.013405447825789452,0.0,0.0,0.013405447825789452,0.02784121036529541,-0.014435762539505959,-0.18651162087917328,0.0,0.7461106181144714,0.34120088815689087,2.593480348587036,0.0
0,47,None,False,"93,133,64,50,57,89,47,35,28,41",1.047242283821106,-1.7905420064926147,-0.8036123514175415,-1.0758841037750244,7.999667167663574,4.967042446136475,0.015687668696045876,0.0,0.0,0.015687668696045876,0.02398681640625,-0.008299147710204124,0.006579288747161627,0.0,0.8886012434959412,0.3354414701461792,2.593480348587036,0.0
0,48,None,False,"93,133,64,50,57,89,47,35,28,41",1.0036319494247437,-1.755899429321289,-1.2032396793365479,-0.7034087181091309,7.999370098114014,5.238762378692627,0.0002573728561401367,0.0,0.0,0.0002573728561401367,0.018419742584228516,-0.01816236972808838,-0.2440924495458603,0.0,0.7254154086112976,0.3304368853569031,2.593480348587036,0.0
0,49,None,False,"93,133,64,50,57,89,47,35,28,41",1.0320382118225098,-2.269556999206543,-0.9829422235488892,-1.0379277467727661,7.999526500701904,7.013548851013184,-0.0007840752368792892,0.0,0.0,-0.0007840752368792892,0.016434311866760254,-0.017218386754393578,-0.17949354648590088,0.0,0.7066219449043274,0.35233592987060547,2.593480348587036,0.0
0,50,Schedule,True,"55,119,114,74,138,23,131,50,53,44",0.9750633239746094,-2.0533297061920166,-1.454839825630188,-0.8184090852737427,7.999308109283447,6.8651323318481445,0.021826034411787987,0.05099999864896138,0.017999999523162842,-0.047173961997032166,0.021541595458984375,-0.06871555745601654,-1.9178388118743896,-9.563854217529297,0.7250087261199951,0.27397841215133667,2.593480348587036,0.0
0,51,None,False,"55,119,114,74,138,23,131,50,53,44",1.1058629751205444,-2.200665235519409,-0.863274872303009,-0.7554905414581299,7.999387741088867,7.448078155517578,0.021178048104047775,0.0,0.0,0.021178048104047775,0.033011794090270996,-0.01183374598622322,-0.01445781346410513,0.0,0.7378023266792297,0.34915000200271606,2.593480348587036,0.0
0,52,None,False,"55,119,114,74,138,23,131,50,53,44",1.0649938583374023,-1.7901194095611572,-1.0265464782714844,-0.7593342065811157,7.999533176422119,4.852961540222168,0.01870139315724373,0.0,0.0,0.01870139315724373,0.02772533893585205,-0.009023945778608322,0.006047907285392284,0.0,0.767174243927002,0.36446452140808105,2.593480348587036,0.0
0,53,None,False,"55,119,114,74,138,23,131,50,53,44",0.975623369216919,-2.1865131855010986,-1.3502280712127686,-0.9281913638114929,7.9992780685424805,5.213381767272949,0.02531035616993904,0.0,0.0,0.02531035616993904,0.03064417839050293,-0.0053338222205638885,0.14174148440361023,0.0,0.7281135320663452,0.26070207357406616,2.593480348587036,0.0
0,54,None,False,"55,119,114,74,138,23,131,50,53,44",1.1047710180282593,-1.969184160232544,-1.0598434209823608,-0.8553637266159058,7.999505519866943,4.713009834289551,0.028542036190629005,0.0,0.0,0.028542036190629005,0.019495368003845215,0.00904666818678379,0.78183513879776,0.0,0.6360084414482117,0.33486440777778625,2.593480348587036,0.0
0,55,None,False,"55,119,114,74,138,23,131,50,53,44",1.0918041467666626,-1.8846590518951416,-1.065442681312561,-0.7673932313919067,7.999403476715088,4.2908124923706055,0.028530681505799294,0.0,0.0,0.028530681505799294,0.020432472229003906,0.008098209276795387,0.4264287054538727,0.0,0.5078538060188293,0.35799652338027954,2.593480348587036,0.0
0,56,None,False,"55,119,114,74,138,23,131,50,53,44",1.0638608932495117,-2.2119829654693604,-0.9805001616477966,-0.9308589100837708,7.999563694000244,3.7821903228759766,0.02787368930876255,0.0,0.0,0.02787368930876255,0.02043449878692627,0.007439190521836281,0.48246580362319946,0.0,0.5230509042739868,0.27309709787368774,2.593480348587036,0.0
0,57,None,False,"55,119,114,74,138,23,131,50,53,44",1.0906453132629395,-1.9017082452774048,-1.115347981452942,-0.8247873187065125,7.999532699584961,3.930203676223755,0.041928481310606,0.0,0.0,0.041928481310606,0.030266284942626953,0.01166219636797905,0.7365213632583618,0.0,0.54630446434021,0.26461338996887207,2.593480348587036,0.0
0,58,None,False,"55,119,114,74,138,23,131,50,53,44",1.062948226928711,-1.9871041774749756,-1.1286396980285645,-0.5382038354873657,7.999307632446289,4.393907070159912,0.03611517697572708,0.0,0.0,0.03611517697572708,0.02102077007293701,0.01509440690279007,0.7304589748382568,0.0,0.3896677792072296,0.28650403022766113,2.593480348587036,0.0
0,59,None,False,"55,119,114,74,138,23,131,50,53,44",1.0117390155792236,-1.907035231590271,-1.4116301536560059,-0.741507887840271,7.999237537384033,5.065888404846191,0.03451625257730484,0.0,0.0,0.03451625257730484,0.023798108100891113,0.010718144476413727,0.6408582329750061,0.0,0.5720484256744385,0.3322067856788635,2.593480348587036,0.0
0,60,None,False,"55,119,114,74,138,23,131,50,53,44",1.0922882556915283,-1.7010293006896973,-0.9139180183410645,-1.044260025024414,7.9994306564331055,5.232461452484131,0.019114499911665916,0.0,0.0,0.019114499911665916,0.010439157485961914,0.008675342425704002,0.29394546151161194,0.0,0.5958034992218018,0.3463737964630127,2.593480348587036,0.0
0,61,None,False,"55,119,114,74,138,23,131,50,53,44",0.9936283826828003,-2.347513437271118,-1.3794199228286743,-0.6823505759239197,7.999239444732666,5.984530448913574,0.024095792323350906,0.0,0.0,0.024095792323350906,0.004201531410217285,0.01989426091313362,0.7869246006011963,0.0,0.6853670477867126,0.3626454174518585,2.593480348587036,0.0
0,62,None,False,"55,119,114,74,138,23,131,50,53,44",1.059997797012329,-2.2673428058624268,-0.839515745639801,-0.8548011183738708,7.999469757080078,5.385560035705566,0.0059111774899065495,0.0,0.0,0.0059111774899065495,-0.01209867000579834,0.018009847030043602,0.7449800372123718,0.0,0.8644723892211914,0.3347930908203125,2.593480348587036,0.0
0,63,None,False,"55,119,114,74,138,23,131,50,53,44",1.1312432289123535,-1.9497524499893188,-1.0782549381256104,-0.9862681031227112,7.999456405639648,5.788266658782959,-0.0007425606017932296,0.0,0.0,-0.0007425606017932296,-0.011439383029937744,0.01069682277739048,0.4657784104347229,0.0,0.7604038715362549,0.32944491505622864,2.593480348587036,0.0
0,64,Schedule,True,"35,115,77,23,64,113,5,126,8,106",1.0280836820602417,-2.1317684650421143,-1.242851972579956,-0.6728385090827942,7.999448776245117,5.0373215675354,-0.014321262016892433,0.05099999864896138,0.017999999523162842,-0.08332125842571259,-0.008724629878997803,-0.07459662854671478,-2.051140069961548,-10.232714653015137,0.6247735619544983,0.32321697473526,2.593480348587036,0.0
0,65,None,False,"35,115,77,23,64,113,5,126,8,106",1.045770525932312,-1.8797757625579834,-0.9980112314224243,-0.9159390926361084,7.999464511871338,3.9124553203582764,-0.010205984115600586,0.0,0.0,-0.010205984115600586,-0.00025773048400878906,-0.009948253631591797,0.02373591996729374,0.0,0.6415303945541382,0.3709612190723419,2.593480348587036,0.0
0,66,None,False,"35,115,77,23,64,113,5,126,8,106",1.1124500036239624,-1.7926065921783447,-0.9484567642211914,-1.1522513628005981,7.9994730949401855,3.670222759246826,-0.0013608813751488924,0.0,0.0,-0.0013608813751488924,0.0006014108657836914,-0.001962292240932584,0.23205365240573883,0.0,0.5595057010650635,0.3224676251411438,2.593480348587036,0.0
0,67,None,False,"35,115,77,23,64,113,5,126,8,106",1.0941944122314453,-2.1984992027282715,-1.0732213258743286,-0.8400541543960571,7.999426364898682,5.054718017578125,0.01869046688079834,0.0,0.0,0.01869046688079834,0.014977693557739258,0.003712773323059082,0.4347999095916748,0.0,0.4986079931259155,0.33782875537872314,2.593480348587036,0.0
0,68,None,False,"35,115,77,23,64,113,5,126,8,106",1.0165215730667114,-1.8429898023605347,-1.2500877380371094,-0.7673860788345337,7.9993510246276855,5.173573970794678,0.02271917462348938,0.0,0.0,0.02271917462348938,0.02140629291534424,0.0013128817081451416,0.2552873194217682,0.0,0.5700142979621887,0.34809914231300354,2.593480348587036,0.0
0,69,None,False,"35,115,77,23,64,113,5,126,8,106",1.0148154497146606,-2.0705838203430176,-1.0263328552246094,-0.7630308270454407,7.999529838562012,5.246252536773682,0.016126442700624466,0.0,0.0,0.016126442700624466,0.020980000495910645,-0.004853557795286179,-0.2474038153886795,0.0,0.5235579013824463,0.3268679976463318,2.593480348587036,0.0
0,70,None,False,"35,115,77,23,64,113,5,126,8,106",1.0483585596084595,-2.070582151412964,-0.9558042287826538,-0.8568853735923767,7.999471664428711,4.563487529754639,0.0245260838419199,0.0,0.0,0.0245260838419199,0.01896536350250244,0.005560720339417458,0.18857400119304657,0.0,0.7209065556526184,0.32505136728286743,2.593480348587036,0.0
0,71,None,False,"35,115,77,23,64,113,5,126,8,106",1.0782681703567505,-2.13326096534729,-1.1341490745544434,-0.8193649053573608,7.999536514282227,3.7000246047973633,0.020068293437361717,0.0,0.0,0.020068293437361717,0.010058999061584473,0.010009294375777245,0.38539206981658936,0.0,0.7626599073410034,0.3331257104873657,2.593480348587036,0.0
0,72,None,False,"35,115,77,23,64,113,5,126,8,106",1.0719943046569824,-1.9302784204483032,-0.9824600219726562,-0.9093157649040222,7.999667167663574,3.2789740562438965,0.018093138933181763,0.0,0.0,0.018093138933181763,0.007376670837402344,0.010716468095779419,0.5221882462501526,0.0,0.6741703152656555,0.3448425531387329,2.593480348587036,0.0
0,73,None,False,"35,115,77,23,64,113,5,126,8,106",1.0040016174316406,-2.307844877243042,-1.0252445936203003,-0.9939226508140564,7.999534606933594,4.074603080749512,0.01837105117738247,0.0,0.0,0.01837105117738247,0.002553701400756836,0.015817349776625633,0.7798200249671936,0.0,0.541527509689331,0.28015780448913574,2.593480348587036,0.0
0,74,None,False,"35,115,77,23,64,113,5,126,8,106",1.085973858833313,-1.9867007732391357,-1.244741678237915,-0.7037573456764221,7.999349117279053,4.805457592010498,0.03346056491136551,0.0,0.0,0.03346056491136551,0.012272834777832031,0.021187730133533478,1.174134373664856,0.0,0.6051710247993469,0.274295449256897,2.593480348587036,0.0
0,75,None,False,"35,115,77,23,64,113,5,126,8,106",1.0545710325241089,-2.2086939811706543,-1.0737667083740234,-0.8564029932022095,7.999464511871338,4.101871490478516,0.03567435219883919,0.0,0.0,0.03567435219883919,0.017008423805236816,0.01866592839360237,1.021174430847168,0.0,0.7258775234222412,0.26248273253440857,2.593480348587036,0.0
0,76,None,False,"35,115,77,23,64,113,5,126,8,106",1.0660673379898071,-1.8979922533035278,-1.2152345180511475,-0.7895071506500244,7.999472141265869,4.070921421051025,0.04046745225787163,0.0,0.0,0.04046745225787163,0.027800917625427246,0.012666534632444382,0.9701927900314331,0.0,0.6686038970947266,0.28996434807777405,2.593480348587036,0.0
0,77,None,False,"35,115,77,23,64,113,5,126,8,106",1.074732780456543,-1.94057297706604,-1.1095267534255981,-0.8185993432998657,7.999584674835205,3.416388750076294,0.023570334538817406,0.0,0.0,0.023570334538817406,0.023672103881835938,-0.0001017693430185318,0.23108704388141632,0.0,0.6314772367477417,0.2555859386920929,2.593480348587036,0.0
0,78,Schedule,True,"66,43,20,81,54,94,21,46,59,18",1.0621531009674072,-1.9154000282287598,-0.9568520784378052,-0.8684712648391724,7.999582290649414,3.9439587593078613,0.014522617682814598,0.056666666666666664,0.02,-0.06214405223727226,0.015566110610961914,-0.07771016657352448,-2.4307360649108887,-12.106987953186035,0.7459710836410522,0.2954111695289612,2.593480348587036,0.0
0,79,None,False,"66,43,20,81,54,94,21,46,59,18",1.116101861000061,-2.204084873199463,-1.052607536315918,-0.6811667680740356,7.999354839324951,4.288435459136963,0.0070899007841944695,0.0,0.0,0.0070899007841944695,0.00912320613861084,-0.0020333053544163704,0.06507985293865204,0.0,0.6923344731330872,0.34268662333488464,2.593480348587036,0.0
0,80,None,False,"66,43,20,81,54,94,21,46,59,18",1.1162307262420654,-1.9332329034805298,-1.1156246662139893,-0.7446612119674683,7.999355316162109,5.593125820159912,0.015339684672653675,0.0,0.0,0.015339684672653675,0.009502172470092773,0.005837512202560902,0.3817778527736664,0.0,0.6340089440345764,0.34645774960517883,2.593480348587036,0.0
0,81,None,False,"66,43,20,81,54,94,21,46,59,18",1.08428156375885,-2.05971360206604,-0.891739547252655,-0.7740312814712524,7.999338150024414,5.630216598510742,0.02117910422384739,0.0,0.0,0.02117910422384739,0.005473136901855469,0.01570596732199192,0.941122829914093,0.0,0.643227219581604,0.2627737522125244,2.593480348587036,0.0
0,82,None,False,"66,43,20,81,54,94,21,46,59,18",1.0664998292922974,-1.930634617805481,-1.012879490852356,-0.8138502836227417,7.999557971954346,6.067562103271484,0.016765177249908447,0.0,0.0,0.016765177249908447,0.004057049751281738,0.012708127498626709,0.7904635071754456,0.0,0.6605095267295837,0.28086280822753906,2.593480348587036,0.0
0,83,None,False,"66,43,20,81,54,94,21,46,59,18",0.9526440501213074,-1.8880842924118042,-1.3125247955322266,-0.6283465623855591,7.999445915222168,3.4411978721618652,0.010800844058394432,0.0,0.0,0.010800844058394432,0.011199235916137695,-0.00039839185774326324,0.3064122796058655,0.0,0.8755828142166138,0.34290096163749695,2.593480348587036,0.0
0,84,None,False,"66,43,20,81,54,94,21,46,59,18",1.0411455631256104,-2.098550319671631,-1.4313929080963135,-0.8196209073066711,7.999233245849609,4.295690536499023,0.009473430924117565,0.0,0.0,0.009473430924117565,0.011242985725402832,-0.0017695548012852669,0.2826235890388489,0.0,0.9952044486999512,0.3467983305454254,2.593480348587036,0.0
0,85,None,False,"66,43,20,81,54,94,21,46,59,18",1.1125514507293701,-2.212581157684326,-0.9998093843460083,-0.8392231464385986,7.999518394470215,5.0746307373046875,0.0013350307708606124,0.0,0.0,0.0013350307708606124,0.0028564929962158203,-0.001521462225355208,0.37894362211227417,0.0,0.8413890600204468,0.36278653144836426,2.593480348587036,0.0
0,86,None,False,"66,43,20,81,54,94,21,46,59,18",1.04852294921875,-1.9372577667236328,-0.9606586694717407,-0.7553225159645081,7.999497413635254,3.3300957679748535,0.0006821214919909835,0.0,0.0,0.0006821214919909835,0.0018062591552734375,-0.001124137663282454,0.24726302921772003,0.0,0.9042435884475708,0.33859074115753174,2.593480348587036,0.0
0,87,None,False,"66,43,20,81,54,94,21,46,59,18",1.0189564228057861,-2.2566258907318115,-1.2522183656692505,-0.7843412756919861,7.999398708343506,4.903380870819092,0.01638009026646614,0.0,0.0,0.01638009026646614,0.005572676658630371,0.01080741360783577,0.8126731514930725,0.0,0.8620762825012207,0.32407745718955994,2.593480348587036,0.0
0,88,None,False,"66,43,20,81,54,94,21,46,59,18",1.015914797782898,-1.8902661800384521,-1.0696656703948975,-0.9290979504585266,7.999404430389404,5.9154205322265625,0.011166912503540516,0.0,0.0,0.011166912503540516,0.004398941993713379,0.006767970509827137,0.6742771863937378,0.0,1.091286540031433,0.3381901681423187,2.593480348587036,0.0
0,89,None,False,"66,43,20,81,54,94,21,46,59,18",1.0177477598190308,-2.088106632232666,-1.1415985822677612,-0.8494784235954285,7.999614238739014,4.896756649017334,0.00739062437787652,0.0,0.0,0.00739062437787652,-0.0015183687210083008,0.008908992633223534,0.7048813700675964,0.0,1.0129191875457764,0.33916226029396057,2.593480348587036,0.0
0,90,None,False,"66,43,20,81,54,94,21,46,59,18",1.0805716514587402,-1.9526344537734985,-1.0915828943252563,-0.997196614742279,7.999470233917236,3.8374814987182617,0.013085240498185158,0.0,0.0,0.013085240498185158,0.006647944450378418,0.00643729604780674,0.8046967387199402,0.0,1.0989139080047607,0.40590476989746094,2.593480348587036,0.0
0,91,None,False,"66,43,20,81,54,94,21,46,59,18",1.0228568315505981,-2.351684093475342,-1.5111944675445557,-0.7735013365745544,7.99929666519165,6.365353584289551,0.008929205127060413,0.0,0.0,0.008929205127060413,0.0070334672927856445,0.0018957378342747688,0.5631964206695557,0.0,1.1734073162078857,0.4142220616340637,2.593480348587036,0.0
0,92,Schedule,True,"29,77,48,63,9,128,54,102,7,98",1.0655697584152222,-1.9987646341323853,-0.9558823108673096,-0.8803841471672058,7.999603748321533,6.510222911834717,-0.013471156358718872,0.05099999864896138,0.017999999523162842,-0.08247115463018417,-0.0009615421295166016,-0.08150961250066757,-2.564318895339966,-12.775681495666504,1.003600835800171,0.4086480140686035,2.593480348587036,0.0
0,93,None,False,"29,77,48,63,9,128,54,102,7,98",1.1562724113464355,-1.9768948554992676,-1.0076541900634766,-0.6837518215179443,7.999373912811279,4.996545314788818,-0.013902431353926659,0.0,0.0,-0.013902431353926659,-0.0026592016220092773,-0.011243229731917381,-0.1492602825164795,0.0,1.1501497030258179,0.46527403593063354,2.593480348587036,0.0
0,94,None,False,"29,77,48,63,9,128,54,102,7,98",1.0412455797195435,-2.0293941497802734,-1.1331515312194824,-0.9460887908935547,7.999487400054932,6.005336284637451,-0.02107422426342964,0.0,0.0,-0.02107422426342964,-0.009316205978393555,-0.011758018285036087,-0.11999349296092987,0.0,1.063281774520874,0.4548790752887726,2.593480348587036,0.0
0,95,None,False,"29,77,48,63,9,128,54,102,7,98",1.135081171989441,-2.222848415374756,-1.061740756034851,-0.79783034324646,7.999309539794922,7.323566436767578,-0.025654714554548264,0.0,0.0,-0.025654714554548264,-0.024122655391693115,-0.0015320591628551483,0.45473748445510864,0.0,1.1408836841583252,0.4716714024543762,2.593480348587036,0.0
0,96,None,False,"29,77,48,63,9,128,54,102,7,98",1.0463085174560547,-1.951230764389038,-0.9996682405471802,-0.8812922239303589,7.999532699584961,6.477076530456543,-0.0218255165964365,0.0,0.0,-0.0218255165964365,-0.022385001182556152,0.0005594845861196518,0.3641379177570343,0.0,1.0264923572540283,0.5669294595718384,2.593480348587036,0.0
0,97,None,False,"29,77,48,63,9,128,54,102,7,98",1.0812243223190308,-2.5198516845703125,-1.2265374660491943,-0.7226802110671997,7.999382019042969,4.530294895172119,-0.006154126022011042,0.0,0.0,-0.006154126022011042,-0.009826838970184326,0.0036727129481732845,0.32027408480644226,0.0,1.0559648275375366,0.45077425241470337,2.593480348587036,0.0
0,98,None,False,"29,77,48,63,9,128,54,102,7,98",1.1168025732040405,-2.0223517417907715,-0.8825816512107849,-0.8913261890411377,7.999516487121582,5.495594024658203,-0.004582029767334461,0.0,0.0,-0.004582029767334461,-0.012758016586303711,0.00817598681896925,0.6276049017906189,0.0,0.9905548095703125,0.47653302550315857,2.593480348587036,0.0
0,99,None,False,"29,77,48,63,9,128,54,102,7,98",1.08927321434021,-1.8858389854431152,-1.2249345779418945,-0.7836143970489502,7.999545097351074,3.924236536026001,-0.0006530165555886924,0.0,0.0,-0.0006530165555886924,-0.0033302903175354004,0.002677273703739047,0.5129793286323547,0.0,0.9573221206665039,0.41862425208091736,2.593480348587036,0.0
0,100,Struct Break (DC),True,"77,31,73,43,83,105,84,114,76,36",1.097494125366211,-1.5528947114944458,-0.972956657409668,-0.9680859446525574,7.999608516693115,2.6521499156951904,0.01188632845878601,0.05099999864896138,0.017999999523162842,-0.05711366981267929,0.003488302230834961,-0.06060197204351425,-1.674341082572937,-8.359101295471191,1.002487063407898,0.43242284655570984,2.593480348587036,0.0
0,101,None,False,"77,31,73,43,83,105,84,114,76,36",1.0619680881500244,-1.8571282625198364,-1.0993454456329346,-0.860916018486023,7.999560832977295,3.7550039291381836,0.00755839329212904,0.0,0.0,0.00755839329212904,-0.0020132064819335938,0.009571599774062634,0.6796553730964661,0.0,1.069571614265442,0.48241835832595825,2.593480348587036,0.0
0,102,None,False,"77,31,73,43,83,105,84,114,76,36",1.03855299949646,-2.0915820598602295,-0.9720308184623718,-0.9727764129638672,7.9995808601379395,4.789409637451172,-0.0010384678607806563,0.0,0.0,-0.0010384678607806563,-0.00047528743743896484,-0.0005631804233416915,0.34956198930740356,0.0,1.0796905755996704,0.496360719203949,2.593480348587036,0.0
0,103,None,False,"77,31,73,43,83,105,84,114,76,36",1.1011533737182617,-1.7956435680389404,-0.9807441234588623,-0.9293773174285889,7.999526500701904,4.0159077644348145,0.009215259924530983,0.0,0.0,0.009215259924530983,0.014002442359924316,-0.0047871824353933334,0.24866044521331787,0.0,0.7930309176445007,0.4614582359790802,2.593480348587036,0.0
0,104,None,False,"77,31,73,43,83,105,84,114,76,36",1.016662359237671,-1.8720699548721313,-1.2897915840148926,-0.7738028764724731,7.999335765838623,4.581968307495117,-0.008179688826203346,0.0,0.0,-0.008179688826203346,0.012392759323120117,-0.020572448149323463,-0.11420886218547821,0.0,0.8185634016990662,0.40966489911079407,2.593480348587036,0.0
0,105,None,False,"77,31,73,43,83,105,84,114,76,36",1.102719783782959,-2.0522301197052,-1.1329054832458496,-0.8368238210678101,7.9995036125183105,5.377918720245361,-0.009201914072036743,0.0,0.0,-0.009201914072036743,0.020910978317260742,-0.030112892389297485,-0.19906100630760193,0.0,0.8201246857643127,0.409379780292511,2.593480348587036,0.0
0,106,None,False,"77,31,73,43,83,105,84,114,76,36",1.0796880722045898,-1.9722671508789062,-1.138503074645996,-0.79777991771698,7.999622344970703,3.9247419834136963,0.003933030180633068,0.0,0.0,0.003933030180633068,0.024500489234924316,-0.020567458122968674,-0.16228869557380676,0.0,0.8302857875823975,0.39709001779556274,2.593480348587036,0.0
0,107,None,False,"77,31,73,43,83,105,84,114,76,36",1.0526344776153564,-2.13403058052063,-0.93184894323349,-0.9065334796905518,7.999626636505127,4.0803422927856445,0.0030894458759576082,0.0,0.0,0.0030894458759576082,0.020259499549865723,-0.017170052975416183,-0.3361501395702362,0.0,0.8101708889007568,0.3221083879470825,2.593480348587036,0.0
0,108,None,False,"77,31,73,43,83,105,84,114,76,36",1.0918817520141602,-1.9756841659545898,-1.1983973979949951,-0.8922401070594788,7.999466896057129,5.534280776977539,0.006154912523925304,0.0,0.0,0.006154912523925304,0.016449689865112305,-0.010294777341187,-0.31936144828796387,0.0,0.8149081468582153,0.33896225690841675,2.593480348587036,0.0
0,109,None,False,"77,31,73,43,83,105,84,114,76,36",1.138299584388733,-1.9805840253829956,-0.9808318018913269,-0.9931091070175171,7.9994025230407715,5.932807922363281,0.031982798129320145,0.0,0.0,0.031982798129320145,0.03040170669555664,0.001581091433763504,0.4505446255207062,0.0,0.7310998439788818,0.4000704884529114,2.593480348587036,0.0
0,110,None,False,"77,31,73,43,83,105,84,114,76,36",1.1098167896270752,-2.1691434383392334,-1.1623847484588623,-0.8908771276473999,7.999576568603516,4.823044300079346,0.03345993161201477,0.0,0.0,0.03345993161201477,0.03037583827972412,0.0030840933322906494,0.44067975878715515,0.0,0.7590538859367371,0.3427392840385437,2.593480348587036,0.0
0,111,None,False,"77,31,73,43,83,105,84,114,76,36",1.0824257135391235,-1.9280039072036743,-1.1255860328674316,-0.9488494396209717,7.999587059020996,4.323220252990723,0.03128911182284355,0.0,0.0,0.03128911182284355,0.029688239097595215,0.0016008727252483368,0.33507367968559265,0.0,0.9198573231697083,0.371226966381073,2.593480348587036,0.0
0,112,None,False,"77,31,73,43,83,105,84,114,76,36",1.1219983100891113,-2.2018535137176514,-1.153663158416748,-0.8682621717453003,7.999544143676758,4.237748146057129,0.026950985193252563,0.0,0.0,0.026950985193252563,0.033661723136901855,-0.006710737943649292,0.09637808054685593,0.0,0.9325671195983887,0.34275442361831665,2.593480348587036,0.0
0,113,None,False,"77,31,73,43,83,105,84,114,76,36",1.1063190698623657,-1.9340126514434814,-1.234678030014038,-0.9006662368774414,7.99945068359375,3.744396448135376,0.032471317797899246,0.0,0.0,0.032471317797899246,0.04076051712036133,-0.008289199322462082,0.2568955421447754,0.0,0.9316085577011108,0.34008657932281494,2.593480348587036,0.0
0,114,Schedule,True,"24,54,25,60,103,124,78,76,77,51",1.0427318811416626,-1.749253273010254,-1.1868233680725098,-0.6375069618225098,7.999389171600342,5.155740261077881,0.022926753386855125,0.04533333400885264,0.01600000023841858,-0.03840658441185951,0.023769617080688477,-0.06217620149254799,-1.971755027770996,-9.848677635192871,0.9683019518852234,0.3276490569114685,2.593480348587036,0.0
0,115,None,False,"24,54,25,60,103,124,78,76,77,51",1.0264434814453125,-2.047135591506958,-1.1443194150924683,-0.8022216558456421,7.99953556060791,5.065351486206055,0.01788095198571682,0.0,0.0,0.01788095198571682,0.021952509880065918,-0.004071557894349098,0.3485877811908722,0.0,0.8025091886520386,0.329815536737442,2.593480348587036,0.0
0,116,None,False,"24,54,25,60,103,124,78,76,77,51",1.1516457796096802,-1.935091257095337,-1.0761662721633911,-1.1161835193634033,7.9994611740112305,6.037522792816162,0.013027560897171497,0.0,0.0,0.013027560897171497,0.011499404907226562,0.0015281559899449348,0.577646017074585,0.0,0.9385525584220886,0.3267148435115814,2.593480348587036,0.0
0,117,None,False,"24,54,25,60,103,124,78,76,77,51",0.987956166267395,-2.027270793914795,-1.1614527702331543,-0.7974504232406616,7.999430179595947,6.555337905883789,0.013973891735076904,0.0,0.0,0.013973891735076904,0.011912226676940918,0.0020616650581359863,0.4443920850753784,0.0,1.1517930030822754,0.344485342502594,2.593480348587036,0.0
0,118,None,False,"24,54,25,60,103,124,78,76,77,51",1.1128261089324951,-2.027473211288452,-1.1176763772964478,-0.6871446967124939,7.999467372894287,4.17191219329834,-0.0007580936071462929,0.0,0.0,-0.0007580936071462929,0.004590034484863281,-0.005348128266632557,0.25502249598503113,0.0,0.9610509276390076,0.34696337580680847,2.593480348587036,0.0
0,119,None,False,"24,54,25,60,103,124,78,76,77,51",1.1010061502456665,-2.1886916160583496,-1.2042369842529297,-0.6853083968162537,7.999441623687744,3.643390655517578,0.009793984703719616,0.0,0.0,0.009793984703719616,0.004304409027099609,0.0054895756766200066,0.6537224054336548,0.0,0.8945430517196655,0.34066709876060486,2.593480348587036,0.0
0,120,None,False,"24,54,25,60,103,124,78,76,77,51",1.071568250656128,-2.0527377128601074,-0.9351036548614502,-0.9989105463027954,7.999485015869141,4.855771064758301,0.031475793570280075,0.0,0.0,0.031475793570280075,0.011382818222045898,0.020092975348234177,1.3646020889282227,0.0,0.7304524183273315,0.3281203508377075,2.593480348587036,0.0
0,121,None,False,"24,54,25,60,103,124,78,76,77,51",1.1267277002334595,-1.9724198579788208,-0.8964251279830933,-0.6292830109596252,7.999412536621094,5.186842441558838,0.03942849114537239,0.0,0.0,0.03942849114537239,0.028179168701171875,0.011249322444200516,0.7484500408172607,0.0,0.8007062673568726,0.3897591829299927,2.593480348587036,0.0
0,122,None,False,"24,54,25,60,103,124,78,76,77,51",1.0967425107955933,-1.6722890138626099,-0.8500914573669434,-0.8903713226318359,7.999464988708496,5.2449049949646,0.020142395049333572,0.0,0.0,0.020142395049333572,0.022061705589294434,-0.0019193105399608612,0.2654319107532501,0.0,0.6337220072746277,0.32926657795906067,2.593480348587036,0.0
0,123,None,False,"24,54,25,60,103,124,78,76,77,51",1.093621015548706,-2.0198028087615967,-1.0931494235992432,-0.8133718371391296,7.99953031539917,3.042672634124756,0.02999408170580864,0.0,0.0,0.02999408170580864,0.02290356159210205,0.007090520113706589,0.3968517482280731,0.0,0.6167395114898682,0.27650028467178345,2.593480348587036,0.0
0,124,None,False,"24,54,25,60,103,124,78,76,77,51",0.9442957639694214,-2.2794618606567383,-1.0788333415985107,-0.9543601274490356,7.9994730949401855,4.355384349822998,0.010509401559829712,0.0,0.0,0.010509401559829712,0.014943480491638184,-0.004434078931808472,-0.01840873248875141,0.0,0.8147884607315063,0.3545070290565491,2.593480348587036,0.0
0,125,None,False,"24,54,25,60,103,124,78,76,77,51",1.0784168243408203,-2.274439811706543,-1.4801878929138184,-0.613185703754425,7.999290466308594,5.282637596130371,0.005538314580917358,0.0,0.0,0.005538314580917358,0.005183577537536621,0.0003547370433807373,0.2190423607826233,0.0,0.7276728749275208,0.3319355249404907,2.593480348587036,0.0
0,126,None,False,"24,54,25,60,103,124,78,76,77,51",1.117334008216858,-2.210442543029785,-1.153672456741333,-0.9738024473190308,7.999456882476807,6.520252227783203,7.106065459083766e-05,0.0,0.0,7.106065459083766e-05,0.0015915632247924805,-0.0015205026138573885,0.09635141491889954,0.0,0.7831029891967773,0.2790191173553467,2.593480348587036,0.0
0,127,None,False,"24,54,25,60,103,124,78,76,77,51",1.0517030954360962,-2.008592128753662,-1.0892415046691895,-0.7112698554992676,7.999293804168701,4.846263408660889,0.0015956342685967684,0.0,0.0,0.0015956342685967684,0.0036797523498535156,-0.0020841180812567472,0.4761980175971985,0.0,0.8694111704826355,0.2708982825279236,2.593480348587036,0.0
0,0,Schedule | Regime Shift (Initial),True,"29,120,47,137,112,12,52,21,77,94",1.0736979246139526,-1.8862930536270142,-0.8947632312774658,-0.9485064148902893,7.999296188354492,4.926584243774414,-0.015561675652861595,0.0,0.0,-0.015561675652861595,-0.00790029764175415,-0.007661378011107445,-0.28065794706344604,-1.443564772605896,0.9942022562026978,0.3756125569343567,2.277214527130127,0.0
0,1,None,False,"29,120,47,137,112,12,52,21,77,94",1.0090525150299072,-2.250432014465332,-1.0387585163116455,-0.766156792640686,7.998961925506592,5.396048069000244,-0.020729178562760353,0.0,0.0,-0.020729178562760353,-0.010489284992218018,-0.010239893570542336,-0.21840602159500122,0.0,1.0441149473190308,0.4569307267665863,2.277214527130127,0.0
0,2,None,False,"29,120,47,137,112,12,52,21,77,94",1.059117078781128,-1.94994056224823,-1.0523500442504883,-0.8025187253952026,7.999138355255127,6.314230918884277,-0.0014552951324731112,0.0,0.0,-0.0014552951324731112,-0.0015211701393127441,6.587500683963299e-05,0.17109952867031097,0.0,1.1858527660369873,0.28419747948646545,2.277214527130127,0.0
0,3,None,False,"29,120,47,137,112,12,52,21,77,94",1.0778155326843262,-1.9010937213897705,-0.9357884526252747,-1.0694323778152466,7.999320983886719,4.341527462005615,0.0344284251332283,0.0,0.0,0.0344284251332283,0.01766979694366455,0.01675862818956375,1.1618008613586426,0.0,1.2046784162521362,0.30632391571998596,2.277214527130127,0.0
0,4,None,False,"29,120,47,137,112,12,52,21,77,94",1.0114994049072266,-1.9906748533248901,-1.1400866508483887,-0.7294821739196777,7.999237060546875,3.7712388038635254,0.04669738933444023,0.0,0.0,0.04669738933444023,0.025389671325683594,0.021307718008756638,1.1939876079559326,0.0,1.0938600301742554,0.2902960181236267,2.277214527130127,0.0
0,5,None,False,"29,120,47,137,112,12,52,21,77,94",1.0985099077224731,-2.061119794845581,-1.111961007118225,-0.8063072562217712,7.999115943908691,4.84269380569458,0.025581438094377518,0.0,0.0,0.025581438094377518,0.012202262878417969,0.013379175215959549,0.6334940195083618,0.0,1.0638952255249023,0.30621200799942017,2.277214527130127,0.0
0,6,None,False,"29,120,47,137,112,12,52,21,77,94",1.068822979927063,-2.272731065750122,-1.2567174434661865,-0.7751560807228088,7.998927593231201,5.393452167510986,0.016825944185256958,0.0,0.0,0.016825944185256958,0.004654645919799805,0.012171298265457153,0.596442699432373,0.0,0.9377681016921997,0.2958279252052307,2.277214527130127,0.0
0,7,None,False,"29,120,47,137,112,12,52,21,77,94",1.0615493059158325,-1.7815173864364624,-0.6775381565093994,-1.042110562324524,7.999294281005859,5.344114780426025,-0.00904536247253418,0.0,0.0,-0.00904536247253418,-0.0013818740844726562,-0.0076634883880615234,-0.15426141023635864,0.0,0.9317035675048828,0.3179153800010681,2.277214527130127,0.0
0,8,None,False,"29,120,47,137,112,12,52,21,77,94",1.069034218788147,-1.877136468887329,-0.8560487031936646,-0.8134745955467224,7.99935245513916,5.484786033630371,-0.01855219528079033,0.0,0.0,-0.01855219528079033,-0.008931636810302734,-0.009620558470487595,-0.37996599078178406,0.0,0.9331086277961731,0.30875882506370544,2.277214527130127,0.0
0,9,None,False,"29,120,47,137,112,12,52,21,77,94",1.015229344367981,-1.896304726600647,-0.8456960916519165,-0.8424419164657593,7.999316692352295,5.159792900085449,-0.020957523956894875,0.0,0.0,-0.020957523956894875,-0.004313468933105469,-0.016644055023789406,-1.0745903253555298,0.0,0.8141723275184631,0.3145558834075928,2.277214527130127,0.0
0,10,None,False,"29,120,47,137,112,12,52,21,77,94",0.9381570816040039,-2.0160627365112305,-1.0523135662078857,-0.805992841720581,7.999350547790527,4.093685150146484,-0.021701615303754807,0.0,0.0,-0.021701615303754807,-0.005433440208435059,-0.016268175095319748,-0.7193220257759094,0.0,0.710809588432312,0.3252589702606201,2.277214527130127,0.0
0,11,None,False,"29,120,47,137,112,12,52,21,77,94",1.0632894039154053,-2.174243450164795,-1.0492744445800781,-0.8340667486190796,7.999022006988525,5.018409252166748,0.005674439482390881,0.0,0.0,0.005674439482390881,0.0027464628219604492,0.0029279766604304314,-0.08158518373966217,0.0,0.8068066835403442,0.2889844477176666,2.277214527130127,0.0
0,12,None,False,"29,120,47,137,112,12,52,21,77,94",1.0591140985488892,-1.8749099969863892,-0.9193254113197327,-0.9160929918289185,7.999269485473633,5.017788410186768,0.016142606735229492,0.0,0.0,0.016142606735229492,0.007449626922607422,0.00869297981262207,0.16207355260849,0.0,0.7242000102996826,0.317104697227478,2.277214527130127,0.0
0,13,None,False,"29,120,47,137,112,12,52,21,77,94",1.0538207292556763,-1.9134047031402588,-0.9245308041572571,-0.9271094799041748,7.999369144439697,3.7671029567718506,0.1231963038444519,0.0,0.0,0.1231963038444519,0.031407952308654785,0.09178835153579712,3.050917387008667,0.0,0.7853101491928101,0.3676975965499878,2.277214527130127,0.0
0,14,Schedule,True,"26,137,75,25,2,71,40,21,100,58",1.0833275318145752,-1.9230583906173706,-0.9302399158477783,-1.0351886749267578,7.999589920043945,3.5420925617218018,0.1309410035610199,0.04533333400885264,0.01600000023841858,0.06960766017436981,0.03394210338592529,0.03566555678844452,1.5871131420135498,7.825311183929443,0.773180365562439,0.3758864402770996,2.277214527130127,0.0
0,15,None,False,"26,137,75,25,2,71,40,21,100,58",1.0989893674850464,-1.8642430305480957,-1.0873229503631592,-0.8385021090507507,7.999340534210205,3.254864454269409,0.13835647702217102,0.0,0.0,0.13835647702217102,0.03475141525268555,0.10360506176948547,3.767237901687622,0.0,0.790189266204834,0.3153259754180908,2.277214527130127,0.0
0,16,None,False,"26,137,75,25,2,71,40,21,100,58",1.0757094621658325,-2.0599701404571533,-0.9525836110115051,-0.7891356348991394,7.999195575714111,4.141696929931641,0.12778586149215698,0.0,0.0,0.12778586149215698,0.030156850814819336,0.09762901067733765,3.6921844482421875,0.0,0.7405103445053101,0.30067694187164307,2.277214527130127,0.0
0,17,None,False,"26,137,75,25,2,71,40,21,100,58",1.1047004461288452,-1.9919489622116089,-1.0003094673156738,-1.0865421295166016,7.999244689941406,6.325570583343506,0.11910855770111084,0.0,0.0,0.11910855770111084,0.02871537208557129,0.09039318561553955,2.798753023147583,0.0,0.8022007346153259,0.2856089472770691,2.277214527130127,0.0
0,18,None,False,"26,137,75,25,2,71,40,21,100,58",1.0739083290100098,-2.037540912628174,-1.1132594347000122,-0.7409839630126953,7.999209880828857,5.57981014251709,0.015128254890441895,0.0,0.0,0.015128254890441895,0.005548715591430664,0.00957953929901123,0.5926638245582581,0.0,0.8694514632225037,0.34922972321510315,2.277214527130127,0.0
0,19,None,False,"26,137,75,25,2,71,40,21,100,58",0.970084011554718,-2.198787212371826,-1.2447526454925537,-0.9014951586723328,7.999186038970947,5.178903102874756,0.0009470403310842812,0.0,0.0,0.0009470403310842812,0.010553240776062012,-0.009606200270354748,-0.346647709608078,0.0,1.0557708740234375,0.4616197347640991,2.277214527130127,0.0
0,20,None,False,"26,137,75,25,2,71,40,21,100,58",1.0601153373718262,-2.0347583293914795,-1.0314223766326904,-0.8341320157051086,7.999294281005859,5.020665168762207,-0.003541195299476385,0.0,0.0,-0.003541195299476385,0.009955525398254395,-0.013496721163392067,-0.3702080249786377,0.0,0.9171983599662781,0.4282076358795166,2.277214527130127,0.0
0,21,None,False,"26,137,75,25,2,71,40,21,100,58",1.1564059257507324,-2.0199368000030518,-1.0023508071899414,-0.7896585464477539,7.999197959899902,4.642953872680664,-0.000376152980607003,0.0,0.0,-0.000376152980607003,0.010578632354736328,-0.010954785160720348,-0.4507353603839874,0.0,0.9208672642707825,0.32820433378219604,2.277214527130127,0.0
0,22,None,False,"26,137,75,25,2,71,40,21,100,58",1.0102611780166626,-2.389941453933716,-0.8333176970481873,-1.2808113098144531,7.999441146850586,6.7143988609313965,-0.012428170070052147,0.0,0.0,-0.012428170070052147,-0.0022149085998535156,-0.010213261470198631,-0.3740837872028351,0.0,0.8653250336647034,0.4500068724155426,2.277214527130127,0.0
0,23,None,False,"26,137,75,25,2,71,40,21,100,58",1.0750572681427002,-1.969009518623352,-1.048151969909668,-0.8495728969573975,7.999209880828857,5.735705375671387,-0.012719154357910156,0.0,0.0,-0.012719154357910156,-0.0009557604789733887,-0.011763393878936768,-0.17268939316272736,0.0,0.8035311102867126,0.3716541826725006,2.277214527130127,0.0
0,24,None,False,"26,137,75,25,2,71,40,21,100,58",1.1176464557647705,-1.8506423234939575,-0.7553126215934753,-1.2643169164657593,7.999338150024414,4.527501583099365,-0.025317197665572166,0.0,0.0,-0.025317197665572166,-0.014088034629821777,-0.011229163035750389,-0.21779634058475494,0.0,0.8076186180114746,0.2934459149837494,2.277214527130127,0.0
0,25,None,False,"26,137,75,25,2,71,40,21,100,58",1.073266625404358,-1.951561689376831,-0.8198332190513611,-1.2226207256317139,7.999439239501953,4.863492012023926,-0.027486782521009445,0.0,0.0,-0.027486782521009445,-0.017726778984069824,-0.009760003536939621,-0.391696572303772,0.0,0.6724984049797058,0.31372225284576416,2.277214527130127,0.0
0,26,None,False,"26,137,75,25,2,71,40,21,100,58",1.0405315160751343,-2.160445213317871,-0.930875837802887,-1.000241756439209,7.99922513961792,3.847378730773926,-0.02271801233291626,0.0,0.0,-0.02271801233291626,-0.011887013912200928,-0.010830998420715332,-0.36678314208984375,0.0,0.6918078660964966,0.3552115857601166,2.277214527130127,0.0
0,27,None,False,"26,137,75,25,2,71,40,21,100,58",0.91778165102005,-2.1906816959381104,-1.1012734174728394,-0.953798770904541,7.999209880828857,5.67218542098999,-0.00983249582350254,0.0,0.0,-0.00983249582350254,-0.003258049488067627,-0.006574446335434914,0.03849418833851814,0.0,0.8751016855239868,0.31515398621559143,2.277214527130127,0.0
0,28,Schedule,True,"81,75,43,89,24,119,32,70,129,48",1.0515998601913452,-1.9580941200256348,-1.0401078462600708,-1.0133074522018433,7.999377250671387,5.370342254638672,0.01584681309759617,0.05099999864896138,0.017999999523162842,-0.05315318703651428,0.0035430192947387695,-0.05669620633125305,-0.5421841740608215,-2.7390618324279785,0.9151214361190796,0.3786108195781708,2.277214527130127,0.0
0,29,None,False,"81,75,43,89,24,119,32,70,129,48",1.0690555572509766,-1.921974778175354,-1.0792112350463867,-0.954996645450592,7.999248504638672,4.289078712463379,0.0524919256567955,0.0,0.0,0.0524919256567955,0.020305156707763672,0.03218676894903183,2.039515495300293,0.0,0.9268174171447754,0.3505747318267822,2.277214527130127,0.0
0,30,None,False,"81,75,43,89,24,119,32,70,129,48",0.9916599988937378,-2.1094086170196533,-1.2005679607391357,-0.6436268091201782,7.998863220214844,6.685848236083984,0.05410658195614815,0.0,0.0,0.05410658195614815,0.03184378147125244,0.022262800484895706,1.5949171781539917,0.0,0.820523202419281,0.2962510585784912,2.277214527130127,0.0
0,31,None,False,"81,75,43,89,24,119,32,70,129,48",0.954563319683075,-2.0298683643341064,-0.8718903064727783,-1.001290202140808,7.999580383300781,5.737133026123047,0.044465504586696625,0.0,0.0,0.044465504586696625,0.027257204055786133,0.017208300530910492,1.175487995147705,0.0,0.723940372467041,0.29996946454048157,2.277214527130127,0.0
0,32,None,False,"81,75,43,89,24,119,32,70,129,48",1.0150963068008423,-2.321552276611328,-1.1518067121505737,-0.9053474068641663,7.999107837677002,5.749996185302734,0.04303831607103348,0.0,0.0,0.04303831607103348,0.02784121036529541,0.015197105705738068,1.030210256576538,0.0,0.5900180339813232,0.3176203966140747,2.277214527130127,0.0
0,33,None,False,"81,75,43,89,24,119,32,70,129,48",1.0710456371307373,-2.075829029083252,-1.0215929746627808,-0.8641487956047058,7.999316215515137,4.862130165100098,0.0372421070933342,0.0,0.0,0.0372421070933342,0.02398681640625,0.013255290687084198,0.9813196063041687,0.0,0.5225765705108643,0.3249802589416504,2.277214527130127,0.0
0,34,None,False,"81,75,43,89,24,119,32,70,129,48",1.0606497526168823,-2.067249059677124,-0.84587562084198,-0.8801359534263611,7.999485015869141,4.168238639831543,0.013867855072021484,0.0,0.0,0.013867855072021484,0.018419742584228516,-0.004551887512207031,-0.17260612547397614,0.0,0.5909819006919861,0.3103441894054413,2.277214527130127,0.0
0,35,None,False,"81,75,43,89,24,119,32,70,129,48",1.0265389680862427,-1.9001775979995728,-0.9104095697402954,-0.9687166810035706,7.999312877655029,3.903963804244995,0.019972896203398705,0.0,0.0,0.019972896203398705,0.016434311866760254,0.0035385843366384506,-0.09000948071479797,0.0,0.6327749490737915,0.29740309715270996,2.277214527130127,0.0
0,36,None,False,"81,75,43,89,24,119,32,70,129,48",0.9111435413360596,-2.4896399974823,-1.0194752216339111,-0.8617352247238159,7.998967170715332,7.171458721160889,0.0284956693649292,0.0,0.0,0.0284956693649292,0.021541595458984375,0.006954073905944824,0.27155759930610657,0.0,0.6192694902420044,0.3151669502258301,2.277214527130127,0.0
0,37,None,False,"81,75,43,89,24,119,32,70,129,48",1.0961378812789917,-1.8565268516540527,-1.022430181503296,-1.0851267576217651,7.999146938323975,6.731912136077881,0.033541690558195114,0.0,0.0,0.033541690558195114,0.033011794090270996,0.000529896467924118,0.17975932359695435,0.0,0.6527078151702881,0.3189021348953247,2.277214527130127,0.0
0,38,None,False,"81,75,43,89,24,119,32,70,129,48",0.9928622841835022,-1.737347960472107,-0.8482446074485779,-0.8561028242111206,7.999227046966553,5.474418640136719,0.03396139666438103,0.0,0.0,0.03396139666438103,0.02772533893585205,0.0062360577285289764,0.441969096660614,0.0,0.5895534753799438,0.2828081548213959,2.277214527130127,0.0
0,39,None,False,"81,75,43,89,24,119,32,70,129,48",1.0852197408676147,-2.1166017055511475,-1.098043441772461,-0.9326856732368469,7.999142646789551,5.290194988250732,0.034129656851291656,0.0,0.0,0.034129656851291656,0.03064417839050293,0.003485478460788727,0.42869919538497925,0.0,0.5462172031402588,0.3256964683532715,2.277214527130127,0.0
0,40,None,False,"81,75,43,89,24,119,32,70,129,48",1.083735466003418,-1.8631322383880615,-0.8356417417526245,-1.0386004447937012,7.999387741088867,4.769627094268799,0.023215526714920998,0.0,0.0,0.023215526714920998,0.019495368003845215,0.0037201587110757828,0.6020151376724243,0.0,0.6274967193603516,0.2467813491821289,2.277214527130127,0.0
0,41,None,False,"81,75,43,89,24,119,32,70,129,48",1.0406787395477295,-1.6904006004333496,-0.9201162457466125,-1.076210618019104,7.999338626861572,3.445024251937866,0.024458546191453934,0.0,0.0,0.024458546191453934,0.020432472229003906,0.0040260739624500275,0.5922914743423462,0.0,0.5769613981246948,0.26643645763397217,2.277214527130127,0.0
0,42,Schedule,True,"72,33,122,34,51,70,30,36,54,80",0.9743013978004456,-2.1375200748443604,-0.8649989366531372,-1.0549291372299194,7.9996771812438965,4.803129196166992,0.015017693862318993,0.05099999864896138,0.017999999523162842,-0.05398230254650116,0.02043449878692627,-0.07441680133342743,-1.530093789100647,-7.639488220214844,0.5553755164146423,0.23385843634605408,2.277214527130127,0.0
0,43,None,False,"72,33,122,34,51,70,30,36,54,80",1.0891051292419434,-1.959740161895752,-1.081421136856079,-1.030700922012329,7.999191761016846,5.464159965515137,0.032199304550886154,0.0,0.0,0.032199304550886154,0.030266284942626953,0.001933019608259201,0.24084998667240143,0.0,0.4929659962654114,0.2346002161502838,2.277214527130127,0.0
0,44,None,False,"72,33,122,34,51,70,30,36,54,80",0.9972921013832092,-2.0125510692596436,-1.2240031957626343,-0.8256592750549316,7.999497890472412,5.074411392211914,0.0235078576952219,0.0,0.0,0.0235078576952219,0.02102077007293701,0.0024870876222848892,0.24652419984340668,0.0,0.6552899479866028,0.24191147089004517,2.277214527130127,0.0
0,45,None,False,"72,33,122,34,51,70,30,36,54,80",1.0580320358276367,-1.9298171997070312,-0.947914183139801,-0.7818417549133301,7.99922513961792,4.509320259094238,0.02387126162648201,0.0,0.0,0.02387126162648201,0.023798108100891113,7.31535255908966e-05,0.2042090743780136,0.0,0.637471616268158,0.2497500479221344,2.277214527130127,0.0
0,46,None,False,"72,33,122,34,51,70,30,36,54,80",1.051774263381958,-2.249107837677002,-0.9621151685714722,-0.9225318431854248,7.999223232269287,5.304940700531006,0.00867551565170288,0.0,0.0,0.00867551565170288,0.010439157485961914,-0.0017636418342590332,0.2771275043487549,0.0,0.6373178362846375,0.23278623819351196,2.277214527130127,0.0
0,47,None,False,"72,33,122,34,51,70,30,36,54,80",0.9950769543647766,-1.9730411767959595,-1.069663166999817,-0.7061286568641663,7.999220848083496,4.876348972320557,0.0009587287786416709,0.0,0.0,0.0009587287786416709,0.004201531410217285,-0.0032428025733679533,-0.037075698375701904,0.0,0.810468852519989,0.32781392335891724,2.277214527130127,0.0
0,48,None,False,"72,33,122,34,51,70,30,36,54,80",1.0806431770324707,-2.0062084197998047,-0.9267935752868652,-0.864454448223114,7.999303817749023,4.088743209838867,-0.021157223731279373,0.0,0.0,-0.021157223731279373,-0.01209867000579834,-0.009058553725481033,-0.44967779517173767,0.0,0.680827260017395,0.3122984766960144,2.277214527130127,0.0
0,49,None,False,"72,33,122,34,51,70,30,36,54,80",1.108444333076477,-2.219695806503296,-1.089235782623291,-0.9770718812942505,7.999320983886719,3.421847343444824,-0.021906476467847824,0.0,0.0,-0.021906476467847824,-0.011439383029937744,-0.01046709343791008,-0.3400462567806244,0.0,0.7966415882110596,0.2954300045967102,2.277214527130127,0.0
0,50,None,False,"72,33,122,34,51,70,30,36,54,80",1.0735805034637451,-2.092156171798706,-1.10843825340271,-0.7475512027740479,7.999067783355713,4.689011573791504,-0.021527672186493874,0.0,0.0,-0.021527672186493874,-0.008724629878997803,-0.01280304230749607,-0.6579020619392395,0.0,0.8154107332229614,0.32763469219207764,2.277214527130127,0.0
0,51,None,False,"72,33,122,34,51,70,30,36,54,80",1.0291163921356201,-1.8938403129577637,-1.0323035717010498,-0.8469475507736206,7.999454975128174,3.4149467945098877,-0.0010056734317913651,0.0,0.0,-0.0010056734317913651,-0.00025773048400878906,-0.0007479429477825761,0.30769112706184387,0.0,0.7634831666946411,0.3077777624130249,2.277214527130127,0.0
0,52,None,False,"72,33,122,34,51,70,30,36,54,80",1.0067538022994995,-1.8352839946746826,-1.2080683708190918,-0.9868835210800171,7.999042510986328,4.653576374053955,0.019181877374649048,0.0,0.0,0.019181877374649048,0.0006014108657836914,0.018580466508865356,0.9396140575408936,0.0,0.7596223950386047,0.38723933696746826,2.277214527130127,0.0
0,53,None,False,"72,33,122,34,51,70,30,36,54,80",1.144081473350525,-2.12518572807312,-1.0162760019302368,-0.9899699687957764,7.999001979827881,4.924263000488281,0.02946833334863186,0.0,0.0,0.02946833334863186,0.014977693557739258,0.014490639790892601,0.8414986729621887,0.0,0.7720262408256531,0.3757638931274414,2.277214527130127,0.0
0,54,None,False,"72,33,122,34,51,70,30,36,54,80",1.0457961559295654,-2.025724411010742,-0.9085985422134399,-1.2037512063980103,7.999513626098633,5.463691711425781,0.0449204221367836,0.0,0.0,0.0449204221367836,0.02140629291534424,0.02351412922143936,1.2496856451034546,0.0,0.875868558883667,0.36689624190330505,2.277214527130127,0.0
0,55,None,False,"72,33,122,34,51,70,30,36,54,80",1.0613887310028076,-2.2561469078063965,-1.2580578327178955,-0.7967664003372192,7.998898983001709,5.799199104309082,0.05593867972493172,0.0,0.0,0.05593867972493172,0.020980000495910645,0.03495867922902107,1.5611474514007568,0.0,0.985587477684021,0.378940612077713,2.277214527130127,0.0
0,56,Schedule,True,"75,51,32,45,69,59,72,70,33,130",1.0021765232086182,-2.0618035793304443,-1.3973214626312256,-0.8113669157028198,7.999002456665039,5.054455757141113,0.04999065399169922,0.03400000135103861,0.012000000476837159,0.003990652039647102,0.01896536350250244,-0.014974711462855339,-0.06629391014575958,-0.3790970742702484,1.0655163526535034,0.4601723551750183,2.277214527130127,0.0
0,57,None,False,"75,51,32,45,69,59,72,70,33,130",1.0085529088974,-1.7391012907028198,-1.0475317239761353,-0.878224790096283,7.999022483825684,3.7355973720550537,0.02423453889787197,0.0,0.0,0.02423453889787197,0.010058999061584473,0.014175539836287498,0.8884319067001343,0.0,1.225536584854126,0.474714457988739,2.277214527130127,0.0
0,58,None,False,"75,51,32,45,69,59,72,70,33,130",1.0793309211730957,-1.9161118268966675,-0.9355659484863281,-0.8189137578010559,7.999322891235352,4.756133079528809,0.030318867415189743,0.0,0.0,0.030318867415189743,0.007376670837402344,0.0229421965777874,1.2243525981903076,0.0,1.2248457670211792,0.4112745523452759,2.277214527130127,0.0
0,59,None,False,"75,51,32,45,69,59,72,70,33,130",0.9914470911026001,-2.0549328327178955,-0.8333672285079956,-1.1269288063049316,7.999383449554443,4.655406951904297,0.014961856417357922,0.0,0.0,0.014961856417357922,0.002553701400756836,0.012408155016601086,0.9602713584899902,0.0,1.1792466640472412,0.41432690620422363,2.277214527130127,0.0
0,60,None,False,"75,51,32,45,69,59,72,70,33,130",1.0204867124557495,-2.1503517627716064,-0.8968992233276367,-0.9250973463058472,7.999314785003662,3.6826260089874268,0.018386494368314743,0.0,0.0,0.018386494368314743,0.012272834777832031,0.006113659590482712,0.7025125026702881,0.0,1.143486738204956,0.41358864307403564,2.277214527130127,0.0
0,61,None,False,"75,51,32,45,69,59,72,70,33,130",1.0779778957366943,-1.9203686714172363,-1.0913004875183105,-0.8922613859176636,7.999423980712891,3.9615070819854736,0.033188603818416595,0.0,0.0,0.033188603818416595,0.017008423805236816,0.01618018001317978,1.2630826234817505,0.0,0.9801485538482666,0.3899047374725342,2.277214527130127,0.0
0,62,None,False,"75,51,32,45,69,59,72,70,33,130",0.9980021119117737,-2.207096815109253,-1.2518458366394043,-0.9363086223602295,7.999032497406006,4.397692680358887,0.0587959885597229,0.0,0.0,0.0587959885597229,0.027800917625427246,0.030995070934295654,1.5510212182998657,0.0,1.2541124820709229,0.34707799553871155,2.277214527130127,0.0
0,63,None,False,"75,51,32,45,69,59,72,70,33,130",1.1025186777114868,-2.16357159614563,-0.9825588464736938,-0.6811416149139404,7.99903678894043,4.760167598724365,0.054040879011154175,0.0,0.0,0.054040879011154175,0.023672103881835938,0.030368775129318237,1.3896336555480957,0.0,1.2764145135879517,0.37491634488105774,2.277214527130127,0.0
0,64,None,False,"75,51,32,45,69,59,72,70,33,130",1.0945552587509155,-1.8599015474319458,-0.9360076785087585,-0.7826720476150513,7.9993462562561035,4.360078811645508,0.0404268316924572,0.0,0.0,0.0404268316924572,0.015566110610961914,0.024860721081495285,1.174759864807129,0.0,1.3079609870910645,0.35662782192230225,2.277214527130127,0.0
0,65,None,False,"75,51,32,45,69,59,72,70,33,130",1.0979528427124023,-1.9924393892288208,-1.0151134729385376,-1.0706931352615356,7.9992241859436035,3.8875412940979004,0.021861404180526733,0.0,0.0,0.021861404180526733,0.00912320613861084,0.012738198041915894,0.6566908359527588,0.0,1.1415599584579468,0.38158750534057617,2.277214527130127,0.0
0,66,None,False,"75,51,32,45,69,59,72,70,33,130",1.0714529752731323,-2.0496163368225098,-0.9117748737335205,-0.9364137053489685,7.999541282653809,4.178647041320801,0.015135550871491432,0.0,0.0,0.015135550871491432,0.009502172470092773,0.005633378401398659,0.3962046504020691,0.0,1.0957567691802979,0.36240825057029724,2.277214527130127,0.0
0,67,None,False,"75,51,32,45,69,59,72,70,33,130",1.1057990789413452,-2.105966329574585,-1.1084998846054077,-0.9023752808570862,7.999223232269287,3.4136059284210205,0.009007096290588379,0.0,0.0,0.009007096290588379,0.005473136901855469,0.00353395938873291,0.5045031309127808,0.0,1.1744872331619263,0.38001105189323425,2.277214527130127,0.0
0,68,None,False,"75,51,32,45,69,59,72,70,33,130",0.9110289812088013,-1.9205528497695923,-1.173353910446167,-0.5325767993927002,7.998610019683838,6.630396366119385,-0.006336235906928778,0.0,0.0,-0.006336235906928778,0.004057049751281738,-0.010393286123871803,-0.05002981424331665,0.0,0.9638527631759644,0.3096986413002014,2.277214527130127,0.0
0,69,None,False,"75,51,32,45,69,59,72,70,33,130",1.0872842073440552,-1.8885747194290161,-0.8704031109809875,-0.864454448223114,7.999242782592773,6.640772342681885,-0.008027022704482079,0.0,0.0,-0.008027022704482079,0.011199235916137695,-0.019226258620619774,-0.5472704768180847,0.0,0.9034980535507202,0.2742810845375061,2.277214527130127,0.0
0,70,Schedule,True,"130,31,121,45,133,43,74,64,30,24",0.9758509397506714,-2.139852285385132,-1.2134101390838623,-0.6073240041732788,7.999120712280273,4.453964710235596,-0.005092525389045477,0.04533333400885264,0.01600000023841858,-0.0664258599281311,0.011242985725402832,-0.07766884565353394,-1.6912986040115356,-8.443259239196777,0.8191233277320862,0.2423417866230011,2.277214527130127,0.0
0,71,None,False,"130,31,121,45,133,43,74,64,30,24",1.014134168624878,-1.9826658964157104,-0.9335482120513916,-0.8157913684844971,7.999375343322754,4.023674488067627,0.0007524609682150185,0.0,0.0,0.0007524609682150185,0.0028564929962158203,-0.0021040320862084627,0.36772194504737854,0.0,0.9817196130752563,0.2779424488544464,2.277214527130127,0.0
0,72,None,False,"130,31,121,45,133,43,74,64,30,24",1.0813549757003784,-2.041313648223877,-1.0294394493103027,-0.9084417819976807,7.999521732330322,3.642521619796753,-0.012457567267119884,0.0,0.0,-0.012457567267119884,0.0018062591552734375,-0.014263826422393322,-0.2825978994369507,0.0,1.193744421005249,0.4130610227584839,2.277214527130127,0.0
0,73,None,False,"130,31,121,45,133,43,74,64,30,24",1.0373739004135132,-2.057171583175659,-0.8722216486930847,-0.9126511812210083,7.999392986297607,3.237931489944458,0.009528189897537231,0.0,0.0,0.009528189897537231,0.005572676658630371,0.00395551323890686,0.5646615624427795,0.0,1.4665987491607666,0.42382776737213135,2.277214527130127,0.0
0,74,None,False,"130,31,121,45,133,43,74,64,30,24",1.0390055179595947,-2.2145323753356934,-0.9487069845199585,-0.7457393407821655,7.999284744262695,4.374388217926025,0.009880530647933483,0.0,0.0,0.009880530647933483,0.004398941993713379,0.005481588654220104,0.4948183596134186,0.0,1.2778630256652832,0.43856003880500793,2.277214527130127,0.0
0,75,None,False,"130,31,121,45,133,43,74,64,30,24",1.0373598337173462,-2.337876558303833,-1.0176023244857788,-0.8700052499771118,7.9990715980529785,5.026287078857422,0.0005308091640472412,0.0,0.0,0.0005308091640472412,-0.0015183687210083008,0.002049177885055542,0.4578588902950287,0.0,1.2762917280197144,0.43133223056793213,2.277214527130127,0.0
0,76,None,False,"130,31,121,45,133,43,74,64,30,24",1.1380642652511597,-1.7900059223175049,-1.0635955333709717,-1.0846184492111206,7.999250888824463,6.622448921203613,-0.008931743912398815,0.0,0.0,-0.008931743912398815,0.006647944450378418,-0.015579688362777233,-0.5501369833946228,0.0,1.253694772720337,0.4783836007118225,2.277214527130127,0.0
0,77,None,False,"130,31,121,45,133,43,74,64,30,24",1.0026108026504517,-2.04589581489563,-1.040162444114685,-0.8858271837234497,7.999239444732666,4.762898921966553,-0.0023492216132581234,0.0,0.0,-0.0023492216132581234,0.0070334672927856445,-0.009382689371705055,-0.06384348124265671,0.0,1.397786259651184,0.5258470773696899,2.277214527130127,0.0
0,78,None,False,"130,31,121,45,133,43,74,64,30,24",1.0383574962615967,-1.7628976106643677,-0.7378494739532471,-0.9261286854743958,7.999524116516113,3.8291382789611816,-0.02217341586947441,0.0,0.0,-0.02217341586947441,-0.0009615421295166016,-0.02121187373995781,-0.26945263147354126,0.0,1.23153555393219,0.474706768989563,2.277214527130127,0.0
0,79,None,False,"130,31,121,45,133,43,74,64,30,24",1.0561769008636475,-1.8525065183639526,-0.9644719362258911,-0.9681972861289978,7.999085903167725,3.9393117427825928,-0.01707681454718113,0.0,0.0,-0.01707681454718113,-0.0026592016220092773,-0.014417612925171852,-0.2787629961967468,0.0,1.1437273025512695,0.5460381507873535,2.277214527130127,0.0
0,80,None,False,"130,31,121,45,133,43,74,64,30,24",1.085127592086792,-1.9339334964752197,-0.986542820930481,-0.8443000912666321,7.999251365661621,4.9456987380981445,-0.0278046615421772,0.0,0.0,-0.0278046615421772,-0.009316205978393555,-0.018488455563783646,-0.2655818462371826,0.0,1.163248062133789,0.5195682048797607,2.277214527130127,0.0
0,81,None,False,"130,31,121,45,133,43,74,64,30,24",1.0462743043899536,-1.851760983467102,-1.150024652481079,-0.719894289970398,7.999327182769775,3.767827272415161,-0.035563480108976364,0.0,0.0,-0.035563480108976364,-0.024122655391693115,-0.011440824717283249,0.02735699899494648,0.0,1.2317163944244385,0.41820207238197327,2.277214527130127,0.0
0,82,None,False,"130,31,121,45,133,43,74,64,30,24",0.9947982430458069,-1.94070303440094,-0.8867535591125488,-0.980246365070343,7.999514102935791,3.66015887260437,-0.028617877513170242,0.0,0.0,-0.028617877513170242,-0.022385001182556152,-0.00623287633061409,-0.010930461809039116,0.0,1.3553720712661743,0.5077965259552002,2.277214527130127,0.0
0,83,None,False,"130,31,121,45,133,43,74,64,30,24",1.0415295362472534,-1.9662748575210571,-0.9860403537750244,-0.8892328143119812,7.999382495880127,4.599079608917236,-0.016746139153838158,0.0,0.0,-0.016746139153838158,-0.009826838970184326,-0.0069193001836538315,0.30544513463974,0.0,1.1947219371795654,0.5391678810119629,2.277214527130127,0.0
0,84,Schedule,True,"67,42,101,55,27,118,48,3,97,94",1.101983904838562,-1.9558947086334229,-0.9462759494781494,-0.6909977197647095,7.9991559982299805,5.539947986602783,0.010222053155303001,0.056666666666666664,0.02,-0.06644462049007416,-0.012758016586303711,-0.05368660390377045,-1.3959953784942627,-6.9791107177734375,1.0741806030273438,0.48941147327423096,2.277214527130127,0.0
0,85,None,False,"67,42,101,55,27,118,48,3,97,94",1.1091846227645874,-2.00669264793396,-0.9638035297393799,-0.7944952249526978,7.9992241859436035,4.2491559982299805,0.008142220787703991,0.0,0.0,0.008142220787703991,-0.0033302903175354004,0.011472511105239391,0.7255502939224243,0.0,0.9046868085861206,0.40554168820381165,2.277214527130127,0.0
0,86,Struct Break (DC),True,"15,51,10,73,89,78,126,124,61,131",1.0906829833984375,-2.061875343322754,-1.0603487491607666,-0.7964051365852356,7.999295711517334,2.8587448596954346,-0.003555548144504428,0.056666666666666664,0.02,-0.0802222192287445,0.003488302230834961,-0.08371052145957947,-3.525106430053711,-17.547500610351562,1.1517398357391357,0.3535837233066559,2.277214527130127,0.0
0,87,None,False,"15,51,10,73,89,78,126,124,61,131",1.06096613407135,-2.1876769065856934,-1.0482228994369507,-0.8186236619949341,7.999238014221191,4.314155578613281,-0.007361930795013905,0.0,0.0,-0.007361930795013905,-0.0020132064819335938,-0.005348724313080311,0.17480741441249847,0.0,0.9430100917816162,0.4174743592739105,2.277214527130127,0.0
0,88,None,False,"15,51,10,73,89,78,126,124,61,131",1.0015329122543335,-1.9770113229751587,-1.0278042554855347,-1.079511284828186,7.999114990234375,5.662228107452393,-0.0014674663543701172,0.0,0.0,-0.0014674663543701172,-0.00047528743743896484,-0.0009921789169311523,0.24660928547382355,0.0,0.9042022228240967,0.4255417287349701,2.277214527130127,0.0
0,89,None,False,"15,51,10,73,89,78,126,124,61,131",1.0093680620193481,-1.539160966873169,-1.03855299949646,-0.802541971206665,7.998907566070557,6.944468975067139,0.010334456339478493,0.0,0.0,0.010334456339478493,0.014002442359924316,-0.0036679860204458237,0.11342540383338928,0.0,1.0736690759658813,0.44196704030036926,2.277214527130127,0.0
0,90,None,False,"15,51,10,73,89,78,126,124,61,131",1.060986876487732,-2.127610683441162,-0.9608780741691589,-0.8207281231880188,7.999364852905273,5.979996204376221,0.00047830940457060933,0.0,0.0,0.00047830940457060933,0.012392759323120117,-0.011914449743926525,-0.4046930968761444,0.0,1.0365774631500244,0.35530945658683777,2.277214527130127,0.0
0,91,None,False,"15,51,10,73,89,78,126,124,61,131",1.0444444417953491,-1.7652819156646729,-0.8558955788612366,-0.9854187369346619,7.9994354248046875,3.4245665073394775,0.006997573189437389,0.0,0.0,0.006997573189437389,0.020910978317260742,-0.013913405127823353,-0.2208561897277832,0.0,1.0428178310394287,0.38335832953453064,2.277214527130127,0.0
0,92,None,False,"15,51,10,73,89,78,126,124,61,131",0.9834527969360352,-2.191699266433716,-1.2548571825027466,-0.709308922290802,7.99912691116333,4.355551719665527,0.01968710497021675,0.0,0.0,0.01968710497021675,0.024500489234924316,-0.004813384264707565,0.16970758140087128,0.0,1.024924635887146,0.26406607031822205,2.277214527130127,0.0
0,93,None,False,"15,51,10,73,89,78,126,124,61,131",1.1225545406341553,-1.7758954763412476,-0.819865345954895,-1.2096279859542847,7.999447822570801,5.126020908355713,0.01627069152891636,0.0,0.0,0.01627069152891636,0.020259499549865723,-0.003988808020949364,0.10886340588331223,0.0,0.8832324147224426,0.3363485336303711,2.277214527130127,0.0
0,94,None,False,"15,51,10,73,89,78,126,124,61,131",0.9851524233818054,-2.1667184829711914,-0.8655139207839966,-1.0424144268035889,7.999486446380615,5.682435989379883,0.010269147343933582,0.0,0.0,0.010269147343933582,0.016449689865112305,-0.006180542521178722,0.0751558393239975,0.0,1.0085448026657104,0.329314261674881,2.277214527130127,0.0
0,95,None,False,"15,51,10,73,89,78,126,124,61,131",1.0320713520050049,-2.0630741119384766,-1.09062659740448,-0.8166694641113281,7.999325752258301,4.231827735900879,0.034607887268066406,0.0,0.0,0.034607887268066406,0.03040170669555664,0.004206180572509766,0.47957274317741394,0.0,0.7789890766143799,0.3308072090148926,2.277214527130127,0.0
0,96,None,False,"15,51,10,73,89,78,126,124,61,131",1.0635980367660522,-2.171769618988037,-1.0465036630630493,-1.0675840377807617,7.99937629699707,3.823728322982788,0.03828420117497444,0.0,0.0,0.03828420117497444,0.03037583827972412,0.00790836289525032,0.422273188829422,0.0,0.7447565793991089,0.2926071584224701,2.277214527130127,0.0
0,97,None,False,"15,51,10,73,89,78,126,124,61,131",1.022275686264038,-2.2324280738830566,-1.1238304376602173,-1.10464608669281,7.999030113220215,4.942319393157959,0.018755584955215454,0.0,0.0,0.018755584955215454,0.029688239097595215,-0.01093265414237976,0.09086237102746964,0.0,0.5651734471321106,0.23083990812301636,2.277214527130127,0.0
0,98,None,False,"15,51,10,73,89,78,126,124,61,131",1.0840481519699097,-1.6999077796936035,-1.0869508981704712,-0.8124301433563232,7.9992265701293945,5.88981819152832,0.03086606226861477,0.0,0.0,0.03086606226861477,0.033661723136901855,-0.0027956608682870865,0.36524397134780884,0.0,0.5954314470291138,0.3370574116706848,2.277214527130127,0.0
0,99,None,False,"15,51,10,73,89,78,126,124,61,131",1.0678850412368774,-2.089339017868042,-1.0270191431045532,-0.8693294525146484,7.999345779418945,3.7539539337158203,0.035851407796144485,0.0,0.0,0.035851407796144485,0.04076051712036133,-0.004909109324216843,0.3022820055484772,0.0,0.7237913608551025,0.37171483039855957,2.277214527130127,0.0
0,100,Schedule,True,"22,126,30,108,37,77,60,53,33,117",1.0463002920150757,-1.8556499481201172,-1.0170665979385376,-1.0641781091690063,7.998930931091309,4.871825695037842,0.011359232477843761,0.05099999864896138,0.017999999523162842,-0.057640764862298965,0.023769617080688477,-0.08141037821769714,-2.733215093612671,-13.604735374450684,0.7128710746765137,0.293692409992218,2.277214527130127,0.0
0,101,None,False,"22,126,30,108,37,77,60,53,33,117",1.0800464153289795,-2.3340485095977783,-1.0082285404205322,-0.9574618935585022,7.998961448669434,6.093961715698242,0.0038115798961371183,0.0,0.0,0.0038115798961371183,0.021952509880065918,-0.01814093068242073,-0.5980554223060608,0.0,0.6918584108352661,0.31155645847320557,2.277214527130127,0.0
0,102,None,False,"22,126,30,108,37,77,60,53,33,117",0.991169810295105,-2.1817941665649414,-1.0764354467391968,-0.8993282914161682,7.999297142028809,4.6516313552856445,0.004785758443176746,0.0,0.0,0.004785758443176746,0.011499404907226562,-0.006713646464049816,0.14330169558525085,0.0,0.6941831111907959,0.29390811920166016,2.277214527130127,0.0
0,103,None,False,"22,126,30,108,37,77,60,53,33,117",1.0415502786636353,-1.8390297889709473,-0.9799169898033142,-1.0913904905319214,7.999172687530518,5.250227928161621,0.017116164788603783,0.0,0.0,0.017116164788603783,0.011912226676940918,0.005203938111662865,0.7388098835945129,0.0,0.7962867617607117,0.2867196202278137,2.277214527130127,0.0
0,104,None,False,"22,126,30,108,37,77,60,53,33,117",1.0369092226028442,-1.9298641681671143,-0.9790419936180115,-0.9324823617935181,7.9993672370910645,3.5783753395080566,0.014233541674911976,0.0,0.0,0.014233541674911976,0.004590034484863281,0.009643507190048695,0.7140309810638428,0.0,0.7475405335426331,0.3534100651741028,2.277214527130127,0.0
0,105,None,False,"22,126,30,108,37,77,60,53,33,117",1.029564619064331,-2.141373872756958,-1.1011645793914795,-0.7346115112304688,7.999151229858398,4.881196022033691,0.006716495845466852,0.0,0.0,0.006716495845466852,0.004304409027099609,0.002412086818367243,0.42612868547439575,0.0,0.7089359164237976,0.3768095374107361,2.277214527130127,0.0
0,106,None,False,"22,126,30,108,37,77,60,53,33,117",1.0337719917297363,-1.886292576789856,-0.9874928593635559,-1.112285852432251,7.999585151672363,5.450727939605713,0.03190113231539726,0.0,0.0,0.03190113231539726,0.011382818222045898,0.020518314093351364,1.068707823753357,0.0,0.6929217576980591,0.38505253195762634,2.277214527130127,0.0
0,107,None,False,"22,126,30,108,37,77,60,53,33,117",1.1072559356689453,-1.9897050857543945,-1.0170305967330933,-1.0820848941802979,7.999252796173096,3.808281660079956,0.035924218595027924,0.0,0.0,0.035924218595027924,0.028179168701171875,0.007745049893856049,0.6186725497245789,0.0,0.8068171739578247,0.38239508867263794,2.277214527130127,0.0
0,108,None,False,"22,126,30,108,37,77,60,53,33,117",1.081872582435608,-1.9506266117095947,-1.0997166633605957,-0.8600324988365173,7.999328136444092,3.750427722930908,0.027225876227021217,0.0,0.0,0.027225876227021217,0.022061705589294434,0.005164170637726784,0.4693751335144043,0.0,0.7393696904182434,0.3547792434692383,2.277214527130127,0.0
0,109,None,False,"22,126,30,108,37,77,60,53,33,117",0.9783004522323608,-2.003464698791504,-1.151286244392395,-0.9413448572158813,7.999258995056152,4.026841163635254,0.0238206684589386,0.0,0.0,0.0238206684589386,0.02290356159210205,0.0009171068668365479,0.1864224523305893,0.0,0.8122013807296753,0.4120104908943176,2.277214527130127,0.0
0,110,None,False,"22,126,30,108,37,77,60,53,33,117",1.0205351114273071,-1.9461778402328491,-0.8753240704536438,-0.925281822681427,7.99935245513916,4.001022815704346,0.014735233969986439,0.0,0.0,0.014735233969986439,0.014943480491638184,-0.00020824652165174484,-0.11040688306093216,0.0,0.70354825258255,0.34489765763282776,2.277214527130127,0.0
0,111,None,False,"22,126,30,108,37,77,60,53,33,117",1.0387099981307983,-2.1275241374969482,-0.9999086856842041,-0.9799498915672302,7.999363422393799,2.6731042861938477,0.0014200567966327071,0.0,0.0,0.0014200567966327071,0.005183577537536621,-0.003763520624488592,0.06791210174560547,0.0,0.7065173983573914,0.3656841218471527,2.277214527130127,0.0
0,112,None,False,"22,126,30,108,37,77,60,53,33,117",1.064407467842102,-1.9261821508407593,-1.1169706583023071,-0.9268683791160583,7.998931884765625,3.9137160778045654,-0.0035178721882402897,0.0,0.0,-0.0035178721882402897,0.0015915632247924805,-0.00510943541303277,0.10564317554235458,0.0,0.6106504797935486,0.3189624547958374,2.277214527130127,0.0
0,113,None,False,"22,126,30,108,37,77,60,53,33,117",1.002642273902893,-2.010963201522827,-1.0687634944915771,-0.8287348747253418,7.999522686004639,4.263901710510254,-0.0013891219859942794,0.0,0.0,-0.0013891219859942794,0.0036797523498535156,-0.005068874452263117,0.13827160000801086,0.0,0.5620301961898804,0.2388104647397995,2.277214527130127,0.0
0,114,Schedule,True,"137,130,93,78,121,120,21,109,54,81",0.9746155738830566,-2.0506374835968018,-1.1243360042572021,-1.1126333475112915,7.999225616455078,5.881382465362549,0.006443798542022705,0.056666666666666664,0.02,-0.070222869515419,0.005321025848388672,-0.07554389536380768,-2.6655688285827637,-13.269003868103027,0.518876850605011,0.277895450592041,2.277214527130127,0.0
0,115,None,False,"137,130,93,78,121,120,21,109,54,81",1.0745460987091064,-1.8617714643478394,-0.9447649717330933,-0.9800857901573181,7.999496936798096,5.124330520629883,0.023853396996855736,0.0,0.0,0.023853396996855736,0.024676084518432617,-0.0008226875215768814,0.26594191789627075,0.0,0.5154792070388794,0.29254716634750366,2.277214527130127,0.0
0,116,None,False,"137,130,93,78,121,120,21,109,54,81",1.0316200256347656,-2.1008965969085693,-1.095725178718567,-0.9333409667015076,7.999366283416748,4.294807434082031,0.03532906621694565,0.0,0.0,0.03532906621694565,0.031354427337646484,0.003974638879299164,0.4675138294696808,0.0,0.5527713298797607,0.22806888818740845,2.277214527130127,0.0
0,117,None,False,"137,130,93,78,121,120,21,109,54,81",1.0289753675460815,-1.8654241561889648,-0.8548139333724976,-0.8257320523262024,7.9992852210998535,4.727527618408203,0.03210676461458206,0.0,0.0,0.03210676461458206,0.026105642318725586,0.006001122295856476,0.6282573342323303,0.0,0.4983943998813629,0.23008276522159576,2.277214527130127,0.0
0,118,None,False,"137,130,93,78,121,120,21,109,54,81",1.0719807147979736,-2.1637184619903564,-1.0828680992126465,-0.7548162937164307,7.9990973472595215,5.577442646026611,0.019687796011567116,0.0,0.0,0.019687796011567116,0.02117002010345459,-0.001482224091887474,0.38169538974761963,0.0,0.41714584827423096,0.23443296551704407,2.277214527130127,0.0
0,119,None,False,"137,130,93,78,121,120,21,109,54,81",1.056931972503662,-2.1135590076446533,-0.8320083618164062,-0.957506537437439,7.999345779418945,3.5291800498962402,0.016944164410233498,0.0,0.0,0.016944164410233498,0.011930704116821289,0.0050134602934122086,0.6436815857887268,0.0,0.4296185374259949,0.24041959643363953,2.277214527130127,0.0
0,120,None,False,"137,130,93,78,121,120,21,109,54,81",1.0721176862716675,-2.08876371383667,-1.126862645149231,-0.8925344347953796,7.999068737030029,4.688330173492432,0.018028074875473976,0.0,0.0,0.018028074875473976,0.009580612182617188,0.008447462692856789,0.7145421504974365,0.0,0.3839115500450134,0.2487913966178894,2.277214527130127,0.0
0,121,None,False,"137,130,93,78,121,120,21,109,54,81",1.1156975030899048,-1.932115912437439,-0.6482582688331604,-1.2633347511291504,7.99949312210083,5.241637229919434,0.012301182374358177,0.0,0.0,0.012301182374358177,0.008851408958435059,0.0034497734159231186,0.4129927158355713,0.0,0.3789871335029602,0.23583123087882996,2.277214527130127,0.0
0,122,None,False,"137,130,93,78,121,120,21,109,54,81",1.0678514242172241,-2.109511137008667,-1.1591743230819702,-0.8522428274154663,7.99943733215332,4.944460391998291,0.012812095694243908,0.0,0.0,0.012812095694243908,0.009927153587341309,0.0028849421069025993,0.4095648229122162,0.0,0.5017480254173279,0.23848754167556763,2.277214527130127,0.0
0,123,None,False,"137,130,93,78,121,120,21,109,54,81",1.0767420530319214,-2.060112237930298,-1.1334017515182495,-0.6734629273414612,7.999163627624512,3.866088390350342,0.014848476275801659,0.0,0.0,0.014848476275801659,0.014465689659118652,0.0003827866166830063,0.27411141991615295,0.0,0.5067641139030457,0.22933754324913025,2.277214527130127,0.0
0,124,None,False,"137,130,93,78,121,120,21,109,54,81",0.9799489974975586,-1.9984381198883057,-1.1378415822982788,-0.8951271772384644,7.999319553375244,5.4073967933654785,0.026531273499131203,0.0,0.0,0.026531273499131203,0.02477264404296875,0.0017586294561624527,0.29381462931632996,0.0,0.5876843929290771,0.22723184525966644,2.277214527130127,0.0
0,125,None,False,"137,130,93,78,121,120,21,109,54,81",1.063997507095337,-1.9571168422698975,-1.0486289262771606,-0.8868215680122375,7.999344825744629,4.066477298736572,0.030651962384581566,0.0,0.0,0.030651962384581566,0.024372220039367676,0.00627974234521389,0.5590830445289612,0.0,0.4809897541999817,0.20786269009113312,2.277214527130127,0.0
0,126,None,False,"137,130,93,78,121,120,21,109,54,81",0.910123348236084,-2.160593271255493,-1.1587315797805786,-0.9514161348342896,7.999408721923828,4.990713119506836,0.03624711558222771,0.0,0.0,0.03624711558222771,0.015082478523254395,0.021164637058973312,1.501794457435608,0.0,0.5894684195518494,0.2508604824542999,2.277214527130127,0.0
0,127,None,False,"137,130,93,78,121,120,21,109,54,81",1.0336296558380127,-2.2996697425842285,-1.0180017948150635,-1.0107027292251587,7.999046802520752,6.050773620605469,0.07181322574615479,0.0,0.0,0.07181322574615479,0.02168118953704834,0.050132036209106445,2.10300612449646,0.0,0.6509928703308105,0.25436437129974365,2.277214527130127,0.0
