batch_idx,timestep,trigger,rebalanced,selected_stocks,risk_eta,dir_logit_bear,dir_logit_side,dir_logit_bull,c_mkt_norm,c_mkt_diff,raw_return,turnover_penalty,symdiff_penalty,net_reward,baseline,advantage,advantage_norm,pg_loss,risk_loss,dir_loss,grad_norm,skipped_update
0,0,Schedule | Regime Shift (Initial),True,"30,108,58,66,115,37,97,18,10,50",1.097214698791504,-1.872305154800415,-1.294331431388855,-0.6066930294036865,7.999809265136719,0.0,0.017299849539995193,0.0,0.0,0.017299849539995193,0.014465689659118652,0.002834159880876541,0.21840408444404602,1.0336443185806274,0.5373024344444275,0.3415454030036926,2.7323875427246094,0.0
0,1,None,False,"30,108,58,66,115,37,97,18,10,50",1.0555037260055542,-2.3261375427246094,-1.3491909503936768,-0.7201536893844604,7.999699592590332,5.836601734161377,0.022216135635972023,0.0,0.0,0.022216135635972023,0.02477264404296875,-0.002556508406996727,0.27912765741348267,0.0,0.7775317430496216,0.33278363943099976,2.7323875427246094,0.0
0,2,None,False,"30,108,58,66,115,37,97,18,10,50",1.1470296382904053,-1.7635295391082764,-1.032224416732788,-0.9866312742233276,7.999752998352051,5.477145671844482,0.023660147562623024,0.0,0.0,0.023660147562623024,0.024372220039367676,-0.0007120724767446518,0.11804236471652985,0.0,0.782505214214325,0.4259617328643799,2.7323875427246094,0.0
0,3,None,False,"30,108,58,66,115,37,97,18,10,50",1.1106913089752197,-2.1712398529052734,-1.356170892715454,-0.5764526128768921,7.999764919281006,4.7769880294799805,0.023348737508058548,0.0,0.0,0.023348737508058548,0.015082478523254395,0.008266258984804153,0.3478798568248749,0.0,0.9469917416572571,0.4146231412887573,2.7323875427246094,0.0
0,4,None,False,"30,108,58,66,115,37,97,18,10,50",1.10103178024292,-1.9917937517166138,-0.9453569650650024,-0.7399579286575317,7.999765396118164,6.085535526275635,0.039367884397506714,0.0,0.0,0.039367884397506714,0.02168118953704834,0.017686694860458374,0.4516649544239044,0.0,0.9215143322944641,0.4501801133155823,2.7323875427246094,0.0
0,5,None,False,"30,108,58,66,115,37,97,18,10,50",1.089285969734192,-1.95693039894104,-1.1551626920700073,-0.7204703688621521,7.999819755554199,4.428886413574219,0.036213796585798264,0.0,0.0,0.036213796585798264,0.021342158317565918,0.014871638268232346,0.4599090814590454,0.0,0.9653037190437317,0.4663454592227936,2.7323875427246094,0.0
0,6,None,False,"30,108,58,66,115,37,97,18,10,50",1.0912024974822998,-1.9722075462341309,-1.2640182971954346,-0.6844443082809448,7.999764919281006,2.9181463718414307,0.04929779842495918,0.0,0.0,0.04929779842495918,0.016625165939331055,0.03267263248562813,0.6301749348640442,0.0,0.9765889644622803,0.46007248759269714,2.7323875427246094,0.0
0,7,None,False,"30,108,58,66,115,37,97,18,10,50",1.139158844947815,-1.7945685386657715,-0.8595848083496094,-0.8378785848617554,7.999819755554199,4.030028820037842,0.022729117423295975,0.0,0.0,0.022729117423295975,0.004214882850646973,0.018514234572649002,0.5259361863136292,0.0,0.8842052221298218,0.44171279668807983,2.7323875427246094,0.0
0,8,None,False,"30,108,58,66,115,37,97,18,10,50",1.103594183921814,-1.9049893617630005,-0.9598434567451477,-0.8357726335525513,7.999817371368408,3.9236133098602295,0.021245384588837624,0.0,0.0,0.021245384588837624,0.010186076164245605,0.011059308424592018,0.33743929862976074,0.0,0.9789190292358398,0.4691121578216553,2.7323875427246094,0.0
0,9,None,False,"30,108,58,66,115,37,97,18,10,50",1.0948517322540283,-2.0178160667419434,-1.3430966138839722,-0.5214440822601318,7.999823093414307,4.490980625152588,0.010912900790572166,0.0,0.0,0.010912900790572166,0.008364081382751465,0.0025488194078207016,0.2174074500799179,0.0,1.0160138607025146,0.5292247533798218,2.7323875427246094,0.0
0,10,None,False,"30,108,58,66,115,37,97,18,10,50",1.1444635391235352,-2.195831060409546,-1.298495888710022,-0.7490862011909485,7.9997382164001465,4.28594446182251,0.00538784870877862,0.0,0.0,0.00538784870877862,0.007823944091796875,-0.0024360953830182552,0.301177978515625,0.0,1.082064151763916,0.5119435787200928,2.7323875427246094,0.0
0,11,None,False,"30,108,58,66,115,37,97,18,10,50",1.102568507194519,-2.1244213581085205,-1.116698980331421,-0.6728459596633911,7.999795913696289,4.440526008605957,-0.0007440865156240761,0.0,0.0,-0.0007440865156240761,0.008397698402404785,-0.009141785092651844,0.17525291442871094,0.0,1.0292203426361084,0.45100730657577515,2.7323875427246094,0.0
0,12,None,False,"30,108,58,66,115,37,97,18,10,50",0.9827062487602234,-1.8309881687164307,-1.225964069366455,-0.7242769002914429,7.9996514320373535,6.619480133056641,0.016153043136000633,0.0,0.0,0.016153043136000633,0.016896486282348633,-0.0007434431463479996,0.28008517622947693,0.0,0.99868243932724,0.4357810616493225,2.7323875427246094,0.0
0,13,None,False,"30,108,58,66,115,37,97,18,10,50",1.117532730102539,-1.914339303970337,-1.1793962717056274,-0.5427526235580444,7.999800205230713,7.529566764831543,0.013594090938568115,0.0,0.0,0.013594090938568115,0.023203611373901367,-0.009609520435333252,0.27595627307891846,0.0,1.1743961572647095,0.5085219740867615,2.7323875427246094,0.0
0,14,Schedule,True,"68,76,133,131,100,92,55,6,118,19",1.047956109046936,-1.8469995260238647,-0.6718965172767639,-0.8386703729629517,7.999707221984863,7.033875942230225,0.029770631343126297,0.056666666666666664,0.3,-0.3268960416316986,0.02707076072692871,-0.3539668023586273,-0.9028662443161011,-4.533862590789795,1.131675362586975,0.4416210651397705,2.7323875427246094,0.0
0,15,None,False,"68,76,133,131,100,92,55,6,118,19",1.0703728199005127,-1.9297208786010742,-1.1288938522338867,-0.7058850526809692,7.999813556671143,4.996613502502441,0.010034906677901745,0.0,0.0,0.010034906677901745,0.01188671588897705,-0.001851809211075306,0.16742615401744843,0.0,0.9077885746955872,0.38359886407852173,2.7323875427246094,0.0
0,16,None,False,"68,76,133,131,100,92,55,6,118,19",1.0612986087799072,-2.032231092453003,-1.2928566932678223,-0.6639869213104248,7.999768257141113,2.9832935333251953,-0.006671100854873657,0.0,0.0,-0.006671100854873657,-0.0051239728927612305,-0.0015471279621124268,0.20312617719173431,0.0,0.8221360445022583,0.38141220808029175,2.7323875427246094,0.0
0,17,None,False,"68,76,133,131,100,92,55,6,118,19",1.0690959692001343,-1.8190172910690308,-1.1419532299041748,-0.6092207431793213,7.999793529510498,4.40626859664917,-0.007975715212523937,0.0,0.0,-0.007975715212523937,-0.0038726329803466797,-0.0041030822321772575,0.202864408493042,0.0,0.7501517534255981,0.3148091733455658,2.7323875427246094,0.0
0,18,None,False,"68,76,133,131,100,92,55,6,118,19",1.0728803873062134,-1.9984583854675293,-1.1935771703720093,-0.5803364515304565,7.999768257141113,3.343320369720459,-0.022889811545610428,0.0,0.0,-0.022889811545610428,-0.007268011569976807,-0.015621799975633621,0.286960631608963,0.0,0.7256238460540771,0.3807080388069153,2.7323875427246094,0.0
0,19,None,False,"68,76,133,131,100,92,55,6,118,19",1.0685572624206543,-1.9361761808395386,-1.2167587280273438,-0.8362340927124023,7.999818325042725,5.064361572265625,-0.03542066365480423,0.0,0.0,-0.03542066365480423,-0.012857675552368164,-0.022562988102436066,0.19795745611190796,0.0,0.810803234577179,0.4043163061141968,2.7323875427246094,0.0
0,20,None,False,"68,76,133,131,100,92,55,6,118,19",1.0897201299667358,-1.9577915668487549,-1.2336277961730957,-0.7345253229141235,7.999815940856934,3.2036452293395996,-0.025387877598404884,0.0,0.0,-0.025387877598404884,-0.0015456080436706543,-0.02384226955473423,-0.052109234035015106,0.0,0.6979683041572571,0.3090686798095703,2.7323875427246094,0.0
0,21,None,False,"68,76,133,131,100,92,55,6,118,19",1.0175113677978516,-2.015591621398926,-1.3823211193084717,-0.7287914752960205,7.999765872955322,4.482232570648193,-0.022889334708452225,0.0,0.0,-0.022889334708452225,-0.003858029842376709,-0.019031304866075516,-0.1516309380531311,0.0,0.700206458568573,0.3966909945011139,2.7323875427246094,0.0
0,22,None,False,"68,76,133,131,100,92,55,6,118,19",0.9465142488479614,-2.112285852432251,-1.1602636575698853,-0.6820327043533325,7.999636650085449,7.127082347869873,-0.01649222895503044,0.0,0.0,-0.01649222895503044,-0.014763593673706055,-0.0017286352813243866,0.24881500005722046,0.0,0.7870939373970032,0.380375474691391,2.7323875427246094,0.0
0,23,None,False,"68,76,133,131,100,92,55,6,118,19",1.1484582424163818,-1.71867835521698,-1.0134087800979614,-0.9670654535293579,7.999782085418701,7.452873706817627,-0.011940574273467064,0.0,0.0,-0.011940574273467064,-0.022024154663085938,0.010083580389618874,0.3997080624103546,0.0,0.9815151691436768,0.3904472887516022,2.7323875427246094,0.0
0,24,None,False,"68,76,133,131,100,92,55,6,118,19",1.1205235719680786,-1.874153971672058,-1.0909850597381592,-0.8100372552871704,7.999802589416504,3.0178613662719727,-0.006328475661575794,0.0,0.0,-0.006328475661575794,-0.02499157190322876,0.01866309717297554,0.4690343737602234,0.0,0.8266482353210449,0.3906901478767395,2.7323875427246094,0.0
0,25,None,False,"68,76,133,131,100,92,55,6,118,19",1.1463676691055298,-2.1140196323394775,-0.9870450496673584,-1.1332952976226807,7.999619007110596,4.408962726593018,-0.00022052526765037328,0.0,0.0,-0.00022052526765037328,-0.03321337699890137,0.03299285098910332,1.9160417318344116,0.0,0.9351550936698914,0.36585330963134766,2.7323875427246094,0.0
0,26,None,False,"68,76,133,131,100,92,55,6,118,19",1.086422085762024,-2.0492985248565674,-1.1403307914733887,-0.8995108604431152,7.999806880950928,4.8565168380737305,0.0066082836128771305,0.0,0.0,0.0066082836128771305,-0.02327960729598999,0.029887890443205833,0.6532289385795593,0.0,0.9464517831802368,0.3823493719100952,2.7323875427246094,0.0
0,27,Struct Break (DC),True,"43,14,65,138,93,124,73,91,23,84",1.0774726867675781,-2.1248390674591064,-1.1672556400299072,-0.8260108232498169,7.99979829788208,4.886358737945557,0.006848835851997137,0.056666666666666664,0.3,-0.34981784224510193,-0.005807220935821533,-0.3440106213092804,-3.633481740951538,-18.078474044799805,0.9143790006637573,0.47256535291671753,2.7323875427246094,0.0
0,28,None,False,"43,14,65,138,93,124,73,91,23,84",1.1085059642791748,-2.165118455886841,-1.1442489624023438,-0.8950854539871216,7.999807834625244,3.5165724754333496,0.013779896311461926,0.0,0.0,0.013779896311461926,0.01138150691986084,0.0023983893916010857,0.8001738786697388,0.0,0.9760472774505615,0.44462722539901733,2.7323875427246094,0.0
0,29,None,False,"43,14,65,138,93,124,73,91,23,84",1.0127224922180176,-1.8995616436004639,-1.2535755634307861,-0.8389606475830078,7.999764919281006,3.53601336479187,0.012362843379378319,0.0,0.0,0.012362843379378319,0.01322793960571289,-0.0008650962263345718,0.24651901423931122,0.0,0.9180697202682495,0.4104447364807129,2.7323875427246094,0.0
0,30,None,False,"43,14,65,138,93,124,73,91,23,84",1.1653270721435547,-2.254081964492798,-1.1622769832611084,-0.7253851890563965,7.999782085418701,5.330060005187988,0.029603630304336548,0.0,0.0,0.029603630304336548,0.028043270111083984,0.0015603601932525635,0.17609016597270966,0.0,0.8921438455581665,0.39588236808776855,2.7323875427246094,0.0
0,31,None,False,"43,14,65,138,93,124,73,91,23,84",1.0958328247070312,-1.8092139959335327,-0.9953123331069946,-0.8661624789237976,7.999820709228516,5.056159973144531,0.026149099692702293,0.0,0.0,0.026149099692702293,0.03877890110015869,-0.012629801407456398,0.06625530868768692,0.0,0.9050995111465454,0.37094753980636597,2.7323875427246094,0.0
0,32,None,False,"43,14,65,138,93,124,73,91,23,84",1.0430057048797607,-2.0604987144470215,-0.8418872952461243,-0.8048433065414429,7.999729156494141,5.396121501922607,0.018943315371870995,0.0,0.0,0.018943315371870995,0.030022740364074707,-0.011079424992203712,0.11394526064395905,0.0,0.645463228225708,0.3631126880645752,2.7323875427246094,0.0
0,33,None,False,"43,14,65,138,93,124,73,91,23,84",1.0913197994232178,-2.00152850151062,-1.121451735496521,-0.7986664772033691,7.999804496765137,4.474212169647217,0.011879568919539452,0.0,0.0,0.011879568919539452,0.011586308479309082,0.00029326044023036957,0.4301428198814392,0.0,0.7612038254737854,0.4084032475948334,2.7323875427246094,0.0
0,34,None,False,"43,14,65,138,93,124,73,91,23,84",1.1292685270309448,-1.8383235931396484,-1.082327961921692,-0.6942561864852905,7.999817371368408,3.0160939693450928,0.020521897822618484,0.0,0.0,0.020521897822618484,0.013164043426513672,0.007357854396104813,0.30005618929862976,0.0,0.6987829208374023,0.38691332936286926,2.7323875427246094,0.0
0,35,None,False,"43,14,65,138,93,124,73,91,23,84",1.0808067321777344,-2.225992202758789,-1.0831533670425415,-0.7386906743049622,7.999763488769531,5.171253681182861,0.02105150744318962,0.0,0.0,0.02105150744318962,0.013614773750305176,0.007436733692884445,0.37668052315711975,0.0,0.5936235189437866,0.3112896978855133,2.7323875427246094,0.0
0,36,None,False,"43,14,65,138,93,124,73,91,23,84",1.0485671758651733,-2.271430253982544,-1.2157585620880127,-0.9875894784927368,7.999800682067871,5.969277858734131,0.024406999349594116,0.0,0.0,0.024406999349594116,0.016050100326538086,0.00835689902305603,0.4832848906517029,0.0,0.5804210305213928,0.3304566740989685,2.7323875427246094,0.0
0,37,None,False,"43,14,65,138,93,124,73,91,23,84",1.1513392925262451,-2.032545328140259,-1.0810909271240234,-0.8490298390388489,7.999817848205566,4.902163028717041,0.0169520266354084,0.0,0.0,0.0169520266354084,0.013165116310119629,0.0037869103252887726,0.3605358600616455,0.0,0.557864248752594,0.3155915439128876,2.7323875427246094,0.0
0,38,None,False,"43,14,65,138,93,124,73,91,23,84",1.1047769784927368,-2.027517557144165,-1.1664950847625732,-0.7021799087524414,7.999833106994629,3.6437337398529053,0.0033951043151319027,0.0,0.0,0.0033951043151319027,-0.000662684440612793,0.004057788755744696,0.2848483920097351,0.0,0.47295767068862915,0.31836891174316406,2.7323875427246094,0.0
0,39,None,False,"43,14,65,138,93,124,73,91,23,84",1.0921564102172852,-1.9395183324813843,-1.2822006940841675,-0.6522732973098755,7.999814510345459,3.301342248916626,-0.018499935045838356,0.0,0.0,-0.018499935045838356,-0.006643772125244141,-0.011856162920594215,-0.8050272464752197,0.0,0.5862499475479126,0.34449294209480286,2.7323875427246094,0.0
0,40,None,False,"43,14,65,138,93,124,73,91,23,84",1.0973801612854004,-1.991685152053833,-1.1505128145217896,-0.738006591796875,7.999730587005615,4.752010345458984,-0.02279980108141899,0.0,0.0,-0.02279980108141899,-0.01507711410522461,-0.007722686976194382,0.16063140332698822,0.0,0.5848149657249451,0.30356651544570923,2.7323875427246094,0.0
0,41,Schedule,True,"83,73,108,139,19,30,39,32,75,134",1.080143928527832,-1.8662227392196655,-1.0156745910644531,-0.8868973255157471,7.999785423278809,4.270280361175537,-0.01723431423306465,0.05099999864896138,0.26999999284744264,-0.3382343053817749,-0.013956248760223389,-0.3242780566215515,-3.898242473602295,-19.389745712280273,0.5287229418754578,0.3235008716583252,2.7323875427246094,0.0
0,42,None,False,"83,73,108,139,19,30,39,32,75,134",1.0049113035202026,-2.1696979999542236,-1.2481625080108643,-0.6955174207687378,7.999749183654785,6.479964733123779,0.001093786908313632,0.0,0.0,0.001093786908313632,-0.014081120491027832,0.015174907632172108,0.6428614258766174,0.0,0.413662850856781,0.3232857286930084,2.7323875427246094,0.0
0,43,None,False,"83,73,108,139,19,30,39,32,75,134",1.0933829545974731,-1.7620337009429932,-0.9479080438613892,-0.8139393329620361,7.9997782707214355,5.307186603546143,0.028086716309189796,0.0,0.0,0.028086716309189796,0.004176616668701172,0.023910099640488625,0.5046523213386536,0.0,0.4867899417877197,0.35425713658332825,2.7323875427246094,0.0
0,44,None,False,"83,73,108,139,19,30,39,32,75,134",1.1259162425994873,-2.0246593952178955,-1.2984224557876587,-0.8542059063911438,7.999711990356445,6.265501499176025,0.007908863015472889,0.0,0.0,0.007908863015472889,-0.005769193172454834,0.013678056187927723,0.38636550307273865,0.0,0.6067559123039246,0.338779091835022,2.7323875427246094,0.0
0,45,None,False,"83,73,108,139,19,30,39,32,75,134",1.039802074432373,-2.1057703495025635,-1.0754547119140625,-0.6738036870956421,7.999790668487549,5.155754566192627,-0.002197265625,0.0,0.0,-0.002197265625,-0.000847935676574707,-0.001349329948425293,0.2849787175655365,0.0,0.815343976020813,0.3151823878288269,2.7323875427246094,0.0
0,46,None,False,"83,73,108,139,19,30,39,32,75,134",1.085369348526001,-1.7975465059280396,-1.039855718612671,-0.8214356899261475,7.999786376953125,3.865600347518921,-0.017209535464644432,0.0,0.0,-0.017209535464644432,-0.011947154998779297,-0.005262380465865135,0.2526852786540985,0.0,0.796231746673584,0.3192509412765503,2.7323875427246094,0.0
0,47,None,False,"83,73,108,139,19,30,39,32,75,134",1.059850811958313,-2.17571759223938,-1.3853425979614258,-0.6465827822685242,7.9997382164001465,6.63611364364624,-0.03584156557917595,0.0,0.0,-0.03584156557917595,-0.015515267848968506,-0.020326297730207443,0.32220953702926636,0.0,0.7160192728042603,0.3484172821044922,2.7323875427246094,0.0
0,48,None,False,"83,73,108,139,19,30,39,32,75,134",1.0650150775909424,-2.0546681880950928,-1.039426326751709,-0.7009543180465698,7.999806880950928,5.134783744812012,-0.04929756373167038,0.0,0.0,-0.04929756373167038,-0.016587018966674805,-0.032710544764995575,-0.008797677233815193,0.0,0.7313954830169678,0.33276838064193726,2.7323875427246094,0.0
0,49,None,False,"83,73,108,139,19,30,39,32,75,134",1.1044461727142334,-1.9406592845916748,-0.9989204406738281,-0.7881244421005249,7.999773979187012,4.900691986083984,-0.026129741221666336,0.0,0.0,-0.026129741221666336,-0.003695547580718994,-0.022434193640947342,0.19795407354831696,0.0,0.5472484827041626,0.31797704100608826,2.7323875427246094,0.0
0,50,None,False,"83,73,108,139,19,30,39,32,75,134",1.0612740516662598,-1.9512602090835571,-1.114296793937683,-0.8508363962173462,7.999744415283203,5.492432117462158,-0.016273653134703636,0.0,0.0,-0.016273653134703636,-0.004838109016418457,-0.01143554411828518,0.3361940085887909,0.0,0.6807994842529297,0.3394366204738617,2.7323875427246094,0.0
0,51,Struct Break (DC),True,"66,123,52,13,93,127,40,41,30,57",1.1020065546035767,-2.155785322189331,-1.1056302785873413,-0.7255516052246094,7.999723434448242,5.259857177734375,0.009356403723359108,0.05099999864896138,0.26999999284744264,-0.3116436004638672,0.003512740135192871,-0.31515634059906006,-2.449587106704712,-12.214838981628418,0.4429354667663574,0.3425709903240204,2.7323875427246094,0.0
0,52,None,False,"66,123,52,13,93,127,40,41,30,57",1.0565292835235596,-2.3936948776245117,-1.3933823108673096,-0.6924059987068176,7.999770164489746,5.584798336029053,0.008997445926070213,0.0,0.0,0.008997445926070213,0.00756072998046875,0.0014367159456014633,0.3327952027320862,0.0,0.645074725151062,0.3970903754234314,2.7323875427246094,0.0
0,53,None,False,"66,123,52,13,93,127,40,41,30,57",1.1265052556991577,-1.81361722946167,-1.0196294784545898,-0.7838951945304871,7.999837875366211,4.5763397216796875,0.007926160469651222,0.0,0.0,0.007926160469651222,0.007462024688720703,0.0004641357809305191,0.12474323064088821,0.0,0.6087559461593628,0.38909757137298584,2.7323875427246094,0.0
0,54,None,False,"66,123,52,13,93,127,40,41,30,57",1.1335772275924683,-2.2542059421539307,-1.1998447179794312,-0.7063009738922119,7.9997334480285645,4.041595935821533,0.009404647164046764,0.0,0.0,0.009404647164046764,0.009378194808959961,2.6452355086803436e-05,0.3086518943309784,0.0,0.541610598564148,0.3922756016254425,2.7323875427246094,0.0
0,55,None,False,"66,123,52,13,93,127,40,41,30,57",1.1118746995925903,-1.9625194072723389,-1.1173540353775024,-0.7124639749526978,7.999780654907227,3.2674975395202637,0.00894477404654026,0.0,0.0,0.00894477404654026,0.01023101806640625,-0.0012862440198659897,0.1324341595172882,0.0,0.7105099558830261,0.3996134400367737,2.7323875427246094,0.0
0,56,None,False,"66,123,52,13,93,127,40,41,30,57",1.0514609813690186,-1.9390171766281128,-0.8708940744400024,-0.7542775869369507,7.9996843338012695,4.525060176849365,0.002451431704685092,0.0,0.0,0.002451431704685092,0.006562709808349609,-0.004111277870833874,0.3867184817790985,0.0,0.8525850772857666,0.39498651027679443,2.7323875427246094,0.0
0,57,None,False,"66,123,52,13,93,127,40,41,30,57",1.1099568605422974,-1.7379705905914307,-1.1142137050628662,-0.799441397190094,7.9997758865356445,5.4943037033081055,0.008379632607102394,0.0,0.0,0.008379632607102394,0.008807897567749023,-0.00042826496064662933,0.17251025140285492,0.0,0.7786397933959961,0.3869403004646301,2.7323875427246094,0.0
0,58,None,False,"66,123,52,13,93,127,40,41,30,57",1.1359437704086304,-2.11582088470459,-1.2044649124145508,-0.8750298023223877,7.999749660491943,4.522723197937012,0.0061528743244707584,0.0,0.0,0.0061528743244707584,0.01199960708618164,-0.005846732761710882,0.11396615952253342,0.0,0.8537011742591858,0.3765496611595154,2.7323875427246094,0.0
0,59,None,False,"66,123,52,13,93,127,40,41,30,57",1.1397883892059326,-1.988663911819458,-1.1697152853012085,-0.6770834922790527,7.999787330627441,5.249928951263428,0.0038133442867547274,0.0,0.0,0.0038133442867547274,0.007746696472167969,-0.003933352418243885,0.27827590703964233,0.0,0.8237683773040771,0.41555747389793396,2.7323875427246094,0.0
0,60,None,False,"66,123,52,13,93,127,40,41,30,57",1.1504884958267212,-2.123702049255371,-1.3751816749572754,-0.5969645977020264,7.999730587005615,5.661676406860352,-0.010387646965682507,0.0,0.0,-0.010387646965682507,-0.003118455410003662,-0.0072691915556788445,0.15203174948692322,0.0,0.7496353387832642,0.3647826015949249,2.7323875427246094,0.0
0,61,None,False,"66,123,52,13,93,127,40,41,30,57",1.0204378366470337,-2.223177909851074,-0.9551486968994141,-0.7202475070953369,7.999763488769531,6.949802875518799,-0.011357259936630726,0.0,0.0,-0.011357259936630726,0.001526474952697754,-0.01288373488932848,0.34943175315856934,0.0,0.8323835134506226,0.34196433424949646,2.7323875427246094,0.0
0,62,None,False,"66,123,52,13,93,127,40,41,30,57",1.1404942274093628,-2.045081615447998,-1.2715201377868652,-0.5831903219223022,7.999802112579346,5.145383358001709,-0.006741833873093128,0.0,0.0,-0.006741833873093128,0.008223414421081543,-0.014965248294174671,0.06559857726097107,0.0,0.7716402411460876,0.423211932182312,2.7323875427246094,0.0
0,63,None,False,"66,123,52,13,93,127,40,41,30,57",1.0910648107528687,-1.826263427734375,-1.1047565937042236,-0.7535942792892456,7.999786376953125,3.942237138748169,0.004767715930938721,0.0,0.0,0.004767715930938721,0.008160829544067383,-0.003393113613128662,0.18994079530239105,0.0,0.9159897565841675,0.3288688063621521,2.7323875427246094,0.0
0,64,None,False,"66,123,52,13,93,127,40,41,30,57",1.0316317081451416,-2.4696784019470215,-1.1160482168197632,-0.8635300993919373,7.9997053146362305,6.438503265380859,0.0031550168059766293,0.0,0.0,0.0031550168059766293,0.012775182723999023,-0.009620165452361107,0.20295391976833344,0.0,0.868269145488739,0.38175493478775024,2.7323875427246094,0.0
0,65,Schedule,True,"86,5,49,128,99,85,32,102,14,97",1.1514248847961426,-2.080092191696167,-1.130918025970459,-0.794743001461029,7.999771595001221,7.489452362060547,0.02074161171913147,0.056666666666666664,0.3,-0.33592507243156433,0.023265361785888672,-0.359190434217453,-2.7085072994232178,-13.506511688232422,0.8155524730682373,0.39017969369888306,2.7323875427246094,0.0
0,66,None,False,"86,5,49,128,99,85,32,102,14,97",1.0887196063995361,-1.9701908826828003,-1.1928813457489014,-0.8450803160667419,7.999843597412109,5.303354263305664,0.010204458609223366,0.0,0.0,0.010204458609223366,0.015317559242248535,-0.005113100633025169,0.4755004644393921,0.0,0.771725058555603,0.31656140089035034,2.7323875427246094,0.0
0,67,None,False,"86,5,49,128,99,85,32,102,14,97",1.0829811096191406,-1.9700413942337036,-1.3008880615234375,-0.7200174331665039,7.999771595001221,3.937513589859009,-3.069639205932617e-06,0.0,0.0,-3.069639205932617e-06,0.008082151412963867,-0.0080852210521698,0.3133350610733032,0.0,0.6125394105911255,0.3450266122817993,2.7323875427246094,0.0
0,68,None,False,"86,5,49,128,99,85,32,102,14,97",1.120488166809082,-1.672865867614746,-1.147018313407898,-0.8949338793754578,7.9997453689575195,4.915483474731445,-0.0017512202030047774,0.0,0.0,-0.0017512202030047774,0.006798148155212402,-0.008549368008971214,0.3637391924858093,0.0,0.5475776195526123,0.32154378294944763,2.7323875427246094,0.0
0,69,None,False,"86,5,49,128,99,85,32,102,14,97",1.1231682300567627,-2.1581151485443115,-1.1054610013961792,-0.7122212648391724,7.999811172485352,4.27363920211792,-0.01640680432319641,0.0,0.0,-0.01640680432319641,0.00499880313873291,-0.02140560746192932,0.17948567867279053,0.0,0.731992244720459,0.34498274326324463,2.7323875427246094,0.0
0,70,None,False,"86,5,49,128,99,85,32,102,14,97",1.1087734699249268,-2.2372231483459473,-1.264051914215088,-0.5451983213424683,7.999807834625244,3.3299312591552734,-0.022959941998124123,0.0,0.0,-0.022959941998124123,0.0001621246337890625,-0.023122066631913185,0.2393256574869156,0.0,0.6924127340316772,0.4632259011268616,2.7323875427246094,0.0
0,71,None,False,"86,5,49,128,99,85,32,102,14,97",1.129957914352417,-2.006155252456665,-0.970131516456604,-0.762843132019043,7.999756336212158,4.039201259613037,-0.017581671476364136,0.0,0.0,-0.017581671476364136,0.003574967384338379,-0.021156638860702515,0.02535516582429409,0.0,0.8301904797554016,0.5174882411956787,2.7323875427246094,0.0
0,72,None,False,"86,5,49,128,99,85,32,102,14,97",1.106845498085022,-1.9932751655578613,-1.0508193969726562,-0.8920479416847229,7.999812126159668,5.167300701141357,-0.02242112159729004,0.0,0.0,-0.02242112159729004,-0.00044661760330200195,-0.021974503993988037,0.10732871294021606,0.0,0.8700305819511414,0.4853154420852661,2.7323875427246094,0.0
0,73,None,False,"86,5,49,128,99,85,32,102,14,97",1.1105709075927734,-2.0622808933258057,-1.103054165840149,-0.7935548424720764,7.999812126159668,3.0367724895477295,-0.029776811599731445,0.0,0.0,-0.029776811599731445,-0.004588067531585693,-0.025188744068145752,0.2615682780742645,0.0,1.0193158388137817,0.5485926866531372,2.7323875427246094,0.0
0,74,None,False,"86,5,49,128,99,85,32,102,14,97",1.1523137092590332,-2.117434024810791,-0.8865700364112854,-0.7082260251045227,7.999728202819824,4.5382843017578125,-0.02124943770468235,0.0,0.0,-0.02124943770468235,-0.004917502403259277,-0.016331935301423073,0.17400594055652618,0.0,0.9955525398254395,0.5002561211585999,2.7323875427246094,0.0
0,75,None,False,"86,5,49,128,99,85,32,102,14,97",1.0659024715423584,-2.0574564933776855,-1.142638087272644,-0.821918249130249,7.999802589416504,6.162429332733154,-0.01598304510116577,0.0,0.0,-0.01598304510116577,-0.006541609764099121,-0.00944143533706665,0.31534817814826965,0.0,1.2312830686569214,0.48418810963630676,2.7323875427246094,0.0
0,76,None,False,"86,5,49,128,99,85,32,102,14,97",1.0265370607376099,-2.249668598175049,-1.4741508960723877,-0.717902660369873,7.99968147277832,5.6838202476501465,-0.014941370114684105,0.0,0.0,-0.014941370114684105,-0.015154004096984863,0.00021263398230075836,0.36599594354629517,0.0,1.1262602806091309,0.4947139322757721,2.7323875427246094,0.0
0,77,None,False,"86,5,49,128,99,85,32,102,14,97",1.0606404542922974,-1.9358059167861938,-1.3816534280776978,-0.673987865447998,7.999797821044922,4.955811977386475,-0.0002666890504769981,0.0,0.0,-0.0002666890504769981,-0.003763914108276367,0.003497224999591708,0.2963581681251526,0.0,1.0377098321914673,0.5014837384223938,2.7323875427246094,0.0
0,78,None,False,"86,5,49,128,99,85,32,102,14,97",1.1141455173492432,-1.8203314542770386,-1.0789462327957153,-0.847402811050415,7.999807357788086,4.3542561531066895,0.0075629414059221745,0.0,0.0,0.0075629414059221745,-0.004295706748962402,0.01185864768922329,0.4021977186203003,0.0,1.019623041152954,0.520499050617218,2.7323875427246094,0.0
0,79,Schedule,True,"25,104,64,112,43,87,108,8,92,53",1.142195701599121,-2.005627393722534,-1.1063638925552368,-0.8928908109664917,7.999791145324707,4.280089855194092,-0.008894747123122215,0.056666666666666664,0.3,-0.36556142568588257,-0.0021712183952331543,-0.3633902072906494,-5.343998432159424,-26.579248428344727,1.1938928365707397,0.45210960507392883,2.7323875427246094,0.0
0,80,None,False,"25,104,64,112,43,87,108,8,92,53",1.1090205907821655,-1.7731170654296875,-1.0701054334640503,-1.0120587348937988,7.9997358322143555,5.2626423835754395,-0.007067829370498657,0.0,0.0,-0.007067829370498657,0.004878640174865723,-0.01194646954536438,0.1992218941450119,0.0,1.058011770248413,0.5264061689376831,2.7323875427246094,0.0
0,81,None,False,"25,104,64,112,43,87,108,8,92,53",1.0978283882141113,-2.297786235809326,-0.9484195709228516,-0.8681908845901489,7.999797821044922,6.707610607147217,-0.0030299187637865543,0.0,0.0,-0.0030299187637865543,0.014352202415466309,-0.017382120713591576,0.04458583518862724,0.0,1.2137811183929443,0.559007465839386,2.7323875427246094,0.0
0,82,None,False,"25,104,64,112,43,87,108,8,92,53",1.1474592685699463,-2.0022106170654297,-1.0821261405944824,-0.891272246837616,7.999701976776123,5.83173942565918,-0.0025702952407300472,0.0,0.0,-0.0025702952407300472,0.007866621017456055,-0.01043691672384739,0.29336217045783997,0.0,1.0684672594070435,0.5360578894615173,2.7323875427246094,0.0
0,83,None,False,"25,104,64,112,43,87,108,8,92,53",1.0648269653320312,-1.937157392501831,-0.9411735534667969,-0.8794741630554199,7.999776840209961,6.544524192810059,0.0007823586347512901,0.0,0.0,0.0007823586347512901,0.012246489524841309,-0.011464131064713001,0.1349431574344635,0.0,0.9555342197418213,0.4702970087528229,2.7323875427246094,0.0
0,84,None,False,"25,104,64,112,43,87,108,8,92,53",1.0070394277572632,-2.190408945083618,-1.425408124923706,-0.7065792679786682,7.999746322631836,6.5811686515808105,-0.0024768649600446224,0.0,0.0,-0.0024768649600446224,0.012325286865234375,-0.014802152290940285,0.051085732877254486,0.0,0.8333867788314819,0.4698840379714966,2.7323875427246094,0.0
0,85,None,False,"25,104,64,112,43,87,108,8,92,53",1.1561777591705322,-1.682968258857727,-1.0051205158233643,-0.717345118522644,7.999748229980469,6.466522216796875,-0.00959119200706482,0.0,0.0,-0.00959119200706482,0.00862133502960205,-0.01821252703666687,0.20077940821647644,0.0,0.8074700832366943,0.3643719553947449,2.7323875427246094,0.0
0,86,None,False,"25,104,64,112,43,87,108,8,92,53",1.1265347003936768,-1.900331974029541,-1.108399748802185,-0.5914796590805054,7.999760627746582,4.211127281188965,-0.0041224719025194645,0.0,0.0,-0.0041224719025194645,0.009335637092590332,-0.01345810852944851,0.44539394974708557,0.0,0.6943682432174683,0.3907172381877899,2.7323875427246094,0.0
0,87,None,False,"25,104,64,112,43,87,108,8,92,53",1.064557433128357,-1.8728935718536377,-1.1164531707763672,-0.7190251350402832,7.999810218811035,5.464051723480225,-0.012560415081679821,0.0,0.0,-0.012560415081679821,0.0036056041717529297,-0.016166020184755325,0.17992226779460907,0.0,0.7825261950492859,0.46311789751052856,2.7323875427246094,0.0
0,88,None,False,"25,104,64,112,43,87,108,8,92,53",1.0747967958450317,-2.308124542236328,-1.2209773063659668,-0.878868043422699,7.999786376953125,4.956069469451904,-0.0157854612916708,0.0,0.0,-0.0157854612916708,0.000997304916381836,-0.016782766208052635,0.10373926907777786,0.0,0.9371685981750488,0.4458054304122925,2.7323875427246094,0.0
0,89,None,False,"25,104,64,112,43,87,108,8,92,53",1.107582926750183,-1.7672529220581055,-1.1187025308609009,-1.131983757019043,7.999726295471191,6.33740758895874,-0.016099387779831886,0.0,0.0,-0.016099387779831886,-0.008032739162445068,-0.008066648617386818,0.35356605052948,0.0,1.0748443603515625,0.4410788118839264,2.7323875427246094,0.0
0,90,None,False,"25,104,64,112,43,87,108,8,92,53",1.0959863662719727,-2.1820132732391357,-0.902665376663208,-0.9849464297294617,7.999769687652588,5.338835716247559,-0.019896049052476883,0.0,0.0,-0.019896049052476883,-0.02416980266571045,0.004273753613233566,0.45934656262397766,0.0,1.0650951862335205,0.4480430483818054,2.7323875427246094,0.0
0,91,None,False,"25,104,64,112,43,87,108,8,92,53",1.076594352722168,-2.2334516048431396,-1.3369114398956299,-0.7704437971115112,7.999810218811035,4.68412971496582,-0.02263237163424492,0.0,0.0,-0.02263237163424492,-0.025134384632110596,0.002502012997865677,0.24092884361743927,0.0,0.8119919896125793,0.42452770471572876,2.7323875427246094,0.0
0,92,None,False,"25,104,64,112,43,87,108,8,92,53",1.0357089042663574,-2.22575044631958,-1.4480664730072021,-0.7798407077789307,7.999621391296387,4.860054969787598,-0.023462438955903053,0.0,0.0,-0.023462438955903053,-0.020337939262390137,-0.0031244996935129166,-0.13010136783123016,0.0,0.8557308316230774,0.45331478118896484,2.7323875427246094,0.0
0,93,Schedule,True,"35,83,113,133,106,85,138,31,107,102",1.059217929840088,-1.8124934434890747,-1.0339843034744263,-0.7876050472259521,7.9997100830078125,6.315454006195068,-0.015038358978927135,0.056666666666666664,0.3,-0.3717050552368164,-0.029116034507751465,-0.34258902072906494,-3.621647596359253,-18.03290367126465,0.9204554557800293,0.4343191981315613,2.7323875427246094,0.0
0,94,None,False,"35,83,113,133,106,85,138,31,107,102",1.078885555267334,-2.301913022994995,-1.4461283683776855,-0.6489624977111816,7.999743938446045,6.357403755187988,0.004843664355576038,0.0,0.0,0.004843664355576038,-0.022608458995819092,0.027452122420072556,0.6577958464622498,0.0,1.0920829772949219,0.43427640199661255,2.7323875427246094,0.0
0,95,Struct Break (DC),True,"103,5,0,73,88,126,111,100,32,33",1.085793137550354,-2.0692641735076904,-1.113454818725586,-0.7066746950149536,7.999815464019775,5.526921272277832,-0.03057393990457058,0.056666666666666664,0.3,-0.38724061846733093,-0.014813482761383057,-0.3724271357059479,-3.313357353210449,-16.476221084594727,0.9243413805961609,0.4419217109680176,2.7323875427246094,0.0
0,96,Vol Shock,True,"140,12,26,123,106,78,134,59,2,87",1.1151409149169922,-1.8151812553405762,-0.9690661430358887,-0.8312525749206543,7.999748706817627,4.128161907196045,-0.006292796228080988,0.056666666666666664,0.3,-0.36295947432518005,-0.02446889877319336,-0.3384905755519867,-2.587662935256958,-12.890596389770508,0.8270472288131714,0.33217304944992065,2.7323875427246094,0.0
0,97,Vol Shock,True,"86,56,87,97,60,132,4,29,34,102",1.0632193088531494,-2.0152015686035156,-1.0427744388580322,-0.8223253488540649,7.999792575836182,4.636531352996826,-0.015959108248353004,0.05099999864896138,0.26999999284744264,-0.3369591236114502,-0.026588857173919678,-0.3103702664375305,-2.4287197589874268,-12.104728698730469,0.6367107629776001,0.47712481021881104,2.7323875427246094,0.0
0,98,None,False,"86,56,87,97,60,132,4,29,34,102",1.0226792097091675,-1.9329898357391357,-1.237647294998169,-0.7379447221755981,7.9997878074646,4.374847412109375,-0.021735936403274536,0.0,0.0,-0.021735936403274536,-0.025606870651245117,0.003870934247970581,0.26580044627189636,0.0,0.605852484703064,0.3773496747016907,2.7323875427246094,0.0
0,99,None,False,"86,56,87,97,60,132,4,29,34,102",1.054175615310669,-2.1314210891723633,-1.2940657138824463,-0.6279031038284302,7.999820709228516,2.87520694732666,-0.024307042360305786,0.0,0.0,-0.024307042360305786,-0.017727375030517578,-0.006579667329788208,0.16221104562282562,0.0,0.600496768951416,0.29603463411331177,2.7323875427246094,0.0
0,100,None,False,"86,56,87,97,60,132,4,29,34,102",0.99151211977005,-2.2403006553649902,-1.535085678100586,-0.9300033450126648,7.9996418952941895,5.376308441162109,0.004392468836158514,0.0,0.0,0.004392468836158514,0.004525661468505859,-0.00013319263234734535,0.4688878357410431,0.0,0.5849126577377319,0.30136826634407043,2.7323875427246094,0.0
0,101,None,False,"86,56,87,97,60,132,4,29,34,102",1.0487456321716309,-2.295962333679199,-1.0901628732681274,-0.9243113994598389,7.9997639656066895,6.325394153594971,0.03528422862291336,0.0,0.0,0.03528422862291336,0.0164564847946167,0.01882774382829666,0.5205293893814087,0.0,0.5856707096099854,0.39162012934684753,2.7323875427246094,0.0
0,102,None,False,"86,56,87,97,60,132,4,29,34,102",1.1196916103363037,-1.9472817182540894,-1.2200405597686768,-0.6830582022666931,7.999820232391357,4.725234031677246,0.031249631196260452,0.0,0.0,0.031249631196260452,0.02228415012359619,0.00896548107266426,0.4635467231273651,0.0,0.6482976078987122,0.3503355383872986,2.7323875427246094,0.0
0,103,None,False,"86,56,87,97,60,132,4,29,34,102",1.068833827972412,-1.9882862567901611,-1.1111263036727905,-0.7155055999755859,7.999842166900635,2.9461655616760254,0.035065870732069016,0.0,0.0,0.035065870732069016,0.03137040138244629,0.0036954693496227264,0.508540689945221,0.0,0.6567440032958984,0.37987086176872253,2.7323875427246094,0.0
0,104,None,False,"86,56,87,97,60,132,4,29,34,102",1.0882642269134521,-1.8604044914245605,-1.1384495496749878,-0.6962512731552124,7.999798774719238,4.312283515930176,0.03494664281606674,0.0,0.0,0.03494664281606674,0.02662646770477295,0.008320175111293793,0.44894421100616455,0.0,0.5717379450798035,0.37428194284439087,2.7323875427246094,0.0
0,105,None,False,"86,56,87,97,60,132,4,29,34,102",1.139495849609375,-2.23110294342041,-1.1857242584228516,-0.7247645258903503,7.999744892120361,4.464849948883057,0.022343475371599197,0.0,0.0,0.022343475371599197,0.01760697364807129,0.004736501723527908,0.27404874563217163,0.0,0.6135612726211548,0.4003913700580597,2.7323875427246094,0.0
0,106,None,False,"86,56,87,97,60,132,4,29,34,102",1.128661036491394,-1.8077095746994019,-1.2490781545639038,-0.6109619140625,7.999772548675537,4.0716047286987305,-0.010274464264512062,0.0,0.0,-0.010274464264512062,0.013752222061157227,-0.02402668632566929,-0.12987667322158813,0.0,0.7984839677810669,0.3960496187210083,2.7323875427246094,0.0
0,107,None,False,"86,56,87,97,60,132,4,29,34,102",1.0615284442901611,-2.20940899848938,-1.2506046295166016,-0.8130302429199219,7.999767303466797,4.762479305267334,-0.015409177169203758,0.0,0.0,-0.015409177169203758,0.014296650886535645,-0.029705828055739403,0.2132740020751953,0.0,0.7632473111152649,0.37526828050613403,2.7323875427246094,0.0
0,108,None,False,"86,56,87,97,60,132,4,29,34,102",1.0870786905288696,-2.127980947494507,-1.3733961582183838,-0.6093382835388184,7.9997663497924805,6.004746913909912,0.006885075476020575,0.0,0.0,0.006885075476020575,0.02634584903717041,-0.01946077309548855,0.2674432396888733,0.0,0.6509527564048767,0.3900289833545685,2.7323875427246094,0.0
0,109,None,False,"86,56,87,97,60,132,4,29,34,102",1.1058100461959839,-2.0646588802337646,-1.2165827751159668,-0.626014232635498,7.999820709228516,4.697439670562744,0.013154983520507812,0.0,0.0,0.013154983520507812,0.018804311752319336,-0.0056493282318115234,0.07768718153238297,0.0,0.8421540856361389,0.37881553173065186,2.7323875427246094,0.0
0,110,None,False,"86,56,87,97,60,132,4,29,34,102",1.0789802074432373,-2.025803327560425,-1.1095932722091675,-0.7615092992782593,7.99981689453125,4.0763139724731445,0.010618060827255249,0.0,0.0,0.010618060827255249,0.01586735248565674,-0.005249291658401489,0.3158751130104065,0.0,0.818591833114624,0.37985044717788696,2.7323875427246094,0.0
0,111,Schedule,True,"114,131,107,43,55,89,27,16,134,35",1.1040207147598267,-1.8815295696258545,-1.10433030128479,-0.6899341344833374,7.999723434448242,4.670430660247803,0.0035013495944440365,0.056666666666666664,0.3,-0.35316532850265503,0.016521453857421875,-0.3696867823600769,-2.24881649017334,-11.219411849975586,0.6990946531295776,0.38354313373565674,2.7323875427246094,0.0
0,112,None,False,"114,131,107,43,55,89,27,16,134,35",1.0678282976150513,-1.9740068912506104,-1.159650206565857,-0.6337437629699707,7.999761581420898,4.642104625701904,0.011191713623702526,0.0,0.0,0.011191713623702526,0.02142965793609619,-0.010237944312393665,-0.49890220165252686,0.0,0.7839193940162659,0.3944399058818817,2.7323875427246094,0.0
0,113,None,False,"114,131,107,43,55,89,27,16,134,35",1.1138628721237183,-1.8798942565917969,-0.9838451147079468,-0.9264668822288513,7.999756813049316,5.92812967300415,0.003249740693718195,0.0,0.0,0.003249740693718195,0.011718273162841797,-0.00846853293478489,-0.5698847770690918,0.0,0.871494472026825,0.3683032691478729,2.7323875427246094,0.0
0,114,None,False,"114,131,107,43,55,89,27,16,134,35",1.13885498046875,-1.863786220550537,-1.0113598108291626,-0.8581816554069519,7.9997687339782715,3.3477213382720947,0.017523080110549927,0.0,0.0,0.017523080110549927,0.029552221298217773,-0.012029141187667847,-0.03776140138506889,0.0,0.9316271543502808,0.37371036410331726,2.7323875427246094,0.0
0,115,None,False,"114,131,107,43,55,89,27,16,134,35",1.0394282341003418,-2.209791898727417,-1.2422337532043457,-0.6022219657897949,7.999798774719238,5.570250988006592,0.0355052724480629,0.0,0.0,0.0355052724480629,0.04352104663848877,-0.008015774190425873,0.05022067576646805,0.0,0.8239393830299377,0.34854426980018616,2.7323875427246094,0.0
0,116,None,False,"114,131,107,43,55,89,27,16,134,35",1.1272140741348267,-1.8449662923812866,-1.0780599117279053,-0.7901757955551147,7.999747276306152,5.554381370544434,0.04205668717622757,0.0,0.0,0.04205668717622757,0.038637518882751465,0.0034191682934761047,0.38712021708488464,0.0,0.8599892854690552,0.39004769921302795,2.7323875427246094,0.0
0,117,None,False,"114,131,107,43,55,89,27,16,134,35",1.1151286363601685,-1.8795510530471802,-0.8898834586143494,-0.7642443776130676,7.999819278717041,4.110166072845459,0.035959791392087936,0.0,0.0,0.035959791392087936,0.03984260559082031,-0.003882814198732376,0.49039211869239807,0.0,0.7784438729286194,0.36100900173187256,2.7323875427246094,0.0
0,118,None,False,"114,131,107,43,55,89,27,16,134,35",1.1108386516571045,-2.1013712882995605,-0.8976693153381348,-0.9294531941413879,7.999772548675537,3.5067386627197266,0.03571360185742378,0.0,0.0,0.03571360185742378,0.04086744785308838,-0.0051538459956645966,0.4673859775066376,0.0,0.8684308528900146,0.35628870129585266,2.7323875427246094,0.0
0,119,None,False,"114,131,107,43,55,89,27,16,134,35",1.0739915370941162,-2.086642265319824,-1.0968796014785767,-0.8065789937973022,7.999782562255859,4.643062591552734,0.03515380620956421,0.0,0.0,0.03515380620956421,0.0345151424407959,0.0006386637687683105,0.28394123911857605,0.0,0.926242470741272,0.3201027512550354,2.7323875427246094,0.0
0,120,None,False,"114,131,107,43,55,89,27,16,134,35",1.0859746932983398,-2.1471269130706787,-1.2372715473175049,-0.6389884948730469,7.999791145324707,3.954460859298706,0.042138077318668365,0.0,0.0,0.042138077318668365,0.03333759307861328,0.008800484240055084,0.3778502643108368,0.0,0.6509743928909302,0.29437121748924255,2.7323875427246094,0.0
0,121,None,False,"114,131,107,43,55,89,27,16,134,35",0.9954065680503845,-2.145564079284668,-1.1897220611572266,-0.7919126749038696,7.999725818634033,5.619855880737305,0.021650439128279686,0.0,0.0,0.021650439128279686,0.0230405330657959,-0.0013900939375162125,0.42280301451683044,0.0,0.654439389705658,0.3980426788330078,2.7323875427246094,0.0
0,122,None,False,"114,131,107,43,55,89,27,16,134,35",1.032439112663269,-2.0091552734375,-1.3619658946990967,-0.6556230783462524,7.999800205230713,4.2195916175842285,0.020648736506700516,0.0,0.0,0.020648736506700516,0.012151479721069336,0.00849725678563118,0.4396520256996155,0.0,0.6900607347488403,0.5231600999832153,2.7323875427246094,0.0
0,123,None,False,"114,131,107,43,55,89,27,16,134,35",1.0799968242645264,-1.9589266777038574,-1.2966060638427734,-0.736290693283081,7.99976921081543,2.8102126121520996,0.013011431321501732,0.0,0.0,0.013011431321501732,0.012189269065856934,0.0008221622556447983,0.3046129047870636,0.0,0.6907579898834229,0.4111140966415405,2.7323875427246094,0.0
0,124,None,False,"114,131,107,43,55,89,27,16,134,35",1.0687483549118042,-2.2390589714050293,-1.184680700302124,-0.7725317478179932,7.999746799468994,4.577682018280029,-0.0031446933280676603,0.0,0.0,-0.0031446933280676603,0.0011641979217529297,-0.004308891482651234,0.5345157384872437,0.0,0.743982195854187,0.4049423933029175,2.7323875427246094,0.0
0,125,Schedule,True,"50,125,55,86,113,124,51,74,21,59",0.9430004358291626,-2.1938114166259766,-1.1148017644882202,-1.1395862102508545,7.999582290649414,7.55725622177124,-0.03355173394083977,0.05099999864896138,0.26999999284744264,-0.3545517325401306,-0.031174778938293457,-0.32337695360183716,-2.1471645832061768,-10.713528633117676,0.7685520648956299,0.3603946566581726,2.7323875427246094,0.0
0,126,None,False,"50,125,55,86,113,124,51,74,21,59",1.1098883152008057,-1.7763675451278687,-0.9405450820922852,-0.8896026611328125,7.999814987182617,7.962337017059326,-0.020338088274002075,0.0,0.0,-0.020338088274002075,-0.021789491176605225,0.0014514029026031494,0.32369840145111084,0.0,0.6599947214126587,0.3706129193305969,2.7323875427246094,0.0
0,127,None,False,"50,125,55,86,113,124,51,74,21,59",1.0861965417861938,-2.164064645767212,-0.9930647611618042,-0.9390790462493896,7.999792575836182,4.061081886291504,-0.018109440803527832,0.0,0.0,-0.018109440803527832,-0.02218306064605713,0.004073619842529297,0.5358526110649109,0.0,0.6596958637237549,0.3884408175945282,2.7323875427246094,0.0
0,0,Schedule | Regime Shift (Initial),True,"137,101,127,125,86,68,48,142,76,118",1.0181382894515991,-2.0387747287750244,-1.045520544052124,-0.7813920974731445,7.999581336975098,4.262060165405273,0.016532665118575096,0.0,0.0,0.016532665118575096,0.002696514129638672,0.013836150988936424,1.3626725673675537,6.715985298156738,1.2386821508407593,0.3638871908187866,2.593052864074707,0.0
0,1,None,False,"137,101,127,125,86,68,48,142,76,118",1.0118510723114014,-2.204159736633301,-1.0831151008605957,-0.8717454671859741,7.999670505523682,4.806967258453369,0.015131151303648949,0.0,0.0,0.015131151303648949,0.0011333227157592773,0.013997828587889671,1.5594124794006348,0.0,1.1023833751678467,0.35875970125198364,2.593052864074707,0.0
0,2,None,False,"137,101,127,125,86,68,48,142,76,118",1.1140737533569336,-2.2196760177612305,-1.1201441287994385,-0.6501320004463196,7.999270439147949,6.08981990814209,0.00018408894538879395,0.0,0.0,0.00018408894538879395,-0.010152339935302734,0.010336428880691528,0.36981210112571716,0.0,1.0310572385787964,0.35976114869117737,2.593052864074707,0.0
0,3,None,False,"137,101,127,125,86,68,48,142,76,118",1.0996179580688477,-1.9088956117630005,-1.0336061716079712,-0.7765239477157593,7.999504566192627,5.619451522827148,-0.004995596595108509,0.0,0.0,-0.004995596595108509,-0.020277202129364014,0.015281605534255505,0.5427842736244202,0.0,0.9615826606750488,0.2569473385810852,2.593052864074707,0.0
0,4,None,False,"137,101,127,125,86,68,48,142,76,118",1.024465799331665,-2.058497667312622,-1.0514483451843262,-0.8806793689727783,7.9995880126953125,4.775102615356445,-0.00465088477358222,0.0,0.0,-0.00465088477358222,-0.01594620943069458,0.011295324191451073,0.5031470656394958,0.0,1.0819568634033203,0.33646249771118164,2.593052864074707,0.0
0,5,None,False,"137,101,127,125,86,68,48,142,76,118",1.0683754682540894,-2.1466643810272217,-1.29543137550354,-0.9406813979148865,7.999396800994873,4.895524024963379,-0.0014627277851104736,0.0,0.0,-0.0014627277851104736,-0.013296365737915039,0.011833637952804565,0.35986846685409546,0.0,0.8908720016479492,0.32421165704727173,2.593052864074707,0.0
0,6,None,False,"137,101,127,125,86,68,48,142,76,118",1.0732321739196777,-2.2479395866394043,-0.9727377891540527,-0.747620165348053,7.999382495880127,5.801126003265381,-0.008197903633117676,0.0,0.0,-0.008197903633117676,-0.01162731647491455,0.003429412841796875,0.31795328855514526,0.0,0.8834367990493774,0.3004385828971863,2.593052864074707,0.0
0,7,None,False,"137,101,127,125,86,68,48,142,76,118",1.0518771409988403,-2.0001871585845947,-1.0828187465667725,-0.843888521194458,7.9994659423828125,5.751243591308594,-0.010237932205200195,0.0,0.0,-0.010237932205200195,-0.0048719048500061035,-0.005366027355194092,0.21748918294906616,0.0,0.8217557668685913,0.28251102566719055,2.593052864074707,0.0
0,8,Struct Break (DC),True,"43,16,98,103,129,114,64,63,130,39",1.0991427898406982,-2.1200368404388428,-1.066208004951477,-0.7401770353317261,7.999451160430908,4.799047946929932,-0.02130793407559395,0.056666666666666664,0.3,-0.37797462940216064,-0.01139986515045166,-0.366574764251709,-2.6853463649749756,-13.378215789794922,0.9015691876411438,0.42791783809661865,2.593052864074707,0.0
0,9,None,False,"43,16,98,103,129,114,64,63,130,39",1.0323556661605835,-2.1550536155700684,-1.1366034746170044,-0.8366406559944153,7.999454498291016,5.110827445983887,-0.03305292874574661,0.0,0.0,-0.03305292874574661,-0.015968799591064453,-0.01708412915468216,0.13921889662742615,0.0,0.9762992858886719,0.4016229510307312,2.593052864074707,0.0
0,10,None,False,"43,16,98,103,129,114,64,63,130,39",0.9999139308929443,-1.9572004079818726,-1.1334166526794434,-0.9476245045661926,7.999621391296387,4.806727409362793,-0.03477887436747551,0.0,0.0,-0.03477887436747551,-0.012903332710266113,-0.021875541657209396,-0.005650866776704788,0.0,0.6624296307563782,0.3557380735874176,2.593052864074707,0.0
0,11,None,False,"43,16,98,103,129,114,64,63,130,39",1.0777840614318848,-2.077986240386963,-1.1501940488815308,-0.8840097784996033,7.999459266662598,4.315701961517334,-0.03451269865036011,0.0,0.0,-0.03451269865036011,-0.012334883213043213,-0.022177815437316895,-0.1376107633113861,0.0,0.7473753690719604,0.3796771764755249,2.593052864074707,0.0
0,12,None,False,"43,16,98,103,129,114,64,63,130,39",1.110649824142456,-1.9909929037094116,-1.0399627685546875,-0.5924954414367676,7.999483108520508,4.703701496124268,-0.057455677539110184,0.0,0.0,-0.057455677539110184,-0.021807849407196045,-0.03564782813191414,-1.9588427543640137,0.0,0.8094251155853271,0.3975864052772522,2.593052864074707,0.0
0,13,None,False,"43,16,98,103,129,114,64,63,130,39",1.0250070095062256,-1.9819722175598145,-1.1611003875732422,-0.7880949974060059,7.999417304992676,4.326667785644531,-0.05125588923692703,0.0,0.0,-0.05125588923692703,-0.022218942642211914,-0.02903694659471512,-1.7170265913009644,0.0,0.9755791425704956,0.4179912507534027,2.593052864074707,0.0
0,14,None,False,"43,16,98,103,129,114,64,63,130,39",0.9482616186141968,-2.222137451171875,-1.382432222366333,-0.8371099233627319,7.999242305755615,5.9448442459106445,-0.01964361034333706,0.0,0.0,-0.01964361034333706,-0.00790029764175415,-0.011743312701582909,0.9063535332679749,0.0,1.0752993822097778,0.4059286415576935,2.593052864074707,0.0
0,15,None,False,"43,16,98,103,129,114,64,63,130,39",1.1016499996185303,-1.9689695835113525,-1.0431180000305176,-0.9112913012504578,7.999541759490967,5.781895637512207,-0.02705984190106392,0.0,0.0,-0.02705984190106392,-0.010489284992218018,-0.0165705569088459,-0.8626390099525452,0.0,1.0137734413146973,0.39413559436798096,2.593052864074707,0.0
0,16,None,False,"43,16,98,103,129,114,64,63,130,39",1.05759859085083,-1.7384388446807861,-1.04428231716156,-0.9405442476272583,7.999492168426514,4.410192012786865,-0.009499942883849144,0.0,0.0,-0.009499942883849144,-0.0015211701393127441,-0.0079787727445364,-0.006955140270292759,0.0,1.1672260761260986,0.4109075665473938,2.593052864074707,0.0
0,17,None,False,"43,16,98,103,129,114,64,63,130,39",1.022957682609558,-1.9905534982681274,-0.7513046264648438,-1.0346839427947998,7.999567031860352,5.63237190246582,0.04485061764717102,0.0,0.0,0.04485061764717102,0.01766979694366455,0.02718082070350647,0.6546767950057983,0.0,0.9950186014175415,0.41446125507354736,2.593052864074707,0.0
0,18,None,False,"43,16,98,103,129,114,64,63,130,39",1.1071162223815918,-1.9106656312942505,-1.0157523155212402,-0.9956530928611755,7.999663829803467,4.888998985290527,0.05243905633687973,0.0,0.0,0.05243905633687973,0.025389671325683594,0.027049385011196136,0.6012040376663208,0.0,1.062363624572754,0.39278721809387207,2.593052864074707,0.0
0,19,None,False,"43,16,98,103,129,114,64,63,130,39",1.078541874885559,-2.0081565380096436,-0.8157690763473511,-0.9185184836387634,7.999577045440674,4.065269470214844,0.02558518573641777,0.0,0.0,0.02558518573641777,0.012202262878417969,0.013382922857999802,0.37612971663475037,0.0,1.1015175580978394,0.39136767387390137,2.593052864074707,0.0
0,20,None,False,"43,16,98,103,129,114,64,63,130,39",1.06438148021698,-1.7683079242706299,-1.1733771562576294,-0.7718786001205444,7.999497890472412,4.1290764808654785,0.01063681859523058,0.0,0.0,0.01063681859523058,0.004654645919799805,0.005982172675430775,0.360723078250885,0.0,1.0987811088562012,0.3357967138290405,2.593052864074707,0.0
0,21,None,False,"43,16,98,103,129,114,64,63,130,39",1.1161870956420898,-2.025813579559326,-0.9747709035873413,-0.8327516913414001,7.999297142028809,5.483647346496582,0.00536192674189806,0.0,0.0,0.00536192674189806,-0.0013818740844726562,0.006743800826370716,0.324090838432312,0.0,0.9574871063232422,0.42007899284362793,2.593052864074707,0.0
0,22,Schedule,True,"68,60,115,46,117,18,100,81,137,112",1.1191415786743164,-1.9501984119415283,-1.0975292921066284,-0.7679595947265625,7.999581813812256,5.065263271331787,-0.0018039882415905595,0.056666666666666664,0.3,-0.3584706783294678,-0.008931636810302734,-0.34953904151916504,-2.9181931018829346,-14.549572944641113,0.9794146418571472,0.41760608553886414,2.593052864074707,0.0
0,23,None,False,"68,60,115,46,117,18,100,81,137,112",1.0580607652664185,-1.9459105730056763,-1.0127447843551636,-0.8111090064048767,7.999636650085449,3.644406795501709,0.008336258120834827,0.0,0.0,0.008336258120834827,-0.004313468933105469,0.012649727053940296,0.38674888014793396,0.0,0.9180818796157837,0.3533935844898224,2.593052864074707,0.0
0,24,None,False,"68,60,115,46,117,18,100,81,137,112",1.024948000907898,-2.0671091079711914,-1.2658302783966064,-0.834271252155304,7.999499320983887,4.201666831970215,-0.004627794027328491,0.0,0.0,-0.004627794027328491,-0.005433440208435059,0.0008056461811065674,0.289838969707489,0.0,1.0007600784301758,0.25564342737197876,2.593052864074707,0.0
0,25,None,False,"68,60,115,46,117,18,100,81,137,112",1.0439293384552002,-2.4280521869659424,-1.4189541339874268,-0.5990771651268005,7.999282360076904,5.610729217529297,-0.0041138590313494205,0.0,0.0,-0.0041138590313494205,0.0027464628219604492,-0.00686032185330987,0.3006739914417267,0.0,1.176666259765625,0.34129688143730164,2.593052864074707,0.0
0,26,None,False,"68,60,115,46,117,18,100,81,137,112",1.0845451354980469,-1.9156628847122192,-1.1278233528137207,-0.770200788974762,7.999556541442871,5.512991428375244,0.005393463186919689,0.0,0.0,0.005393463186919689,0.007449626922607422,-0.0020561637356877327,0.10334143787622452,0.0,1.0195506811141968,0.3339693546295166,2.593052864074707,0.0
0,27,None,False,"68,60,115,46,117,18,100,81,137,112",1.026504635810852,-2.1281683444976807,-0.9894317388534546,-0.8600482940673828,7.999602317810059,4.610901355743408,0.10941173881292343,0.0,0.0,0.10941173881292343,0.031407952308654785,0.07800378650426865,1.0978175401687622,0.0,1.0083560943603516,0.33186063170433044,2.593052864074707,0.0
0,28,None,False,"68,60,115,46,117,18,100,81,137,112",1.0552297830581665,-1.9027656316757202,-1.4003404378890991,-0.6474676132202148,7.999324798583984,5.567729473114014,0.10921549797058105,0.0,0.0,0.10921549797058105,0.03394210338592529,0.07527339458465576,1.1416096687316895,0.0,0.9941282272338867,0.3625974655151367,2.593052864074707,0.0
0,29,None,False,"68,60,115,46,117,18,100,81,137,112",1.0683331489562988,-1.8153049945831299,-1.1175764799118042,-0.937928318977356,7.999518871307373,5.182454586029053,0.12202372401952744,0.0,0.0,0.12202372401952744,0.03475141525268555,0.08727230876684189,1.7553669214248657,0.0,0.8729076385498047,0.33483022451400757,2.593052864074707,0.0
0,30,None,False,"68,60,115,46,117,18,100,81,137,112",1.0742254257202148,-2.0376555919647217,-1.0488933324813843,-0.9720473885536194,7.999605655670166,2.8364670276641846,0.1282489001750946,0.0,0.0,0.1282489001750946,0.030156850814819336,0.09809204936027527,1.2025784254074097,0.0,0.7956588268280029,0.3751528263092041,2.593052864074707,0.0
0,31,None,False,"68,60,115,46,117,18,100,81,137,112",1.0390570163726807,-2.067143440246582,-1.2054588794708252,-0.7763012647628784,7.999468803405762,3.330066680908203,0.13573475182056427,0.0,0.0,0.13573475182056427,0.02871537208557129,0.10701937973499298,1.2593203783035278,0.0,0.8768330812454224,0.40660515427589417,2.593052864074707,0.0
0,32,None,False,"68,60,115,46,117,18,100,81,137,112",1.076100468635559,-1.946454644203186,-1.1951160430908203,-0.7557793855667114,7.999311447143555,3.273405075073242,0.016544699668884277,0.0,0.0,0.016544699668884277,0.005548715591430664,0.010995984077453613,0.39160481095314026,0.0,0.8973663449287415,0.4741990864276886,2.593052864074707,0.0
0,33,None,False,"68,60,115,46,117,18,100,81,137,112",1.0679609775543213,-2.0682730674743652,-1.1674613952636719,-0.6126443147659302,7.999480724334717,4.4271745681762695,0.016726762056350708,0.0,0.0,0.016726762056350708,0.010553240776062012,0.006173521280288696,0.2272074967622757,0.0,0.9194639325141907,0.4746399521827698,2.593052864074707,0.0
0,34,None,False,"68,60,115,46,117,18,100,81,137,112",1.022104024887085,-1.9561635255813599,-1.1637823581695557,-0.79681795835495,7.999493598937988,4.600554466247559,0.026010315865278244,0.0,0.0,0.026010315865278244,0.009955525398254395,0.01605479046702385,0.4787091910839081,0.0,1.0088207721710205,0.40966856479644775,2.593052864074707,0.0
0,35,None,False,"68,60,115,46,117,18,100,81,137,112",0.9505112767219543,-2.1156818866729736,-1.2120676040649414,-0.7608596682548523,7.999571800231934,3.4216015338897705,0.019981568679213524,0.0,0.0,0.019981568679213524,0.010578632354736328,0.009402936324477196,0.4889214038848877,0.0,0.9357360005378723,0.46531304717063904,2.593052864074707,0.0
0,36,Schedule,True,"93,133,64,50,57,89,47,35,28,41",1.1113879680633545,-1.7931255102157593,-0.8216895461082458,-0.7398614287376404,7.999422073364258,5.511102199554443,-0.002233272884041071,0.056666666666666664,0.3,-0.35889995098114014,-0.0022149085998535156,-0.3566850423812866,-2.7081146240234375,-13.472078323364258,0.8906373381614685,0.4929902255535126,2.593052864074707,0.0
0,37,None,False,"93,133,64,50,57,89,47,35,28,41",1.0019612312316895,-1.9360111951828003,-1.1467041969299316,-0.7682543396949768,7.999650955200195,4.696094036102295,-0.0021469772327691317,0.0,0.0,-0.0021469772327691317,-0.0009557604789733887,-0.001191216753795743,0.3603954017162323,0.0,0.9263700246810913,0.4262242317199707,2.593052864074707,0.0
0,38,None,False,"93,133,64,50,57,89,47,35,28,41",1.0640501976013184,-1.7949564456939697,-0.9249839186668396,-0.7881261110305786,7.999493598937988,3.483900308609009,-0.009831368923187256,0.0,0.0,-0.009831368923187256,-0.014088034629821777,0.0042566657066345215,0.36653438210487366,0.0,0.7857280373573303,0.39744922518730164,2.593052864074707,0.0
0,39,None,False,"93,133,64,50,57,89,47,35,28,41",1.0968623161315918,-1.985468864440918,-1.205613136291504,-0.7679635286331177,7.999541759490967,3.580177068710327,-0.018556511029601097,0.0,0.0,-0.018556511029601097,-0.017726778984069824,-0.0008297320455312729,0.36553409695625305,0.0,0.761760950088501,0.42311960458755493,2.593052864074707,0.0
0,40,None,False,"93,133,64,50,57,89,47,35,28,41",1.0878362655639648,-1.99207603931427,-1.040252685546875,-0.8481077551841736,7.999551773071289,2.8840982913970947,-0.014803528785705566,0.0,0.0,-0.014803528785705566,-0.011887013912200928,-0.0029165148735046387,0.34792274236679077,0.0,0.8250328302383423,0.4792448580265045,2.593052864074707,0.0
0,41,None,False,"93,133,64,50,57,89,47,35,28,41",1.06050705909729,-2.1924514770507812,-1.2134946584701538,-1.0066965818405151,7.999537944793701,4.768740653991699,-0.011196816340088844,0.0,0.0,-0.011196816340088844,-0.003258049488067627,-0.007938766852021217,0.22205688059329987,0.0,0.925997793674469,0.5093646049499512,2.593052864074707,0.0
0,42,None,False,"93,133,64,50,57,89,47,35,28,41",1.0428787469863892,-2.182741641998291,-1.4865026473999023,-0.8292741775512695,7.999289512634277,4.555281639099121,-0.0029606937896460295,0.0,0.0,-0.0029606937896460295,0.0035430192947387695,-0.006503713317215443,0.2938532829284668,0.0,0.9298135042190552,0.4029310643672943,2.593052864074707,0.0
0,43,None,False,"93,133,64,50,57,89,47,35,28,41",1.1253787279129028,-2.1583378314971924,-1.0797308683395386,-0.8653477430343628,7.999319553375244,5.298735618591309,0.01549307070672512,0.0,0.0,0.01549307070672512,0.020305156707763672,-0.004812086001038551,0.038624826818704605,0.0,0.9620341658592224,0.43621712923049927,2.593052864074707,0.0
0,44,None,False,"93,133,64,50,57,89,47,35,28,41",1.1811660528182983,-1.9947210550308228,-0.9888354539871216,-0.6666789054870605,7.999268531799316,5.610571384429932,0.026536673307418823,0.0,0.0,0.026536673307418823,0.03184378147125244,-0.005307108163833618,0.07902147620916367,0.0,0.888552725315094,0.48791617155075073,2.593052864074707,0.0
0,45,None,False,"93,133,64,50,57,89,47,35,28,41",1.1211192607879639,-2.0936267375946045,-1.1381793022155762,-0.6183720827102661,7.999443054199219,5.096950531005859,0.007040911819785833,0.0,0.0,0.007040911819785833,0.027257204055786133,-0.020216291770339012,0.4410076439380646,0.0,0.8229434490203857,0.44617974758148193,2.593052864074707,0.0
0,46,None,False,"93,133,64,50,57,89,47,35,28,41",1.066977858543396,-2.2056052684783936,-1.1832656860351562,-0.8784130811691284,7.999464988708496,4.287757873535156,0.013405447825789452,0.0,0.0,0.013405447825789452,0.02784121036529541,-0.014435762539505959,0.188421368598938,0.0,0.7460757493972778,0.341201514005661,2.593052864074707,0.0
0,47,None,False,"93,133,64,50,57,89,47,35,28,41",1.0472122430801392,-1.790540099143982,-0.8036147356033325,-1.0758836269378662,7.999667167663574,4.967013359069824,0.015687668696045876,0.0,0.0,0.015687668696045876,0.02398681640625,-0.008299147710204124,0.2589414119720459,0.0,0.8885855674743652,0.3354417085647583,2.593052864074707,0.0
0,48,None,False,"93,133,64,50,57,89,47,35,28,41",1.0035415887832642,-1.7558962106704712,-1.2032380104064941,-0.7034076452255249,7.9993696212768555,5.238741397857666,0.0002573728561401367,0.0,0.0,0.0002573728561401367,0.018419742584228516,-0.01816236972808838,0.29650381207466125,0.0,0.7254669070243835,0.3304373025894165,2.593052864074707,0.0
0,49,None,False,"93,133,64,50,57,89,47,35,28,41",1.031982183456421,-2.269554615020752,-0.9829452037811279,-1.0379291772842407,7.999526023864746,7.013526439666748,-0.0007840752368792892,0.0,0.0,-0.0007840752368792892,0.016434311866760254,-0.017218386754393578,0.22330917418003082,0.0,0.7066234350204468,0.3523363173007965,2.593052864074707,0.0
0,50,Schedule,True,"55,119,114,74,138,23,131,50,53,44",0.9749768972396851,-2.0533323287963867,-1.4548448324203491,-0.8184015154838562,7.999307632446289,6.865104675292969,0.021826034411787987,0.05099999864896138,0.26999999284744264,-0.2991739809513092,0.021541595458984375,-0.3207155764102936,-2.6060779094696045,-12.978120803833008,0.7249336838722229,0.27397915720939636,2.593052864074707,0.0
0,51,None,False,"55,119,114,74,138,23,131,50,53,44",1.1058224439620972,-2.2006595134735107,-0.8632724285125732,-0.7554968595504761,7.999388217926025,7.448047161102295,0.021178048104047775,0.0,0.0,0.021178048104047775,0.033011794090270996,-0.01183374598622322,0.28461864590644836,0.0,0.7377244234085083,0.34915071725845337,2.593052864074707,0.0
0,52,None,False,"55,119,114,74,138,23,131,50,53,44",1.0648860931396484,-1.790113925933838,-1.0265440940856934,-0.7593380212783813,7.999533176422119,4.852957248687744,0.01870139315724373,0.0,0.0,0.01870139315724373,0.02772533893585205,-0.009023945778608322,0.28912562131881714,0.0,0.7671570181846619,0.36446520686149597,2.593052864074707,0.0
0,53,None,False,"55,119,114,74,138,23,131,50,53,44",0.9755348563194275,-2.1865084171295166,-1.3502302169799805,-0.9281857013702393,7.9992780685424805,5.213369369506836,0.02531035616993904,0.0,0.0,0.02531035616993904,0.03064417839050293,-0.0053338222205638885,0.31996986269950867,0.0,0.7282042503356934,0.2607032060623169,2.593052864074707,0.0
0,54,None,False,"55,119,114,74,138,23,131,50,53,44",1.1047310829162598,-1.9691824913024902,-1.0598489046096802,-0.8553577661514282,7.999504566192627,4.713002681732178,0.028542036190629005,0.0,0.0,0.028542036190629005,0.019495368003845215,0.00904666818678379,0.4350641667842865,0.0,0.6359937191009521,0.33486509323120117,2.593052864074707,0.0
0,55,None,False,"55,119,114,74,138,23,131,50,53,44",1.0917731523513794,-1.884658932685852,-1.065445065498352,-0.7673899531364441,7.999402046203613,4.290780544281006,0.028530681505799294,0.0,0.0,0.028530681505799294,0.020432472229003906,0.008098209276795387,0.25733083486557007,0.0,0.5080410838127136,0.3579970598220825,2.593052864074707,0.0
0,56,None,False,"55,119,114,74,138,23,131,50,53,44",1.063842535018921,-2.211982250213623,-0.9805038571357727,-0.9308576583862305,7.999563694000244,3.7821435928344727,0.02787368930876255,0.0,0.0,0.02787368930876255,0.02043449878692627,0.007439190521836281,0.3680485486984253,0.0,0.5230250954627991,0.27309805154800415,2.593052864074707,0.0
0,57,None,False,"55,119,114,74,138,23,131,50,53,44",1.090600609779358,-1.9017080068588257,-1.1153502464294434,-0.8247900009155273,7.999532222747803,3.930161237716675,0.041928481310606,0.0,0.0,0.041928481310606,0.030266284942626953,0.01166219636797905,0.4141852557659149,0.0,0.5461974143981934,0.2646142244338989,2.593052864074707,0.0
0,58,None,False,"55,119,114,74,138,23,131,50,53,44",1.0629252195358276,-1.9871031045913696,-1.1286416053771973,-0.5382044911384583,7.999307632446289,4.393898963928223,0.03611517697572708,0.0,0.0,0.03611517697572708,0.02102077007293701,0.01509440690279007,0.4721996486186981,0.0,0.3897911608219147,0.28650444746017456,2.593052864074707,0.0
0,59,None,False,"55,119,114,74,138,23,131,50,53,44",1.011709213256836,-1.9070287942886353,-1.4116268157958984,-0.7415058612823486,7.999237537384033,5.065898418426514,0.03451625257730484,0.0,0.0,0.03451625257730484,0.023798108100891113,0.010718144476413727,0.5934640765190125,0.0,0.5721344947814941,0.33220767974853516,2.593052864074707,0.0
0,60,None,False,"55,119,114,74,138,23,131,50,53,44",1.0922574996948242,-1.7010244131088257,-0.9139220714569092,-1.044256567955017,7.9994306564331055,5.2324700355529785,0.019114499911665916,0.0,0.0,0.019114499911665916,0.010439157485961914,0.008675342425704002,0.2882002294063568,0.0,0.5958235859870911,0.3463744521141052,2.593052864074707,0.0
0,61,None,False,"55,119,114,74,138,23,131,50,53,44",0.9935892820358276,-2.3475162982940674,-1.3794206380844116,-0.6823517084121704,7.999239444732666,5.984523773193359,0.024095792323350906,0.0,0.0,0.024095792323350906,0.004201531410217285,0.01989426091313362,0.5113387107849121,0.0,0.6853243112564087,0.36264604330062866,2.593052864074707,0.0
0,62,None,False,"55,119,114,74,138,23,131,50,53,44",1.0599604845046997,-2.2673397064208984,-0.8395141363143921,-0.8548048734664917,7.9994707107543945,5.385561466217041,0.0059111774899065495,0.0,0.0,0.0059111774899065495,-0.01209867000579834,0.018009847030043602,0.46523767709732056,0.0,0.8644228577613831,0.33479392528533936,2.593052864074707,0.0
0,63,None,False,"55,119,114,74,138,23,131,50,53,44",1.1312259435653687,-1.9497449398040771,-1.0782562494277954,-0.9862661361694336,7.999455451965332,5.7882490158081055,-0.0007425606017932296,0.0,0.0,-0.0007425606017932296,-0.011439383029937744,0.01069682277739048,0.3042723536491394,0.0,0.7603788375854492,0.32944515347480774,2.593052864074707,0.0
0,64,Schedule,True,"35,115,77,23,64,113,5,126,8,106",1.0280433893203735,-2.1317620277404785,-1.2428507804870605,-0.6728417873382568,7.999448776245117,5.03729248046875,-0.014321262016892433,0.05099999864896138,0.26999999284744264,-0.3353212773799896,-0.008724629878997803,-0.3265966475009918,-2.455632209777832,-12.240848541259766,0.6248207092285156,0.3232179284095764,2.593052864074707,0.0
0,65,None,False,"35,115,77,23,64,113,5,126,8,106",1.04570734500885,-1.8797781467437744,-0.9980156421661377,-0.915938675403595,7.9994635581970215,3.9124350547790527,-0.010205984115600586,0.0,0.0,-0.010205984115600586,-0.00025773048400878906,-0.009948253631591797,0.25228723883628845,0.0,0.6415646076202393,0.370961993932724,2.593052864074707,0.0
0,66,None,False,"35,115,77,23,64,113,5,126,8,106",1.1124378442764282,-1.7926013469696045,-0.9484620094299316,-1.152254343032837,7.999474048614502,3.670260429382324,-0.0013608813751488924,0.0,0.0,-0.0013608813751488924,0.0006014108657836914,-0.001962292240932584,0.20807063579559326,0.0,0.5596714615821838,0.32246798276901245,2.593052864074707,0.0
0,67,None,False,"35,115,77,23,64,113,5,126,8,106",1.0941671133041382,-2.198498010635376,-1.0732231140136719,-0.8400564789772034,7.99942684173584,5.054708957672119,0.01869046688079834,0.0,0.0,0.01869046688079834,0.014977693557739258,0.003712773323059082,0.3974166214466095,0.0,0.49873805046081543,0.33782902359962463,2.593052864074707,0.0
0,68,None,False,"35,115,77,23,64,113,5,126,8,106",1.0165157318115234,-1.8429874181747437,-1.2500882148742676,-0.7673839330673218,7.9993510246276855,5.173577785491943,0.02271917462348938,0.0,0.0,0.02271917462348938,0.02140629291534424,0.0013128817081451416,0.3094834089279175,0.0,0.5700846910476685,0.3480989933013916,2.593052864074707,0.0
0,69,None,False,"35,115,77,23,64,113,5,126,8,106",1.0147554874420166,-2.0705759525299072,-1.0263327360153198,-0.763028621673584,7.9995293617248535,5.2462286949157715,0.016126442700624466,0.0,0.0,0.016126442700624466,0.020980000495910645,-0.004853557795286179,0.05077185854315758,0.0,0.5236127376556396,0.3268686532974243,2.593052864074707,0.0
0,70,None,False,"35,115,77,23,64,113,5,126,8,106",1.048021674156189,-2.070572853088379,-0.9558035135269165,-0.8568853139877319,7.9994707107543945,4.563497543334961,0.0245260838419199,0.0,0.0,0.0245260838419199,0.01896536350250244,0.005560720339417458,0.18857400119304657,0.0,0.7210376262664795,0.3250519633293152,2.593052864074707,0.0
0,71,None,False,"35,115,77,23,64,113,5,126,8,106",1.0782220363616943,-2.1332592964172363,-1.1341513395309448,-0.8193660974502563,7.999536037445068,3.700033664703369,0.020068293437361717,0.0,0.0,0.020068293437361717,0.010058999061584473,0.010009294375777245,0.2574099004268646,0.0,0.7626916170120239,0.333126038312912,2.593052864074707,0.0
0,72,None,False,"35,115,77,23,64,113,5,126,8,106",1.0718411207199097,-1.9302750825881958,-0.9824612736701965,-0.9093180894851685,7.999667167663574,3.2789671421051025,0.018093138933181763,0.0,0.0,0.018093138933181763,0.007376670837402344,0.010716468095779419,0.34699931740760803,0.0,0.6741743087768555,0.34484297037124634,2.593052864074707,0.0
0,73,None,False,"35,115,77,23,64,113,5,126,8,106",1.0039781332015991,-2.3078415393829346,-1.0252454280853271,-0.993928074836731,7.9995341300964355,4.074578285217285,0.01837105117738247,0.0,0.0,0.01837105117738247,0.002553701400756836,0.015817349776625633,0.5298062562942505,0.0,0.5414899587631226,0.28015854954719543,2.593052864074707,0.0
0,74,None,False,"35,115,77,23,64,113,5,126,8,106",1.0859413146972656,-1.986702561378479,-1.2447479963302612,-0.7037559747695923,7.9993486404418945,4.8054518699646,0.03346056491136551,0.0,0.0,0.03346056491136551,0.012272834777832031,0.021187730133533478,0.5704666376113892,0.0,0.6051111817359924,0.274295836687088,2.593052864074707,0.0
0,75,None,False,"35,115,77,23,64,113,5,126,8,106",1.0545679330825806,-2.2086915969848633,-1.0737695693969727,-0.8563973903656006,7.999464511871338,4.101865768432617,0.03567435219883919,0.0,0.0,0.03567435219883919,0.017008423805236816,0.01866592839360237,0.5770827531814575,0.0,0.7258529663085938,0.2624836564064026,2.593052864074707,0.0
0,76,None,False,"35,115,77,23,64,113,5,126,8,106",1.066060185432434,-1.8979936838150024,-1.2152328491210938,-0.7895071506500244,7.999471664428711,4.070910453796387,0.04046745225787163,0.0,0.0,0.04046745225787163,0.027800917625427246,0.012666534632444382,0.5641470551490784,0.0,0.6685855984687805,0.28996503353118896,2.593052864074707,0.0
0,77,None,False,"35,115,77,23,64,113,5,126,8,106",1.0747507810592651,-1.9405696392059326,-1.1095303297042847,-0.8185974359512329,7.999584197998047,3.4163706302642822,0.023570334538817406,0.0,0.0,0.023570334538817406,0.023672103881835938,-0.0001017693430185318,0.30846157670021057,0.0,0.6314354538917542,0.25558704137802124,2.593052864074707,0.0
0,78,Schedule,True,"66,43,20,81,54,94,21,46,59,18",1.0621355772018433,-1.9153960943222046,-0.9568541049957275,-0.868467390537262,7.999581336975098,3.9439284801483154,0.014522617682814598,0.056666666666666664,0.3,-0.34214407205581665,0.015566110610961914,-0.35771018266677856,-3.176581621170044,-15.806351661682129,0.7459188103675842,0.29541200399398804,2.593052864074707,0.0
0,79,None,False,"66,43,20,81,54,94,21,46,59,18",1.1161569356918335,-2.204085350036621,-1.0526070594787598,-0.6811673641204834,7.999353408813477,4.288399696350098,0.0070899007841944695,0.0,0.0,0.0070899007841944695,0.00912320613861084,-0.0020333053544163704,0.21498453617095947,0.0,0.6922872066497803,0.3426874279975891,2.593052864074707,0.0
0,80,None,False,"66,43,20,81,54,94,21,46,59,18",1.1162105798721313,-1.9332267045974731,-1.1156249046325684,-0.7446573972702026,7.999356269836426,5.5931267738342285,0.015339684672653675,0.0,0.0,0.015339684672653675,0.009502172470092773,0.005837512202560902,0.25505393743515015,0.0,0.633996844291687,0.3464580178260803,2.593052864074707,0.0
0,81,None,False,"66,43,20,81,54,94,21,46,59,18",1.0842524766921997,-2.0597074031829834,-0.8917391300201416,-0.7740310430526733,7.999338150024414,5.630239486694336,0.02117910422384739,0.0,0.0,0.02117910422384739,0.005473136901855469,0.01570596732199192,0.5127936005592346,0.0,0.6431848406791687,0.2627749443054199,2.593052864074707,0.0
0,82,None,False,"66,43,20,81,54,94,21,46,59,18",1.0665011405944824,-1.93063485622406,-1.012882113456726,-0.813849925994873,7.999557971954346,6.067556381225586,0.016765177249908447,0.0,0.0,0.016765177249908447,0.004057049751281738,0.012708127498626709,0.5220174789428711,0.0,0.6604442596435547,0.2808636426925659,2.593052864074707,0.0
0,83,None,False,"66,43,20,81,54,94,21,46,59,18",0.9526196718215942,-1.8880836963653564,-1.3125253915786743,-0.6283470392227173,7.99944543838501,3.4411840438842773,0.010800844058394432,0.0,0.0,0.010800844058394432,0.011199235916137695,-0.00039839185774326324,0.2235838919878006,0.0,0.8755308389663696,0.3429020047187805,2.593052864074707,0.0
0,84,None,False,"66,43,20,81,54,94,21,46,59,18",1.0410776138305664,-2.0985498428344727,-1.4313948154449463,-0.8196170330047607,7.999232769012451,4.295665740966797,0.009473430924117565,0.0,0.0,0.009473430924117565,0.011242985725402832,-0.0017695548012852669,0.2332472950220108,0.0,0.9951604604721069,0.34679877758026123,2.593052864074707,0.0
0,85,None,False,"66,43,20,81,54,94,21,46,59,18",1.112489104270935,-2.2125754356384277,-0.999809980392456,-0.839224100112915,7.999517917633057,5.074617385864258,0.0013350307708606124,0.0,0.0,0.0013350307708606124,0.0028564929962158203,-0.001521462225355208,0.3829149305820465,0.0,0.8413103818893433,0.3627872169017792,2.593052864074707,0.0
0,86,None,False,"66,43,20,81,54,94,21,46,59,18",1.0484814643859863,-1.9372516870498657,-0.9606610536575317,-0.7553235292434692,7.999497890472412,3.330104112625122,0.0006821214919909835,0.0,0.0,0.0006821214919909835,0.0018062591552734375,-0.001124137663282454,0.2647556960582733,0.0,0.9041957855224609,0.33859091997146606,2.593052864074707,0.0
0,87,None,False,"66,43,20,81,54,94,21,46,59,18",1.01891028881073,-2.2566235065460205,-1.2522221803665161,-0.7843388319015503,7.9994001388549805,4.903403282165527,0.01638009026646614,0.0,0.0,0.01638009026646614,0.005572676658630371,0.01080741360783577,0.45546847581863403,0.0,0.8619241714477539,0.32407817244529724,2.593052864074707,0.0
0,88,None,False,"66,43,20,81,54,94,21,46,59,18",1.0158861875534058,-1.8902562856674194,-1.0696656703948975,-0.92909175157547,7.9994049072265625,5.915430545806885,0.011166912503540516,0.0,0.0,0.011166912503540516,0.004398941993713379,0.006767970509827137,0.4510192573070526,0.0,1.0912381410598755,0.33819064497947693,2.593052864074707,0.0
0,89,None,False,"66,43,20,81,54,94,21,46,59,18",1.0177295207977295,-2.088108777999878,-1.1416022777557373,-0.8494763374328613,7.99961519241333,4.896784782409668,0.00739062437787652,0.0,0.0,0.00739062437787652,-0.0015183687210083008,0.008908992633223534,0.49633562564849854,0.0,1.0129001140594482,0.33916229009628296,2.593052864074707,0.0
0,90,None,False,"66,43,20,81,54,94,21,46,59,18",1.0805470943450928,-1.9526346921920776,-1.0915863513946533,-0.9971992373466492,7.999469757080078,3.8374674320220947,0.013085240498185158,0.0,0.0,0.013085240498185158,0.006647944450378418,0.00643729604780674,0.5165799856185913,0.0,1.0988067388534546,0.4059043526649475,2.593052864074707,0.0
0,91,None,False,"66,43,20,81,54,94,21,46,59,18",1.022801399230957,-2.3516855239868164,-1.5111939907073975,-0.7735005617141724,7.99929666519165,6.365373611450195,0.008929205127060413,0.0,0.0,0.008929205127060413,0.0070334672927856445,0.0018957378342747688,0.4252302050590515,0.0,1.1732609272003174,0.4142228364944458,2.593052864074707,0.0
0,92,Schedule,True,"29,77,48,63,9,128,54,102,7,98",1.0655392408370972,-1.9987602233886719,-0.9558832049369812,-0.8803826570510864,7.99960470199585,6.510239601135254,-0.013471156358718872,0.05099999864896138,0.26999999284744264,-0.3344711661338806,-0.0009615421295166016,-0.333509624004364,-2.587144374847412,-12.888955116271973,1.0035837888717651,0.4086485505104065,2.593052864074707,0.0
0,93,None,False,"29,77,48,63,9,128,54,102,7,98",1.156238317489624,-1.9768868684768677,-1.007660150527954,-0.6837486028671265,7.999373435974121,4.9965128898620605,-0.013902431353926659,0.0,0.0,-0.013902431353926659,-0.0026592016220092773,-0.011243229731917381,0.13583748042583466,0.0,1.150022029876709,0.46527427434921265,2.593052864074707,0.0
0,94,None,False,"29,77,48,63,9,128,54,102,7,98",1.0412081480026245,-2.029391050338745,-1.1331497430801392,-0.9460880160331726,7.999487400054932,6.005364894866943,-0.02107422426342964,0.0,0.0,-0.02107422426342964,-0.009316205978393555,-0.011758018285036087,0.20636548101902008,0.0,1.0632144212722778,0.4548785090446472,2.593052864074707,0.0
0,95,None,False,"29,77,48,63,9,128,54,102,7,98",1.1350419521331787,-2.222846508026123,-1.061741590499878,-0.7978340983390808,7.999309539794922,7.323575019836426,-0.025654714554548264,0.0,0.0,-0.025654714554548264,-0.024122655391693115,-0.0015320591628551483,0.5520192384719849,0.0,1.1408365964889526,0.47167113423347473,2.593052864074707,0.0
0,96,None,False,"29,77,48,63,9,128,54,102,7,98",1.046259880065918,-1.9512310028076172,-0.9996694326400757,-0.8812941312789917,7.9995341300964355,6.477071285247803,-0.0218255165964365,0.0,0.0,-0.0218255165964365,-0.022385001182556152,0.0005594845861196518,0.42456650733947754,0.0,1.026364803314209,0.5669301748275757,2.593052864074707,0.0
0,97,None,False,"29,77,48,63,9,128,54,102,7,98",1.081162452697754,-2.519853353500366,-1.226538896560669,-0.7226824760437012,7.9993815422058105,4.5302886962890625,-0.006154126022011042,0.0,0.0,-0.006154126022011042,-0.009826838970184326,0.0036727129481732845,0.33298730850219727,0.0,1.0559390783309937,0.4507743716239929,2.593052864074707,0.0
0,98,None,False,"29,77,48,63,9,128,54,102,7,98",1.1167205572128296,-2.022346019744873,-0.8825828433036804,-0.8913277387619019,7.999516487121582,5.495589256286621,-0.004582029767334461,0.0,0.0,-0.004582029767334461,-0.012758016586303711,0.00817598681896925,0.45034369826316833,0.0,0.9905095100402832,0.4765332043170929,2.593052864074707,0.0
0,99,None,False,"29,77,48,63,9,128,54,102,7,98",1.0892456769943237,-1.8858360052108765,-1.2249360084533691,-0.7836159467697144,7.999545097351074,3.924222469329834,-0.0006530165555886924,0.0,0.0,-0.0006530165555886924,-0.0033302903175354004,0.002677273703739047,0.3768243193626404,0.0,0.9573049545288086,0.4186244010925293,2.593052864074707,0.0
0,100,Struct Break (DC),True,"77,31,73,43,83,105,84,114,76,36",1.09747314453125,-1.5528905391693115,-0.9729570746421814,-0.9680845141410828,7.999608039855957,2.6521434783935547,0.01188632845878601,0.05099999864896138,0.26999999284744264,-0.30911368131637573,0.003488302230834961,-0.3126019835472107,-2.2987194061279297,-11.457841873168945,1.0024878978729248,0.43242311477661133,2.593052864074707,0.0
0,101,None,False,"77,31,73,43,83,105,84,114,76,36",1.0619206428527832,-1.8571250438690186,-1.09934663772583,-0.8609145283699036,7.999561786651611,3.7549712657928467,0.00755839329212904,0.0,0.0,0.00755839329212904,-0.0020132064819335938,0.009571599774062634,0.34801316261291504,0.0,1.069484829902649,0.4824184775352478,2.593052864074707,0.0
0,102,None,False,"77,31,73,43,83,105,84,114,76,36",1.0384941101074219,-2.0915796756744385,-0.9720306396484375,-0.9727813601493835,7.999580383300781,4.7894062995910645,-0.0010384678607806563,0.0,0.0,-0.0010384678607806563,-0.00047528743743896484,-0.0005631804233416915,0.3405398428440094,0.0,1.0796692371368408,0.4963615834712982,2.593052864074707,0.0
0,103,None,False,"77,31,73,43,83,105,84,114,76,36",1.1011316776275635,-1.7956421375274658,-0.9807429313659668,-0.929381251335144,7.999526023864746,4.015903949737549,0.009215259924530983,0.0,0.0,0.009215259924530983,0.014002442359924316,-0.0047871824353933334,0.31079989671707153,0.0,0.7929537296295166,0.461458295583725,2.593052864074707,0.0
0,104,None,False,"77,31,73,43,83,105,84,114,76,36",1.0166327953338623,-1.8720688819885254,-1.289790391921997,-0.7738057374954224,7.9993367195129395,4.5819830894470215,-0.008179688826203346,0.0,0.0,-0.008179688826203346,0.012392759323120117,-0.020572448149323463,0.34355679154396057,0.0,0.8185170888900757,0.40966537594795227,2.593052864074707,0.0
0,105,None,False,"77,31,73,43,83,105,84,114,76,36",1.1026664972305298,-2.0522305965423584,-1.132908582687378,-0.8368226289749146,7.999502658843994,5.377882957458496,-0.009201914072036743,0.0,0.0,-0.009201914072036743,0.020910978317260742,-0.030112892389297485,0.3997178375720978,0.0,0.8200222849845886,0.4093802571296692,2.593052864074707,0.0
0,106,None,False,"77,31,73,43,83,105,84,114,76,36",1.0796475410461426,-1.9722617864608765,-1.1385023593902588,-0.7977791428565979,7.999622344970703,3.924715518951416,0.003933030180633068,0.0,0.0,0.003933030180633068,0.024500489234924316,-0.020567458122968674,0.2968693971633911,0.0,0.8301728963851929,0.3970903158187866,2.593052864074707,0.0
0,107,None,False,"77,31,73,43,83,105,84,114,76,36",1.0525840520858765,-2.1340255737304688,-0.9318482279777527,-0.9065346717834473,7.999626636505127,4.080342769622803,0.0030894458759576082,0.0,0.0,0.0030894458759576082,0.020259499549865723,-0.017170052975416183,0.1730514019727707,0.0,0.810135006904602,0.32210880517959595,2.593052864074707,0.0
0,108,None,False,"77,31,73,43,83,105,84,114,76,36",1.0918476581573486,-1.9756840467453003,-1.1983997821807861,-0.8922427892684937,7.999467849731445,5.534273624420166,0.006154912523925304,0.0,0.0,0.006154912523925304,0.016449689865112305,-0.010294777341187,0.0485045462846756,0.0,0.814849853515625,0.338962584733963,2.593052864074707,0.0
0,109,None,False,"77,31,73,43,83,105,84,114,76,36",1.1382710933685303,-1.9805774688720703,-0.980832576751709,-0.9931076765060425,7.9994025230407715,5.93279504776001,0.031982798129320145,0.0,0.0,0.031982798129320145,0.03040170669555664,0.001581091433763504,0.35963743925094604,0.0,0.7309963703155518,0.4000706076622009,2.593052864074707,0.0
0,110,None,False,"77,31,73,43,83,105,84,114,76,36",1.1097804307937622,-2.169142246246338,-1.16238534450531,-0.8908798694610596,7.999575138092041,4.823051452636719,0.03345993161201477,0.0,0.0,0.03345993161201477,0.03037583827972412,0.0030840933322906494,0.39773571491241455,0.0,0.7589951157569885,0.34273990988731384,2.593052864074707,0.0
0,111,None,False,"77,31,73,43,83,105,84,114,76,36",1.082392930984497,-1.9280065298080444,-1.1255898475646973,-0.9488447904586792,7.999587059020996,4.3231987953186035,0.03128911182284355,0.0,0.0,0.03128911182284355,0.029688239097595215,0.0016008727252483368,0.3285906910896301,0.0,0.9197771549224854,0.37122732400894165,2.593052864074707,0.0
0,112,None,False,"77,31,73,43,83,105,84,114,76,36",1.121951699256897,-2.2018516063690186,-1.1536654233932495,-0.8682624101638794,7.999545097351074,4.237729072570801,0.026950985193252563,0.0,0.0,0.026950985193252563,0.033661723136901855,-0.006710737943649292,0.27002185583114624,0.0,0.9325248003005981,0.3427548110485077,2.593052864074707,0.0
0,113,None,False,"77,31,73,43,83,105,84,114,76,36",1.1062705516815186,-1.9340126514434814,-1.23468017578125,-0.9006688594818115,7.99945068359375,3.744396448135376,0.032471317797899246,0.0,0.0,0.032471317797899246,0.04076051712036133,-0.008289199322462082,0.39450713992118835,0.0,0.931502103805542,0.3400871753692627,2.593052864074707,0.0
0,114,Schedule,True,"24,54,25,60,103,124,78,76,77,51",1.0427063703536987,-1.749245047569275,-1.1868212223052979,-0.6375064849853516,7.9993896484375,5.15573787689209,0.022926753386855125,0.04533333400885264,0.24000000357627868,-0.262406587600708,0.023769617080688477,-0.2861762046813965,-2.548708438873291,-12.715953826904297,0.9682020545005798,0.3276490271091461,2.593052864074707,0.0
0,115,None,False,"24,54,25,60,103,124,78,76,77,51",1.0263926982879639,-2.047133445739746,-1.1443208456039429,-0.802222728729248,7.999534606933594,5.065356254577637,0.01788095198571682,0.0,0.0,0.01788095198571682,0.021952509880065918,-0.004071557894349098,0.3732248544692993,0.0,0.8024802803993225,0.3298162817955017,2.593052864074707,0.0
0,116,None,False,"24,54,25,60,103,124,78,76,77,51",1.1515638828277588,-1.9350870847702026,-1.0761688947677612,-1.1161779165267944,7.999459743499756,6.037505149841309,0.013027560897171497,0.0,0.0,0.013027560897171497,0.011499404907226562,0.0015281559899449348,0.4633607268333435,0.0,0.9384554624557495,0.32671546936035156,2.593052864074707,0.0
0,117,None,False,"24,54,25,60,103,124,78,76,77,51",0.9878844618797302,-2.027268648147583,-1.161453127861023,-0.7974470853805542,7.9994306564331055,6.555305480957031,0.013973891735076904,0.0,0.0,0.013973891735076904,0.011912226676940918,0.0020616650581359863,0.2550432085990906,0.0,1.1517338752746582,0.3444858193397522,2.593052864074707,0.0
0,118,None,False,"24,54,25,60,103,124,78,76,77,51",1.1127744913101196,-2.0274674892425537,-1.1176763772964478,-0.6871416568756104,7.9994683265686035,4.1719136238098145,-0.0007580936071462929,0.0,0.0,-0.0007580936071462929,0.004590034484863281,-0.005348128266632557,0.392067551612854,0.0,0.9610249996185303,0.34696459770202637,2.593052864074707,0.0
0,119,None,False,"24,54,25,60,103,124,78,76,77,51",1.1009492874145508,-2.188689947128296,-1.2042384147644043,-0.6853072643280029,7.999441146850586,3.643386125564575,0.009793984703719616,0.0,0.0,0.009793984703719616,0.004304409027099609,0.0054895756766200066,0.5186268091201782,0.0,0.8944611549377441,0.3406682014465332,2.593052864074707,0.0
0,120,None,False,"24,54,25,60,103,124,78,76,77,51",1.0714874267578125,-2.052734375,-0.9351040720939636,-0.9989132881164551,7.999485969543457,4.85575532913208,0.031475793570280075,0.0,0.0,0.031475793570280075,0.011382818222045898,0.020092975348234177,0.5300030708312988,0.0,0.7304060459136963,0.3281206488609314,2.593052864074707,0.0
0,121,None,False,"24,54,25,60,103,124,78,76,77,51",1.1266756057739258,-1.972416877746582,-0.8964282870292664,-0.6292804479598999,7.9994120597839355,5.186827659606934,0.03942849114537239,0.0,0.0,0.03942849114537239,0.028179168701171875,0.011249322444200516,0.43377065658569336,0.0,0.8006631135940552,0.3897594213485718,2.593052864074707,0.0
0,122,None,False,"24,54,25,60,103,124,78,76,77,51",1.0966607332229614,-1.6722840070724487,-0.8500915765762329,-0.8903710842132568,7.999465465545654,5.244901657104492,0.020142395049333572,0.0,0.0,0.020142395049333572,0.022061705589294434,-0.0019193105399608612,0.35743385553359985,0.0,0.6336951851844788,0.32926708459854126,2.593052864074707,0.0
0,123,None,False,"24,54,25,60,103,124,78,76,77,51",1.093587875366211,-2.0197980403900146,-1.0931512117385864,-0.8133734464645386,7.999529838562012,3.042668104171753,0.02999408170580864,0.0,0.0,0.02999408170580864,0.02290356159210205,0.007090520113706589,0.32274070382118225,0.0,0.6167194843292236,0.2765013575553894,2.593052864074707,0.0
0,124,None,False,"24,54,25,60,103,124,78,76,77,51",0.9442781209945679,-2.2794578075408936,-1.0788350105285645,-0.9543549418449402,7.9994730949401855,4.3553853034973145,0.010509401559829712,0.0,0.0,0.010509401559829712,0.014943480491638184,-0.004434078931808472,0.12914127111434937,0.0,0.8147809505462646,0.3545079529285431,2.593052864074707,0.0
0,125,None,False,"24,54,25,60,103,124,78,76,77,51",1.078395128250122,-2.2744386196136475,-1.480189323425293,-0.6131876707077026,7.999290943145752,5.282607078552246,0.005538314580917358,0.0,0.0,0.005538314580917358,0.005183577537536621,0.0003547370433807373,0.26049286127090454,0.0,0.7276465892791748,0.3319361209869385,2.593052864074707,0.0
0,126,None,False,"24,54,25,60,103,124,78,76,77,51",1.117309331893921,-2.210439682006836,-1.1536762714385986,-0.9738031625747681,7.999457836151123,6.520252704620361,7.106065459083766e-05,0.0,0.0,7.106065459083766e-05,0.0015915632247924805,-0.0015205026138573885,0.22224102914333344,0.0,0.7831259965896606,0.2790200710296631,2.593052864074707,0.0
0,127,None,False,"24,54,25,60,103,124,78,76,77,51",1.0516643524169922,-2.008587598800659,-1.089241623878479,-0.7112699151039124,7.999293804168701,4.846268653869629,0.0015956342685967684,0.0,0.0,0.0015956342685967684,0.0036797523498535156,-0.0020841180812567472,0.482106477022171,0.0,0.8693918585777283,0.27089884877204895,2.593052864074707,0.0
0,0,Schedule | Regime Shift (Initial),True,"29,120,47,137,112,12,52,21,77,94",1.0736632347106934,-1.886300802230835,-0.8947616815567017,-0.9485190510749817,7.999295711517334,4.926588535308838,-0.015561675652861595,0.0,0.0,-0.015561675652861595,-0.00790029764175415,-0.007661378011107445,-0.28065794706344604,-1.4435632228851318,0.994091272354126,0.37560808658599854,2.276994228363037,0.0
0,1,None,False,"29,120,47,137,112,12,52,21,77,94",1.0090879201889038,-2.250439405441284,-1.0387647151947021,-0.7661659717559814,7.998961925506592,5.39604377746582,-0.020729178562760353,0.0,0.0,-0.020729178562760353,-0.010489284992218018,-0.010239893570542336,0.05530369654297829,0.0,1.043895959854126,0.4569261074066162,2.276994228363037,0.0
0,2,None,False,"29,120,47,137,112,12,52,21,77,94",1.059187889099121,-1.9499448537826538,-1.0523409843444824,-0.8025395274162292,7.999138832092285,6.3142499923706055,-0.0014552951324731112,0.0,0.0,-0.0014552951324731112,-0.0015211701393127441,6.587500683963299e-05,0.18723678588867188,0.0,1.1855441331863403,0.2841920256614685,2.276994228363037,0.0
0,3,None,False,"29,120,47,137,112,12,52,21,77,94",1.0778334140777588,-1.9011075496673584,-0.9357898235321045,-1.0694516897201538,7.999321460723877,4.341552257537842,0.0344284251332283,0.0,0.0,0.0344284251332283,0.01766979694366455,0.01675862818956375,0.5191927552223206,0.0,1.2044432163238525,0.3063194155693054,2.276994228363037,0.0
0,4,None,False,"29,120,47,137,112,12,52,21,77,94",1.011488914489746,-1.990675449371338,-1.1400816440582275,-0.7294952273368835,7.999237060546875,3.7712621688842773,0.04669738933444023,0.0,0.0,0.04669738933444023,0.025389671325683594,0.021307718008756638,0.5908920168876648,0.0,1.0937398672103882,0.2902914583683014,2.276994228363037,0.0
0,5,None,False,"29,120,47,137,112,12,52,21,77,94",1.0984512567520142,-2.061124324798584,-1.1119565963745117,-0.806320309638977,7.99911642074585,4.842685222625732,0.025581438094377518,0.0,0.0,0.025581438094377518,0.012202262878417969,0.013379175215959549,0.39771971106529236,0.0,1.0640363693237305,0.3062081038951874,2.276994228363037,0.0
0,6,None,False,"29,120,47,137,112,12,52,21,77,94",1.068841576576233,-2.272737503051758,-1.2567118406295776,-0.7751713991165161,7.998928546905518,5.393435955047607,0.016825944185256958,0.0,0.0,0.016825944185256958,0.004654645919799805,0.012171298265457153,0.45095089077949524,0.0,0.9376534819602966,0.2958225905895233,2.276994228363037,0.0
0,7,None,False,"29,120,47,137,112,12,52,21,77,94",1.0614551305770874,-1.781522512435913,-0.6775270104408264,-1.0421308279037476,7.999295234680176,5.344139099121094,-0.00904536247253418,0.0,0.0,-0.00904536247253418,-0.0013818740844726562,-0.0076634883880615234,0.20414350926876068,0.0,0.9317112565040588,0.317909836769104,2.276994228363037,0.0
0,8,None,False,"29,120,47,137,112,12,52,21,77,94",1.0690113306045532,-1.8771392107009888,-0.8560399413108826,-0.8134927749633789,7.999351978302002,5.484803676605225,-0.01855219528079033,0.0,0.0,-0.01855219528079033,-0.008931636810302734,-0.009620558470487595,0.09106305241584778,0.0,0.9331231713294983,0.3087536692619324,2.276994228363037,0.0
0,9,None,False,"29,120,47,137,112,12,52,21,77,94",1.015286922454834,-1.8963083028793335,-0.8456910848617554,-0.8424553871154785,7.999317169189453,5.159816741943359,-0.020957523956894875,0.0,0.0,-0.020957523956894875,-0.004313468933105469,-0.016644055023789406,-0.20881867408752441,0.0,0.8142174482345581,0.31455177068710327,2.276994228363037,0.0
0,10,None,False,"29,120,47,137,112,12,52,21,77,94",0.938101589679718,-2.016068458557129,-1.0523089170455933,-0.8060056567192078,7.999350547790527,4.093708515167236,-0.021701615303754807,0.0,0.0,-0.021701615303754807,-0.005433440208435059,-0.016268175095319748,0.012441110797226429,0.0,0.711170494556427,0.3252541720867157,2.276994228363037,0.0
0,11,None,False,"29,120,47,137,112,12,52,21,77,94",1.0632699728012085,-2.174247980117798,-1.0492751598358154,-0.834078311920166,7.999022006988525,5.018457889556885,0.005674439482390881,0.0,0.0,0.005674439482390881,0.0027464628219604492,0.0029279766604304314,0.11080365628004074,0.0,0.8068332672119141,0.2889792323112488,2.276994228363037,0.0
0,12,None,False,"29,120,47,137,112,12,52,21,77,94",1.0591202974319458,-1.8749148845672607,-0.9193259477615356,-0.9161033630371094,7.999269962310791,5.017806053161621,0.016142606735229492,0.0,0.0,0.016142606735229492,0.007449626922607422,0.00869297981262207,0.16207355260849,0.0,0.7241231203079224,0.3171007037162781,2.276994228363037,0.0
0,13,None,False,"29,120,47,137,112,12,52,21,77,94",1.0537242889404297,-1.9134113788604736,-0.9245273470878601,-0.9271241426467896,7.9993696212768555,3.7671024799346924,0.1231963038444519,0.0,0.0,0.1231963038444519,0.031407952308654785,0.09178835153579712,1.2092498540878296,0.0,0.7851487398147583,0.3676932454109192,2.276994228363037,0.0
0,14,Schedule,True,"26,137,75,25,2,71,40,21,100,58",1.0832622051239014,-1.9230685234069824,-0.9302356243133545,-1.0352102518081665,7.9995903968811035,3.542107343673706,0.1309410035610199,0.04533333400885264,0.24000000357627868,-0.15439234673976898,0.03394210338592529,-0.18833445012569427,-0.11677780747413635,-0.6290555000305176,0.7730200886726379,0.37588220834732056,2.276994228363037,0.0
0,15,None,False,"26,137,75,25,2,71,40,21,100,58",1.0990098714828491,-1.864251971244812,-1.087321400642395,-0.8385148644447327,7.9993414878845215,3.254880905151367,0.13835647702217102,0.0,0.0,0.13835647702217102,0.03475141525268555,0.10360506176948547,3.767237901687622,0.0,0.7902729511260986,0.31532180309295654,2.276994228363037,0.0
0,16,None,False,"26,137,75,25,2,71,40,21,100,58",1.0757310390472412,-2.05997633934021,-0.9525819420814514,-0.789149284362793,7.999196529388428,4.141698837280273,0.12778586149215698,0.0,0.0,0.12778586149215698,0.030156850814819336,0.09762901067733765,1.4997848272323608,0.0,0.7405054569244385,0.3006722331047058,2.276994228363037,0.0
0,17,None,False,"26,137,75,25,2,71,40,21,100,58",1.10457181930542,-1.9919581413269043,-1.0003101825714111,-1.0865460634231567,7.9992451667785645,6.325538158416748,0.11910855770111084,0.0,0.0,0.11910855770111084,0.02871537208557129,0.09039318561553955,1.0720853805541992,0.0,0.8023591041564941,0.2856043577194214,2.276994228363037,0.0
0,18,None,False,"26,137,75,25,2,71,40,21,100,58",1.0737892389297485,-2.0375404357910156,-1.1132549047470093,-0.7409964799880981,7.999208927154541,5.579772472381592,0.015128254890441895,0.0,0.0,0.015128254890441895,0.005548715591430664,0.00957953929901123,0.4284549653530121,0.0,0.8696451783180237,0.3492252826690674,2.276994228363037,0.0
0,19,None,False,"26,137,75,25,2,71,40,21,100,58",0.9699715971946716,-2.198793411254883,-1.2447526454925537,-0.9015060663223267,7.999185562133789,5.1788859367370605,0.0009470403310842812,0.0,0.0,0.0009470403310842812,0.010553240776062012,-0.009606200270354748,0.1183142438530922,0.0,1.0557242631912231,0.4616149663925171,2.276994228363037,0.0
0,20,None,False,"26,137,75,25,2,71,40,21,100,58",1.0600820779800415,-2.0347633361816406,-1.0314173698425293,-0.8341447710990906,7.999293804168701,5.020665168762207,-0.003541195299476385,0.0,0.0,-0.003541195299476385,0.009955525398254395,-0.013496721163392067,0.09216082096099854,0.0,0.9171038866043091,0.42820388078689575,2.276994228363037,0.0
0,21,None,False,"26,137,75,25,2,71,40,21,100,58",1.1563611030578613,-2.0199413299560547,-1.0023431777954102,-0.7896780371665955,7.9991984367370605,4.642934322357178,-0.000376152980607003,0.0,0.0,-0.000376152980607003,0.010578632354736328,-0.010954785160720348,0.0327317900955677,0.0,0.9207869172096252,0.3281998932361603,2.276994228363037,0.0
0,22,None,False,"26,137,75,25,2,71,40,21,100,58",1.0101947784423828,-2.3899483680725098,-0.8333130478858948,-1.2808283567428589,7.999441146850586,6.714367866516113,-0.012428170070052147,0.0,0.0,-0.012428170070052147,-0.0022149085998535156,-0.010213261470198631,0.025887159630656242,0.0,0.865271806716919,0.4500025808811188,2.276994228363037,0.0
0,23,None,False,"26,137,75,25,2,71,40,21,100,58",1.075003981590271,-1.9690135717391968,-1.0481438636779785,-0.8495951890945435,7.99921178817749,5.735695838928223,-0.012719154357910156,0.0,0.0,-0.012719154357910156,-0.0009557604789733887,-0.011763393878936768,0.2024526745080948,0.0,0.8035473823547363,0.3716495633125305,2.276994228363037,0.0
0,24,None,False,"26,137,75,25,2,71,40,21,100,58",1.117499589920044,-1.8506522178649902,-0.7553153038024902,-1.2643288373947144,7.999338626861572,4.527446746826172,-0.025317197665572166,0.0,0.0,-0.025317197665572166,-0.014088034629821777,-0.011229163035750389,0.12952430546283722,0.0,0.8078933358192444,0.2934407591819763,2.276994228363037,0.0
0,25,None,False,"26,137,75,25,2,71,40,21,100,58",1.0731713771820068,-1.9515676498413086,-0.8198295831680298,-1.2226296663284302,7.999439716339111,4.863463878631592,-0.027486782521009445,0.0,0.0,-0.027486782521009445,-0.017726778984069824,-0.009760003536939621,0.029476044699549675,0.0,0.6724036931991577,0.3137173354625702,2.276994228363037,0.0
0,26,None,False,"26,137,75,25,2,71,40,21,100,58",1.0404869318008423,-2.160449266433716,-0.9308652281761169,-1.0002622604370117,7.99922513961792,3.8473753929138184,-0.02271801233291626,0.0,0.0,-0.02271801233291626,-0.011887013912200928,-0.010830998420715332,-0.00822374876588583,0.0,0.6919089555740356,0.35520702600479126,2.276994228363037,0.0
0,27,None,False,"26,137,75,25,2,71,40,21,100,58",0.9177321791648865,-2.1906838417053223,-1.101265788078308,-0.9538214206695557,7.999209880828857,5.672243118286133,-0.00983249582350254,0.0,0.0,-0.00983249582350254,-0.003258049488067627,-0.006574446335434914,0.2443564236164093,0.0,0.8751885890960693,0.31514856219291687,2.276994228363037,0.0
0,28,Schedule,True,"81,75,43,89,24,119,32,70,129,48",1.0515424013137817,-1.958097219467163,-1.0401036739349365,-1.0133181810379028,7.999378204345703,5.370349407196045,0.01584681309759617,0.05099999864896138,0.26999999284744264,-0.3051531910896301,0.0035430192947387695,-0.3086962103843689,-0.9332609176635742,-4.678951740264893,0.9150972962379456,0.37860530614852905,2.276994228363037,0.0
0,29,None,False,"81,75,43,89,24,119,32,70,129,48",1.0689918994903564,-1.921975016593933,-1.0792039632797241,-0.9550127983093262,7.99924898147583,4.289057731628418,0.0524919256567955,0.0,0.0,0.0524919256567955,0.020305156707763672,0.03218676894903183,0.8117947578430176,0.0,0.9270555973052979,0.3505702316761017,2.276994228363037,0.0
0,30,None,False,"81,75,43,89,24,119,32,70,129,48",0.9916011691093445,-2.1094138622283936,-1.2005648612976074,-0.6436426639556885,7.998863220214844,6.6858744621276855,0.05410658195614815,0.0,0.0,0.05410658195614815,0.03184378147125244,0.022262800484895706,0.6299015879631042,0.0,0.8206621408462524,0.296246737241745,2.276994228363037,0.0
0,31,None,False,"81,75,43,89,24,119,32,70,129,48",0.9545039534568787,-2.02986741065979,-0.8718836307525635,-1.0013031959533691,7.999580383300781,5.737155437469482,0.044465504586696625,0.0,0.0,0.044465504586696625,0.027257204055786133,0.017208300530910492,0.513094425201416,0.0,0.7240840792655945,0.29996421933174133,2.276994228363037,0.0
0,32,None,False,"81,75,43,89,24,119,32,70,129,48",1.0150549411773682,-2.3215553760528564,-1.1517959833145142,-0.9053716063499451,7.999108791351318,5.75001859664917,0.04303831607103348,0.0,0.0,0.04303831607103348,0.02784121036529541,0.015197105705738068,0.6078794002532959,0.0,0.5902715921401978,0.3176150321960449,2.276994228363037,0.0
0,33,None,False,"81,75,43,89,24,119,32,70,129,48",1.070992112159729,-2.075836181640625,-1.021586298942566,-0.8641653656959534,7.999316692352295,4.862127780914307,0.0372421070933342,0.0,0.0,0.0372421070933342,0.02398681640625,0.013255290687084198,0.5101073980331421,0.0,0.5228331685066223,0.3249748945236206,2.276994228363037,0.0
0,34,None,False,"81,75,43,89,24,119,32,70,129,48",1.0605655908584595,-2.0672526359558105,-0.8458684086799622,-0.880152702331543,7.999485015869141,4.168221473693848,0.013867855072021484,0.0,0.0,0.013867855072021484,0.018419742584228516,-0.004551887512207031,0.16061508655548096,0.0,0.5910760760307312,0.3103408217430115,2.276994228363037,0.0
0,35,None,False,"81,75,43,89,24,119,32,70,129,48",1.0264456272125244,-1.9001843929290771,-0.9104069471359253,-0.9687265157699585,7.999312400817871,3.903965950012207,0.019972896203398705,0.0,0.0,0.019972896203398705,0.016434311866760254,0.0035385843366384506,-0.09000948071479797,0.0,0.6331754922866821,0.2973988652229309,2.276994228363037,0.0
0,36,None,False,"81,75,43,89,24,119,32,70,129,48",0.9110590219497681,-2.4896490573883057,-1.0194697380065918,-0.861762523651123,7.998967170715332,7.171470642089844,0.0284956693649292,0.0,0.0,0.0284956693649292,0.021541595458984375,0.006954073905944824,0.21896140277385712,0.0,0.6194746494293213,0.3151623010635376,2.276994228363037,0.0
0,37,None,False,"81,75,43,89,24,119,32,70,129,48",1.0960971117019653,-1.8565398454666138,-1.0224239826202393,-1.085146188735962,7.999147415161133,6.731930255889893,0.033541690558195114,0.0,0.0,0.033541690558195114,0.033011794090270996,0.000529896467924118,0.3008623421192169,0.0,0.6531020402908325,0.3188971281051636,2.276994228363037,0.0
0,38,None,False,"81,75,43,89,24,119,32,70,129,48",0.9928199648857117,-1.7373499870300293,-0.8482398390769958,-0.8561164140701294,7.999228000640869,5.474411487579346,0.03396139666438103,0.0,0.0,0.03396139666438103,0.02772533893585205,0.0062360577285289764,0.35832640528678894,0.0,0.5896120667457581,0.28280383348464966,2.276994228363037,0.0
0,39,None,False,"81,75,43,89,24,119,32,70,129,48",1.0851454734802246,-2.1166069507598877,-1.0980348587036133,-0.9327067136764526,7.999144077301025,5.290197849273682,0.034129656851291656,0.0,0.0,0.034129656851291656,0.03064417839050293,0.003485478460788727,0.28321078419685364,0.0,0.5458713173866272,0.3256911039352417,2.276994228363037,0.0
0,40,None,False,"81,75,43,89,24,119,32,70,129,48",1.0836820602416992,-1.8631383180618286,-0.8356354832649231,-1.0386155843734741,7.999388217926025,4.769633769989014,0.023215526714920998,0.0,0.0,0.023215526714920998,0.019495368003845215,0.0037201587110757828,0.6020151376724243,0.0,0.6272911429405212,0.24677568674087524,2.276994228363037,0.0
0,41,None,False,"81,75,43,89,24,119,32,70,129,48",1.0406521558761597,-1.6904079914093018,-0.9201126098632812,-1.0762258768081665,7.999340057373047,3.4450302124023438,0.024458546191453934,0.0,0.0,0.024458546191453934,0.020432472229003906,0.0040260739624500275,0.352659672498703,0.0,0.5768366456031799,0.26643091440200806,2.276994228363037,0.0
0,42,Schedule,True,"72,33,122,34,51,70,30,36,54,80",0.9742382168769836,-2.1375205516815186,-0.8649905920028687,-1.054944634437561,7.999677658081055,4.803116798400879,0.015017693862318993,0.05099999864896138,0.26999999284744264,-0.3059823215007782,0.02043449878692627,-0.32641682028770447,-1.3272528648376465,-6.633250713348389,0.5552098155021667,0.23385338485240936,2.276994228363037,0.0
0,43,None,False,"72,33,122,34,51,70,30,36,54,80",1.0890703201293945,-1.959743857383728,-1.081413745880127,-1.0307178497314453,7.999192237854004,5.464146137237549,0.032199304550886154,0.0,0.0,0.032199304550886154,0.030266284942626953,0.001933019608259201,0.20777975022792816,0.0,0.49266427755355835,0.23459534347057343,2.276994228363037,0.0
0,44,None,False,"72,33,122,34,51,70,30,36,54,80",0.9972346425056458,-2.0125529766082764,-1.2239985466003418,-0.8256736993789673,7.99949836730957,5.074433326721191,0.0235078576952219,0.0,0.0,0.0235078576952219,0.02102077007293701,0.0024870876222848892,0.2074192613363266,0.0,0.6550166010856628,0.24190549552440643,2.276994228363037,0.0
0,45,None,False,"72,33,122,34,51,70,30,36,54,80",1.0580719709396362,-1.9298224449157715,-0.9479118585586548,-0.7818558812141418,7.999225616455078,4.509360313415527,0.02387126162648201,0.0,0.0,0.02387126162648201,0.023798108100891113,7.31535255908966e-05,0.3067493736743927,0.0,0.6372430324554443,0.24974490702152252,2.276994228363037,0.0
0,46,None,False,"72,33,122,34,51,70,30,36,54,80",1.0517181158065796,-2.249109983444214,-0.9621086120605469,-0.9225510358810425,7.999222755432129,5.304948806762695,0.00867551565170288,0.0,0.0,0.00867551565170288,0.010439157485961914,-0.0017636418342590332,0.4400216341018677,0.0,0.6371819376945496,0.23278114199638367,2.276994228363037,0.0
0,47,None,False,"72,33,122,34,51,70,30,36,54,80",0.9950781464576721,-1.9730409383773804,-1.0696600675582886,-0.7061397433280945,7.999221324920654,4.876362323760986,0.0009587287786416709,0.0,0.0,0.0009587287786416709,0.004201531410217285,-0.0032428025733679533,0.17537079751491547,0.0,0.8104383945465088,0.3278082609176636,2.276994228363037,0.0
0,48,None,False,"72,33,122,34,51,70,30,36,54,80",1.0806094408035278,-2.0062131881713867,-0.9267902970314026,-0.8644703030586243,7.999303817749023,4.088759422302246,-0.021157223731279373,0.0,0.0,-0.021157223731279373,-0.01209867000579834,-0.009058553725481033,-0.002716169925406575,0.0,0.6807314157485962,0.3122931122779846,2.276994228363037,0.0
0,49,None,False,"72,33,122,34,51,70,30,36,54,80",1.1084064245224,-2.2197022438049316,-1.0892317295074463,-0.9770808219909668,7.999320983886719,3.4218688011169434,-0.021906476467847824,0.0,0.0,-0.021906476467847824,-0.011439383029937744,-0.01046709343791008,0.09055328369140625,0.0,0.7967615127563477,0.29542461037635803,2.276994228363037,0.0
0,50,None,False,"72,33,122,34,51,70,30,36,54,80",1.0736020803451538,-2.0921638011932373,-1.1084356307983398,-0.7475655674934387,7.999068260192871,4.68902063369751,-0.021527672186493874,0.0,0.0,-0.021527672186493874,-0.008724629878997803,-0.01280304230749607,-0.05820092558860779,0.0,0.8155863881111145,0.32762977480888367,2.276994228363037,0.0
0,51,None,False,"72,33,122,34,51,70,30,36,54,80",1.0290907621383667,-1.8938473463058472,-1.0322988033294678,-0.846966564655304,7.999454498291016,3.4149551391601562,-0.0010056734317913651,0.0,0.0,-0.0010056734317913651,-0.00025773048400878906,-0.0007479429477825761,0.43966367840766907,0.0,0.7638193368911743,0.3077715039253235,2.276994228363037,0.0
0,52,None,False,"72,33,122,34,51,70,30,36,54,80",1.0067715644836426,-1.8352916240692139,-1.2080655097961426,-0.9868989586830139,7.999042510986328,4.653595447540283,0.019181877374649048,0.0,0.0,0.019181877374649048,0.0006014108657836914,0.018580466508865356,0.5203996300697327,0.0,0.7595969438552856,0.3872345983982086,2.276994228363037,0.0
0,53,None,False,"72,33,122,34,51,70,30,36,54,80",1.1440351009368896,-2.125192403793335,-1.016269564628601,-0.9899858236312866,7.999001979827881,4.92426872253418,0.02946833334863186,0.0,0.0,0.02946833334863186,0.014977693557739258,0.014490639790892601,0.388365238904953,0.0,0.7720919847488403,0.37575849890708923,2.276994228363037,0.0
0,54,None,False,"72,33,122,34,51,70,30,36,54,80",1.0458050966262817,-2.0257246494293213,-0.9085900783538818,-1.2037707567214966,7.999514102935791,5.463701248168945,0.0449204221367836,0.0,0.0,0.0449204221367836,0.02140629291534424,0.02351412922143936,0.5093355178833008,0.0,0.8759439587593079,0.3668908476829529,2.276994228363037,0.0
0,55,None,False,"72,33,122,34,51,70,30,36,54,80",1.0613691806793213,-2.256150245666504,-1.2580516338348389,-0.7967808246612549,7.998899936676025,5.799211502075195,0.05593867972493172,0.0,0.0,0.05593867972493172,0.020980000495910645,0.03495867922902107,0.6183843016624451,0.0,0.9858524799346924,0.37893587350845337,2.276994228363037,0.0
0,56,Schedule,True,"75,51,32,45,69,59,72,70,33,130",1.0020320415496826,-2.0618104934692383,-1.3973194360733032,-0.8113826513290405,7.999003887176514,5.054481506347656,0.04999065399169922,0.03400000135103861,0.18000000715255737,-0.16400936245918274,0.01896536350250244,-0.18297472596168518,-0.8237533569335938,-4.14357852935791,1.0658206939697266,0.46016791462898254,2.276994228363037,0.0
0,57,None,False,"75,51,32,45,69,59,72,70,33,130",1.0085468292236328,-1.739109992980957,-1.0475307703018188,-0.8782395124435425,7.999022483825684,3.7356228828430176,0.02423453889787197,0.0,0.0,0.02423453889787197,0.010058999061584473,0.014175539836287498,0.4992114305496216,0.0,1.2258268594741821,0.47470927238464355,2.276994228363037,0.0
0,58,None,False,"75,51,32,45,69,59,72,70,33,130",1.0792136192321777,-1.9161174297332764,-0.9355671405792236,-0.8189246654510498,7.999322891235352,4.756145000457764,0.030318867415189743,0.0,0.0,0.030318867415189743,0.007376670837402344,0.0229421965777874,0.5399540066719055,0.0,1.2250723838806152,0.4112697243690491,2.276994228363037,0.0
0,59,None,False,"75,51,32,45,69,59,72,70,33,130",0.991414487361908,-2.0549399852752686,-0.8333595395088196,-1.1269433498382568,7.99938440322876,4.655405521392822,0.014961856417357922,0.0,0.0,0.014961856417357922,0.002553701400756836,0.012408155016601086,0.5186072587966919,0.0,1.1792616844177246,0.41432154178619385,2.276994228363037,0.0
0,60,None,False,"75,51,32,45,69,59,72,70,33,130",1.02043616771698,-2.150362014770508,-0.8968967795372009,-0.9251124262809753,7.999314785003662,3.682626724243164,0.018386494368314743,0.0,0.0,0.018386494368314743,0.012272834777832031,0.006113659590482712,0.3775057792663574,0.0,1.1433510780334473,0.41358378529548645,2.276994228363037,0.0
0,61,None,False,"75,51,32,45,69,59,72,70,33,130",1.0779540538787842,-1.9203755855560303,-1.0912957191467285,-0.8922775983810425,7.999424457550049,3.96148943901062,0.033188603818416595,0.0,0.0,0.033188603818416595,0.017008423805236816,0.01618018001317978,0.5220931768417358,0.0,0.9803645610809326,0.3899000287055969,2.276994228363037,0.0
0,62,None,False,"75,51,32,45,69,59,72,70,33,130",0.9980181455612183,-2.2071027755737305,-1.2518393993377686,-0.9363301396369934,7.999032974243164,4.397714614868164,0.0587959885597229,0.0,0.0,0.0587959885597229,0.027800917625427246,0.030995070934295654,0.6064890623092651,0.0,1.2541414499282837,0.3470733165740967,2.276994228363037,0.0
0,63,None,False,"75,51,32,45,69,59,72,70,33,130",1.1024973392486572,-2.1635758876800537,-0.982551097869873,-0.681154191493988,7.99903678894043,4.76019811630249,0.054040879011154175,0.0,0.0,0.054040879011154175,0.023672103881835938,0.030368775129318237,0.5615821480751038,0.0,1.2760899066925049,0.3749115467071533,2.276994228363037,0.0
0,64,None,False,"75,51,32,45,69,59,72,70,33,130",1.0945491790771484,-1.8599101305007935,-0.9360030889511108,-0.7826879024505615,7.99934720993042,4.36009407043457,0.0404268316924572,0.0,0.0,0.0404268316924572,0.015566110610961914,0.024860721081495285,0.5140970349311829,0.0,1.3081473112106323,0.35662320256233215,2.276994228363037,0.0
0,65,None,False,"75,51,32,45,69,59,72,70,33,130",1.0979228019714355,-1.9924554824829102,-1.0151194334030151,-1.0707073211669922,7.999223709106445,3.887542724609375,0.021861404180526733,0.0,0.0,0.021861404180526733,0.00912320613861084,0.012738198041915894,0.4085652232170105,0.0,1.14127516746521,0.3815823793411255,2.276994228363037,0.0
0,66,None,False,"75,51,32,45,69,59,72,70,33,130",1.071427345275879,-2.0496184825897217,-0.9117695093154907,-0.9364294409751892,7.999541759490967,4.178640365600586,0.015135550871491432,0.0,0.0,0.015135550871491432,0.009502172470092773,0.005633378401398659,0.3456123173236847,0.0,1.0954943895339966,0.36240309476852417,2.276994228363037,0.0
0,67,None,False,"75,51,32,45,69,59,72,70,33,130",1.1057759523391724,-2.1059741973876953,-1.1084954738616943,-0.9023905992507935,7.999222755432129,3.4135775566101074,0.009007096290588379,0.0,0.0,0.009007096290588379,0.005473136901855469,0.00353395938873291,0.3791930377483368,0.0,1.1741020679473877,0.38000598549842834,2.276994228363037,0.0
0,68,None,False,"75,51,32,45,69,59,72,70,33,130",0.9109958410263062,-1.920555830001831,-1.1733522415161133,-0.5325937867164612,7.998610019683838,6.630425930023193,-0.006336235906928778,0.0,0.0,-0.006336235906928778,0.004057049751281738,-0.010393286123871803,0.1815166175365448,0.0,0.9636446833610535,0.30969369411468506,2.276994228363037,0.0
0,69,None,False,"75,51,32,45,69,59,72,70,33,130",1.087216854095459,-1.8885728120803833,-0.8703973889350891,-0.8644654750823975,7.999242782592773,6.640777587890625,-0.008027022704482079,0.0,0.0,-0.008027022704482079,0.011199235916137695,-0.019226258620619774,0.05783463642001152,0.0,0.9033015966415405,0.2742759585380554,2.276994228363037,0.0
0,70,Schedule,True,"130,31,121,45,133,43,74,64,30,24",0.9757660031318665,-2.1398563385009766,-1.2134090662002563,-0.6073380708694458,7.999120235443115,4.453975677490234,-0.005092525389045477,0.04533333400885264,0.24000000357627868,-0.2904258668422699,0.011242985725402832,-0.30166885256767273,-1.5313042402267456,-7.6492109298706055,0.818989634513855,0.2423364818096161,2.276994228363037,0.0
0,71,None,False,"130,31,121,45,133,43,74,64,30,24",1.014116883277893,-1.9826698303222656,-0.9335463047027588,-0.8158020377159119,7.9993743896484375,4.023691654205322,0.0007524609682150185,0.0,0.0,0.0007524609682150185,0.0028564929962158203,-0.0021040320862084627,0.3784046769142151,0.0,0.9815090894699097,0.27793729305267334,2.276994228363037,0.0
0,72,None,False,"130,31,121,45,133,43,74,64,30,24",1.0813448429107666,-2.04131817817688,-1.029432773590088,-0.9084590077400208,7.999521255493164,3.6425623893737793,-0.012457567267119884,0.0,0.0,-0.012457567267119884,0.0018062591552734375,-0.014263826422393322,0.12365879863500595,0.0,1.1936815977096558,0.4130566716194153,2.276994228363037,0.0
0,73,None,False,"130,31,121,45,133,43,74,64,30,24",1.0373578071594238,-2.057176351547241,-0.8722102046012878,-0.9126683473587036,7.999392986297607,3.2379820346832275,0.009528189897537231,0.0,0.0,0.009528189897537231,0.005572676658630371,0.00395551323890686,0.5056052803993225,0.0,1.4664446115493774,0.423823744058609,2.276994228363037,0.0
0,74,None,False,"130,31,121,45,133,43,74,64,30,24",1.0389741659164429,-2.2145402431488037,-0.9487046003341675,-0.7457559108734131,7.999285697937012,4.374398708343506,0.009880530647933483,0.0,0.0,0.009880530647933483,0.004398941993713379,0.005481588654220104,0.3313263952732086,0.0,1.2776076793670654,0.4385547339916229,2.276994228363037,0.0
0,75,None,False,"130,31,121,45,133,43,74,64,30,24",1.037257432937622,-2.337876319885254,-1.0175951719284058,-0.870023250579834,7.99907112121582,5.026269435882568,0.0005308091640472412,0.0,0.0,0.0005308091640472412,-0.0015183687210083008,0.002049177885055542,0.4411931335926056,0.0,1.2761685848236084,0.4313272535800934,2.276994228363037,0.0
0,76,None,False,"130,31,121,45,133,43,74,64,30,24",1.138033151626587,-1.790022850036621,-1.0635946989059448,-1.0846307277679443,7.999251842498779,6.6224164962768555,-0.008931743912398815,0.0,0.0,-0.008931743912398815,0.006647944450378418,-0.015579688362777233,0.12847800552845,0.0,1.2537200450897217,0.4783783555030823,2.276994228363037,0.0
0,77,None,False,"130,31,121,45,133,43,74,64,30,24",1.0025604963302612,-2.0459041595458984,-1.0401581525802612,-0.8858436346054077,7.999238967895508,4.762864112854004,-0.0023492216132581234,0.0,0.0,-0.0023492216132581234,0.0070334672927856445,-0.009382689371705055,0.22925415635108948,0.0,1.3977553844451904,0.5258421897888184,2.276994228363037,0.0
0,78,None,False,"130,31,121,45,133,43,74,64,30,24",1.0383189916610718,-1.7629046440124512,-0.7378449440002441,-0.9261465072631836,7.9995245933532715,3.829172372817993,-0.02217341586947441,0.0,0.0,-0.02217341586947441,-0.0009615421295166016,-0.02121187373995781,0.20334209501743317,0.0,1.2314438819885254,0.4747020900249481,2.276994228363037,0.0
0,79,None,False,"130,31,121,45,133,43,74,64,30,24",1.0561360120773315,-1.8525078296661377,-0.9644683003425598,-0.9682044982910156,7.999086380004883,3.939307451248169,-0.01707681454718113,0.0,0.0,-0.01707681454718113,-0.0026592016220092773,-0.014417612925171852,0.18473303318023682,0.0,1.143921971321106,0.5460332632064819,2.276994228363037,0.0
0,80,None,False,"130,31,121,45,133,43,74,64,30,24",1.0850858688354492,-1.9339390993118286,-0.9865447878837585,-0.8443073034286499,7.999251365661621,4.945696830749512,-0.0278046615421772,0.0,0.0,-0.0278046615421772,-0.009316205978393555,-0.018488455563783646,0.24769620597362518,0.0,1.1632671356201172,0.5195637345314026,2.276994228363037,0.0
0,81,None,False,"130,31,121,45,133,43,74,64,30,24",1.0462032556533813,-1.8517652750015259,-1.1500232219696045,-0.7199089527130127,7.999327659606934,3.76780366897583,-0.035563480108976364,0.0,0.0,-0.035563480108976364,-0.024122655391693115,-0.011440824717283249,0.3373778462409973,0.0,1.2317676544189453,0.41819751262664795,2.276994228363037,0.0
0,82,None,False,"130,31,121,45,133,43,74,64,30,24",0.9947761297225952,-1.9407061338424683,-0.8867484331130981,-0.9802625179290771,7.999514579772949,3.6601812839508057,-0.028617877513170242,0.0,0.0,-0.028617877513170242,-0.022385001182556152,-0.00623287633061409,0.13054494559764862,0.0,1.3554233312606812,0.5077918767929077,2.276994228363037,0.0
0,83,None,False,"130,31,121,45,133,43,74,64,30,24",1.0414906740188599,-1.9662760496139526,-0.9860342741012573,-0.8892441391944885,7.999382972717285,4.599081039428711,-0.016746139153838158,0.0,0.0,-0.016746139153838158,-0.009826838970184326,-0.0069193001836538315,0.44054290652275085,0.0,1.194766879081726,0.5391639471054077,2.276994228363037,0.0
0,84,Schedule,True,"67,42,101,55,27,118,48,3,97,94",1.1019495725631714,-1.9558963775634766,-0.9462661743164062,-0.6910189390182495,7.9991559982299805,5.539936065673828,0.010222053155303001,0.056666666666666664,0.3,-0.34644463658332825,-0.012758016586303711,-0.33368661999702454,-2.2036211490631104,-10.988046646118164,1.0741095542907715,0.4894070625305176,2.276994228363037,0.0
0,85,None,False,"67,42,101,55,27,118,48,3,97,94",1.1091402769088745,-2.006696939468384,-0.9638007283210754,-0.7945072054862976,7.999223709106445,4.249153137207031,0.008142220787703991,0.0,0.0,0.008142220787703991,-0.0033302903175354004,0.011472511105239391,0.3835134506225586,0.0,0.9045182466506958,0.4055372178554535,2.276994228363037,0.0
0,86,Struct Break (DC),True,"15,51,10,73,89,78,126,124,61,131",1.0906364917755127,-2.0618772506713867,-1.0603458881378174,-0.7964178323745728,7.99929666519165,2.8587353229522705,-0.003555548144504428,0.056666666666666664,0.3,-0.3602222204208374,0.003488302230834961,-0.36371052265167236,-3.523313522338867,-17.53861427307129,1.1516647338867188,0.35357868671417236,2.276994228363037,0.0
0,87,None,False,"15,51,10,73,89,78,126,124,61,131",1.0609006881713867,-2.187671422958374,-1.0482134819030762,-0.8186334371566772,7.999238014221191,4.314154148101807,-0.007361930795013905,0.0,0.0,-0.007361930795013905,-0.0020132064819335938,-0.005348724313080311,0.32850271463394165,0.0,0.9429495930671692,0.41746950149536133,2.276994228363037,0.0
0,88,None,False,"15,51,10,73,89,78,126,124,61,131",1.0014684200286865,-1.977016806602478,-1.0278105735778809,-1.0795211791992188,7.999114036560059,5.662237167358398,-0.0014674663543701172,0.0,0.0,-0.0014674663543701172,-0.00047528743743896484,-0.0009921789169311523,0.3086259365081787,0.0,0.9041642546653748,0.4255376160144806,2.276994228363037,0.0
0,89,None,False,"15,51,10,73,89,78,126,124,61,131",1.0093661546707153,-1.53916335105896,-1.038553237915039,-0.8025560975074768,7.998907089233398,6.944495677947998,0.010334456339478493,0.0,0.0,0.010334456339478493,0.014002442359924316,-0.0036679860204458237,0.2760410010814667,0.0,1.073610782623291,0.4419623911380768,2.276994228363037,0.0
0,90,None,False,"15,51,10,73,89,78,126,124,61,131",1.060961127281189,-2.127615213394165,-0.9608707427978516,-0.8207442164421082,7.999365329742432,5.980030536651611,0.00047830940457060933,0.0,0.0,0.00047830940457060933,0.012392759323120117,-0.011914449743926525,0.09405443072319031,0.0,1.0364623069763184,0.3553043603897095,2.276994228363037,0.0
0,91,None,False,"15,51,10,73,89,78,126,124,61,131",1.0444347858428955,-1.7652814388275146,-0.8558881282806396,-0.985434353351593,7.9994354248046875,3.424588918685913,0.006997573189437389,0.0,0.0,0.006997573189437389,0.020910978317260742,-0.013913405127823353,0.230228453874588,0.0,1.0427830219268799,0.3833537697792053,2.276994228363037,0.0
0,92,None,False,"15,51,10,73,89,78,126,124,61,131",0.9834318161010742,-2.191711187362671,-1.2548561096191406,-0.7093210220336914,7.999126434326172,4.355600357055664,0.01968710497021675,0.0,0.0,0.01968710497021675,0.024500489234924316,-0.004813384264707565,0.3655683100223541,0.0,1.0248355865478516,0.2640607953071594,2.276994228363037,0.0
0,93,None,False,"15,51,10,73,89,78,126,124,61,131",1.1225146055221558,-1.7759029865264893,-0.8198637366294861,-1.2096385955810547,7.999447822570801,5.126012325286865,0.01627069152891636,0.0,0.0,0.01627069152891636,0.020259499549865723,-0.003988808020949364,0.30795982480049133,0.0,0.8832181096076965,0.3363434374332428,2.276994228363037,0.0
0,94,None,False,"15,51,10,73,89,78,126,124,61,131",0.9851197600364685,-2.1667261123657227,-0.8655077815055847,-1.0424363613128662,7.999486446380615,5.682394504547119,0.010269147343933582,0.0,0.0,0.010269147343933582,0.016449689865112305,-0.006180542521178722,0.3064356744289398,0.0,1.0084375143051147,0.329309344291687,2.276994228363037,0.0
0,95,None,False,"15,51,10,73,89,78,126,124,61,131",1.0320113897323608,-2.063082218170166,-1.0906214714050293,-0.8166886568069458,7.999325752258301,4.23182487487793,0.034607887268066406,0.0,0.0,0.034607887268066406,0.03040170669555664,0.004206180572509766,0.4445703327655792,0.0,0.7789040803909302,0.330801784992218,2.276994228363037,0.0
0,96,None,False,"15,51,10,73,89,78,126,124,61,131",1.0635650157928467,-2.1717734336853027,-1.0464972257614136,-1.067595362663269,7.99937629699707,3.823709726333618,0.03828420117497444,0.0,0.0,0.03828420117497444,0.03037583827972412,0.00790836289525032,0.28383323550224304,0.0,0.7446366548538208,0.292602002620697,2.276994228363037,0.0
0,97,None,False,"15,51,10,73,89,78,126,124,61,131",1.0222244262695312,-2.232438325881958,-1.1238316297531128,-1.1046539545059204,7.999029636383057,4.9423112869262695,0.018755584955215454,0.0,0.0,0.018755584955215454,0.029688239097595215,-0.01093265414237976,0.34399065375328064,0.0,0.5652130246162415,0.23083463311195374,2.276994228363037,0.0
0,98,None,False,"15,51,10,73,89,78,126,124,61,131",1.0839734077453613,-1.699912190437317,-1.086948275566101,-0.8124445676803589,7.9992265701293945,5.889776229858398,0.03086606226861477,0.0,0.0,0.03086606226861477,0.033661723136901855,-0.0027956608682870865,0.33669623732566833,0.0,0.5953156352043152,0.33705320954322815,2.276994228363037,0.0
0,99,None,False,"15,51,10,73,89,78,126,124,61,131",1.0678701400756836,-2.0893425941467285,-1.0270148515701294,-0.8693446516990662,7.999345779418945,3.7539682388305664,0.035851407796144485,0.0,0.0,0.035851407796144485,0.04076051712036133,-0.004909109324216843,0.3643849194049835,0.0,0.7237075567245483,0.3717092275619507,2.276994228363037,0.0
0,100,Schedule,True,"22,126,30,108,37,77,60,53,33,117",1.0462486743927002,-1.8556575775146484,-1.017066240310669,-1.0641933679580688,7.998931407928467,4.871825695037842,0.011359232477843761,0.05099999864896138,0.26999999284744264,-0.3096407651901245,0.023769617080688477,-0.333410382270813,-2.986978769302368,-14.86325740814209,0.7130188345909119,0.2936874032020569,2.276994228363037,0.0
0,101,None,False,"22,126,30,108,37,77,60,53,33,117",1.080025315284729,-2.334049940109253,-1.0082263946533203,-0.9574733972549438,7.998961925506592,6.093925952911377,0.0038115798961371183,0.0,0.0,0.0038115798961371183,0.021952509880065918,-0.01814093068242073,-0.048779819160699844,0.0,0.6916898488998413,0.31155139207839966,2.276994228363037,0.0
0,102,None,False,"22,126,30,108,37,77,60,53,33,117",0.9911397099494934,-2.181792974472046,-1.0764262676239014,-0.8993492126464844,7.99929666519165,4.651675701141357,0.004785758443176746,0.0,0.0,0.004785758443176746,0.011499404907226562,-0.006713646464049816,0.176699697971344,0.0,0.6943067312240601,0.293902724981308,2.276994228363037,0.0
0,103,None,False,"22,126,30,108,37,77,60,53,33,117",1.0414934158325195,-1.8390414714813232,-0.9799147844314575,-1.0914020538330078,7.999172210693359,5.250241756439209,0.017116164788603783,0.0,0.0,0.017116164788603783,0.011912226676940918,0.005203938111662865,0.5065499544143677,0.0,0.7964379787445068,0.28671538829803467,2.276994228363037,0.0
0,104,None,False,"22,126,30,108,37,77,60,53,33,117",1.0368866920471191,-1.9298675060272217,-0.9790364503860474,-0.9324987530708313,7.999368190765381,3.5783708095550537,0.014233541674911976,0.0,0.0,0.014233541674911976,0.004590034484863281,0.009643507190048695,0.4235343635082245,0.0,0.7475954294204712,0.35340479016304016,2.276994228363037,0.0
0,105,None,False,"22,126,30,108,37,77,60,53,33,117",1.0295050144195557,-2.1413686275482178,-1.1011589765548706,-0.7346251010894775,7.999151229858398,4.881211280822754,0.006716495845466852,0.0,0.0,0.006716495845466852,0.004304409027099609,0.002412086818367243,0.3027576208114624,0.0,0.7089236378669739,0.37680476903915405,2.276994228363037,0.0
0,106,None,False,"22,126,30,108,37,77,60,53,33,117",1.0337337255477905,-1.8863022327423096,-0.9874870777130127,-1.1123032569885254,7.999585151672363,5.450738906860352,0.03190113231539726,0.0,0.0,0.03190113231539726,0.011382818222045898,0.020518314093351364,0.5149153470993042,0.0,0.692913830280304,0.3850475549697876,2.276994228363037,0.0
0,107,None,False,"22,126,30,108,37,77,60,53,33,117",1.1072297096252441,-1.9897105693817139,-1.0170176029205322,-1.082103967666626,7.999251842498779,3.8082590103149414,0.035924218595027924,0.0,0.0,0.035924218595027924,0.028179168701171875,0.007745049893856049,0.4345840513706207,0.0,0.8068329691886902,0.3823900520801544,2.276994228363037,0.0
0,108,None,False,"22,126,30,108,37,77,60,53,33,117",1.0818486213684082,-1.950631022453308,-1.0997151136398315,-0.8600451946258545,7.999328136444092,3.750422716140747,0.027225876227021217,0.0,0.0,0.027225876227021217,0.022061705589294434,0.005164170637726784,0.40601488947868347,0.0,0.7394096851348877,0.3547743558883667,2.276994228363037,0.0
0,109,None,False,"22,126,30,108,37,77,60,53,33,117",0.9782838225364685,-2.0034701824188232,-1.1512778997421265,-0.9413621425628662,7.999258518218994,4.026819705963135,0.0238206684589386,0.0,0.0,0.0238206684589386,0.02290356159210205,0.0009171068668365479,0.24678191542625427,0.0,0.8119726181030273,0.41200536489486694,2.276994228363037,0.0
0,110,None,False,"22,126,30,108,37,77,60,53,33,117",1.0205026865005493,-1.946182370185852,-0.8753196001052856,-0.9252979755401611,7.999351978302002,4.001040935516357,0.014735233969986439,0.0,0.0,0.014735233969986439,0.014943480491638184,-0.00020824652165174484,-0.11040688306093216,0.0,0.7036826014518738,0.34489309787750244,2.276994228363037,0.0
0,111,None,False,"22,126,30,108,37,77,60,53,33,117",1.0386788845062256,-2.127531051635742,-0.9999107122421265,-0.9799625873565674,7.999363422393799,2.673124313354492,0.0014200567966327071,0.0,0.0,0.0014200567966327071,0.005183577537536621,-0.003763520624488592,0.25846362113952637,0.0,0.7063812017440796,0.36567920446395874,2.276994228363037,0.0
0,112,None,False,"22,126,30,108,37,77,60,53,33,117",1.0643963813781738,-1.926186203956604,-1.116966724395752,-0.9268828630447388,7.998930931091309,3.913712978363037,-0.0035178721882402897,0.0,0.0,-0.0035178721882402897,0.0015915632247924805,-0.00510943541303277,0.2687656581401825,0.0,0.6108795404434204,0.318957656621933,2.276994228363037,0.0
0,113,None,False,"22,126,30,108,37,77,60,53,33,117",1.0026003122329712,-2.0109646320343018,-1.068759560585022,-0.8287453651428223,7.999523639678955,4.263899803161621,-0.0013891219859942794,0.0,0.0,-0.0013891219859942794,0.0036797523498535156,-0.005068874452263117,0.28051337599754333,0.0,0.5618920922279358,0.23880520462989807,2.276994228363037,0.0
0,114,Schedule,True,"137,130,93,78,121,120,21,109,54,81",0.9746101498603821,-2.050647020339966,-1.1243356466293335,-1.1126450300216675,7.999226093292236,5.881376266479492,0.006443798542022705,0.056666666666666664,0.3,-0.3502228856086731,0.005321025848388672,-0.35554391145706177,-2.861055374145508,-14.238483428955078,0.5188982486724854,0.27789047360420227,2.276994228363037,0.0
0,115,None,False,"137,130,93,78,121,120,21,109,54,81",1.0745097398757935,-1.8617804050445557,-0.9447605013847351,-0.9801039695739746,7.999497413635254,5.1243462562561035,0.023853396996855736,0.0,0.0,0.023853396996855736,0.024676084518432617,-0.0008226875215768814,0.31752917170524597,0.0,0.5154432654380798,0.29254189133644104,2.276994228363037,0.0
0,116,None,False,"137,130,93,78,121,120,21,109,54,81",1.0315603017807007,-2.1008996963500977,-1.0957190990447998,-0.933355987071991,7.999366283416748,4.294825077056885,0.03532906621694565,0.0,0.0,0.03532906621694565,0.031354427337646484,0.003974638879299164,0.2874471843242645,0.0,0.5528061985969543,0.22806301712989807,2.276994228363037,0.0
0,117,None,False,"137,130,93,78,121,120,21,109,54,81",1.028948187828064,-1.865431547164917,-0.854810357093811,-0.825746476650238,7.9992852210998535,4.727531909942627,0.03210676461458206,0.0,0.0,0.03210676461458206,0.026105642318725586,0.006001122295856476,0.43855538964271545,0.0,0.49847233295440674,0.23007792234420776,2.276994228363037,0.0
0,118,None,False,"137,130,93,78,121,120,21,109,54,81",1.0719445943832397,-2.1637158393859863,-1.0828635692596436,-0.7548287510871887,7.999096870422363,5.577441215515137,0.019687796011567116,0.0,0.0,0.019687796011567116,0.02117002010345459,-0.001482224091887474,0.2950912415981293,0.0,0.4172961711883545,0.23442773520946503,2.276994228363037,0.0
0,119,None,False,"137,130,93,78,121,120,21,109,54,81",1.0569018125534058,-2.1135671138763428,-0.8320003151893616,-0.9575265645980835,7.9993462562561035,3.5292067527770996,0.016944164410233498,0.0,0.0,0.016944164410233498,0.011930704116821289,0.0050134602934122086,0.36332279443740845,0.0,0.42968130111694336,0.2404143363237381,2.276994228363037,0.0
0,120,None,False,"137,130,93,78,121,120,21,109,54,81",1.0720643997192383,-2.088773727416992,-1.1268600225448608,-0.8925532102584839,7.9990692138671875,4.688343524932861,0.018028074875473976,0.0,0.0,0.018028074875473976,0.009580612182617188,0.008447462692856789,0.46881234645843506,0.0,0.38407325744628906,0.24878621101379395,2.276994228363037,0.0
0,121,None,False,"137,130,93,78,121,120,21,109,54,81",1.1156805753707886,-1.9321262836456299,-0.6482545733451843,-1.2633482217788696,7.999493598937988,5.241614818572998,0.012301182374358177,0.0,0.0,0.012301182374358177,0.008851408958435059,0.0034497734159231186,0.4306190311908722,0.0,0.3790671229362488,0.2358260452747345,2.276994228363037,0.0
0,122,None,False,"137,130,93,78,121,120,21,109,54,81",1.0678009986877441,-2.109515428543091,-1.15916907787323,-0.8522583246231079,7.999438762664795,4.944437503814697,0.012812095694243908,0.0,0.0,0.012812095694243908,0.009927153587341309,0.0028849421069025993,0.3554356098175049,0.0,0.5018793940544128,0.2384815514087677,2.276994228363037,0.0
0,123,None,False,"137,130,93,78,121,120,21,109,54,81",1.0766997337341309,-2.0601212978363037,-1.1333966255187988,-0.673477053642273,7.999163627624512,3.8660757541656494,0.014848476275801659,0.0,0.0,0.014848476275801659,0.014465689659118652,0.0003827866166830063,0.2787558138370514,0.0,0.5068396329879761,0.22933238744735718,2.276994228363037,0.0
0,124,None,False,"137,130,93,78,121,120,21,109,54,81",0.9798837304115295,-1.9984368085861206,-1.1378380060195923,-0.8951346278190613,7.999320983886719,5.407378673553467,0.026531273499131203,0.0,0.0,0.026531273499131203,0.02477264404296875,0.0017586294561624527,0.23223932087421417,0.0,0.5878153443336487,0.22722706198692322,2.276994228363037,0.0
0,125,None,False,"137,130,93,78,121,120,21,109,54,81",1.063948392868042,-1.9571219682693481,-1.0486259460449219,-0.8868332505226135,7.9993462562561035,4.066468715667725,0.030651962384581566,0.0,0.0,0.030651962384581566,0.024372220039367676,0.00627974234521389,0.3915497064590454,0.0,0.4809761047363281,0.20785799622535706,2.276994228363037,0.0
0,126,None,False,"137,130,93,78,121,120,21,109,54,81",0.9100512266159058,-2.160598039627075,-1.1587284803390503,-0.9514310359954834,7.999408721923828,4.990722179412842,0.03624711558222771,0.0,0.0,0.03624711558222771,0.015082478523254395,0.021164637058973312,0.5950572490692139,0.0,0.5894191265106201,0.2508556544780731,2.276994228363037,0.0
0,127,None,False,"137,130,93,78,121,120,21,109,54,81",1.0335837602615356,-2.2996737957000732,-1.0179967880249023,-1.0107191801071167,7.999046325683594,6.050796031951904,0.07181322574615479,0.0,0.0,0.07181322574615479,0.02168118953704834,0.050132036209106445,0.8235951066017151,0.0,0.6510197520256042,0.2543601393699646,2.276994228363037,0.0
