batch_idx,timestep,trigger,rebalanced,selected_stocks,risk_eta,dir_logit_bear,dir_logit_side,dir_logit_bull,c_mkt_norm,c_mkt_diff,raw_return,turnover_penalty,symdiff_penalty,net_reward,baseline,advantage,advantage_norm,pg_loss,risk_loss,dir_loss,grad_norm,skipped_update
0,0,Schedule | Regime Shift (Initial),True,"30,108,58,66,115,37,97,18,10,50",1.097214698791504,-1.872305154800415,-1.294331431388855,-0.6066930294036865,7.999809265136719,0.0,0.017299849539995193,0.0,0.0,0.017299849539995193,0.014465689659118652,0.002834159880876541,0.21840408444404602,1.0336443185806274,0.5373024344444275,0.3415454030036926,2.7323877811431885,0.0
0,1,None,False,"30,108,58,66,115,37,97,18,10,50",1.0555037260055542,-2.3261375427246094,-1.3491909503936768,-0.7201536893844604,7.999699592590332,5.836601734161377,0.022216135635972023,0.0,0.0,0.022216135635972023,0.02477264404296875,-0.002556508406996727,0.2647557854652405,0.0,0.7775317430496216,0.33278363943099976,2.7323877811431885,0.0
0,2,None,False,"30,108,58,66,115,37,97,18,10,50",1.1470296382904053,-1.7635295391082764,-1.032224416732788,-0.9866312742233276,7.999752998352051,5.477145671844482,0.023660147562623024,0.0,0.0,0.023660147562623024,0.024372220039367676,-0.0007120724767446518,0.09571482241153717,0.0,0.782505214214325,0.4259617328643799,2.7323877811431885,0.0
0,3,None,False,"30,108,58,66,115,37,97,18,10,50",1.1106913089752197,-2.1712398529052734,-1.356170892715454,-0.5764526128768921,7.999764919281006,4.7769880294799805,0.023348737508058548,0.0,0.0,0.023348737508058548,0.015082478523254395,0.008266258984804153,0.3478798568248749,0.0,0.9469917416572571,0.4146231412887573,2.7323877811431885,0.0
0,4,None,False,"30,108,58,66,115,37,97,18,10,50",1.10103178024292,-1.9917937517166138,-0.9453569650650024,-0.7399579286575317,7.999765396118164,6.085535526275635,0.039367884397506714,0.0,0.0,0.039367884397506714,0.02168118953704834,0.017686694860458374,0.4959145486354828,0.0,0.9215143322944641,0.4501801133155823,2.7323877811431885,0.0
0,5,None,False,"30,108,58,66,115,37,97,18,10,50",1.089285969734192,-1.95693039894104,-1.1551626920700073,-0.7204703688621521,7.999819755554199,4.428886413574219,0.036213796585798264,0.0,0.0,0.036213796585798264,0.021342158317565918,0.014871638268232346,0.5092406272888184,0.0,0.9653037190437317,0.4663454592227936,2.7323877811431885,0.0
0,6,None,False,"30,108,58,66,115,37,97,18,10,50",1.0912024974822998,-1.9722075462341309,-1.2640182971954346,-0.6844443082809448,7.999764919281006,2.9181463718414307,0.04929779842495918,0.0,0.0,0.04929779842495918,0.016625165939331055,0.03267263248562813,0.7607302665710449,0.0,0.9765889644622803,0.46007248759269714,2.7323877811431885,0.0
0,7,None,False,"30,108,58,66,115,37,97,18,10,50",1.139158844947815,-1.7945685386657715,-0.8595848083496094,-0.8378785848617554,7.999819755554199,4.030028820037842,0.022729117423295975,0.0,0.0,0.022729117423295975,0.004214882850646973,0.018514234572649002,0.6223345398902893,0.0,0.8842052221298218,0.44171279668807983,2.7323877811431885,0.0
0,8,None,False,"30,108,58,66,115,37,97,18,10,50",1.103594183921814,-1.9049893617630005,-0.9598434567451477,-0.8357726335525513,7.999817371368408,3.9236133098602295,0.021245384588837624,0.0,0.0,0.021245384588837624,0.010186076164245605,0.011059308424592018,0.38706088066101074,0.0,0.9789190292358398,0.4691121578216553,2.7323877811431885,0.0
0,9,None,False,"30,108,58,66,115,37,97,18,10,50",1.0948517322540283,-2.0178160667419434,-1.3430966138839722,-0.5214440822601318,7.999823093414307,4.490980625152588,0.010912900790572166,0.0,0.0,0.010912900790572166,0.008364081382751465,0.0025488194078207016,0.22702498733997345,0.0,1.0160138607025146,0.5292247533798218,2.7323877811431885,0.0
0,10,None,False,"30,108,58,66,115,37,97,18,10,50",1.1444635391235352,-2.195831060409546,-1.298495888710022,-0.7490862011909485,7.9997382164001465,4.28594446182251,0.00538784870877862,0.0,0.0,0.00538784870877862,0.007823944091796875,-0.0024360953830182552,0.29474806785583496,0.0,1.082064151763916,0.5119435787200928,2.7323877811431885,0.0
0,11,None,False,"30,108,58,66,115,37,97,18,10,50",1.102568507194519,-2.1244213581085205,-1.116698980331421,-0.6728459596633911,7.999795913696289,4.440526008605957,-0.0007440865156240761,0.0,0.0,-0.0007440865156240761,0.008397698402404785,-0.009141785092651844,0.1487184464931488,0.0,1.0292203426361084,0.45100730657577515,2.7323877811431885,0.0
0,12,None,False,"30,108,58,66,115,37,97,18,10,50",0.9827062487602234,-1.8309881687164307,-1.225964069366455,-0.7242769002914429,7.9996514320373535,6.619480133056641,0.016153043136000633,0.0,0.0,0.016153043136000633,0.016896486282348633,-0.0007434431463479996,0.28788623213768005,0.0,0.99868243932724,0.4357810616493225,2.7323877811431885,0.0
0,13,None,False,"30,108,58,66,115,37,97,18,10,50",1.117532730102539,-1.914339303970337,-1.1793962717056274,-0.5427526235580444,7.999800205230713,7.529566764831543,0.013594090938568115,0.0,0.0,0.013594090938568115,0.023203611373901367,-0.009609520435333252,0.2616010904312134,0.0,1.1743961572647095,0.5085219740867615,2.7323877811431885,0.0
0,14,Schedule,True,"68,76,133,131,100,92,55,6,118,19",1.047956109046936,-1.8469995260238647,-0.6718965172767639,-0.8386703729629517,7.999707221984863,7.033875942230225,0.029770631343126297,0.056666666666666664,0.20666666666666664,-0.23356270790100098,0.02707076072692871,-0.2606334686279297,-0.8966197371482849,-4.502837657928467,1.131675362586975,0.4416210651397705,2.7323877811431885,0.0
0,15,None,False,"68,76,133,131,100,92,55,6,118,19",1.0703728199005127,-1.9297208786010742,-1.1288938522338867,-0.7058850526809692,7.999813556671143,4.996613502502441,0.010034906677901745,0.0,0.0,0.010034906677901745,0.01188671588897705,-0.001851809211075306,0.16355156898498535,0.0,0.9077885746955872,0.38359886407852173,2.7323877811431885,0.0
0,16,None,False,"68,76,133,131,100,92,55,6,118,19",1.0612986087799072,-2.032231092453003,-1.2928566932678223,-0.6639869213104248,7.999768257141113,2.9832935333251953,-0.006671100854873657,0.0,0.0,-0.006671100854873657,-0.0051239728927612305,-0.0015471279621124268,0.18286466598510742,0.0,0.8221360445022583,0.38141220808029175,2.7323877811431885,0.0
0,17,None,False,"68,76,133,131,100,92,55,6,118,19",1.0690959692001343,-1.8190172910690308,-1.1419532299041748,-0.6092207431793213,7.999793529510498,4.40626859664917,-0.007975715212523937,0.0,0.0,-0.007975715212523937,-0.0038726329803466797,-0.0041030822321772575,0.1820976436138153,0.0,0.7501517534255981,0.3148091733455658,2.7323877811431885,0.0
0,18,None,False,"68,76,133,131,100,92,55,6,118,19",1.0728803873062134,-1.9984583854675293,-1.1935771703720093,-0.5803364515304565,7.999768257141113,3.343320369720459,-0.022889811545610428,0.0,0.0,-0.022889811545610428,-0.007268011569976807,-0.015621799975633621,0.2386796921491623,0.0,0.7256238460540771,0.3807080388069153,2.7323877811431885,0.0
0,19,None,False,"68,76,133,131,100,92,55,6,118,19",1.0685572624206543,-1.9361761808395386,-1.2167587280273438,-0.8362340927124023,7.999818325042725,5.064361572265625,-0.03542066365480423,0.0,0.0,-0.03542066365480423,-0.012857675552368164,-0.022562988102436066,0.11731135845184326,0.0,0.810803234577179,0.4043163061141968,2.7323877811431885,0.0
0,20,None,False,"68,76,133,131,100,92,55,6,118,19",1.0897201299667358,-1.9577915668487549,-1.2336277961730957,-0.7345253229141235,7.999815940856934,3.2036452293395996,-0.025387877598404884,0.0,0.0,-0.025387877598404884,-0.0015456080436706543,-0.02384226955473423,-0.15375089645385742,0.0,0.6979683041572571,0.3090686798095703,2.7323877811431885,0.0
0,21,None,False,"68,76,133,131,100,92,55,6,118,19",1.0175113677978516,-2.015591621398926,-1.3823211193084717,-0.7287914752960205,7.999765872955322,4.482232570648193,-0.022889334708452225,0.0,0.0,-0.022889334708452225,-0.003858029842376709,-0.019031304866075516,-0.24962162971496582,0.0,0.700206458568573,0.3966909945011139,2.7323877811431885,0.0
0,22,None,False,"68,76,133,131,100,92,55,6,118,19",0.9465142488479614,-2.112285852432251,-1.1602636575698853,-0.6820327043533325,7.999636650085449,7.127082347869873,-0.01649222895503044,0.0,0.0,-0.01649222895503044,-0.014763593673706055,-0.0017286352813243866,0.2246183305978775,0.0,0.7870939373970032,0.380375474691391,2.7323877811431885,0.0
0,23,None,False,"68,76,133,131,100,92,55,6,118,19",1.1484582424163818,-1.71867835521698,-1.0134087800979614,-0.9670654535293579,7.999782085418701,7.452873706817627,-0.011940574273467064,0.0,0.0,-0.011940574273467064,-0.022024154663085938,0.010083580389618874,0.4264397919178009,0.0,0.9815151691436768,0.3904472887516022,2.7323877811431885,0.0
0,24,None,False,"68,76,133,131,100,92,55,6,118,19",1.1205235719680786,-1.874153971672058,-1.0909850597381592,-0.8100372552871704,7.999802589416504,3.0178613662719727,-0.006328475661575794,0.0,0.0,-0.006328475661575794,-0.02499157190322876,0.01866309717297554,0.5357649922370911,0.0,0.8266482353210449,0.3906901478767395,2.7323877811431885,0.0
0,25,None,False,"68,76,133,131,100,92,55,6,118,19",1.1463676691055298,-2.1140196323394775,-0.9870450496673584,-1.1332952976226807,7.999619007110596,4.408962726593018,-0.00022052526765037328,0.0,0.0,-0.00022052526765037328,-0.03321337699890137,0.03299285098910332,1.9160417318344116,0.0,0.9351550936698914,0.36585330963134766,2.7323877811431885,0.0
0,26,None,False,"68,76,133,131,100,92,55,6,118,19",1.086422085762024,-2.0492985248565674,-1.1403307914733887,-0.8995108604431152,7.999806880950928,4.8565168380737305,0.0066082836128771305,0.0,0.0,0.0066082836128771305,-0.02327960729598999,0.029887890443205833,0.8053150773048401,0.0,0.9464517831802368,0.3823493719100952,2.7323877811431885,0.0
0,27,Struct Break (DC),True,"43,14,65,138,93,124,73,91,23,84",1.0774726867675781,-2.1248390674591064,-1.1672556400299072,-0.8260108232498169,7.99979829788208,4.886358737945557,0.006848835851997137,0.056666666666666664,0.20666666666666664,-0.2564845085144043,-0.005807220935821533,-0.25067728757858276,-3.535576343536377,-17.592679977416992,0.9143790006637573,0.47256535291671753,2.7323877811431885,0.0
0,28,None,False,"43,14,65,138,93,124,73,91,23,84",1.1085059642791748,-2.165118455886841,-1.1442489624023438,-0.8950854539871216,7.999807834625244,3.5165724754333496,0.013779896311461926,0.0,0.0,0.013779896311461926,0.01138150691986084,0.0023983893916010857,0.7963262796401978,0.0,0.9760472774505615,0.44462722539901733,2.7323877811431885,0.0
0,29,None,False,"43,14,65,138,93,124,73,91,23,84",1.0127224922180176,-1.8995616436004639,-1.2535755634307861,-0.8389606475830078,7.999764919281006,3.53601336479187,0.012362843379378319,0.0,0.0,0.012362843379378319,0.01322793960571289,-0.0008650962263345718,0.24263398349285126,0.0,0.9180697202682495,0.4104447364807129,2.7323877811431885,0.0
0,30,None,False,"43,14,65,138,93,124,73,91,23,84",1.1653270721435547,-2.254081964492798,-1.1622769832611084,-0.7253851890563965,7.999782085418701,5.330060005187988,0.029603630304336548,0.0,0.0,0.029603630304336548,0.028043270111083984,0.0015603601932525635,0.17391405999660492,0.0,0.8921438455581665,0.39588236808776855,2.7323877811431885,0.0
0,31,None,False,"43,14,65,138,93,124,73,91,23,84",1.0958328247070312,-1.8092139959335327,-0.9953123331069946,-0.8661624789237976,7.999820709228516,5.056159973144531,0.026149099692702293,0.0,0.0,0.026149099692702293,0.03877890110015869,-0.012629801407456398,0.0035344057250767946,0.0,0.9050995111465454,0.37094753980636597,2.7323877811431885,0.0
0,32,None,False,"43,14,65,138,93,124,73,91,23,84",1.0430057048797607,-2.0604987144470215,-0.8418872952461243,-0.8048433065414429,7.999729156494141,5.396121501922607,0.018943315371870995,0.0,0.0,0.018943315371870995,0.030022740364074707,-0.011079424992203712,0.06318454444408417,0.0,0.645463228225708,0.3631126880645752,2.7323877811431885,0.0
0,33,None,False,"43,14,65,138,93,124,73,91,23,84",1.0913197994232178,-2.00152850151062,-1.121451735496521,-0.7986664772033691,7.999804496765137,4.474212169647217,0.011879568919539452,0.0,0.0,0.011879568919539452,0.011586308479309082,0.00029326044023036957,0.43186354637145996,0.0,0.7612038254737854,0.4084032475948334,2.7323877811431885,0.0
0,34,None,False,"43,14,65,138,93,124,73,91,23,84",1.1292685270309448,-1.8383235931396484,-1.082327961921692,-0.6942561864852905,7.999817371368408,3.0160939693450928,0.020521897822618484,0.0,0.0,0.020521897822618484,0.013164043426513672,0.007357854396104813,0.3395983874797821,0.0,0.6987829208374023,0.38691332936286926,2.7323877811431885,0.0
0,35,None,False,"43,14,65,138,93,124,73,91,23,84",1.0808067321777344,-2.225992202758789,-1.0831533670425415,-0.7386906743049622,7.999763488769531,5.171253681182861,0.02105150744318962,0.0,0.0,0.02105150744318962,0.013614773750305176,0.007436733692884445,0.4181215167045593,0.0,0.5936235189437866,0.3112896978855133,2.7323877811431885,0.0
0,36,None,False,"43,14,65,138,93,124,73,91,23,84",1.0485671758651733,-2.271430253982544,-1.2157585620880127,-0.9875894784927368,7.999800682067871,5.969277858734131,0.024406999349594116,0.0,0.0,0.024406999349594116,0.016050100326538086,0.00835689902305603,0.5048388242721558,0.0,0.5804210305213928,0.3304566740989685,2.7323877811431885,0.0
0,37,None,False,"43,14,65,138,93,124,73,91,23,84",1.1513392925262451,-2.032545328140259,-1.0810909271240234,-0.8490298390388489,7.999817848205566,4.902163028717041,0.0169520266354084,0.0,0.0,0.0169520266354084,0.013165116310119629,0.0037869103252887726,0.3744271993637085,0.0,0.557864248752594,0.3155915439128876,2.7323877811431885,0.0
0,38,None,False,"43,14,65,138,93,124,73,91,23,84",1.1047769784927368,-2.027517557144165,-1.1664950847625732,-0.7021799087524414,7.999833106994629,3.6437337398529053,0.0033951043151319027,0.0,0.0,0.0033951043151319027,-0.000662684440612793,0.004057788755744696,0.2923523485660553,0.0,0.47295767068862915,0.31836891174316406,2.7323877811431885,0.0
0,39,None,False,"43,14,65,138,93,124,73,91,23,84",1.0921564102172852,-1.9395183324813843,-1.2822006940841675,-0.6522732973098755,7.999814510345459,3.301342248916626,-0.018499935045838356,0.0,0.0,-0.018499935045838356,-0.006643772125244141,-0.011856162920594215,-0.8050272464752197,0.0,0.5862499475479126,0.34449294209480286,2.7323877811431885,0.0
0,40,None,False,"43,14,65,138,93,124,73,91,23,84",1.0973801612854004,-1.991685152053833,-1.1505128145217896,-0.738006591796875,7.999730587005615,4.752010345458984,-0.02279980108141899,0.0,0.0,-0.02279980108141899,-0.01507711410522461,-0.007722686976194382,0.12693484127521515,0.0,0.5848149657249451,0.30356651544570923,2.7323877811431885,0.0
0,41,Schedule,True,"83,73,108,139,19,30,39,32,75,134",1.080143928527832,-1.8662227392196655,-1.0156745910644531,-0.8868973255157471,7.999785423278809,4.270280361175537,-0.01723431423306465,0.05099999864896138,0.18599999507268267,-0.25423431396484375,-0.013956248760223389,-0.24027806520462036,-3.8182551860809326,-18.992908477783203,0.5287229418754578,0.3235008716583252,2.7323877811431885,0.0
0,42,None,False,"83,73,108,139,19,30,39,32,75,134",1.0049113035202026,-2.1696979999542236,-1.2481625080108643,-0.6955174207687378,7.999749183654785,6.479964733123779,0.001093786908313632,0.0,0.0,0.001093786908313632,-0.014081120491027832,0.015174907632172108,0.6669552326202393,0.0,0.413662850856781,0.3232857286930084,2.7323877811431885,0.0
0,43,None,False,"83,73,108,139,19,30,39,32,75,134",1.0933829545974731,-1.7620337009429932,-0.9479080438613892,-0.8139393329620361,7.9997782707214355,5.307186603546143,0.028086716309189796,0.0,0.0,0.028086716309189796,0.004176616668701172,0.023910099640488625,0.5645432472229004,0.0,0.4867899417877197,0.35425713658332825,2.7323877811431885,0.0
0,44,None,False,"83,73,108,139,19,30,39,32,75,134",1.1259162425994873,-2.0246593952178955,-1.2984224557876587,-0.8542059063911438,7.999711990356445,6.265501499176025,0.007908863015472889,0.0,0.0,0.007908863015472889,-0.005769193172454834,0.013678056187927723,0.42779749631881714,0.0,0.6067559123039246,0.338779091835022,2.7323877811431885,0.0
0,45,None,False,"83,73,108,139,19,30,39,32,75,134",1.039802074432373,-2.1057703495025635,-1.0754547119140625,-0.6738036870956421,7.999790668487549,5.155754566192627,-0.002197265625,0.0,0.0,-0.002197265625,-0.000847935676574707,-0.001349329948425293,0.2728433310985565,0.0,0.815343976020813,0.3151823878288269,2.7323877811431885,0.0
0,46,None,False,"83,73,108,139,19,30,39,32,75,134",1.085369348526001,-1.7975465059280396,-1.039855718612671,-0.8214356899261475,7.999786376953125,3.865600347518921,-0.017209535464644432,0.0,0.0,-0.017209535464644432,-0.011947154998779297,-0.005262380465865135,0.22836962342262268,0.0,0.796231746673584,0.3192509412765503,2.7323877811431885,0.0
0,47,None,False,"83,73,108,139,19,30,39,32,75,134",1.059850811958313,-2.17571759223938,-1.3853425979614258,-0.6465827822685242,7.9997382164001465,6.63611364364624,-0.03584156557917595,0.0,0.0,-0.03584156557917595,-0.015515267848968506,-0.020326297730207443,0.2710556387901306,0.0,0.7160192728042603,0.3484172821044922,2.7323877811431885,0.0
0,48,None,False,"83,73,108,139,19,30,39,32,75,134",1.0650150775909424,-2.0546681880950928,-1.039426326751709,-0.7009543180465698,7.999806880950928,5.134783744812012,-0.04929756373167038,0.0,0.0,-0.04929756373167038,-0.016587018966674805,-0.032710544764995575,-0.12257546186447144,0.0,0.7313954830169678,0.33276838064193726,2.7323877811431885,0.0
0,49,None,False,"83,73,108,139,19,30,39,32,75,134",1.1044461727142334,-1.9406592845916748,-0.9989204406738281,-0.7881244421005249,7.999773979187012,4.900691986083984,-0.026129741221666336,0.0,0.0,-0.026129741221666336,-0.003695547580718994,-0.022434193640947342,0.1349334865808487,0.0,0.5472484827041626,0.31797704100608826,2.7323877811431885,0.0
0,50,None,False,"83,73,108,139,19,30,39,32,75,134",1.0612740516662598,-1.9512602090835571,-1.114296793937683,-0.8508363962173462,7.999744415283203,5.492432117462158,-0.016273653134703636,0.0,0.0,-0.016273653134703636,-0.004838109016418457,-0.01143554411828518,0.3049956262111664,0.0,0.6807994842529297,0.3394366204738617,2.7323877811431885,0.0
0,51,Struct Break (DC),True,"66,123,52,13,93,127,40,41,30,57",1.1020065546035767,-2.155785322189331,-1.1056302785873413,-0.7255516052246094,7.999723434448242,5.259857177734375,0.009356403723359108,0.05099999864896138,0.18599999507268267,-0.22764357924461365,0.003512740135192871,-0.23115631937980652,-2.4178521633148193,-12.057235717773438,0.4429354667663574,0.3425709903240204,2.7323877811431885,0.0
0,52,None,False,"66,123,52,13,93,127,40,41,30,57",1.0565292835235596,-2.3936948776245117,-1.3933823108673096,-0.6924059987068176,7.999770164489746,5.584798336029053,0.008997445926070213,0.0,0.0,0.008997445926070213,0.00756072998046875,0.0014367159456014633,0.3368450701236725,0.0,0.645074725151062,0.3970903754234314,2.7323877811431885,0.0
0,53,None,False,"66,123,52,13,93,127,40,41,30,57",1.1265052556991577,-1.81361722946167,-1.0196294784545898,-0.7838951945304871,7.999837875366211,4.5763397216796875,0.007926160469651222,0.0,0.0,0.007926160469651222,0.007462024688720703,0.0004641357809305191,0.10580283403396606,0.0,0.6087559461593628,0.38909757137298584,2.7323877811431885,0.0
0,54,None,False,"66,123,52,13,93,127,40,41,30,57",1.1335772275924683,-2.2542059421539307,-1.1998447179794312,-0.7063009738922119,7.9997334480285645,4.041595935821533,0.009404647164046764,0.0,0.0,0.009404647164046764,0.009378194808959961,2.6452355086803436e-05,0.304382860660553,0.0,0.541610598564148,0.3922756016254425,2.7323877811431885,0.0
0,55,None,False,"66,123,52,13,93,127,40,41,30,57",1.1118746995925903,-1.9625194072723389,-1.1173540353775024,-0.7124639749526978,7.999780654907227,3.2674975395202637,0.00894477404654026,0.0,0.0,0.00894477404654026,0.01023101806640625,-0.0012862440198659897,0.11674892157316208,0.0,0.7105099558830261,0.3996134400367737,2.7323877811431885,0.0
0,56,None,False,"66,123,52,13,93,127,40,41,30,57",1.0514609813690186,-1.9390171766281128,-0.8708940744400024,-0.7542775869369507,7.9996843338012695,4.525060176849365,0.002451431704685092,0.0,0.0,0.002451431704685092,0.006562709808349609,-0.004111277870833874,0.3735116124153137,0.0,0.8525850772857666,0.39498651027679443,2.7323877811431885,0.0
0,57,None,False,"66,123,52,13,93,127,40,41,30,57",1.1099568605422974,-1.7379705905914307,-1.1142137050628662,-0.799441397190094,7.9997758865356445,5.4943037033081055,0.008379632607102394,0.0,0.0,0.008379632607102394,0.008807897567749023,-0.00042826496064662933,0.16922062635421753,0.0,0.7786397933959961,0.3869403004646301,2.7323877811431885,0.0
0,58,None,False,"66,123,52,13,93,127,40,41,30,57",1.1359437704086304,-2.11582088470459,-1.2044649124145508,-0.8750298023223877,7.999749660491943,4.522723197937012,0.0061528743244707584,0.0,0.0,0.0061528743244707584,0.01199960708618164,-0.005846732761710882,0.08953209966421127,0.0,0.8537011742591858,0.3765496611595154,2.7323877811431885,0.0
0,59,None,False,"66,123,52,13,93,127,40,41,30,57",1.1397883892059326,-1.988663911819458,-1.1697152853012085,-0.6770834922790527,7.999787330627441,5.249928951263428,0.0038133442867547274,0.0,0.0,0.0038133442867547274,0.007746696472167969,-0.003933352418243885,0.2639930248260498,0.0,0.8237683773040771,0.41555747389793396,2.7323877811431885,0.0
0,60,None,False,"66,123,52,13,93,127,40,41,30,57",1.1504884958267212,-2.123702049255371,-1.3751816749572754,-0.5969645977020264,7.999730587005615,5.661676406860352,-0.010387646965682507,0.0,0.0,-0.010387646965682507,-0.003118455410003662,-0.0072691915556788445,0.1181042492389679,0.0,0.7496353387832642,0.3647826015949249,2.7323877811431885,0.0
0,61,None,False,"66,123,52,13,93,127,40,41,30,57",1.0204378366470337,-2.223177909851074,-0.9551486968994141,-0.7202475070953369,7.999763488769531,6.949802875518799,-0.011357259936630726,0.0,0.0,-0.011357259936630726,0.001526474952697754,-0.01288373488932848,0.3068293035030365,0.0,0.8323835134506226,0.34196433424949646,2.7323877811431885,0.0
0,62,None,False,"66,123,52,13,93,127,40,41,30,57",1.1404942274093628,-2.045081615447998,-1.2715201377868652,-0.5831903219223022,7.999802112579346,5.145383358001709,-0.006741833873093128,0.0,0.0,-0.006741833873093128,0.008223414421081543,-0.014965248294174671,0.0011666424106806517,0.0,0.7716402411460876,0.423211932182312,2.7323877811431885,0.0
0,63,None,False,"66,123,52,13,93,127,40,41,30,57",1.0910648107528687,-1.826263427734375,-1.1047565937042236,-0.7535942792892456,7.999786376953125,3.942237138748169,0.004767715930938721,0.0,0.0,0.004767715930938721,0.008160829544067383,-0.003393113613128662,0.16505387425422668,0.0,0.9159897565841675,0.3288688063621521,2.7323877811431885,0.0
0,64,None,False,"66,123,52,13,93,127,40,41,30,57",1.0316317081451416,-2.4696784019470215,-1.1160482168197632,-0.8635300993919373,7.9997053146362305,6.438503265380859,0.0031550168059766293,0.0,0.0,0.0031550168059766293,0.012775182723999023,-0.009620165452361107,0.16117067635059357,0.0,0.868269145488739,0.38175493478775024,2.7323877811431885,0.0
0,65,Schedule,True,"86,5,49,128,99,85,32,102,14,97",1.1514248847961426,-2.080092191696167,-1.130918025970459,-0.794743001461029,7.999771595001221,7.489452362060547,0.02074161171913147,0.056666666666666664,0.20666666666666664,-0.2425917237997055,0.023265361785888672,-0.26585710048675537,-2.705765724182129,-13.492890357971191,0.8155524730682373,0.39017969369888306,2.7323877811431885,0.0
0,66,None,False,"86,5,49,128,99,85,32,102,14,97",1.0887196063995361,-1.9701908826828003,-1.1928813457489014,-0.8450803160667419,7.999843597412109,5.303354263305664,0.010204458609223366,0.0,0.0,0.010204458609223366,0.015317559242248535,-0.005113100633025169,0.45923903584480286,0.0,0.771725058555603,0.31656140089035034,2.7323877811431885,0.0
0,67,None,False,"86,5,49,128,99,85,32,102,14,97",1.0829811096191406,-1.9700413942337036,-1.3008880615234375,-0.7200174331665039,7.999771595001221,3.937513589859009,-3.069639205932617e-06,0.0,0.0,-3.069639205932617e-06,0.008082151412963867,-0.0080852210521698,0.2916392982006073,0.0,0.6125394105911255,0.3450266122817993,2.7323877811431885,0.0
0,68,None,False,"86,5,49,128,99,85,32,102,14,97",1.120488166809082,-1.672865867614746,-1.147018313407898,-0.8949338793754578,7.9997453689575195,4.915483474731445,-0.0017512202030047774,0.0,0.0,-0.0017512202030047774,0.006798148155212402,-0.008549368008971214,0.3414354920387268,0.0,0.5475776195526123,0.32154378294944763,2.7323877811431885,0.0
0,69,None,False,"86,5,49,128,99,85,32,102,14,97",1.1231682300567627,-2.1581151485443115,-1.1054610013961792,-0.7122212648391724,7.999811172485352,4.27363920211792,-0.01640680432319641,0.0,0.0,-0.01640680432319641,0.00499880313873291,-0.02140560746192932,0.10913091897964478,0.0,0.731992244720459,0.34498274326324463,2.7323877811431885,0.0
0,70,None,False,"86,5,49,128,99,85,32,102,14,97",1.1087734699249268,-2.2372231483459473,-1.264051914215088,-0.5451983213424683,7.999807834625244,3.3299312591552734,-0.022959941998124123,0.0,0.0,-0.022959941998124123,0.0001621246337890625,-0.023122066631913185,0.17479072511196136,0.0,0.6924127340316772,0.4632259011268616,2.7323877811431885,0.0
0,71,None,False,"86,5,49,128,99,85,32,102,14,97",1.129957914352417,-2.006155252456665,-0.970131516456604,-0.762843132019043,7.999756336212158,4.039201259613037,-0.017581671476364136,0.0,0.0,-0.017581671476364136,0.003574967384338379,-0.021156638860702515,-0.053718145936727524,0.0,0.8301904797554016,0.5174882411956787,2.7323877811431885,0.0
0,72,None,False,"86,5,49,128,99,85,32,102,14,97",1.106845498085022,-1.9932751655578613,-1.0508193969726562,-0.8920479416847229,7.999812126159668,5.167300701141357,-0.02242112159729004,0.0,0.0,-0.02242112159729004,-0.00044661760330200195,-0.021974503993988037,0.03479326143860817,0.0,0.8700305819511414,0.4853154420852661,2.7323877811431885,0.0
0,73,None,False,"86,5,49,128,99,85,32,102,14,97",1.1105709075927734,-2.0622808933258057,-1.103054165840149,-0.7935548424720764,7.999812126159668,3.0367724895477295,-0.029776811599731445,0.0,0.0,-0.029776811599731445,-0.004588067531585693,-0.025188744068145752,0.2051810920238495,0.0,1.0193158388137817,0.5485926866531372,2.7323877811431885,0.0
0,74,None,False,"86,5,49,128,99,85,32,102,14,97",1.1523137092590332,-2.117434024810791,-0.8865700364112854,-0.7082260251045227,7.999728202819824,4.5382843017578125,-0.02124943770468235,0.0,0.0,-0.02124943770468235,-0.004917502403259277,-0.016331935301423073,0.12357819080352783,0.0,0.9955525398254395,0.5002561211585999,2.7323877811431885,0.0
0,75,None,False,"86,5,49,128,99,85,32,102,14,97",1.0659024715423584,-2.0574564933776855,-1.142638087272644,-0.821918249130249,7.999802589416504,6.162429332733154,-0.01598304510116577,0.0,0.0,-0.01598304510116577,-0.006541609764099121,-0.00944143533706665,0.29423433542251587,0.0,1.2312830686569214,0.48418810963630676,2.7323877811431885,0.0
0,76,None,False,"86,5,49,128,99,85,32,102,14,97",1.0265370607376099,-2.249668598175049,-1.4741508960723877,-0.717902660369873,7.99968147277832,5.6838202476501465,-0.014941370114684105,0.0,0.0,-0.014941370114684105,-0.015154004096984863,0.00021263398230075836,0.36341679096221924,0.0,1.1262602806091309,0.4947139322757721,2.7323877811431885,0.0
0,77,None,False,"86,5,49,128,99,85,32,102,14,97",1.0606404542922974,-1.9358059167861938,-1.3816534280776978,-0.673987865447998,7.999797821044922,4.955811977386475,-0.0002666890504769981,0.0,0.0,-0.0002666890504769981,-0.003763914108276367,0.003497224999591708,0.3093435764312744,0.0,1.0377098321914673,0.5014837384223938,2.7323877811431885,0.0
0,78,None,False,"86,5,49,128,99,85,32,102,14,97",1.1141455173492432,-1.8203314542770386,-1.0789462327957153,-0.847402811050415,7.999807357788086,4.3542561531066895,0.0075629414059221745,0.0,0.0,0.0075629414059221745,-0.004295706748962402,0.01185864768922329,0.4299430549144745,0.0,1.019623041152954,0.520499050617218,2.7323877811431885,0.0
0,79,Schedule,True,"25,104,64,112,43,87,108,8,92,53",1.142195701599121,-2.005627393722534,-1.1063638925552368,-0.8928908109664917,7.999791145324707,4.280089855194092,-0.008894747123122215,0.056666666666666664,0.20666666666666664,-0.27222806215286255,-0.0021712183952331543,-0.2700568437576294,-5.240290641784668,-26.064403533935547,1.1938928365707397,0.45210960507392883,2.7323877811431885,0.0
0,80,None,False,"25,104,64,112,43,87,108,8,92,53",1.1090205907821655,-1.7731170654296875,-1.0701054334640503,-1.0120587348937988,7.9997358322143555,5.2626423835754395,-0.007067829370498657,0.0,0.0,-0.007067829370498657,0.004878640174865723,-0.01194646954536438,0.15625518560409546,0.0,1.058011770248413,0.5264061689376831,2.7323877811431885,0.0
0,81,None,False,"25,104,64,112,43,87,108,8,92,53",1.0978283882141113,-2.297786235809326,-0.9484195709228516,-0.8681908845901489,7.999797821044922,6.707610607147217,-0.0030299187637865543,0.0,0.0,-0.0030299187637865543,0.014352202415466309,-0.017382120713591576,-0.02622055448591709,0.0,1.2137811183929443,0.559007465839386,2.7323877811431885,0.0
0,82,None,False,"25,104,64,112,43,87,108,8,92,53",1.1474592685699463,-2.0022106170654297,-1.0821261405944824,-0.891272246837616,7.999701976776123,5.83173942565918,-0.0025702952407300472,0.0,0.0,-0.0025702952407300472,0.007866621017456055,-0.01043691672384739,0.2654564082622528,0.0,1.0684672594070435,0.5360578894615173,2.7323877811431885,0.0
0,83,None,False,"25,104,64,112,43,87,108,8,92,53",1.0648269653320312,-1.937157392501831,-0.9411735534667969,-0.8794741630554199,7.999776840209961,6.544524192810059,0.0007823586347512901,0.0,0.0,0.0007823586347512901,0.012246489524841309,-0.011464131064713001,0.09109041094779968,0.0,0.9555342197418213,0.4702970087528229,2.7323877811431885,0.0
0,84,None,False,"25,104,64,112,43,87,108,8,92,53",1.0070394277572632,-2.190408945083618,-1.425408124923706,-0.7065792679786682,7.999746322631836,6.5811686515808105,-0.0024768649600446224,0.0,0.0,-0.0024768649600446224,0.012325286865234375,-0.014802152290940285,-0.01742742396891117,0.0,0.8333867788314819,0.4698840379714966,2.7323877811431885,0.0
0,85,None,False,"25,104,64,112,43,87,108,8,92,53",1.1561777591705322,-1.682968258857727,-1.0051205158233643,-0.717345118522644,7.999748229980469,6.466522216796875,-0.00959119200706482,0.0,0.0,-0.00959119200706482,0.00862133502960205,-0.01821252703666687,0.1432168185710907,0.0,0.8074700832366943,0.3643719553947449,2.7323877811431885,0.0
0,86,None,False,"25,104,64,112,43,87,108,8,92,53",1.1265347003936768,-1.900331974029541,-1.108399748802185,-0.5914796590805054,7.999760627746582,4.211127281188965,-0.0041224719025194645,0.0,0.0,-0.0041224719025194645,0.009335637092590332,-0.01345810852944851,0.39992183446884155,0.0,0.6943682432174683,0.3907172381877899,2.7323877811431885,0.0
0,87,None,False,"25,104,64,112,43,87,108,8,92,53",1.064557433128357,-1.8728935718536377,-1.1164531707763672,-0.7190251350402832,7.999810218811035,5.464051723480225,-0.012560415081679821,0.0,0.0,-0.012560415081679821,0.0036056041717529297,-0.016166020184755325,0.11534807831048965,0.0,0.7825261950492859,0.46311789751052856,2.7323877811431885,0.0
0,88,None,False,"25,104,64,112,43,87,108,8,92,53",1.0747967958450317,-2.308124542236328,-1.2209773063659668,-0.878868043422699,7.999786376953125,4.956069469451904,-0.0157854612916708,0.0,0.0,-0.0157854612916708,0.000997304916381836,-0.016782766208052635,0.034584105014801025,0.0,0.9371685981750488,0.4458054304122925,2.7323877811431885,0.0
0,89,None,False,"25,104,64,112,43,87,108,8,92,53",1.107582926750183,-1.7672529220581055,-1.1187025308609009,-1.131983757019043,7.999726295471191,6.33740758895874,-0.016099387779831886,0.0,0.0,-0.016099387779831886,-0.008032739162445068,-0.008066648617386818,0.32901033759117126,0.0,1.0748443603515625,0.4410788118839264,2.7323877811431885,0.0
0,90,None,False,"25,104,64,112,43,87,108,8,92,53",1.0959863662719727,-2.1820132732391357,-0.902665376663208,-0.9849464297294617,7.999769687652588,5.338835716247559,-0.019896049052476883,0.0,0.0,-0.019896049052476883,-0.02416980266571045,0.004273753613233566,0.4702933132648468,0.0,1.0650951862335205,0.4480430483818054,2.7323877811431885,0.0
0,91,None,False,"25,104,64,112,43,87,108,8,92,53",1.076594352722168,-2.2334516048431396,-1.3369114398956299,-0.7704437971115112,7.999810218811035,4.68412971496582,-0.02263237163424492,0.0,0.0,-0.02263237163424492,-0.025134384632110596,0.002502012997865677,0.25984302163124084,0.0,0.8119919896125793,0.42452770471572876,2.7323877811431885,0.0
0,92,None,False,"25,104,64,112,43,87,108,8,92,53",1.0357089042663574,-2.22575044631958,-1.4480664730072021,-0.7798407077789307,7.999621391296387,4.860054969787598,-0.023462438955903053,0.0,0.0,-0.023462438955903053,-0.020337939262390137,-0.0031244996935129166,-0.13010136783123016,0.0,0.8557308316230774,0.45331478118896484,2.7323877811431885,0.0
0,93,Schedule,True,"35,83,113,133,106,85,138,31,107,102",1.059217929840088,-1.8124934434890747,-1.0339843034744263,-0.7876050472259521,7.9997100830078125,6.315454006195068,-0.015038358978927135,0.056666666666666664,0.20666666666666664,-0.2783716917037964,-0.029116034507751465,-0.24925565719604492,-3.538764715194702,-17.621349334716797,0.9204554557800293,0.4343191981315613,2.7323877811431885,0.0
0,94,None,False,"35,83,113,133,106,85,138,31,107,102",1.078885555267334,-2.301913022994995,-1.4461283683776855,-0.6489624977111816,7.999743938446045,6.357403755187988,0.004843664355576038,0.0,0.0,0.004843664355576038,-0.022608458995819092,0.027452122420072556,0.7609053254127502,0.0,1.0920829772949219,0.43427640199661255,2.7323877811431885,0.0
0,95,Struct Break (DC),True,"103,5,0,73,88,126,111,100,32,33",1.085793137550354,-2.0692641735076904,-1.113454818725586,-0.7066746950149536,7.999815464019775,5.526921272277832,-0.03057393990457058,0.056666666666666664,0.20666666666666664,-0.2939072847366333,-0.014813482761383057,-0.27909380197525024,-3.3074777126312256,-16.447071075439453,0.9243413805961609,0.4419217109680176,2.7323877811431885,0.0
0,96,Vol Shock,True,"140,12,26,123,106,78,134,59,2,87",1.1151409149169922,-1.8151812553405762,-0.9690661430358887,-0.8312525749206543,7.999748706817627,4.128161907196045,-0.006292796228080988,0.056666666666666664,0.20666666666666664,-0.2696261405944824,-0.02446889877319336,-0.24515724182128906,-2.5195603370666504,-12.55264663696289,0.8270472288131714,0.33217304944992065,2.7323877811431885,0.0
0,97,Vol Shock,True,"86,56,87,97,60,132,4,29,34,102",1.0632193088531494,-2.0152015686035156,-1.0427744388580322,-0.8223253488540649,7.999792575836182,4.636531352996826,-0.015959108248353004,0.05099999864896138,0.18599999507268267,-0.25295910239219666,-0.026588857173919678,-0.22637024521827698,-2.3859987258911133,-11.892679214477539,0.6367107629776001,0.47712481021881104,2.7323877811431885,0.0
0,98,None,False,"86,56,87,97,60,132,4,29,34,102",1.0226792097091675,-1.9329898357391357,-1.237647294998169,-0.7379447221755981,7.9997878074646,4.374847412109375,-0.021735936403274536,0.0,0.0,-0.021735936403274536,-0.025606870651245117,0.003870934247970581,0.2899559438228607,0.0,0.605852484703064,0.3773496747016907,2.7323877811431885,0.0
0,99,None,False,"86,56,87,97,60,132,4,29,34,102",1.054175615310669,-2.1314210891723633,-1.2940657138824463,-0.6279031038284302,7.999820709228516,2.87520694732666,-0.024307042360305786,0.0,0.0,-0.024307042360305786,-0.017727375030517578,-0.006579667329788208,0.12949725985527039,0.0,0.600496768951416,0.29603463411331177,2.7323877811431885,0.0
0,100,None,False,"86,56,87,97,60,132,4,29,34,102",0.99151211977005,-2.2403006553649902,-1.535085678100586,-0.9300033450126648,7.9996418952941895,5.376308441162109,0.004392468836158514,0.0,0.0,0.004392468836158514,0.004525661468505859,-0.00013319263234734535,0.4665376543998718,0.0,0.5849126577377319,0.30136826634407043,2.7323877811431885,0.0
0,101,None,False,"86,56,87,97,60,132,4,29,34,102",1.0487456321716309,-2.295962333679199,-1.0901628732681274,-0.9243113994598389,7.9997639656066895,6.325394153594971,0.03528422862291336,0.0,0.0,0.03528422862291336,0.0164564847946167,0.01882774382829666,0.5715336799621582,0.0,0.5856707096099854,0.39162012934684753,2.7323877811431885,0.0
0,102,None,False,"86,56,87,97,60,132,4,29,34,102",1.1196916103363037,-1.9472817182540894,-1.2200405597686768,-0.6830582022666931,7.999820232391357,4.725234031677246,0.031249631196260452,0.0,0.0,0.031249631196260452,0.02228415012359619,0.00896548107266426,0.49517667293548584,0.0,0.6482976078987122,0.3503355383872986,2.7323877811431885,0.0
0,103,None,False,"86,56,87,97,60,132,4,29,34,102",1.068833827972412,-1.9882862567901611,-1.1111263036727905,-0.7155055999755859,7.999842166900635,2.9461655616760254,0.035065870732069016,0.0,0.0,0.035065870732069016,0.03137040138244629,0.0036954693496227264,0.5206111669540405,0.0,0.6567440032958984,0.37987086176872253,2.7323877811431885,0.0
0,104,None,False,"86,56,87,97,60,132,4,29,34,102",1.0882642269134521,-1.8604044914245605,-1.1384495496749878,-0.6962512731552124,7.999798774719238,4.312283515930176,0.03494664281606674,0.0,0.0,0.03494664281606674,0.02662646770477295,0.008320175111293793,0.4758281111717224,0.0,0.5717379450798035,0.37428194284439087,2.7323877811431885,0.0
0,105,None,False,"86,56,87,97,60,132,4,29,34,102",1.139495849609375,-2.23110294342041,-1.1857242584228516,-0.7247645258903503,7.999744892120361,4.464849948883057,0.022343475371599197,0.0,0.0,0.022343475371599197,0.01760697364807129,0.004736501723527908,0.3031338155269623,0.0,0.6135612726211548,0.4003913700580597,2.7323877811431885,0.0
0,106,None,False,"86,56,87,97,60,132,4,29,34,102",1.128661036491394,-1.8077095746994019,-1.2490781545639038,-0.6109619140625,7.999772548675537,4.0716047286987305,-0.010274464264512062,0.0,0.0,-0.010274464264512062,0.013752222061157227,-0.02402668632566929,-0.22158221900463104,0.0,0.7984839677810669,0.3960496187210083,2.7323877811431885,0.0
0,107,None,False,"86,56,87,97,60,132,4,29,34,102",1.0615284442901611,-2.20940899848938,-1.2506046295166016,-0.8130302429199219,7.999767303466797,4.762479305267334,-0.015409177169203758,0.0,0.0,-0.015409177169203758,0.014296650886535645,-0.029705828055739403,0.13741269707679749,0.0,0.7632473111152649,0.37526828050613403,2.7323877811431885,0.0
0,108,None,False,"86,56,87,97,60,132,4,29,34,102",1.0870786905288696,-2.127980947494507,-1.3733961582183838,-0.6093382835388184,7.9997663497924805,6.004746913909912,0.006885075476020575,0.0,0.0,0.006885075476020575,0.02634584903717041,-0.01946077309548855,0.21183791756629944,0.0,0.6509527564048767,0.3900289833545685,2.7323877811431885,0.0
0,109,None,False,"86,56,87,97,60,132,4,29,34,102",1.1058100461959839,-2.0646588802337646,-1.2165827751159668,-0.626014232635498,7.999820709228516,4.697439670562744,0.013154983520507812,0.0,0.0,0.013154983520507812,0.018804311752319336,-0.0056493282318115234,0.044111981987953186,0.0,0.8421540856361389,0.37881553173065186,2.7323877811431885,0.0
0,110,None,False,"86,56,87,97,60,132,4,29,34,102",1.0789802074432373,-2.025803327560425,-1.1095932722091675,-0.7615092992782593,7.99981689453125,4.0763139724731445,0.010618060827255249,0.0,0.0,0.010618060827255249,0.01586735248565674,-0.005249291658401489,0.29460206627845764,0.0,0.818591833114624,0.37985044717788696,2.7323877811431885,0.0
0,111,Schedule,True,"114,131,107,43,55,89,27,16,134,35",1.1040207147598267,-1.8815295696258545,-1.10433030128479,-0.6899341344833374,7.999723434448242,4.670430660247803,0.0035013495944440365,0.056666666666666664,0.20666666666666664,-0.2598319947719574,0.016521453857421875,-0.2763534486293793,-2.2662572860717773,-11.306038856506348,0.6990946531295776,0.38354313373565674,2.7323877811431885,0.0
0,112,None,False,"114,131,107,43,55,89,27,16,134,35",1.0678282976150513,-1.9740068912506104,-1.159650206565857,-0.6337437629699707,7.999761581420898,4.642104625701904,0.011191713623702526,0.0,0.0,0.011191713623702526,0.02142965793609619,-0.010237944312393665,-0.49890220165252686,0.0,0.7839193940162659,0.3944399058818817,2.7323877811431885,0.0
0,113,None,False,"114,131,107,43,55,89,27,16,134,35",1.1138628721237183,-1.8798942565917969,-0.9838451147079468,-0.9264668822288513,7.999756813049316,5.92812967300415,0.003249740693718195,0.0,0.0,0.003249740693718195,0.011718273162841797,-0.00846853293478489,-0.5698847770690918,0.0,0.871494472026825,0.3683032691478729,2.7323877811431885,0.0
0,114,None,False,"114,131,107,43,55,89,27,16,134,35",1.13885498046875,-1.863786220550537,-1.0113598108291626,-0.8581816554069519,7.9997687339782715,3.3477213382720947,0.017523080110549927,0.0,0.0,0.017523080110549927,0.029552221298217773,-0.012029141187667847,-0.11567162722349167,0.0,0.9316271543502808,0.37371036410331726,2.7323877811431885,0.0
0,115,None,False,"114,131,107,43,55,89,27,16,134,35",1.0394282341003418,-2.209791898727417,-1.2422337532043457,-0.6022219657897949,7.999798774719238,5.570250988006592,0.0355052724480629,0.0,0.0,0.0355052724480629,0.04352104663848877,-0.008015774190425873,0.008041921071708202,0.0,0.8239393830299377,0.34854426980018616,2.7323877811431885,0.0
0,116,None,False,"114,131,107,43,55,89,27,16,134,35",1.1272140741348267,-1.8449662923812866,-1.0780599117279053,-0.7901757955551147,7.999747276306152,5.554381370544434,0.04205668717622757,0.0,0.0,0.04205668717622757,0.038637518882751465,0.0034191682934761047,0.390282541513443,0.0,0.8599892854690552,0.39004769921302795,2.7323877811431885,0.0
0,117,None,False,"114,131,107,43,55,89,27,16,134,35",1.1151286363601685,-1.8795510530471802,-0.8898834586143494,-0.7642443776130676,7.999819278717041,4.110166072845459,0.035959791392087936,0.0,0.0,0.035959791392087936,0.03984260559082031,-0.003882814198732376,0.47867903113365173,0.0,0.7784438729286194,0.36100900173187256,2.7323877811431885,0.0
0,118,None,False,"114,131,107,43,55,89,27,16,134,35",1.1108386516571045,-2.1013712882995605,-0.8976693153381348,-0.9294531941413879,7.999772548675537,3.5067386627197266,0.03571360185742378,0.0,0.0,0.03571360185742378,0.04086744785308838,-0.0051538459956645966,0.44775718450546265,0.0,0.8684308528900146,0.35628870129585266,2.7323877811431885,0.0
0,119,None,False,"114,131,107,43,55,89,27,16,134,35",1.0739915370941162,-2.086642265319824,-1.0968796014785767,-0.8065789937973022,7.999782562255859,4.643062591552734,0.03515380620956421,0.0,0.0,0.03515380620956421,0.0345151424407959,0.0006386637687683105,0.29111626744270325,0.0,0.926242470741272,0.3201027512550354,2.7323877811431885,0.0
0,120,None,False,"114,131,107,43,55,89,27,16,134,35",1.0859746932983398,-2.1471269130706787,-1.2372715473175049,-0.6389884948730469,7.999791145324707,3.954460859298706,0.042138077318668365,0.0,0.0,0.042138077318668365,0.03333759307861328,0.008800484240055084,0.420993447303772,0.0,0.6509743928909302,0.29437121748924255,2.7323877811431885,0.0
0,121,None,False,"114,131,107,43,55,89,27,16,134,35",0.9954065680503845,-2.145564079284668,-1.1897220611572266,-0.7919126749038696,7.999725818634033,5.619855880737305,0.021650439128279686,0.0,0.0,0.021650439128279686,0.0230405330657959,-0.0013900939375162125,0.4211820960044861,0.0,0.654439389705658,0.3980426788330078,2.7323877811431885,0.0
0,122,None,False,"114,131,107,43,55,89,27,16,134,35",1.032439112663269,-2.0091552734375,-1.3619658946990967,-0.6556230783462524,7.999800205230713,4.2195916175842285,0.020648736506700516,0.0,0.0,0.020648736506700516,0.012151479721069336,0.00849725678563118,0.4835810959339142,0.0,0.6900607347488403,0.5231600999832153,2.7323877811431885,0.0
0,123,None,False,"114,131,107,43,55,89,27,16,134,35",1.0799968242645264,-1.9589266777038574,-1.2966060638427734,-0.736290693283081,7.99976921081543,2.8102126121520996,0.013011431321501732,0.0,0.0,0.013011431321501732,0.012189269065856934,0.0008221622556447983,0.31925132870674133,0.0,0.6907579898834229,0.4111140966415405,2.7323877811431885,0.0
0,124,None,False,"114,131,107,43,55,89,27,16,134,35",1.0687483549118042,-2.2390589714050293,-1.184680700302124,-0.7725317478179932,7.999746799468994,4.577682018280029,-0.0031446933280676603,0.0,0.0,-0.0031446933280676603,0.0011641979217529297,-0.004308891482651234,0.5381317734718323,0.0,0.743982195854187,0.4049423933029175,2.7323877811431885,0.0
0,125,Schedule,True,"50,125,55,86,113,124,51,74,21,59",0.9430004358291626,-2.1938114166259766,-1.1148017644882202,-1.1395862102508545,7.999582290649414,7.55725622177124,-0.03355173394083977,0.05099999864896138,0.18599999507268267,-0.27055174112319946,-0.031174778938293457,-0.239376962184906,-2.0707337856292725,-10.333934783935547,0.7685520648956299,0.3603946566581726,2.7323877811431885,0.0
0,126,None,False,"50,125,55,86,113,124,51,74,21,59",1.1098883152008057,-1.7763675451278687,-0.9405450820922852,-0.8896026611328125,7.999814987182617,7.962337017059326,-0.020338088274002075,0.0,0.0,-0.020338088274002075,-0.021789491176605225,0.0014514029026031494,0.32369840145111084,0.0,0.6599947214126587,0.3706129193305969,2.7323877811431885,0.0
0,127,None,False,"50,125,55,86,113,124,51,74,21,59",1.0861965417861938,-2.164064645767212,-0.9930647611618042,-0.9390790462493896,7.999792575836182,4.061081886291504,-0.018109440803527832,0.0,0.0,-0.018109440803527832,-0.02218306064605713,0.004073619842529297,0.5358526110649109,0.0,0.6596958637237549,0.3884408175945282,2.7323877811431885,0.0
0,0,Schedule | Regime Shift (Initial),True,"137,101,127,125,86,68,48,142,76,118",1.018125057220459,-2.0387747287750244,-1.045520544052124,-0.7813920974731445,7.999581336975098,4.262060642242432,0.016532665118575096,0.0,0.0,0.016532665118575096,0.002696514129638672,0.013836150988936424,1.3626725673675537,6.71598482131958,1.238634467124939,0.36388716101646423,2.593095302581787,0.0
0,1,None,False,"137,101,127,125,86,68,48,142,76,118",1.0118416547775269,-2.20415997505188,-1.0831151008605957,-0.8717455863952637,7.999670505523682,4.8069682121276855,0.015131151303648949,0.0,0.0,0.015131151303648949,0.0011333227157592773,0.013997828587889671,1.5594124794006348,0.0,1.102400779724121,0.35875970125198364,2.593095302581787,0.0
0,2,None,False,"137,101,127,125,86,68,48,142,76,118",1.1140637397766113,-2.2196762561798096,-1.1201441287994385,-0.6501319408416748,7.999270439147949,6.089820384979248,0.00018408894538879395,0.0,0.0,0.00018408894538879395,-0.010152339935302734,0.010336428880691528,0.43403923511505127,0.0,1.0310287475585938,0.359761118888855,2.593095302581787,0.0
0,3,None,False,"137,101,127,125,86,68,48,142,76,118",1.0996124744415283,-1.9088956117630005,-1.0336062908172607,-0.776524007320404,7.999505043029785,5.61945104598999,-0.004995596595108509,0.0,0.0,-0.004995596595108509,-0.020277202129364014,0.015281605534255505,0.5824499130249023,0.0,0.9615491628646851,0.2569473087787628,2.593095302581787,0.0
0,4,None,False,"137,101,127,125,86,68,48,142,76,118",1.0244598388671875,-2.058497667312622,-1.0514482259750366,-0.880679190158844,7.999587535858154,4.7751030921936035,-0.00465088477358222,0.0,0.0,-0.00465088477358222,-0.01594620943069458,0.011295324191451073,0.5290583968162537,0.0,1.0819252729415894,0.33646249771118164,2.593095302581787,0.0
0,5,None,False,"137,101,127,125,86,68,48,142,76,118",1.0683693885803223,-2.146664619445801,-1.2954312562942505,-0.9406814575195312,7.999397277832031,4.895522594451904,-0.0014627277851104736,0.0,0.0,-0.0014627277851104736,-0.013296365737915039,0.011833637952804565,0.39100998640060425,0.0,0.8908623456954956,0.32421165704727173,2.593095302581787,0.0
0,6,None,False,"137,101,127,125,86,68,48,142,76,118",1.0732297897338867,-2.2479398250579834,-0.9727378487586975,-0.7476202249526978,7.999382495880127,5.801126003265381,-0.008197903633117676,0.0,0.0,-0.008197903633117676,-0.01162731647491455,0.003429412841796875,0.31649526953697205,0.0,0.8834176659584045,0.3004385530948639,2.593095302581787,0.0
0,7,None,False,"137,101,127,125,86,68,48,142,76,118",1.0518778562545776,-2.0001869201660156,-1.0828187465667725,-0.8438885807991028,7.999467372894287,5.751243591308594,-0.010237932205200195,0.0,0.0,-0.010237932205200195,-0.0048719048500061035,-0.005366027355194092,0.17955930531024933,0.0,0.8217621445655823,0.28251099586486816,2.593095302581787,0.0
0,8,Struct Break (DC),True,"43,16,98,103,129,114,64,63,130,39",1.0991472005844116,-2.1200368404388428,-1.0662078857421875,-0.7401770353317261,7.999451637268066,4.799050331115723,-0.02130793407559395,0.056666666666666664,0.20666666666666664,-0.2846412658691406,-0.01139986515045166,-0.27324140071868896,-2.7041890621185303,-13.471744537353516,0.9015371799468994,0.42791783809661865,2.593095302581787,0.0
0,9,None,False,"43,16,98,103,129,114,64,63,130,39",1.0323549509048462,-2.1550538539886475,-1.1366033554077148,-0.8366409540176392,7.999454021453857,5.110827922821045,-0.03305292874574661,0.0,0.0,-0.03305292874574661,-0.015968799591064453,-0.01708412915468216,0.07839395105838776,0.0,0.9762901663780212,0.4016229510307312,2.593095302581787,0.0
0,10,None,False,"43,16,98,103,129,114,64,63,130,39",0.9999085068702698,-1.957200527191162,-1.1334164142608643,-0.9476243257522583,7.999622821807861,4.806727886199951,-0.03477887436747551,0.0,0.0,-0.03477887436747551,-0.012903332710266113,-0.021875541657209396,-0.09230625629425049,0.0,0.662376880645752,0.35573810338974,2.593095302581787,0.0
0,11,None,False,"43,16,98,103,129,114,64,63,130,39",1.0777778625488281,-2.077986240386963,-1.1501940488815308,-0.8840099573135376,7.9994587898254395,4.315703868865967,-0.03451269865036011,0.0,0.0,-0.03451269865036011,-0.012334883213043213,-0.022177815437316895,-0.24154599010944366,0.0,0.7473710179328918,0.3796771764755249,2.593095302581787,0.0
0,12,None,False,"43,16,98,103,129,114,64,63,130,39",1.1106492280960083,-1.9909929037094116,-1.039962887763977,-0.5924954414367676,7.999483108520508,4.703701972961426,-0.057455677539110184,0.0,0.0,-0.057455677539110184,-0.021807849407196045,-0.03564782813191414,-1.9588427543640137,0.0,0.809401273727417,0.3975864052772522,2.593095302581787,0.0
0,13,None,False,"43,16,98,103,129,114,64,63,130,39",1.025011420249939,-1.981972336769104,-1.161100149154663,-0.7880949974060059,7.999416351318359,4.326668739318848,-0.05125588923692703,0.0,0.0,-0.05125588923692703,-0.022218942642211914,-0.02903694659471512,-1.7170265913009644,0.0,0.9755836725234985,0.4179912805557251,2.593095302581787,0.0
0,14,None,False,"43,16,98,103,129,114,64,63,130,39",0.9482704997062683,-2.222137451171875,-1.3824323415756226,-0.8371099829673767,7.999242305755615,5.944843769073486,-0.01964361034333706,0.0,0.0,-0.01964361034333706,-0.00790029764175415,-0.011743312701582909,0.8787898421287537,0.0,1.0752768516540527,0.4059286415576935,2.593095302581787,0.0
0,15,None,False,"43,16,98,103,129,114,64,63,130,39",1.1016606092453003,-1.9689699411392212,-1.0431180000305176,-0.9112913608551025,7.999541282653809,5.781895160675049,-0.02705984190106392,0.0,0.0,-0.02705984190106392,-0.010489284992218018,-0.0165705569088459,-0.8626390099525452,0.0,1.0137652158737183,0.39413562417030334,2.593095302581787,0.0
0,16,None,False,"43,16,98,103,129,114,64,63,130,39",1.0575954914093018,-1.7384390830993652,-1.04428231716156,-0.9405444264411926,7.999491214752197,4.41019344329834,-0.009499942883849144,0.0,0.0,-0.009499942883849144,-0.0015211701393127441,-0.0079787727445364,-0.07023397088050842,0.0,1.1672307252883911,0.4109075665473938,2.593095302581787,0.0
0,17,None,False,"43,16,98,103,129,114,64,63,130,39",1.022964358329773,-1.9905534982681274,-0.751304566860199,-1.0346837043762207,7.999567031860352,5.632371425628662,0.04485061764717102,0.0,0.0,0.04485061764717102,0.01766979694366455,0.02718082070350647,0.7358428239822388,0.0,0.9949915409088135,0.41446125507354736,2.593095302581787,0.0
0,18,None,False,"43,16,98,103,129,114,64,63,130,39",1.107123613357544,-1.9106658697128296,-1.0157520771026611,-0.9956529140472412,7.999663352966309,4.888998508453369,0.05243905633687973,0.0,0.0,0.05243905633687973,0.025389671325683594,0.027049385011196136,0.6616966128349304,0.0,1.0623468160629272,0.39278727769851685,2.593095302581787,0.0
0,19,None,False,"43,16,98,103,129,114,64,63,130,39",1.0785465240478516,-2.0081565380096436,-0.8157690167427063,-0.9185183644294739,7.999576568603516,4.0652689933776855,0.02558518573641777,0.0,0.0,0.02558518573641777,0.012202262878417969,0.013382922857999802,0.4153710901737213,0.0,1.1014959812164307,0.391367644071579,2.593095302581787,0.0
0,20,None,False,"43,16,98,103,129,114,64,63,130,39",1.0643815994262695,-1.7683080434799194,-1.173377275466919,-0.7718789577484131,7.99949836730957,4.1290764808654785,0.01063681859523058,0.0,0.0,0.01063681859523058,0.004654645919799805,0.005982172675430775,0.3750692903995514,0.0,1.0987602472305298,0.3357967138290405,2.593095302581787,0.0
0,21,None,False,"43,16,98,103,129,114,64,63,130,39",1.1162028312683105,-2.025813579559326,-0.9747710824012756,-0.8327516913414001,7.999296188354492,5.48364782333374,0.00536192674189806,0.0,0.0,0.00536192674189806,-0.0013818740844726562,0.006743800826370716,0.324090838432312,0.0,0.9574705958366394,0.42007893323898315,2.593095302581787,0.0
0,22,Schedule,True,"68,60,115,46,117,18,100,81,137,112",1.1191447973251343,-1.9501984119415283,-1.0975291728973389,-0.767959475517273,7.999581813812256,5.065261363983154,-0.0018039882415905595,0.056666666666666664,0.20666666666666664,-0.26513731479644775,-0.008931636810302734,-0.256205677986145,-2.859722852706909,-14.259050369262695,0.9793975353240967,0.41760605573654175,2.593095302581787,0.0
0,23,None,False,"68,60,115,46,117,18,100,81,137,112",1.0580682754516602,-1.9459104537963867,-1.012744665145874,-0.8111089468002319,7.999636173248291,3.644404172897339,0.008336258120834827,0.0,0.0,0.008336258120834827,-0.004313468933105469,0.012649727053940296,0.43260154128074646,0.0,0.9180585145950317,0.3533935546875,2.593095302581787,0.0
0,24,None,False,"68,60,115,46,117,18,100,81,137,112",1.024956464767456,-2.0671091079711914,-1.265830159187317,-0.8342713713645935,7.999499320983887,4.20166540145874,-0.004627794027328491,0.0,0.0,-0.004627794027328491,-0.005433440208435059,0.0008056461811065674,0.27982455492019653,0.0,1.0007681846618652,0.25564342737197876,2.593095302581787,0.0
0,25,None,False,"68,60,115,46,117,18,100,81,137,112",1.0439319610595703,-2.4280519485473633,-1.4189540147781372,-0.5990774631500244,7.999281883239746,5.610727787017822,-0.0041138590313494205,0.0,0.0,-0.0041138590313494205,0.0027464628219604492,-0.00686032185330987,0.2750113606452942,0.0,1.1766626834869385,0.34129685163497925,2.593095302581787,0.0
0,26,None,False,"68,60,115,46,117,18,100,81,137,112",1.0845551490783691,-1.9156628847122192,-1.1278233528137207,-0.7702004909515381,7.999556064605713,5.5129899978637695,0.005393463186919689,0.0,0.0,0.005393463186919689,0.007449626922607422,-0.0020561637356877327,0.07882712781429291,0.0,1.0195374488830566,0.3339693546295166,2.593095302581787,0.0
0,27,None,False,"68,60,115,46,117,18,100,81,137,112",1.0265146493911743,-2.1281685829162598,-0.9894315004348755,-0.8600480556488037,7.999602317810059,4.610901355743408,0.10941173881292343,0.0,0.0,0.10941173881292343,0.031407952308654785,0.07800378650426865,1.3638532161712646,0.0,1.0083379745483398,0.33186060190200806,2.593095302581787,0.0
0,28,None,False,"68,60,115,46,117,18,100,81,137,112",1.0552343130111694,-1.9027656316757202,-1.4003407955169678,-0.6474674940109253,7.999324798583984,5.567729473114014,0.10921549797058105,0.0,0.0,0.10921549797058105,0.03394210338592529,0.07527339458465576,1.2856693267822266,0.0,0.9941243529319763,0.36259740591049194,2.593095302581787,0.0
0,29,None,False,"68,60,115,46,117,18,100,81,137,112",1.0683389902114868,-1.8153048753738403,-1.117576241493225,-0.9379284381866455,7.999518871307373,5.182455539703369,0.12202372401952744,0.0,0.0,0.12202372401952744,0.03475141525268555,0.08727230876684189,2.2062647342681885,0.0,0.8729110956192017,0.3348301947116852,2.593095302581787,0.0
0,30,None,False,"68,60,115,46,117,18,100,81,137,112",1.0742287635803223,-2.037655830383301,-1.0488932132720947,-0.9720474481582642,7.999605178833008,2.836468458175659,0.1282489001750946,0.0,0.0,0.1282489001750946,0.030156850814819336,0.09809204936027527,1.4847780466079712,0.0,0.7956479787826538,0.3751528859138489,2.593095302581787,0.0
0,31,None,False,"68,60,115,46,117,18,100,81,137,112",1.0390825271606445,-2.067143440246582,-1.2054587602615356,-0.7763015031814575,7.9994683265686035,3.3300657272338867,0.13573475182056427,0.0,0.0,0.13573475182056427,0.02871537208557129,0.10701937973499298,1.492340326309204,0.0,0.8768270015716553,0.40660515427589417,2.593095302581787,0.0
0,32,None,False,"68,60,115,46,117,18,100,81,137,112",1.0761407613754272,-1.9464542865753174,-1.1951158046722412,-0.7557795643806458,7.999311447143555,3.2734038829803467,0.016544699668884277,0.0,0.0,0.016544699668884277,0.005548715591430664,0.010995984077453613,0.41595330834388733,0.0,0.8973654508590698,0.474199116230011,2.593095302581787,0.0
0,33,None,False,"68,60,115,46,117,18,100,81,137,112",1.0679616928100586,-2.0682730674743652,-1.1674613952636719,-0.6126444935798645,7.999480724334717,4.4271745681762695,0.016726762056350708,0.0,0.0,0.016726762056350708,0.010553240776062012,0.006173521280288696,0.24158631265163422,0.0,0.9194595813751221,0.47463998198509216,2.593095302581787,0.0
0,34,None,False,"68,60,115,46,117,18,100,81,137,112",1.0221011638641357,-1.9561635255813599,-1.1637824773788452,-0.7968182563781738,7.999493598937988,4.600554943084717,0.026010315865278244,0.0,0.0,0.026010315865278244,0.009955525398254395,0.01605479046702385,0.5136833190917969,0.0,1.0088167190551758,0.40966856479644775,2.593095302581787,0.0
0,35,None,False,"68,60,115,46,117,18,100,81,137,112",0.9505059719085693,-2.1156821250915527,-1.2120676040649414,-0.7608596086502075,7.999571800231934,3.4216010570526123,0.019981568679213524,0.0,0.0,0.019981568679213524,0.010578632354736328,0.009402936324477196,0.4889214038848877,0.0,0.9357422590255737,0.4653130769729614,2.593095302581787,0.0
0,36,Schedule,True,"93,133,64,50,57,89,47,35,28,41",1.1113897562026978,-1.793125867843628,-0.8216896653175354,-0.7398614883422852,7.999422550201416,5.511102676391602,-0.002233272884041071,0.056666666666666664,0.20666666666666664,-0.2655666172504425,-0.0022149085998535156,-0.263351708650589,-2.708958625793457,-13.476262092590332,0.8906158804893494,0.4929902255535126,2.593095302581787,0.0
0,37,None,False,"93,133,64,50,57,89,47,35,28,41",1.001962423324585,-1.936011552810669,-1.1467044353485107,-0.7682543992996216,7.999650955200195,4.696094512939453,-0.0021469772327691317,0.0,0.0,-0.0021469772327691317,-0.0009557604789733887,-0.001191216753795743,0.3554927706718445,0.0,0.9263492822647095,0.4262242317199707,2.593095302581787,0.0
0,38,None,False,"93,133,64,50,57,89,47,35,28,41",1.0640488862991333,-1.7949565649032593,-0.92498379945755,-0.7881262302398682,7.9994940757751465,3.483901023864746,-0.009831368923187256,0.0,0.0,-0.009831368923187256,-0.014088034629821777,0.0042566657066345215,0.3818311095237732,0.0,0.7857222557067871,0.39744922518730164,2.593095302581787,0.0
0,39,None,False,"93,133,64,50,57,89,47,35,28,41",1.0968631505966187,-1.9854692220687866,-1.205613136291504,-0.7679637670516968,7.999541759490967,3.5801773071289062,-0.018556511029601097,0.0,0.0,-0.018556511029601097,-0.017726778984069824,-0.0008297320455312729,0.3625558316707611,0.0,0.7617436647415161,0.42311957478523254,2.593095302581787,0.0
0,40,None,False,"93,133,64,50,57,89,47,35,28,41",1.0878310203552246,-1.9920759201049805,-1.040252685546875,-0.8481077551841736,7.999552249908447,2.8840982913970947,-0.014803528785705566,0.0,0.0,-0.014803528785705566,-0.011887013912200928,-0.0029165148735046387,0.33832335472106934,0.0,0.8250154256820679,0.47924482822418213,2.593095302581787,0.0
0,41,None,False,"93,133,64,50,57,89,47,35,28,41",1.0605027675628662,-2.1924514770507812,-1.2134950160980225,-1.006696343421936,7.999537944793701,4.768741607666016,-0.011196816340088844,0.0,0.0,-0.011196816340088844,-0.003258049488067627,-0.007938766852021217,0.18728141486644745,0.0,0.9259856939315796,0.5093646049499512,2.593095302581787,0.0
0,42,None,False,"93,133,64,50,57,89,47,35,28,41",1.042871117591858,-2.18274188041687,-1.4865026473999023,-0.8292741775512695,7.999289035797119,4.555282115936279,-0.0029606937896460295,0.0,0.0,-0.0029606937896460295,0.0035430192947387695,-0.006503713317215443,0.2672611474990845,0.0,0.9298101663589478,0.4029310643672943,2.593095302581787,0.0
0,43,None,False,"93,133,64,50,57,89,47,35,28,41",1.1253749132156372,-2.1583380699157715,-1.0797309875488281,-0.8653476238250732,7.999319076538086,5.298734664916992,0.01549307070672512,0.0,0.0,0.01549307070672512,0.020305156707763672,-0.004812086001038551,-0.0061182184144854546,0.0,0.9620665311813354,0.4362170696258545,2.593095302581787,0.0
0,44,None,False,"93,133,64,50,57,89,47,35,28,41",1.1811614036560059,-1.9947214126586914,-0.9888355731964111,-0.6666786670684814,7.999268054962158,5.610569477081299,0.026536673307418823,0.0,0.0,0.026536673307418823,0.03184378147125244,-0.005307108163833618,0.04272625222802162,0.0,0.8885366916656494,0.48791611194610596,2.593095302581787,0.0
0,45,None,False,"93,133,64,50,57,89,47,35,28,41",1.1211109161376953,-2.0936267375946045,-1.138179063796997,-0.618371844291687,7.999443531036377,5.096948623657227,0.007040911819785833,0.0,0.0,0.007040911819785833,0.027257204055786133,-0.020216291770339012,0.39545297622680664,0.0,0.8229355812072754,0.4461797773838043,2.593095302581787,0.0
0,46,None,False,"93,133,64,50,57,89,47,35,28,41",1.0669701099395752,-2.2056055068969727,-1.183266043663025,-0.8784129619598389,7.999465465545654,4.287757873535156,0.013405447825789452,0.0,0.0,0.013405447825789452,0.02784121036529541,-0.014435762539505959,0.14488518238067627,0.0,0.7460674047470093,0.341201514005661,2.593095302581787,0.0
0,47,None,False,"93,133,64,50,57,89,47,35,28,41",1.0472111701965332,-1.7905399799346924,-0.803614616394043,-1.0758837461471558,7.999666213989258,4.967012882232666,0.015687668696045876,0.0,0.0,0.015687668696045876,0.02398681640625,-0.008299147710204124,0.23690994083881378,0.0,0.8885610699653625,0.3354417383670807,2.593095302581787,0.0
0,48,None,False,"93,133,64,50,57,89,47,35,28,41",1.003535270690918,-1.7558965682983398,-1.2032384872436523,-0.7034076452255249,7.999369144439697,5.238741397857666,0.0002573728561401367,0.0,0.0,0.0002573728561401367,0.018419742584228516,-0.01816236972808838,0.2482384443283081,0.0,0.7254304885864258,0.3304373323917389,2.593095302581787,0.0
0,49,None,False,"93,133,64,50,57,89,47,35,28,41",1.0319799184799194,-2.269554853439331,-0.9829450845718384,-1.037928819656372,7.9995269775390625,7.013526439666748,-0.0007840752368792892,0.0,0.0,-0.0007840752368792892,0.016434311866760254,-0.017218386754393578,0.1719127595424652,0.0,0.7066154479980469,0.3523363471031189,2.593095302581787,0.0
0,50,Schedule,True,"55,119,114,74,138,23,131,50,53,44",0.9749671220779419,-2.053332567214966,-1.4548449516296387,-0.818401575088501,7.999308109283447,6.865105628967285,0.021826034411787987,0.05099999864896138,0.18599999507268267,-0.21517395973205566,0.021541595458984375,-0.23671555519104004,-2.578038454055786,-12.83902359008789,0.7249054312705994,0.27397918701171875,2.593095302581787,0.0
0,51,None,False,"55,119,114,74,138,23,131,50,53,44",1.1058213710784912,-2.2006592750549316,-0.8632725477218628,-0.7554965615272522,7.999389171600342,7.448047637939453,0.021178048104047775,0.0,0.0,0.021178048104047775,0.033011794090270996,-0.01183374598622322,0.2523910403251648,0.0,0.7377043962478638,0.34915071725845337,2.593095302581787,0.0
0,52,None,False,"55,119,114,74,138,23,131,50,53,44",1.0648819208145142,-1.790113925933838,-1.0265439748764038,-0.7593379616737366,7.999533176422119,4.852957248687744,0.01870139315724373,0.0,0.0,0.01870139315724373,0.02772533893585205,-0.009023945778608322,0.2589585781097412,0.0,0.7671290636062622,0.36446523666381836,2.593095302581787,0.0
0,53,None,False,"55,119,114,74,138,23,131,50,53,44",0.97552889585495,-2.1865086555480957,-1.3502299785614014,-0.9281861186027527,7.999277591705322,5.213371276855469,0.02531035616993904,0.0,0.0,0.02531035616993904,0.03064417839050293,-0.0053338222205638885,0.30132508277893066,0.0,0.7281800508499146,0.2607031762599945,2.593095302581787,0.0
0,54,None,False,"55,119,114,74,138,23,131,50,53,44",1.1047258377075195,-1.9691827297210693,-1.0598489046096802,-0.8553577065467834,7.999505043029785,4.713005065917969,0.028542036190629005,0.0,0.0,0.028542036190629005,0.019495368003845215,0.00904666818678379,0.47686105966567993,0.0,0.6360104084014893,0.33486509323120117,2.593095302581787,0.0
0,55,None,False,"55,119,114,74,138,23,131,50,53,44",1.0917716026306152,-1.884658932685852,-1.0654449462890625,-0.7673897743225098,7.99940299987793,4.290780067443848,0.028530681505799294,0.0,0.0,0.028530681505799294,0.020432472229003906,0.008098209276795387,0.282207190990448,0.0,0.5080133080482483,0.35799703001976013,2.593095302581787,0.0
0,56,None,False,"55,119,114,74,138,23,131,50,53,44",1.063838243484497,-2.211982011795044,-0.9805034399032593,-0.9308578968048096,7.999564170837402,3.782144069671631,0.02787368930876255,0.0,0.0,0.02787368930876255,0.02043449878692627,0.007439190521836281,0.384181946516037,0.0,0.5229945182800293,0.27309802174568176,2.593095302581787,0.0
0,57,None,False,"55,119,114,74,138,23,131,50,53,44",1.090600848197937,-1.9017077684402466,-1.1153500080108643,-0.8247895836830139,7.999532699584961,3.930161952972412,0.041928481310606,0.0,0.0,0.041928481310606,0.030266284942626953,0.01166219636797905,0.4489838480949402,0.0,0.5461968183517456,0.2646142244338989,2.593095302581787,0.0
0,58,None,False,"55,119,114,74,138,23,131,50,53,44",1.062925100326538,-1.98710298538208,-1.1286416053771973,-0.5382047295570374,7.999307155609131,4.393897533416748,0.03611517697572708,0.0,0.0,0.03611517697572708,0.02102077007293701,0.01509440690279007,0.5048445463180542,0.0,0.38976356387138367,0.2865044176578522,2.593095302581787,0.0
0,59,None,False,"55,119,114,74,138,23,131,50,53,44",1.011709451675415,-1.9070287942886353,-1.4116268157958984,-0.7415058612823486,7.999237537384033,5.065898418426514,0.03451625257730484,0.0,0.0,0.03451625257730484,0.023798108100891113,0.010718144476413727,0.6013362407684326,0.0,0.5721170902252197,0.3322076201438904,2.593095302581787,0.0
0,60,None,False,"55,119,114,74,138,23,131,50,53,44",1.0922574996948242,-1.7010242938995361,-0.9139220714569092,-1.0442566871643066,7.9994306564331055,5.2324700355529785,0.019114499911665916,0.0,0.0,0.019114499911665916,0.010439157485961914,0.008675342425704002,0.29522427916526794,0.0,0.5958393812179565,0.3463744521141052,2.593095302581787,0.0
0,61,None,False,"55,119,114,74,138,23,131,50,53,44",0.9935923218727112,-2.3475160598754883,-1.379420280456543,-0.6823514699935913,7.999239444732666,5.984524250030518,0.024095792323350906,0.0,0.0,0.024095792323350906,0.004201531410217285,0.01989426091313362,0.555635392665863,0.0,0.6853062510490417,0.36264604330062866,2.593095302581787,0.0
0,62,None,False,"55,119,114,74,138,23,131,50,53,44",1.0599602460861206,-2.2673397064208984,-0.8395141363143921,-0.8548049926757812,7.9994707107543945,5.385562896728516,0.0059111774899065495,0.0,0.0,0.0059111774899065495,-0.01209867000579834,0.018009847030043602,0.5099973678588867,0.0,0.8644169569015503,0.33479392528533936,2.593095302581787,0.0
0,63,None,False,"55,119,114,74,138,23,131,50,53,44",1.1312261819839478,-1.9497449398040771,-1.0782561302185059,-0.986266016960144,7.999454975128174,5.788248538970947,-0.0007425606017932296,0.0,0.0,-0.0007425606017932296,-0.011439383029937744,0.01069682277739048,0.3375838100910187,0.0,0.7603698968887329,0.3294451832771301,2.593095302581787,0.0
0,64,Schedule,True,"35,115,77,23,64,113,5,126,8,106",1.028047800064087,-2.1317622661590576,-1.2428510189056396,-0.6728416681289673,7.999449253082275,5.037292957305908,-0.014321262016892433,0.05099999864896138,0.18599999507268267,-0.2513212561607361,-0.008724629878997803,-0.24259662628173828,-2.424880266189575,-12.08817195892334,0.6248207092285156,0.3232179582118988,2.593095302581787,0.0
0,65,None,False,"35,115,77,23,64,113,5,126,8,106",1.0457102060317993,-1.8797781467437744,-0.9980157613754272,-0.9159386157989502,7.9994635581970215,3.9124350547790527,-0.010205984115600586,0.0,0.0,-0.010205984115600586,-0.00025773048400878906,-0.009948253631591797,0.22906716167926788,0.0,0.6415552496910095,0.3709620237350464,2.593095302581787,0.0
0,66,None,False,"35,115,77,23,64,113,5,126,8,106",1.1124383211135864,-1.7926018238067627,-0.9484621286392212,-1.152254581451416,7.999474048614502,3.6702606678009033,-0.0013608813751488924,0.0,0.0,-0.0013608813751488924,0.0006014108657836914,-0.001962292240932584,0.21607619524002075,0.0,0.5596574544906616,0.32246798276901245,2.593095302581787,0.0
0,67,None,False,"35,115,77,23,64,113,5,126,8,106",1.094167947769165,-2.198497772216797,-1.0732228755950928,-0.8400565981864929,7.99942684173584,5.054708480834961,0.01869046688079834,0.0,0.0,0.01869046688079834,0.014977693557739258,0.003712773323059082,0.4049205482006073,0.0,0.49872636795043945,0.33782899379730225,2.593095302581787,0.0
0,68,None,False,"35,115,77,23,64,113,5,126,8,106",1.016512155532837,-1.8429876565933228,-1.2500879764556885,-0.7673839330673218,7.9993510246276855,5.173577308654785,0.02271917462348938,0.0,0.0,0.02271917462348938,0.02140629291534424,0.0013128817081451416,0.30573442578315735,0.0,0.5700794458389282,0.3480989933013916,2.593095302581787,0.0
0,69,None,False,"35,115,77,23,64,113,5,126,8,106",1.0147563219070435,-2.0705761909484863,-1.0263328552246094,-0.763028621673584,7.999529838562012,5.246228218078613,0.016126442700624466,0.0,0.0,0.016126442700624466,0.020980000495910645,-0.004853557795286179,0.007069373968988657,0.0,0.5236203074455261,0.3268686532974243,2.593095302581787,0.0
0,70,None,False,"35,115,77,23,64,113,5,126,8,106",1.0480287075042725,-2.070573329925537,-0.9558034539222717,-0.8568854331970215,7.999471664428711,4.563498020172119,0.0245260838419199,0.0,0.0,0.0245260838419199,0.01896536350250244,0.005560720339417458,0.18857400119304657,0.0,0.72102952003479,0.3250519633293152,2.593095302581787,0.0
0,71,None,False,"35,115,77,23,64,113,5,126,8,106",1.0782208442687988,-2.1332592964172363,-1.1341513395309448,-0.8193659782409668,7.999536514282227,3.7000346183776855,0.020068293437361717,0.0,0.0,0.020068293437361717,0.010058999061584473,0.010009294375777245,0.2810504138469696,0.0,0.7626950740814209,0.3331260085105896,2.593095302581787,0.0
0,72,None,False,"35,115,77,23,64,113,5,126,8,106",1.0718387365341187,-1.9302752017974854,-0.9824610352516174,-0.9093177914619446,7.999667167663574,3.2789664268493652,0.018093138933181763,0.0,0.0,0.018093138933181763,0.007376670837402344,0.010716468095779419,0.37587854266166687,0.0,0.6741657257080078,0.34484294056892395,2.593095302581787,0.0
0,73,None,False,"35,115,77,23,64,113,5,126,8,106",1.003970980644226,-2.3078417778015137,-1.025245189666748,-0.9939281940460205,7.9995341300964355,4.074578762054443,0.01837105117738247,0.0,0.0,0.01837105117738247,0.002553701400756836,0.015817349776625633,0.5645278692245483,0.0,0.5414880514144897,0.28015854954719543,2.593095302581787,0.0
0,74,None,False,"35,115,77,23,64,113,5,126,8,106",1.0859394073486328,-1.9867029190063477,-1.2447481155395508,-0.7037560939788818,7.999349117279053,4.805452823638916,0.03346056491136551,0.0,0.0,0.03346056491136551,0.012272834777832031,0.021187730133533478,0.639441728591919,0.0,0.6051080226898193,0.27429577708244324,2.593095302581787,0.0
0,75,None,False,"35,115,77,23,64,113,5,126,8,106",1.0545634031295776,-2.2086915969848633,-1.073769450187683,-0.8563971519470215,7.999464511871338,4.101865291595459,0.03567435219883919,0.0,0.0,0.03567435219883919,0.017008423805236816,0.01866592839360237,0.6286454200744629,0.0,0.7258513569831848,0.2624836564064026,2.593095302581787,0.0
0,76,None,False,"35,115,77,23,64,113,5,126,8,106",1.0660535097122192,-1.897993803024292,-1.2152326107025146,-0.7895070314407349,7.999472618103027,4.070910930633545,0.04046745225787163,0.0,0.0,0.04046745225787163,0.027800917625427246,0.012666534632444382,0.6128867864608765,0.0,0.6685791015625,0.28996503353118896,2.593095302581787,0.0
0,77,None,False,"35,115,77,23,64,113,5,126,8,106",1.0747419595718384,-1.9405699968338013,-1.1095302104949951,-0.8185974955558777,7.999584197998047,3.4163713455200195,0.023570334538817406,0.0,0.0,0.023570334538817406,0.023672103881835938,-0.0001017693430185318,0.3039838373661041,0.0,0.6314290761947632,0.25558701157569885,2.593095302581787,0.0
0,78,Schedule,True,"66,43,20,81,54,94,21,46,59,18",1.0621269941329956,-1.9153960943222046,-0.9568541646003723,-0.8684669733047485,7.999581813812256,3.94392991065979,0.014522617682814598,0.056666666666666664,0.20666666666666664,-0.24881070852279663,0.015566110610961914,-0.26437681913375854,-3.1206319332122803,-15.528815269470215,0.745917797088623,0.29541200399398804,2.593095302581787,0.0
0,79,None,False,"66,43,20,81,54,94,21,46,59,18",1.1161413192749023,-2.2040858268737793,-1.0526071786880493,-0.681167483329773,7.999353885650635,4.288400173187256,0.0070899007841944695,0.0,0.0,0.0070899007841944695,0.00912320613861084,-0.0020333053544163704,0.19995497167110443,0.0,0.692278265953064,0.3426874279975891,2.593095302581787,0.0
0,80,None,False,"66,43,20,81,54,94,21,46,59,18",1.1162033081054688,-1.9332269430160522,-1.1156249046325684,-0.7446573972702026,7.999355792999268,5.5931267738342285,0.015339684672653675,0.0,0.0,0.015339684672653675,0.009502172470092773,0.005837512202560902,0.27852633595466614,0.0,0.6340004205703735,0.3464580178260803,2.593095302581787,0.0
0,81,None,False,"66,43,20,81,54,94,21,46,59,18",1.084248423576355,-2.0597071647644043,-0.891739010810852,-0.7740309238433838,7.999337673187256,5.630238056182861,0.02117910422384739,0.0,0.0,0.02117910422384739,0.005473136901855469,0.01570596732199192,0.5625036954879761,0.0,0.6431784629821777,0.2627749443054199,2.593095302581787,0.0
0,82,None,False,"66,43,20,81,54,94,21,46,59,18",1.0664929151535034,-1.9306349754333496,-1.0128823518753052,-0.8138498663902283,7.999557018280029,6.067555904388428,0.016765177249908447,0.0,0.0,0.016765177249908447,0.004057049751281738,0.012708127498626709,0.5546849370002747,0.0,0.6604429483413696,0.2808636426925659,2.593095302581787,0.0
0,83,None,False,"66,43,20,81,54,94,21,46,59,18",0.9526124596595764,-1.888084053993225,-1.3125252723693848,-0.6283470988273621,7.999444961547852,3.4411840438842773,0.010800844058394432,0.0,0.0,0.010800844058394432,0.011199235916137695,-0.00039839185774326324,0.23901896178722382,0.0,0.8755165338516235,0.34290197491645813,2.593095302581787,0.0
0,84,None,False,"66,43,20,81,54,94,21,46,59,18",1.0410605669021606,-2.0985498428344727,-1.4313950538635254,-0.8196169137954712,7.999233245849609,4.2956671714782715,0.009473430924117565,0.0,0.0,0.009473430924117565,0.011242985725402832,-0.0017695548012852669,0.24691346287727356,0.0,0.9951683878898621,0.34679868817329407,2.593095302581787,0.0
0,85,None,False,"66,43,20,81,54,94,21,46,59,18",1.1124731302261353,-2.2125754356384277,-0.999809741973877,-0.8392242193222046,7.999517440795898,5.074618339538574,0.0013350307708606124,0.0,0.0,0.0013350307708606124,0.0028564929962158203,-0.001521462225355208,0.38535276055336,0.0,0.8413105010986328,0.3627871870994568,2.593095302581787,0.0
0,86,None,False,"66,43,20,81,54,94,21,46,59,18",1.0484743118286133,-1.9372518062591553,-0.9606611728668213,-0.7553234100341797,7.999497413635254,3.3301033973693848,0.0006821214919909835,0.0,0.0,0.0006821214919909835,0.0018062591552734375,-0.001124137663282454,0.2666272222995758,0.0,0.9041906595230103,0.33859091997146606,2.593095302581787,0.0
0,87,None,False,"66,43,20,81,54,94,21,46,59,18",1.0188941955566406,-2.2566232681274414,-1.2522220611572266,-0.7843387126922607,7.999399185180664,4.903402805328369,0.01638009026646614,0.0,0.0,0.01638009026646614,0.005572676658630371,0.01080741360783577,0.5018038749694824,0.0,0.8619192838668823,0.32407817244529724,2.593095302581787,0.0
0,88,None,False,"66,43,20,81,54,94,21,46,59,18",1.0158753395080566,-1.890256643295288,-1.0696656703948975,-0.9290916323661804,7.999404430389404,5.915430545806885,0.011166912503540516,0.0,0.0,0.011166912503540516,0.004398941993713379,0.006767970509827137,0.4779762029647827,0.0,1.0912318229675293,0.3381906747817993,2.593095302581787,0.0
0,89,None,False,"66,43,20,81,54,94,21,46,59,18",1.0177197456359863,-2.088108777999878,-1.1416021585464478,-0.849476158618927,7.999614715576172,4.896783828735352,0.00739062437787652,0.0,0.0,0.00739062437787652,-0.0015183687210083008,0.008908992633223534,0.5208697319030762,0.0,1.0128989219665527,0.33916229009628296,2.593095302581787,0.0
0,90,None,False,"66,43,20,81,54,94,21,46,59,18",1.080527663230896,-1.9526349306106567,-1.0915861129760742,-0.997199296951294,7.9994707107543945,3.8374671936035156,0.013085240498185158,0.0,0.0,0.013085240498185158,0.006647944450378418,0.00643729604780674,0.5491132140159607,0.0,1.0988080501556396,0.4059043526649475,2.593095302581787,0.0
0,91,None,False,"66,43,20,81,54,94,21,46,59,18",1.0227882862091064,-2.3516852855682373,-1.5111939907073975,-0.7735008001327515,7.999296188354492,6.365373134613037,0.008929205127060413,0.0,0.0,0.008929205127060413,0.0070334672927856445,0.0018957378342747688,0.44360485672950745,0.0,1.1732726097106934,0.4142228364944458,2.593095302581787,0.0
0,92,Schedule,True,"29,77,48,63,9,128,54,102,7,98",1.0655323266983032,-1.9987603425979614,-0.9558830261230469,-0.8803823590278625,7.999605655670166,6.5102386474609375,-0.013471156358718872,0.05099999864896138,0.18599999507268267,-0.2504711449146271,-0.0009615421295166016,-0.24950960278511047,-2.6025400161743164,-12.965364456176758,1.0035820007324219,0.4086485505104065,2.593095302581787,0.0
0,93,None,False,"29,77,48,63,9,128,54,102,7,98",1.15622878074646,-1.9768872261047363,-1.007659912109375,-0.6837488412857056,7.999373912811279,4.996513366699219,-0.013902431353926659,0.0,0.0,-0.013902431353926659,-0.0026592016220092773,-0.011243229731917381,0.09689618647098541,0.0,1.1500358581542969,0.46527427434921265,2.593095302581787,0.0
0,94,None,False,"29,77,48,63,9,128,54,102,7,98",1.0411955118179321,-2.029391288757324,-1.1331498622894287,-0.9460878968238831,7.999486446380615,6.005364418029785,-0.02107422426342964,0.0,0.0,-0.02107422426342964,-0.009316205978393555,-0.011758018285036087,0.16764011979103088,0.0,1.0632100105285645,0.454878568649292,2.593095302581787,0.0
0,95,None,False,"29,77,48,63,9,128,54,102,7,98",1.1350352764129639,-2.222846269607544,-1.061741590499878,-0.7978341579437256,7.999309539794922,7.323574066162109,-0.025654714554548264,0.0,0.0,-0.025654714554548264,-0.024122655391693115,-0.0015320591628551483,0.5462379455566406,0.0,1.1408294439315796,0.47167113423347473,2.593095302581787,0.0
0,96,None,False,"29,77,48,63,9,128,54,102,7,98",1.046247124671936,-1.9512310028076172,-0.9996696710586548,-0.881294310092926,7.999533653259277,6.477071762084961,-0.0218255165964365,0.0,0.0,-0.0218255165964365,-0.022385001182556152,0.0005594845861196518,0.4229266941547394,0.0,1.0263736248016357,0.5669302940368652,2.593095302581787,0.0
0,97,None,False,"29,77,48,63,9,128,54,102,7,98",1.0811470746994019,-2.519853353500366,-1.226538896560669,-0.7226822376251221,7.9993815422058105,4.5302886962890625,-0.006154126022011042,0.0,0.0,-0.006154126022011042,-0.009826838970184326,0.0036727129481732845,0.3359113931655884,0.0,1.0559470653533936,0.4507743716239929,2.593095302581787,0.0
0,98,None,False,"29,77,48,63,9,128,54,102,7,98",1.1167140007019043,-2.022345781326294,-0.8825825452804565,-0.8913275003433228,7.999516487121582,5.495588779449463,-0.004582029767334461,0.0,0.0,-0.004582029767334461,-0.012758016586303711,0.00817598681896925,0.47541218996047974,0.0,0.9905142784118652,0.4765332341194153,2.593095302581787,0.0
0,99,None,False,"29,77,48,63,9,128,54,102,7,98",1.0892364978790283,-1.8858362436294556,-1.2249362468719482,-0.78361576795578,7.999545574188232,3.924222469329834,-0.0006530165555886924,0.0,0.0,-0.0006530165555886924,-0.0033302903175354004,0.002677273703739047,0.39579251408576965,0.0,0.9573333263397217,0.4186244010925293,2.593095302581787,0.0
0,100,Struct Break (DC),True,"77,31,73,43,83,105,84,114,76,36",1.0974454879760742,-1.552890658378601,-0.9729570150375366,-0.968084454536438,7.999607563018799,2.652144193649292,0.01188632845878601,0.05099999864896138,0.18599999507268267,-0.2251136600971222,0.003488302230834961,-0.22860196232795715,-2.2433409690856934,-11.182994842529297,1.002508282661438,0.43242311477661133,2.593095302581787,0.0
0,101,None,False,"77,31,73,43,83,105,84,114,76,36",1.0619052648544312,-1.857125163078308,-1.09934663772583,-0.8609145879745483,7.999561309814453,3.7549712657928467,0.00755839329212904,0.0,0.0,0.00755839329212904,-0.0020132064819335938,0.009571599774062634,0.3977321684360504,0.0,1.0695109367370605,0.4824184775352478,2.593095302581787,0.0
0,102,None,False,"77,31,73,43,83,105,84,114,76,36",1.0384893417358398,-2.0915799140930176,-0.9720306396484375,-0.9727814793586731,7.999581336975098,4.789406776428223,-0.0010384678607806563,0.0,0.0,-0.0010384678607806563,-0.00047528743743896484,-0.0005631804233416915,0.3464302122592926,0.0,1.0796775817871094,0.4963616132736206,2.593095302581787,0.0
0,103,None,False,"77,31,73,43,83,105,84,114,76,36",1.1011282205581665,-1.795642375946045,-0.9807426929473877,-0.9293814301490784,7.999525547027588,4.015904903411865,0.009215259924530983,0.0,0.0,0.009215259924530983,0.014002442359924316,-0.0047871824353933334,0.3072275221347809,0.0,0.7929659485816956,0.4614582657814026,2.593095302581787,0.0
0,104,None,False,"77,31,73,43,83,105,84,114,76,36",1.0166294574737549,-1.8720687627792358,-1.289790391921997,-0.7738056778907776,7.999336242675781,4.581982612609863,-0.008179688826203346,0.0,0.0,-0.008179688826203346,0.012392759323120117,-0.020572448149323463,0.29726123809814453,0.0,0.818522036075592,0.4096653163433075,2.593095302581787,0.0
0,105,None,False,"77,31,73,43,83,105,84,114,76,36",1.1026617288589478,-2.0522308349609375,-1.132908582687378,-0.8368226885795593,7.999502658843994,5.377882957458496,-0.009201914072036743,0.0,0.0,-0.009201914072036743,0.020910978317260742,-0.030112892389297485,0.34002071619033813,0.0,0.8200420141220093,0.4093802571296692,2.593095302581787,0.0
0,106,None,False,"77,31,73,43,83,105,84,114,76,36",1.079644799232483,-1.9722617864608765,-1.1385024785995483,-0.7977792620658875,7.999622821807861,3.9247164726257324,0.003933030180633068,0.0,0.0,0.003933030180633068,0.024500489234924316,-0.020567458122968674,0.25133830308914185,0.0,0.8301801681518555,0.3970903158187866,2.593095302581787,0.0
0,107,None,False,"77,31,73,43,83,105,84,114,76,36",1.0525840520858765,-2.1340255737304688,-0.9318481683731079,-0.9065345525741577,7.999626159667969,4.080342769622803,0.0030894458759576082,0.0,0.0,0.0030894458759576082,0.020259499549865723,-0.017170052975416183,0.11992908269166946,0.0,0.8101435899734497,0.3221088647842407,2.593095302581787,0.0
0,108,None,False,"77,31,73,43,83,105,84,114,76,36",1.0918478965759277,-1.9756842851638794,-1.1984000205993652,-0.8922427296638489,7.999467372894287,5.53427267074585,0.006154912523925304,0.0,0.0,0.006154912523925304,0.016449689865112305,-0.010294777341187,0.0014632274396717548,0.0,0.8148449659347534,0.33896252512931824,2.593095302581787,0.0
0,109,None,False,"77,31,73,43,83,105,84,114,76,36",1.1382744312286377,-1.980577826499939,-0.9808330535888672,-0.9931074380874634,7.999402046203613,5.932794094085693,0.031982798129320145,0.0,0.0,0.031982798129320145,0.03040170669555664,0.001581091433763504,0.3740230202674866,0.0,0.7309845685958862,0.4000706374645233,2.593095302581787,0.0
0,110,None,False,"77,31,73,43,83,105,84,114,76,36",1.1097813844680786,-2.169142484664917,-1.1623854637145996,-0.8908800482749939,7.999575138092041,4.823050498962402,0.03345993161201477,0.0,0.0,0.03345993161201477,0.03037583827972412,0.0030840933322906494,0.40515705943107605,0.0,0.7589867115020752,0.34273990988731384,2.593095302581787,0.0
0,111,None,False,"77,31,73,43,83,105,84,114,76,36",1.082388997077942,-1.9280064105987549,-1.1255897283554077,-0.9488445520401001,7.999587535858154,4.32319974899292,0.03128911182284355,0.0,0.0,0.03128911182284355,0.029688239097595215,0.0016008727252483368,0.3322571814060211,0.0,0.9197719097137451,0.37122735381126404,2.593095302581787,0.0
0,112,None,False,"77,31,73,43,83,105,84,114,76,36",1.1219520568847656,-2.2018516063690186,-1.15366530418396,-0.8682622313499451,7.999544620513916,4.237729549407959,0.026950985193252563,0.0,0.0,0.026950985193252563,0.033661723136901855,-0.006710737943649292,0.2528621256351471,0.0,0.9325112104415894,0.3427548110485077,2.593095302581787,0.0
0,113,None,False,"77,31,73,43,83,105,84,114,76,36",1.1062731742858887,-1.93401300907135,-1.23468017578125,-0.9006690979003906,7.999450206756592,3.7443957328796387,0.032471317797899246,0.0,0.0,0.032471317797899246,0.04076051712036133,-0.008289199322462082,0.383287250995636,0.0,0.9314887523651123,0.3400871157646179,2.593095302581787,0.0
0,114,Schedule,True,"24,54,25,60,103,124,78,76,77,51",1.0427056550979614,-1.7492451667785645,-1.1868212223052979,-0.6375064849853516,7.9993896484375,5.155737400054932,0.022926753386855125,0.04533333400885264,0.16533333579699197,-0.18773990869522095,0.023769617080688477,-0.21150952577590942,-2.4978086948394775,-12.463001251220703,0.9681904315948486,0.3276490271091461,2.593095302581787,0.0
0,115,None,False,"24,54,25,60,103,124,78,76,77,51",1.0263901948928833,-2.047133684158325,-1.1443207263946533,-0.8022227883338928,7.999534606933594,5.065356731414795,0.01788095198571682,0.0,0.0,0.01788095198571682,0.021952509880065918,-0.004071557894349098,0.3731708824634552,0.0,0.8024722933769226,0.3298162519931793,2.593095302581787,0.0
0,116,None,False,"24,54,25,60,103,124,78,76,77,51",1.151562213897705,-1.9350872039794922,-1.0761686563491821,-1.1161781549453735,7.999460697174072,6.037505149841309,0.013027560897171497,0.0,0.0,0.013027560897171497,0.011499404907226562,0.0015281559899449348,0.4772198498249054,0.0,0.9384421110153198,0.32671546936035156,2.593095302581787,0.0
0,117,None,False,"24,54,25,60,103,124,78,76,77,51",0.987882137298584,-2.027268886566162,-1.1614532470703125,-0.7974468469619751,7.999431133270264,6.555305480957031,0.013973891735076904,0.0,0.0,0.013973891735076904,0.011912226676940918,0.0020616650581359863,0.2806665003299713,0.0,1.151737093925476,0.3444858193397522,2.593095302581787,0.0
0,118,None,False,"24,54,25,60,103,124,78,76,77,51",1.1127734184265137,-2.0274674892425537,-1.1176759004592896,-0.6871418952941895,7.999467849731445,4.1719136238098145,-0.0007580936071462929,0.0,0.0,-0.0007580936071462929,0.004590034484863281,-0.005348128266632557,0.38110440969467163,0.0,0.9610003232955933,0.34696459770202637,2.593095302581787,0.0
0,119,None,False,"24,54,25,60,103,124,78,76,77,51",1.1009504795074463,-2.188690185546875,-1.2042386531829834,-0.6853071451187134,7.999441623687744,3.6433846950531006,0.009793984703719616,0.0,0.0,0.009793984703719616,0.004304409027099609,0.0054895756766200066,0.5342327356338501,0.0,0.8944427371025085,0.3406682014465332,2.593095302581787,0.0
0,120,None,False,"24,54,25,60,103,124,78,76,77,51",1.0714905261993408,-2.052734613418579,-0.9351041316986084,-0.9989131093025208,7.999485969543457,4.85575532913208,0.031475793570280075,0.0,0.0,0.031475793570280075,0.011382818222045898,0.020092975348234177,0.6266644597053528,0.0,0.730388879776001,0.3281206488609314,2.593095302581787,0.0
0,121,None,False,"24,54,25,60,103,124,78,76,77,51",1.1266725063323975,-1.9724169969558716,-0.8964283466339111,-0.6292802095413208,7.9994120597839355,5.186827182769775,0.03942849114537239,0.0,0.0,0.03942849114537239,0.028179168701171875,0.011249322444200516,0.47289812564849854,0.0,0.8006547689437866,0.38975945115089417,2.593095302581787,0.0
0,122,None,False,"24,54,25,60,103,124,78,76,77,51",1.0966613292694092,-1.6722842454910278,-0.8500915765762329,-0.8903710842132568,7.999465465545654,5.244901657104492,0.020142395049333572,0.0,0.0,0.020142395049333572,0.022061705589294434,-0.0019193105399608612,0.3500003516674042,0.0,0.6336742639541626,0.32926708459854126,2.593095302581787,0.0
0,123,None,False,"24,54,25,60,103,124,78,76,77,51",1.093587875366211,-2.0197982788085938,-1.093151330947876,-0.813373327255249,7.999529838562012,3.0426688194274902,0.02999408170580864,0.0,0.0,0.02999408170580864,0.02290356159210205,0.007090520113706589,0.34142476320266724,0.0,0.616695761680603,0.2765013575553894,2.593095302581787,0.0
0,124,None,False,"24,54,25,60,103,124,78,76,77,51",0.9442704916000366,-2.2794580459594727,-1.0788352489471436,-0.9543548226356506,7.999473571777344,4.355385780334473,0.010509401559829712,0.0,0.0,0.010509401559829712,0.014943480491638184,-0.004434078931808472,0.1101447343826294,0.0,0.8147598505020142,0.3545079231262207,2.593095302581787,0.0
0,125,None,False,"24,54,25,60,103,124,78,76,77,51",1.0783945322036743,-2.2744388580322266,-1.4801892042160034,-0.6131877899169922,7.99929141998291,5.282606601715088,0.005538314580917358,0.0,0.0,0.005538314580917358,0.005183577537536621,0.0003547370433807373,0.25944972038269043,0.0,0.7276275753974915,0.3319361209869385,2.593095302581787,0.0
0,126,None,False,"24,54,25,60,103,124,78,76,77,51",1.117307424545288,-2.210439920425415,-1.15367591381073,-0.9738034009933472,7.999456882476807,6.520252227783203,7.106065459083766e-05,0.0,0.0,7.106065459083766e-05,0.0015915632247924805,-0.0015205026138573885,0.20930631458759308,0.0,0.783109188079834,0.2790200114250183,2.593095302581787,0.0
0,127,None,False,"24,54,25,60,103,124,78,76,77,51",1.051661491394043,-2.008587598800659,-1.0892415046691895,-0.7112697958946228,7.999293327331543,4.846269130706787,0.0015956342685967684,0.0,0.0,0.0015956342685967684,0.0036797523498535156,-0.0020841180812567472,0.484282910823822,0.0,0.8693714141845703,0.27089884877204895,2.593095302581787,0.0
0,0,Schedule | Regime Shift (Initial),True,"29,120,47,137,112,12,52,21,77,94",1.0736658573150635,-1.8863003253936768,-0.8947624564170837,-0.9485188126564026,7.999296188354492,4.92658805847168,-0.015561675652861595,0.0,0.0,-0.015561675652861595,-0.00790029764175415,-0.007661378011107445,-0.28065794706344604,-1.4435688257217407,0.9941033124923706,0.3756083846092224,2.277153491973877,0.0
0,1,None,False,"29,120,47,137,112,12,52,21,77,94",1.009122371673584,-2.250439167022705,-1.0387656688690186,-0.7661652565002441,7.998961448669434,5.396042346954346,-0.020729178562760353,0.0,0.0,-0.020729178562760353,-0.010489284992218018,-0.010239893570542336,0.014493442140519619,0.0,1.0439141988754272,0.4569263458251953,2.277153491973877,0.0
0,2,None,False,"29,120,47,137,112,12,52,21,77,94",1.0592217445373535,-1.9499443769454956,-1.0523418188095093,-0.8025388121604919,7.999138355255127,6.314248561859131,-0.0014552951324731112,0.0,0.0,-0.0014552951324731112,-0.0015211701393127441,6.587500683963299e-05,0.18859365582466125,0.0,1.185572624206543,0.28419244289398193,2.277153491973877,0.0
0,3,None,False,"29,120,47,137,112,12,52,21,77,94",1.0778547525405884,-1.9011061191558838,-0.935789942741394,-1.0694515705108643,7.999321937561035,4.341550827026367,0.0344284251332283,0.0,0.0,0.0344284251332283,0.01766979694366455,0.01675862818956375,0.6049254536628723,0.0,1.2044469118118286,0.3063197731971741,2.277153491973877,0.0
0,4,None,False,"29,120,47,137,112,12,52,21,77,94",1.011492371559143,-1.9906744956970215,-1.1400823593139648,-0.729494571685791,7.999237537384033,3.7712628841400146,0.04669738933444023,0.0,0.0,0.04669738933444023,0.025389671325683594,0.021307718008756638,0.6643246412277222,0.0,1.093834638595581,0.29029181599617004,2.277153491973877,0.0
0,5,None,False,"29,120,47,137,112,12,52,21,77,94",1.0984594821929932,-2.061124086380005,-1.1119575500488281,-0.806320071220398,7.999115943908691,4.842685699462891,0.025581438094377518,0.0,0.0,0.025581438094377518,0.012202262878417969,0.013379175215959549,0.44164854288101196,0.0,1.0641093254089355,0.30620843172073364,2.277153491973877,0.0
0,6,None,False,"29,120,47,137,112,12,52,21,77,94",1.0688263177871704,-2.2727370262145996,-1.2567131519317627,-0.7751711010932922,7.998928546905518,5.393434524536133,0.016825944185256958,0.0,0.0,0.016825944185256958,0.004654645919799805,0.012171298265457153,0.47536706924438477,0.0,0.9376877546310425,0.29582294821739197,2.277153491973877,0.0
0,7,None,False,"29,120,47,137,112,12,52,21,77,94",1.0614774227142334,-1.781522274017334,-0.6775279641151428,-1.0421298742294312,7.999294757843018,5.344136714935303,-0.00904536247253418,0.0,0.0,-0.00904536247253418,-0.0013818740844726562,-0.0076634883880615234,0.16258634626865387,0.0,0.9317003488540649,0.31791022419929504,2.277153491973877,0.0
0,8,None,False,"29,120,47,137,112,12,52,21,77,94",1.0690242052078247,-1.8771389722824097,-0.8560410737991333,-0.8134922385215759,7.999351978302002,5.48480224609375,-0.01855219528079033,0.0,0.0,-0.01855219528079033,-0.008931636810302734,-0.009620558470487595,0.03423306718468666,0.0,0.9331241250038147,0.3087540566921234,2.277153491973877,0.0
0,9,None,False,"29,120,47,137,112,12,52,21,77,94",1.0152863264083862,-1.8963069915771484,-0.845691442489624,-0.8424546122550964,7.999317169189453,5.159816265106201,-0.020957523956894875,0.0,0.0,-0.020957523956894875,-0.004313468933105469,-0.016644055023789406,-0.3421874940395355,0.0,0.8142954707145691,0.31455206871032715,2.277153491973877,0.0
0,10,None,False,"29,120,47,137,112,12,52,21,77,94",0.938155472278595,-2.0160675048828125,-1.0523093938827515,-0.80600506067276,7.999351501464844,4.093707084655762,-0.021701615303754807,0.0,0.0,-0.021701615303754807,-0.005433440208435059,-0.016268175095319748,-0.0723414495587349,0.0,0.7112436890602112,0.32525452971458435,2.277153491973877,0.0
0,11,None,False,"29,120,47,137,112,12,52,21,77,94",1.0632812976837158,-2.174247980117798,-1.0492756366729736,-0.834077775478363,7.999022483825684,5.018453598022461,0.005674439482390881,0.0,0.0,0.005674439482390881,0.0027464628219604492,0.0029279766604304314,0.08760080486536026,0.0,0.8068649768829346,0.28897958993911743,2.277153491973877,0.0
0,12,None,False,"29,120,47,137,112,12,52,21,77,94",1.059135913848877,-1.874914288520813,-0.9193267822265625,-0.916102945804596,7.999270439147949,5.017803192138672,0.016142606735229492,0.0,0.0,0.016142606735229492,0.007449626922607422,0.00869297981262207,0.16207355260849,0.0,0.7241356372833252,0.31710100173950195,2.277153491973877,0.0
0,13,None,False,"29,120,47,137,112,12,52,21,77,94",1.0537490844726562,-1.913411021232605,-0.9245283603668213,-0.9271231889724731,7.999370098114014,3.767099142074585,0.1231963038444519,0.0,0.0,0.1231963038444519,0.031407952308654785,0.09178835153579712,1.502197027206421,0.0,0.7851653099060059,0.36769357323646545,2.277153491973877,0.0
0,14,Schedule,True,"26,137,75,25,2,71,40,21,100,58",1.0832879543304443,-1.9230676889419556,-0.930236279964447,-1.0352094173431396,7.9995903968811035,3.5421042442321777,0.1309410035610199,0.04533333400885264,0.16533333579699197,-0.07972566783428192,0.03394210338592529,-0.11366777122020721,0.07806472480297089,0.33771368861198425,0.7730110883712769,0.37588244676589966,2.277153491973877,0.0
0,15,None,False,"26,137,75,25,2,71,40,21,100,58",1.0990383625030518,-1.8642513751983643,-1.0873217582702637,-0.8385144472122192,7.9993414878845215,3.2548792362213135,0.13835647702217102,0.0,0.0,0.13835647702217102,0.03475141525268555,0.10360506176948547,3.767237901687622,0.0,0.790267288684845,0.31532207131385803,2.277153491973877,0.0
0,16,None,False,"26,137,75,25,2,71,40,21,100,58",1.075758695602417,-2.0599758625030518,-0.9525823593139648,-0.7891490459442139,7.9991960525512695,4.141697406768799,0.12778586149215698,0.0,0.0,0.12778586149215698,0.030156850814819336,0.09762901067733765,1.8992873430252075,0.0,0.7404997944831848,0.3006725311279297,2.277153491973877,0.0
0,17,None,False,"26,137,75,25,2,71,40,21,100,58",1.104657530784607,-1.9919577836990356,-1.000311017036438,-1.0865461826324463,7.999244213104248,6.325539588928223,0.11910855770111084,0.0,0.0,0.11910855770111084,0.02871537208557129,0.09039318561553955,1.3124802112579346,0.0,0.8024052381515503,0.28560465574264526,2.277153491973877,0.0
0,18,None,False,"26,137,75,25,2,71,40,21,100,58",1.0738946199417114,-2.0375401973724365,-1.1132557392120361,-0.7409963011741638,7.999209403991699,5.57977294921875,0.015128254890441895,0.0,0.0,0.015128254890441895,0.005548715591430664,0.00957953929901123,0.4480126202106476,0.0,0.8696739673614502,0.3492255210876465,2.277153491973877,0.0
0,19,None,False,"26,137,75,25,2,71,40,21,100,58",0.9699926972389221,-2.198793411254883,-1.2447528839111328,-0.9015055894851685,7.999186992645264,5.178884506225586,0.0009470403310842812,0.0,0.0,0.0009470403310842812,0.010553240776062012,-0.009606200270354748,0.0687708705663681,0.0,1.0557100772857666,0.4616152048110962,2.277153491973877,0.0
0,20,None,False,"26,137,75,25,2,71,40,21,100,58",1.060094952583313,-2.0347628593444824,-1.0314183235168457,-0.8341441750526428,7.999294281005859,5.020663261413574,-0.003541195299476385,0.0,0.0,-0.003541195299476385,0.009955525398254395,-0.013496721163392067,0.03658067807555199,0.0,0.9171184301376343,0.4282039999961853,2.277153491973877,0.0
0,21,None,False,"26,137,75,25,2,71,40,21,100,58",1.1563735008239746,-2.0199406147003174,-1.0023442506790161,-0.7896771430969238,7.999198913574219,4.6429314613342285,-0.000376152980607003,0.0,0.0,-0.000376152980607003,0.010578632354736328,-0.010954785160720348,-0.022636938840150833,0.0,0.9207877516746521,0.32820022106170654,2.277153491973877,0.0
0,22,None,False,"26,137,75,25,2,71,40,21,100,58",1.0102109909057617,-2.3899478912353516,-0.8333139419555664,-1.280827522277832,7.999442100524902,6.714366912841797,-0.012428170070052147,0.0,0.0,-0.012428170070052147,-0.0022149085998535156,-0.010213261470198631,-0.02718738093972206,0.0,0.8652634620666504,0.4500027894973755,2.277153491973877,0.0
0,23,None,False,"26,137,75,25,2,71,40,21,100,58",1.075024962425232,-1.969012975692749,-1.048144817352295,-0.8495945930480957,7.999210834503174,5.735693454742432,-0.012719154357910156,0.0,0.0,-0.012719154357910156,-0.0009557604789733887,-0.011763393878936768,0.1622503399848938,0.0,0.8035475015640259,0.3716498613357544,2.277153491973877,0.0
0,24,None,False,"26,137,75,25,2,71,40,21,100,58",1.117533564567566,-1.8506516218185425,-0.7553157210350037,-1.264328122138977,7.999338626861572,4.527447700500488,-0.025317197665572166,0.0,0.0,-0.025317197665572166,-0.014088034629821777,-0.011229163035750389,0.08790735900402069,0.0,0.8079124689102173,0.2934410572052002,2.277153491973877,0.0
0,25,None,False,"26,137,75,25,2,71,40,21,100,58",1.073169231414795,-1.9515676498413086,-0.8198305368423462,-1.2226287126541138,7.999439716339111,4.863464832305908,-0.027486782521009445,0.0,0.0,-0.027486782521009445,-0.017726778984069824,-0.009760003536939621,-0.024439595639705658,0.0,0.6724541187286377,0.31371772289276123,2.277153491973877,0.0
0,26,None,False,"26,137,75,25,2,71,40,21,100,58",1.0404925346374512,-2.1604487895965576,-0.9308661818504333,-1.0002613067626953,7.999225616455078,3.847374200820923,-0.02271801233291626,0.0,0.0,-0.02271801233291626,-0.011887013912200928,-0.010830998420715332,-0.06576685607433319,0.0,0.6918516755104065,0.3552073836326599,2.277153491973877,0.0
0,27,None,False,"26,137,75,25,2,71,40,21,100,58",0.917733371257782,-2.1906840801239014,-1.1012663841247559,-0.9538201093673706,7.999209880828857,5.672240734100342,-0.00983249582350254,0.0,0.0,-0.00983249582350254,-0.003258049488067627,-0.006574446335434914,0.22018557786941528,0.0,0.8751899003982544,0.3151489496231079,2.277153491973877,0.0
0,28,Schedule,True,"81,75,43,89,24,119,32,70,129,48",1.0515477657318115,-1.9580971002578735,-1.0401045083999634,-1.013317584991455,7.999378681182861,5.370345592498779,0.01584681309759617,0.05099999864896138,0.18599999507268267,-0.2211531698703766,0.0035430192947387695,-0.22469618916511536,-0.8959862589836121,-4.494053363800049,0.9150760173797607,0.37860560417175293,2.277153491973877,0.0
0,29,None,False,"81,75,43,89,24,119,32,70,129,48",1.068995475769043,-1.921975016593933,-1.0792044401168823,-0.9550122618675232,7.99924898147583,4.289055347442627,0.0524919256567955,0.0,0.0,0.0524919256567955,0.020305156707763672,0.03218676894903183,1.0137320756912231,0.0,0.9270100593566895,0.35057052969932556,2.277153491973877,0.0
0,30,None,False,"81,75,43,89,24,119,32,70,129,48",0.991615891456604,-2.1094133853912354,-1.2005658149719238,-0.6436426043510437,7.998863220214844,6.685873985290527,0.05410658195614815,0.0,0.0,0.05410658195614815,0.03184378147125244,0.022262800484895706,0.779607355594635,0.0,0.8206712007522583,0.29624709486961365,2.277153491973877,0.0
0,31,None,False,"81,75,43,89,24,119,32,70,129,48",0.9545103907585144,-2.0298678874969482,-0.8718844652175903,-1.0013030767440796,7.9995808601379395,5.737154483795166,0.044465504586696625,0.0,0.0,0.044465504586696625,0.027257204055786133,0.017208300530910492,0.6008228659629822,0.0,0.7241185903549194,0.2999646067619324,2.277153491973877,0.0
0,32,None,False,"81,75,43,89,24,119,32,70,129,48",1.0150572061538696,-2.3215548992156982,-1.151796817779541,-0.9053704738616943,7.999107837677002,5.750014305114746,0.04303831607103348,0.0,0.0,0.04303831607103348,0.02784121036529541,0.015197105705738068,0.6543737649917603,0.0,0.5902450084686279,0.3176153600215912,2.277153491973877,0.0
0,33,None,False,"81,75,43,89,24,119,32,70,129,48",1.070987582206726,-2.075835943222046,-1.0215873718261719,-0.864164412021637,7.999316215515137,4.862124919891357,0.0372421070933342,0.0,0.0,0.0372421070933342,0.02398681640625,0.013255290687084198,0.5594324469566345,0.0,0.5228465795516968,0.3249751925468445,2.277153491973877,0.0
0,34,None,False,"81,75,43,89,24,119,32,70,129,48",1.0605733394622803,-2.0672526359558105,-0.8458694815635681,-0.8801528215408325,7.999485492706299,4.1682209968566895,0.013867855072021484,0.0,0.0,0.013867855072021484,0.018419742584228516,-0.004551887512207031,0.12543770670890808,0.0,0.5910733342170715,0.31034111976623535,2.277153491973877,0.0
0,35,None,False,"81,75,43,89,24,119,32,70,129,48",1.0264617204666138,-1.9001840353012085,-0.9104077219963074,-0.9687260389328003,7.999312400817871,3.9039652347564697,0.019972896203398705,0.0,0.0,0.019972896203398705,0.016434311866760254,0.0035385843366384506,-0.09000948071479797,0.0,0.6331995129585266,0.29739922285079956,2.277153491973877,0.0
0,36,None,False,"81,75,43,89,24,119,32,70,129,48",0.9110588431358337,-2.4896481037139893,-1.0194703340530396,-0.8617621660232544,7.99896764755249,7.1714677810668945,0.0284956693649292,0.0,0.0,0.0284956693649292,0.021541595458984375,0.006954073905944824,0.22987669706344604,0.0,0.6194721460342407,0.3151625394821167,2.277153491973877,0.0
0,37,None,False,"81,75,43,89,24,119,32,70,129,48",1.0961016416549683,-1.856539249420166,-1.0224246978759766,-1.0851458311080933,7.999147415161133,6.731926918029785,0.033541690558195114,0.0,0.0,0.033541690558195114,0.033011794090270996,0.000529896467924118,0.2931453287601471,0.0,0.6531524658203125,0.3188975155353546,2.277153491973877,0.0
0,38,None,False,"81,75,43,89,24,119,32,70,129,48",0.9928259253501892,-1.7373499870300293,-0.8482409715652466,-0.8561168909072876,7.999227523803711,5.474410533905029,0.03396139666438103,0.0,0.0,0.03396139666438103,0.02772533893585205,0.0062360577285289764,0.37204885482788086,0.0,0.5895610451698303,0.2828041911125183,2.277153491973877,0.0
0,39,None,False,"81,75,43,89,24,119,32,70,129,48",1.085157036781311,-2.1166069507598877,-1.0980358123779297,-0.9327064752578735,7.999142169952393,5.290196418762207,0.034129656851291656,0.0,0.0,0.034129656851291656,0.03064417839050293,0.003485478460788727,0.31374800205230713,0.0,0.5457918643951416,0.32569143176078796,2.277153491973877,0.0
0,40,None,False,"81,75,43,89,24,119,32,70,129,48",1.0836775302886963,-1.8631378412246704,-0.8356366157531738,-1.0386147499084473,7.999388217926025,4.769631862640381,0.023215526714920998,0.0,0.0,0.023215526714920998,0.019495368003845215,0.0037201587110757828,0.6020151376724243,0.0,0.6272130608558655,0.24677613377571106,2.277153491973877,0.0
0,41,None,False,"81,75,43,89,24,119,32,70,129,48",1.0406535863876343,-1.6904075145721436,-0.920113205909729,-1.0762252807617188,7.999339580535889,3.4450266361236572,0.024458546191453934,0.0,0.0,0.024458546191453934,0.020432472229003906,0.0040260739624500275,0.38456812500953674,0.0,0.5767181515693665,0.2664313316345215,2.277153491973877,0.0
0,42,Schedule,True,"72,33,122,34,51,70,30,36,54,80",0.9742410182952881,-2.1375203132629395,-0.8649917840957642,-1.0549436807632446,7.999677658081055,4.803112030029297,0.015017693862318993,0.05099999864896138,0.18599999507268267,-0.22198230028152466,0.02043449878692627,-0.24241679906845093,-1.352623701095581,-6.759037971496582,0.5551422238349915,0.23385381698608398,2.277153491973877,0.0
0,43,None,False,"72,33,122,34,51,70,30,36,54,80",1.089058518409729,-1.9597431421279907,-1.0814145803451538,-1.0307177305221558,7.999192237854004,5.464146614074707,0.032199304550886154,0.0,0.0,0.032199304550886154,0.030266284942626953,0.001933019608259201,0.21600894629955292,0.0,0.4926075041294098,0.23459571599960327,2.277153491973877,0.0
0,44,None,False,"72,33,122,34,51,70,30,36,54,80",0.9972373843193054,-2.012552261352539,-1.223998785018921,-0.82567298412323,7.999497890472412,5.074431419372559,0.0235078576952219,0.0,0.0,0.0235078576952219,0.02102077007293701,0.0024870876222848892,0.2159234583377838,0.0,0.6549847722053528,0.24190589785575867,2.277153491973877,0.0
0,45,None,False,"72,33,122,34,51,70,30,36,54,80",1.0580759048461914,-1.9298218488693237,-0.9479120969772339,-0.7818558812141418,7.99922513961792,4.509360313415527,0.02387126162648201,0.0,0.0,0.02387126162648201,0.023798108100891113,7.31535255908966e-05,0.3008110225200653,0.0,0.6371747851371765,0.24974533915519714,2.277153491973877,0.0
0,46,None,False,"72,33,122,34,51,70,30,36,54,80",1.0517252683639526,-2.2491092681884766,-0.9621095061302185,-0.9225499033927917,7.999222278594971,5.304947376251221,0.00867551565170288,0.0,0.0,0.00867551565170288,0.010439157485961914,-0.0017636418342590332,0.426988810300827,0.0,0.6371632814407349,0.2327815592288971,2.277153491973877,0.0
0,47,None,False,"72,33,122,34,51,70,30,36,54,80",0.9950946569442749,-1.9730409383773804,-1.0696606636047363,-0.7061388492584229,7.999220848083496,4.876359939575195,0.0009587287786416709,0.0,0.0,0.0009587287786416709,0.004201531410217285,-0.0032428025733679533,0.148863285779953,0.0,0.8103692531585693,0.3278086483478546,2.277153491973877,0.0
0,48,None,False,"72,33,122,34,51,70,30,36,54,80",1.0806052684783936,-2.0062127113342285,-0.9267911911010742,-0.8644698262214661,7.999303817749023,4.0887579917907715,-0.021157223731279373,0.0,0.0,-0.021157223731279373,-0.01209867000579834,-0.009058553725481033,-0.06583324074745178,0.0,0.6807328462600708,0.3122934103012085,2.277153491973877,0.0
0,49,None,False,"72,33,122,34,51,70,30,36,54,80",1.1084063053131104,-2.2197022438049316,-1.089232325553894,-0.977080762386322,7.999320983886719,3.4218664169311523,-0.021906476467847824,0.0,0.0,-0.021906476467847824,-0.011439383029937744,-0.01046709343791008,0.03541361913084984,0.0,0.7967807054519653,0.2954249978065491,2.277153491973877,0.0
0,50,None,False,"72,33,122,34,51,70,30,36,54,80",1.0736184120178223,-2.0921630859375,-1.1084367036819458,-0.7475647926330566,7.999068260192871,4.689019203186035,-0.021527672186493874,0.0,0.0,-0.021527672186493874,-0.008724629878997803,-0.01280304230749607,-0.13960877060890198,0.0,0.8155958652496338,0.32763010263442993,2.277153491973877,0.0
0,51,None,False,"72,33,122,34,51,70,30,36,54,80",1.029104471206665,-1.8938467502593994,-1.032299280166626,-0.8469663262367249,7.999454498291016,3.4149537086486816,-0.0010056734317913651,0.0,0.0,-0.0010056734317913651,-0.00025773048400878906,-0.0007479429477825761,0.4282543957233429,0.0,0.7638920545578003,0.30777186155319214,2.277153491973877,0.0
0,52,None,False,"72,33,122,34,51,70,30,36,54,80",1.0067776441574097,-1.8352910280227661,-1.2080657482147217,-0.9868988990783691,7.999042510986328,4.653592586517334,0.019181877374649048,0.0,0.0,0.019181877374649048,0.0006014108657836914,0.018580466508865356,0.570354700088501,0.0,0.7596331238746643,0.3872348666191101,2.277153491973877,0.0
0,53,None,False,"72,33,122,34,51,70,30,36,54,80",1.144041895866394,-2.1251912117004395,-1.0162702798843384,-0.9899845123291016,7.999001979827881,4.9242682456970215,0.02946833334863186,0.0,0.0,0.02946833334863186,0.014977693557739258,0.014490639790892601,0.4537169635295868,0.0,0.7721311450004578,0.37575891613960266,2.277153491973877,0.0
0,54,None,False,"72,33,122,34,51,70,30,36,54,80",1.0458067655563354,-2.0257248878479004,-0.9085915088653564,-1.2037701606750488,7.999514102935791,5.463700294494629,0.0449204221367836,0.0,0.0,0.0449204221367836,0.02140629291534424,0.02351412922143936,0.5983708500862122,0.0,0.8759782314300537,0.3668913245201111,2.277153491973877,0.0
0,55,None,False,"72,33,122,34,51,70,30,36,54,80",1.0613478422164917,-2.2561497688293457,-1.2580525875091553,-0.7967802286148071,7.998899936676025,5.799208164215088,0.05593867972493172,0.0,0.0,0.05593867972493172,0.020980000495910645,0.03495867922902107,0.7400109767913818,0.0,0.985956072807312,0.3789362609386444,2.277153491973877,0.0
0,56,Schedule,True,"75,51,32,45,69,59,72,70,33,130",1.002027988433838,-2.06181001663208,-1.3973194360733032,-0.8113821744918823,7.9990034103393555,5.054476737976074,0.04999065399169922,0.03400000135103861,0.12400000492731729,-0.10800935328006744,0.01896536350250244,-0.12697471678256989,-0.749296247959137,-3.7735440731048584,1.0659129619598389,0.46016818284988403,2.277153491973877,0.0
0,57,None,False,"75,51,32,45,69,59,72,70,33,130",1.00861394405365,-1.7391096353530884,-1.0475313663482666,-0.8782387971878052,7.999022006988525,3.7356204986572266,0.02423453889787197,0.0,0.0,0.02423453889787197,0.010058999061584473,0.014175539836287498,0.5834100842475891,0.0,1.2258838415145874,0.47470954060554504,2.277153491973877,0.0
0,58,None,False,"75,51,32,45,69,59,72,70,33,130",1.0792193412780762,-1.9161168336868286,-0.9355676770210266,-0.8189249634742737,7.999322891235352,4.75614595413208,0.030318867415189743,0.0,0.0,0.030318867415189743,0.007376670837402344,0.0229421965777874,0.6349102258682251,0.0,1.2252070903778076,0.4112699329853058,2.277153491973877,0.0
0,59,None,False,"75,51,32,45,69,59,72,70,33,130",0.9914219975471497,-2.0549392700195312,-0.8333606719970703,-1.126942753791809,7.99938440322876,4.655401706695557,0.014961856417357922,0.0,0.0,0.014961856417357922,0.002553701400756836,0.012408155016601086,0.5690648555755615,0.0,1.1793638467788696,0.41432181000709534,2.277153491973877,0.0
0,60,None,False,"75,51,32,45,69,59,72,70,33,130",1.0204613208770752,-2.1503612995147705,-0.8968978524208069,-0.9251123070716858,7.999314785003662,3.6826229095458984,0.018386494368314743,0.0,0.0,0.018386494368314743,0.012272834777832031,0.006113659590482712,0.41843268275260925,0.0,1.1434221267700195,0.41358402371406555,2.277153491973877,0.0
0,61,None,False,"75,51,32,45,69,59,72,70,33,130",1.0779569149017334,-1.9203754663467407,-1.0912961959838867,-0.8922768831253052,7.999424457550049,3.961487054824829,0.033188603818416595,0.0,0.0,0.033188603818416595,0.017008423805236816,0.01618018001317978,0.5980938673019409,0.0,0.9804621934890747,0.389900267124176,2.277153491973877,0.0
0,62,None,False,"75,51,32,45,69,59,72,70,33,130",0.998019814491272,-2.207102060317993,-1.251840353012085,-0.9363292455673218,7.999032020568848,4.397714138031006,0.0587959885597229,0.0,0.0,0.0587959885597229,0.027800917625427246,0.030995070934295654,0.726378858089447,0.0,1.2542359828948975,0.34707361459732056,2.277153491973877,0.0
0,63,None,False,"75,51,32,45,69,59,72,70,33,130",1.102494716644287,-2.1635751724243164,-0.9825519323348999,-0.6811532974243164,7.9990363121032715,4.76019811630249,0.054040879011154175,0.0,0.0,0.054040879011154175,0.023672103881835938,0.030368775129318237,0.6637567281723022,0.0,1.276106595993042,0.3749118149280548,2.277153491973877,0.0
0,64,None,False,"75,51,32,45,69,59,72,70,33,130",1.0945444107055664,-1.8599096536636353,-0.9360036849975586,-0.7826877236366272,7.999346733093262,4.36009407043457,0.0404268316924572,0.0,0.0,0.0404268316924572,0.015566110610961914,0.024860721081495285,0.5996148586273193,0.0,1.308212161064148,0.35662350058555603,2.277153491973877,0.0
0,65,None,False,"75,51,32,45,69,59,72,70,33,130",1.0979276895523071,-1.992455005645752,-1.0151197910308838,-1.070706844329834,7.999224662780762,3.887540578842163,0.021861404180526733,0.0,0.0,0.021861404180526733,0.00912320613861084,0.012738198041915894,0.4393457770347595,0.0,1.1413074731826782,0.38158267736434937,2.277153491973877,0.0
0,66,None,False,"75,51,32,45,69,59,72,70,33,130",1.0714255571365356,-2.0496177673339844,-0.9117701053619385,-0.9364290237426758,7.999541759490967,4.178640842437744,0.015135550871491432,0.0,0.0,0.015135550871491432,0.009502172470092773,0.005633378401398659,0.35415783524513245,0.0,1.095536708831787,0.3624034523963928,2.277153491973877,0.0
0,67,None,False,"75,51,32,45,69,59,72,70,33,130",1.1057780981063843,-2.105973243713379,-1.1084959506988525,-0.90239018201828,7.999222755432129,3.4135806560516357,0.009007096290588379,0.0,0.0,0.009007096290588379,0.005473136901855469,0.00353395938873291,0.39851483702659607,0.0,1.174142599105835,0.38000625371932983,2.277153491973877,0.0
0,68,None,False,"75,51,32,45,69,59,72,70,33,130",0.9109935760498047,-1.9205554723739624,-1.1733527183532715,-0.5325934290885925,7.998610019683838,6.630423069000244,-0.006336235906928778,0.0,0.0,-0.006336235906928778,0.004057049751281738,-0.010393286123871803,0.15597382187843323,0.0,0.9636883735656738,0.3096941113471985,2.277153491973877,0.0
0,69,None,False,"75,51,32,45,69,59,72,70,33,130",1.087229609489441,-1.8885728120803833,-0.870397686958313,-0.8644652366638184,7.999242782592773,6.640777587890625,-0.008027022704482079,0.0,0.0,-0.008027022704482079,0.011199235916137695,-0.019226258620619774,-0.011720615439116955,0.0,0.9033229947090149,0.2742763161659241,2.277153491973877,0.0
0,70,Schedule,True,"130,31,121,45,133,43,74,64,30,24",0.9757785201072693,-2.1398558616638184,-1.2134102582931519,-0.607337474822998,7.999119758605957,4.453975200653076,-0.005092525389045477,0.04533333400885264,0.16533333579699197,-0.21575918793678284,0.011242985725402832,-0.22700217366218567,-1.5573939085006714,-7.778696060180664,0.8190262317657471,0.24233689904212952,2.277153491973877,0.0
0,71,None,False,"130,31,121,45,133,43,74,64,30,24",1.0141187906265259,-1.9826695919036865,-0.9335470199584961,-0.8158019185066223,7.9993743896484375,4.023687839508057,0.0007524609682150185,0.0,0.0,0.0007524609682150185,0.0028564929962158203,-0.0021040320862084627,0.37969934940338135,0.0,0.981569766998291,0.2779376208782196,2.277153491973877,0.0
0,72,None,False,"130,31,121,45,133,43,74,64,30,24",1.0813454389572144,-2.0413177013397217,-1.029433250427246,-0.9084586501121521,7.999521732330322,3.6425576210021973,-0.012457567267119884,0.0,0.0,-0.012457567267119884,0.0018062591552734375,-0.014263826422393322,0.07795867323875427,0.0,1.1937297582626343,0.4130569398403168,2.277153491973877,0.0
0,73,None,False,"130,31,121,45,133,43,74,64,30,24",1.037360668182373,-2.057175636291504,-0.8722110986709595,-0.9126673340797424,7.999392509460449,3.2379791736602783,0.009528189897537231,0.0,0.0,0.009528189897537231,0.005572676658630371,0.00395551323890686,0.5157417058944702,0.0,1.466460108757019,0.4238240122795105,2.277153491973877,0.0
0,74,None,False,"130,31,121,45,133,43,74,64,30,24",1.0389785766601562,-2.2145395278930664,-0.9487056732177734,-0.7457548975944519,7.99928617477417,4.37439489364624,0.009880530647933483,0.0,0.0,0.009880530647933483,0.004398941993713379,0.005481588654220104,0.3555355370044708,0.0,1.277674913406372,0.438554972410202,2.277153491973877,0.0
0,75,None,False,"130,31,121,45,133,43,74,64,30,24",1.03730309009552,-2.337876081466675,-1.0175966024398804,-0.8700231313705444,7.99907112121582,5.026269912719727,0.0005308091640472412,0.0,0.0,0.0005308091640472412,-0.0015183687210083008,0.002049177885055542,0.4461733102798462,0.0,1.2762612104415894,0.4313274621963501,2.277153491973877,0.0
0,76,None,False,"130,31,121,45,133,43,74,64,30,24",1.1380339860916138,-1.7900224924087524,-1.0635952949523926,-1.0846304893493652,7.999250888824463,6.622413635253906,-0.008931743912398815,0.0,0.0,-0.008931743912398815,0.006647944450378418,-0.015579688362777233,0.0552746020257473,0.0,1.2537946701049805,0.4783785939216614,2.277153491973877,0.0
0,77,None,False,"130,31,121,45,133,43,74,64,30,24",1.0025649070739746,-2.045903444290161,-1.0401585102081299,-0.8858436346054077,7.999239444732666,4.762864112854004,-0.0023492216132581234,0.0,0.0,-0.0023492216132581234,0.0070334672927856445,-0.009382689371705055,0.19723285734653473,0.0,1.3978124856948853,0.5258424282073975,2.277153491973877,0.0
0,78,None,False,"130,31,121,45,133,43,74,64,30,24",1.0383250713348389,-1.7629045248031616,-0.7378460764884949,-0.9261463284492493,7.999524116516113,3.829172134399414,-0.02217341586947441,0.0,0.0,-0.02217341586947441,-0.0009615421295166016,-0.02121187373995781,0.14656953513622284,0.0,1.2314841747283936,0.474702388048172,2.277153491973877,0.0
0,79,None,False,"130,31,121,45,133,43,74,64,30,24",1.056138277053833,-1.852507472038269,-0.9644688963890076,-0.968204915523529,7.999085903167725,3.939307928085327,-0.01707681454718113,0.0,0.0,-0.01707681454718113,-0.0026592016220092773,-0.014417612925171852,0.135908305644989,0.0,1.144023060798645,0.5460335612297058,2.277153491973877,0.0
0,80,None,False,"130,31,121,45,133,43,74,64,30,24",1.0851019620895386,-1.933938980102539,-0.986545205116272,-0.8443071246147156,7.999251842498779,4.945692539215088,-0.0278046615421772,0.0,0.0,-0.0278046615421772,-0.009316205978393555,-0.018488455563783646,0.18920566141605377,0.0,1.1633450984954834,0.5195640325546265,2.277153491973877,0.0
0,81,None,False,"130,31,121,45,133,43,74,64,30,24",1.0462170839309692,-1.8517651557922363,-1.1500238180160522,-0.719908595085144,7.999327659606934,3.7678041458129883,-0.035563480108976364,0.0,0.0,-0.035563480108976364,-0.024122655391693115,-0.011440824717283249,0.30601704120635986,0.0,1.2318497896194458,0.4181976914405823,2.277153491973877,0.0
0,82,None,False,"130,31,121,45,133,43,74,64,30,24",0.9947801232337952,-1.94070565700531,-0.8867495059967041,-0.9802622199058533,7.999514579772949,3.660179615020752,-0.028617877513170242,0.0,0.0,-0.028617877513170242,-0.022385001182556152,-0.00623287633061409,0.11378331482410431,0.0,1.3555155992507935,0.507792055606842,2.277153491973877,0.0
0,83,None,False,"130,31,121,45,133,43,74,64,30,24",1.0414961576461792,-1.9662766456604004,-0.9860352873802185,-0.8892441391944885,7.999383449554443,4.599080562591553,-0.016746139153838158,0.0,0.0,-0.016746139153838158,-0.009826838970184326,-0.0069193001836538315,0.42822879552841187,0.0,1.1948381662368774,0.5391640067100525,2.277153491973877,0.0
0,84,Schedule,True,"67,42,101,55,27,118,48,3,97,94",1.1019612550735474,-1.955896019935608,-0.94626784324646,-0.6910176873207092,7.9991559982299805,5.539933681488037,0.010222053155303001,0.056666666666666664,0.20666666666666664,-0.2531112730503082,-0.012758016586303711,-0.24035325646400452,-2.1439099311828613,-10.691645622253418,1.0742024183273315,0.48940733075141907,2.277153491973877,0.0
0,85,None,False,"67,42,101,55,27,118,48,3,97,94",1.1091500520706177,-2.0066967010498047,-0.9638015627861023,-0.794506847858429,7.999224662780762,4.249151706695557,0.008142220787703991,0.0,0.0,0.008142220787703991,-0.0033302903175354004,0.011472511105239391,0.4420468807220459,0.0,0.9045963883399963,0.4055374264717102,2.277153491973877,0.0
0,86,Struct Break (DC),True,"15,51,10,73,89,78,126,124,61,131",1.090647578239441,-2.0618767738342285,-1.0603466033935547,-0.7964175939559937,7.999296188354492,2.8587357997894287,-0.003555548144504428,0.056666666666666664,0.20666666666666664,-0.26688888669013977,0.003488302230834961,-0.27037718892097473,-3.583603858947754,-17.837871551513672,1.1517069339752197,0.35357898473739624,2.277153491973877,0.0
0,87,None,False,"15,51,10,73,89,78,126,124,61,131",1.0609219074249268,-2.187671184539795,-1.048214077949524,-0.8186334371566772,7.999238967895508,4.314155578613281,-0.007361930795013905,0.0,0.0,-0.007361930795013905,-0.0020132064819335938,-0.005348724313080311,0.312736839056015,0.0,0.942962110042572,0.4174698293209076,2.277153491973877,0.0
0,88,None,False,"15,51,10,73,89,78,126,124,61,131",1.0014829635620117,-1.9770164489746094,-1.0278104543685913,-1.0795207023620605,7.999114513397217,5.662237167358398,-0.0014674663543701172,0.0,0.0,-0.0014674663543701172,-0.00047528743743896484,-0.0009921789169311523,0.3043922483921051,0.0,0.9041892290115356,0.42553776502609253,2.277153491973877,0.0
0,89,None,False,"15,51,10,73,89,78,126,124,61,131",1.0093700885772705,-1.5391628742218018,-1.038553237915039,-0.8025557994842529,7.998905658721924,6.944494724273682,0.010334456339478493,0.0,0.0,0.010334456339478493,0.014002442359924316,-0.0036679860204458237,0.2607772648334503,0.0,1.0736302137374878,0.44196271896362305,2.277153491973877,0.0
0,90,None,False,"15,51,10,73,89,78,126,124,61,131",1.060959815979004,-2.127614736557007,-0.960871696472168,-0.8207432627677917,7.99936580657959,5.980027675628662,0.00047830940457060933,0.0,0.0,0.00047830940457060933,0.012392759323120117,-0.011914449743926525,0.03552437946200371,0.0,1.0364508628845215,0.35530462861061096,2.277153491973877,0.0
0,91,None,False,"15,51,10,73,89,78,126,124,61,131",1.0444421768188477,-1.7652815580368042,-0.8558892011642456,-0.9854341745376587,7.999435901641846,3.4245879650115967,0.006997573189437389,0.0,0.0,0.006997573189437389,0.020910978317260742,-0.013913405127823353,0.18068671226501465,0.0,1.0427950620651245,0.3833540678024292,2.277153491973877,0.0
0,92,None,False,"15,51,10,73,89,78,126,124,61,131",0.9834372997283936,-2.1917107105255127,-1.2548565864562988,-0.709321141242981,7.999126434326172,4.355597496032715,0.01968710497021675,0.0,0.0,0.01968710497021675,0.024500489234924316,-0.004813384264707565,0.34534502029418945,0.0,1.0248541831970215,0.2640611529350281,2.277153491973877,0.0
0,93,None,False,"15,51,10,73,89,78,126,124,61,131",1.1225208044052124,-1.775902509689331,-0.8198646306991577,-1.209637999534607,7.999447822570801,5.126010894775391,0.01627069152891636,0.0,0.0,0.01627069152891636,0.020259499549865723,-0.003988808020949364,0.286060094833374,0.0,0.8832476139068604,0.3363437056541443,2.277153491973877,0.0
0,94,None,False,"15,51,10,73,89,78,126,124,61,131",0.9851235747337341,-2.1667256355285645,-0.8655093312263489,-1.042435884475708,7.999486446380615,5.682395935058594,0.010269147343933582,0.0,0.0,0.010269147343933582,0.016449689865112305,-0.006180542521178722,0.2834476828575134,0.0,1.0084413290023804,0.32930973172187805,2.277153491973877,0.0
0,95,None,False,"15,51,10,73,89,78,126,124,61,131",1.0320299863815308,-2.0630815029144287,-1.0906225442886353,-0.8166878819465637,7.999325752258301,4.231825351715088,0.034607887268066406,0.0,0.0,0.034607887268066406,0.03040170669555664,0.004206180572509766,0.4509948194026947,0.0,0.778896689414978,0.33080223202705383,2.277153491973877,0.0
0,96,None,False,"15,51,10,73,89,78,126,124,61,131",1.0635749101638794,-2.1717729568481445,-1.0464982986450195,-1.0675950050354004,7.999377250671387,3.823709487915039,0.03828420117497444,0.0,0.0,0.03828420117497444,0.03037583827972412,0.00790836289525032,0.3125404417514801,0.0,0.7446393966674805,0.2926023602485657,2.277153491973877,0.0
0,97,None,False,"15,51,10,73,89,78,126,124,61,131",1.0222382545471191,-2.2324373722076416,-1.1238322257995605,-1.10465407371521,7.999030113220215,4.942314624786377,0.018755584955215454,0.0,0.0,0.018755584955215454,0.029688239097595215,-0.01093265414237976,0.31666335463523865,0.0,0.5651777982711792,0.23083500564098358,2.277153491973877,0.0
0,98,None,False,"15,51,10,73,89,78,126,124,61,131",1.0839869976043701,-1.6999115943908691,-1.0869485139846802,-0.812443733215332,7.9992265701293945,5.889776706695557,0.03086606226861477,0.0,0.0,0.03086606226861477,0.033661723136901855,-0.0027956608682870865,0.3425939381122589,0.0,0.5952825546264648,0.33705347776412964,2.277153491973877,0.0
0,99,None,False,"15,51,10,73,89,78,126,124,61,131",1.067873239517212,-2.0893421173095703,-1.0270155668258667,-0.8693442940711975,7.999345302581787,3.753966808319092,0.035851407796144485,0.0,0.0,0.035851407796144485,0.04076051712036133,-0.004909109324216843,0.3608553409576416,0.0,0.7236974239349365,0.37170958518981934,2.277153491973877,0.0
0,100,Schedule,True,"22,126,30,108,37,77,60,53,33,117",1.0462528467178345,-1.8556571006774902,-1.017066478729248,-1.0641928911209106,7.998930931091309,4.871823787689209,0.011359232477843761,0.05099999864896138,0.18599999507268267,-0.22564075887203217,0.023769617080688477,-0.24941037595272064,-2.989640951156616,-14.87646198272705,0.712981104850769,0.29368776082992554,2.277153491973877,0.0
0,101,None,False,"22,126,30,108,37,77,60,53,33,117",1.080021858215332,-2.334049940109253,-1.0082277059555054,-0.9574726223945618,7.998960971832275,6.093924522399902,0.0038115798961371183,0.0,0.0,0.0038115798961371183,0.021952509880065918,-0.01814093068242073,-0.12785764038562775,0.0,0.6917285919189453,0.3115517497062683,2.277153491973877,0.0
0,102,None,False,"22,126,30,108,37,77,60,53,33,117",0.9911490678787231,-2.181792736053467,-1.0764271020889282,-0.899348258972168,7.999296188354492,4.651669502258301,0.004785758443176746,0.0,0.0,0.004785758443176746,0.011499404907226562,-0.006713646464049816,0.1753063201904297,0.0,0.6942622661590576,0.2939029932022095,2.277153491973877,0.0
0,103,None,False,"22,126,30,108,37,77,60,53,33,117",1.041507601737976,-1.839040756225586,-0.9799153804779053,-1.0914013385772705,7.999172687530518,5.250237464904785,0.017116164788603783,0.0,0.0,0.017116164788603783,0.011912226676940918,0.005203938111662865,0.535606861114502,0.0,0.7964437007904053,0.2867157459259033,2.277153491973877,0.0
0,104,None,False,"22,126,30,108,37,77,60,53,33,117",1.0368884801864624,-1.9298675060272217,-0.9790372848510742,-0.932498037815094,7.999368667602539,3.57836651802063,0.014233541674911976,0.0,0.0,0.014233541674911976,0.004590034484863281,0.009643507190048695,0.4587063789367676,0.0,0.7476118803024292,0.3534049987792969,2.277153491973877,0.0
0,105,None,False,"22,126,30,108,37,77,60,53,33,117",1.0295156240463257,-2.141369104385376,-1.1011600494384766,-0.734624445438385,7.999151229858398,4.88120698928833,0.006716495845466852,0.0,0.0,0.006716495845466852,0.004304409027099609,0.002412086818367243,0.31878578662872314,0.0,0.708885908126831,0.37680506706237793,2.277153491973877,0.0
0,106,None,False,"22,126,30,108,37,77,60,53,33,117",1.033735752105713,-1.8863016366958618,-0.9874879121780396,-1.112302541732788,7.999584674835205,5.450735092163086,0.03190113231539726,0.0,0.0,0.03190113231539726,0.011382818222045898,0.020518314093351364,0.5809692740440369,0.0,0.6928937435150146,0.3850478529930115,2.277153491973877,0.0
0,107,None,False,"22,126,30,108,37,77,60,53,33,117",1.107239007949829,-1.9897100925445557,-1.0170183181762695,-1.0821032524108887,7.9992523193359375,3.808255434036255,0.035924218595027924,0.0,0.0,0.035924218595027924,0.028179168701171875,0.007745049893856049,0.4559408724308014,0.0,0.8068435192108154,0.3823903799057007,2.277153491973877,0.0
0,108,None,False,"22,126,30,108,37,77,60,53,33,117",1.0818538665771484,-1.95063054561615,-1.099716067314148,-0.8600447177886963,7.99932861328125,3.75042462348938,0.027225876227021217,0.0,0.0,0.027225876227021217,0.022061705589294434,0.005164170637726784,0.41704845428466797,0.0,0.7393680810928345,0.35477468371391296,2.277153491973877,0.0
0,109,None,False,"22,126,30,108,37,77,60,53,33,117",0.9782825708389282,-2.003469467163086,-1.1512784957885742,-0.9413615465164185,7.999258995056152,4.0268235206604,0.0238206684589386,0.0,0.0,0.0238206684589386,0.02290356159210205,0.0009171068668365479,0.24294576048851013,0.0,0.8119427561759949,0.41200557351112366,2.277153491973877,0.0
0,110,None,False,"22,126,30,108,37,77,60,53,33,117",1.0205034017562866,-1.9461818933486938,-0.8753204345703125,-0.9252975583076477,7.99935245513916,4.001038074493408,0.014735233969986439,0.0,0.0,0.014735233969986439,0.014943480491638184,-0.00020824652165174484,-0.11040688306093216,0.0,0.7036181688308716,0.3448934853076935,2.277153491973877,0.0
0,111,None,False,"22,126,30,108,37,77,60,53,33,117",1.0386813879013062,-2.127530574798584,-0.9999116659164429,-0.9799618721008301,7.999363422393799,2.6731231212615967,0.0014200567966327071,0.0,0.0,0.0014200567966327071,0.005183577537536621,-0.003763520624488592,0.2381293922662735,0.0,0.7063751816749573,0.36567944288253784,2.277153491973877,0.0
0,112,None,False,"22,126,30,108,37,77,60,53,33,117",1.0644010305404663,-1.9261856079101562,-1.1169676780700684,-0.9268819689750671,7.99893045425415,3.913707971572876,-0.0035178721882402897,0.0,0.0,-0.0035178721882402897,0.0015915632247924805,-0.00510943541303277,0.2516726553440094,0.0,0.610789954662323,0.31895801424980164,2.277153491973877,0.0
0,113,None,False,"22,126,30,108,37,77,60,53,33,117",1.0026057958602905,-2.0109643936157227,-1.0687603950500488,-0.8287451267242432,7.999522686004639,4.263896942138672,-0.0013891219859942794,0.0,0.0,-0.0013891219859942794,0.0036797523498535156,-0.005068874452263117,0.267103374004364,0.0,0.5618681907653809,0.2388056218624115,2.277153491973877,0.0
0,114,Schedule,True,"137,130,93,78,121,120,21,109,54,81",0.9746071100234985,-2.0506465435028076,-1.1243363618850708,-1.1126443147659302,7.99922513961792,5.881374359130859,0.006443798542022705,0.056666666666666664,0.20666666666666664,-0.2568895220756531,0.005321025848388672,-0.26221054792404175,-2.8624517917633057,-14.245401382446289,0.5188367366790771,0.2778908312320709,2.277153491973877,0.0
0,115,None,False,"137,130,93,78,121,120,21,109,54,81",1.0745161771774292,-1.8617801666259766,-0.9447610974311829,-0.9801032543182373,7.999497413635254,5.1243414878845215,0.023853396996855736,0.0,0.0,0.023853396996855736,0.024676084518432617,-0.0008226875215768814,0.31607183814048767,0.0,0.5153489708900452,0.2925422787666321,2.277153491973877,0.0
0,116,None,False,"137,130,93,78,121,120,21,109,54,81",1.0315696001052856,-2.1008992195129395,-1.0957200527191162,-0.9333547353744507,7.999366760253906,4.2948198318481445,0.03532906621694565,0.0,0.0,0.03532906621694565,0.031354427337646484,0.003974638879299164,0.31901562213897705,0.0,0.552756667137146,0.2280634343624115,2.277153491973877,0.0
0,117,None,False,"137,130,93,78,121,120,21,109,54,81",1.028954029083252,-1.865430474281311,-0.8548111319541931,-0.8257464170455933,7.999285697937012,4.727530479431152,0.03210676461458206,0.0,0.0,0.03210676461458206,0.026105642318725586,0.006001122295856476,0.4616018831729889,0.0,0.4984476566314697,0.2300783097743988,2.277153491973877,0.0
0,118,None,False,"137,130,93,78,121,120,21,109,54,81",1.0719488859176636,-2.1637158393859863,-1.0828642845153809,-0.7548284530639648,7.999096393585205,5.577439785003662,0.019687796011567116,0.0,0.0,0.019687796011567116,0.02117002010345459,-0.001482224091887474,0.307956337928772,0.0,0.41721510887145996,0.23442815244197845,2.277153491973877,0.0
0,119,None,False,"137,130,93,78,121,120,21,109,54,81",1.0569157600402832,-2.1135666370391846,-0.8320010304450989,-0.9575259685516357,7.999346733093262,3.5292041301727295,0.016944164410233498,0.0,0.0,0.016944164410233498,0.011930704116821289,0.0050134602934122086,0.39940357208251953,0.0,0.4296400845050812,0.24041472375392914,2.277153491973877,0.0
0,120,None,False,"137,130,93,78,121,120,21,109,54,81",1.0720713138580322,-2.088773012161255,-1.1268608570098877,-0.8925527334213257,7.999068260192871,4.68834114074707,0.018028074875473976,0.0,0.0,0.018028074875473976,0.009580612182617188,0.008447462692856789,0.5012136697769165,0.0,0.3840693533420563,0.24878659844398499,2.277153491973877,0.0
0,121,None,False,"137,130,93,78,121,120,21,109,54,81",1.11568021774292,-1.9321253299713135,-0.6482557058334351,-1.2633473873138428,7.99949312210083,5.241611957550049,0.012301182374358177,0.0,0.0,0.012301182374358177,0.008851408958435059,0.0034497734159231186,0.4320502281188965,0.0,0.37905627489089966,0.23582643270492554,2.277153491973877,0.0
0,122,None,False,"137,130,93,78,121,120,21,109,54,81",1.0678006410598755,-2.109515428543091,-1.1591700315475464,-0.8522581458091736,7.999438285827637,4.9444355964660645,0.012812095694243908,0.0,0.0,0.012812095694243908,0.009927153587341309,0.0028849421069025993,0.36669468879699707,0.0,0.5018488168716431,0.23848196864128113,2.277153491973877,0.0
0,123,None,False,"137,130,93,78,121,120,21,109,54,81",1.076703667640686,-2.0601203441619873,-1.1333975791931152,-0.6734771728515625,7.9991631507873535,3.866074323654175,0.014848476275801659,0.0,0.0,0.014848476275801659,0.014465689659118652,0.0003827866166830063,0.2847957909107208,0.0,0.5068549513816833,0.22933277487754822,2.277153491973877,0.0
0,124,None,False,"137,130,93,78,121,120,21,109,54,81",0.9798837304115295,-1.9984372854232788,-1.13783860206604,-0.8951343297958374,7.999320030212402,5.407378673553467,0.026531273499131203,0.0,0.0,0.026531273499131203,0.02477264404296875,0.0017586294561624527,0.24736955761909485,0.0,0.5878097414970398,0.22722744941711426,2.277153491973877,0.0
0,125,None,False,"137,130,93,78,121,120,21,109,54,81",1.0639522075653076,-1.95712149143219,-1.0486268997192383,-0.8868325352668762,7.999345302581787,4.06646728515625,0.030651962384581566,0.0,0.0,0.030651962384581566,0.024372220039367676,0.00627974234521389,0.4151574671268463,0.0,0.48098787665367126,0.2078583538532257,2.277153491973877,0.0
0,126,None,False,"137,130,93,78,121,120,21,109,54,81",0.9100497961044312,-2.160597801208496,-1.1587293148040771,-0.95143061876297,7.999408721923828,4.990722179412842,0.03624711558222771,0.0,0.0,0.03624711558222771,0.015082478523254395,0.021164637058973312,0.7114913463592529,0.0,0.5894536375999451,0.2508560121059418,2.277153491973877,0.0
0,127,None,False,"137,130,93,78,121,120,21,109,54,81",1.0335867404937744,-2.2996742725372314,-1.0179978609085083,-1.0107189416885376,7.999046325683594,6.050793647766113,0.07181322574615479,0.0,0.0,0.07181322574615479,0.02168118953704834,0.050132036209106445,0.9927881360054016,0.0,0.651047945022583,0.25436046719551086,2.277153491973877,0.0
