batch_idx,timestep,trigger,rebalanced,selected_stocks,risk_eta,dir_logit_bear,dir_logit_side,dir_logit_bull,c_mkt_norm,c_mkt_diff,raw_return,turnover_penalty,symdiff_penalty,net_reward,baseline,advantage,advantage_norm,pg_loss,risk_loss,dir_loss,grad_norm,skipped_update
0,0,Schedule | Regime Shift (Initial),True,"30,108,58,66,115,37,97,18,10,50",1.097214698791504,-1.872305154800415,-1.294331431388855,-0.6066930294036865,7.999809265136719,0.0,0.017299849539995193,0.0,0.0,0.017299849539995193,0.014465689659118652,0.002834159880876541,0.21840408444404602,1.0336443185806274,0.5373024344444275,0.3415454030036926,2.7323880195617676,0.0
0,1,None,False,"30,108,58,66,115,37,97,18,10,50",1.0555037260055542,-2.3261375427246094,-1.3491909503936768,-0.7201536893844604,7.999699592590332,5.836601734161377,0.022216135635972023,0.0,0.0,0.022216135635972023,0.02477264404296875,-0.002556508406996727,0.2526279091835022,0.0,0.7775317430496216,0.33278363943099976,2.7323880195617676,0.0
0,2,None,False,"30,108,58,66,115,37,97,18,10,50",1.1470296382904053,-1.7635295391082764,-1.032224416732788,-0.9866312742233276,7.999752998352051,5.477145671844482,0.023660147562623024,0.0,0.0,0.023660147562623024,0.024372220039367676,-0.0007120724767446518,0.07750744372606277,0.0,0.782505214214325,0.4259617328643799,2.7323880195617676,0.0
0,3,None,False,"30,108,58,66,115,37,97,18,10,50",1.1106913089752197,-2.1712398529052734,-1.356170892715454,-0.5764526128768921,7.999764919281006,4.7769880294799805,0.023348737508058548,0.0,0.0,0.023348737508058548,0.015082478523254395,0.008266258984804153,0.3478798568248749,0.0,0.9469917416572571,0.4146231412887573,2.7323880195617676,0.0
0,4,None,False,"30,108,58,66,115,37,97,18,10,50",1.10103178024292,-1.9917937517166138,-0.9453569650650024,-0.7399579286575317,7.999765396118164,6.085535526275635,0.039367884397506714,0.0,0.0,0.039367884397506714,0.02168118953704834,0.017686694860458374,0.5306731462478638,0.0,0.9215143322944641,0.4501801133155823,2.7323880195617676,0.0
0,5,None,False,"30,108,58,66,115,37,97,18,10,50",1.089285969734192,-1.95693039894104,-1.1551626920700073,-0.7204703688621521,7.999819755554199,4.428886413574219,0.036213796585798264,0.0,0.0,0.036213796585798264,0.021342158317565918,0.014871638268232346,0.5489654541015625,0.0,0.9653037190437317,0.4663454592227936,2.7323880195617676,0.0
0,6,None,False,"30,108,58,66,115,37,97,18,10,50",1.0912024974822998,-1.9722075462341309,-1.2640182971954346,-0.6844443082809448,7.999764919281006,2.9181463718414307,0.04929779842495918,0.0,0.0,0.04929779842495918,0.016625165939331055,0.03267263248562813,0.8655757904052734,0.0,0.9765889644622803,0.46007248759269714,2.7323880195617676,0.0
0,7,None,False,"30,108,58,66,115,37,97,18,10,50",1.139158844947815,-1.7945685386657715,-0.8595848083496094,-0.8378785848617554,7.999819755554199,4.030028820037842,0.022729117423295975,0.0,0.0,0.022729117423295975,0.004214882850646973,0.018514234572649002,0.7005626559257507,0.0,0.8842052221298218,0.44171279668807983,2.7323880195617676,0.0
0,8,None,False,"30,108,58,66,115,37,97,18,10,50",1.103594183921814,-1.9049893617630005,-0.9598434567451477,-0.8357726335525513,7.999817371368408,3.9236133098602295,0.021245384588837624,0.0,0.0,0.021245384588837624,0.010186076164245605,0.011059308424592018,0.42455923557281494,0.0,0.9789190292358398,0.4691121578216553,2.7323880195617676,0.0
0,9,None,False,"30,108,58,66,115,37,97,18,10,50",1.0948517322540283,-2.0178160667419434,-1.3430966138839722,-0.5214440822601318,7.999823093414307,4.490980625152588,0.010912900790572166,0.0,0.0,0.010912900790572166,0.008364081382751465,0.0025488194078207016,0.23327110707759857,0.0,1.0160138607025146,0.5292247533798218,2.7323880195617676,0.0
0,10,None,False,"30,108,58,66,115,37,97,18,10,50",1.1444635391235352,-2.195831060409546,-1.298495888710022,-0.7490862011909485,7.9997382164001465,4.28594446182251,0.00538784870877862,0.0,0.0,0.00538784870877862,0.007823944091796875,-0.0024360953830182552,0.28895026445388794,0.0,1.082064151763916,0.5119435787200928,2.7323880195617676,0.0
0,11,None,False,"30,108,58,66,115,37,97,18,10,50",1.102568507194519,-2.1244213581085205,-1.116698980331421,-0.6728459596633911,7.999795913696289,4.440526008605957,-0.0007440865156240761,0.0,0.0,-0.0007440865156240761,0.008397698402404785,-0.009141785092651844,0.12749885022640228,0.0,1.0292203426361084,0.45100730657577515,2.7323880195617676,0.0
0,12,None,False,"30,108,58,66,115,37,97,18,10,50",0.9827062487602234,-1.8309881687164307,-1.225964069366455,-0.7242769002914429,7.9996514320373535,6.619480133056641,0.016153043136000633,0.0,0.0,0.016153043136000633,0.016896486282348633,-0.0007434431463479996,0.29368916153907776,0.0,0.99868243932724,0.4357810616493225,2.7323880195617676,0.0
0,13,None,False,"30,108,58,66,115,37,97,18,10,50",1.117532730102539,-1.914339303970337,-1.1793962717056274,-0.5427526235580444,7.999800205230713,7.529566764831543,0.013594090938568115,0.0,0.0,0.013594090938568115,0.023203611373901367,-0.009609520435333252,0.24960385262966156,0.0,1.1743961572647095,0.5085219740867615,2.7323880195617676,0.0
0,14,Schedule,True,"68,76,133,131,100,92,55,6,118,19",1.047956109046936,-1.8469995260238647,-0.6718965172767639,-0.8386703729629517,7.999707221984863,7.033875942230225,0.029770631343126297,0.10333333333333332,0.11333333333333333,-0.18689602613449097,0.02707076072692871,-0.21396678686141968,-0.891181468963623,-4.475827693939209,1.131675362586975,0.4416210651397705,2.7323880195617676,0.0
0,15,None,False,"68,76,133,131,100,92,55,6,118,19",1.0703728199005127,-1.9297208786010742,-1.1288938522338867,-0.7058850526809692,7.999813556671143,4.996613502502441,0.010034906677901745,0.0,0.0,0.010034906677901745,0.01188671588897705,-0.001851809211075306,0.1602431982755661,0.0,0.9077885746955872,0.38359886407852173,2.7323880195617676,0.0
0,16,None,False,"68,76,133,131,100,92,55,6,118,19",1.0612986087799072,-2.032231092453003,-1.2928566932678223,-0.6639869213104248,7.999768257141113,2.9832935333251953,-0.006671100854873657,0.0,0.0,-0.006671100854873657,-0.0051239728927612305,-0.0015471279621124268,0.16600577533245087,0.0,0.8221360445022583,0.38141220808029175,2.7323880195617676,0.0
0,17,None,False,"68,76,133,131,100,92,55,6,118,19",1.0690959692001343,-1.8190172910690308,-1.1419532299041748,-0.6092207431793213,7.999793529510498,4.40626859664917,-0.007975715212523937,0.0,0.0,-0.007975715212523937,-0.0038726329803466797,-0.0041030822321772575,0.16470608115196228,0.0,0.7501517534255981,0.3148091733455658,2.7323880195617676,0.0
0,18,None,False,"68,76,133,131,100,92,55,6,118,19",1.0728803873062134,-1.9984583854675293,-1.1935771703720093,-0.5803364515304565,7.999768257141113,3.343320369720459,-0.022889811545610428,0.0,0.0,-0.022889811545610428,-0.007268011569976807,-0.015621799975633621,0.1992226392030716,0.0,0.7256238460540771,0.3807080388069153,2.7323880195617676,0.0
0,19,None,False,"68,76,133,131,100,92,55,6,118,19",1.0685572624206543,-1.9361761808395386,-1.2167587280273438,-0.8362340927124023,7.999818325042725,5.064361572265625,-0.03542066365480423,0.0,0.0,-0.03542066365480423,-0.012857675552368164,-0.022562988102436066,0.05134560167789459,0.0,0.810803234577179,0.4043163061141968,2.7323880195617676,0.0
0,20,None,False,"68,76,133,131,100,92,55,6,118,19",1.0897201299667358,-1.9577915668487549,-1.2336277961730957,-0.7345253229141235,7.999815940856934,3.2036452293395996,-0.025387877598404884,0.0,0.0,-0.025387877598404884,-0.0015456080436706543,-0.02384226955473423,-0.23295362293720245,0.0,0.6979683041572571,0.3090686798095703,2.7323880195617676,0.0
0,21,None,False,"68,76,133,131,100,92,55,6,118,19",1.0175113677978516,-2.015591621398926,-1.3823211193084717,-0.7287914752960205,7.999765872955322,4.482232570648193,-0.022889334708452225,0.0,0.0,-0.022889334708452225,-0.003858029842376709,-0.019031304866075516,-0.321653813123703,0.0,0.700206458568573,0.3966909945011139,2.7323880195617676,0.0
0,22,None,False,"68,76,133,131,100,92,55,6,118,19",0.9465142488479614,-2.112285852432251,-1.1602636575698853,-0.6820327043533325,7.999636650085449,7.127082347869873,-0.01649222895503044,0.0,0.0,-0.01649222895503044,-0.014763593673706055,-0.0017286352813243866,0.2048545926809311,0.0,0.7870939373970032,0.380375474691391,2.7323880195617676,0.0
0,23,None,False,"68,76,133,131,100,92,55,6,118,19",1.1484582424163818,-1.71867835521698,-1.0134087800979614,-0.9670654535293579,7.999782085418701,7.452873706817627,-0.011940574273467064,0.0,0.0,-0.011940574273467064,-0.022024154663085938,0.010083580389618874,0.4470618963241577,0.0,0.9815151691436768,0.3904472887516022,2.7323880195617676,0.0
0,24,None,False,"68,76,133,131,100,92,55,6,118,19",1.1205235719680786,-1.874153971672058,-1.0909850597381592,-0.8100372552871704,7.999802589416504,3.0178613662719727,-0.006328475661575794,0.0,0.0,-0.006328475661575794,-0.02499157190322876,0.01866309717297554,0.5864932537078857,0.0,0.8266482353210449,0.3906901478767395,2.7323880195617676,0.0
0,25,None,False,"68,76,133,131,100,92,55,6,118,19",1.1463676691055298,-2.1140196323394775,-0.9870450496673584,-1.1332952976226807,7.999619007110596,4.408962726593018,-0.00022052526765037328,0.0,0.0,-0.00022052526765037328,-0.03321337699890137,0.03299285098910332,1.9160417318344116,0.0,0.9351550936698914,0.36585330963134766,2.7323880195617676,0.0
0,26,None,False,"68,76,133,131,100,92,55,6,118,19",1.086422085762024,-2.0492985248565674,-1.1403307914733887,-0.8995108604431152,7.999806880950928,4.8565168380737305,0.0066082836128771305,0.0,0.0,0.0066082836128771305,-0.02327960729598999,0.029887890443205833,0.9201493859291077,0.0,0.9464517831802368,0.3823493719100952,2.7323880195617676,0.0
0,27,Struct Break (DC),True,"43,14,65,138,93,124,73,91,23,84",1.0774726867675781,-2.1248390674591064,-1.1672556400299072,-0.8260108232498169,7.99979829788208,4.886358737945557,0.006848835851997137,0.10333333333333332,0.11333333333333333,-0.2098178267478943,-0.005807220935821533,-0.20401060581207275,-3.4442298412323,-17.139429092407227,0.9143790006637573,0.47256535291671753,2.7323880195617676,0.0
0,28,None,False,"43,14,65,138,93,124,73,91,23,84",1.1085059642791748,-2.165118455886841,-1.1442489624023438,-0.8950854539871216,7.999807834625244,3.5165724754333496,0.013779896311461926,0.0,0.0,0.013779896311461926,0.01138150691986084,0.0023983893916010857,0.7927616834640503,0.0,0.9760472774505615,0.44462722539901733,2.7323880195617676,0.0
0,29,None,False,"43,14,65,138,93,124,73,91,23,84",1.0127224922180176,-1.8995616436004639,-1.2535755634307861,-0.8389606475830078,7.999764919281006,3.53601336479187,0.012362843379378319,0.0,0.0,0.012362843379378319,0.01322793960571289,-0.0008650962263345718,0.23896950483322144,0.0,0.9180697202682495,0.4104447364807129,2.7323880195617676,0.0
0,30,None,False,"43,14,65,138,93,124,73,91,23,84",1.1653270721435547,-2.254081964492798,-1.1622769832611084,-0.7253851890563965,7.999782085418701,5.330060005187988,0.029603630304336548,0.0,0.0,0.029603630304336548,0.028043270111083984,0.0015603601932525635,0.17128153145313263,0.0,0.8921438455581665,0.39588236808776855,2.7323880195617676,0.0
0,31,None,False,"43,14,65,138,93,124,73,91,23,84",1.0958328247070312,-1.8092139959335327,-0.9953123331069946,-0.8661624789237976,7.999820709228516,5.056159973144531,0.026149099692702293,0.0,0.0,0.026149099692702293,0.03877890110015869,-0.012629801407456398,-0.04617984592914581,0.0,0.9050995111465454,0.37094753980636597,2.7323880195617676,0.0
0,32,None,False,"43,14,65,138,93,124,73,91,23,84",1.0430057048797607,-2.0604987144470215,-0.8418872952461243,-0.8048433065414429,7.999729156494141,5.396121501922607,0.018943315371870995,0.0,0.0,0.018943315371870995,0.030022740364074707,-0.011079424992203712,0.021282484754920006,0.0,0.645463228225708,0.3631126880645752,2.7323880195617676,0.0
0,33,None,False,"43,14,65,138,93,124,73,91,23,84",1.0913197994232178,-2.00152850151062,-1.121451735496521,-0.7986664772033691,7.999804496765137,4.474212169647217,0.011879568919539452,0.0,0.0,0.011879568919539452,0.011586308479309082,0.00029326044023036957,0.4329376816749573,0.0,0.7612038254737854,0.4084032475948334,2.7323880195617676,0.0
0,34,None,False,"43,14,65,138,93,124,73,91,23,84",1.1292685270309448,-1.8383235931396484,-1.082327961921692,-0.6942561864852905,7.999817371368408,3.0160939693450928,0.020521897822618484,0.0,0.0,0.020521897822618484,0.013164043426513672,0.007357854396104813,0.36965078115463257,0.0,0.6987829208374023,0.38691332936286926,2.7323880195617676,0.0
0,35,None,False,"43,14,65,138,93,124,73,91,23,84",1.0808067321777344,-2.225992202758789,-1.0831533670425415,-0.7386906743049622,7.999763488769531,5.171253681182861,0.02105150744318962,0.0,0.0,0.02105150744318962,0.013614773750305176,0.007436733692884445,0.4506756067276001,0.0,0.5936235189437866,0.3112896978855133,2.7323880195617676,0.0
0,36,None,False,"43,14,65,138,93,124,73,91,23,84",1.0485671758651733,-2.271430253982544,-1.2157585620880127,-0.9875894784927368,7.999800682067871,5.969277858734131,0.024406999349594116,0.0,0.0,0.024406999349594116,0.016050100326538086,0.00835689902305603,0.5219855904579163,0.0,0.5804210305213928,0.3304566740989685,2.7323880195617676,0.0
0,37,None,False,"43,14,65,138,93,124,73,91,23,84",1.1513392925262451,-2.032545328140259,-1.0810909271240234,-0.8490298390388489,7.999817848205566,4.902163028717041,0.0169520266354084,0.0,0.0,0.0169520266354084,0.013165116310119629,0.0037869103252887726,0.3851197361946106,0.0,0.557864248752594,0.3155915439128876,2.7323880195617676,0.0
0,38,None,False,"43,14,65,138,93,124,73,91,23,84",1.1047769784927368,-2.027517557144165,-1.1664950847625732,-0.7021799087524414,7.999833106994629,3.6437337398529053,0.0033951043151319027,0.0,0.0,0.0033951043151319027,-0.000662684440612793,0.004057788755744696,0.297046959400177,0.0,0.47295767068862915,0.31836891174316406,2.7323880195617676,0.0
0,39,None,False,"43,14,65,138,93,124,73,91,23,84",1.0921564102172852,-1.9395183324813843,-1.2822006940841675,-0.6522732973098755,7.999814510345459,3.301342248916626,-0.018499935045838356,0.0,0.0,-0.018499935045838356,-0.006643772125244141,-0.011856162920594215,-0.8050272464752197,0.0,0.5862499475479126,0.34449294209480286,2.7323880195617676,0.0
0,40,None,False,"43,14,65,138,93,124,73,91,23,84",1.0973801612854004,-1.991685152053833,-1.1505128145217896,-0.738006591796875,7.999730587005615,4.752010345458984,-0.02279980108141899,0.0,0.0,-0.02279980108141899,-0.01507711410522461,-0.007722686976194382,0.0995325967669487,0.0,0.5848149657249451,0.30356651544570923,2.7323880195617676,0.0
0,41,Schedule,True,"83,73,108,139,19,30,39,32,75,134",1.080143928527832,-1.8662227392196655,-1.0156745910644531,-0.8868973255157471,7.999785423278809,4.270280361175537,-0.01723431423306465,0.09299999753634133,0.10199999729792276,-0.21223430335521698,-0.013956248760223389,-0.1982780545949936,-3.744558334350586,-18.627283096313477,0.5287229418754578,0.3235008716583252,2.7323880195617676,0.0
0,42,None,False,"83,73,108,139,19,30,39,32,75,134",1.0049113035202026,-2.1696979999542236,-1.2481625080108643,-0.6955174207687378,7.999749183654785,6.479964733123779,0.001093786908313632,0.0,0.0,0.001093786908313632,-0.014081120491027832,0.015174907632172108,0.6852974891662598,0.0,0.413662850856781,0.3232857286930084,2.7323880195617676,0.0
0,43,None,False,"83,73,108,139,19,30,39,32,75,134",1.0933829545974731,-1.7620337009429932,-0.9479080438613892,-0.8139393329620361,7.9997782707214355,5.307186603546143,0.028086716309189796,0.0,0.0,0.028086716309189796,0.004176616668701172,0.023910099640488625,0.6106693148612976,0.0,0.4867899417877197,0.35425713658332825,2.7323880195617676,0.0
0,44,None,False,"83,73,108,139,19,30,39,32,75,134",1.1259162425994873,-2.0246593952178955,-1.2984224557876587,-0.8542059063911438,7.999711990356445,6.265501499176025,0.007908863015472889,0.0,0.0,0.007908863015472889,-0.005769193172454834,0.013678056187927723,0.4592698812484741,0.0,0.6067559123039246,0.338779091835022,2.7323880195617676,0.0
0,45,None,False,"83,73,108,139,19,30,39,32,75,134",1.039802074432373,-2.1057703495025635,-1.0754547119140625,-0.6738036870956421,7.999790668487549,5.155754566192627,-0.002197265625,0.0,0.0,-0.002197265625,-0.000847935676574707,-0.001349329948425293,0.26260602474212646,0.0,0.815343976020813,0.3151823878288269,2.7323880195617676,0.0
0,46,None,False,"83,73,108,139,19,30,39,32,75,134",1.085369348526001,-1.7975465059280396,-1.039855718612671,-0.8214356899261475,7.999786376953125,3.865600347518921,-0.017209535464644432,0.0,0.0,-0.017209535464644432,-0.011947154998779297,-0.005262380465865135,0.20770905911922455,0.0,0.796231746673584,0.3192509412765503,2.7323880195617676,0.0
0,47,None,False,"83,73,108,139,19,30,39,32,75,134",1.059850811958313,-2.17571759223938,-1.3853425979614258,-0.6465827822685242,7.9997382164001465,6.63611364364624,-0.03584156557917595,0.0,0.0,-0.03584156557917595,-0.015515267848968506,-0.020326297730207443,0.22990253567695618,0.0,0.7160192728042603,0.3484172821044922,2.7323880195617676,0.0
0,48,None,False,"83,73,108,139,19,30,39,32,75,134",1.0650150775909424,-2.0546681880950928,-1.039426326751709,-0.7009543180465698,7.999806880950928,5.134783744812012,-0.04929756373167038,0.0,0.0,-0.04929756373167038,-0.016587018966674805,-0.032710544764995575,-0.21505075693130493,0.0,0.7313954830169678,0.33276838064193726,2.7323880195617676,0.0
0,49,None,False,"83,73,108,139,19,30,39,32,75,134",1.1044461727142334,-1.9406592845916748,-0.9989204406738281,-0.7881244421005249,7.999773979187012,4.900691986083984,-0.026129741221666336,0.0,0.0,-0.026129741221666336,-0.003695547580718994,-0.022434193640947342,0.08271665126085281,0.0,0.5472484827041626,0.31797704100608826,2.7323880195617676,0.0
0,50,None,False,"83,73,108,139,19,30,39,32,75,134",1.0612740516662598,-1.9512602090835571,-1.114296793937683,-0.8508363962173462,7.999744415283203,5.492432117462158,-0.016273653134703636,0.0,0.0,-0.016273653134703636,-0.004838109016418457,-0.01143554411828518,0.27911534905433655,0.0,0.6807994842529297,0.3394366204738617,2.7323880195617676,0.0
0,51,Struct Break (DC),True,"66,123,52,13,93,127,40,41,30,57",1.1020065546035767,-2.155785322189331,-1.1056302785873413,-0.7255516052246094,7.999723434448242,5.259857177734375,0.009356403723359108,0.09299999753634133,0.10199999729792276,-0.18564358353614807,0.003512740135192871,-0.18915632367134094,-2.3883554935455322,-11.910747528076172,0.4429354667663574,0.3425709903240204,2.7323880195617676,0.0
0,52,None,False,"66,123,52,13,93,127,40,41,30,57",1.0565292835235596,-2.3936948776245117,-1.3933823108673096,-0.6924059987068176,7.999770164489746,5.584798336029053,0.008997445926070213,0.0,0.0,0.008997445926070213,0.00756072998046875,0.0014367159456014633,0.3394043445587158,0.0,0.645074725151062,0.3970903754234314,2.7323880195617676,0.0
0,53,None,False,"66,123,52,13,93,127,40,41,30,57",1.1265052556991577,-1.81361722946167,-1.0196294784545898,-0.7838951945304871,7.999837875366211,4.5763397216796875,0.007926160469651222,0.0,0.0,0.007926160469651222,0.007462024688720703,0.0004641357809305191,0.0905921533703804,0.0,0.6087559461593628,0.38909757137298584,2.7323880195617676,0.0
0,54,None,False,"66,123,52,13,93,127,40,41,30,57",1.1335772275924683,-2.2542059421539307,-1.1998447179794312,-0.7063009738922119,7.9997334480285645,4.041595935821533,0.009404647164046764,0.0,0.0,0.009404647164046764,0.009378194808959961,2.6452355086803436e-05,0.30029037594795227,0.0,0.541610598564148,0.3922756016254425,2.7323880195617676,0.0
0,55,None,False,"66,123,52,13,93,127,40,41,30,57",1.1118746995925903,-1.9625194072723389,-1.1173540353775024,-0.7124639749526978,7.999780654907227,3.2674975395202637,0.00894477404654026,0.0,0.0,0.00894477404654026,0.01023101806640625,-0.0012862440198659897,0.10415814071893692,0.0,0.7105099558830261,0.3996134400367737,2.7323880195617676,0.0
0,56,None,False,"66,123,52,13,93,127,40,41,30,57",1.0514609813690186,-1.9390171766281128,-0.8708940744400024,-0.7542775869369507,7.9996843338012695,4.525060176849365,0.002451431704685092,0.0,0.0,0.002451431704685092,0.006562709808349609,-0.004111277870833874,0.36261963844299316,0.0,0.8525850772857666,0.39498651027679443,2.7323880195617676,0.0
0,57,None,False,"66,123,52,13,93,127,40,41,30,57",1.1099568605422974,-1.7379705905914307,-1.1142137050628662,-0.799441397190094,7.9997758865356445,5.4943037033081055,0.008379632607102394,0.0,0.0,0.008379632607102394,0.008807897567749023,-0.00042826496064662933,0.16602030396461487,0.0,0.7786397933959961,0.3869403004646301,2.7323880195617676,0.0
0,58,None,False,"66,123,52,13,93,127,40,41,30,57",1.1359437704086304,-2.11582088470459,-1.2044649124145508,-0.8750298023223877,7.999749660491943,4.522723197937012,0.0061528743244707584,0.0,0.0,0.0061528743244707584,0.01199960708618164,-0.005846732761710882,0.06935765594244003,0.0,0.8537011742591858,0.3765496611595154,2.7323880195617676,0.0
0,59,None,False,"66,123,52,13,93,127,40,41,30,57",1.1397883892059326,-1.988663911819458,-1.1697152853012085,-0.6770834922790527,7.999787330627441,5.249928951263428,0.0038133442867547274,0.0,0.0,0.0038133442867547274,0.007746696472167969,-0.003933352418243885,0.252076655626297,0.0,0.8237683773040771,0.41555747389793396,2.7323880195617676,0.0
0,60,None,False,"66,123,52,13,93,127,40,41,30,57",1.1504884958267212,-2.123702049255371,-1.3751816749572754,-0.5969645977020264,7.999730587005615,5.661676406860352,-0.010387646965682507,0.0,0.0,-0.010387646965682507,-0.003118455410003662,-0.0072691915556788445,0.09137376397848129,0.0,0.7496353387832642,0.3647826015949249,2.7323880195617676,0.0
0,61,None,False,"66,123,52,13,93,127,40,41,30,57",1.0204378366470337,-2.223177909851074,-0.9551486968994141,-0.7202475070953369,7.999763488769531,6.949802875518799,-0.011357259936630726,0.0,0.0,-0.011357259936630726,0.001526474952697754,-0.01288373488932848,0.2720237970352173,0.0,0.8323835134506226,0.34196433424949646,2.7323880195617676,0.0
0,62,None,False,"66,123,52,13,93,127,40,41,30,57",1.1404942274093628,-2.045081615447998,-1.2715201377868652,-0.5831903219223022,7.999802112579346,5.145383358001709,-0.006741833873093128,0.0,0.0,-0.006741833873093128,0.008223414421081543,-0.014965248294174671,-0.05038795620203018,0.0,0.7716402411460876,0.423211932182312,2.7323880195617676,0.0
0,63,None,False,"66,123,52,13,93,127,40,41,30,57",1.0910648107528687,-1.826263427734375,-1.1047565937042236,-0.7535942792892456,7.999786376953125,3.942237138748169,0.004767715930938721,0.0,0.0,0.004767715930938721,0.008160829544067383,-0.003393113613128662,0.1439448595046997,0.0,0.9159897565841675,0.3288688063621521,2.7323880195617676,0.0
0,64,None,False,"66,123,52,13,93,127,40,41,30,57",1.0316317081451416,-2.4696784019470215,-1.1160482168197632,-0.8635300993919373,7.9997053146362305,6.438503265380859,0.0031550168059766293,0.0,0.0,0.0031550168059766293,0.012775182723999023,-0.009620165452361107,0.1264646351337433,0.0,0.868269145488739,0.38175493478775024,2.7323880195617676,0.0
0,65,Schedule,True,"86,5,49,128,99,85,32,102,14,97",1.1514248847961426,-2.080092191696167,-1.130918025970459,-0.794743001461029,7.999771595001221,7.489452362060547,0.02074161171913147,0.10333333333333332,0.11333333333333333,-0.1959250569343567,0.023265361785888672,-0.21919041872024536,-2.6983001232147217,-13.455799102783203,0.8155524730682373,0.39017969369888306,2.7323880195617676,0.0
0,66,None,False,"86,5,49,128,99,85,32,102,14,97",1.0887196063995361,-1.9701908826828003,-1.1928813457489014,-0.8450803160667419,7.999843597412109,5.303354263305664,0.010204458609223366,0.0,0.0,0.010204458609223366,0.015317559242248535,-0.005113100633025169,0.4454611539840698,0.0,0.771725058555603,0.31656140089035034,2.7323880195617676,0.0
0,67,None,False,"86,5,49,128,99,85,32,102,14,97",1.0829811096191406,-1.9700413942337036,-1.3008880615234375,-0.7200174331665039,7.999771595001221,3.937513589859009,-3.069639205932617e-06,0.0,0.0,-3.069639205932617e-06,0.008082151412963867,-0.0080852210521698,0.2732447385787964,0.0,0.6125394105911255,0.3450266122817993,2.7323880195617676,0.0
0,68,None,False,"86,5,49,128,99,85,32,102,14,97",1.120488166809082,-1.672865867614746,-1.147018313407898,-0.8949338793754578,7.9997453689575195,4.915483474731445,-0.0017512202030047774,0.0,0.0,-0.0017512202030047774,0.006798148155212402,-0.008549368008971214,0.32274287939071655,0.0,0.5475776195526123,0.32154378294944763,2.7323880195617676,0.0
0,69,None,False,"86,5,49,128,99,85,32,102,14,97",1.1231682300567627,-2.1581151485443115,-1.1054610013961792,-0.7122212648391724,7.999811172485352,4.27363920211792,-0.01640680432319641,0.0,0.0,-0.01640680432319641,0.00499880313873291,-0.02140560746192932,0.05091134458780289,0.0,0.731992244720459,0.34498274326324463,2.7323880195617676,0.0
0,70,None,False,"86,5,49,128,99,85,32,102,14,97",1.1087734699249268,-2.2372231483459473,-1.264051914215088,-0.5451983213424683,7.999807834625244,3.3299312591552734,-0.022959941998124123,0.0,0.0,-0.022959941998124123,0.0001621246337890625,-0.023122066631913185,0.12238293141126633,0.0,0.6924127340316772,0.4632259011268616,2.7323880195617676,0.0
0,71,None,False,"86,5,49,128,99,85,32,102,14,97",1.129957914352417,-2.006155252456665,-0.970131516456604,-0.762843132019043,7.999756336212158,4.039201259613037,-0.017581671476364136,0.0,0.0,-0.017581671476364136,0.003574967384338379,-0.021156638860702515,-0.11701435595750809,0.0,0.8301904797554016,0.5174882411956787,2.7323880195617676,0.0
0,72,None,False,"86,5,49,128,99,85,32,102,14,97",1.106845498085022,-1.9932751655578613,-1.0508193969726562,-0.8920479416847229,7.999812126159668,5.167300701141357,-0.02242112159729004,0.0,0.0,-0.02242112159729004,-0.00044661760330200195,-0.021974503993988037,-0.023617252707481384,0.0,0.8700305819511414,0.4853154420852661,2.7323880195617676,0.0
0,73,None,False,"86,5,49,128,99,85,32,102,14,97",1.1105709075927734,-2.0622808933258057,-1.103054165840149,-0.7935548424720764,7.999812126159668,3.0367724895477295,-0.029776811599731445,0.0,0.0,-0.029776811599731445,-0.004588067531585693,-0.025188744068145752,0.15944646298885345,0.0,1.0193158388137817,0.5485926866531372,2.7323880195617676,0.0
0,74,None,False,"86,5,49,128,99,85,32,102,14,97",1.1523137092590332,-2.117434024810791,-0.8865700364112854,-0.7082260251045227,7.999728202819824,4.5382843017578125,-0.02124943770468235,0.0,0.0,-0.02124943770468235,-0.004917502403259277,-0.016331935301423073,0.08251155912876129,0.0,0.9955525398254395,0.5002561211585999,2.7323880195617676,0.0
0,75,None,False,"86,5,49,128,99,85,32,102,14,97",1.0659024715423584,-2.0574564933776855,-1.142638087272644,-0.821918249130249,7.999802589416504,6.162429332733154,-0.01598304510116577,0.0,0.0,-0.01598304510116577,-0.006541609764099121,-0.00944143533706665,0.2764815092086792,0.0,1.2312830686569214,0.48418810963630676,2.7323880195617676,0.0
0,76,None,False,"86,5,49,128,99,85,32,102,14,97",1.0265370607376099,-2.249668598175049,-1.4741508960723877,-0.717902660369873,7.99968147277832,5.6838202476501465,-0.014941370114684105,0.0,0.0,-0.014941370114684105,-0.015154004096984863,0.00021263398230075836,0.3610599637031555,0.0,1.1262602806091309,0.4947139322757721,2.7323880195617676,0.0
0,77,None,False,"86,5,49,128,99,85,32,102,14,97",1.0606404542922974,-1.9358059167861938,-1.3816534280776978,-0.673987865447998,7.999797821044922,4.955811977386475,-0.0002666890504769981,0.0,0.0,-0.0002666890504769981,-0.003763914108276367,0.003497224999591708,0.3192439675331116,0.0,1.0377098321914673,0.5014837384223938,2.7323880195617676,0.0
0,78,None,False,"86,5,49,128,99,85,32,102,14,97",1.1141455173492432,-1.8203314542770386,-1.0789462327957153,-0.847402811050415,7.999807357788086,4.3542561531066895,0.0075629414059221745,0.0,0.0,0.0075629414059221745,-0.004295706748962402,0.01185864768922329,0.45165935158729553,0.0,1.019623041152954,0.520499050617218,2.7323880195617676,0.0
0,79,Schedule,True,"25,104,64,112,43,87,108,8,92,53",1.142195701599121,-2.005627393722534,-1.1063638925552368,-0.8928908109664917,7.999791145324707,4.280089855194092,-0.008894747123122215,0.10333333333333332,0.11333333333333333,-0.22556141018867493,-0.0021712183952331543,-0.22339019179344177,-5.139164447784424,-25.5623722076416,1.1938928365707397,0.45210960507392883,2.7323880195617676,0.0
0,80,None,False,"25,104,64,112,43,87,108,8,92,53",1.1090205907821655,-1.7731170654296875,-1.0701054334640503,-1.0120587348937988,7.9997358322143555,5.2626423835754395,-0.007067829370498657,0.0,0.0,-0.007067829370498657,0.004878640174865723,-0.01194646954536438,0.12075375020503998,0.0,1.058011770248413,0.5264061689376831,2.7323880195617676,0.0
0,81,None,False,"25,104,64,112,43,87,108,8,92,53",1.0978283882141113,-2.297786235809326,-0.9484195709228516,-0.8681908845901489,7.999797821044922,6.707610607147217,-0.0030299187637865543,0.0,0.0,-0.0030299187637865543,0.014352202415466309,-0.017382120713591576,-0.08255132287740707,0.0,1.2137811183929443,0.559007465839386,2.7323880195617676,0.0
0,82,None,False,"25,104,64,112,43,87,108,8,92,53",1.1474592685699463,-2.0022106170654297,-1.0821261405944824,-0.891272246837616,7.999701976776123,5.83173942565918,-0.0025702952407300472,0.0,0.0,-0.0025702952407300472,0.007866621017456055,-0.01043691672384739,0.24259021878242493,0.0,1.0684672594070435,0.5360578894615173,2.7323880195617676,0.0
0,83,None,False,"25,104,64,112,43,87,108,8,92,53",1.0648269653320312,-1.937157392501831,-0.9411735534667969,-0.8794741630554199,7.999776840209961,6.544524192810059,0.0007823586347512901,0.0,0.0,0.0007823586347512901,0.012246489524841309,-0.011464131064713001,0.05466708913445473,0.0,0.9555342197418213,0.4702970087528229,2.7323880195617676,0.0
0,84,None,False,"25,104,64,112,43,87,108,8,92,53",1.0070394277572632,-2.190408945083618,-1.425408124923706,-0.7065792679786682,7.999746322631836,6.5811686515808105,-0.0024768649600446224,0.0,0.0,-0.0024768649600446224,0.012325286865234375,-0.014802152290940285,-0.07110381871461868,0.0,0.8333867788314819,0.4698840379714966,2.7323880195617676,0.0
0,85,None,False,"25,104,64,112,43,87,108,8,92,53",1.1561777591705322,-1.682968258857727,-1.0051205158233643,-0.717345118522644,7.999748229980469,6.466522216796875,-0.00959119200706482,0.0,0.0,-0.00959119200706482,0.00862133502960205,-0.01821252703666687,0.09768141061067581,0.0,0.8074700832366943,0.3643719553947449,2.7323880195617676,0.0
0,86,None,False,"25,104,64,112,43,87,108,8,92,53",1.1265347003936768,-1.900331974029541,-1.108399748802185,-0.5914796590805054,7.999760627746582,4.211127281188965,-0.0041224719025194645,0.0,0.0,-0.0041224719025194645,0.009335637092590332,-0.01345810852944851,0.36210566759109497,0.0,0.6943682432174683,0.3907172381877899,2.7323880195617676,0.0
0,87,None,False,"25,104,64,112,43,87,108,8,92,53",1.064557433128357,-1.8728935718536377,-1.1164531707763672,-0.7190251350402832,7.999810218811035,5.464051723480225,-0.012560415081679821,0.0,0.0,-0.012560415081679821,0.0036056041717529297,-0.016166020184755325,0.06401681900024414,0.0,0.7825261950492859,0.46311789751052856,2.7323880195617676,0.0
0,88,None,False,"25,104,64,112,43,87,108,8,92,53",1.0747967958450317,-2.308124542236328,-1.2209773063659668,-0.878868043422699,7.999786376953125,4.956069469451904,-0.0157854612916708,0.0,0.0,-0.0157854612916708,0.000997304916381836,-0.016782766208052635,-0.01880025863647461,0.0,0.9371685981750488,0.4458054304122925,2.7323880195617676,0.0
0,89,None,False,"25,104,64,112,43,87,108,8,92,53",1.107582926750183,-1.7672529220581055,-1.1187025308609009,-1.131983757019043,7.999726295471191,6.33740758895874,-0.016099387779831886,0.0,0.0,-0.016099387779831886,-0.008032739162445068,-0.008066648617386818,0.30882367491722107,0.0,1.0748443603515625,0.4410788118839264,2.7323880195617676,0.0
0,90,None,False,"25,104,64,112,43,87,108,8,92,53",1.0959863662719727,-2.1820132732391357,-0.902665376663208,-0.9849464297294617,7.999769687652588,5.338835716247559,-0.019896049052476883,0.0,0.0,-0.019896049052476883,-0.02416980266571045,0.004273753613233566,0.4784969687461853,0.0,1.0650951862335205,0.4480430483818054,2.7323880195617676,0.0
0,91,None,False,"25,104,64,112,43,87,108,8,92,53",1.076594352722168,-2.2334516048431396,-1.3369114398956299,-0.7704437971115112,7.999810218811035,4.68412971496582,-0.02263237163424492,0.0,0.0,-0.02263237163424492,-0.025134384632110596,0.002502012997865677,0.2735927999019623,0.0,0.8119919896125793,0.42452770471572876,2.7323880195617676,0.0
0,92,None,False,"25,104,64,112,43,87,108,8,92,53",1.0357089042663574,-2.22575044631958,-1.4480664730072021,-0.7798407077789307,7.999621391296387,4.860054969787598,-0.023462438955903053,0.0,0.0,-0.023462438955903053,-0.020337939262390137,-0.0031244996935129166,-0.13010136783123016,0.0,0.8557308316230774,0.45331478118896484,2.7323880195617676,0.0
0,93,Schedule,True,"35,83,113,133,106,85,138,31,107,102",1.059217929840088,-1.8124934434890747,-1.0339843034744263,-0.7876050472259521,7.9997100830078125,6.315454006195068,-0.015038358978927135,0.10333333333333332,0.11333333333333333,-0.23170502483844757,-0.029116034507751465,-0.2025889903306961,-3.4653267860412598,-17.25669288635254,0.9204554557800293,0.4343191981315613,2.7323880195617676,0.0
0,94,None,False,"35,83,113,133,106,85,138,31,107,102",1.078885555267334,-2.301913022994995,-1.4461283683776855,-0.6489624977111816,7.999743938446045,6.357403755187988,0.004843664355576038,0.0,0.0,0.004843664355576038,-0.022608458995819092,0.027452122420072556,0.8455812335014343,0.0,1.0920829772949219,0.43427640199661255,2.7323880195617676,0.0
0,95,Struct Break (DC),True,"103,5,0,73,88,126,111,100,32,33",1.085793137550354,-2.0692641735076904,-1.113454818725586,-0.7066746950149536,7.999815464019775,5.526921272277832,-0.03057393990457058,0.10333333333333332,0.11333333333333333,-0.2472406029701233,-0.014813482761383057,-0.23242712020874023,-3.2985589504241943,-16.402856826782227,0.9243413805961609,0.4419217109680176,2.7323880195617676,0.0
0,96,Vol Shock,True,"140,12,26,123,106,78,134,59,2,87",1.1151409149169922,-1.8151812553405762,-0.9690661430358887,-0.8312525749206543,7.999748706817627,4.128161907196045,-0.006292796228080988,0.10333333333333332,0.11333333333333333,-0.2229594588279724,-0.02446889877319336,-0.19849056005477905,-2.460754871368408,-12.260830879211426,0.8270472288131714,0.33217304944992065,2.7323880195617676,0.0
0,97,Vol Shock,True,"86,56,87,97,60,132,4,29,34,102",1.0632193088531494,-2.0152015686035156,-1.0427744388580322,-0.8223253488540649,7.999792575836182,4.636531352996826,-0.015959108248353004,0.09299999753634133,0.10199999729792276,-0.21095910668373108,-0.026588857173919678,-0.1843702495098114,-2.3471763134002686,-11.699981689453125,0.6367107629776001,0.47712481021881104,2.7323880195617676,0.0
0,98,None,False,"86,56,87,97,60,132,4,29,34,102",1.0226792097091675,-1.9329898357391357,-1.237647294998169,-0.7379447221755981,7.9997878074646,4.374847412109375,-0.021735936403274536,0.0,0.0,-0.021735936403274536,-0.025606870651245117,0.003870934247970581,0.30671197175979614,0.0,0.605852484703064,0.3773496747016907,2.7323880195617676,0.0
0,99,None,False,"86,56,87,97,60,132,4,29,34,102",1.054175615310669,-2.1314210891723633,-1.2940657138824463,-0.6279031038284302,7.999820709228516,2.87520694732666,-0.024307042360305786,0.0,0.0,-0.024307042360305786,-0.017727375030517578,-0.006579667329788208,0.10285744071006775,0.0,0.600496768951416,0.29603463411331177,2.7323880195617676,0.0
0,100,None,False,"86,56,87,97,60,132,4,29,34,102",0.99151211977005,-2.2403006553649902,-1.535085678100586,-0.9300033450126648,7.9996418952941895,5.376308441162109,0.004392468836158514,0.0,0.0,0.004392468836158514,0.004525661468505859,-0.00013319263234734535,0.4641300439834595,0.0,0.5849126577377319,0.30136826634407043,2.7323880195617676,0.0
0,101,None,False,"86,56,87,97,60,132,4,29,34,102",1.0487456321716309,-2.295962333679199,-1.0901628732681274,-0.9243113994598389,7.9997639656066895,6.325394153594971,0.03528422862291336,0.0,0.0,0.03528422862291336,0.0164564847946167,0.01882774382829666,0.6123364567756653,0.0,0.5856707096099854,0.39162012934684753,2.7323880195617676,0.0
0,102,None,False,"86,56,87,97,60,132,4,29,34,102",1.1196916103363037,-1.9472817182540894,-1.2200405597686768,-0.6830582022666931,7.999820232391357,4.725234031677246,0.031249631196260452,0.0,0.0,0.031249631196260452,0.02228415012359619,0.00896548107266426,0.5206202864646912,0.0,0.6482976078987122,0.3503355383872986,2.7323880195617676,0.0
0,103,None,False,"86,56,87,97,60,132,4,29,34,102",1.068833827972412,-1.9882862567901611,-1.1111263036727905,-0.7155055999755859,7.999842166900635,2.9461655616760254,0.035065870732069016,0.0,0.0,0.035065870732069016,0.03137040138244629,0.0036954693496227264,0.5301522612571716,0.0,0.6567440032958984,0.37987086176872253,2.7323880195617676,0.0
0,104,None,False,"86,56,87,97,60,132,4,29,34,102",1.0882642269134521,-1.8604044914245605,-1.1384495496749878,-0.6962512731552124,7.999798774719238,4.312283515930176,0.03494664281606674,0.0,0.0,0.03494664281606674,0.02662646770477295,0.008320175111293793,0.49716103076934814,0.0,0.5717379450798035,0.37428194284439087,2.7323880195617676,0.0
0,105,None,False,"86,56,87,97,60,132,4,29,34,102",1.139495849609375,-2.23110294342041,-1.1857242584228516,-0.7247645258903503,7.999744892120361,4.464849948883057,0.022343475371599197,0.0,0.0,0.022343475371599197,0.01760697364807129,0.004736501723527908,0.3250119388103485,0.0,0.6135612726211548,0.4003913700580597,2.7323880195617676,0.0
0,106,None,False,"86,56,87,97,60,132,4,29,34,102",1.128661036491394,-1.8077095746994019,-1.2490781545639038,-0.6109619140625,7.999772548675537,4.0716047286987305,-0.010274464264512062,0.0,0.0,-0.010274464264512062,0.013752222061157227,-0.02402668632566929,-0.290696918964386,0.0,0.7984839677810669,0.3960496187210083,2.7323880195617676,0.0
0,107,None,False,"86,56,87,97,60,132,4,29,34,102",1.0615284442901611,-2.20940899848938,-1.2506046295166016,-0.8130302429199219,7.999767303466797,4.762479305267334,-0.015409177169203758,0.0,0.0,-0.015409177169203758,0.014296650886535645,-0.029705828055739403,0.07499617338180542,0.0,0.7632473111152649,0.37526828050613403,2.7323880195617676,0.0
0,108,None,False,"86,56,87,97,60,132,4,29,34,102",1.0870786905288696,-2.127980947494507,-1.3733961582183838,-0.6093382835388184,7.9997663497924805,6.004746913909912,0.006885075476020575,0.0,0.0,0.006885075476020575,0.02634584903717041,-0.01946077309548855,0.1655152291059494,0.0,0.6509527564048767,0.3900289833545685,2.7323880195617676,0.0
0,109,None,False,"86,56,87,97,60,132,4,29,34,102",1.1058100461959839,-2.0646588802337646,-1.2165827751159668,-0.626014232635498,7.999820709228516,4.697439670562744,0.013154983520507812,0.0,0.0,0.013154983520507812,0.018804311752319336,-0.0056493282318115234,0.017987603321671486,0.0,0.8421540856361389,0.37881553173065186,2.7323880195617676,0.0
0,110,None,False,"86,56,87,97,60,132,4,29,34,102",1.0789802074432373,-2.025803327560425,-1.1095932722091675,-0.7615092992782593,7.99981689453125,4.0763139724731445,0.010618060827255249,0.0,0.0,0.010618060827255249,0.01586735248565674,-0.005249291658401489,0.2764059901237488,0.0,0.818591833114624,0.37985044717788696,2.7323880195617676,0.0
0,111,Schedule,True,"114,131,107,43,55,89,27,16,134,35",1.1040207147598267,-1.8815295696258545,-1.10433030128479,-0.6899341344833374,7.999723434448242,4.670430660247803,0.0035013495944440365,0.10333333333333332,0.11333333333333333,-0.2131653130054474,0.016521453857421875,-0.22968676686286926,-2.2775022983551025,-11.361893653869629,0.6990946531295776,0.38354313373565674,2.7323880195617676,0.0
0,112,None,False,"114,131,107,43,55,89,27,16,134,35",1.0678282976150513,-1.9740068912506104,-1.159650206565857,-0.6337437629699707,7.999761581420898,4.642104625701904,0.011191713623702526,0.0,0.0,0.011191713623702526,0.02142965793609619,-0.010237944312393665,-0.49890220165252686,0.0,0.7839193940162659,0.3944399058818817,2.7323880195617676,0.0
0,113,None,False,"114,131,107,43,55,89,27,16,134,35",1.1138628721237183,-1.8798942565917969,-0.9838451147079468,-0.9264668822288513,7.999756813049316,5.92812967300415,0.003249740693718195,0.0,0.0,0.003249740693718195,0.011718273162841797,-0.00846853293478489,-0.5698847770690918,0.0,0.871494472026825,0.3683032691478729,2.7323880195617676,0.0
0,114,None,False,"114,131,107,43,55,89,27,16,134,35",1.13885498046875,-1.863786220550537,-1.0113598108291626,-0.8581816554069519,7.9997687339782715,3.3477213382720947,0.017523080110549927,0.0,0.0,0.017523080110549927,0.029552221298217773,-0.012029141187667847,-0.1781923919916153,0.0,0.9316271543502808,0.37371036410331726,2.7323880195617676,0.0
0,115,None,False,"114,131,107,43,55,89,27,16,134,35",1.0394282341003418,-2.209791898727417,-1.2422337532043457,-0.6022219657897949,7.999798774719238,5.570250988006592,0.0355052724480629,0.0,0.0,0.0355052724480629,0.04352104663848877,-0.008015774190425873,-0.024798095226287842,0.0,0.8239393830299377,0.34854426980018616,2.7323880195617676,0.0
0,116,None,False,"114,131,107,43,55,89,27,16,134,35",1.1272140741348267,-1.8449662923812866,-1.0780599117279053,-0.7901757955551147,7.999747276306152,5.554381370544434,0.04205668717622757,0.0,0.0,0.04205668717622757,0.038637518882751465,0.0034191682934761047,0.39191868901252747,0.0,0.8599892854690552,0.39004769921302795,2.7323880195617676,0.0
0,117,None,False,"114,131,107,43,55,89,27,16,134,35",1.1151286363601685,-1.8795510530471802,-0.8898834586143494,-0.7642443776130676,7.999819278717041,4.110166072845459,0.035959791392087936,0.0,0.0,0.035959791392087936,0.03984260559082031,-0.003882814198732376,0.4684934616088867,0.0,0.7784438729286194,0.36100900173187256,2.7323880195617676,0.0
0,118,None,False,"114,131,107,43,55,89,27,16,134,35",1.1108386516571045,-2.1013712882995605,-0.8976693153381348,-0.9294531941413879,7.999772548675537,3.5067386627197266,0.03571360185742378,0.0,0.0,0.03571360185742378,0.04086744785308838,-0.0051538459956645966,0.4313429296016693,0.0,0.8684308528900146,0.35628870129585266,2.7323880195617676,0.0
0,119,None,False,"114,131,107,43,55,89,27,16,134,35",1.0739915370941162,-2.086642265319824,-1.0968796014785767,-0.8065789937973022,7.999782562255859,4.643062591552734,0.03515380620956421,0.0,0.0,0.03515380620956421,0.0345151424407959,0.0006386637687683105,0.29551321268081665,0.0,0.926242470741272,0.3201027512550354,2.7323880195617676,0.0
0,120,None,False,"114,131,107,43,55,89,27,16,134,35",1.0859746932983398,-2.1471269130706787,-1.2372715473175049,-0.6389884948730469,7.999791145324707,3.954460859298706,0.042138077318668365,0.0,0.0,0.042138077318668365,0.03333759307861328,0.008800484240055084,0.45575547218322754,0.0,0.6509743928909302,0.29437121748924255,2.7323880195617676,0.0
0,121,None,False,"114,131,107,43,55,89,27,16,134,35",0.9954065680503845,-2.145564079284668,-1.1897220611572266,-0.7919126749038696,7.999725818634033,5.619855880737305,0.021650439128279686,0.0,0.0,0.021650439128279686,0.0230405330657959,-0.0013900939375162125,0.41902971267700195,0.0,0.654439389705658,0.3980426788330078,2.7323880195617676,0.0
0,122,None,False,"114,131,107,43,55,89,27,16,134,35",1.032439112663269,-2.0091552734375,-1.3619658946990967,-0.6556230783462524,7.999800205230713,4.2195916175842285,0.020648736506700516,0.0,0.0,0.020648736506700516,0.012151479721069336,0.00849725678563118,0.51861172914505,0.0,0.6900607347488403,0.5231600999832153,2.7323880195617676,0.0
0,123,None,False,"114,131,107,43,55,89,27,16,134,35",1.0799968242645264,-1.9589266777038574,-1.2966060638427734,-0.736290693283081,7.99976921081543,2.8102126121520996,0.013011431321501732,0.0,0.0,0.013011431321501732,0.012189269065856934,0.0008221622556447983,0.3299909234046936,0.0,0.6907579898834229,0.4111140966415405,2.7323880195617676,0.0
0,124,None,False,"114,131,107,43,55,89,27,16,134,35",1.0687483549118042,-2.2390589714050293,-1.184680700302124,-0.7725317478179932,7.999746799468994,4.577682018280029,-0.0031446933280676603,0.0,0.0,-0.0031446933280676603,0.0011641979217529297,-0.004308891482651234,0.5401676893234253,0.0,0.743982195854187,0.4049423933029175,2.7323880195617676,0.0
0,125,Schedule,True,"50,125,55,86,113,124,51,74,21,59",0.9430004358291626,-2.1938114166259766,-1.1148017644882202,-1.1395862102508545,7.999582290649414,7.55725622177124,-0.03355173394083977,0.09299999753634133,0.10199999729792276,-0.2285517305135727,-0.031174778938293457,-0.19737695157527924,-2.007162094116211,-10.018205642700195,0.7685520648956299,0.3603946566581726,2.7323880195617676,0.0
0,126,None,False,"50,125,55,86,113,124,51,74,21,59",1.1098883152008057,-1.7763675451278687,-0.9405450820922852,-0.8896026611328125,7.999814987182617,7.962337017059326,-0.020338088274002075,0.0,0.0,-0.020338088274002075,-0.021789491176605225,0.0014514029026031494,0.32369840145111084,0.0,0.6599947214126587,0.3706129193305969,2.7323880195617676,0.0
0,127,None,False,"50,125,55,86,113,124,51,74,21,59",1.0861965417861938,-2.164064645767212,-0.9930647611618042,-0.9390790462493896,7.999792575836182,4.061081886291504,-0.018109440803527832,0.0,0.0,-0.018109440803527832,-0.02218306064605713,0.004073619842529297,0.5358526110649109,0.0,0.6596958637237549,0.3884408175945282,2.7323880195617676,0.0
0,0,Schedule | Regime Shift (Initial),True,"137,101,127,125,86,68,48,142,76,118",1.0181353092193604,-2.0387749671936035,-1.0455204248428345,-0.7813922762870789,7.999582290649414,4.26206111907959,0.016532665118575096,0.0,0.0,0.016532665118575096,0.002696514129638672,0.013836150988936424,1.3626725673675537,6.715983867645264,1.2386466264724731,0.36388716101646423,2.593140125274658,0.0
0,1,None,False,"137,101,127,125,86,68,48,142,76,118",1.0118513107299805,-2.20415997505188,-1.0831151008605957,-0.8717455863952637,7.999669075012207,4.806966781616211,0.015131151303648949,0.0,0.0,0.015131151303648949,0.0011333227157592773,0.013997828587889671,1.5594124794006348,0.0,1.1024246215820312,0.35875970125198364,2.593140125274658,0.0
0,2,None,False,"137,101,127,125,86,68,48,142,76,118",1.1140711307525635,-2.2196764945983887,-1.1201441287994385,-0.6501317620277405,7.999269485473633,6.089819431304932,0.00018408894538879395,0.0,0.0,0.00018408894538879395,-0.010152339935302734,0.010336428880691528,0.48385199904441833,0.0,1.0310403108596802,0.35976117849349976,2.593140125274658,0.0
0,3,None,False,"137,101,127,125,86,68,48,142,76,118",1.099616289138794,-1.9088958501815796,-1.0336061716079712,-0.7765239477157593,7.999505043029785,5.619448661804199,-0.004995596595108509,0.0,0.0,-0.004995596595108509,-0.020277202129364014,0.015281605534255505,0.613776445388794,0.0,0.9615582227706909,0.2569473385810852,2.593140125274658,0.0
0,4,None,False,"137,101,127,125,86,68,48,142,76,118",1.0244698524475098,-2.058497905731201,-1.0514484643936157,-0.8806789517402649,7.9995880126953125,4.775102615356445,-0.00465088477358222,0.0,0.0,-0.00465088477358222,-0.01594620943069458,0.011295324191451073,0.5490602850914001,0.0,1.0819456577301025,0.33646249771118164,2.593140125274658,0.0
0,5,None,False,"137,101,127,125,86,68,48,142,76,118",1.06837797164917,-2.146664619445801,-1.2954308986663818,-0.9406819343566895,7.999397277832031,4.895522594451904,-0.0014627277851104736,0.0,0.0,-0.0014627277851104736,-0.013296365737915039,0.011833637952804565,0.41398268938064575,0.0,0.8908799886703491,0.32421165704727173,2.593140125274658,0.0
0,6,None,False,"137,101,127,125,86,68,48,142,76,118",1.0732333660125732,-2.2479398250579834,-0.9727376699447632,-0.7476203441619873,7.999382495880127,5.801126003265381,-0.008197903633117676,0.0,0.0,-0.008197903633117676,-0.01162731647491455,0.003429412841796875,0.31423723697662354,0.0,0.8834225535392761,0.3004385530948639,2.593140125274658,0.0
0,7,None,False,"137,101,127,125,86,68,48,142,76,118",1.051883339881897,-2.0001871585845947,-1.0828189849853516,-0.8438884615898132,7.999466419219971,5.7512431144714355,-0.010237932205200195,0.0,0.0,-0.010237932205200195,-0.0048719048500061035,-0.005366027355194092,0.14770998060703278,0.0,0.8217750787734985,0.28251099586486816,2.593140125274658,0.0
0,8,Struct Break (DC),True,"43,16,98,103,129,114,64,63,130,39",1.099151611328125,-2.120037078857422,-1.0662078857421875,-0.7401771545410156,7.99945068359375,4.799048900604248,-0.02130793407559395,0.10333333333333332,0.11333333333333333,-0.237974613904953,-0.01139986515045166,-0.22657474875450134,-2.7158608436584473,-13.529674530029297,0.9015496969223022,0.42791786789894104,2.593140125274658,0.0
0,9,None,False,"43,16,98,103,129,114,64,63,130,39",1.0323585271835327,-2.1550538539886475,-1.1366033554077148,-0.8366408348083496,7.999454021453857,5.110827922821045,-0.03305292874574661,0.0,0.0,-0.03305292874574661,-0.015968799591064453,-0.01708412915468216,0.029679853469133377,0.0,0.9763054847717285,0.401623010635376,2.593140125274658,0.0
0,10,None,False,"43,16,98,103,129,114,64,63,130,39",0.9999150037765503,-1.9572006464004517,-1.1334166526794434,-0.9476242661476135,7.999621868133545,4.806727409362793,-0.03477887436747551,0.0,0.0,-0.03477887436747551,-0.012903332710266113,-0.021875541657209396,-0.16048437356948853,0.0,0.6623854637145996,0.3557380735874176,2.593140125274658,0.0
0,11,None,False,"43,16,98,103,129,114,64,63,130,39",1.077783226966858,-2.077986478805542,-1.1501939296722412,-0.8840100169181824,7.999459743499756,4.31570291519165,-0.03451269865036011,0.0,0.0,-0.03451269865036011,-0.012334883213043213,-0.022177815437316895,-0.32244667410850525,0.0,0.747383713722229,0.3796772360801697,2.593140125274658,0.0
0,12,None,False,"43,16,98,103,129,114,64,63,130,39",1.110653042793274,-1.9909930229187012,-1.0399625301361084,-0.5924954414367676,7.999484062194824,4.703702926635742,-0.057455677539110184,0.0,0.0,-0.057455677539110184,-0.021807849407196045,-0.03564782813191414,-1.9588427543640137,0.0,0.809405505657196,0.3975863456726074,2.593140125274658,0.0
0,13,None,False,"43,16,98,103,129,114,64,63,130,39",1.0250176191329956,-1.981972336769104,-1.1611000299453735,-0.788095235824585,7.999417304992676,4.326668739318848,-0.05125588923692703,0.0,0.0,-0.05125588923692703,-0.022218942642211914,-0.02903694659471512,-1.7170265913009644,0.0,0.9755890965461731,0.4179912507534027,2.593140125274658,0.0
0,14,None,False,"43,16,98,103,129,114,64,63,130,39",0.9482711553573608,-2.222137451171875,-1.3824321031570435,-0.8371098637580872,7.999242782592773,5.9448442459106445,-0.01964361034333706,0.0,0.0,-0.01964361034333706,-0.00790029764175415,-0.011743312701582909,0.8555053472518921,0.0,1.075290322303772,0.40592867136001587,2.593140125274658,0.0
0,15,None,False,"43,16,98,103,129,114,64,63,130,39",1.1016637086868286,-1.9689698219299316,-1.0431180000305176,-0.9112914800643921,7.999541759490967,5.781897068023682,-0.02705984190106392,0.0,0.0,-0.02705984190106392,-0.010489284992218018,-0.0165705569088459,-0.8626390099525452,0.0,1.0137851238250732,0.39413565397262573,2.593140125274658,0.0
0,16,None,False,"43,16,98,103,129,114,64,63,130,39",1.0575991868972778,-1.7384392023086548,-1.0442824363708496,-0.9405440092086792,7.999491214752197,4.410192966461182,-0.009499942883849144,0.0,0.0,-0.009499942883849144,-0.0015211701393127441,-0.0079787727445364,-0.11798440665006638,0.0,1.167250156402588,0.4109075665473938,2.593140125274658,0.0
0,17,None,False,"43,16,98,103,129,114,64,63,130,39",1.022964358329773,-1.9905537366867065,-0.7513043880462646,-1.0346839427947998,7.999567031860352,5.63237190246582,0.04485061764717102,0.0,0.0,0.04485061764717102,0.01766979694366455,0.02718082070350647,0.8016226887702942,0.0,0.9950077533721924,0.41446128487586975,2.593140125274658,0.0
0,18,None,False,"43,16,98,103,129,114,64,63,130,39",1.1071263551712036,-1.91066575050354,-1.0157521963119507,-0.9956528544425964,7.999663352966309,4.888998508453369,0.05243905633687973,0.0,0.0,0.05243905633687973,0.025389671325683594,0.027049385011196136,0.7103045582771301,0.0,1.0623605251312256,0.39278721809387207,2.593140125274658,0.0
0,19,None,False,"43,16,98,103,129,114,64,63,130,39",1.0785495042800903,-2.0081567764282227,-0.8157690167427063,-0.9185184240341187,7.999576091766357,4.065267562866211,0.02558518573641777,0.0,0.0,0.02558518573641777,0.012202262878417969,0.013382922857999802,0.4459311068058014,0.0,1.1015280485153198,0.391367644071579,2.593140125274658,0.0
0,20,None,False,"43,16,98,103,129,114,64,63,130,39",1.06438148021698,-1.7683082818984985,-1.1733769178390503,-0.7718788385391235,7.999497890472412,4.12907600402832,0.01063681859523058,0.0,0.0,0.01063681859523058,0.004654645919799805,0.005982172675430775,0.38585707545280457,0.0,1.098780870437622,0.3357967138290405,2.593140125274658,0.0
0,21,None,False,"43,16,98,103,129,114,64,63,130,39",1.1162109375,-2.025813579559326,-0.9747706651687622,-0.8327516317367554,7.99929666519165,5.48364782333374,0.00536192674189806,0.0,0.0,0.00536192674189806,-0.0013818740844726562,0.006743800826370716,0.324090838432312,0.0,0.9574871063232422,0.4200790226459503,2.593140125274658,0.0
0,22,Schedule,True,"68,60,115,46,117,18,100,81,137,112",1.1191465854644775,-1.9501982927322388,-1.0975290536880493,-0.767959713935852,7.999582290649414,5.0652618408203125,-0.0018039882415905595,0.10333333333333332,0.11333333333333333,-0.21847066283226013,-0.008931636810302734,-0.2095390260219574,-2.8092076778411865,-14.008055686950684,0.9794134497642517,0.41760605573654175,2.593140125274658,0.0
0,23,None,False,"68,60,115,46,117,18,100,81,137,112",1.0580713748931885,-1.9459106922149658,-1.012744665145874,-0.8111091256141663,7.999637603759766,3.644404888153076,0.008336258120834827,0.0,0.0,0.008336258120834827,-0.004313468933105469,0.012649727053940296,0.4688297510147095,0.0,0.9180622100830078,0.3533935844898224,2.593140125274658,0.0
0,24,None,False,"68,60,115,46,117,18,100,81,137,112",1.0249602794647217,-2.0671091079711914,-1.2658302783966064,-0.8342708945274353,7.999499320983887,4.201665878295898,-0.004627794027328491,0.0,0.0,-0.004627794027328491,-0.005433440208435059,0.0008056461811065674,0.2715052366256714,0.0,1.0007952451705933,0.25564342737197876,2.593140125274658,0.0
0,25,None,False,"68,60,115,46,117,18,100,81,137,112",1.0439326763153076,-2.4280521869659424,-1.418953776359558,-0.5990777015686035,7.999282360076904,5.610727310180664,-0.0041138590313494205,0.0,0.0,-0.0041138590313494205,0.0027464628219604492,-0.00686032185330987,0.25378406047821045,0.0,1.1766819953918457,0.34129682183265686,2.593140125274658,0.0
0,26,None,False,"68,60,115,46,117,18,100,81,137,112",1.0845580101013184,-1.9156630039215088,-1.1278231143951416,-0.7702007293701172,7.9995574951171875,5.512991428375244,0.005393463186919689,0.0,0.0,0.005393463186919689,0.007449626922607422,-0.0020561637356877327,0.059694018214941025,0.0,1.0195499658584595,0.3339693546295166,2.593140125274658,0.0
0,27,None,False,"68,60,115,46,117,18,100,81,137,112",1.0265201330184937,-2.1281685829162598,-0.9894315004348755,-0.860048234462738,7.999602317810059,4.61090087890625,0.10941173881292343,0.0,0.0,0.10941173881292343,0.031407952308654785,0.07800378650426865,1.5746665000915527,0.0,1.008358120918274,0.33186066150665283,2.593140125274658,0.0
0,28,None,False,"68,60,115,46,117,18,100,81,137,112",1.0552364587783813,-1.9027656316757202,-1.4003405570983887,-0.6474676132202148,7.999324798583984,5.567729949951172,0.10921549797058105,0.0,0.0,0.10921549797058105,0.03394210338592529,0.07527339458465576,1.4001731872558594,0.0,0.9941364526748657,0.36259740591049194,2.593140125274658,0.0
0,29,None,False,"68,60,115,46,117,18,100,81,137,112",1.0683472156524658,-1.8153049945831299,-1.1175763607025146,-0.9379283785820007,7.999519348144531,5.182456016540527,0.12202372401952744,0.0,0.0,0.12202372401952744,0.03475141525268555,0.08727230876684189,2.527122735977173,0.0,0.8729214668273926,0.3348301649093628,2.593140125274658,0.0
0,30,None,False,"68,60,115,46,117,18,100,81,137,112",1.0742316246032715,-2.037655830383301,-1.0488932132720947,-0.9720474481582642,7.999605178833008,2.8364686965942383,0.1282489001750946,0.0,0.0,0.1282489001750946,0.030156850814819336,0.09809204936027527,1.708220362663269,0.0,0.7956582307815552,0.3751528859138489,2.593140125274658,0.0
0,31,None,False,"68,60,115,46,117,18,100,81,137,112",1.03909170627594,-2.067143440246582,-1.2054587602615356,-0.7763015627861023,7.999468803405762,3.3300657272338867,0.13573475182056427,0.0,0.0,0.13573475182056427,0.02871537208557129,0.10701937973499298,1.6767874956130981,0.0,0.876842737197876,0.4066051244735718,2.593140125274658,0.0
0,32,None,False,"68,60,115,46,117,18,100,81,137,112",1.0761361122131348,-1.9464545249938965,-1.1951159238815308,-0.7557794451713562,7.9993109703063965,3.273404836654663,0.016544699668884277,0.0,0.0,0.016544699668884277,0.005548715591430664,0.010995984077453613,0.43501389026641846,0.0,0.8973792195320129,0.4741991460323334,2.593140125274658,0.0
0,33,None,False,"68,60,115,46,117,18,100,81,137,112",1.067963719367981,-2.0682730674743652,-1.1674609184265137,-0.6126445531845093,7.999481201171875,4.4271745681762695,0.016726762056350708,0.0,0.0,0.016726762056350708,0.010553240776062012,0.006173521280288696,0.2520843744277954,0.0,0.9194737672805786,0.47463998198509216,2.593140125274658,0.0
0,34,None,False,"68,60,115,46,117,18,100,81,137,112",1.0221030712127686,-1.9561635255813599,-1.1637824773788452,-0.796818196773529,7.999493598937988,4.600555419921875,0.026010315865278244,0.0,0.0,0.026010315865278244,0.009955525398254395,0.01605479046702385,0.5409960150718689,0.0,1.0088306665420532,0.40966856479644775,2.593140125274658,0.0
0,35,None,False,"68,60,115,46,117,18,100,81,137,112",0.9505146145820618,-2.115682363510132,-1.2120678424835205,-0.7608596086502075,7.999571800231934,3.421600580215454,0.019981568679213524,0.0,0.0,0.019981568679213524,0.010578632354736328,0.009402936324477196,0.4889214038848877,0.0,0.935756504535675,0.46531304717063904,2.593140125274658,0.0
0,36,Schedule,True,"93,133,64,50,57,89,47,35,28,41",1.1113940477371216,-1.793126106262207,-0.8216896057128906,-0.7398614883422852,7.999422073364258,5.511102199554443,-0.002233272884041071,0.10333333333333332,0.11333333333333333,-0.2188999354839325,-0.0022149085998535156,-0.21668502688407898,-2.7056446075439453,-13.45983600616455,0.8906261920928955,0.49299007654190063,2.593140125274658,0.0
0,37,None,False,"93,133,64,50,57,89,47,35,28,41",1.0019676685333252,-1.936011552810669,-1.1467044353485107,-0.768254280090332,7.999650955200195,4.696093559265137,-0.0021469772327691317,0.0,0.0,-0.0021469772327691317,-0.0009557604789733887,-0.001191216753795743,0.3511480987071991,0.0,0.9263596534729004,0.4262242913246155,2.593140125274658,0.0
0,38,None,False,"93,133,64,50,57,89,47,35,28,41",1.0640562772750854,-1.7949565649032593,-0.9249839782714844,-0.7881259918212891,7.999494552612305,3.483900308609009,-0.009831368923187256,0.0,0.0,-0.009831368923187256,-0.014088034629821777,0.0042566657066345215,0.393454372882843,0.0,0.7857323884963989,0.39744919538497925,2.593140125274658,0.0
0,39,None,False,"93,133,64,50,57,89,47,35,28,41",1.096867561340332,-1.9854693412780762,-1.205613374710083,-0.7679636478424072,7.999542236328125,3.5801761150360107,-0.018556511029601097,0.0,0.0,-0.018556511029601097,-0.017726778984069824,-0.0008297320455312729,0.35960957407951355,0.0,0.7617502808570862,0.42311960458755493,2.593140125274658,0.0
0,40,None,False,"93,133,64,50,57,89,47,35,28,41",1.0878357887268066,-1.99207603931427,-1.0402525663375854,-0.8481077551841736,7.999551296234131,2.8840975761413574,-0.014803528785705566,0.0,0.0,-0.014803528785705566,-0.011887013912200928,-0.0029165148735046387,0.330048143863678,0.0,0.825026273727417,0.4792448580265045,2.593140125274658,0.0
0,41,None,False,"93,133,64,50,57,89,47,35,28,41",1.0605107545852661,-2.1924514770507812,-1.2134947776794434,-1.0066962242126465,7.999538421630859,4.768741130828857,-0.011196816340088844,0.0,0.0,-0.011196816340088844,-0.003258049488067627,-0.007938766852021217,0.15839211642742157,0.0,0.9259927868843079,0.5093646049499512,2.593140125274658,0.0
0,42,None,False,"93,133,64,50,57,89,47,35,28,41",1.0428742170333862,-2.182742118835449,-1.4865026473999023,-0.8292741179466248,7.999289035797119,4.5552802085876465,-0.0029606937896460295,0.0,0.0,-0.0029606937896460295,0.0035430192947387695,-0.006503713317215443,0.2458716779947281,0.0,0.9298186898231506,0.4029310941696167,2.593140125274658,0.0
0,43,None,False,"93,133,64,50,57,89,47,35,28,41",1.1253803968429565,-2.1583380699157715,-1.079730749130249,-0.8653478026390076,7.999319076538086,5.298734664916992,0.01549307070672512,0.0,0.0,0.01549307070672512,0.020305156707763672,-0.004812086001038551,-0.0398995541036129,0.0,0.9620826244354248,0.4362170696258545,2.593140125274658,0.0
0,44,None,False,"93,133,64,50,57,89,47,35,28,41",1.1811646223068237,-1.9947212934494019,-0.9888356924057007,-0.6666790246963501,7.999268531799316,5.610568523406982,0.026536673307418823,0.0,0.0,0.026536673307418823,0.03184378147125244,-0.005307108163833618,0.012780548073351383,0.0,0.8885499835014343,0.48791611194610596,2.593140125274658,0.0
0,45,None,False,"93,133,64,50,57,89,47,35,28,41",1.121112585067749,-2.0936269760131836,-1.1381791830062866,-0.618371844291687,7.999443054199219,5.096949577331543,0.007040911819785833,0.0,0.0,0.007040911819785833,0.027257204055786133,-0.020216291770339012,0.3578006327152252,0.0,0.8229483366012573,0.4461798071861267,2.593140125274658,0.0
0,46,None,False,"93,133,64,50,57,89,47,35,28,41",1.06697416305542,-2.2056055068969727,-1.1832656860351562,-0.8784132599830627,7.999465465545654,4.28775691986084,0.013405447825789452,0.0,0.0,0.013405447825789452,0.02784121036529541,-0.014435762539505959,0.10998868942260742,0.0,0.7460739612579346,0.3412015438079834,2.593140125274658,0.0
0,47,None,False,"93,133,64,50,57,89,47,35,28,41",1.047210931777954,-1.790540099143982,-0.8036149740219116,-1.0758836269378662,7.999666690826416,4.967012405395508,0.015687668696045876,0.0,0.0,0.015687668696045876,0.02398681640625,-0.008299147710204124,0.21819888055324554,0.0,0.8885708451271057,0.3354417085647583,2.593140125274658,0.0
0,48,None,False,"93,133,64,50,57,89,47,35,28,41",1.0035408735275269,-1.7558964490890503,-1.2032381296157837,-0.7034080028533936,7.999370098114014,5.238742351531982,0.0002573728561401367,0.0,0.0,0.0002573728561401367,0.018419742584228516,-0.01816236972808838,0.20731216669082642,0.0,0.7254384756088257,0.3304373025894165,2.593140125274658,0.0
0,49,None,False,"93,133,64,50,57,89,47,35,28,41",1.0319854021072388,-2.269554853439331,-0.9829450249671936,-1.0379287004470825,7.9995269775390625,7.013526439666748,-0.0007840752368792892,0.0,0.0,-0.0007840752368792892,0.016434311866760254,-0.017218386754393578,0.1310625523328781,0.0,0.706623911857605,0.3523363471031189,2.593140125274658,0.0
0,50,Schedule,True,"55,119,114,74,138,23,131,50,53,44",0.9749759435653687,-2.053332805633545,-1.4548447132110596,-0.8184016942977905,7.999308109283447,6.865105628967285,0.021826034411787987,0.09299999753634133,0.10199999729792276,-0.1731739640235901,0.021541595458984375,-0.19471555948257446,-2.5437142848968506,-12.668747901916504,0.7249122858047485,0.273979127407074,2.593140125274658,0.0
0,51,None,False,"55,119,114,74,138,23,131,50,53,44",1.1058242321014404,-2.2006595134735107,-0.8632724285125732,-0.7554964423179626,7.999388694763184,7.448047161102295,0.021178048104047775,0.0,0.0,0.021178048104047775,0.033011794090270996,-0.01183374598622322,0.2256743460893631,0.0,0.7377173900604248,0.34915071725845337,2.593140125274658,0.0
0,52,None,False,"55,119,114,74,138,23,131,50,53,44",1.0648918151855469,-1.7901140451431274,-1.0265440940856934,-0.7593377828598022,7.999533176422119,4.852957248687744,0.01870139315724373,0.0,0.0,0.01870139315724373,0.02772533893585205,-0.009023945778608322,0.23411054909229279,0.0,0.7671432495117188,0.36446523666381836,2.593140125274658,0.0
0,53,None,False,"55,119,114,74,138,23,131,50,53,44",0.9755379557609558,-2.1865086555480957,-1.350230097770691,-0.9281859993934631,7.9992780685424805,5.213371753692627,0.02531035616993904,0.0,0.0,0.02531035616993904,0.03064417839050293,-0.0053338222205638885,0.2859889268875122,0.0,0.728191077709198,0.2607031762599945,2.593140125274658,0.0
0,54,None,False,"55,119,114,74,138,23,131,50,53,44",1.1047272682189941,-1.9691829681396484,-1.0598490238189697,-0.8553577065467834,7.999505519866943,4.713005065917969,0.028542036190629005,0.0,0.0,0.028542036190629005,0.019495368003845215,0.00904666818678379,0.510550320148468,0.0,0.63600754737854,0.33486509323120117,2.593140125274658,0.0
0,55,None,False,"55,119,114,74,138,23,131,50,53,44",1.0917733907699585,-1.884658694267273,-1.0654449462890625,-0.7673898935317993,7.9994025230407715,4.290781497955322,0.028530681505799294,0.0,0.0,0.028530681505799294,0.020432472229003906,0.008098209276795387,0.30114856362342834,0.0,0.5080049633979797,0.35799703001976013,2.593140125274658,0.0
0,56,None,False,"55,119,114,74,138,23,131,50,53,44",1.0638387203216553,-2.211982250213623,-0.9805033802986145,-0.9308580160140991,7.9995646476745605,3.782144784927368,0.02787368930876255,0.0,0.0,0.02787368930876255,0.02043449878692627,0.007439190521836281,0.39655619859695435,0.0,0.5230021476745605,0.2730979919433594,2.593140125274658,0.0
0,57,None,False,"55,119,114,74,138,23,131,50,53,44",1.0906039476394653,-1.9017081260681152,-1.115350365638733,-0.8247895240783691,7.999533176422119,3.930161952972412,0.041928481310606,0.0,0.0,0.041928481310606,0.030266284942626953,0.01166219636797905,0.47743523120880127,0.0,0.5462087392807007,0.2646142244338989,2.593140125274658,0.0
0,58,None,False,"55,119,114,74,138,23,131,50,53,44",1.062926173210144,-1.9871032238006592,-1.1286418437957764,-0.5382043123245239,7.999307632446289,4.3938984870910645,0.03611517697572708,0.0,0.0,0.03611517697572708,0.02102077007293701,0.01509440690279007,0.5304936766624451,0.0,0.3897612988948822,0.2865044176578522,2.593140125274658,0.0
0,59,None,False,"55,119,114,74,138,23,131,50,53,44",1.0117113590240479,-1.9070286750793457,-1.411627173423767,-0.7415057420730591,7.999236583709717,5.065898895263672,0.03451625257730484,0.0,0.0,0.03451625257730484,0.023798108100891113,0.010718144476413727,0.6071808338165283,0.0,0.572116494178772,0.33220764994621277,2.593140125274658,0.0
0,60,None,False,"55,119,114,74,138,23,131,50,53,44",1.0922579765319824,-1.7010244131088257,-0.9139218926429749,-1.044256567955017,7.999431133270264,5.2324700355529785,0.019114499911665916,0.0,0.0,0.019114499911665916,0.010439157485961914,0.008675342425704002,0.299284964799881,0.0,0.5958335399627686,0.34637439250946045,2.593140125274658,0.0
0,61,None,False,"55,119,114,74,138,23,131,50,53,44",0.9935961365699768,-2.3475160598754883,-1.379420280456543,-0.68235182762146,7.999238967895508,5.984525203704834,0.024095792323350906,0.0,0.0,0.024095792323350906,0.004201531410217285,0.01989426091313362,0.5892385840415955,0.0,0.6853142380714417,0.36264604330062866,2.593140125274658,0.0
0,62,None,False,"55,119,114,74,138,23,131,50,53,44",1.0599637031555176,-2.2673397064208984,-0.8395141959190369,-0.8548049330711365,7.9994707107543945,5.385562419891357,0.0059111774899065495,0.0,0.0,0.0059111774899065495,-0.01209867000579834,0.018009847030043602,0.5434719920158386,0.0,0.8644247055053711,0.33479392528533936,2.593140125274658,0.0
0,63,None,False,"55,119,114,74,138,23,131,50,53,44",1.1312267780303955,-1.9497450590133667,-1.0782562494277954,-0.9862661957740784,7.999455451965332,5.788248538970947,-0.0007425606017932296,0.0,0.0,-0.0007425606017932296,-0.011439383029937744,0.01069682277739048,0.36069315671920776,0.0,0.7603769898414612,0.32944512367248535,2.593140125274658,0.0
0,64,Schedule,True,"35,115,77,23,64,113,5,126,8,106",1.0280523300170898,-2.1317622661590576,-1.2428507804870605,-0.6728416085243225,7.999449253082275,5.037293434143066,-0.014321262016892433,0.09299999753634133,0.10199999729792276,-0.2093212604522705,-0.008724629878997803,-0.2005966305732727,-2.3971614837646484,-11.95055866241455,0.6248223781585693,0.3232179284095764,2.593140125274658,0.0
0,65,None,False,"35,115,77,23,64,113,5,126,8,106",1.0457161664962769,-1.879778265953064,-0.9980155825614929,-0.9159384965896606,7.9994635581970215,3.9124348163604736,-0.010205984115600586,0.0,0.0,-0.010205984115600586,-0.00025773048400878906,-0.009948253631591797,0.20988012850284576,0.0,0.6415587067604065,0.370961993932724,2.593140125274658,0.0
0,66,None,False,"35,115,77,23,64,113,5,126,8,106",1.1124385595321655,-1.7926018238067627,-0.9484622478485107,-1.152254343032837,7.999474048614502,3.6702606678009033,-0.0013608813751488924,0.0,0.0,-0.0013608813751488924,0.0006014108657836914,-0.001962292240932584,0.22142082452774048,0.0,0.5596569180488586,0.32246798276901245,2.593140125274658,0.0
0,67,None,False,"35,115,77,23,64,113,5,126,8,106",1.0941706895828247,-2.198497772216797,-1.0732228755950928,-0.8400565385818481,7.99942684173584,5.054708480834961,0.01869046688079834,0.0,0.0,0.01869046688079834,0.014977693557739258,0.003712773323059082,0.410408079624176,0.0,0.49872633814811707,0.33782899379730225,2.593140125274658,0.0
0,68,None,False,"35,115,77,23,64,113,5,126,8,106",1.0165108442306519,-1.8429877758026123,-1.2500882148742676,-0.7673839330673218,7.999350070953369,5.173575401306152,0.02271917462348938,0.0,0.0,0.02271917462348938,0.02140629291534424,0.0013128817081451416,0.3022471070289612,0.0,0.5700794458389282,0.348099023103714,2.593140125274658,0.0
0,69,None,False,"35,115,77,23,64,113,5,126,8,106",1.0147594213485718,-2.0705764293670654,-1.0263326168060303,-0.7630288600921631,7.999529838562012,5.246228218078613,0.016126442700624466,0.0,0.0,0.016126442700624466,0.020980000495910645,-0.004853557795286179,-0.027055390179157257,0.0,0.5236192941665649,0.3268686532974243,2.593140125274658,0.0
0,70,None,False,"35,115,77,23,64,113,5,126,8,106",1.0480506420135498,-2.070573568344116,-0.9558035135269165,-0.8568853139877319,7.9994707107543945,4.563498020172119,0.0245260838419199,0.0,0.0,0.0245260838419199,0.01896536350250244,0.005560720339417458,0.18857400119304657,0.0,0.7210289835929871,0.3250519335269928,2.593140125274658,0.0
0,71,None,False,"35,115,77,23,64,113,5,126,8,106",1.0782256126403809,-2.1332595348358154,-1.1341513395309448,-0.8193660378456116,7.999536037445068,3.7000343799591064,0.020068293437361717,0.0,0.0,0.020068293437361717,0.010058999061584473,0.010009294375777245,0.2983168661594391,0.0,0.7626953721046448,0.333126038312912,2.593140125274658,0.0
0,72,None,False,"35,115,77,23,64,113,5,126,8,106",1.0718437433242798,-1.9302754402160645,-0.9824610948562622,-0.9093177914619446,7.999667167663574,3.2789669036865234,0.018093138933181763,0.0,0.0,0.018093138933181763,0.007376670837402344,0.010716468095779419,0.3975442051887512,0.0,0.6741694211959839,0.34484294056892395,2.593140125274658,0.0
0,73,None,False,"35,115,77,23,64,113,5,126,8,106",1.0039724111557007,-2.3078417778015137,-1.025245189666748,-0.9939281940460205,7.9995341300964355,4.074577808380127,0.01837105117738247,0.0,0.0,0.01837105117738247,0.002553701400756836,0.015817349776625633,0.5915631055831909,0.0,0.5414950847625732,0.2801585793495178,2.593140125274658,0.0
0,74,None,False,"35,115,77,23,64,113,5,126,8,106",1.0859431028366089,-1.9867029190063477,-1.2447481155395508,-0.7037560939788818,7.999349117279053,4.805453777313232,0.03346056491136551,0.0,0.0,0.03346056491136551,0.012272834777832031,0.021187730133533478,0.695016622543335,0.0,0.605116069316864,0.2742958068847656,2.593140125274658,0.0
0,75,None,False,"35,115,77,23,64,113,5,126,8,106",1.0545625686645508,-2.2086918354034424,-1.073769450187683,-0.8563973903656006,7.999465465545654,4.101866245269775,0.03567435219883919,0.0,0.0,0.03567435219883919,0.017008423805236816,0.01866592839360237,0.669792115688324,0.0,0.7258569002151489,0.2624835968017578,2.593140125274658,0.0
0,76,None,False,"35,115,77,23,64,113,5,126,8,106",1.0660533905029297,-1.897994041442871,-1.2152328491210938,-0.7895070314407349,7.999472618103027,4.070911407470703,0.04046745225787163,0.0,0.0,0.04046745225787163,0.027800917625427246,0.012666534632444382,0.6520346999168396,0.0,0.668584406375885,0.28996503353118896,2.593140125274658,0.0
0,77,None,False,"35,115,77,23,64,113,5,126,8,106",1.0747380256652832,-1.9405704736709595,-1.1095302104949951,-0.8185974359512329,7.999584197998047,3.4163711071014404,0.023570334538817406,0.0,0.0,0.023570334538817406,0.023672103881835938,-0.0001017693430185318,0.29963329434394836,0.0,0.6314374208450317,0.25558698177337646,2.593140125274658,0.0
0,78,Schedule,True,"66,43,20,81,54,94,21,46,59,18",1.0621291399002075,-1.9153960943222046,-0.9568541049957275,-0.8684670925140381,7.999581813812256,3.9439289569854736,0.014522617682814598,0.10333333333333332,0.11333333333333333,-0.202144056558609,0.015566110610961914,-0.21771016716957092,-3.0691099166870117,-15.273261070251465,0.7459245920181274,0.29541197419166565,2.593140125274658,0.0
0,79,None,False,"66,43,20,81,54,94,21,46,59,18",1.1161335706710815,-2.2040855884552,-1.0526072978973389,-0.6811673641204834,7.999354839324951,4.288399696350098,0.0070899007841944695,0.0,0.0,0.0070899007841944695,0.00912320613861084,-0.0020333053544163704,0.18731267750263214,0.0,0.6922855377197266,0.3426873981952667,2.593140125274658,0.0
0,80,None,False,"66,43,20,81,54,94,21,46,59,18",1.1162046194076538,-1.9332269430160522,-1.1156246662139893,-0.744657576084137,7.999355792999268,5.59312629699707,0.015339684672653675,0.0,0.0,0.015339684672653675,0.009502172470092773,0.005837512202560902,0.29579558968544006,0.0,0.634005606174469,0.3464580178260803,2.593140125274658,0.0
0,81,None,False,"66,43,20,81,54,94,21,46,59,18",1.0842496156692505,-2.0597074031829834,-0.8917390704154968,-0.7740311026573181,7.999338626861572,5.630237102508545,0.02117910422384739,0.0,0.0,0.02117910422384739,0.005473136901855469,0.01570596732199192,0.6024253368377686,0.0,0.6431856155395508,0.26277488470077515,2.593140125274658,0.0
0,82,None,False,"66,43,20,81,54,94,21,46,59,18",1.0664938688278198,-1.9306352138519287,-1.0128825902938843,-0.813849925994873,7.999558925628662,6.0675554275512695,0.016765177249908447,0.0,0.0,0.016765177249908447,0.004057049751281738,0.012708127498626709,0.5804516673088074,0.0,0.6604442000389099,0.2808636724948883,2.593140125274658,0.0
0,83,None,False,"66,43,20,81,54,94,21,46,59,18",0.9526130557060242,-1.8880844116210938,-1.3125253915786743,-0.6283469200134277,7.999445915222168,3.4411845207214355,0.010800844058394432,0.0,0.0,0.010800844058394432,0.011199235916137695,-0.00039839185774326324,0.25085487961769104,0.0,0.8755271434783936,0.3429020047187805,2.593140125274658,0.0
0,84,None,False,"66,43,20,81,54,94,21,46,59,18",1.0410667657852173,-2.0985498428344727,-1.4313949346542358,-0.8196170330047607,7.999233245849609,4.295668125152588,0.009473430924117565,0.0,0.0,0.009473430924117565,0.011242985725402832,-0.0017695548012852669,0.255886971950531,0.0,0.9951741695404053,0.34679877758026123,2.593140125274658,0.0
0,85,None,False,"66,43,20,81,54,94,21,46,59,18",1.112479567527771,-2.212575674057007,-0.9998096227645874,-0.8392240405082703,7.99951696395874,5.074619293212891,0.0013350307708606124,0.0,0.0,0.0013350307708606124,0.0028564929962158203,-0.001521462225355208,0.3868158459663391,0.0,0.8413209915161133,0.3627871870994568,2.593140125274658,0.0
0,86,None,False,"66,43,20,81,54,94,21,46,59,18",1.0484777688980103,-1.9372518062591553,-0.9606610536575317,-0.7553234696388245,7.999497890472412,3.3301033973693848,0.0006821214919909835,0.0,0.0,0.0006821214919909835,0.0018062591552734375,-0.001124137663282454,0.2674272954463959,0.0,0.904202938079834,0.33859091997146606,2.593140125274658,0.0
0,87,None,False,"66,43,20,81,54,94,21,46,59,18",1.0188971757888794,-2.2566237449645996,-1.2522221803665161,-0.7843388319015503,7.999399185180664,4.903402328491211,0.01638009026646614,0.0,0.0,0.01638009026646614,0.005572676658630371,0.01080741360783577,0.5382066965103149,0.0,0.8619326949119568,0.32407817244529724,2.593140125274658,0.0
0,88,None,False,"66,43,20,81,54,94,21,46,59,18",1.0158753395080566,-1.8902567625045776,-1.069665789604187,-0.9290918707847595,7.9994049072265625,5.915432453155518,0.011166912503540516,0.0,0.0,0.011166912503540516,0.004398941993713379,0.006767970509827137,0.49950289726257324,0.0,1.0912389755249023,0.33819061517715454,2.593140125274658,0.0
0,89,None,False,"66,43,20,81,54,94,21,46,59,18",1.0177192687988281,-2.088109016418457,-1.1416019201278687,-0.8494764566421509,7.999614715576172,4.896784782409668,0.00739062437787652,0.0,0.0,0.00739062437787652,-0.0015183687210083008,0.008908992633223534,0.5404720902442932,0.0,1.0129047632217407,0.33916229009628296,2.593140125274658,0.0
0,90,None,False,"66,43,20,81,54,94,21,46,59,18",1.0805299282073975,-1.9526350498199463,-1.0915861129760742,-0.997199296951294,7.999470233917236,3.8374686241149902,0.013085240498185158,0.0,0.0,0.013085240498185158,0.006647944450378418,0.00643729604780674,0.5752204060554504,0.0,1.0988223552703857,0.4059043824672699,2.593140125274658,0.0
0,91,None,False,"66,43,20,81,54,94,21,46,59,18",1.0227932929992676,-2.3516852855682373,-1.5111939907073975,-0.7735006809234619,7.99929666519165,6.365373611450195,0.008929205127060413,0.0,0.0,0.008929205127060413,0.0070334672927856445,0.0018957378342747688,0.45812898874282837,0.0,1.173277497291565,0.4142228364944458,2.593140125274658,0.0
0,92,Schedule,True,"29,77,48,63,9,128,54,102,7,98",1.0655332803726196,-1.9987605810165405,-0.9558831453323364,-0.8803826570510864,7.999605655670166,6.5102386474609375,-0.013471156358718872,0.09299999753634133,0.10199999729792276,-0.2084711492061615,-0.0009615421295166016,-0.2075096070766449,-2.6119942665100098,-13.012282371520996,1.0035849809646606,0.4086484909057617,2.593140125274658,0.0
0,93,None,False,"29,77,48,63,9,128,54,102,7,98",1.1562312841415405,-1.9768869876861572,-1.0076595544815063,-0.683748722076416,7.999372959136963,4.996513843536377,-0.013902431353926659,0.0,0.0,-0.013902431353926659,-0.0026592016220092773,-0.011243229731917381,0.0665765255689621,0.0,1.150043249130249,0.46527427434921265,2.593140125274658,0.0
0,94,None,False,"29,77,48,63,9,128,54,102,7,98",1.0411990880966187,-2.0293915271759033,-1.1331499814987183,-0.9460878968238831,7.999487400054932,6.005363464355469,-0.02107422426342964,0.0,0.0,-0.02107422426342964,-0.009316205978393555,-0.011758018285036087,0.13631078600883484,0.0,1.0632213354110718,0.454878568649292,2.593140125274658,0.0
0,95,None,False,"29,77,48,63,9,128,54,102,7,98",1.1350376605987549,-2.222846508026123,-1.0617414712905884,-0.797834038734436,7.999309539794922,7.323574066162109,-0.025654714554548264,0.0,0.0,-0.025654714554548264,-0.024122655391693115,-0.0015320591628551483,0.5405921339988708,0.0,1.1408374309539795,0.47167113423347473,2.593140125274658,0.0
0,96,None,False,"29,77,48,63,9,128,54,102,7,98",1.046250581741333,-1.9512310028076172,-0.9996697306632996,-0.8812939524650574,7.999533653259277,6.477071285247803,-0.0218255165964365,0.0,0.0,-0.0218255165964365,-0.022385001182556152,0.0005594845861196518,0.42061474919319153,0.0,1.0263839960098267,0.5669302940368652,2.593140125274658,0.0
0,97,None,False,"29,77,48,63,9,128,54,102,7,98",1.0811517238616943,-2.519853353500366,-1.2265386581420898,-0.7226824760437012,7.999382019042969,4.530288219451904,-0.006154126022011042,0.0,0.0,-0.006154126022011042,-0.009826838970184326,0.0036727129481732845,0.3372860848903656,0.0,1.0559569597244263,0.4507743716239929,2.593140125274658,0.0
0,98,None,False,"29,77,48,63,9,128,54,102,7,98",1.1167190074920654,-2.022345781326294,-0.8825826644897461,-0.8913273811340332,7.999516010284424,5.495588779449463,-0.004582029767334461,0.0,0.0,-0.004582029767334461,-0.012758016586303711,0.00817598681896925,0.4946778416633606,0.0,0.9905228018760681,0.4765332341194153,2.593140125274658,0.0
0,99,None,False,"29,77,48,63,9,128,54,102,7,98",1.089237928390503,-1.8858364820480347,-1.2249363660812378,-0.7836154699325562,7.999545574188232,3.924222946166992,-0.0006530165555886924,0.0,0.0,-0.0006530165555886924,-0.0033302903175354004,0.002677273703739047,0.4103162884712219,0.0,0.9573325514793396,0.4186244010925293,2.593140125274658,0.0
0,100,Struct Break (DC),True,"77,31,73,43,83,105,84,114,76,36",1.0974483489990234,-1.5528908967971802,-0.9729570150375366,-0.9680842757225037,7.999607563018799,2.652144432067871,0.01188632845878601,0.09299999753634133,0.10199999729792276,-0.18311366438865662,0.003488302230834961,-0.18660196661949158,-2.196424961090088,-10.950156211853027,1.0025113821029663,0.4324231743812561,2.593140125274658,0.0
0,101,None,False,"77,31,73,43,83,105,84,114,76,36",1.061908483505249,-1.8571254014968872,-1.099346399307251,-0.8609148263931274,7.999560832977295,3.7549710273742676,0.00755839329212904,0.0,0.0,0.00755839329212904,-0.0020132064819335938,0.009571599774062634,0.4348885416984558,0.0,1.0695205926895142,0.4824185073375702,2.593140125274658,0.0
0,102,None,False,"77,31,73,43,83,105,84,114,76,36",1.0384939908981323,-2.0915799140930176,-0.9720304012298584,-0.9727814793586731,7.999581336975098,4.7894062995910645,-0.0010384678607806563,0.0,0.0,-0.0010384678607806563,-0.00047528743743896484,-0.0005631804233416915,0.350259006023407,0.0,1.0796846151351929,0.4963616132736206,2.593140125274658,0.0
0,103,None,False,"77,31,73,43,83,105,84,114,76,36",1.1011295318603516,-1.7956422567367554,-0.9807426929473877,-0.9293814897537231,7.999526023864746,4.015905857086182,0.009215259924530983,0.0,0.0,0.009215259924530983,0.014002442359924316,-0.0047871824353933334,0.3036144971847534,0.0,0.7929772138595581,0.4614582657814026,2.593140125274658,0.0
0,104,None,False,"77,31,73,43,83,105,84,114,76,36",1.0166337490081787,-1.8720687627792358,-1.2897905111312866,-0.7738057374954224,7.999335765838623,4.5819830894470215,-0.008179688826203346,0.0,0.0,-0.008179688826203346,0.012392759323120117,-0.020572448149323463,0.2590905725955963,0.0,0.8185276985168457,0.4096653461456299,2.593140125274658,0.0
0,105,None,False,"77,31,73,43,83,105,84,114,76,36",1.102667212486267,-2.0522305965423584,-1.1329084634780884,-0.8368227481842041,7.999503135681152,5.377882480621338,-0.009201914072036743,0.0,0.0,-0.009201914072036743,0.020910978317260742,-0.030112892389297485,0.2907325029373169,0.0,0.820049524307251,0.4093802869319916,2.593140125274658,0.0
0,106,None,False,"77,31,73,43,83,105,84,114,76,36",1.079648733139038,-1.9722620248794556,-1.1385024785995483,-0.7977792024612427,7.999622821807861,3.9247169494628906,0.003933030180633068,0.0,0.0,0.003933030180633068,0.024500489234924316,-0.020567458122968674,0.2136116623878479,0.0,0.8301918506622314,0.3970903158187866,2.593140125274658,0.0
0,107,None,False,"77,31,73,43,83,105,84,114,76,36",1.0525892972946167,-2.134025812149048,-0.9318480491638184,-0.906534731388092,7.999627113342285,4.080343246459961,0.0030894458759576082,0.0,0.0,0.0030894458759576082,0.020259499549865723,-0.017170052975416183,0.07581456750631332,0.0,0.8101484179496765,0.3221088647842407,2.593140125274658,0.0
0,108,None,False,"77,31,73,43,83,105,84,114,76,36",1.0918523073196411,-1.975684404373169,-1.1984000205993652,-0.8922427892684937,7.999467849731445,5.534273147583008,0.006154912523925304,0.0,0.0,0.006154912523925304,0.016449689865112305,-0.010294777341187,-0.03664054349064827,0.0,0.8148545622825623,0.33896252512931824,2.593140125274658,0.0
0,109,None,False,"77,31,73,43,83,105,84,114,76,36",1.1382763385772705,-1.9805781841278076,-0.9808329343795776,-0.9931073784828186,7.999402046203613,5.932795524597168,0.031982798129320145,0.0,0.0,0.031982798129320145,0.03040170669555664,0.001581091433763504,0.38523662090301514,0.0,0.7309980392456055,0.4000706076622009,2.593140125274658,0.0
0,110,None,False,"77,31,73,43,83,105,84,114,76,36",1.1097853183746338,-2.169142484664917,-1.16238534450531,-0.8908799290657043,7.999575614929199,4.823050498962402,0.03345993161201477,0.0,0.0,0.03345993161201477,0.03037583827972412,0.0030840933322906494,0.410602867603302,0.0,0.7589972615242004,0.34273988008499146,2.593140125274658,0.0
0,111,None,False,"77,31,73,43,83,105,84,114,76,36",1.0823924541473389,-1.9280067682266235,-1.1255900859832764,-0.9488446116447449,7.999587535858154,4.323199272155762,0.03128911182284355,0.0,0.0,0.03128911182284355,0.029688239097595215,0.0016008727252483368,0.33461740612983704,0.0,0.919782817363739,0.37122732400894165,2.593140125274658,0.0
0,112,None,False,"77,31,73,43,83,105,84,114,76,36",1.1219576597213745,-2.2018520832061768,-1.1536656618118286,-0.8682619333267212,7.999544620513916,4.237730503082275,0.026950985193252563,0.0,0.0,0.026950985193252563,0.033661723136901855,-0.006710737943649292,0.2385973185300827,0.0,0.9325205683708191,0.3427547812461853,2.593140125274658,0.0
0,113,None,False,"77,31,73,43,83,105,84,114,76,36",1.1062785387039185,-1.9340128898620605,-1.2346798181533813,-0.9006692171096802,7.999451160430908,3.744396924972534,0.032471317797899246,0.0,0.0,0.032471317797899246,0.04076051712036133,-0.008289199322462082,0.37364494800567627,0.0,0.9315019845962524,0.3400871753692627,2.593140125274658,0.0
0,114,Schedule,True,"24,54,25,60,103,124,78,76,77,51",1.0427062511444092,-1.749245285987854,-1.1868212223052979,-0.6375066637992859,7.999389171600342,5.155738353729248,0.022926753386855125,0.08266666789849599,0.09066666801770527,-0.1504065841436386,0.023769617080688477,-0.1741762012243271,-2.453968048095703,-12.245128631591797,0.9682060480117798,0.3276490569114685,2.593140125274658,0.0
0,115,None,False,"24,54,25,60,103,124,78,76,77,51",1.0263968706130981,-2.0471339225769043,-1.1443208456039429,-0.802222728729248,7.999534606933594,5.0653557777404785,0.01788095198571682,0.0,0.0,0.01788095198571682,0.021952509880065918,-0.004071557894349098,0.3727010190486908,0.0,0.802478551864624,0.3298162519931793,2.593140125274658,0.0
0,116,None,False,"24,54,25,60,103,124,78,76,77,51",1.1515686511993408,-1.935086965560913,-1.0761687755584717,-1.116178035736084,7.999459743499756,6.037504196166992,0.013027560897171497,0.0,0.0,0.013027560897171497,0.011499404907226562,0.0015281559899449348,0.4882366359233856,0.0,0.9384533762931824,0.3267154097557068,2.593140125274658,0.0
0,117,None,False,"24,54,25,60,103,124,78,76,77,51",0.9878888726234436,-2.027268886566162,-1.161453127861023,-0.7974470853805542,7.999430179595947,6.555304527282715,0.013973891735076904,0.0,0.0,0.013973891735076904,0.011912226676940918,0.0020616650581359863,0.30069318413734436,0.0,1.1517412662506104,0.3444857895374298,2.593140125274658,0.0
0,118,None,False,"24,54,25,60,103,124,78,76,77,51",1.112779974937439,-2.0274674892425537,-1.117676019668579,-0.6871418356895447,7.999467372894287,4.1719136238098145,-0.0007580936071462929,0.0,0.0,-0.0007580936071462929,0.004590034484863281,-0.005348128266632557,0.37167221307754517,0.0,0.9610100984573364,0.34696459770202637,2.593140125274658,0.0
0,119,None,False,"24,54,25,60,103,124,78,76,77,51",1.1009544134140015,-2.188690185546875,-1.2042381763458252,-0.6853073835372925,7.999442100524902,3.6433849334716797,0.009793984703719616,0.0,0.0,0.009793984703719616,0.004304409027099609,0.0054895756766200066,0.5467041730880737,0.0,0.8944547772407532,0.3406681418418884,2.593140125274658,0.0
0,120,None,False,"24,54,25,60,103,124,78,76,77,51",1.0714967250823975,-2.052734375,-0.9351038932800293,-0.9989131093025208,7.999485015869141,4.855754852294922,0.031475793570280075,0.0,0.0,0.031475793570280075,0.011382818222045898,0.020092975348234177,0.704837441444397,0.0,0.7303942441940308,0.328120619058609,2.593140125274658,0.0
0,121,None,False,"24,54,25,60,103,124,78,76,77,51",1.1266765594482422,-1.9724169969558716,-0.8964279890060425,-0.6292804479598999,7.999412536621094,5.186826229095459,0.03942849114537239,0.0,0.0,0.03942849114537239,0.028179168701171875,0.011249322444200516,0.5038735270500183,0.0,0.8006634712219238,0.38975954055786133,2.593140125274658,0.0
0,122,None,False,"24,54,25,60,103,124,78,76,77,51",1.0966721773147583,-1.6722842454910278,-0.8500915765762329,-0.8903710842132568,7.999466419219971,5.244901657104492,0.020142395049333572,0.0,0.0,0.020142395049333572,0.022061705589294434,-0.0019193105399608612,0.3432195484638214,0.0,0.6336795687675476,0.32926708459854126,2.593140125274658,0.0
0,123,None,False,"24,54,25,60,103,124,78,76,77,51",1.0935920476913452,-2.019798517227173,-1.093151330947876,-0.813373327255249,7.999529838562012,3.0426690578460693,0.02999408170580864,0.0,0.0,0.02999408170580864,0.02290356159210205,0.007090520113706589,0.35435277223587036,0.0,0.6167013049125671,0.2765013575553894,2.593140125274658,0.0
0,124,None,False,"24,54,25,60,103,124,78,76,77,51",0.9442745447158813,-2.2794582843780518,-1.0788352489471436,-0.9543548822402954,7.9994730949401855,4.355386257171631,0.010509401559829712,0.0,0.0,0.010509401559829712,0.014943480491638184,-0.004434078931808472,0.09460793435573578,0.0,0.8147599697113037,0.3545079231262207,2.593140125274658,0.0
0,125,None,False,"24,54,25,60,103,124,78,76,77,51",1.0783964395523071,-2.2744388580322266,-1.4801890850067139,-0.6131875514984131,7.99929141998291,5.2826056480407715,0.005538314580917358,0.0,0.0,0.005538314580917358,0.005183577537536621,0.0003547370433807373,0.25757917761802673,0.0,0.7276350855827332,0.3319361209869385,2.593140125274658,0.0
0,126,None,False,"24,54,25,60,103,124,78,76,77,51",1.117310881614685,-2.210440158843994,-1.1536762714385986,-0.9738034605979919,7.999457359313965,6.520249843597412,7.106065459083766e-05,0.0,0.0,7.106065459083766e-05,0.0015915632247924805,-0.0015205026138573885,0.19836311042308807,0.0,0.7831115126609802,0.2790200114250183,2.593140125274658,0.0
0,127,None,False,"24,54,25,60,103,124,78,76,77,51",1.0516687631607056,-2.00858736038208,-1.0892413854599,-0.7112699151039124,7.999294281005859,4.846269607543945,0.0015956342685967684,0.0,0.0,0.0015956342685967684,0.0036797523498535156,-0.0020841180812567472,0.48553159832954407,0.0,0.8693773150444031,0.27089881896972656,2.593140125274658,0.0
0,0,Schedule | Regime Shift (Initial),True,"29,120,47,137,112,12,52,21,77,94",1.073673963546753,-1.8862998485565186,-0.8947632908821106,-0.9485176801681519,7.99929666519165,4.926587104797363,-0.015561675652861595,0.0,0.0,-0.015561675652861595,-0.00790029764175415,-0.007661378011107445,-0.28065794706344604,-1.443569302558899,0.9941372871398926,0.37560874223709106,2.277238368988037,0.0
0,1,None,False,"29,120,47,137,112,12,52,21,77,94",1.009142279624939,-2.250438928604126,-1.0387656688690186,-0.7661640644073486,7.998961448669434,5.396042823791504,-0.020729178562760353,0.0,0.0,-0.020729178562760353,-0.010489284992218018,-0.010239893570542336,-0.017008688300848007,0.0,1.0439411401748657,0.45692670345306396,2.277238368988037,0.0
0,2,None,False,"29,120,47,137,112,12,52,21,77,94",1.0592480897903442,-1.9499430656433105,-1.0523419380187988,-0.8025375604629517,7.999139308929443,6.314248085021973,-0.0014552951324731112,0.0,0.0,-0.0014552951324731112,-0.0015211701393127441,6.587500683963299e-05,0.18891818821430206,0.0,1.1856220960617065,0.28419286012649536,2.277238368988037,0.0
0,3,None,False,"29,120,47,137,112,12,52,21,77,94",1.077872395515442,-1.9011045694351196,-0.9357901811599731,-1.0694504976272583,7.999321937561035,4.341550350189209,0.0344284251332283,0.0,0.0,0.0344284251332283,0.01766979694366455,0.01675862818956375,0.6714396476745605,0.0,1.2044813632965088,0.3063202202320099,2.277238368988037,0.0
0,4,None,False,"29,120,47,137,112,12,52,21,77,94",1.0114974975585938,-1.9906734228134155,-1.1400830745697021,-0.7294934988021851,7.999237060546875,3.7712628841400146,0.04669738933444023,0.0,0.0,0.04669738933444023,0.025389671325683594,0.021307718008756638,0.7226616740226746,0.0,1.0938842296600342,0.29029229283332825,2.277238368988037,0.0
0,5,None,False,"29,120,47,137,112,12,52,21,77,94",1.098474144935608,-2.0611233711242676,-1.1119581460952759,-0.806318998336792,7.999114990234375,4.842686653137207,0.025581438094377518,0.0,0.0,0.025581438094377518,0.012202262878417969,0.013379175215959549,0.47397392988204956,0.0,1.0641529560089111,0.30620893836021423,2.277238368988037,0.0
0,6,None,False,"29,120,47,137,112,12,52,21,77,94",1.0688254833221436,-2.272736072540283,-1.256714105606079,-0.775169849395752,7.998928070068359,5.393434524536133,0.016825944185256958,0.0,0.0,0.016825944185256958,0.004654645919799805,0.012171298265457153,0.4936438202857971,0.0,0.9377127885818481,0.29582345485687256,2.277238368988037,0.0
0,7,None,False,"29,120,47,137,112,12,52,21,77,94",1.0614954233169556,-1.781521201133728,-0.6775287389755249,-1.0421286821365356,7.999293804168701,5.344137191772461,-0.00904536247253418,0.0,0.0,-0.00904536247253418,-0.0013818740844726562,-0.0076634883880615234,0.1285020112991333,0.0,0.9317029714584351,0.31791073083877563,2.277238368988037,0.0
0,8,None,False,"29,120,47,137,112,12,52,21,77,94",1.0690314769744873,-1.877138376235962,-0.8560418486595154,-0.8134912252426147,7.999351978302002,5.484801292419434,-0.01855219528079033,0.0,0.0,-0.01855219528079033,-0.008931636810302734,-0.009620558470487595,-0.011441863141953945,0.0,0.9331376552581787,0.30875450372695923,2.277238368988037,0.0
0,9,None,False,"29,120,47,137,112,12,52,21,77,94",1.015286922454834,-1.8963055610656738,-0.8456920385360718,-0.8424530625343323,7.999317169189453,5.15981388092041,-0.020957523956894875,0.0,0.0,-0.020957523956894875,-0.004313468933105469,-0.016644055023789406,-0.4460257887840271,0.0,0.8143281936645508,0.3145524263381958,2.277238368988037,0.0
0,10,None,False,"29,120,47,137,112,12,52,21,77,94",0.9381953477859497,-2.016066551208496,-1.0523097515106201,-0.8060039281845093,7.9993510246276855,4.09370756149292,-0.021701615303754807,0.0,0.0,-0.021701615303754807,-0.005433440208435059,-0.016268175095319748,-0.14088788628578186,0.0,0.7112686634063721,0.32525500655174255,2.277238368988037,0.0
0,11,None,False,"29,120,47,137,112,12,52,21,77,94",1.063294529914856,-2.1742475032806396,-1.049276351928711,-0.8340763449668884,7.999022006988525,5.0184502601623535,0.005674439482390881,0.0,0.0,0.005674439482390881,0.0027464628219604492,0.0029279766604304314,0.0689389556646347,0.0,0.8068853616714478,0.28898000717163086,2.277238368988037,0.0
0,12,None,False,"29,120,47,137,112,12,52,21,77,94",1.059146523475647,-1.8749138116836548,-0.9193277359008789,-0.91610187292099,7.999269962310791,5.017799377441406,0.016142606735229492,0.0,0.0,0.016142606735229492,0.007449626922607422,0.00869297981262207,0.16207355260849,0.0,0.7241478562355042,0.3171013593673706,2.277238368988037,0.0
0,13,None,False,"29,120,47,137,112,12,52,21,77,94",1.0537649393081665,-1.9134103059768677,-0.9245290160179138,-0.9271223545074463,7.999369144439697,3.7670984268188477,0.1231963038444519,0.0,0.0,0.1231963038444519,0.031407952308654785,0.09178835153579712,1.722063660621643,0.0,0.7851808667182922,0.3676939606666565,2.277238368988037,0.0
0,14,Schedule,True,"26,137,75,25,2,71,40,21,100,58",1.0833030939102173,-1.9230666160583496,-0.9302371144294739,-1.0352073907852173,7.999589920043945,3.542102813720703,0.1309410035610199,0.08266666789849599,0.09066666801770527,-0.04239233583211899,0.03394210338592529,-0.07633443921804428,0.2354850172996521,1.1188018321990967,0.7730165719985962,0.3758827745914459,2.277238368988037,0.0
0,15,None,False,"26,137,75,25,2,71,40,21,100,58",1.099055528640747,-1.8642504215240479,-1.0873217582702637,-0.8385134935379028,7.999341011047363,3.254878282546997,0.13835647702217102,0.0,0.0,0.13835647702217102,0.03475141525268555,0.10360506176948547,3.767237901687622,0.0,0.7902676463127136,0.3153224587440491,2.277238368988037,0.0
0,16,None,False,"26,137,75,25,2,71,40,21,100,58",1.0757746696472168,-2.0599749088287354,-0.9525827169418335,-0.789148211479187,7.9991960525512695,4.14169454574585,0.12778586149215698,0.0,0.0,0.12778586149215698,0.030156850814819336,0.09762901067733765,2.196833610534668,0.0,0.7405016422271729,0.3006729483604431,2.277238368988037,0.0
0,17,None,False,"26,137,75,25,2,71,40,21,100,58",1.1046943664550781,-1.9919562339782715,-1.0003118515014648,-1.0865452289581299,7.999244689941406,6.325540542602539,0.11910855770111084,0.0,0.0,0.11910855770111084,0.02871537208557129,0.09039318561553955,1.4979661703109741,0.0,0.8024317026138306,0.2856050431728363,2.277238368988037,0.0
0,18,None,False,"26,137,75,25,2,71,40,21,100,58",1.0739293098449707,-2.0375397205352783,-1.1132557392120361,-0.740995466709137,7.999209403991699,5.579773902893066,0.015128254890441895,0.0,0.0,0.015128254890441895,0.005548715591430664,0.00957953929901123,0.4636102020740509,0.0,0.8696784973144531,0.3492259085178375,2.277238368988037,0.0
0,19,None,False,"26,137,75,25,2,71,40,21,100,58",0.9700149297714233,-2.1987929344177246,-1.244753360748291,-0.9015040397644043,7.999186038970947,5.178883075714111,0.0009470403310842812,0.0,0.0,0.0009470403310842812,0.010553240776062012,-0.009606200270354748,0.027932291850447655,0.0,1.0557126998901367,0.46161550283432007,2.277238368988037,0.0
0,20,None,False,"26,137,75,25,2,71,40,21,100,58",1.060103416442871,-2.0347626209259033,-1.031419038772583,-0.8341435194015503,7.999294757843018,5.020659446716309,-0.003541195299476385,0.0,0.0,-0.003541195299476385,0.009955525398254395,-0.013496721163392067,-0.00801295880228281,0.0,0.9171348810195923,0.42820435762405396,2.277238368988037,0.0
0,21,None,False,"26,137,75,25,2,71,40,21,100,58",1.1563791036605835,-2.019939661026001,-1.0023448467254639,-0.7896760702133179,7.9991984367370605,4.642930030822754,-0.000376152980607003,0.0,0.0,-0.000376152980607003,0.010578632354736328,-0.010954785160720348,-0.06880039721727371,0.0,0.9207940101623535,0.3282005786895752,2.277238368988037,0.0
0,22,None,False,"26,137,75,25,2,71,40,21,100,58",1.0102206468582153,-2.389946460723877,-0.8333144783973694,-1.2808259725570679,7.999441623687744,6.714366436004639,-0.012428170070052147,0.0,0.0,-0.012428170070052147,-0.0022149085998535156,-0.010213261470198631,-0.06946229934692383,0.0,0.8652660846710205,0.45000314712524414,2.277238368988037,0.0
0,23,None,False,"26,137,75,25,2,71,40,21,100,58",1.0750371217727661,-1.9690120220184326,-1.0481452941894531,-0.8495932817459106,7.999210834503174,5.735690593719482,-0.012719154357910156,0.0,0.0,-0.012719154357910156,-0.0009557604789733887,-0.011763393878936768,0.12948180735111237,0.0,0.803549587726593,0.3716503381729126,2.277238368988037,0.0
0,24,None,False,"26,137,75,25,2,71,40,21,100,58",1.1175559759140015,-1.850650668144226,-0.7553166151046753,-1.264326572418213,7.999338150024414,4.527451038360596,-0.025317197665572166,0.0,0.0,-0.025317197665572166,-0.014088034629821777,-0.011229163035750389,0.05484677106142044,0.0,0.8079111576080322,0.293441504240036,2.277238368988037,0.0
0,25,None,False,"26,137,75,25,2,71,40,21,100,58",1.073176383972168,-1.9515669345855713,-0.8198310732841492,-1.2226276397705078,7.999439239501953,4.863463878631592,-0.027486782521009445,0.0,0.0,-0.027486782521009445,-0.017726778984069824,-0.009760003536939621,-0.06810789555311203,0.0,0.6724839210510254,0.31371819972991943,2.277238368988037,0.0
0,26,None,False,"26,137,75,25,2,71,40,21,100,58",1.0405032634735107,-2.160447359085083,-0.9308668971061707,-1.0002599954605103,7.999225616455078,3.8473753929138184,-0.02271801233291626,0.0,0.0,-0.02271801233291626,-0.011887013912200928,-0.010830998420715332,-0.10888359695672989,0.0,0.69181889295578,0.35520774126052856,2.277238368988037,0.0
0,27,None,False,"26,137,75,25,2,71,40,21,100,58",0.917739987373352,-2.190683364868164,-1.1012673377990723,-0.9538184404373169,7.999209880828857,5.672235488891602,-0.00983249582350254,0.0,0.0,-0.00983249582350254,-0.003258049488067627,-0.006574446335434914,0.20082081854343414,0.0,0.8751909732818604,0.3151494562625885,2.277238368988037,0.0
0,28,Schedule,True,"81,75,43,89,24,119,32,70,129,48",1.051553726196289,-1.9580963850021362,-1.0401051044464111,-1.0133168697357178,7.999378204345703,5.370341777801514,0.01584681309759617,0.09299999753634133,0.10199999729792276,-0.179153174161911,0.0035430192947387695,-0.18269619345664978,-0.864828884601593,-4.339500427246094,0.9150723218917847,0.37860608100891113,2.277238368988037,0.0
0,29,None,False,"81,75,43,89,24,119,32,70,129,48",1.069001317024231,-1.921974539756775,-1.079204797744751,-0.9550105333328247,7.99924898147583,4.289058208465576,0.0524919256567955,0.0,0.0,0.0524919256567955,0.020305156707763672,0.03218676894903183,1.1661239862442017,0.0,0.9269808530807495,0.3505709171295166,2.277238368988037,0.0
0,30,None,False,"81,75,43,89,24,119,32,70,129,48",0.991629421710968,-2.1094119548797607,-1.200566291809082,-0.643641471862793,7.9988627433776855,6.685871601104736,0.05410658195614815,0.0,0.0,0.05410658195614815,0.03184378147125244,0.022262800484895706,0.8948743343353271,0.0,0.8206745386123657,0.2962474822998047,2.277238368988037,0.0
0,31,None,False,"81,75,43,89,24,119,32,70,129,48",0.954522430896759,-2.029867172241211,-0.871885359287262,-1.001301646232605,7.9995808601379395,5.73715353012085,0.044465504586696625,0.0,0.0,0.044465504586696625,0.027257204055786133,0.017208300530910492,0.6700590252876282,0.0,0.7241204977035522,0.2999650239944458,2.277238368988037,0.0
0,32,None,False,"81,75,43,89,24,119,32,70,129,48",1.0150656700134277,-2.321554183959961,-1.1517975330352783,-0.905369222164154,7.999108791351318,5.750011444091797,0.04303831607103348,0.0,0.0,0.04303831607103348,0.02784121036529541,0.015197105705738068,0.691881537437439,0.0,0.5902251601219177,0.3176158368587494,2.277238368988037,0.0
0,33,None,False,"81,75,43,89,24,119,32,70,129,48",1.0709941387176514,-2.0758349895477295,-1.02158784866333,-0.8641630411148071,7.999316692352295,4.862123966217041,0.0372421070933342,0.0,0.0,0.0372421070933342,0.02398681640625,0.013255290687084198,0.5998671054840088,0.0,0.5228420495986938,0.32497572898864746,2.277238368988037,0.0
0,34,None,False,"81,75,43,89,24,119,32,70,129,48",1.0605863332748413,-2.0672523975372314,-0.8458704352378845,-0.8801515698432922,7.999485015869141,4.168220043182373,0.013867855072021484,0.0,0.0,0.013867855072021484,0.018419742584228516,-0.004551887512207031,0.0961129441857338,0.0,0.5910681486129761,0.310341477394104,2.277238368988037,0.0
0,35,None,False,"81,75,43,89,24,119,32,70,129,48",1.0264852046966553,-1.9001832008361816,-0.9104083180427551,-0.9687250256538391,7.999312877655029,3.9039652347564697,0.019972896203398705,0.0,0.0,0.019972896203398705,0.016434311866760254,0.0035385843366384506,-0.09000948071479797,0.0,0.6332060098648071,0.2973995804786682,2.277238368988037,0.0
0,36,None,False,"81,75,43,89,24,119,32,70,129,48",0.9110726714134216,-2.4896469116210938,-1.0194710493087769,-0.8617604970932007,7.998967170715332,7.1714653968811035,0.0284956693649292,0.0,0.0,0.0284956693649292,0.021541595458984375,0.006954073905944824,0.23748089373111725,0.0,0.6194711923599243,0.3151629865169525,2.277238368988037,0.0
0,37,None,False,"81,75,43,89,24,119,32,70,129,48",1.096108078956604,-1.856537938117981,-1.022425889968872,-1.08514404296875,7.999146938323975,6.731924533843994,0.033541690558195114,0.0,0.0,0.033541690558195114,0.033011794090270996,0.000529896467924118,0.2857266068458557,0.0,0.6531690955162048,0.3188979923725128,2.277238368988037,0.0
0,38,None,False,"81,75,43,89,24,119,32,70,129,48",0.9928341507911682,-1.7373493909835815,-0.8482415080070496,-0.856115460395813,7.999228000640869,5.4744110107421875,0.03396139666438103,0.0,0.0,0.03396139666438103,0.02772533893585205,0.0062360577285289764,0.3823105990886688,0.0,0.5895400643348694,0.28280460834503174,2.277238368988037,0.0
0,39,None,False,"81,75,43,89,24,119,32,70,129,48",1.0851701498031616,-2.116605758666992,-1.0980359315872192,-0.9327050447463989,7.999143123626709,5.290195941925049,0.034129656851291656,0.0,0.0,0.034129656851291656,0.03064417839050293,0.003485478460788727,0.3354989290237427,0.0,0.5457745790481567,0.32569190859794617,2.277238368988037,0.0
0,40,None,False,"81,75,43,89,24,119,32,70,129,48",1.0836771726608276,-1.8631367683410645,-0.8356367945671082,-1.0386136770248413,7.999388217926025,4.769629955291748,0.023215526714920998,0.0,0.0,0.023215526714920998,0.019495368003845215,0.0037201587110757828,0.6020151376724243,0.0,0.6271959543228149,0.24677664041519165,2.277238368988037,0.0
0,41,None,False,"81,75,43,89,24,119,32,70,129,48",1.0406571626663208,-1.6904069185256958,-0.9201136827468872,-1.0762240886688232,7.9993391036987305,3.4450249671936035,0.024458546191453934,0.0,0.0,0.024458546191453934,0.020432472229003906,0.0040260739624500275,0.40946516394615173,0.0,0.5766761898994446,0.2664318382740021,2.277238368988037,0.0
0,42,Schedule,True,"72,33,122,34,51,70,30,36,54,80",0.9742501974105835,-2.1375198364257812,-0.8649922013282776,-1.054942011833191,7.999678134918213,4.803112030029297,0.015017693862318993,0.09299999753634133,0.10199999729792276,-0.17998230457305908,0.02043449878692627,-0.20041680335998535,-1.3728296756744385,-6.859219551086426,0.555123507976532,0.2338542640209198,2.277238368988037,0.0
0,43,None,False,"72,33,122,34,51,70,30,36,54,80",1.089056372642517,-1.9597423076629639,-1.0814152956008911,-1.0307167768478394,7.99919319152832,5.464150905609131,0.032199304550886154,0.0,0.0,0.032199304550886154,0.030266284942626953,0.001933019608259201,0.2217055857181549,0.0,0.4925767779350281,0.23459622263908386,2.277238368988037,0.0
0,44,None,False,"72,33,122,34,51,70,30,36,54,80",0.9972439408302307,-2.0125515460968018,-1.2239993810653687,-0.8256716728210449,7.999496936798096,5.074431419372559,0.0235078576952219,0.0,0.0,0.0235078576952219,0.02102077007293701,0.0024870876222848892,0.22197459638118744,0.0,0.6549847722053528,0.24190644919872284,2.277238368988037,0.0
0,45,None,False,"72,33,122,34,51,70,30,36,54,80",1.0580813884735107,-1.9298213720321655,-0.9479130506515503,-0.7818543910980225,7.999225616455078,4.509358882904053,0.02387126162648201,0.0,0.0,0.02387126162648201,0.023798108100891113,7.31535255908966e-05,0.2949824035167694,0.0,0.6371616125106812,0.24974583089351654,2.277238368988037,0.0
0,46,None,False,"72,33,122,34,51,70,30,36,54,80",1.0517317056655884,-2.24910831451416,-0.962110161781311,-0.9225486516952515,7.999222755432129,5.3049468994140625,0.00867551565170288,0.0,0.0,0.00867551565170288,0.010439157485961914,-0.0017636418342590332,0.4156564772129059,0.0,0.6371670961380005,0.2327820509672165,2.277238368988037,0.0
0,47,None,False,"72,33,122,34,51,70,30,36,54,80",0.9951056241989136,-1.9730406999588013,-1.0696606636047363,-0.7061382532119751,7.999220848083496,4.876357555389404,0.0009587287786416709,0.0,0.0,0.0009587287786416709,0.004201531410217285,-0.0032428025733679533,0.12785565853118896,0.0,0.8103609085083008,0.32780909538269043,2.277238368988037,0.0
0,48,None,False,"72,33,122,34,51,70,30,36,54,80",1.080607295036316,-2.006211757659912,-0.9267914295196533,-0.8644686937332153,7.999303340911865,4.0887556076049805,-0.021157223731279373,0.0,0.0,-0.021157223731279373,-0.01209867000579834,-0.009058553725481033,-0.11570697277784348,0.0,0.6807489395141602,0.3122939467430115,2.277238368988037,0.0
0,49,None,False,"72,33,122,34,51,70,30,36,54,80",1.1084098815917969,-2.2197012901306152,-1.0892329216003418,-0.9770804643630981,7.9993205070495605,3.4218645095825195,-0.021906476467847824,0.0,0.0,-0.021906476467847824,-0.011439383029937744,-0.01046709343791008,-0.008187701925635338,0.0,0.796787679195404,0.29542550444602966,2.277238368988037,0.0
0,50,None,False,"72,33,122,34,51,70,30,36,54,80",1.0736256837844849,-2.0921621322631836,-1.1084368228912354,-0.7475634813308716,7.999068737030029,4.689019680023193,-0.021527672186493874,0.0,0.0,-0.021527672186493874,-0.008724629878997803,-0.01280304230749607,-0.2040485143661499,0.0,0.8155959844589233,0.32763057947158813,2.277238368988037,0.0
0,51,None,False,"72,33,122,34,51,70,30,36,54,80",1.029112696647644,-1.8938462734222412,-1.0322999954223633,-0.8469648361206055,7.999454498291016,3.4149537086486816,-0.0010056734317913651,0.0,0.0,-0.0010056734317913651,-0.00025773048400878906,-0.0007479429477825761,0.41851329803466797,0.0,0.7639134526252747,0.3077723979949951,2.277238368988037,0.0
0,52,None,False,"72,33,122,34,51,70,30,36,54,80",1.0067821741104126,-1.8352901935577393,-1.2080663442611694,-0.9868980050086975,7.999042987823486,4.653592586517334,0.019181877374649048,0.0,0.0,0.019181877374649048,0.0006014108657836914,0.018580466508865356,0.6101523041725159,0.0,0.7596529722213745,0.38723525404930115,2.277238368988037,0.0
0,53,None,False,"72,33,122,34,51,70,30,36,54,80",1.1440492868423462,-2.125190496444702,-1.0162708759307861,-0.9899833798408508,7.9990010261535645,4.924267768859863,0.02946833334863186,0.0,0.0,0.02946833334863186,0.014977693557739258,0.014490639790892601,0.5035445690155029,0.0,0.7721518278121948,0.37575942277908325,2.277238368988037,0.0
0,54,None,False,"72,33,122,34,51,70,30,36,54,80",1.0458091497421265,-2.025724172592163,-0.9085920453071594,-1.2037692070007324,7.999514579772949,5.463700771331787,0.0449204221367836,0.0,0.0,0.0449204221367836,0.02140629291534424,0.02351412922143936,0.6700924038887024,0.0,0.8759934902191162,0.3668917417526245,2.277238368988037,0.0
0,55,None,False,"72,33,122,34,51,70,30,36,54,80",1.0613398551940918,-2.25614857673645,-1.2580523490905762,-0.7967792749404907,7.998899459838867,5.799210548400879,0.05593867972493172,0.0,0.0,0.05593867972493172,0.020980000495910645,0.03495867922902107,0.8359835743904114,0.0,0.9859941005706787,0.37893667817115784,2.277238368988037,0.0
0,56,Schedule,True,"75,51,32,45,69,59,72,70,33,130",1.002032995223999,-2.061809778213501,-1.39732027053833,-0.811380922794342,7.999002933502197,5.054474830627441,0.04999065399169922,0.062000002463658645,0.06800000270207722,-0.0800093561410904,0.01896536350250244,-0.09897471964359283,-0.6874875426292419,-3.466364860534668,1.0659574270248413,0.46016860008239746,2.277238368988037,0.0
0,57,None,False,"75,51,32,45,69,59,72,70,33,130",1.0086489915847778,-1.7391088008880615,-1.0475316047668457,-0.8782377243041992,7.999022483825684,3.7356162071228027,0.02423453889787197,0.0,0.0,0.02423453889787197,0.010058999061584473,0.014175539836287498,0.6410165429115295,0.0,1.2259116172790527,0.4747099280357361,2.277238368988037,0.0
0,58,None,False,"75,51,32,45,69,59,72,70,33,130",1.0792269706726074,-1.9161158800125122,-0.9355679750442505,-0.8189237713813782,7.999322891235352,4.75614595413208,0.030318867415189743,0.0,0.0,0.030318867415189743,0.007376670837402344,0.0229421965777874,0.7091502547264099,0.0,1.2252657413482666,0.4112703502178192,2.277238368988037,0.0
0,59,None,False,"75,51,32,45,69,59,72,70,33,130",0.9914277791976929,-2.0549378395080566,-0.8333610892295837,-1.126941442489624,7.99938440322876,4.655402183532715,0.014961856417357922,0.0,0.0,0.014961856417357922,0.002553701400756836,0.012408155016601086,0.6095753312110901,0.0,1.1794073581695557,0.414322167634964,2.277238368988037,0.0
0,60,None,False,"75,51,32,45,69,59,72,70,33,130",1.0204747915267944,-2.150359869003296,-0.8968980312347412,-0.9251111149787903,7.999314785003662,3.6826210021972656,0.018386494368314743,0.0,0.0,0.018386494368314743,0.012272834777832031,0.006113659590482712,0.45063188672065735,0.0,1.1434592008590698,0.41358429193496704,2.277238368988037,0.0
0,61,None,False,"75,51,32,45,69,59,72,70,33,130",1.0779595375061035,-1.9203747510910034,-1.091296911239624,-0.8922756910324097,7.999424457550049,3.961486339569092,0.033188603818416595,0.0,0.0,0.033188603818416595,0.017008423805236816,0.01618018001317978,0.6611685156822205,0.0,0.9804967641830444,0.38990065455436707,2.277238368988037,0.0
0,62,None,False,"75,51,32,45,69,59,72,70,33,130",0.9980221390724182,-2.207101345062256,-1.2518415451049805,-0.9363278746604919,7.999032497406006,4.397712230682373,0.0587959885597229,0.0,0.0,0.0587959885597229,0.027800917625427246,0.030995070934295654,0.8216544985771179,0.0,1.2542688846588135,0.347074031829834,2.277238368988037,0.0
0,63,None,False,"75,51,32,45,69,59,72,70,33,130",1.1024950742721558,-2.16357421875,-0.9825521111488342,-0.6811528205871582,7.99903678894043,4.760199069976807,0.054040879011154175,0.0,0.0,0.054040879011154175,0.023672103881835938,0.030368775129318237,0.7445998191833496,0.0,1.2761318683624268,0.37491220235824585,2.277238368988037,0.0
0,64,None,False,"75,51,32,45,69,59,72,70,33,130",1.0945438146591187,-1.8599086999893188,-0.9360042810440063,-0.7826868891716003,7.9993462562561035,4.360093116760254,0.0404268316924572,0.0,0.0,0.0404268316924572,0.015566110610961914,0.024860721081495285,0.6667854189872742,0.0,1.3082513809204102,0.35662391781806946,2.277238368988037,0.0
0,65,None,False,"75,51,32,45,69,59,72,70,33,130",1.0979342460632324,-1.992453694343567,-1.0151197910308838,-1.0707056522369385,7.999224662780762,3.887538433074951,0.021861404180526733,0.0,0.0,0.021861404180526733,0.00912320613861084,0.012738198041915894,0.4637303352355957,0.0,1.1413450241088867,0.3815832734107971,2.277238368988037,0.0
0,66,None,False,"75,51,32,45,69,59,72,70,33,130",1.0714290142059326,-2.049616813659668,-0.9117705225944519,-0.9364280700683594,7.999541759490967,4.178640842437744,0.015135550871491432,0.0,0.0,0.015135550871491432,0.009502172470092773,0.005633378401398659,0.36048129200935364,0.0,1.095574140548706,0.36240389943122864,2.277238368988037,0.0
0,67,None,False,"75,51,32,45,69,59,72,70,33,130",1.1057827472686768,-2.1059725284576416,-1.1084966659545898,-0.9023889303207397,7.999223232269287,3.413583993911743,0.009007096290588379,0.0,0.0,0.009007096290588379,0.005473136901855469,0.00353395938873291,0.41315174102783203,0.0,1.1741865873336792,0.38000667095184326,2.277238368988037,0.0
0,68,None,False,"75,51,32,45,69,59,72,70,33,130",0.9109945297241211,-1.9205551147460938,-1.1733527183532715,-0.5325926542282104,7.998610973358154,6.6304192543029785,-0.006336235906928778,0.0,0.0,-0.006336235906928778,0.004057049751281738,-0.010393286123871803,0.13509508967399597,0.0,0.9637264013290405,0.3096945881843567,2.277238368988037,0.0
0,69,None,False,"75,51,32,45,69,59,72,70,33,130",1.0872371196746826,-1.8885726928710938,-0.8703981637954712,-0.864464521408081,7.999242782592773,6.640776634216309,-0.008027022704482079,0.0,0.0,-0.008027022704482079,0.011199235916137695,-0.019226258620619774,-0.0681929811835289,0.0,0.9033554792404175,0.2742767632007599,2.277238368988037,0.0
0,70,Schedule,True,"130,31,121,45,133,43,74,64,30,24",0.9757902026176453,-2.13985538482666,-1.2134106159210205,-0.6073366403579712,7.999120235443115,4.453977108001709,-0.005092525389045477,0.08266666789849599,0.09066666801770527,-0.1784258633852005,0.011242985725402832,-0.18966884911060333,-1.5771703720092773,-7.8768439292907715,0.8190581798553467,0.2423373907804489,2.277238368988037,0.0
0,71,None,False,"130,31,121,45,133,43,74,64,30,24",1.0141240358352661,-1.9826687574386597,-0.9335474371910095,-0.815800666809082,7.999373912811279,4.02368688583374,0.0007524609682150185,0.0,0.0,0.0007524609682150185,0.0028564929962158203,-0.0021040320862084627,0.3803286552429199,0.0,0.9816164970397949,0.2779381275177002,2.277238368988037,0.0
0,72,None,False,"130,31,121,45,133,43,74,64,30,24",1.081346035003662,-2.0413169860839844,-1.0294339656829834,-0.9084572792053223,7.999520778656006,3.6425554752349854,-0.012457567267119884,0.0,0.0,-0.012457567267119884,0.0018062591552734375,-0.014263826422393322,0.040904320776462555,0.0,1.1937737464904785,0.4130573868751526,2.277238368988037,0.0
0,73,None,False,"130,31,121,45,133,43,74,64,30,24",1.0373640060424805,-2.0571746826171875,-0.8722121715545654,-0.9126659631729126,7.999392986297607,3.2379772663116455,0.009528189897537231,0.0,0.0,0.009528189897537231,0.005572676658630371,0.00395551323890686,0.5233495235443115,0.0,1.4664981365203857,0.4238244295120239,2.277238368988037,0.0
0,74,None,False,"130,31,121,45,133,43,74,64,30,24",1.0389811992645264,-2.214538097381592,-0.948705792427063,-0.7457537055015564,7.99928617477417,4.374393463134766,0.009880530647933483,0.0,0.0,0.009880530647933483,0.004398941993713379,0.005481588654220104,0.374030202627182,0.0,1.2777376174926758,0.43855535984039307,2.277238368988037,0.0
0,75,None,False,"130,31,121,45,133,43,74,64,30,24",1.0373225212097168,-2.3378753662109375,-1.0175971984863281,-0.8700224757194519,7.9990715980529785,5.026270866394043,0.0005308091640472412,0.0,0.0,0.0005308091640472412,-0.0015183687210083008,0.002049177885055542,0.4495939314365387,0.0,1.2763187885284424,0.4313279092311859,2.277238368988037,0.0
0,76,None,False,"130,31,121,45,133,43,74,64,30,24",1.1380361318588257,-1.7900209426879883,-1.0635960102081299,-1.0846295356750488,7.999250888824463,6.622413635253906,-0.008931743912398815,0.0,0.0,-0.008931743912398815,0.006647944450378418,-0.015579688362777233,-0.006376022472977638,0.0,1.2538354396820068,0.47837895154953003,2.277238368988037,0.0
0,77,None,False,"130,31,121,45,133,43,74,64,30,24",1.0025700330734253,-2.0459020137786865,-1.0401592254638672,-0.8858423829078674,7.999238967895508,4.762868404388428,-0.0023492216132581234,0.0,0.0,-0.0023492216132581234,0.0070334672927856445,-0.009382689371705055,0.17089736461639404,0.0,1.3978524208068848,0.5258427858352661,2.277238368988037,0.0
0,78,None,False,"130,31,121,45,133,43,74,64,30,24",1.0383282899856567,-1.7629040479660034,-0.7378467321395874,-0.926145076751709,7.999524116516113,3.8291690349578857,-0.02217341586947441,0.0,0.0,-0.02217341586947441,-0.0009615421295166016,-0.02121187373995781,0.10136149078607559,0.0,1.2315126657485962,0.47470274567604065,2.277238368988037,0.0
0,79,None,False,"130,31,121,45,133,43,74,64,30,24",1.0561394691467285,-1.8525069952011108,-0.9644696712493896,-0.968204140663147,7.999085903167725,3.9393086433410645,-0.01707681454718113,0.0,0.0,-0.01707681454718113,-0.0026592016220092773,-0.014417612925171852,0.09540142863988876,0.0,1.1440744400024414,0.5460339188575745,2.277238368988037,0.0
0,80,None,False,"130,31,121,45,133,43,74,64,30,24",1.0851088762283325,-1.9339390993118286,-0.986545979976654,-0.8443064093589783,7.999251365661621,4.945690631866455,-0.0278046615421772,0.0,0.0,-0.0278046615421772,-0.009316205978393555,-0.018488455563783646,0.14228716492652893,0.0,1.1633965969085693,0.5195643901824951,2.277238368988037,0.0
0,81,None,False,"130,31,121,45,133,43,74,64,30,24",1.0462281703948975,-1.851764440536499,-1.150024175643921,-0.719907283782959,7.999327182769775,3.7678046226501465,-0.035563480108976364,0.0,0.0,-0.035563480108976364,-0.024122655391693115,-0.011440824717283249,0.28003308176994324,0.0,1.2318918704986572,0.4181980490684509,2.277238368988037,0.0
0,82,None,False,"130,31,121,45,133,43,74,64,30,24",0.9947832822799683,-1.940704584121704,-0.8867501020431519,-0.9802609086036682,7.999513626098633,3.6601758003234863,-0.028617877513170242,0.0,0.0,-0.028617877513170242,-0.022385001182556152,-0.00623287633061409,0.10018453747034073,0.0,1.3555610179901123,0.5077924728393555,2.277238368988037,0.0
0,83,None,False,"130,31,121,45,133,43,74,64,30,24",1.0415008068084717,-1.9662761688232422,-0.9860360622406006,-0.8892434239387512,7.999383449554443,4.599079132080078,-0.016746139153838158,0.0,0.0,-0.016746139153838158,-0.009826838970184326,-0.0069193001836538315,0.4177623689174652,0.0,1.1948860883712769,0.5391643047332764,2.277238368988037,0.0
0,84,Schedule,True,"67,42,101,55,27,118,48,3,97,94",1.1019642353057861,-1.9558953046798706,-0.946268618106842,-0.6910165548324585,7.9991559982299805,5.5399322509765625,0.010222053155303001,0.10333333333333332,0.11333333333333333,-0.2064446210861206,-0.012758016586303711,-0.1936866044998169,-2.0905721187591553,-10.426880836486816,1.0742591619491577,0.48940765857696533,2.277238368988037,0.0
0,85,None,False,"67,42,101,55,27,118,48,3,97,94",1.1091536283493042,-2.0066962242126465,-0.9638024568557739,-0.7945055365562439,7.999223709106445,4.249151229858398,0.008142220787703991,0.0,0.0,0.008142220787703991,-0.0033302903175354004,0.011472511105239391,0.4846794009208679,0.0,0.9046348929405212,0.40553781390190125,2.277238368988037,0.0
0,86,Struct Break (DC),True,"15,51,10,73,89,78,126,124,61,131",1.090651035308838,-2.061876058578491,-1.0603471994400024,-0.7964168190956116,7.99929666519165,2.8587350845336914,-0.003555548144504428,0.10333333333333332,0.11333333333333333,-0.22022221982479095,0.003488302230834961,-0.22371052205562592,-3.6237401962280273,-18.037094116210938,1.1517316102981567,0.35357946157455444,2.277238368988037,0.0
0,87,None,False,"15,51,10,73,89,78,126,124,61,131",1.060929536819458,-2.187671422958374,-1.048214077949524,-0.8186330795288086,7.999238014221191,4.314157485961914,-0.007361930795013905,0.0,0.0,-0.007361930795013905,-0.0020132064819335938,-0.005348724313080311,0.29971274733543396,0.0,0.9429891109466553,0.417470246553421,2.277238368988037,0.0
0,88,None,False,"15,51,10,73,89,78,126,124,61,131",1.0015026330947876,-1.977015495300293,-1.0278105735778809,-1.0795196294784546,7.999114990234375,5.662237167358398,-0.0014674663543701172,0.0,0.0,-0.0014674663543701172,-0.00047528743743896484,-0.0009921789169311523,0.3004031181335449,0.0,0.9042148590087891,0.4255381226539612,2.277238368988037,0.0
0,89,None,False,"15,51,10,73,89,78,126,124,61,131",1.0093728303909302,-1.5391621589660645,-1.0385528802871704,-0.802554726600647,7.99890661239624,6.944496154785156,0.010334456339478493,0.0,0.0,0.010334456339478493,0.014002442359924316,-0.0036679860204458237,0.24779795110225677,0.0,1.0736507177352905,0.4419630169868469,2.277238368988037,0.0
0,90,None,False,"15,51,10,73,89,78,126,124,61,131",1.0609657764434814,-2.1276137828826904,-0.9608723521232605,-0.8207417726516724,7.999365329742432,5.980025768280029,0.00047830940457060933,0.0,0.0,0.00047830940457060933,0.012392759323120117,-0.011914449743926525,-0.012348931282758713,0.0,1.0364705324172974,0.3553050458431244,2.277238368988037,0.0
0,91,None,False,"15,51,10,73,89,78,126,124,61,131",1.0444490909576416,-1.765281081199646,-0.8558900356292725,-0.9854329824447632,7.999435901641846,3.4245855808258057,0.006997573189437389,0.0,0.0,0.006997573189437389,0.020910978317260742,-0.013913405127823353,0.14049161970615387,0.0,1.0428224802017212,0.3833544850349426,2.277238368988037,0.0
0,92,None,False,"15,51,10,73,89,78,126,124,61,131",0.9834460020065308,-2.1917099952697754,-1.2548573017120361,-0.7093198895454407,7.999126434326172,4.35559606552124,0.01968710497021675,0.0,0.0,0.01968710497021675,0.024500489234924316,-0.004813384264707565,0.3288036286830902,0.0,1.0248808860778809,0.2640616297721863,2.277238368988037,0.0
0,93,None,False,"15,51,10,73,89,78,126,124,61,131",1.1225260496139526,-1.7759017944335938,-0.8198650479316711,-1.2096372842788696,7.999447345733643,5.126011371612549,0.01627069152891636,0.0,0.0,0.01627069152891636,0.020259499549865723,-0.003988808020949364,0.2683674097061157,0.0,0.8832780122756958,0.3363441526889801,2.277238368988037,0.0
0,94,None,False,"15,51,10,73,89,78,126,124,61,131",0.9851316809654236,-2.1667251586914062,-0.8655102252960205,-1.0424346923828125,7.999485969543457,5.682396411895752,0.010269147343933582,0.0,0.0,0.010269147343933582,0.016449689865112305,-0.006180542521178722,0.26447054743766785,0.0,1.0084609985351562,0.3293101489543915,2.277238368988037,0.0
0,95,None,False,"15,51,10,73,89,78,126,124,61,131",1.0320496559143066,-2.0630807876586914,-1.090622901916504,-0.8166863322257996,7.999325752258301,4.231823921203613,0.034607887268066406,0.0,0.0,0.034607887268066406,0.03040170669555664,0.004206180572509766,0.45572370290756226,0.0,0.7789115905761719,0.3308027386665344,2.277238368988037,0.0
0,96,None,False,"15,51,10,73,89,78,126,124,61,131",1.0635826587677002,-2.171772003173828,-1.0464990139007568,-1.067594289779663,7.999375820159912,3.8237106800079346,0.03828420117497444,0.0,0.0,0.03828420117497444,0.03037583827972412,0.00790836289525032,0.33260250091552734,0.0,0.744654655456543,0.2926028072834015,2.277238368988037,0.0
0,97,None,False,"15,51,10,73,89,78,126,124,61,131",1.0222535133361816,-2.232436180114746,-1.1238327026367188,-1.1046533584594727,7.999030113220215,4.94231653213501,0.018755584955215454,0.0,0.0,0.018755584955215454,0.029688239097595215,-0.01093265414237976,0.2945653796195984,0.0,0.5651637315750122,0.23083555698394775,2.277238368988037,0.0
0,98,None,False,"15,51,10,73,89,78,126,124,61,131",1.0839968919754028,-1.699911117553711,-1.0869488716125488,-0.8124426007270813,7.999226093292236,5.889779090881348,0.03086606226861477,0.0,0.0,0.03086606226861477,0.033661723136901855,-0.0027956608682870865,0.3469280004501343,0.0,0.595298171043396,0.3370538651943207,2.277238368988037,0.0
0,99,None,False,"15,51,10,73,89,78,126,124,61,131",1.0678763389587402,-2.089341163635254,-1.0270159244537354,-0.8693428039550781,7.9993462562561035,3.753965139389038,0.035851407796144485,0.0,0.0,0.035851407796144485,0.04076051712036133,-0.004909109324216843,0.3574175536632538,0.0,0.7236963510513306,0.37171006202697754,2.277238368988037,0.0
0,100,Schedule,True,"22,126,30,108,37,77,60,53,33,117",1.0462613105773926,-1.855656385421753,-1.0170669555664062,-1.0641915798187256,7.998930931091309,4.871823310852051,0.011359232477843761,0.09299999753634133,0.10199999729792276,-0.1836407631635666,0.023769617080688477,-0.20741038024425507,-2.9860405921936035,-14.85860538482666,0.7129640579223633,0.29368817806243896,2.277238368988037,0.0
0,101,None,False,"22,126,30,108,37,77,60,53,33,117",1.080025315284729,-2.3340489864349365,-1.008227825164795,-0.9574713110923767,7.998960971832275,6.093922138214111,0.0038115798961371183,0.0,0.0,0.0038115798961371183,0.021952509880065918,-0.01814093068242073,-0.1901753544807434,0.0,0.6917491555213928,0.3115522265434265,2.277238368988037,0.0
0,102,None,False,"22,126,30,108,37,77,60,53,33,117",0.9911553263664246,-2.1817922592163086,-1.076427698135376,-0.8993465304374695,7.999297142028809,4.651666641235352,0.004785758443176746,0.0,0.0,0.004785758443176746,0.011499404907226562,-0.006713646464049816,0.17368394136428833,0.0,0.6942469477653503,0.2939034104347229,2.277238368988037,0.0
0,103,None,False,"22,126,30,108,37,77,60,53,33,117",1.0415195226669312,-1.83903968334198,-0.9799158573150635,-1.091399908065796,7.999172687530518,5.250234603881836,0.017116164788603783,0.0,0.0,0.017116164788603783,0.011912226676940918,0.005203938111662865,0.5589567422866821,0.0,0.7964478731155396,0.2867162227630615,2.277238368988037,0.0
0,104,None,False,"22,126,30,108,37,77,60,53,33,117",1.0368938446044922,-1.9298670291900635,-0.9790383577346802,-0.9324967861175537,7.9993672370910645,3.5783653259277344,0.014233541674911976,0.0,0.0,0.014233541674911976,0.004590034484863281,0.009643507190048695,0.48651981353759766,0.0,0.7476245164871216,0.3534054756164551,2.277238368988037,0.0
0,105,None,False,"22,126,30,108,37,77,60,53,33,117",1.029523491859436,-2.1413686275482178,-1.1011600494384766,-0.734623372554779,7.99915075302124,4.881202220916748,0.006716495845466852,0.0,0.0,0.006716495845466852,0.004304409027099609,0.002412086818367243,0.3313698470592499,0.0,0.7088799476623535,0.37680548429489136,2.277238368988037,0.0
0,106,None,False,"22,126,30,108,37,77,60,53,33,117",1.0337411165237427,-1.886300802230835,-0.9874886870384216,-1.1123011112213135,7.999585151672363,5.450732707977295,0.03190113231539726,0.0,0.0,0.03190113231539726,0.011382818222045898,0.020518314093351364,0.6334254741668701,0.0,0.6928915977478027,0.3850482702255249,2.277238368988037,0.0
0,107,None,False,"22,126,30,108,37,77,60,53,33,117",1.1072475910186768,-1.9897090196609497,-1.0170186758041382,-1.0821024179458618,7.9992523193359375,3.8082544803619385,0.035924218595027924,0.0,0.0,0.035924218595027924,0.028179168701171875,0.007745049893856049,0.47305041551589966,0.0,0.8068522810935974,0.3823908567428589,2.277238368988037,0.0
0,108,None,False,"22,126,30,108,37,77,60,53,33,117",1.081861972808838,-1.9506299495697021,-1.0997166633605957,-0.8600435853004456,7.99932861328125,3.750425338745117,0.027225876227021217,0.0,0.0,0.027225876227021217,0.022061705589294434,0.005164170637726784,0.4255112409591675,0.0,0.7393589615821838,0.354775071144104,2.277238368988037,0.0
0,109,None,False,"22,126,30,108,37,77,60,53,33,117",0.9782859086990356,-2.0034689903259277,-1.1512795686721802,-0.941360592842102,7.999258518218994,4.02682638168335,0.0238206684589386,0.0,0.0,0.0238206684589386,0.02290356159210205,0.0009171068668365479,0.2391616553068161,0.0,0.8119438886642456,0.4120059609413147,2.277238368988037,0.0
0,110,None,False,"22,126,30,108,37,77,60,53,33,117",1.0205113887786865,-1.9461814165115356,-0.8753208518028259,-0.9252959489822388,7.999351501464844,4.001038074493408,0.014735233969986439,0.0,0.0,0.014735233969986439,0.014943480491638184,-0.00020824652165174484,-0.11040688306093216,0.0,0.7036015391349792,0.3448938727378845,2.277238368988037,0.0
0,111,None,False,"22,126,30,108,37,77,60,53,33,117",1.0386896133422852,-2.1275291442871094,-0.9999120831489563,-0.9799606204032898,7.999363899230957,2.673124074935913,0.0014200567966327071,0.0,0.0,0.0014200567966327071,0.005183577537536621,-0.003763520624488592,0.2214498668909073,0.0,0.7063860893249512,0.36567986011505127,2.277238368988037,0.0
0,112,None,False,"22,126,30,108,37,77,60,53,33,117",1.0644116401672363,-1.9261853694915771,-1.116968035697937,-0.9268807172775269,7.998931884765625,3.9137063026428223,-0.0035178721882402897,0.0,0.0,-0.0035178721882402897,0.0015915632247924805,-0.00510943541303277,0.23763014376163483,0.0,0.6107531785964966,0.31895846128463745,2.277238368988037,0.0
0,113,None,False,"22,126,30,108,37,77,60,53,33,117",1.0026137828826904,-2.0109641551971436,-1.0687611103057861,-0.8287439942359924,7.999523639678955,4.263897895812988,-0.0013891219859942794,0.0,0.0,-0.0013891219859942794,0.0036797523498535156,-0.005068874452263117,0.2558463215827942,0.0,0.561867892742157,0.23880615830421448,2.277238368988037,0.0
0,114,Schedule,True,"137,130,93,78,121,120,21,109,54,81",0.9746106863021851,-2.050645351409912,-1.12433660030365,-1.1126431226730347,7.99922513961792,5.881375312805176,0.006443798542022705,0.10333333333333332,0.11333333333333333,-0.21022287011146545,0.005321025848388672,-0.21554389595985413,-2.8600552082061768,-14.233514785766602,0.5188173055648804,0.27789127826690674,2.277238368988037,0.0
0,115,None,False,"137,130,93,78,121,120,21,109,54,81",1.0745218992233276,-1.8617795705795288,-0.9447616934776306,-0.9801017045974731,7.999496936798096,5.124340534210205,0.023853396996855736,0.0,0.0,0.023853396996855736,0.024676084518432617,-0.0008226875215768814,0.3141200840473175,0.0,0.5153249502182007,0.2925427556037903,2.277238368988037,0.0
0,116,None,False,"137,130,93,78,121,120,21,109,54,81",1.0315806865692139,-2.100898504257202,-1.095720648765564,-0.9333537817001343,7.999366283416748,4.294818878173828,0.03532906621694565,0.0,0.0,0.03532906621694565,0.031354427337646484,0.003974638879299164,0.3420039415359497,0.0,0.552743136882782,0.2280639410018921,2.277238368988037,0.0
0,117,None,False,"137,130,93,78,121,120,21,109,54,81",1.0289608240127563,-1.8654296398162842,-0.8548119068145752,-0.8257451057434082,7.9992852210998535,4.727529048919678,0.03210676461458206,0.0,0.0,0.03210676461458206,0.026105642318725586,0.006001122295856476,0.48009055852890015,0.0,0.4984343647956848,0.230078786611557,2.277238368988037,0.0
0,118,None,False,"137,130,93,78,121,120,21,109,54,81",1.0719547271728516,-2.16371488571167,-1.08286452293396,-0.7548277378082275,7.999096870422363,5.577435493469238,0.019687796011567116,0.0,0.0,0.019687796011567116,0.02117002010345459,-0.001482224091887474,0.3178204596042633,0.0,0.41718390583992004,0.23442864418029785,2.277238368988037,0.0
0,119,None,False,"137,130,93,78,121,120,21,109,54,81",1.0569267272949219,-2.1135661602020264,-0.832001805305481,-0.9575246572494507,7.9993462562561035,3.529202461242676,0.016944164410233498,0.0,0.0,0.016944164410233498,0.011930704116821289,0.0050134602934122086,0.42781707644462585,0.0,0.42961981892585754,0.24041524529457092,2.277238368988037,0.0
0,120,None,False,"137,130,93,78,121,120,21,109,54,81",1.0720795392990112,-2.0887715816497803,-1.126861572265625,-0.8925513029098511,7.999069690704346,4.688338756561279,0.018028074875473976,0.0,0.0,0.018028074875473976,0.009580612182617188,0.008447462692856789,0.5266907215118408,0.0,0.3840629756450653,0.2487870752811432,2.277238368988037,0.0
0,121,None,False,"137,130,93,78,121,120,21,109,54,81",1.1156820058822632,-1.9321236610412598,-0.648256242275238,-1.2633453607559204,7.99949312210083,5.24161434173584,0.012301182374358177,0.0,0.0,0.012301182374358177,0.008851408958435059,0.0034497734159231186,0.4326050281524658,0.0,0.3790532052516937,0.23582690954208374,2.277238368988037,0.0
0,122,None,False,"137,130,93,78,121,120,21,109,54,81",1.0678068399429321,-2.1095149517059326,-1.1591706275939941,-0.852257251739502,7.99943733215332,4.944437026977539,0.012812095694243908,0.0,0.0,0.012812095694243908,0.009927153587341309,0.0028849421069025993,0.37485527992248535,0.0,0.501838743686676,0.2384825050830841,2.277238368988037,0.0
0,123,None,False,"137,130,93,78,121,120,21,109,54,81",1.0767083168029785,-2.060119390487671,-1.1333975791931152,-0.6734762191772461,7.999163627624512,3.8660736083984375,0.014848476275801659,0.0,0.0,0.014848476275801659,0.014465689659118652,0.0003827866166830063,0.2885453701019287,0.0,0.5068613290786743,0.22933334112167358,2.277238368988037,0.0
0,124,None,False,"137,130,93,78,121,120,21,109,54,81",0.9798926711082458,-1.9984371662139893,-1.1378397941589355,-0.8951334953308105,7.9993205070495605,5.407380104064941,0.026531273499131203,0.0,0.0,0.026531273499131203,0.02477264404296875,0.0017586294561624527,0.257866233587265,0.0,0.5878148078918457,0.22722786664962769,2.277238368988037,0.0
0,125,None,False,"137,130,93,78,121,120,21,109,54,81",1.0639582872390747,-1.9571212530136108,-1.0486276149749756,-0.8868317604064941,7.999345779418945,4.066465854644775,0.030651962384581566,0.0,0.0,0.030651962384581566,0.024372220039367676,0.00627974234521389,0.43330517411231995,0.0,0.4810023307800293,0.2078588306903839,2.277238368988037,0.0
0,126,None,False,"137,130,93,78,121,120,21,109,54,81",0.9100631475448608,-2.160597085952759,-1.1587295532226562,-0.9514288902282715,7.9994096755981445,4.990720748901367,0.03624711558222771,0.0,0.0,0.03624711558222771,0.015082478523254395,0.021164637058973312,0.8040626049041748,0.0,0.5894690752029419,0.25085651874542236,2.277238368988037,0.0
0,127,None,False,"137,130,93,78,121,120,21,109,54,81",1.0335943698883057,-2.299673318862915,-1.017998456954956,-1.0107176303863525,7.999046802520752,6.050791263580322,0.07181322574615479,0.0,0.0,0.07181322574615479,0.02168118953704834,0.050132036209106445,1.1257821321487427,0.0,0.65107262134552,0.2543608546257019,2.277238368988037,0.0
